player_id,player_name,season_name,summer_year,target,transfer_probability,predicted_label,is_error
585536,Jonny Arriba,24/25,2025,1,0.9926339208314169,1,0
741295,Enrique Herrero,24/25,2025,0,0.9884845681022318,1,1
676422,Samuele Sorrentino,24/25,2025,1,0.9883389137107687,1,0
818150,Lorenzo Chiarella,24/25,2025,1,0.9808740823020012,1,0
538918,Sebastiano Esposito,24/25,2025,1,0.9804522153794143,1,0
715819,Kensly Vázquez,24/25,2025,1,0.9796066423045858,1,0
398742,Tommaso Spaviero,24/25,2025,1,0.9783887702242944,1,0
1054284,Riccardo Vesprini,24/25,2025,1,0.9778445924453939,1,0
796892,Samuel Ntamack,24/25,2025,1,0.9770409598152382,1,0
636127,Chus Villar,24/25,2025,1,0.9767168647848631,1,0
878402,Joseph Antoine Na'a,24/25,2025,1,0.9757584607900214,1,0
174915,Islam Slimani,24/25,2025,1,0.9727164234292259,1,0
806955,Dario Sits,24/25,2025,1,0.9720088236441394,1,0
1054922,Nico Njalla,24/25,2025,1,0.9709035196440641,1,0
931677,Miguel Carvalho,24/25,2025,1,0.9708019133482798,1,0
641204,Mohamed Ayman Sanat,24/25,2025,1,0.9707705613853336,1,0
817270,Alberto Centis,24/25,2025,1,0.9694847528916156,1,0
805954,Manuel Garavini,24/25,2025,1,0.9690258874353358,1,0
1041218,Asier Pérez,24/25,2025,1,0.9689742946906343,1,0
534174,Samuele Vianni,24/25,2025,1,0.9684188400493798,1,0
935740,Mattias Bonafede,24/25,2025,1,0.96753411816282,1,0
834737,Adri Miranda,24/25,2025,1,0.967449233767325,1,0
936733,Filippo Illipronti,24/25,2025,1,0.9673580971490935,1,0
1065246,Sergio Huecas,24/25,2025,0,0.9672929989689392,1,1
897617,Alessandro Torri,24/25,2025,1,0.9665857354817051,1,0
935738,Antonio Coppola,24/25,2025,0,0.9661659903246628,1,1
466810,Ansu Fati,24/25,2025,1,0.9648297217846615,1,0
1037696,Thomas Orfeini,24/25,2025,0,0.9642893602035416,1,1
935809,Tommaso Bocci,24/25,2025,1,0.9634365214314682,1,0
704469,Vincenzo Galletta,24/25,2025,1,0.9633959702146028,1,0
1308575,Giovanni Otero,24/25,2025,1,0.9628630761824809,1,0
995472,Gianmarco Di Biase,24/25,2025,1,0.9628186020449434,1,0
282810,Carles Pérez,24/25,2025,1,0.9624957876597647,1,0
951571,Bertony Renelus,24/25,2025,1,0.9622133430461125,1,0
430488,Edgar Sevikyan,24/25,2025,1,0.9621287602246951,1,0
937710,Edward Cedeño,24/25,2025,1,0.9620307027892796,1,0
860998,Azarias Londoño,24/25,2025,0,0.9619656497568425,1,1
933054,Enrico Morri,24/25,2025,1,0.9617491392528583,1,0
721526,Calal Hüseynov,24/25,2025,0,0.9594016741227771,1,1
567026,Anton Efremov,24/25,2025,1,0.9593086647053178,1,0
1124149,Jaime Requés,24/25,2025,1,0.9587313813839135,1,0
397411,Mirco Vassallo,24/25,2025,1,0.9587115380915849,1,0
917015,Fabio Torsiello,24/25,2025,1,0.9582253233864124,1,0
691678,Tommaso Fumagalli,24/25,2025,1,0.9573532926824974,1,0
1105883,Edoardo Caporello,24/25,2025,1,0.9572272816997106,1,0
976828,Matteo Di Paola,24/25,2025,1,0.9559793576986694,1,0
446457,Miguel Ángel Martínez,24/25,2025,1,0.955866971971398,1,0
956708,Loup-Diwan Gueho,24/25,2025,1,0.9554694186715571,1,0
1283657,Edoardo Pierfederici,24/25,2025,1,0.9553622856642778,1,0
984749,Leonardo Saito,24/25,2025,0,0.9546918188076715,1,1
1104393,Francesco Cinque,24/25,2025,1,0.954455939312853,1,0
1205018,Christian Iaiunese,24/25,2025,1,0.9539697615746946,1,0
1060722,Moha Bassele,24/25,2025,0,0.9532610098929052,1,1
509144,Alessio Pertosa,24/25,2025,1,0.9527735420702808,1,0
577741,Mattia Matese,24/25,2025,1,0.9518553106073335,1,0
743705,Douglas Sequeira,24/25,2025,1,0.951612921511944,1,0
610622,Urko Izeta,24/25,2025,0,0.9516079208300997,1,1
979760,Rayan Bamba,24/25,2025,1,0.9496774743911236,1,0
1067111,Alassan Manjam,24/25,2025,0,0.9488940690268753,1,1
937891,Francesco Raffaelli,24/25,2025,1,0.9488300988131357,1,0
1062862,Ephraim Yeboah,24/25,2025,1,0.9486947138728158,1,0
983196,Gaston Semenzin,24/25,2025,1,0.9485525371393809,1,0
1065451,Mikel Ansó,24/25,2025,1,0.9483801020698578,1,0
634116,Yoel Ramírez,24/25,2025,1,0.9476850526826353,1,0
575478,Xabier Zaldua,24/25,2025,1,0.9470421570631807,1,0
927107,Ni,24/25,2025,1,0.946917161597583,1,0
726526,Stefan Mitrović,24/25,2025,1,0.94649589740507,1,0
661369,Mateusz Chmarek,24/25,2025,1,0.9459388962075864,1,0
669915,Filippo Distefano,24/25,2025,1,0.9459067362680512,1,0
929799,Lorenzo Catania,24/25,2025,1,0.9456700987856244,1,0
701348,Gabriel Santoni,24/25,2025,0,0.9454699593231668,1,1
787136,Tommaso Carcani,24/25,2025,0,0.9445124051456835,1,1
961902,Neco Celorio,24/25,2025,1,0.9433562392492635,1,0
353173,Falou Samb,24/25,2025,1,0.9433331739276115,1,0
989819,Ivane Chegra,24/25,2025,1,0.9431152844655265,1,0
815652,Tiago Morais,24/25,2025,1,0.9428701424188126,1,0
678088,Luca Wollschläger,24/25,2025,1,0.9422753261378155,1,0
709591,Héctor Peña,24/25,2025,1,0.9422592183139299,1,0
951437,Lorenzo Boncompagni,24/25,2025,0,0.9420394129504053,1,1
818507,Andrea Sorrentino,24/25,2025,1,0.9420393448630736,1,0
897645,Thomas Brahja,24/25,2025,1,0.9419313652376622,1,0
495722,Devis Vásquez,24/25,2025,1,0.9407857209289734,1,0
125614,Sargis Adamyan,24/25,2025,0,0.9403004220655878,1,1
1055223,Isi Angulo,24/25,2025,1,0.9399503934459289,1,0
872380,Felix Afena-Gyan,24/25,2025,1,0.9398276138060444,1,0
1050738,Riccardo Rebaudo,24/25,2025,0,0.9395503494174039,1,1
167727,Andrea Belotti,24/25,2025,1,0.9388301544930159,1,0
529142,Daouda Beleme,24/25,2025,1,0.938709951961395,1,0
631068,Mike Cevallos,24/25,2025,1,0.9386565951513718,1,0
455374,Gianluca Bassano,24/25,2025,1,0.9377897057188678,1,0
634430,Israel Salazar,24/25,2025,1,0.9376901659793642,1,0
936183,Christian Corradi,24/25,2025,1,0.9374428626377915,1,0
821105,Davide Franzini,24/25,2025,1,0.9374310824931217,1,0
726669,Lubos Prazenka,24/25,2025,1,0.9373289866190551,1,0
401173,Jadon Sancho,24/25,2025,1,0.937244445794035,1,0
1154990,Miguel Pérez,24/25,2025,1,0.9370327427510915,1,0
936502,Matteo Zamarian,24/25,2025,1,0.936889134667284,1,0
420513,Lorenzo Babbi,24/25,2025,1,0.9368521601814569,1,0
780628,Oussama Chit,24/25,2025,1,0.9368145708366309,1,0
787256,Jesús Hernández,24/25,2025,1,0.9365907425583138,1,0
718203,Manu Rico,24/25,2025,0,0.9359645598708919,1,1
891971,João Marques,24/25,2025,0,0.9356224917426291,1,1
526011,Etxebe Pamies,24/25,2025,1,0.935523011947878,1,0
247377,Kevin Bonifazi,24/25,2025,0,0.9354425793902591,1,1
336963,Paolo Grillo,24/25,2025,0,0.9354101143742429,1,1
567489,Cuba,24/25,2025,1,0.9350653506508319,1,0
1028507,Óscar Vacas,24/25,2025,1,0.9345467019146022,1,0
459180,Riccardo Spaltro,24/25,2025,1,0.9344655386963265,1,0
1026659,Ale Morales,24/25,2025,1,0.9343584285883076,1,0
1064601,Edu Llorente,24/25,2025,1,0.934309114116088,1,0
932738,Emanuele Sichi,24/25,2025,1,0.9340123916909218,1,0
1225848,Álex Monerris,24/25,2025,1,0.9336817685191706,1,0
659705,Paulo Victor,24/25,2025,0,0.9335919363662828,1,1
710679,Iker Benito,24/25,2025,0,0.933532714979991,1,1
543771,Kristjan Asllani,24/25,2025,1,0.9330869596288089,1,0
834754,Ibai Sanz,24/25,2025,0,0.9330854405894576,1,1
1296397,Leonardo Ferrario,24/25,2025,0,0.9329322590044365,1,1
635937,Fran Moreno,24/25,2025,1,0.9328239491479229,1,0
1020749,Gabriel Rabanillo,24/25,2025,1,0.9327529481828453,1,0
995011,Jeremias Nunez,24/25,2025,1,0.9325929498732336,1,0
888182,Jorge Rastrojo,24/25,2025,1,0.9325000414375043,1,0
513057,Javi Bueno,24/25,2025,1,0.9320630936062434,1,0
928233,Younous Tassembedo,24/25,2025,1,0.9319523332477768,1,0
947449,Victor Lázaro,24/25,2025,1,0.9317493844012984,1,0
459009,Patrick Pasha,24/25,2025,1,0.9315239061854611,1,0
569368,Kelian Nsona,24/25,2025,1,0.9309946741682018,1,0
1162378,Ousmane Gueye,24/25,2025,1,0.9306934312837237,1,0
704234,Diego Fornari,24/25,2025,1,0.9305751802552306,1,0
718032,Stephane Keller,24/25,2025,1,0.929968053541736,1,0
188436,Luigi Canotto,24/25,2025,1,0.9299318325723269,1,0
707273,Brais Val,24/25,2025,1,0.9295442820918619,1,0
428746,Eric Ramírez,24/25,2025,1,0.9294588351142471,1,0
938726,Miguel Barandalla,24/25,2025,0,0.9293160280523722,1,1
542588,Alessandro Sorrentino,24/25,2025,1,0.929315883041858,1,0
348623,Mason Holgate,24/25,2025,1,0.9292019884403923,1,0
926643,Fernando Lesme,24/25,2025,1,0.9291853561547211,1,0
794115,Che Krabbendam,24/25,2025,1,0.9285687252327681,1,0
1065273,Sergio Pascual,24/25,2025,1,0.9281599905469254,1,0
818586,Alessandro Carnevale,24/25,2025,0,0.9280715055732649,1,1
797754,Ilario Porzi,24/25,2025,1,0.9280697523429969,1,0
864465,Giacomo Venturini,24/25,2025,1,0.9278648614808164,1,0
1041169,Tomás Silva,24/25,2025,0,0.9278004557708036,1,1
662327,Diego Rosa,24/25,2025,1,0.9274433059867397,1,0
610909,Oriol Martí,24/25,2025,1,0.9273379817274086,1,0
487840,Andrea Viviani,24/25,2025,1,0.9271942098197091,1,0
1059772,Mattia Parente,24/25,2025,1,0.9271713153340155,1,0
448705,Diant Ramaj,24/25,2025,1,0.9271170285895073,1,0
934208,Diego Voncina,24/25,2025,1,0.926396224066245,1,0
1183220,Andrea Collaro,24/25,2025,1,0.9263761670219837,1,0
814434,Gian Marco Fantoni,24/25,2025,1,0.9262925519418244,1,0
887254,Edu Gallardo,24/25,2025,0,0.9261830261800583,1,1
1101361,Andrea Toldo,24/25,2025,1,0.9261756004343922,1,0
1061262,Pedro Augusto,24/25,2025,1,0.9261718604375546,1,0
619464,Aboubacar Doumbia,24/25,2025,1,0.9260205644855258,1,0
1006089,Francesco Bova,24/25,2025,0,0.9257960033615416,1,1
728331,Roland Lehoczky,24/25,2025,0,0.9252633002292118,1,1
144304,Ognjen Ozegovic,24/25,2025,1,0.925152672792968,1,0
1035221,Lorenzo Brusca,24/25,2025,1,0.9248628301181083,1,0
815536,Edoardo Furini,24/25,2025,0,0.9247168637521249,1,1
987505,Alessandro Elia,24/25,2025,1,0.9242226400059483,1,0
911990,Ilyes Hamache,24/25,2025,1,0.9241542362466078,1,0
1077262,Andrea Pavanello,24/25,2025,1,0.9240095985178046,1,0
390084,Aleksa Marusic,24/25,2025,0,0.9239187562787852,1,1
1136037,Iker Ropero,24/25,2025,1,0.9237506131876914,1,0
930944,Tommaso Ghirardello,24/25,2025,1,0.9237127876522946,1,0
555076,Romain Faivre,24/25,2025,1,0.9235656075253607,1,0
1056096,Eghosa Bello,24/25,2025,1,0.9233339667404428,1,0
938431,Marko Kerkez,24/25,2025,1,0.9230481219960572,1,0
634452,Pablo García,24/25,2025,1,0.9227495700894957,1,0
731467,Simone Giorgeschi,24/25,2025,1,0.9225904297224284,1,0
284000,Carlos Júnior,24/25,2025,0,0.9223969037351448,1,1
1103113,Daniele Balba,24/25,2025,1,0.9222204921856582,1,0
632898,Rodri Val,24/25,2025,1,0.9219930784840118,1,0
614508,Adilson Silva,24/25,2025,1,0.9213923106089329,1,0
975689,Óscar Cortés,24/25,2025,1,0.9212647196138767,1,0
671693,Alberto Cristiano,24/25,2025,1,0.9211672112575676,1,0
626962,Ewan Urain,24/25,2025,1,0.921031882040403,1,0
1125701,Yago Rodríguez,24/25,2025,0,0.9208511933669122,1,1
723498,Daniel Hais,24/25,2025,1,0.920813265628784,1,0
618019,Andrej Pupovic,24/25,2025,0,0.9206031010011781,1,1
227081,Joaquín Correa,24/25,2025,1,0.9204412952736049,1,0
571116,Eyram Leveh,24/25,2025,1,0.9203483089270182,1,0
546627,Jacopo Pellegrini,24/25,2025,1,0.9201625976694062,1,0
872176,Matija Krivokapic,24/25,2025,1,0.9199684194612576,1,0
579304,Emmanuel Attipoe,24/25,2025,1,0.9199625788791193,1,0
1215994,Stefano Codraro,24/25,2025,1,0.919934979837696,1,0
646823,Mario Camero,24/25,2025,1,0.9198807824515002,1,0
1123002,Gerardo Agnelli,24/25,2025,0,0.9198438887931739,1,1
416371,Davide Zugaro,24/25,2025,1,0.9196498706910411,1,0
297649,Leonardo Rivoira,24/25,2025,0,0.9193318017611287,1,1
620393,Boubacar Coulibaly,24/25,2025,1,0.9192200804062667,1,0
633329,Adrián Garrido,24/25,2025,1,0.9189486768339763,1,0
898293,Yuri Maset,24/25,2025,1,0.9188968557595237,1,0
983843,Neneca,24/25,2025,1,0.9187364828031508,1,0
543051,Billal Brahimi,24/25,2025,1,0.9183881488990646,1,0
396638,Manor Solomon,24/25,2025,1,0.9183173139448837,1,0
1143878,Miguel Prieto,24/25,2025,1,0.91830847790087,1,0
1074917,Jonathan Silva,24/25,2025,1,0.9181694634468825,1,0
914880,Matteo Brezzo,24/25,2025,1,0.9176038955167285,1,0
600730,José González,24/25,2025,0,0.9174797866684108,1,1
415273,Trent Buhagiar,24/25,2025,1,0.9173978497028191,1,0
932354,Víctor Rodríguez,24/25,2025,1,0.9169556606980306,1,0
973665,Andrea Grilli,24/25,2025,1,0.9169010219992973,1,0
795791,Samuele Puglisi,24/25,2025,1,0.9167294908997494,1,0
705881,Mikel Serrano,24/25,2025,1,0.9167168243937653,1,0
639732,Raúl Sola,24/25,2025,1,0.9166443087619395,1,0
364136,Lorenzo Gavioli,24/25,2025,1,0.9165767605974072,1,0
1148854,Jon Arruabarrena,24/25,2025,1,0.9162976793024374,1,0
814349,Nicholas Fantoni,24/25,2025,0,0.9159322275841506,1,1
149729,João Mário,24/25,2025,1,0.9153411444593333,1,0
744934,Mathieu Patouillet,24/25,2025,1,0.9151926789462745,1,0
713637,David Santisteban,24/25,2025,1,0.9150555513894342,1,0
1065266,Ander Ibáñez,24/25,2025,1,0.9150410859008742,1,0
1050889,Alessandro Boi,24/25,2025,0,0.9149235150205264,1,1
876626,Finn Delap,24/25,2025,0,0.9148637678859494,1,1
1066212,Mladen Mutavčić,24/25,2025,1,0.9147513569549983,1,0
840760,Ignacio Schor,24/25,2025,0,0.9144766247325599,1,1
930791,Filippo Cecchini,24/25,2025,1,0.9142974396639121,1,0
980866,Talles Wander,24/25,2025,1,0.9142411820589548,1,0
895947,Manuel Cesari,24/25,2025,0,0.9139230216245955,1,1
951325,Antonio Del Gesso,24/25,2025,1,0.9134046340246066,1,0
397320,Luigi Palumbo,24/25,2025,1,0.9133185758781058,1,0
665348,Paolo Capogna,24/25,2025,1,0.9131413105908742,1,0
984708,Siren Diao,24/25,2025,1,0.9126933901046623,1,0
654511,Yuya Yoshimura,24/25,2025,1,0.912640997603599,1,0
733575,Ilies Faure,24/25,2025,1,0.9124829325511206,1,0
582949,Vangelis Nikokyrakis,24/25,2025,1,0.9123862581973833,1,0
1107994,Gabriel Obekpa,24/25,2025,0,0.9123386235591234,1,1
554251,Yasser Larouci,24/25,2025,1,0.9121992296158056,1,0
1279326,Othman Faridi,24/25,2025,0,0.9121669646246949,1,1
186945,Ignacio Varela,24/25,2025,0,0.912043815135558,1,1
710347,Alfonso Sepe,24/25,2025,1,0.912025115241747,1,0
903188,Dejvi Metaj,24/25,2025,1,0.9119410466897214,1,0
340262,Luca Donaggio,24/25,2025,1,0.9117072460805226,1,0
818381,Mark-Emilio Papazov,24/25,2025,0,0.9114668807343944,1,1
1045767,Pablo Muñoz,24/25,2025,1,0.9113697713200627,1,0
602987,Mario Subaric,24/25,2025,1,0.9110554085640873,1,0
358903,Leroy Kwadwo,24/25,2025,1,0.9108721784044989,1,0
162038,Raúl de Tomás,24/25,2025,1,0.9108416628298585,1,0
371607,Benito Cataldi,24/25,2025,0,0.9106435117038499,1,1
724178,Luis Hasa,24/25,2025,1,0.9106239133284786,1,0
1153922,Dylan Iglesias,24/25,2025,1,0.9106019939061769,1,0
463666,Antoine Baroan,24/25,2025,1,0.9100295120964137,1,0
840426,João Lima,24/25,2025,1,0.9099279925543589,1,0
668718,Vasilios Katsoulidis,24/25,2025,1,0.9098776515779258,1,0
366729,Nazariy Rusyn,24/25,2025,1,0.9095160109353134,1,0
937557,Francesco Costantini,24/25,2025,1,0.9093048304733093,1,0
1035300,Giovanni Cogo,24/25,2025,1,0.9091768837472599,1,0
685793,Raúl Pesca,24/25,2025,1,0.9089578314523469,1,0
549018,João Dias,24/25,2025,1,0.9088894363277193,1,0
956126,Ian Olivera,24/25,2025,1,0.9088486961769534,1,0
780818,Josan Gordo,24/25,2025,1,0.9086021384803132,1,0
704720,Cosimo Severi,24/25,2025,0,0.9079556022253741,1,1
700997,Matteo Sementa,24/25,2025,1,0.9079343223537599,1,0
888267,Ariel Herrero,24/25,2025,1,0.9076728380789235,1,0
396645,Goni Naor,24/25,2025,0,0.9075595251805095,1,1
962144,Unax del Cura,24/25,2025,1,0.9072901991122791,1,0
819083,Gabriele Costa,24/25,2025,1,0.9071427363030546,1,0
744728,Arijon Ibrahimovic,24/25,2025,1,0.9069260296896579,1,0
1088323,Javi Sola,24/25,2025,0,0.9068804417942091,1,1
1082519,Charlys,24/25,2025,1,0.9068176490384983,1,0
256682,Filippo Boccardi,24/25,2025,1,0.9068145924831785,1,0
933059,Tommaso Raineri,24/25,2025,1,0.9067895017151398,1,0
891922,Joel Priego,24/25,2025,1,0.9066520699589258,1,0
610370,Fran Pérez,24/25,2025,1,0.9061368514871846,1,0
65302,Pau Torres,24/25,2025,0,0.906135249500982,1,1
1075193,Andrea Casagni,24/25,2025,0,0.9059227817432559,1,1
1051262,Gabriele Massaro,24/25,2025,0,0.9058717069323929,1,1
708928,Sergio Chinchilla,24/25,2025,1,0.9055103684812202,1,0
659650,Demis Maugeri,24/25,2025,0,0.9052452078145046,1,1
1053571,Christian Cugnata,24/25,2025,1,0.9051012850412073,1,0
1056169,Lorenzo Giorgi,24/25,2025,1,0.9048660162204651,1,0
115763,Koray Günter,24/25,2025,1,0.9045957812869593,1,0
632929,Iván Castillo,24/25,2025,1,0.9044227181573171,1,0
435336,Óscar de Frutos,24/25,2025,0,0.9044041650129744,1,1
625630,Lorenzo Chiti,24/25,2025,1,0.9042682492913644,1,0
255995,Mario González,24/25,2025,1,0.9041219803428507,1,0
1168222,Malek El Mala,24/25,2025,0,0.9041157137440284,1,1
924776,Mattia Bifini,24/25,2025,1,0.9039856513808232,1,0
422459,Javier Belman,24/25,2025,0,0.903937693228225,1,1
340067,King Udoh,24/25,2025,1,0.9037969989681713,1,0
442425,Georgi Rusev,24/25,2025,1,0.9031811916899243,1,0
741098,César Yanis,24/25,2025,0,0.9031421996336143,1,1
429873,Lloyd-Addo Kuffour,24/25,2025,1,0.902932262143432,1,0
938179,Luca Gramignoli,24/25,2025,1,0.9026024464125911,1,0
670144,José Gallegos,24/25,2025,1,0.902600401603783,1,0
817127,Angelo Panarello,24/25,2025,1,0.9024360803103286,1,0
1068762,Dawda Dambelleh,24/25,2025,1,0.9023734853066155,1,0
580801,Layton Stewart,24/25,2025,1,0.9023616418045415,1,0
1189287,Aitor Galarza,24/25,2025,1,0.9023078180912535,1,0
496270,Gianmarco Cangiano,24/25,2025,1,0.902162833520122,1,0
254477,Joan Campins,24/25,2025,1,0.9017532151974629,1,0
1140529,Mattia Ferrari,24/25,2025,1,0.901667257084558,1,0
321976,Matko Kramer,24/25,2025,1,0.9014602529074889,1,0
1064538,Ali Houary,24/25,2025,1,0.9011604444390414,1,0
622236,Radek Vítek,24/25,2025,1,0.9008776909218126,1,0
875344,Leo Di Martino,24/25,2025,1,0.900701682557444,1,0
405687,Tom Krauß,24/25,2025,1,0.9004607625918597,1,0
1055933,Daniel Babaj,24/25,2025,1,0.9003854913874945,1,0
727578,David Astals,24/25,2025,1,0.9002472808642197,1,0
660878,Luca Bacchin,24/25,2025,0,0.9001383620589429,1,1
1290030,Niccolò Cavallotti,24/25,2025,1,0.8998815908422342,1,0
398270,Chris Gueye,24/25,2025,1,0.8996388360678236,1,0
446101,Fermín Ruiz,24/25,2025,1,0.8995932295411897,1,0
823331,Luca Gozzo,24/25,2025,0,0.8993657949468304,1,1
817045,Samuele Regazzetti,24/25,2025,1,0.8991564575415204,1,0
375299,Samuele Guddo,24/25,2025,1,0.8991147672670001,1,0
1243090,Ilya Vasin,24/25,2025,0,0.8990352358865026,1,1
986173,Pasquale Ruiz Giraldo,24/25,2025,1,0.8988961107680561,1,0
1068110,Rabby Nzingoula,24/25,2025,0,0.8987556756231105,1,1
537270,Louie Sibley,24/25,2025,0,0.8984942886967318,1,1
783882,César Gómez,24/25,2025,1,0.8984305339506299,1,0
717465,Laurin Ulrich,24/25,2025,1,0.8982555695027228,1,0
1176398,Edoardo Bettinelli,24/25,2025,1,0.8980042888408748,1,0
715330,Filippo Magnaldi,24/25,2025,0,0.8979984580091269,1,1
1049715,Alessandro Diana,24/25,2025,0,0.897979230852355,1,1
705401,Javi López,24/25,2025,1,0.897909830322802,1,0
1058982,Nicolò Sancinito,24/25,2025,1,0.8973718010950147,1,0
979083,David López,24/25,2025,1,0.8973693839728455,1,0
965726,Armengol Portoles,24/25,2025,1,0.8972425021542281,1,0
505653,Fábio Silva,24/25,2025,1,0.8972122693864696,1,0
960983,Agus Moreno,24/25,2025,1,0.8971707005044907,1,0
837890,Federico Ficini,24/25,2025,1,0.8970993217958176,1,0
1061820,Lorenzo Venturino,24/25,2025,0,0.8970685703522093,1,1
542720,Alessandro De Luca,24/25,2025,1,0.8970347056054521,1,0
634268,Javier Albín,24/25,2025,1,0.8969593103942282,1,0
738570,Alessio Spatari,24/25,2025,1,0.8969421296211819,1,0
700182,Facundo Pérez,24/25,2025,1,0.8969325322528552,1,0
917781,Matti Wagner,24/25,2025,1,0.8967830813240946,1,0
524011,David Nates,24/25,2025,1,0.8966689991977015,1,0
996478,Samuel Hodur,24/25,2025,0,0.8965960494603772,1,1
391066,Giuseppe Montaperto,24/25,2025,1,0.8964029224096818,1,0
411544,Sherwin Seedorf,24/25,2025,1,0.896385179506548,1,0
566658,Adolfo Romero,24/25,2025,1,0.8963408725489411,1,0
824887,Valentin Haberkon,24/25,2025,1,0.8962647509561069,1,0
182752,Marlon Frey,24/25,2025,1,0.8961582749480096,1,0
1173024,Nathan Fernandes,24/25,2025,0,0.8960869360508609,1,1
102413,Luca Zamparo,24/25,2025,1,0.8959710360581316,1,0
713523,Mateus da Silva,24/25,2025,1,0.8959550835637284,1,0
907688,Riccardo Spaggiari,24/25,2025,1,0.8957871255236283,1,0
647392,Scott Smith,24/25,2025,1,0.8957814183295802,1,0
363514,Tim Kips,24/25,2025,1,0.8956735660716957,1,0
672803,Bertuğ Yıldırım,24/25,2025,1,0.8956074237670623,1,0
536372,Rodrigo Tuninetti,24/25,2025,1,0.8954825067387319,1,0
945713,Marcos Moreno,24/25,2025,1,0.8953450522637935,1,0
417346,Jack Harrison,24/25,2025,0,0.8953068275535333,1,1
568719,Leonardo Agius,24/25,2025,1,0.8950994476121849,1,0
902107,Mahir Rizvanovic,24/25,2025,1,0.8950990654873837,1,0
1107626,Federico Giugno,24/25,2025,0,0.895039283907358,1,1
694674,Christian Farini,24/25,2025,1,0.8945253292791979,1,0
457973,Agustín Coscia,24/25,2025,1,0.8944918611488765,1,0
933098,Alessandro Latini,24/25,2025,1,0.8940604571541242,1,0
818130,Filippo Cinel,24/25,2025,0,0.8940124445445025,1,1
344806,Lubomir Tupta,24/25,2025,1,0.893924569887639,1,0
386825,Emanuele Presello,24/25,2025,0,0.8939084731873201,1,1
789792,Sergi Molina,24/25,2025,1,0.8938705099612547,1,0
975211,Nicolò Allasina,24/25,2025,0,0.8938285281260367,1,1
1054209,Mahamadou Baldé,24/25,2025,1,0.8934948036310876,1,0
226812,Gorka Santamaría,24/25,2025,1,0.8932938896352756,1,0
501196,Csaba Bukta,24/25,2025,1,0.8932655892310699,1,0
379877,Luis Henrique,24/25,2025,1,0.8928052585126278,1,0
227347,Valentin Antov,24/25,2025,0,0.892757383766244,1,1
947447,David Conejero,24/25,2025,1,0.8926175522794024,1,0
704683,Jordan Amore,24/25,2025,1,0.8924264046883139,1,0
1296876,Marc Domènech,24/25,2025,0,0.8923117848140569,1,1
1062967,Jon Merino,24/25,2025,1,0.8921126703695816,1,0
486031,Nico González,24/25,2025,1,0.8917575493685251,1,0
655525,Yeferson Paz,24/25,2025,0,0.8917099531901028,1,1
603680,Giorgio Bachini,24/25,2025,1,0.8916741319929491,1,0
783419,Álvaro García,24/25,2025,1,0.89162383041455,1,0
642757,Francesco Lo Celso,24/25,2025,0,0.8916189951333059,1,1
1116074,Gabriele Federico,24/25,2025,1,0.8915525281407514,1,0
814351,Filippo Scipione,24/25,2025,1,0.8912791148766744,1,0
904145,Guillem Naranjo,24/25,2025,1,0.8911196636925666,1,0
394777,Isaia Lattarulo,24/25,2025,1,0.891085625316413,1,0
1069869,Bruno Franco,24/25,2025,1,0.8909093554479096,1,0
924309,Samuele Zanini,24/25,2025,1,0.8906696007538235,1,0
846543,Noa Zuliani,24/25,2025,1,0.8900450986474013,1,0
733235,Goma,24/25,2025,0,0.8899624726760236,1,1
201734,Mamadou Kanoute,24/25,2025,0,0.8899399388241024,1,1
236734,Axel Werner,24/25,2025,1,0.8899148283533893,1,0
717960,Luis Sánchez,24/25,2025,0,0.8898576576617729,1,1
536158,David Ballarín,24/25,2025,1,0.8893928548280965,1,0
369707,Tomás Bolzicco,24/25,2025,0,0.8892909031471825,1,1
461727,Francesco Palermo,24/25,2025,1,0.8891951984207164,1,0
409550,Andrea Giusti,24/25,2025,1,0.8888162689690776,1,0
668277,Alan Godoy,24/25,2025,1,0.8887940269812501,1,0
202977,Luca Iotti,24/25,2025,0,0.8887233747213079,1,1
645774,Eren Dinkçi,24/25,2025,0,0.8887221187894866,1,1
999735,Leonardo Barsotti,24/25,2025,1,0.8884954627100107,1,0
965715,Lassina Kone Junior,24/25,2025,0,0.8883685328255077,1,1
524287,Robin Friedrich,24/25,2025,1,0.8880788301779339,1,0
533355,Adrià Gené,24/25,2025,1,0.8877367983055294,1,0
844755,Ekhiotz Orobio,24/25,2025,1,0.8877034506419753,1,0
1051905,Kira Yamamoto,24/25,2025,1,0.8874798705716136,1,0
1174327,Domiziano Tirelli,24/25,2025,1,0.8874106778801925,1,0
548903,Leonel Ferroni,24/25,2025,1,0.8873732432224959,1,0
525891,Jannick Buyla,24/25,2025,1,0.8871323058693574,1,0
1048582,Darius Fustos,24/25,2025,1,0.8871265256904179,1,0
361500,Isma Aizpiri,24/25,2025,1,0.8870401658135055,1,0
798371,Olamide Ibrahim,24/25,2025,1,0.8868058142563346,1,0
658546,Daniele Bolcano,24/25,2025,1,0.8864204185825527,1,0
1168219,Said El Mala,24/25,2025,0,0.8862015110380678,1,1
659713,Gerson Sousa,24/25,2025,1,0.8861781779461287,1,0
229337,Samuele Neglia,24/25,2025,1,0.8861308916863977,1,0
927904,Ethan Bouah,24/25,2025,1,0.8861163725257089,1,0
331376,Werick Caetano,24/25,2025,1,0.8859903310913415,1,0
818960,Filippo Pinton,24/25,2025,1,0.8859693626116117,1,0
341140,Nicolae Carnat,24/25,2025,1,0.8857520638049787,1,0
960001,Álvaro Martínez,24/25,2025,1,0.8855613215750263,1,0
1040480,Lorenzo Pasquale,24/25,2025,0,0.885480468139524,1,1
289149,Nicolás Orsini,24/25,2025,0,0.8853866892439016,1,1
935757,Daniel Holasek,24/25,2025,0,0.8852613017379494,1,1
571601,Federico Moraschi,24/25,2025,1,0.884724709929822,1,0
531973,Gianluigi Sueva,24/25,2025,1,0.8843469170749882,1,0
732439,Nico Magno,24/25,2025,1,0.8843321542373104,1,0
661711,Jonas Oehmichen,24/25,2025,0,0.8841384104835769,1,1
364380,Carlo Clemente,24/25,2025,1,0.8837740746954512,1,0
648520,Alex Vigo,24/25,2025,0,0.8837502521318364,1,1
707554,Fabio Lymann,24/25,2025,0,0.8837435448582821,1,1
548187,Alejandro Pérez,24/25,2025,1,0.8831698503063995,1,0
817128,Lorenzo Lo Duca,24/25,2025,0,0.8830436091922309,1,1
726120,Simon Simoni,24/25,2025,0,0.8829874497593316,1,1
486604,Vitezslav Jaros,24/25,2025,1,0.8829467366107582,1,0
959789,Gabriel Henin,24/25,2025,1,0.8827997666770274,1,0
820633,Coli Saco,24/25,2025,1,0.8825933513965266,1,0
1031968,Carlos Arauz,24/25,2025,1,0.8822267755423273,1,0
635344,Abraham del Moral,24/25,2025,1,0.8820954757484796,1,0
1055133,Óscar Gonpi,24/25,2025,1,0.88208261371453,1,0
309180,Jan Mlakar,24/25,2025,1,0.8820254476947808,1,0
1064546,Andres Labie,24/25,2025,1,0.8820039394988048,1,0
442767,Iñigo Muñoz,24/25,2025,1,0.8819732322449598,1,0
575564,Diego Larotonda,24/25,2025,1,0.8818283147311738,1,0
332527,Sveinn Aron Gudjohnsen,24/25,2025,0,0.8816886973926217,1,1
627829,Christian Bianchetti,24/25,2025,1,0.8815145010432752,1,0
1058399,Maximilian Ibrahimović,24/25,2025,1,0.8813132243456456,1,0
287870,Giuseppe Tedesco,24/25,2025,1,0.8812949208706127,1,0
1035760,Tommaso Pegoraro,24/25,2025,1,0.8812879978339726,1,0
657776,Denny Pucci,24/25,2025,1,0.8812220167161877,1,0
710089,Eduard Rusu,24/25,2025,0,0.880950355146827,1,1
888493,Alejo Veliz,24/25,2025,1,0.880786974895252,1,0
559130,Harrison Ashby,24/25,2025,0,0.8806978732514359,1,1
738108,Samuele Zona,24/25,2025,1,0.8806028445652174,1,0
839905,Kevin Sánchez,24/25,2025,1,0.8804741613593768,1,0
451389,Fabio Laringe,24/25,2025,1,0.8804421304755768,1,0
1048316,Kareem Ben-Kmayal,24/25,2025,1,0.880437500575068,1,0
1034471,Khalid Noureddine,24/25,2025,1,0.8803801047317302,1,0
628466,Isaiah Navarro,24/25,2025,0,0.8803529104888468,1,1
267674,Gabriel Colombatti,24/25,2025,0,0.8802778800267135,1,1
610369,Luis Hernáiz,24/25,2025,1,0.880233291874747,1,0
686808,Pietro Carcani,24/25,2025,1,0.8799228924397755,1,0
711635,Alexandro Fernández,24/25,2025,1,0.8799152727998085,1,0
735342,Athanasios Prodromitis,24/25,2025,1,0.879823465244774,1,0
601823,Davide Pirola,24/25,2025,0,0.8798082440455437,1,1
937952,Javier Fernández,24/25,2025,0,0.8794627277528528,1,1
824082,Alessandro Contessi,24/25,2025,1,0.879253357593287,1,0
704347,Antonio Pio Iervolino,24/25,2025,0,0.8791027041928116,1,1
672381,Jonathan Rowe,24/25,2025,1,0.8789634750390004,1,0
1058990,Edoardo Salvador,24/25,2025,1,0.8787825425364888,1,0
836493,Gonzalo Abrego,24/25,2025,0,0.8787754652197414,1,1
821044,Francesco Pio Cucciniello,24/25,2025,1,0.8787050624451255,1,0
637469,Zean Dalügge,24/25,2025,1,0.8785976755329226,1,0
982894,Eric Iglesias,24/25,2025,1,0.8785428999494563,1,0
965038,Jaime Escobar,24/25,2025,1,0.8783390151642302,1,0
711445,Gioacchino Catania,24/25,2025,1,0.8781607122450639,1,0
881542,Nene,24/25,2025,1,0.8780358320766648,1,0
704285,Elia Maccherini Tonini,24/25,2025,1,0.8778742678658816,1,0
632502,Adri Montalban,24/25,2025,1,0.8777277759383448,1,0
557264,Lorenzo Fino,24/25,2025,0,0.8776882633370646,1,1
1319849,Abdullah Mansour Al-Rashidi,24/25,2025,0,0.8775391961497883,1,1
212229,Halil Akbunar,24/25,2025,0,0.877460880653177,1,1
798419,Ferdinand Scholl,24/25,2025,1,0.877192086049595,1,0
1056144,Francesco Di Biagio,24/25,2025,1,0.8770978528445583,1,0
614719,Nicola Greco,24/25,2025,1,0.8769248484571635,1,0
263066,Francis Ferrón,24/25,2025,1,0.8767921651728616,1,0
1057696,Jesús Ares,24/25,2025,1,0.8765888743231306,1,0
457251,Gabriele Ingrosso,24/25,2025,1,0.876334591660976,1,0
627215,Gabriel Noga,24/25,2025,1,0.8761346070861211,1,0
576028,Thiago Almada,24/25,2025,1,0.8759427196063347,1,0
1053214,Alessandro De Luca,24/25,2025,1,0.8759008337840952,1,0
902125,Ziad Ouled-Haj-M'hand,24/25,2025,1,0.875664423315488,1,0
210143,Álex Gallar,24/25,2025,0,0.875473086479212,1,1
971006,Ayoub El Battioui,24/25,2025,1,0.8753111059192493,1,0
993516,Álvaro Domínguez,24/25,2025,1,0.8752352632809971,1,0
949077,Álex Alemán,24/25,2025,1,0.8751501561139143,1,0
1062513,Karlson Nwanege,24/25,2025,1,0.8749174051630507,1,0
65841,Josep Antoni,24/25,2025,1,0.8746307107804789,1,0
475736,Loren Fernández,24/25,2025,1,0.8745216388662256,1,0
531411,Esteban Orozco,24/25,2025,0,0.8743318115560013,1,1
1254491,Fran Sabina,24/25,2025,0,0.8743128267101764,1,1
546944,Taylor Gardner-Hickman,24/25,2025,1,0.8742927288366819,1,0
329517,Georgios Masouras,24/25,2025,1,0.8741917013880071,1,0
1066186,Víctor Mingo,24/25,2025,1,0.8741353003995945,1,0
120919,Giorgio Siani,24/25,2025,1,0.8740335267575425,1,0
596614,Federico Mencagli,24/25,2025,1,0.8739724272312831,1,0
1041547,Juan Cruz Cerrudo,24/25,2025,1,0.8739557971211624,1,0
435712,Andrei Cordea,24/25,2025,1,0.873916101363582,1,0
936185,Tobia Mogentale,24/25,2025,1,0.8737150402500037,1,0
691486,Filippo Di Natale,24/25,2025,1,0.8735823650323513,1,0
924308,Matteo Gualandris,24/25,2025,1,0.873553812489849,1,0
935173,Manuel Rosetti,24/25,2025,1,0.8733828139715736,1,0
1039738,Thiago Menna,24/25,2025,1,0.8732982124075591,1,0
815495,Daniel Matteucci,24/25,2025,0,0.873289455433624,1,1
396158,Carlos Cobo,24/25,2025,1,0.8731521182083969,1,0
342350,Francesco D'Orsi,24/25,2025,0,0.8731084942007892,1,1
930377,Omar Sillah,24/25,2025,1,0.8729809705215886,1,0
503004,Alessio Rizzo,24/25,2025,1,0.8729241441527058,1,0
940806,Isaac Mendes,24/25,2025,1,0.8729067303860752,1,0
392777,Jonathan Panzo,24/25,2025,1,0.8728213804134753,1,0
815541,Guglielmo Floridia,24/25,2025,1,0.8725633027937106,1,0
74230,Pablo Sarabia,24/25,2025,1,0.8723971269689272,1,0
939765,José Melro,24/25,2025,0,0.8723654511956687,1,1
534372,Javi Martín,24/25,2025,1,0.8722208949292127,1,0
1064660,Álvaro Calado,24/25,2025,0,0.8721135953250506,1,1
696619,Mattia Gaddini,24/25,2025,1,0.8719215544211496,1,0
610901,Cristiano Podestà,24/25,2025,1,0.8718373056038133,1,0
807836,Sandji Baradji,24/25,2025,1,0.8717864587326202,1,0
337310,Lamin Jallow,24/25,2025,1,0.8716715661752039,1,0
720037,Dani González,24/25,2025,1,0.8715593028774099,1,0
555719,Ali Akman,24/25,2025,1,0.8711658250913829,1,0
175416,Cristiano Ingretolli,24/25,2025,0,0.8711523514525304,1,1
814966,Agustín Sienra,24/25,2025,1,0.8711010855500011,1,0
812625,Agustín Álvarez,24/25,2025,1,0.8710456599836381,1,0
589459,Joseda Menargues,24/25,2025,1,0.8710311341235493,1,0
834492,Iker Varela,24/25,2025,1,0.8708379474613599,1,0
548729,Zeki Amdouni,24/25,2025,0,0.8706633564824934,1,1
495124,Brian Orosco,24/25,2025,0,0.8703222406352299,1,1
607729,Jean-Pierre Tiéhi,24/25,2025,1,0.8700137071717972,1,0
456874,Francesco De Caro,24/25,2025,1,0.8699109697245472,1,0
506855,Cyrill Akono,24/25,2025,0,0.8697394537621284,1,1
704719,Christian Maianti,24/25,2025,1,0.8696411818149581,1,0
924497,Lorenzo Orellano,24/25,2025,1,0.8694821164777705,1,0
670402,Dennis Ozara,24/25,2025,1,0.8692923461368207,1,0
538971,Naouirou Ahamada,24/25,2025,0,0.8691749042958198,1,1
704594,Danil Ankudinov,24/25,2025,1,0.8690271374844684,1,0
636737,Savio Piarulli,24/25,2025,1,0.868604241024911,1,0
953857,Jesse Bal,24/25,2025,1,0.8685035203699997,1,0
249121,Noah Sonko Sundberg,24/25,2025,1,0.8681779054057731,1,0
194549,Simy,24/25,2025,1,0.8679595057936929,1,0
704554,Santiago Muñóz,24/25,2025,0,0.8678888896384105,1,1
265078,Patrick Cutrone,24/25,2025,1,0.867797615478524,1,0
1185755,Samuele Sina,24/25,2025,1,0.8676686721025411,1,0
710275,Benji Núñez,24/25,2025,1,0.8676651374580434,1,0
421927,Adrian Rus,24/25,2025,1,0.8676054158381585,1,0
599153,Iñigo Alayeto,24/25,2025,0,0.8674488841448083,1,1
766764,Dani Lidueña,24/25,2025,1,0.8674227723343294,1,0
694141,Fynn Seidel,24/25,2025,1,0.8673785906166578,1,0
577738,Raffaele Fabiano,24/25,2025,1,0.867355503482864,1,0
441385,Gonzalo Maroni,24/25,2025,0,0.8673453776006843,1,1
421768,Alessandro Cortinovis,24/25,2025,0,0.8672765409809814,1,1
215649,Mirko Marić,24/25,2025,0,0.8669739672909291,1,1
315859,Gabriele Gori,24/25,2025,1,0.8668055040918982,1,0
958647,Ümit Akdağ,24/25,2025,0,0.8667951512402219,1,1
679680,Julian Bell,24/25,2025,1,0.8667040759663094,1,0
955427,Henry Camara,24/25,2025,0,0.8666605856349823,1,1
1052726,Edu Sánchez,24/25,2025,1,0.8665705391672601,1,0
532908,Matteo Bongiorni,24/25,2025,1,0.8663723562197859,1,0
536112,Luca Manca,24/25,2025,0,0.8663345482085937,1,1
660063,Cristian Esposito,24/25,2025,0,0.8662805064670509,1,1
754435,Rodrigo Callegari,24/25,2025,1,0.866276500606819,1,0
668275,Néstor Lucas,24/25,2025,1,0.8661436449837655,1,0
834491,Alejandro Rego,24/25,2025,1,0.8660372093493972,1,0
399779,Chuca,24/25,2025,1,0.8659814413242654,1,0
647955,Quadri Liameed,24/25,2025,1,0.8658593165912293,1,0
193994,Yves Baraye,24/25,2025,1,0.8656854950210008,1,0
1285016,Francesco Iuliano,24/25,2025,1,0.8656699426356983,1,0
1329019,Alessandro Ghisleri,24/25,2025,1,0.8653040721510983,1,0
459946,Carlo Alberto Tosi,24/25,2025,0,0.8652454009681155,1,1
929829,Dani Simón,24/25,2025,1,0.8650811336781044,1,0
1028509,Néstor García Martinoli,24/25,2025,1,0.8649128258202105,1,0
466799,Antonio Sola,24/25,2025,1,0.8646955785999169,1,0
296429,Manuel Wintzheimer,24/25,2025,1,0.8644958979595869,1,0
1055398,Hugo Matos,24/25,2025,1,0.8644916842796513,1,0
1281601,Leonardo Tassi,24/25,2025,1,0.8644549622135053,1,0
909482,Luke Kenny,24/25,2025,1,0.8643498974537709,1,0
730821,Julian Markvoort,24/25,2025,1,0.8638951533803377,1,0
834485,Unai Egiluz,24/25,2025,0,0.8637387408711056,1,1
1237768,Ignacio Casari,24/25,2025,1,0.8637213504686266,1,0
651269,Armin Gigovic,24/25,2025,1,0.8634559296939598,1,0
729178,Emmanuel Appiah,24/25,2025,1,0.8634376628516229,1,0
621824,Andrea Nesci,24/25,2025,1,0.8632063297193238,1,0
818536,Clemente Tartaro,24/25,2025,1,0.8631012089799454,1,0
672868,Pietro Giordani,24/25,2025,1,0.8629638319863168,1,0
389844,Marco Hoxha,24/25,2025,0,0.8627159645076663,1,1
349873,Juan Hernández,24/25,2025,1,0.8627116476234358,1,0
717640,Álex Altube,24/25,2025,1,0.862620488601818,1,0
229256,Guille Andrés,24/25,2025,1,0.8624344230699144,1,0
666614,Clement Ikenna,24/25,2025,0,0.8624241295887972,1,1
81173,Janis Blaswich,24/25,2025,1,0.8622395830515178,1,0
1055864,Simone Verdosci,24/25,2025,1,0.8619841172055652,1,0
389578,Thomas Bolis,24/25,2025,0,0.8616897219222558,1,1
199763,Sergio Garufi,24/25,2025,1,0.8616534571650504,1,0
1022385,Fabricio Oviedo,24/25,2025,0,0.8614994003848071,1,1
723771,Amadou Sarr,24/25,2025,1,0.8612416725435623,1,0
905013,Chilohem Onuoha,24/25,2025,0,0.8609820665174178,1,1
203052,Filippo Di Maira,24/25,2025,1,0.8609530523498788,1,0
338401,Ulrich Nnomo,24/25,2025,0,0.8608284053790343,1,1
628494,Carlos García,24/25,2025,1,0.8606982155410148,1,0
632872,Francisco Mwepu,24/25,2025,1,0.860448984707106,1,0
1065268,Álex Jimenez,24/25,2025,1,0.8602933900020193,1,0
1175869,Jesús Belza,24/25,2025,0,0.8602718477473085,1,1
429915,Maxim De Cuyper,24/25,2025,1,0.8602681620177444,1,0
662701,Joao Grimaldo,24/25,2025,0,0.8602222776289141,1,1
929864,Rafa Fernández,24/25,2025,1,0.8600812697249691,1,0
1126573,Richard Benko,24/25,2025,1,0.8598971144511824,1,0
709381,Iván Ramos,24/25,2025,1,0.8596202487512141,1,0
820599,Marco Rao,24/25,2025,0,0.8596202297024862,1,1
951832,Manuele De Min,24/25,2025,0,0.859476673899829,1,1
921610,Nestorly Lumbu,24/25,2025,1,0.8593735039838865,1,0
937224,Rubén Catalá,24/25,2025,1,0.8593524275476954,1,0
391138,Gioacchino Carullo,24/25,2025,1,0.859338254154513,1,0
710675,Nowend Lorenzo,24/25,2025,1,0.8592459929854132,1,0
894162,Aron Gjergji,24/25,2025,0,0.8592412968573688,1,1
341228,Juan Agüero,24/25,2025,1,0.8591941662654687,1,0
1012513,Gracien Deseri,24/25,2025,1,0.8587350033759328,1,0
925844,Umberto Morleo,24/25,2025,1,0.8581821309174882,1,0
946279,Javi Hernández,24/25,2025,0,0.8581546228095889,1,1
932746,Mattia Saltalamacchia,24/25,2025,1,0.8578243601557739,1,0
1157868,Ricardo Solbes,24/25,2025,1,0.8577428741610313,1,0
1153675,Pedro Ramos,24/25,2025,0,0.8575114237901219,1,1
464899,Alex Escardó,24/25,2025,1,0.8572459594805301,1,0
815546,Francesco Gioielli,24/25,2025,1,0.8571869274376288,1,0
196445,Dustin Corea,24/25,2025,1,0.8569837448752501,1,0
881175,Diogo Bebé,24/25,2025,0,0.8568120559121388,1,1
386829,Edoardo Bovolon,24/25,2025,1,0.8566223813129825,1,0
933720,Telmo Neves,24/25,2025,1,0.8563444924585208,1,0
979766,Mathis Lambourde,24/25,2025,1,0.8562832233712893,1,0
718036,Ato,24/25,2025,1,0.8562804053816948,1,0
460015,Kevin Buonavoglia,24/25,2025,1,0.8562209589849262,1,0
878507,Desmond Nketia,24/25,2025,1,0.8561255675687072,1,0
875334,Semih Kılıçsoy,24/25,2025,1,0.8560886490473616,1,0
1174331,Paolo Pisano,24/25,2025,1,0.8560520016590922,1,0
702911,Luis Asué,24/25,2025,1,0.855452646864628,1,0
699198,Carlos Cano,24/25,2025,1,0.8554155205218655,1,0
1118034,Hammam Al-Hammami,24/25,2025,1,0.8553998722635199,1,0
1218115,Oumar Conté,24/25,2025,1,0.8552789706058027,1,0
933052,Timothy Ansah Ekuban,24/25,2025,1,0.8552530008229314,1,0
838813,Abderahmane Soussi,24/25,2025,0,0.8551270231838316,1,1
1105550,Moussa Seck Ndoye,24/25,2025,1,0.855122165418333,1,0
597106,Luiz Gustavo,24/25,2025,1,0.8548069310547012,1,0
702662,Adrián Verde,24/25,2025,1,0.8547959020968007,1,0
1148697,Michal Kovacik,24/25,2025,0,0.8546831849353798,1,1
536811,Nicolò Milani,24/25,2025,1,0.8546333704207216,1,0
796726,Renato Júnior,24/25,2025,1,0.854257815449955,1,0
251882,Xiker Ozerinjauregi,24/25,2025,1,0.8541996799243695,1,0
1099652,Patrick Ouotro,24/25,2025,1,0.8541667802869846,1,0
375857,Kristijan Bistrovic,24/25,2025,1,0.8540907230517585,1,0
818850,Bilario Azizi,24/25,2025,1,0.8540307224128111,1,0
508153,Emmanuel Toku,24/25,2025,1,0.8539619844711873,1,0
522502,Emmanuel Odianose,24/25,2025,1,0.8539305063109468,1,0
371008,Roko Baturina,24/25,2025,1,0.8534966861997461,1,0
470128,Sam Dalby,24/25,2025,1,0.853437480024744,1,0
1179588,Yuzún Ley,24/25,2025,1,0.8532517105806787,1,0
935779,Mario Crasta,24/25,2025,1,0.8527898957045849,1,0
631050,Alfonso Liceras,24/25,2025,0,0.8527067271609191,1,1
783429,Unai Dufur,24/25,2025,1,0.8526763816359308,1,0
936027,Alessandro Pavanati,24/25,2025,0,0.8525914051797708,1,1
896234,Guillermo Balzi,24/25,2025,0,0.8525168051938979,1,1
979322,Álex Alonso,24/25,2025,1,0.8521186011342367,1,0
799138,Oliver Maric,24/25,2025,0,0.8521006210325466,1,1
217149,Antonio Marín,24/25,2025,0,0.8521001692534189,1,1
641665,Robert Starecek,24/25,2025,1,0.8519976612186885,1,0
613765,Gianmarco Antonacci,24/25,2025,1,0.8519753292944873,1,0
251680,Brandon Thomas,24/25,2025,1,0.8517935686645488,1,0
610383,Filippo Frison,24/25,2025,1,0.851468883458177,1,0
882980,Mattia Benvenuto,24/25,2025,1,0.8513930552926726,1,0
621277,Silvio Colella,24/25,2025,1,0.8512741805981657,1,0
1078990,Markel Arana,24/25,2025,1,0.851143206234744,1,0
1178721,Rafel Bauzà,24/25,2025,1,0.8509418847114723,1,0
729155,Eren Öztürk,24/25,2025,1,0.85076224504238,1,0
881298,Cornelius Olsson,24/25,2025,1,0.8505860850908432,1,0
668996,Joaquín Blázquez,24/25,2025,0,0.850578389529506,1,1
412927,Álvaro Arnedo,24/25,2025,1,0.8504487700911256,1,0
251432,Enock Barwuah,24/25,2025,1,0.8504194592434422,1,0
431408,Alessio Leveque,24/25,2025,1,0.850184261237345,1,0
817275,Filippo Mozzo,24/25,2025,0,0.8500468024539708,1,1
989453,Oussama El Goumiri,24/25,2025,1,0.8497949904902854,1,0
707221,Baptiste Rolland,24/25,2025,1,0.8497942895377212,1,0
816012,Gino Costanzo,24/25,2025,0,0.8496058366671955,1,1
796865,Lamine Sy,24/25,2025,1,0.8494532642908873,1,0
397850,Gabriele Gibilterra,24/25,2025,1,0.8494426887294391,1,0
1065779,Raúl Sanchís,24/25,2025,1,0.8493484105029147,1,0
628612,Aleix Roig,24/25,2025,1,0.8493319791794753,1,0
128036,Bright Addae,24/25,2025,0,0.849323081523649,1,1
617596,Mattia Cretti,24/25,2025,1,0.8492859825687231,1,0
361065,Mitchel Bakker,24/25,2025,0,0.8492090383886315,1,1
425031,Michalis Bousis,24/25,2025,1,0.8490121803411512,1,0
1326570,Matteo Zenoni,24/25,2025,1,0.8489535520894205,1,0
736340,Mattia Pretato,24/25,2025,0,0.8489051310137319,1,1
988862,Moustapha Cissé,24/25,2025,0,0.8488783672925845,1,1
398945,Miloš Bočić,24/25,2025,1,0.8488691927366243,1,0
636414,Jorge Sarmiento,24/25,2025,1,0.8488324608336586,1,0
344508,Remzifaik Selmani,24/25,2025,1,0.8487539648211175,1,0
1304447,Malik Odeyinka,24/25,2025,1,0.848584503866863,1,0
813057,Lorenzo Busato,24/25,2025,1,0.848442483247287,1,0
452192,Paul Grave,24/25,2025,1,0.8480411881531613,1,0
1249656,Amoako Minta,24/25,2025,1,0.8480253980145319,1,0
729937,Marco Teraschi,24/25,2025,1,0.848010372339494,1,0
168550,Andrea Brighenti,24/25,2025,1,0.8479220996871824,1,0
413477,Álex Gil,24/25,2025,1,0.8476885497547276,1,0
457107,Ángel López,24/25,2025,1,0.84740505155123,1,0
661135,Martín Bellotti,24/25,2025,1,0.8473619597095908,1,0
318799,Otis Khan,24/25,2025,1,0.847343522759907,1,0
623773,Kristoffer Lund,24/25,2025,1,0.8472426335458592,1,0
1061810,Karol Di Mauro,24/25,2025,0,0.8471717249584019,1,1
467241,Oleksandr Safronov,24/25,2025,1,0.8470602035872458,1,0
780908,Elmer Cardoza,24/25,2025,0,0.8470151111511924,1,1
620892,Arad Bar,24/25,2025,1,0.8468726449205224,1,0
454053,Daniele Trasciani,24/25,2025,1,0.846853608842693,1,0
816135,Pedro Lima,24/25,2025,1,0.8466248132769327,1,0
1056287,Pietro Pinelli,24/25,2025,0,0.8465332309457252,1,1
718314,Peter Olawale,24/25,2025,1,0.8465088808116181,1,0
701052,Bilal Kandoussi,24/25,2025,1,0.8464255416323464,1,0
268175,Jordi Ortega,24/25,2025,0,0.8462623321595808,1,1
715640,Juan Durán,24/25,2025,1,0.846177066438021,1,0
901736,Mario Sesè,24/25,2025,1,0.8461085897882261,1,0
512489,David Fondarella,24/25,2025,1,0.8458145622329366,1,0
163085,Michel Panatti,24/25,2025,0,0.8458143835014312,1,1
1318491,Samuele Dimatteo,24/25,2025,1,0.8455272879080541,1,0
419128,Bryan Mecca,24/25,2025,1,0.8454688123983317,1,0
1163461,Jack Shepherd,24/25,2025,0,0.8454115759364674,1,1
392313,Francesco Posocco,24/25,2025,1,0.8453525574433391,1,0
908946,Niklas Castelle,24/25,2025,1,0.8453217521806237,1,0
435337,Alfredo Sualdea,24/25,2025,1,0.8447711862736068,1,0
892421,Alex Quevedo,24/25,2025,0,0.844754309715291,1,1
668552,Darío Sarmiento,24/25,2025,1,0.8446463328579669,1,0
1334837,Jacobo de Oro,24/25,2025,0,0.8446252518298533,1,1
726670,Simon Micuda,24/25,2025,1,0.8443769683223303,1,0
1064543,Nordin Al Lal,24/25,2025,0,0.8442158765457303,1,1
181768,Hernani,24/25,2025,0,0.8441148199626483,1,1
168452,Gabriele Zerbo,24/25,2025,1,0.8440435115307032,1,0
687464,Franko Sabljic,24/25,2025,1,0.8440380851131135,1,0
1234011,Gabriele Casazza,24/25,2025,1,0.8440277562479118,1,0
1110406,Ibrahim Osman,24/25,2025,1,0.8439344168767976,1,0
240337,Antonio Arpino,24/25,2025,1,0.8437983359870593,1,0
99924,Tano Bonnín,24/25,2025,1,0.8434473012460834,1,0
1180339,Francesco Esposito,24/25,2025,1,0.8433527040807117,1,0
290806,Mattia Poletto,24/25,2025,1,0.8432891391610268,1,0
1123927,Tommaso Lagomarsino,24/25,2025,1,0.8430830473696396,1,0
529826,Emanuele Cigagna,24/25,2025,0,0.8429734268737078,1,1
341019,Güven Yalçın,24/25,2025,1,0.8429731641530723,1,0
995017,Octavio Casalongue,24/25,2025,1,0.8428582706952321,1,0
455824,Tommaso Scarrone,24/25,2025,1,0.8426455066057509,1,0
84377,Jonatan Gómez,24/25,2025,1,0.8423475612766516,1,0
1052288,Karim Cissé,24/25,2025,0,0.8423262353220156,1,1
877672,Ali Jasim,24/25,2025,1,0.8421914001761008,1,0
710672,Xabi Irurita,24/25,2025,0,0.8420190181201146,1,1
315856,Christian Capone,24/25,2025,1,0.8419646100640712,1,0
549758,Jurguens Montenegro,24/25,2025,1,0.8417596840680559,1,0
338107,Simone Rossetti,24/25,2025,0,0.8416892808740137,1,1
883283,Soule Sidibe,24/25,2025,0,0.8414639724311961,1,1
632349,Jarell Quansah,24/25,2025,1,0.8413838652981613,1,0
718579,Iván Martínez,24/25,2025,0,0.841331156188913,1,1
1291792,Agustín Juarez,24/25,2025,1,0.8411671988184654,1,0
1157383,Angelo Traini,24/25,2025,1,0.8411220390352802,1,0
833369,Amine Groune,24/25,2025,1,0.8410072074071566,1,0
566572,Oğuzhan Matur,24/25,2025,0,0.8408962499100455,1,1
737892,Renzo Orihuela,24/25,2025,0,0.8408918862265983,1,1
708634,Andrea Arpini,24/25,2025,0,0.8406969928266284,1,1
1283847,Mattia Panzera,24/25,2025,1,0.8404068480649984,1,0
783873,Álvaro López,24/25,2025,0,0.840255819712182,1,1
110316,Gerardo Strumbo,24/25,2025,0,0.8401660942612243,1,1
606572,Rubén Sanchidrián,24/25,2025,1,0.8401534228068342,1,0
221028,Foday Trawally,24/25,2025,0,0.8401328992385408,1,1
1120228,Endika Buján,24/25,2025,0,0.8400005777503273,1,1
55595,Benjamin Mokulu,24/25,2025,1,0.8399857845793478,1,0
938676,Filippo Scotti,24/25,2025,0,0.8399270056727056,1,1
1210422,Aboubacar Bassinga,24/25,2025,1,0.839924612631041,1,0
933555,Alessio Pozzoli,24/25,2025,0,0.8399141408049732,1,1
422400,Ezequiel Montagna,24/25,2025,1,0.8398779761466779,1,0
408287,Leonardo Moraschi,24/25,2025,1,0.83963942263515,1,0
692207,Dani Cervera,24/25,2025,1,0.8393513138505363,1,0
575498,Rave Assayag,24/25,2025,1,0.8393039977156119,1,0
486766,Aílson Tavares,24/25,2025,1,0.8390797094161764,1,0
337333,Alex Král,24/25,2025,0,0.8388551851266903,1,1
434433,Nikola Krstović,24/25,2025,1,0.838828154700447,1,0
190756,Juan Ramírez,24/25,2025,0,0.8387156040263747,1,1
627276,Antonio Leal,24/25,2025,1,0.838700826094378,1,0
632503,Adrià Mercadal,24/25,2025,0,0.8386563091180232,1,1
1054933,Daouda Doumbia,24/25,2025,1,0.8385831543519674,1,0
386833,Guido Variola,24/25,2025,0,0.8384023748819058,1,1
709214,Beñat Gerenabarrena,24/25,2025,1,0.8380764043202001,1,0
271495,Abdülkadir Ömür,24/25,2025,1,0.8380140373031754,1,0
368635,Juancho Victoria,24/25,2025,1,0.8379941828373066,1,0
476531,Joan Piera,24/25,2025,1,0.8379883960223201,1,0
391063,Filippo Chiti,24/25,2025,0,0.837971086753991,1,1
295868,Dragoș Nedelcu,24/25,2025,1,0.8378714395865274,1,0
834488,Aimar Duñabeitia,24/25,2025,0,0.8378076338179894,1,1
589456,Rafa Núñez,24/25,2025,1,0.837702379409622,1,0
490506,José Solbes,24/25,2025,1,0.8374595595585917,1,0
982018,Yerai Dávila,24/25,2025,1,0.8374500678057507,1,0
203167,Dimitrios Popovic,24/25,2025,0,0.8374215167489317,1,1
897668,Giacomo Gabbiani,24/25,2025,1,0.8372811736955594,1,0
1151716,Mounir Jebbar,24/25,2025,1,0.8372196699839839,1,0
627218,Txus Alba,24/25,2025,1,0.8368454367532393,1,0
408307,Francesco Delcarro,24/25,2025,1,0.8368236396352324,1,0
405885,Giacomo Raspadori,24/25,2025,1,0.8367531073382469,1,0
905015,Jon de Luis,24/25,2025,0,0.836738134954554,1,1
1052854,Axl Van Himbeeck,24/25,2025,0,0.836653050515549,1,1
245030,Milan Gajic,24/25,2025,0,0.8365512616167193,1,1
1069692,Álex Toper,24/25,2025,1,0.8363462942530798,1,0
460602,Franck Djoulou,24/25,2025,1,0.8362309072000936,1,0
704260,Eugenio Fusco,24/25,2025,1,0.8361706602611158,1,0
543390,Mamadou Traoré,24/25,2025,1,0.8360163479051154,1,0
776890,Nicolas Jackson,24/25,2025,1,0.8359027818868469,1,0
1056968,David Arredondo,24/25,2025,0,0.8357116129107807,1,1
115133,Ivan Pesic,24/25,2025,1,0.8356104062436079,1,0
686339,Daniil Polyanskiy,24/25,2025,1,0.8354665949950675,1,0
412959,Marouan Azarkan,24/25,2025,0,0.8353551344526702,1,1
359216,Richárd Nagy,24/25,2025,1,0.8351407633842365,1,0
625043,Oier López,24/25,2025,0,0.8344759282891482,1,1
274753,Carlos Gutiérrez,24/25,2025,1,0.8343976272378049,1,0
258246,Harun Alpsoy,24/25,2025,1,0.8343620724853325,1,0
745177,Nazim Babaï,24/25,2025,0,0.834329496939817,1,1
666918,Jordi Ortega,24/25,2025,1,0.8343019961504762,1,0
680322,Samuel Nnoshiri,24/25,2025,1,0.8342702393380004,1,0
638210,Mikel Zabala,24/25,2025,0,0.8342676657714037,1,1
935822,Vladyslav Nagrudnyi,24/25,2025,1,0.8339942257613501,1,0
1285999,John Batigi,24/25,2025,1,0.8339758317792498,1,0
1010862,Rhani Abdennour,24/25,2025,0,0.8339338826016391,1,1
624266,Ross McCausland,24/25,2025,1,0.8338953198873299,1,0
462251,Jorge Silva,24/25,2025,1,0.8338830656072137,1,0
631055,Alberto Quintana,24/25,2025,1,0.8337182239836224,1,0
1150430,Davide Sesti,24/25,2025,1,0.8336448227083132,1,0
497825,Guillaume Yenoussi,24/25,2025,0,0.8336212337374378,1,1
1171468,Ángel Gómez,24/25,2025,1,0.8335126253967322,1,0
707350,Max Scholze,24/25,2025,1,0.8335010715456834,1,0
164344,Simone D'Anna,24/25,2025,0,0.8334602038417789,1,1
934457,Riccardo Restelli,24/25,2025,1,0.833445484688506,1,0
711375,Asier Teijeira,24/25,2025,1,0.8330798027975951,1,0
937672,Joel Aubin Vidékon,24/25,2025,1,0.8330536761450781,1,0
614064,Jasper Moon,24/25,2025,0,0.8328650909759726,1,1
916332,Adolfo González,24/25,2025,1,0.8327055161689929,1,0
930586,Simone Milo,24/25,2025,1,0.8326189588137891,1,0
542716,Mario Corcione,24/25,2025,1,0.8325847036573748,1,0
1055075,Flavio Ferrari,24/25,2025,0,0.8325624963328827,1,1
345604,Toni Tasev,24/25,2025,1,0.8325288326380282,1,0
455275,Javi Soler,24/25,2025,1,0.8324988925397152,1,0
226181,Amir Bilali,24/25,2025,1,0.8324197063112432,1,0
572686,Pol Prats,24/25,2025,1,0.8320205425625816,1,0
230210,Lolo Plá,24/25,2025,1,0.8319360887044871,1,0
1175656,Thomas Diego Altomonte,24/25,2025,1,0.8317579853172143,1,0
830304,Gellért Dúzs,24/25,2025,0,0.8315591540578496,1,1
1086495,Edoardo Nunziati,24/25,2025,0,0.8314628503657335,1,1
600823,Daniele Favale,24/25,2025,1,0.8312844970089056,1,0
316937,Michele Spinelli,24/25,2025,1,0.8312608655265549,1,0
563135,Marc Lachèvre,24/25,2025,1,0.8311488035020453,1,0
1145118,El Hadji Macoumba Gningue,24/25,2025,0,0.8310891814455649,1,1
559805,Matthew Turner,24/25,2025,0,0.830980408357236,1,1
820694,Jacopo Atzeni,24/25,2025,1,0.8309620337642919,1,0
59615,Alessandro De Respinis,24/25,2025,1,0.8308516458469407,1,0
1061277,Germán García,24/25,2025,0,0.8306664819774349,1,1
848657,Luka Lecic,24/25,2025,0,0.8306524416104235,1,1
183298,Chris Long,24/25,2025,1,0.8304108953361972,1,0
734426,Lewis Shipley,24/25,2025,1,0.8302370345853481,1,0
617646,Crocefisso Cancelli,24/25,2025,1,0.8301716999056272,1,0
89708,Junior Fernandes,24/25,2025,1,0.8301690861195518,1,0
313113,Álex López,24/25,2025,0,0.8301103361641805,1,1
642270,Michelangelo Nieri,24/25,2025,1,0.8300918739780765,1,0
351158,Jesús Cruz,24/25,2025,0,0.8299074042901801,1,1
522669,Georgios Manousakis,24/25,2025,1,0.829895085063904,1,0
930891,Darío Germil,24/25,2025,1,0.829790992603731,1,0
520787,Ruan Teles,24/25,2025,1,0.8296506374284571,1,0
587700,Pascal Kokott,24/25,2025,1,0.8295776101064286,1,0
590204,Athanasios Leonidopoulos,24/25,2025,1,0.8294949078468672,1,0
575620,Mauricio Villalobos,24/25,2025,1,0.8294131424574338,1,0
616133,Mattia Tordini,24/25,2025,0,0.8293888483094555,1,1
745493,Umberto De Luca,24/25,2025,0,0.8293474033659741,1,1
216464,Carlos Fernández,24/25,2025,1,0.8293314655447918,1,0
842149,Kieren Flavell,24/25,2025,0,0.8293269705835885,1,1
346629,Isi Manellari,24/25,2025,1,0.8289812284681974,1,0
295420,Steven Prieto,24/25,2025,1,0.8287766024873365,1,0
1064122,Valen Gómez,24/25,2025,1,0.8287382469063618,1,0
393217,Mert Yılmaz,24/25,2025,1,0.828559703116209,1,0
286005,Julien Ngoy,24/25,2025,1,0.8284823214736782,1,0
573403,Bogdan Mandic,24/25,2025,1,0.8284769494049611,1,0
1070284,Emerick Lopes,24/25,2025,1,0.8284202574686927,1,0
706170,Fernando Romero,24/25,2025,1,0.8282225981157497,1,0
819326,Ismaila Badje,24/25,2025,1,0.828189445606917,1,0
1090074,Filippo Liberati,24/25,2025,1,0.8280913314666406,1,0
536346,Alessandro Miola,24/25,2025,1,0.8280512842006902,1,0
531829,Dani Escriche,24/25,2025,0,0.8280172803684539,1,1
343237,Malik Karaahmet,24/25,2025,0,0.827732843882503,1,1
1132749,Alex Sánchez,24/25,2025,0,0.8276795127033342,1,1
459953,Giacomo Manzari,24/25,2025,1,0.8276419036121283,1,0
610411,Stephen Buer,24/25,2025,1,0.8275091481648343,1,0
565242,José Manuel Raigal,24/25,2025,1,0.8274982897609227,1,0
548111,Álex Baena,24/25,2025,1,0.8274312928944926,1,0
394346,Emanuel Vignato,24/25,2025,1,0.8273164319105363,1,0
320426,Andrea Gulli,24/25,2025,1,0.8272128344741643,1,0
319231,Claudiu Micovschi,24/25,2025,0,0.8271331149995133,1,1
391401,Fisnik Zuka,24/25,2025,1,0.8271087958893577,1,0
1052283,Darling Bladi,24/25,2025,1,0.826987628312216,1,0
1019528,Charbel Wehbe,24/25,2025,1,0.826390924598512,1,0
895458,Adrián Pica,24/25,2025,1,0.8263530200255969,1,0
1159022,Mateus Lusuardi,24/25,2025,1,0.8262707157843748,1,0
725201,Nacho Pastor,24/25,2025,1,0.8262686609873674,1,0
372711,Amine Harit,24/25,2025,1,0.8262201628279382,1,0
975348,Joan Tincres,24/25,2025,0,0.8261641490206298,1,1
242063,Vaclav Cerny,24/25,2025,1,0.8261413459537901,1,0
271966,Mbaye Diagne,24/25,2025,1,0.825598391082796,1,0
297064,Francesco Bonfiglio,24/25,2025,1,0.8255970526419363,1,0
604105,Ole Hoch,24/25,2025,1,0.8253956402367756,1,0
735349,Rafail Sgouros,24/25,2025,1,0.8252965862108657,1,0
936696,Giuseppe Ferrante,24/25,2025,1,0.8252340721092204,1,0
639640,Genny Rondinella,24/25,2025,1,0.8252247973540777,1,0
634772,David Hernández,24/25,2025,1,0.8249178972332238,1,0
415550,Joaquín Ardaiz,24/25,2025,1,0.8247899796322905,1,0
65072,Juan Manuel Insaurralde,24/25,2025,0,0.8244698572807808,1,1
804906,Sebastiaan Hagedoorn,24/25,2025,0,0.8243320525250115,1,1
396646,Guy Dahan,24/25,2025,0,0.8242719771544157,1,1
797572,Stefan Lekovic,24/25,2025,0,0.8242626679435759,1,1
331838,Lorenzo Polvani,24/25,2025,0,0.8240534359940912,1,1
343475,Ben Godfrey,24/25,2025,1,0.8239558599150547,1,0
384761,Leonardo Sequeira,24/25,2025,0,0.8238601900392858,1,1
408253,Mattia Mauri,24/25,2025,1,0.823827530843776,1,0
244915,Oleksiy Zinkevych,24/25,2025,0,0.8237897778662997,1,1
771032,Andrés Rodríguez,24/25,2025,1,0.8237169085162588,1,0
634374,Macula,24/25,2025,1,0.823690054693344,1,0
895560,Manuel Esposito,24/25,2025,0,0.8236584508904216,1,1
827984,Mariano Carmona,24/25,2025,1,0.8235610244518713,1,0
1109812,Boston Billups,24/25,2025,1,0.8234589066592346,1,0
606128,Jacopo Cecconi,24/25,2025,1,0.8234350890216865,1,0
716898,Luka Hyryläinen,24/25,2025,1,0.8233151131158712,1,0
898020,Athanasios Dabizas,24/25,2025,1,0.8232381485324785,1,0
1088267,Lapo Accorsini,24/25,2025,1,0.8231541814800967,1,0
512123,Guillermo Alonso,24/25,2025,1,0.8230541708861124,1,0
395164,José Angulo,24/25,2025,1,0.8229948846203357,1,0
592925,András Huszti,24/25,2025,1,0.822972667376128,1,0
776303,Marco Pellegrino,24/25,2025,1,0.822487040050193,1,0
1188539,Giuseppe Coppola,24/25,2025,0,0.8224012324139989,1,1
935088,Dani García,24/25,2025,1,0.8223631556262373,1,0
719985,Pol Bassa,24/25,2025,1,0.8223056755100223,1,0
672881,Paolo Coly,24/25,2025,1,0.8221274572403375,1,0
634928,Paul Álvarez,24/25,2025,0,0.821484076739759,1,1
455830,Andrea Anselmo,24/25,2025,0,0.8214349705629682,1,1
395544,Pietro Tribelli,24/25,2025,0,0.8210302701317015,1,1
1191770,César Álvarez,24/25,2025,0,0.8209775936779785,1,1
938662,Elias Franco,24/25,2025,1,0.8209710906045355,1,0
613968,Evagoras Antoniou,24/25,2025,0,0.8209012337095821,1,1
331375,Kike Fabra,24/25,2025,1,0.8206259973405434,1,0
946275,Ian Forns,24/25,2025,1,0.8206254321529418,1,0
1078985,Rafaël De Palmas,24/25,2025,0,0.820588039044716,1,1
479709,Paolo Cannistrà,24/25,2025,1,0.8204131653955918,1,0
234787,Lucas João,24/25,2025,1,0.8203940869347817,1,0
699419,Karim El Kounni,24/25,2025,1,0.8202694568661952,1,0
396949,Massimiliano Montuori,24/25,2025,1,0.8201951037266143,1,0
494282,Mees Kreekels,24/25,2025,1,0.8201418819488066,1,0
99003,Odise Roshi,24/25,2025,1,0.8201358103265979,1,0
213035,Amadou Moutari,24/25,2025,1,0.8200814617905036,1,0
131257,Jonathan Moya,24/25,2025,1,0.8200798020504267,1,0
500782,Willy Vogt,24/25,2025,1,0.8200678209520084,1,0
936509,Daniel Tarko,24/25,2025,0,0.8198679797816879,1,1
185109,Ellis Harrison,24/25,2025,1,0.8198544796439539,1,0
355924,Luca Sparandeo,24/25,2025,1,0.8198142611816661,1,0
1059771,Filippo Vertua,24/25,2025,1,0.819701375822079,1,0
527788,Alex Hartridge,24/25,2025,1,0.8196993723603996,1,0
328850,Giorgio Recino,24/25,2025,1,0.8196130062879525,1,0
158623,Cyrus Christie,24/25,2025,1,0.8195615201901616,1,0
486098,Louis Hall,24/25,2025,1,0.8193494375379919,1,0
401268,Olamide Shodipo,24/25,2025,1,0.8192800631356658,1,0
636297,Joel Jiménez,24/25,2025,1,0.8191761119247206,1,0
557612,Sékou Mara,24/25,2025,1,0.8191395974684367,1,0
786827,Marius Wörl,24/25,2025,1,0.8190854076591985,1,0
947435,Pablo Moyá,24/25,2025,1,0.8189169026672947,1,0
624347,Nikola Janjic,24/25,2025,1,0.8183802516450814,1,0
890629,Emi Hernández,24/25,2025,1,0.8177381982959653,1,0
379872,Julen Monreal,24/25,2025,1,0.8177213227333371,1,0
863522,Diego Negro,24/25,2025,1,0.8176498593632773,1,0
993687,Lorenzo Biliboc,24/25,2025,1,0.8175954356349348,1,0
718307,Matías Segovia,24/25,2025,1,0.8175193407161362,1,0
995010,Santiago Frasson,24/25,2025,0,0.8171913021896166,1,1
888293,Carlos Mattheus,24/25,2025,1,0.8171243538389434,1,0
831699,Tiago Santos,24/25,2025,1,0.8170645716210982,1,0
396125,José Carlos Márquez,24/25,2025,1,0.8169430969299992,1,0
845313,Osman Foyo,24/25,2025,0,0.8169413816547613,1,1
397321,Paolo Lomasto,24/25,2025,1,0.8168000755731447,1,0
266217,Cristian Bunino,24/25,2025,1,0.8166836880953354,1,0
715690,Sergio Navarro,24/25,2025,0,0.8166752539262903,1,1
719426,Chemseddine Bekkouche,24/25,2025,1,0.8163203864054394,1,0
554859,Unai Marino,24/25,2025,1,0.8161721810863022,1,0
606552,Marco Rienhardt,24/25,2025,1,0.8160572252212657,1,0
677509,Jesse Randall,24/25,2025,0,0.8160073091167613,1,1
803377,Fromsa,24/25,2025,1,0.8159100113744282,1,0
826225,Gonzalo Calçada,24/25,2025,1,0.8158210552735827,1,0
331503,Alejandro Viedma,24/25,2025,1,0.8155722232714304,1,0
93853,Martin Kobylanski,24/25,2025,1,0.8154454994434761,1,0
221421,Kleis Bozhanaj,24/25,2025,1,0.8153333437048065,1,0
814528,Georgios Kosteas,24/25,2025,1,0.8149661644234542,1,0
511551,Joe Anderson,24/25,2025,0,0.8147321226526919,1,1
248337,Pablo Trigueros,24/25,2025,1,0.8146896054449573,1,0
709971,Xavi Moreno,24/25,2025,1,0.8145952138049348,1,0
783481,Keko Hevia,24/25,2025,1,0.8144692366697294,1,0
929887,Adam Sevinsky,24/25,2025,0,0.8143397252999388,1,1
1068036,Niccolò Abbà,24/25,2025,0,0.8141195194720952,1,1
541867,Pitu Doncel,24/25,2025,0,0.8140877545249698,1,1
497566,Goyo Medina,24/25,2025,1,0.8140860940662373,1,0
913944,Sergio Montes,24/25,2025,1,0.813850551506372,1,0
407098,Jakub Kaminski,24/25,2025,1,0.8134083277426395,1,0
619490,Gregorio Zanella,24/25,2025,1,0.8133966510603035,1,0
635940,Guille Bernabeu,24/25,2025,1,0.8131704041308282,1,0
431597,Johannes Sabah,24/25,2025,1,0.8129190475082094,1,0
929321,Karim L'Koucha,24/25,2025,1,0.812880757287149,1,0
386577,Federico Mastropietro,24/25,2025,1,0.8128326341722503,1,0
581113,Bryan Fiabema,24/25,2025,0,0.8126893482628944,1,1
527601,Niccolò Bigica,24/25,2025,1,0.8125468759760428,1,0
343289,André Bukia,24/25,2025,1,0.8124025663763423,1,0
937278,Filippo Turone,24/25,2025,0,0.8123207920309111,1,1
1205219,Andrea Prandini,24/25,2025,1,0.8121542868372833,1,0
1120845,Topo,24/25,2025,1,0.8119136758589294,1,0
690889,Máté Kotula,24/25,2025,1,0.8119114545632442,1,0
899271,Idumba Fasika,24/25,2025,1,0.811858690373758,1,0
323589,Dálcio,24/25,2025,1,0.8118191517491322,1,0
936689,Davide Collu,24/25,2025,1,0.8117549662620047,1,0
346237,Kabongo Tshimanga,24/25,2025,1,0.8117359334395784,1,0
74960,Martin Dúbravka,24/25,2025,1,0.8115574464911028,1,0
173750,Nouha Dicko,24/25,2025,0,0.8113763016594251,1,1
62049,Mame Diouf,24/25,2025,0,0.8113118450353469,1,1
69457,Richi de Souza,24/25,2025,0,0.8113028876055703,1,1
198005,Cristian Ponde,24/25,2025,1,0.8111238140411182,1,0
417516,Francesco Gobbi,24/25,2025,0,0.8109773067475967,1,1
495602,Moha Ramos,24/25,2025,1,0.8107177518920337,1,0
506470,Josh Bowler,24/25,2025,1,0.8103095828417913,1,0
719680,Kristi Montgomery,24/25,2025,0,0.8102639213691629,1,1
1187297,Nelson Zaba,24/25,2025,1,0.8102083268194138,1,0
216375,Felipe Avenatti,24/25,2025,1,0.8100629066164468,1,0
237226,Marvin Mehlem,24/25,2025,1,0.8100183942748574,1,0
943161,Fatjon Bunjaku,24/25,2025,1,0.8099019839667803,1,0
882765,Alessandro Borgo,24/25,2025,0,0.8098683673751608,1,1
1049833,Simone Mascheroni,24/25,2025,1,0.809831021251626,1,0
948047,Francesco Plaia,24/25,2025,1,0.8097646682787845,1,0
708001,Guille Perero,24/25,2025,1,0.8096684550644107,1,0
938677,Tommaso Mancioppi,24/25,2025,0,0.8095924355447095,1,1
802663,Samuele Rosini,24/25,2025,1,0.8095907323525502,1,0
400644,Jeredy Hilterman,24/25,2025,0,0.8095309463381513,1,1
383114,Gorka Pérez,24/25,2025,1,0.8094791060562586,1,0
397444,Marco Mosca,24/25,2025,1,0.8094780433821562,1,0
804028,Kevin Lebersorger,24/25,2025,1,0.8094696541581629,1,0
1083113,Gianni Vadacca,24/25,2025,1,0.8094301734697967,1,0
797756,Ariel Reinero,24/25,2025,1,0.8093842142064922,1,0
500298,Antonio Figliola,24/25,2025,1,0.8093357613275645,1,0
154819,Kwasi Wriedt,24/25,2025,1,0.8093061521674452,1,0
435808,Lazare Amani,24/25,2025,1,0.8091486041596374,1,0
189157,Vasilios Papadopoulos,24/25,2025,0,0.8090510679609753,1,1
345087,Fatjon Jusufi,24/25,2025,0,0.8090190484269141,1,1
898885,Manolis Faitakis,24/25,2025,0,0.8088745681984725,1,1
946282,Isaac Obeng,24/25,2025,1,0.8088722287841672,1,0
981742,Adilson,24/25,2025,1,0.8087715913583857,1,0
1058858,Andrea Di Siena,24/25,2025,0,0.808744729507151,1,1
543779,Patrik Posztobányi,24/25,2025,1,0.8086798848443888,1,0
961948,Marcos Fernández,24/25,2025,1,0.8084588871386446,1,0
960024,Gabriele Fresia,24/25,2025,1,0.8084570781007262,1,0
1031510,Eric Topór,24/25,2025,0,0.8083651679048864,1,1
734736,Hassimi Fadiga,24/25,2025,1,0.808191079155926,1,0
455924,Davide Cortinovis,24/25,2025,1,0.808098398272201,1,0
705080,Mattia Codromaz,24/25,2025,0,0.8078233505568351,1,1
238950,Francesco Di Mariano,24/25,2025,1,0.8077174980956785,1,0
549069,Diego Altube,24/25,2025,1,0.807700012505226,1,0
490616,Sergio Nieto,24/25,2025,1,0.8076371456884749,1,0
554463,Gustavo Souza,24/25,2025,1,0.8075573017257048,1,0
297731,Enrico Bearzotti,24/25,2025,0,0.8075188273618701,1,1
872502,Mattia Alessio,24/25,2025,0,0.8074788378668636,1,1
579287,Daniel Svensson,24/25,2025,1,0.8074544928947526,1,0
358011,Giorgio Losa,24/25,2025,0,0.8074320188649516,1,1
308560,Jhon Murillo,24/25,2025,1,0.8070563739844453,1,0
284055,Tim Kießling,24/25,2025,1,0.8069537205625908,1,0
1169515,Alex Garzón,24/25,2025,1,0.8069338797299748,1,0
707575,Joan Salvá,24/25,2025,1,0.8067492441027219,1,0
924901,Halid Djankpata,24/25,2025,1,0.8066491458694097,1,0
304225,Dimitrios Mavrias,24/25,2025,1,0.8065846991619054,1,0
491026,Alexander Satariano,24/25,2025,1,0.806478690267685,1,0
670859,Antwoine Hackford,24/25,2025,1,0.8062347460786207,1,0
867909,Harry Vaughan,24/25,2025,0,0.8061245404660669,1,1
1086493,Alessio Manetti,24/25,2025,0,0.8061197550764037,1,1
818088,Leandro Godoy,24/25,2025,1,0.806080301501832,1,0
470324,Juan Bauzá,24/25,2025,1,0.8060571285771339,1,0
198300,Marco Moras,24/25,2025,0,0.8059617439596605,1,1
936745,Ismaël Konaté,24/25,2025,0,0.805841057099671,1,1
621770,Matías Vesprini,24/25,2025,1,0.8057945681407679,1,0
340447,Emanuele Spinozzi,24/25,2025,0,0.8056297811539803,1,1
337781,Arturo Molina,24/25,2025,1,0.8056003813194894,1,0
988986,Lorenzo Biagioni,24/25,2025,1,0.8054114085026677,1,0
170914,Thibaut Peyre,24/25,2025,1,0.8052616633598356,1,0
1183411,Karel Pérez,24/25,2025,1,0.8051904243169085,1,0
631015,Jakov Katusa,24/25,2025,1,0.8051889436587097,1,0
459128,Marco Brescianini,24/25,2025,1,0.8051449951536817,1,0
1181800,Davide Lauritano,24/25,2025,1,0.8049793042003477,1,0
634105,Alberto Marí,24/25,2025,1,0.8049658822491214,1,0
148928,Saúl Ñíguez,24/25,2025,1,0.8048466264295216,1,0
520626,Gabriel Furtado,24/25,2025,1,0.8048329182864209,1,0
1027170,Adam Horvat,24/25,2025,0,0.8048077899909538,1,1
945701,Dani Clavijo,24/25,2025,0,0.80479888802798,1,1
933253,Bernie Lennemann,24/25,2025,0,0.8047115946527712,1,1
246836,Momcilo Raspopovic,24/25,2025,1,0.8045849909935223,1,0
808651,Emirhan Acar,24/25,2025,1,0.8044944396884911,1,0
295082,Jon Sillero,24/25,2025,0,0.8044475629932852,1,1
663940,Riccardo Tomella,24/25,2025,0,0.8044450826571258,1,1
613727,Lorenzo Lombardi,24/25,2025,1,0.8043245333660018,1,0
678783,Yevgen Pidlepenets,24/25,2025,1,0.8042537912317334,1,0
98854,Leonardo Pérez,24/25,2025,0,0.8038303358787298,1,1
610572,Ronald Gbizie,24/25,2025,1,0.8038290275646236,1,0
567476,Gabriele Berto,24/25,2025,0,0.8037984068306728,1,1
1020226,Luka Callø,24/25,2025,1,0.803624817966383,1,0
461843,Juan Berrocal,24/25,2025,1,0.803400121595219,1,0
834767,Loren Sánchez,24/25,2025,1,0.8032635147929267,1,0
312932,Eraldo Cinari,24/25,2025,1,0.802861491341688,1,0
1308605,Giovanni Severino,24/25,2025,1,0.8027868463030036,1,0
217918,Aleksandar Damcevski,24/25,2025,0,0.8027683672114583,1,1
1055874,Manex Gibelalde,24/25,2025,1,0.8025581280445543,1,0
1060196,Claudio Giardino,24/25,2025,1,0.8025124642286894,1,0
439828,Cristian Pădurariu,24/25,2025,0,0.8023817071281726,1,1
594273,Jeremy Antonisse,24/25,2025,1,0.8023529165731932,1,0
998686,José Naranjo,24/25,2025,1,0.8021372428675592,1,0
933350,Tincho Conde,24/25,2025,1,0.8021224821404573,1,0
930165,Andrea Piazza,24/25,2025,0,0.8020750604729904,1,1
481344,Alessandro Russo,24/25,2025,1,0.8020141739921002,1,0
260543,Nemanja Nikolic,24/25,2025,1,0.8020070371439653,1,0
837085,Azeez Oseni,24/25,2025,1,0.8017883360210816,1,0
891439,Javier Duce,24/25,2025,0,0.8015876965378619,1,1
832977,Juan Cruz Guasone,24/25,2025,0,0.801567060637463,1,1
632921,Mario Riquelme,24/25,2025,0,0.8014223950244569,1,1
1065483,Moussa Seck,24/25,2025,0,0.801398136654448,1,1
824200,Franco de Jesús,24/25,2025,1,0.8012028057738917,1,0
285973,Juanmi Heredero,24/25,2025,1,0.8011127354655577,1,0
1061281,Carlos Reina,24/25,2025,0,0.8011005675264684,1,1
548590,Najm Shwan,24/25,2025,1,0.8010661726663156,1,0
983491,Matteo Corsa,24/25,2025,1,0.8010519850180187,1,0
1065761,Guilherme Neiva,24/25,2025,1,0.8010233898389109,1,0
667061,Simone Maglieri,24/25,2025,1,0.8006713031731203,1,0
411838,Bruno Viana,24/25,2025,1,0.8004757469281373,1,0
386065,Giuseppe D'Iglio,24/25,2025,1,0.8004528940194148,1,0
308367,José Antonio Soler,24/25,2025,1,0.8004336923704517,1,0
395842,Franklyn Akammadu,24/25,2025,1,0.800277242504215,1,0
490763,Kalvin Ketu,24/25,2025,0,0.8002767692031726,1,1
796236,Zalán Debreceni,24/25,2025,1,0.8002699585792451,1,0
935499,Lucas Pérez,24/25,2025,1,0.8001619585409345,1,0
636318,Chus Ruiz,24/25,2025,1,0.8000664579036821,1,0
311328,Nicholas Bensaja,24/25,2025,0,0.799846460514207,1,1
891919,Jaime González,24/25,2025,1,0.7997915065263267,1,0
455932,Lars Gindorf,24/25,2025,1,0.7997549541087099,1,0
628490,Genar Fornés,24/25,2025,1,0.7996224854210011,1,0
644557,Willi Reincke,24/25,2025,1,0.7995503203424664,1,0
198084,Marco Frediani,24/25,2025,0,0.7995218921761109,1,1
1064128,Víctor Sala,24/25,2025,1,0.7994319125955873,1,0
409896,Chinaecherem Ibe,24/25,2025,1,0.7994143799329394,1,0
882772,Álvaro Bastida,24/25,2025,1,0.7993363771662124,1,0
539131,Alessio Brambilla,24/25,2025,1,0.7991215248353745,1,0
466813,Miguelete,24/25,2025,0,0.7990298371755071,1,1
707303,Samuele Lovaglio,24/25,2025,1,0.7988269076560145,1,0
369908,Giuseppe Lauria,24/25,2025,1,0.7986947601846208,1,0
938722,Oier Gastesi,24/25,2025,1,0.7986731411524735,1,0
89756,Yashir Islame,24/25,2025,0,0.7986660898296634,1,1
357868,Benjamin Kabeya,24/25,2025,0,0.7986373465368747,1,1
929746,Leonardo Di Tommaso,24/25,2025,1,0.7986301433601882,1,0
493000,Sebastián Villa,24/25,2025,0,0.7984476744939227,1,1
386294,Stefano Chiariello,24/25,2025,1,0.7979746798350169,1,0
860051,Ayoub Amraoui,24/25,2025,1,0.7978933037550898,1,0
582406,Marian Smatlak,24/25,2025,0,0.7974230378387451,1,1
935576,Hagan Frimpong,24/25,2025,1,0.7972534061996895,1,0
979625,Paulo Vitor,24/25,2025,1,0.7972141904431296,1,0
399399,Jacopo Succi,24/25,2025,1,0.7968921266834341,1,0
604486,Mihailo Trkulja,24/25,2025,1,0.7968581811930298,1,0
1056753,Davide Finizio,24/25,2025,1,0.7965701984957999,1,0
583767,Semir Telalovic,24/25,2025,1,0.7965649061686487,1,0
99348,Antonio Amaro,24/25,2025,1,0.7963769893208418,1,0
820938,Alessandro Silano,24/25,2025,1,0.7962673968103978,1,0
642521,Leonardo Marchi,24/25,2025,0,0.7962659678523623,1,1
670711,Diogo Pinto,24/25,2025,1,0.7962356926520647,1,0
662808,Rodney Elongo-Yombo,24/25,2025,1,0.7961631418093549,1,0
371927,Caíque Lemes,24/25,2025,0,0.7958335848513854,1,1
568153,Cristian Delgado,24/25,2025,0,0.7958254039847853,1,1
741287,Diego Rosado,24/25,2025,1,0.7958217119042096,1,0
340425,Zan Medved,24/25,2025,1,0.7955315629072618,1,0
745608,Noel Werner,24/25,2025,1,0.7954262389169678,1,0
340325,Reiss Nelson,24/25,2025,1,0.7952012035526579,1,0
977753,Giuseppe Balzano,24/25,2025,0,0.7951260568322353,1,1
614546,Sergio León,24/25,2025,1,0.794959773337236,1,0
810067,Louis Mouquet,24/25,2025,1,0.7949410902495255,1,0
538073,Romain Matthys,24/25,2025,1,0.7948091306367192,1,0
417830,Antonio Ferrara,24/25,2025,1,0.7946443099090876,1,0
342876,Didier Desprez,24/25,2025,1,0.7946014014318532,1,0
443697,Giuliano Alma,24/25,2025,0,0.7944056318126786,1,1
309977,Samuel Ballet,24/25,2025,1,0.7942711780711194,1,0
830912,Balázs Varga,24/25,2025,1,0.7939978705436411,1,0
537436,Ludovico Ricci,24/25,2025,1,0.7938798882656216,1,0
533506,Lazar Vujanic,24/25,2025,1,0.7938764823805314,1,0
1055225,Arthur Inaka,24/25,2025,1,0.7935808516444689,1,0
614086,Fábio Tavares,24/25,2025,1,0.7933710788646338,1,0
163374,Aboubakar Bakayoko,24/25,2025,1,0.7933635894391767,1,0
282921,Daniele Casella,24/25,2025,1,0.7932759310191867,1,0
312245,Ryan Moon,24/25,2025,1,0.7932696440081498,1,0
942889,Jawad El Jemili,24/25,2025,1,0.7929825293656896,1,0
379224,Kevin Presa,24/25,2025,1,0.7928645463038665,1,0
1063856,Abdoulaye Traoré,24/25,2025,0,0.792637247734727,1,1
1091219,Abdoulaye Kanté,24/25,2025,1,0.7926347967870074,1,0
938509,Igor Nikic,24/25,2025,1,0.7925359567755466,1,0
280833,Matteo Cericola,24/25,2025,1,0.7925015293060639,1,0
409571,Mattia Mencagli,24/25,2025,1,0.7922705680135025,1,0
632893,Javi Hernández,24/25,2025,1,0.7920763288887581,1,0
1114719,Mario Cantero,24/25,2025,0,0.7918222567337161,1,1
544258,Elios Minaj,24/25,2025,0,0.7916873995083875,1,1
618806,Alfredo Pedraza,24/25,2025,1,0.7916651555125077,1,0
682225,Ahmad Assaf,24/25,2025,1,0.7916332497308147,1,0
569373,Isaac Solet,24/25,2025,0,0.7915895412247017,1,1
682103,Adrián Lledó,24/25,2025,1,0.7913667951687088,1,0
820678,Emanuele Zucco,24/25,2025,1,0.7913628324880702,1,0
381752,Alfonso Candelas,24/25,2025,0,0.7912983803177308,1,1
543725,Ákos Zuigéber,24/25,2025,1,0.7912144748948633,1,0
167854,Matteo Meucci,24/25,2025,0,0.791134827699692,1,1
1288196,Gabriel Cantonati,24/25,2025,1,0.7908647945480148,1,0
708315,Jakub Hrustinec,24/25,2025,1,0.7908194010946961,1,0
1054346,Antonio Delaj,24/25,2025,1,0.7907226289095539,1,0
179757,Maximiliano Olivera,24/25,2025,0,0.7907149916771619,1,1
303182,Nazareno Battista,24/25,2025,0,0.7905620446973917,1,1
667997,Bilal Ouacharaf,24/25,2025,1,0.7903945585099488,1,0
926839,Ivan Sulev,24/25,2025,0,0.790247365595057,1,1
634106,Urko Collado,24/25,2025,0,0.7901875946238647,1,1
670362,Esmeraldo Kondaj,24/25,2025,1,0.7901527493748548,1,0
481623,João Ferreira,24/25,2025,1,0.789898674513231,1,0
711371,Igor Irazu,24/25,2025,1,0.7897591442280223,1,0
718668,Tala,24/25,2025,0,0.7896361314454315,1,1
1160320,Oscar Moreso,24/25,2025,1,0.7895340843076332,1,0
865324,Lizandro Claros,24/25,2025,0,0.7895059288437555,1,1
331389,Andrés Tello,24/25,2025,1,0.7894449844104857,1,0
305521,Mohammadmehdi Mehdikhani,24/25,2025,0,0.7893109617184654,1,1
875253,Duccio Nannini,24/25,2025,1,0.7891091614720863,1,0
748316,Juan Manuel Cruz,24/25,2025,1,0.7890621231765399,1,0
1168427,Alberto Locati,24/25,2025,1,0.7890467954637683,1,0
181378,Gaëtan Laborde,24/25,2025,1,0.7889941950892743,1,0
104062,Adrian Popa,24/25,2025,0,0.7889288560995223,1,1
181661,Rolando Blackburn,24/25,2025,0,0.7887908519078025,1,1
824737,Mattia Aprea,24/25,2025,1,0.7886345511948949,1,0
430310,Andrew Irving,24/25,2025,0,0.7886042676680982,1,1
955276,Timi Atiki Egbe,24/25,2025,1,0.7884987451081191,1,0
817028,Angelo Rechichi,24/25,2025,1,0.7884850968096839,1,0
199947,Davide Voltan,24/25,2025,1,0.7884243213536096,1,0
586982,Levi Laing,24/25,2025,0,0.7883813318703343,1,1
552547,Lucas Poletto,24/25,2025,1,0.7883388558387169,1,0
922907,Marek Jaron,24/25,2025,1,0.7883358644572698,1,0
617720,Enrico Rossi,24/25,2025,1,0.7881953534144731,1,0
170838,Salih Uçan,24/25,2025,0,0.7881931599767806,1,1
497188,Florent Hasani,24/25,2025,0,0.7881557115110682,1,1
961944,Ginés Sorroche,24/25,2025,0,0.7880916336068124,1,1
877118,Martin Georgiev,24/25,2025,0,0.7880006658901307,1,1
839973,Dino Grozdanic,24/25,2025,0,0.7878684357518132,1,1
254280,Reuben Acquah,24/25,2025,1,0.7877946384765931,1,0
152733,Onur Bulut,24/25,2025,1,0.7877077289813311,1,0
981444,Arnold Vula,24/25,2025,1,0.7876706189587539,1,0
254039,José Antonio Caro,24/25,2025,0,0.7876350368961137,1,1
1147210,Francis Castillo,24/25,2025,1,0.7873524855368949,1,0
863829,Alagie Saine,24/25,2025,0,0.7872351386971203,1,1
512061,Cristian Fernández,24/25,2025,0,0.7871777455938855,1,1
598486,Mário Balbúrdia,24/25,2025,0,0.787115253011853,1,1
629718,Akileu Ndreca,24/25,2025,1,0.7867888990603612,1,0
84535,Eduardo Salvio,24/25,2025,0,0.7866462751049631,1,1
818376,Federico Ruggeri,24/25,2025,0,0.7864788767912734,1,1
342978,Apostolos Stikas,24/25,2025,1,0.7864447374402855,1,0
976159,Curro Bonilla,24/25,2025,1,0.7864056644492136,1,0
698721,Álvaro Cortés,24/25,2025,1,0.7863949610791823,1,0
519869,Mehdi Loune,24/25,2025,1,0.7863500570443174,1,0
369171,Niall Ennis,24/25,2025,1,0.7860650847635066,1,0
441220,Mamadou Diallo,24/25,2025,1,0.7860501244901785,1,0
106641,Kane Hemmings,24/25,2025,1,0.7860252691176987,1,0
262861,Sebastián Palacios,24/25,2025,1,0.7858992368980451,1,0
247813,Anthony Okpotu,24/25,2025,1,0.785851066767278,1,0
360412,Jordy Caicedo,24/25,2025,1,0.7858235415364447,1,0
936508,Federico Demo,24/25,2025,0,0.7858173881676944,1,1
955357,Junior Kroupi,24/25,2025,0,0.7858096838317155,1,1
159847,Francesco Galuppini,24/25,2025,0,0.7857013704954855,1,1
377387,Sergio Córdova,24/25,2025,1,0.7856574602445026,1,0
226025,Luca Mazzitelli,24/25,2025,1,0.7856289460341189,1,0
537360,Giuseppe Guadagni,24/25,2025,1,0.7855876147940087,1,0
94603,Patrick Bauer,24/25,2025,1,0.7855024724734975,1,0
794777,Nicolas Milanovic,24/25,2025,1,0.7853466253454094,1,0
232376,Lucas Cueto,24/25,2025,1,0.7853201520050381,1,0
663128,Luka Damjanovic,24/25,2025,1,0.7852973713322275,1,0
818227,Alberto Leone,24/25,2025,1,0.7851119997860673,1,0
852727,Diego García,24/25,2025,0,0.7849290239897664,1,1
1002758,Giacomo Maucci,24/25,2025,1,0.7849254337995246,1,0
589481,Matías Basterrechea,24/25,2025,1,0.7848973788263958,1,0
1193362,Andrea Esposito,24/25,2025,0,0.7848457442099874,1,1
783885,Iván Fernández,24/25,2025,1,0.7848350528860895,1,0
397401,Emanuele Boveri,24/25,2025,0,0.7846759095721205,1,1
639691,Ricky Maset,24/25,2025,0,0.7846604200239213,1,1
441287,Mateo García,24/25,2025,0,0.7846328761265172,1,1
918414,Paris Brunner,24/25,2025,0,0.7846044737209598,1,1
315850,Marco Tumminello,24/25,2025,1,0.7844782681004248,1,0
363610,Georgi Tunjov,24/25,2025,1,0.7844208681947686,1,0
479712,Giorgio Lionetti,24/25,2025,1,0.7844058102522703,1,0
1022491,Stephan Wemakor,24/25,2025,1,0.7842441122713764,1,0
391787,Alessandro Romairone,24/25,2025,1,0.7841940869379121,1,0
256749,Dani Santigosa,24/25,2025,1,0.7841410298587866,1,0
802214,Melsi Cereni,24/25,2025,1,0.7840156085536474,1,0
241378,Jordy Bruijn,24/25,2025,1,0.783803426668223,1,0
279923,Roberto Dias,24/25,2025,0,0.78364900064237,1,1
448835,Gaizka Campos,24/25,2025,1,0.7835343235354709,1,0
635808,Georgios Stamoulis,24/25,2025,1,0.7834226926634962,1,0
1135091,Victor Rodriguez,24/25,2025,1,0.7833804423438991,1,0
365202,Daire O'Connor,24/25,2025,1,0.7833592989816165,1,0
673830,Luis Phelipe,24/25,2025,0,0.7831130033901864,1,1
431422,Nathan Trott,24/25,2025,1,0.7831020709733539,1,0
910192,Wilson Samaké,24/25,2025,1,0.7830802658614284,1,0
979324,Eder García,24/25,2025,1,0.7830020151329996,1,0
488869,Martin Janacek,24/25,2025,1,0.7829747121520201,1,0
618021,Djordje Jovicic,24/25,2025,1,0.7828574387921972,1,0
71273,Stefan Scepovic,24/25,2025,0,0.7828487173260388,1,1
636417,Konstantinos Dionellis,24/25,2025,1,0.7827365418321944,1,0
569033,Armindo Sieb,24/25,2025,0,0.7825447431696464,1,1
284701,Samuel Portugal,24/25,2025,1,0.7823597891749167,1,0
882917,Alessio Aprile,24/25,2025,1,0.7822455157681383,1,0
820381,Mohamed Brahimi,24/25,2025,1,0.7820839102333264,1,0
634259,Javier Vicario,24/25,2025,1,0.7820438597439143,1,0
401910,Iván Moreno,24/25,2025,1,0.7818955853385824,1,0
1032447,Julio Cabrera,24/25,2025,0,0.7818843434547756,1,1
789722,Feritali Erdem,24/25,2025,1,0.7818555966473986,1,0
894688,Joshua Dudock,24/25,2025,1,0.7818415987581965,1,0
435406,Demba Thiam,24/25,2025,1,0.7818157397347006,1,0
1054924,Rubén Domínguez,24/25,2025,1,0.7817962958650049,1,0
843327,Mohamed Awad Alla,24/25,2025,1,0.781778962655666,1,0
523978,Luis Vacas,24/25,2025,1,0.7817504031975381,1,0
920193,Babucarr Boye,24/25,2025,1,0.7817224477953805,1,0
392968,Marco Bertoli,24/25,2025,1,0.7817123507196618,1,0
627408,Edwin Rodríguez,24/25,2025,0,0.7815453361655448,1,1
343184,Sylla Sow,24/25,2025,1,0.781538220932697,1,0
424736,Can Karatas,24/25,2025,1,0.7815112512582348,1,0
704175,Alessandro Orfei,24/25,2025,1,0.7814690166562879,1,0
482364,Leard Sadriu,24/25,2025,1,0.7813787450358476,1,0
532107,Ben Folami,24/25,2025,0,0.7810195011857632,1,1
583607,William de Camargo,24/25,2025,1,0.7809773063367974,1,0
238968,Matteo Lomolino,24/25,2025,1,0.7809618178412514,1,0
596882,Álvaro Espínola,24/25,2025,1,0.7808957445227428,1,0
274828,Milan Kocic,24/25,2025,0,0.780733862149417,1,1
352832,Pepo,24/25,2025,0,0.7805898147171305,1,1
291399,Nanu,24/25,2025,1,0.7803973238840695,1,0
568007,Ben Knight,24/25,2025,1,0.7803182476931223,1,0
263267,Riad Bajic,24/25,2025,1,0.7801141466433349,1,0
59558,Emilio Nsue,24/25,2025,0,0.7798321177787476,1,1
857297,Ignacio Guerrico,24/25,2025,0,0.779664135526639,1,1
908764,Matteo Galassi,24/25,2025,1,0.7794105762327332,1,0
820685,Alessandro Marcucci,24/25,2025,1,0.7793643155514728,1,0
823525,Lorenzo Villa,24/25,2025,1,0.779211674227074,1,0
1030197,Joel Skowronek,24/25,2025,1,0.7791759060930102,1,0
930766,Giuseppe Mazzola,24/25,2025,1,0.7790880701487742,1,0
711999,Lesley Ugochukwu,24/25,2025,1,0.7790319310381676,1,0
463455,Federico Zazzi,24/25,2025,1,0.7786687861245086,1,0
441107,Dani Ramos,24/25,2025,0,0.7786497057869616,1,1
471641,Ángelo Martino,24/25,2025,1,0.7783303255433861,1,0
947689,Aseel Al-Harbi,24/25,2025,1,0.7783289213505302,1,0
669310,Danylo Goncharuk,24/25,2025,0,0.7781092972971039,1,1
601822,Alessandro Corti,24/25,2025,1,0.7780449020165331,1,0
1147892,Pau Palacín,24/25,2025,1,0.7780347696909481,1,0
1074629,Ivan Djantou,24/25,2025,1,0.7779928737137707,1,0
873981,Diego González,24/25,2025,0,0.7778514469741912,1,1
729109,Leonardo Francalanci,24/25,2025,1,0.7776370425693272,1,0
459637,Francesco Baschirotto,24/25,2025,1,0.777582837867712,1,0
276025,Rubio,24/25,2025,1,0.7774344187776652,1,0
719723,Juan Aspra,24/25,2025,0,0.7773953730862471,1,1
533110,Álex Pachón,24/25,2025,1,0.7773530841198609,1,0
244338,Pelly Ruddock Mpanzu,24/25,2025,1,0.7773263889946516,1,0
902702,Jayson Videira,24/25,2025,1,0.7771576251617429,1,0
643725,Stefano Molinari,24/25,2025,1,0.7769727904685857,1,0
767258,Juanan Aguilera,24/25,2025,0,0.7769679235216815,1,1
1001035,Marcos Carrillo,24/25,2025,1,0.7769275648254568,1,0
396682,Luca Gagliano,24/25,2025,1,0.7768799979634957,1,0
855299,Ben Krauhaus,24/25,2025,1,0.7768494051671654,1,0
510310,Sivert Mannsverk,24/25,2025,1,0.7766399367545959,1,0
280088,Juan Gargiulo,24/25,2025,0,0.7766281612296516,1,1
929743,Matteo Zazza,24/25,2025,1,0.776602492761451,1,0
95424,Kyle Walker,24/25,2025,1,0.7765885750226856,1,0
742163,Joel Bagan,24/25,2025,0,0.7765417302830827,1,1
456157,Matteo Fracassini,24/25,2025,0,0.7764790862398067,1,1
948606,Téo James Michel,24/25,2025,1,0.7763144126892129,1,0
432092,Roberto Piccoli,24/25,2025,1,0.7762239527923193,1,0
919756,Karim Hüneburg,24/25,2025,1,0.7759716193388041,1,0
1214320,Sydney Osazuwa,24/25,2025,0,0.7759211134580987,1,1
1184961,Filippo Piva,24/25,2025,1,0.7758757010139602,1,0
547818,Raul Steau,24/25,2025,0,0.7757433086242659,1,1
708496,Miguel Ángel Sanz,24/25,2025,1,0.7756781675509247,1,0
783437,İshak Karaoğul,24/25,2025,1,0.7756551836531715,1,0
48280,Edinson Cavani,24/25,2025,0,0.7755253975257469,1,1
568154,Lucas Cañizares,24/25,2025,1,0.7754331675150943,1,0
535792,Francesco Barba,24/25,2025,0,0.7751246218572658,1,1
390135,Abbas Yassin Mohamad,24/25,2025,1,0.7750515946261268,1,0
1066093,Guillermo Macho,24/25,2025,1,0.7750383276430668,1,0
395888,Nicola Andreoli,24/25,2025,1,0.7750133379631301,1,0
605780,Dawid Kocyla,24/25,2025,0,0.7748110917295133,1,1
296281,Milan Vusurovic,24/25,2025,1,0.7746484922917226,1,0
1035971,Antoni Franke,24/25,2025,0,0.7746153915095916,1,1
530157,Cem Türkmen,24/25,2025,1,0.7745698955778718,1,0
708369,Esteban Aparicio,24/25,2025,0,0.7745665329636056,1,1
815028,Panagiotis Anastasopoulos,24/25,2025,1,0.7744150496440518,1,0
717205,Martin Sorakov,24/25,2025,1,0.7743632454549814,1,0
289583,Antoine Lejoly,24/25,2025,1,0.7743078114494519,1,0
820240,Dominik Șoptirean,24/25,2025,1,0.7740843220226482,1,0
930790,Jean Castegnaro,24/25,2025,1,0.7740005820237738,1,0
1182170,Lorenzo Tavernini,24/25,2025,1,0.77396775076719,1,0
351792,David Tijanic,24/25,2025,1,0.7738370076977205,1,0
961945,Félix Garreta,24/25,2025,0,0.7737147774856143,1,1
906339,Antonio Jozanovic,24/25,2025,1,0.7736954911095041,1,0
335593,Ben Barclay,24/25,2025,1,0.7734464633118614,1,0
309841,Andre Green,24/25,2025,1,0.7733130372093729,1,0
1113024,Vasilije Markovic,24/25,2025,0,0.773237490527862,1,1
697515,Mario Mustapic,24/25,2025,1,0.7728107489050347,1,0
686972,Francesco Saverino,24/25,2025,1,0.7727363237531466,1,0
21101,Milan Petrzela,24/25,2025,1,0.7726441846467189,1,0
240955,Mattia Lombardo,24/25,2025,0,0.7725865449721983,1,1
535740,Giuseppe Ciocci,24/25,2025,0,0.7724834134139628,1,1
1234292,Vincenzo Arzillo,24/25,2025,1,0.7724725506664016,1,0
991312,Nikita Baranok,24/25,2025,0,0.7724693521013906,1,1
1063198,Andor Lapu,24/25,2025,1,0.7723999779752205,1,0
552939,Alessio Buttaro,24/25,2025,1,0.7723598048722629,1,0
507351,Abdoul Guiebre,24/25,2025,1,0.7722780001123745,1,0
1183952,Tommaso Serioli,24/25,2025,1,0.7722587455709613,1,0
847650,Tommaso Senzamici,24/25,2025,0,0.7722349514345573,1,1
471890,Max Geschwill,24/25,2025,1,0.7721763688658119,1,0
100001,Carlos Auzqui,24/25,2025,0,0.7721434059886624,1,1
934496,Gioele Cardoni,24/25,2025,0,0.7716155674541293,1,1
258475,Nikola Maras,24/25,2025,0,0.7716112974612844,1,1
946730,Klahos Zani,24/25,2025,1,0.7714028726501294,1,0
166959,Mustafa Saymak,24/25,2025,0,0.7712288498158127,1,1
524216,Ibrahim Tomiwa,24/25,2025,0,0.7711947721541585,1,1
816789,Mattia Ortelli,24/25,2025,0,0.7710675366275483,1,1
1064402,Ander Sánchez,24/25,2025,0,0.7710335965227538,1,1
907087,Berkay Yilmaz,24/25,2025,0,0.770967639516039,1,1
805479,Jesús Clemente,24/25,2025,1,0.7709622174245114,1,0
1146943,Adam Knaze,24/25,2025,0,0.770947669123704,1,1
935996,Luan,24/25,2025,1,0.7708455021520231,1,0
120095,José Campaña,24/25,2025,1,0.7707614357393275,1,0
336160,Andrija Novakovich,24/25,2025,1,0.7706135495794543,1,0
1049439,Alessio Porzio,24/25,2025,0,0.770535424206308,1,1
337922,Esteban Burgos,24/25,2025,0,0.770529674601572,1,1
510965,Ale Hernández,24/25,2025,1,0.7704977795407632,1,0
1149706,Andrea Lombari,24/25,2025,0,0.7704818705727641,1,1
613388,Zakaria Daqoune,24/25,2025,1,0.7703572137899933,1,0
1123059,Pochito,24/25,2025,1,0.7703373241844025,1,0
394332,Alberto Marini,24/25,2025,0,0.770212490398233,1,1
671549,Enes Osmani,24/25,2025,0,0.7701207139246072,1,1
1307101,Andrea Cirillo,24/25,2025,1,0.7700999049042772,1,0
707329,Tomas Schanelec,24/25,2025,0,0.7700776828151723,1,1
634598,Javi Alonso,24/25,2025,0,0.769958630103774,1,1
160137,Tom Barkhuizen,24/25,2025,1,0.7697552074893442,1,0
260801,Eugenio Isnaldo,24/25,2025,1,0.7696016428082694,1,0
1152997,Mateo Scheffer Bracco,24/25,2025,1,0.7694813291271891,1,0
1060418,Thomas Renda,24/25,2025,0,0.7694309603152585,1,1
198999,Paolo Ropolo,24/25,2025,1,0.7693929095589779,1,0
227974,Ba-Muaka Simakala,24/25,2025,1,0.7692773583195627,1,0
331463,Alessandro Aloia,24/25,2025,1,0.7691517359849762,1,0
651843,Nick Perc,24/25,2025,0,0.7691466013735033,1,1
181579,James Ward-Prowse,24/25,2025,0,0.7688362281280702,1,1
909683,Joan Puig,24/25,2025,1,0.7687470768421374,1,0
937289,Simone Bonetti,24/25,2025,1,0.7687289329622686,1,0
977382,Yeiner Londoño,24/25,2025,1,0.7685463423426029,1,0
567529,Rui Pedro,24/25,2025,1,0.7684446967336561,1,0
435665,Vladyslav Khomutov,24/25,2025,1,0.7684383386220907,1,0
331637,Tom Baack,24/25,2025,1,0.7682233976651304,1,0
649016,El Bilal Touré,24/25,2025,1,0.7682114017180024,1,0
931782,Juanmi Durán,24/25,2025,1,0.7680137575130019,1,0
1065763,Jorge González,24/25,2025,0,0.7678483285177808,1,1
617645,Luigi Gianfreda,24/25,2025,1,0.7677504748096939,1,0
396114,Víctor Morillo,24/25,2025,1,0.7677243863130537,1,0
935509,Gianluca Rossi,24/25,2025,1,0.7676899937891903,1,0
526164,Kristian Kirkegaard,24/25,2025,1,0.7676712856982705,1,0
500274,Lorenzo Milani,24/25,2025,0,0.7676148883407273,1,1
161484,Lee Erwin,24/25,2025,1,0.7676091664826417,1,0
158120,Ismael Tajouri-Shradi,24/25,2025,1,0.7676059718775259,1,0
396323,Rubén del Valle,24/25,2025,1,0.7675815486278801,1,0
603451,Davide Petito,24/25,2025,1,0.7675404085034233,1,0
341295,Tyler Walker,24/25,2025,1,0.7675371372309688,1,0
897658,Daniele Triacca,24/25,2025,1,0.7675225381425953,1,0
1119447,Christopher Bonsu Baah,24/25,2025,1,0.7674259854236073,1,0
1051467,Tommaso Vinzioli,24/25,2025,1,0.7673804056965859,1,0
936714,Mariano Nichele,24/25,2025,1,0.7673220217971922,1,0
883084,Alessio Sarpa,24/25,2025,1,0.7671895292690514,1,0
707107,Patricio Goglino,24/25,2025,1,0.7671810717280736,1,0
297373,Mike Hauptmeijer,24/25,2025,1,0.7669980048210315,1,0
198298,Carmine De Sena,24/25,2025,1,0.7668294359323298,1,0
85380,Andrea Seculin,24/25,2025,1,0.7666789712544422,1,0
673971,Franklin Sasere,24/25,2025,1,0.7666343431583232,1,0
744956,Luke Pearce,24/25,2025,0,0.7665517026758001,1,1
395875,Simone Ferrari,24/25,2025,1,0.7664688842029643,1,0
942415,Niccolò Stacchiotti,24/25,2025,1,0.7662895020998887,1,0
930390,Nikolas Brandis,24/25,2025,0,0.7661395674110313,1,1
386331,Christos Rovas,24/25,2025,1,0.7658331983199321,1,0
391408,Antonio D'Alena,24/25,2025,0,0.7658103137763091,1,1
1108739,Riccardo Pavesi,24/25,2025,0,0.7656113315090393,1,1
650999,Federico Accornero,24/25,2025,1,0.7654701538765847,1,0
503161,Denzel Tawiah,24/25,2025,1,0.765381987858682,1,0
38232,Jonathan McDonald,24/25,2025,0,0.7652490508073846,1,1
524860,Mickaël Biron,24/25,2025,1,0.7649204659841079,1,0
352898,João Amaral,24/25,2025,1,0.7649162346913188,1,0
455340,Jonatan González,24/25,2025,0,0.7648345217556046,1,1
370833,Doğukan Sinik,24/25,2025,1,0.7647462293833732,1,0
222502,Giovanni Foresta,24/25,2025,0,0.7647307234260486,1,1
796216,Emmanuel Gyamfi,24/25,2025,1,0.7646784377236495,1,0
325802,Fernando Andrada,24/25,2025,1,0.764655086751685,1,0
478357,Anthony Correia,24/25,2025,1,0.7644676581980714,1,0
237430,Deyvison Fernandes,24/25,2025,1,0.7643344448096427,1,0
192736,Sabin Merino,24/25,2025,1,0.7640111273568713,1,0
251303,Johannes Eggestein,24/25,2025,1,0.7639280232491865,1,0
227314,Nelson Bonilla,24/25,2025,1,0.7639084943528711,1,0
423196,Gabriele Fumanti,24/25,2025,1,0.7638949843123772,1,0
933683,Simone Pieraccini,24/25,2025,1,0.7637032554739729,1,0
585761,Jonas Arcalean,24/25,2025,1,0.7635913351039699,1,0
741090,Jonas Rouhi,24/25,2025,0,0.763179708713944,1,1
901026,Claudio Panzarino,24/25,2025,0,0.7630681787438176,1,1
677139,Yusri El Kandoussi,24/25,2025,1,0.7630030740168682,1,0
1332569,Luigi De Simone,24/25,2025,1,0.7630016234617786,1,0
1270735,Alessandro Bartelloni,24/25,2025,1,0.7629314660700309,1,0
557642,Larry-Nana Oellers,24/25,2025,1,0.7628318168461403,1,0
128876,Dávid Kelemen,24/25,2025,0,0.7628211185514335,1,1
198015,Jefté Betancor,24/25,2025,1,0.7627873677779538,1,0
282694,Augusto Solari,24/25,2025,1,0.7626556541045542,1,0
931938,Dimitrios Grammenos,24/25,2025,1,0.7626282803378313,1,0
1045446,Dmytro Bogdanov,24/25,2025,1,0.7625927773722452,1,0
874080,Mason Burstow,24/25,2025,1,0.7623904979260624,1,0
197880,Raphael Guzzo,24/25,2025,1,0.7622257727573911,1,0
910777,Aseel Abed,24/25,2025,1,0.7621682216586004,1,0
967948,Garang Kuol,24/25,2025,1,0.7619124561482685,1,0
390460,Richmond Tachie,24/25,2025,0,0.7616837534757653,1,1
1185957,Federico Tuveri,24/25,2025,1,0.7616118314973427,1,0
1076073,Américo Neves,24/25,2025,1,0.7615261041896872,1,0
199169,Umberto Germano,24/25,2025,1,0.7615036352985866,1,0
685807,Luís dos Santos,24/25,2025,1,0.7614192104344372,1,0
1051778,Simone Fiore,24/25,2025,1,0.7614119542506925,1,0
696164,Tim Oermann,24/25,2025,1,0.7613778392804021,1,0
896424,Samuel John Nwachukwu,24/25,2025,1,0.7613710956119432,1,0
441422,Maximiliano Lovera,24/25,2025,0,0.7613606957203524,1,1
487850,Oladapo Afolayan,24/25,2025,0,0.7613266761161235,1,1
602156,Guillem Molina,24/25,2025,1,0.7612826253991785,1,0
1182468,Darius Băncilă,24/25,2025,1,0.761102726382772,1,0
1198739,Joaco Peñalver,24/25,2025,1,0.7609143988980585,1,0
385906,Kevin Varga,24/25,2025,1,0.7608453260532773,1,0
228386,Joseph Boyamba,24/25,2025,1,0.7608308411890288,1,0
447469,Hugo Alves,24/25,2025,1,0.7607005404035923,1,0
687560,Tom Hendriks,24/25,2025,1,0.7604961347216534,1,0
697716,Serginho,24/25,2025,1,0.7604724330062095,1,0
464217,Szilárd Magyari,24/25,2025,1,0.7603893482880524,1,0
468549,Tamir Glazer,24/25,2025,1,0.7603087020348858,1,0
521996,Yevgeniy Terzi,24/25,2025,1,0.760120721523961,1,0
639246,Hyeon-gyu Oh,24/25,2025,0,0.7600939661994079,1,1
182313,Badra Ali Sangaré,24/25,2025,1,0.760079509600161,1,0
935228,Dani Vicente,24/25,2025,1,0.7598660037448848,1,0
504064,Alexander Torvund,24/25,2025,1,0.7598202690689825,1,0
521475,Bryan Hein,24/25,2025,1,0.7595997523849546,1,0
332069,Philip Rejnhold,24/25,2025,1,0.7593963069791063,1,0
786438,Jony Álamo,24/25,2025,1,0.75931625186863,1,0
456080,Karim Aribi,24/25,2025,1,0.7592016441828512,1,0
314369,Matteo Gasperi,24/25,2025,0,0.7590353751506788,1,1
884158,Saúl del Cerro,24/25,2025,0,0.7589995559544667,1,1
196831,Charmaine Häusl,24/25,2025,1,0.7589440237299742,1,0
700503,Santiago Naveda,24/25,2025,0,0.7586916756441562,1,1
392767,Danny Namaso,24/25,2025,1,0.7585848750420601,1,0
188640,Augustine Okrah,24/25,2025,0,0.7585117097209514,1,1
181547,Gonçalo Paciência,24/25,2025,0,0.7584777179119823,1,1
1009938,Álvaro Merencio,24/25,2025,1,0.7583717932365017,1,0
709671,Răzvan Pașcalău,24/25,2025,1,0.7582851745913517,1,0
1054909,Pablo Busto,24/25,2025,0,0.7582161449137241,1,1
1011280,Donart Ibraimi,24/25,2025,1,0.758165359560466,1,0
334802,Jan Kuchta,24/25,2025,1,0.7580806310426407,1,0
409472,Ousama Siddiki,24/25,2025,0,0.7580679841198072,1,1
825731,Jean-Calvin Mbanga,24/25,2025,1,0.7579602887481824,1,0
1066452,Mattia Mascella,24/25,2025,0,0.7579245125142503,1,1
164837,Kristopher Vida,24/25,2025,1,0.7579008980295919,1,0
701819,Daniele Ghilardi,24/25,2025,1,0.757780273952452,1,0
1191122,Meson Becchio,24/25,2025,1,0.7577509197669512,1,0
286044,Marco Weymans,24/25,2025,0,0.7574800224847354,1,1
235923,Mattia Muroni,24/25,2025,1,0.7573339816128902,1,0
503327,Teddy Okou,24/25,2025,1,0.7572984785236768,1,0
393739,Tin Matic,24/25,2025,1,0.7572111635607545,1,0
278343,Felix Uduokhai,24/25,2025,1,0.7571548322169706,1,0
542697,Rasmus Carstensen,24/25,2025,1,0.7570241606228767,1,0
1083228,Davide Ruffato,24/25,2025,1,0.7569902668281908,1,0
810673,Ilhan Altuntas,24/25,2025,1,0.7567013140558326,1,0
935457,Salim El Jebari,24/25,2025,1,0.7566498694765692,1,0
69212,Vincenzo Camilleri,24/25,2025,1,0.7565985730813282,1,0
354164,Mario Gómez,24/25,2025,1,0.7565619605489999,1,0
99345,Ante Vukusic,24/25,2025,0,0.7565510142396953,1,1
253238,Toni Arranz,24/25,2025,1,0.756483908899297,1,0
611906,Nnamdi Ofoborh,24/25,2025,1,0.756413063077003,1,0
831162,Gino Infantino,24/25,2025,0,0.7563405910405774,1,1
1216569,Osama El Bazar,24/25,2025,0,0.7563048160462074,1,1
380277,Santi Samanes,24/25,2025,1,0.7563024567863614,1,0
118375,Dardo Miloc,24/25,2025,0,0.7562207312771608,1,1
1111776,Ibou Sané,24/25,2025,0,0.7561083683370956,1,1
336736,Daniel Lasure,24/25,2025,1,0.7560203690309532,1,0
914505,Tommaso Duca,24/25,2025,1,0.756017923711041,1,0
802713,Adam Ahmad,24/25,2025,1,0.7558669936129493,1,0
687309,Aleks Radzhabov,24/25,2025,1,0.7558358483767862,1,0
45529,Said Ahmed Said,24/25,2025,1,0.7557898175673523,1,0
1208731,Edoardo Cavaliere,24/25,2025,0,0.7556378785488124,1,1
199375,Víctor Ruiz,24/25,2025,1,0.7555344513661846,1,0
448557,Lorenzo Meledandri,24/25,2025,1,0.7553572640542712,1,0
518472,Willyan Rocha,24/25,2025,1,0.7553086119818507,1,0
59082,Heinz Lindner,24/25,2025,1,0.7551723669133692,1,0
390631,Tobias Gunte,24/25,2025,1,0.7551093063187087,1,0
589768,Ton Ripoll,24/25,2025,0,0.7550686593417893,1,1
818898,Federico Magro,24/25,2025,1,0.7550123091368758,1,0
508762,Darius Ghindovean,24/25,2025,1,0.7549561803837714,1,0
394345,Mohamed Rabbas,24/25,2025,1,0.7549358609507756,1,0
120347,Andrea Sala,24/25,2025,0,0.7548663284698173,1,1
1127727,Simone Pirani,24/25,2025,1,0.7548456752506394,1,0
810791,Ritchy Valmé,24/25,2025,0,0.7546778856127159,1,1
119115,Diego Falcinelli,24/25,2025,1,0.7545735200472272,1,0
317742,Nils Lihsek,24/25,2025,1,0.7544328163664918,1,0
344415,Dominik Steczyk,24/25,2025,0,0.7542459586813901,1,1
699632,Abraham Marcus,24/25,2025,1,0.7542317575245813,1,0
401736,Yaya Sithole,24/25,2025,0,0.7542295754876571,1,1
454625,Matías Cóccaro,24/25,2025,0,0.754224829844692,1,1
1207547,Pier Francesco Galiano,24/25,2025,1,0.7541819757464848,1,0
728688,Denis Kramar,24/25,2025,0,0.7541653790659036,1,1
1192959,Federico Ottini,24/25,2025,1,0.7541362598750209,1,0
277560,Armando Ortiz,24/25,2025,1,0.7540444147812507,1,0
131664,Abdul Ajagun,24/25,2025,1,0.7538380336830691,1,0
503975,Joe Hodge,24/25,2025,1,0.7535988243446033,1,0
614500,Mattia Sangalli,24/25,2025,0,0.7534397710870182,1,1
669793,Andrea Bozzolan,24/25,2025,1,0.7532777056500977,1,0
709997,Lorenzo Aguado,24/25,2025,1,0.7532478369343422,1,0
230968,Alexandros Nikolias,24/25,2025,1,0.7531512668004038,1,0
1185001,Simone Tarolli,24/25,2025,1,0.7531488537753236,1,0
312760,Andrija Filipovic,24/25,2025,1,0.7530855821200092,1,0
598101,Roberto Fernández,24/25,2025,1,0.7529806769695305,1,0
668183,Nico Serrano,24/25,2025,0,0.752980223199399,1,1
929748,Marco Oliva,24/25,2025,1,0.7526506726856537,1,0
625066,Alejandro Ibarrondo,24/25,2025,1,0.7526003591723934,1,0
526873,Jake Eastwood,24/25,2025,1,0.752231402552317,1,0
195704,Alexandros Kartalis,24/25,2025,0,0.7521706224061144,1,1
481009,Teddy Sutherland,24/25,2025,1,0.752146237686352,1,0
1003958,Samu Mayo,24/25,2025,1,0.7520823363994836,1,0
630106,Stefan Obradović,24/25,2025,1,0.7518701605145331,1,0
517379,Housseine Zakouani,24/25,2025,1,0.7518359386669106,1,0
495963,Richie Musaba,24/25,2025,0,0.7517471849563779,1,1
478408,Alessio Esposito,24/25,2025,1,0.7516893639776295,1,0
1129805,Luigi Oriano,24/25,2025,1,0.7515463301534465,1,0
636387,Álex Pérez,24/25,2025,1,0.7515113486284185,1,0
1257776,Javi Tejedor,24/25,2025,0,0.7514559241088682,1,1
111417,Charyl Chappuis,24/25,2025,0,0.7512844550310301,1,1
341724,Relu,24/25,2025,1,0.7509117193219752,1,0
591375,Stiven Plaza,24/25,2025,1,0.7507800215220056,1,0
411465,Andrea Rizzo Pinna,24/25,2025,1,0.7507613715720196,1,0
1111839,Sainey Sanyang,24/25,2025,0,0.7507612374577946,1,1
541035,Javi Duarte,24/25,2025,1,0.7506425203386013,1,0
334952,Luca Gelonese,24/25,2025,1,0.7506029083619965,1,0
674429,Diego González,24/25,2025,1,0.75056698064494,1,0
908621,Nabil Aberdin,24/25,2025,0,0.7504777103214,1,1
333003,Antonio Sepe,24/25,2025,1,0.7502309043448798,1,0
211397,Miguel Borja,24/25,2025,0,0.7501820959256112,1,1
512401,Alvaro Iuliano,24/25,2025,0,0.749934760431612,1,1
425975,Davide Di Stefano,24/25,2025,1,0.7498109891826055,1,0
61464,Karim Yoda,24/25,2025,1,0.7496833465990391,1,0
456165,Kleto Gjura,24/25,2025,0,0.7495413492395121,1,1
333498,Dino Halilovic,24/25,2025,1,0.7494468845392336,1,0
760019,Matteo Casarotto,24/25,2025,1,0.7494435864855049,1,0
134983,Andrea La Mantia,24/25,2025,1,0.7493251876307215,1,0
147131,Javier Cabrera,24/25,2025,0,0.7492719890278768,1,1
566791,Ahmed Abdelkader,24/25,2025,0,0.7490044521121643,1,1
421710,Patryk Szysz,24/25,2025,1,0.7489854826052403,1,0
814002,Luca Sonzogni,24/25,2025,1,0.7487819831518452,1,0
289228,Eduart Rroca,24/25,2025,0,0.748699688392907,1,1
1066142,Dominik Pech,24/25,2025,1,0.7485939447484239,1,0
336830,Jaime Santos,24/25,2025,1,0.7483338701447109,1,0
520068,Petr Kudakovskiy,24/25,2025,1,0.74831125599726,1,0
267431,Fabián Noguera,24/25,2025,1,0.7478767770958648,1,0
682624,Álex Gualda,24/25,2025,1,0.747711425267838,1,0
713355,Samuel Calderoni,24/25,2025,1,0.747578682512383,1,0
386752,Ryan Wintle,24/25,2025,0,0.747487061586737,1,1
814982,Marc Enke,24/25,2025,1,0.7474868409583594,1,0
1186670,Riccardo Yanovskyi,24/25,2025,1,0.7474161344269508,1,0
1099543,Andrew Buah,24/25,2025,1,0.7474058604291046,1,0
714612,Dilhan Demir,24/25,2025,1,0.7472090756983595,1,0
401383,Davide Colonna,24/25,2025,1,0.7471796447360448,1,0
1111660,Joseph Sabobo,24/25,2025,1,0.7471700613941504,1,0
158863,Iñigo Martínez,24/25,2025,1,0.7471679638542797,1,0
293602,Dor Hugi,24/25,2025,1,0.7471116499930406,1,0
929978,Andrea Agostini,24/25,2025,0,0.7470895586554392,1,1
1048081,Massimo Zappa,24/25,2025,1,0.7470747811433497,1,0
814848,Owen Goodman,24/25,2025,1,0.746873231137493,1,0
622526,Dani Satoca,24/25,2025,1,0.7466748857407544,1,0
918957,Davide Renzetti,24/25,2025,1,0.7465745730975799,1,0
338288,Alex Valiño,24/25,2025,0,0.7464503144102685,1,1
895331,Dani Pérez,24/25,2025,0,0.7464393620296522,1,1
709241,Thierno Barry,24/25,2025,1,0.7463714556841213,1,0
445584,Koldo Obieta,24/25,2025,0,0.7462838140122764,1,1
829771,Tim Hoops,24/25,2025,1,0.7462767866814067,1,0
204654,Bashkim Velija,24/25,2025,1,0.746224878484708,1,0
964672,Mattia Gallo,24/25,2025,1,0.7462134266482846,1,0
199258,Andrea Petagna,24/25,2025,0,0.7460165473158242,1,1
825024,Ronnie Stutter,24/25,2025,1,0.7459689612988919,1,0
355456,Diego Valenti,24/25,2025,1,0.7459400930219259,1,0
691482,Jacopo Fazzini,24/25,2025,1,0.7457160083399449,1,0
326030,Ché Nunnely,24/25,2025,1,0.7456729063696722,1,0
1124243,Lorenzo Ceppi,24/25,2025,1,0.7455815623103244,1,0
914195,Yutaka Michiwaki,24/25,2025,0,0.7455454099510305,1,1
149209,Maximilian Jansen,24/25,2025,1,0.7453011706593501,1,0
452078,Maxwell Gyamfi,24/25,2025,1,0.7452221850349862,1,0
577260,Facundo Batista,24/25,2025,1,0.7451889292999482,1,0
894517,Dren Terrnava,24/25,2025,1,0.745044679560039,1,0
674501,Jonathan Gómez,24/25,2025,1,0.7450300953972118,1,0
635318,Juanpa Palomares,24/25,2025,1,0.7449862482862428,1,0
1066213,Asier Bonel,24/25,2025,1,0.7447507725088872,1,0
266809,Nicolás Freire,24/25,2025,0,0.7447480928738274,1,1
536703,Ivo Quaranta,24/25,2025,1,0.7447360914139766,1,0
675946,Marin Petkov,24/25,2025,0,0.744727716051183,1,1
934386,Pietro Candelari,24/25,2025,0,0.7445232960566818,1,1
343353,Mathieu Coquin,24/25,2025,1,0.7444692017111972,1,0
1061742,Rodrigo Mendes,24/25,2025,1,0.7443609024096101,1,0
628463,Adrián Gómez,24/25,2025,1,0.7443219847240568,1,0
908061,Vojtech Hranos,24/25,2025,1,0.7441202524637454,1,0
921492,Chadi Ramadan,24/25,2025,1,0.7441116309605682,1,0
1161617,Boubacar Diallo,24/25,2025,1,0.74411116462996,1,0
410075,Danilo Greco,24/25,2025,1,0.7439466144072684,1,0
949472,Fabricio,24/25,2025,1,0.7439178101405262,1,0
209063,Marius Briceag,24/25,2025,0,0.7438572247936305,1,1
842764,Moudjatovic,24/25,2025,0,0.7438185532130416,1,1
348553,Pablo Clavería,24/25,2025,0,0.7437695015135389,1,1
551007,Eli King,24/25,2025,0,0.7436411782465453,1,1
96140,Jorge Correa,24/25,2025,0,0.7435983390696391,1,1
472246,Mika Schroers,24/25,2025,1,0.7433666178674375,1,0
562421,Onni Tiihonen,24/25,2025,0,0.7433397873252293,1,1
146519,Haythem Jouini,24/25,2025,1,0.7432760511069425,1,0
973703,Brenner,24/25,2025,1,0.7432059435992127,1,0
900460,Mattia Parlato,24/25,2025,1,0.7431096160172254,1,0
961075,Glenn McConnell,24/25,2025,0,0.7430499912632423,1,1
895946,Giovanni Perini,24/25,2025,1,0.7429600396410051,1,0
942497,Jahmai Simpson-Pusey,24/25,2025,1,0.7428416975812526,1,0
908676,Amath Cissé,24/25,2025,1,0.7427287570254452,1,0
1053228,Matteo Fravola,24/25,2025,1,0.7424976978845621,1,0
246244,Sergio Aguza,24/25,2025,1,0.7423897807889029,1,0
704832,Sebastiano Bianchi,24/25,2025,1,0.7423697471761623,1,0
1157042,Máté Gyurkó,24/25,2025,1,0.7421840958671163,1,0
429881,Federico Simonti,24/25,2025,1,0.7421457142889741,1,0
1182220,Tommaso Scartabelli,24/25,2025,1,0.7420798627745656,1,0
1060923,Oussama Boukir,24/25,2025,1,0.7420696671925221,1,0
315209,Çekdar Orhan,24/25,2025,0,0.7417892111619238,1,1
1101300,Capi,24/25,2025,1,0.741409741772877,1,0
866082,Danilo Al-Saed,24/25,2025,1,0.7412644849404837,1,0
430764,Alberto Senese,24/25,2025,1,0.74119010389775,1,0
817150,Fabio Abiuso,24/25,2025,1,0.7411892221972022,1,0
598893,Dumitru Rogac,24/25,2025,0,0.7411616951610726,1,1
926766,Johaneko Louis-Jean,24/25,2025,0,0.7411390735255744,1,1
344869,Simon Banza,24/25,2025,0,0.7410853549881428,1,1
785266,Joserra de Diego,24/25,2025,0,0.7409311018095376,1,1
385923,Brandon Wilson,24/25,2025,0,0.7408991157447703,1,1
896352,Anas Alaoui,24/25,2025,1,0.7408861026242253,1,0
444571,Curtis Tilt,24/25,2025,1,0.7408295360396111,1,0
503002,Samuele Bonaccorsi,24/25,2025,1,0.7406555016552474,1,0
1182084,Giulio Leo,24/25,2025,1,0.7406510196166093,1,0
518348,Kelechi John,24/25,2025,1,0.7405606608531098,1,0
995105,Giulio Patrignani,24/25,2025,1,0.7404919394695321,1,0
1054429,Carlos Guirao,24/25,2025,0,0.7403082829981904,1,1
820659,Mattia Vitale,24/25,2025,1,0.7402987328902669,1,0
924759,Luca Lechner,24/25,2025,1,0.7402044779287131,1,0
617762,Habib Oueslati,24/25,2025,0,0.7400845724548255,1,1
1094885,Otávio,24/25,2025,1,0.7400258353197176,1,0
1059439,Paweł Depka,24/25,2025,1,0.7399166597539145,1,0
296577,Macauley Bonne,24/25,2025,1,0.7394975296903369,1,0
471135,Richard Krizan,24/25,2025,1,0.7394973401762941,1,0
211251,Darwin Machís,24/25,2025,1,0.7394125082354313,1,0
1057820,Jeremy Agbonifo,24/25,2025,1,0.7393910831153656,1,0
1008348,Jan Feit,24/25,2025,0,0.7390081232451969,1,1
565822,Harvey Elliott,24/25,2025,1,0.738972662573224,1,0
1189292,Ander Izagirre,24/25,2025,0,0.7388462472009224,1,1
625881,Eneko Delgado,24/25,2025,1,0.7388263426232174,1,0
1049599,Michele Scienza,24/25,2025,1,0.7386833470165606,1,0
596067,Felippe Cardoso,24/25,2025,0,0.738641862942761,1,1
1033847,Hugo López,24/25,2025,1,0.7384118737838176,1,0
635566,Aitor Ekiza,24/25,2025,1,0.7382887359602408,1,0
291739,Milot Rashica,24/25,2025,0,0.7381934741931829,1,1
1114721,Brais Penela,24/25,2025,1,0.7381568853484949,1,0
520395,Iago Novo,24/25,2025,1,0.7380572963969193,1,0
1057318,Samuele Giallombardo,24/25,2025,0,0.7379667635985419,1,1
802949,Nicolas Perotta,24/25,2025,1,0.7379196977821381,1,0
947696,Miroslav Kolev,24/25,2025,0,0.7375593920910577,1,1
624267,Dale Taylor,24/25,2025,1,0.7374250963746213,1,0
668278,Ibon Ispizua,24/25,2025,1,0.7373791456943664,1,0
587458,Kevin Agudelo,24/25,2025,0,0.737013210211764,1,1
1164509,Thomas Graziani,24/25,2025,1,0.7369694972628098,1,0
947432,Marcos Fernández,24/25,2025,0,0.7368025901972655,1,1
567479,Alberto Simoni,24/25,2025,1,0.7367838082764753,1,0
536511,Gobé Gouano,24/25,2025,1,0.7366821560040601,1,0
357150,Jójó,24/25,2025,1,0.7366583900612774,1,0
222013,Haritz Albisua,24/25,2025,1,0.7363526930595394,1,0
491447,Alessio Rasi,24/25,2025,0,0.7361182593975475,1,1
991486,Iván Quivira,24/25,2025,1,0.7358927715371535,1,0
644244,Enis Cokaj,24/25,2025,0,0.7357540954896402,1,1
1042811,Lorenzo De Leo,24/25,2025,0,0.735674321294878,1,1
717241,Aleksandar Buchkov,24/25,2025,0,0.7356420687955901,1,1
270988,Ben Purrington,24/25,2025,1,0.7355035823286915,1,0
825708,Josu Gallastegui,24/25,2025,1,0.7354771837023308,1,0
839533,Stepan Beran,24/25,2025,1,0.7353991507298776,1,0
411410,Kaloyan Krastev,24/25,2025,1,0.7353584683677766,1,0
537458,Joan Rojas,24/25,2025,0,0.7353373719816362,1,1
247596,Kenneth Paal,24/25,2025,1,0.7353371312902737,1,0
694512,Hisham Layous,24/25,2025,1,0.7352886002734703,1,0
1177641,Samuel Bockay,24/25,2025,1,0.7352084075707052,1,0
892926,Leandro Antonetti,24/25,2025,1,0.7352006880282164,1,0
317429,Manuel Farrando,24/25,2025,0,0.7351496027711886,1,1
433183,Tommy Doyle,24/25,2025,1,0.7349351174522099,1,0
1157538,Jan Petek,24/25,2025,1,0.7348672511381495,1,0
421869,Nicholas Rizzo,24/25,2025,1,0.7347603211924606,1,0
636359,Iván Serrano,24/25,2025,1,0.7345772566265745,1,0
706822,Roshaun Mathurin,24/25,2025,1,0.7345630354866425,1,0
682588,Mateo Mejía,24/25,2025,1,0.7345245348319535,1,0
1172731,Ismael Issa Algueche,24/25,2025,0,0.7344410133168737,1,1
554814,Diego Gómez,24/25,2025,1,0.7342780065678647,1,0
261611,Ali Adnan,24/25,2025,1,0.7342699745046135,1,0
394920,Filippo Sgarbi,24/25,2025,1,0.7342455960676096,1,0
1059678,Luca Horst,24/25,2025,1,0.7340202573079365,1,0
351691,Sam Cosgrove,24/25,2025,1,0.7336281641851382,1,0
1049803,Domenico Anzelmo,24/25,2025,1,0.7333946160794483,1,0
419597,Iyayi Atiemwen,24/25,2025,1,0.7332914296919371,1,0
324946,Emanuel Cecchini,24/25,2025,0,0.7332496568444239,1,1
562530,Iker San Vicente,24/25,2025,0,0.733032584183866,1,1
158080,Eneko Zabaleta,24/25,2025,0,0.7329874941372491,1,1
354246,Fareed Sadat,24/25,2025,0,0.7325452506273524,1,1
627624,Lorenzo Peschetola,24/25,2025,0,0.7325173911876757,1,1
199330,Antonio Cotán,24/25,2025,1,0.7324894513229444,1,0
294791,Chris Bedia,24/25,2025,0,0.7323483437619366,1,1
585818,Frantz Pierrot,24/25,2025,1,0.7321433587889196,1,0
912509,Jamal Rogero,24/25,2025,1,0.732051969377896,1,0
724783,Tawanda Chirewa,24/25,2025,0,0.7320502379153323,1,1
390944,Mickaël Panos,24/25,2025,0,0.732048480872977,1,1
281404,Kenedy,24/25,2025,1,0.7320139972270606,1,0
279829,Alexandros Anagnostopoulos,24/25,2025,1,0.7320138727128559,1,0
1180000,Jac Norris,24/25,2025,1,0.7319378953073943,1,0
1164510,Gabriel Graziani,24/25,2025,1,0.7316481357529766,1,0
247366,Marcos Mauro,24/25,2025,0,0.7314847940829189,1,1
833268,Alonso Aceves,24/25,2025,0,0.7313808832786814,1,1
405670,Yannik Engelhardt,24/25,2025,1,0.731183369090051,1,0
666923,Momo Touré,24/25,2025,1,0.7310523245121557,1,0
1030374,Alberto Ulloa,24/25,2025,1,0.7309133379172453,1,0
332593,Patrick Andrade,24/25,2025,1,0.730860833675935,1,0
607226,Loum Tchaouna,24/25,2025,1,0.7308533798123666,1,0
929715,Connor O'Riordan,24/25,2025,1,0.730833397533284,1,0
145303,Mirko Giacobbe,24/25,2025,0,0.7308214060341149,1,1
676277,Pietro Bruni,24/25,2025,1,0.7308015813331221,1,0
280044,Luca Zanon,24/25,2025,1,0.7307734534474737,1,0
1231401,Victor Orakpo,24/25,2025,1,0.7307469626602544,1,0
287871,Fabrizio Alastra,24/25,2025,0,0.7305975586291966,1,1
129991,Bart Vriends,24/25,2025,0,0.7305038577972514,1,1
1116267,Kristian Mandic,24/25,2025,1,0.7303921788744184,1,0
262047,Almir Aganspahic,24/25,2025,0,0.7303651947193534,1,1
668684,Konstantinos Lampsias,24/25,2025,1,0.7302603698915665,1,0
692036,Marcel Bergmann,24/25,2025,1,0.7301258445076836,1,0
1072763,Filippo Dodde,24/25,2025,0,0.7299794614446886,1,1
267093,Milos Milovic,24/25,2025,1,0.7296675816928381,1,0
861707,Tiko Iniesta,24/25,2025,1,0.729515563994241,1,0
341516,Ponck,24/25,2025,1,0.7292840255927394,1,0
239972,Jonas Carls,24/25,2025,1,0.7291908680187372,1,0
1056043,Matteo Donatiello,24/25,2025,0,0.7291649819526196,1,1
129579,Glenn Claes,24/25,2025,1,0.7291211742204595,1,0
289156,Julius Szöke,24/25,2025,1,0.72911784311944,1,0
153754,Hasan Kılıç,24/25,2025,1,0.7290507187945919,1,0
543539,Aly Soumah,24/25,2025,1,0.7289961345264571,1,0
346181,Oli Hawkins,24/25,2025,1,0.7287733835147455,1,0
158791,Sergio Postigo,24/25,2025,0,0.7287673615226704,1,1
400549,Magnus Kaastrup,24/25,2025,1,0.7285887204888483,1,0
499830,Samuele Spalluto,24/25,2025,1,0.728249203879629,1,0
421343,Fabio Gonella,24/25,2025,1,0.7281694909883726,1,0
672449,Zé Pedro,24/25,2025,1,0.7280983762318707,1,0
205792,Jordanco Naumoski,24/25,2025,0,0.7280883448348926,1,1
292808,Wout Faes,24/25,2025,0,0.727822158253581,1,1
938678,Leonardo Mendicino,24/25,2025,1,0.7277951642949948,1,0
504084,Tiago Ribeiro,24/25,2025,0,0.7277742656514258,1,1
293202,Jordi Aláez,24/25,2025,1,0.7276813948448745,1,0
318426,Ivan Ignatjev,24/25,2025,1,0.7275635533718935,1,0
204642,Mite Cikarski,24/25,2025,0,0.7273829528962267,1,1
481675,Christos Mandas,24/25,2025,0,0.727158727742069,1,1
709962,Pol Muñoz,24/25,2025,1,0.7269544518366137,1,0
92693,Darío Benedetto,24/25,2025,1,0.7265954932782028,1,0
538810,Chris Ramos,24/25,2025,1,0.7263941865821416,1,0
284855,Yael Ballesteros,24/25,2025,0,0.7262628020030358,1,1
667640,Alexandru Borbei,24/25,2025,1,0.7262234023557405,1,0
603864,Lewis Miller,24/25,2025,1,0.7262045957555247,1,0
1163638,Yeimar Mosquera,24/25,2025,0,0.7261600399036319,1,1
391672,Elias Kratzer,24/25,2025,1,0.726134494572566,1,0
406556,Tom McGill,24/25,2025,0,0.726103997932191,1,1
355566,Barış Alıcı,24/25,2025,1,0.7260740797723751,1,0
450790,Benny,24/25,2025,0,0.7260557256407301,1,1
928056,Jacopo Tarantino,24/25,2025,1,0.7259008031187887,1,0
1307148,Amedeo Vendramini,24/25,2025,1,0.7258491689878196,1,0
454292,Dean Liço,24/25,2025,0,0.7258376126497708,1,1
185702,Danny Rose,24/25,2025,0,0.7258242688186728,1,1
878114,Zak Bradshaw,24/25,2025,1,0.7258063813622542,1,0
936668,Federico Maffi,24/25,2025,1,0.7258051628873742,1,0
1064412,Samu Almagro,24/25,2025,0,0.7257850772841026,1,1
536846,Javier Ajenjo,24/25,2025,1,0.7257341653427544,1,0
984964,Niccolò Fortini,24/25,2025,0,0.7257177478036456,1,1
709377,Andrés Campos,24/25,2025,1,0.7257004400598827,1,0
503032,Edu Frías,24/25,2025,0,0.7255949555375818,1,1
876519,Sofyan Cola,24/25,2025,1,0.7255624484790659,1,0
268249,Isma Cerro,24/25,2025,1,0.7255505655696226,1,0
486132,Júnior Mendieta,24/25,2025,1,0.7254499237376857,1,0
531274,Diego Fuoli,24/25,2025,1,0.725133780830923,1,0
642591,Maranhão,24/25,2025,0,0.7249656802010686,1,1
366883,Daniel Tetour,24/25,2025,1,0.724786312012402,1,0
415525,Kanya Fujimoto,24/25,2025,1,0.7245340278496649,1,0
166591,Rodrigo Rey,24/25,2025,0,0.7244485903550625,1,1
918855,Mike Manegold,24/25,2025,1,0.724188510978934,1,0
461625,Alberto Salido,24/25,2025,0,0.7241340719632883,1,1
487603,Domen Gril,24/25,2025,0,0.7240989211600793,1,1
1056315,Davide Lazzaro,24/25,2025,1,0.7239377827984806,1,0
396115,Eliseo Falcón,24/25,2025,1,0.7238596528027136,1,0
456647,Francesco Rillo,24/25,2025,0,0.7238453092515517,1,1
229949,Ary Papel,24/25,2025,0,0.7238100919438428,1,1
282076,Ianis Hagi,24/25,2025,1,0.7237487915203727,1,0
614811,Joe White,24/25,2025,1,0.7235463182797585,1,0
1125758,Alex Aguado,24/25,2025,0,0.7235356772248258,1,1
1109255,Skander Tahri,24/25,2025,0,0.7234181023047276,1,1
518152,Tobias Peitz,24/25,2025,1,0.7230777957910222,1,0
1056223,Andreas Chatzinikolaou,24/25,2025,0,0.7230520788969834,1,1
746695,Kamaldeen Sulemana,24/25,2025,1,0.7230492646886403,1,0
692121,Robert Filip,24/25,2025,1,0.7230352039185721,1,0
394304,Manolo Portanova,24/25,2025,1,0.7229768389694138,1,0
465255,Tommaso Gentile,24/25,2025,1,0.722974600152109,1,0
970633,Unai Hernández,24/25,2025,1,0.7229585748946222,1,0
907634,Jacopo Cerasani,24/25,2025,1,0.7228546631422434,1,0
987811,Ifeanyi David Nduka,24/25,2025,1,0.7227883041005648,1,0
162044,Cristian Herrera,24/25,2025,1,0.7227088770583362,1,0
498000,Gavin Didzilatis,24/25,2025,1,0.7226118556540025,1,0
172015,Fernando Pacheco,24/25,2025,1,0.7225723376817533,1,0
524924,Mattia Trinchera,24/25,2025,0,0.7225542288640615,1,1
800988,Benjamin Boakye,24/25,2025,1,0.722528043984894,1,0
116968,Carlos Izquierdoz,24/25,2025,0,0.7224461311786134,1,1
526784,Amadou Ciss,24/25,2025,1,0.7224456581927012,1,0
801357,Gabriel Pellegrino,24/25,2025,1,0.7223217746020403,1,0
284724,Nehuén Paz,24/25,2025,1,0.7222394339088922,1,0
931961,Onur Kaplan,24/25,2025,0,0.7221034048234645,1,1
1045438,Safyan Toure,24/25,2025,1,0.7220720590914593,1,0
447823,Oier Luengo,24/25,2025,0,0.7220259292633543,1,1
1075574,Amidou Doumbouya,24/25,2025,1,0.7220230790614856,1,0
727697,Nico Grimbs,24/25,2025,1,0.721833198541315,1,0
980464,Pedro Igor,24/25,2025,0,0.7216500167674289,1,1
290412,Francesco Bigotto,24/25,2025,0,0.7214440512875681,1,1
512365,José Ortega,24/25,2025,0,0.7213825832164635,1,1
65001,Armend Alimi,24/25,2025,1,0.7211319796135671,1,0
377606,Mohamed Al-Shebli,24/25,2025,0,0.7209176277570573,1,1
187290,Kevin Brobbey,24/25,2025,1,0.7207293671414743,1,0
1295593,Nicholas Dmitrovic,24/25,2025,0,0.7206702710879682,1,1
240343,Vincenzo Guarino,24/25,2025,1,0.720579918039964,1,0
510369,Carlos Cordero,24/25,2025,0,0.7204659507310537,1,1
75327,Marco Calderoni,24/25,2025,0,0.7204533996529376,1,1
353396,Dylan Mboumbouni,24/25,2025,1,0.7202343726719257,1,0
99296,Sema Velázquez,24/25,2025,1,0.7202280706545434,1,0
61360,Ciro Sirignano,24/25,2025,0,0.7199927625311228,1,1
540887,Enrico Oviszach,24/25,2025,1,0.7198027945309619,1,0
361540,Nazzareno Ciccarelli,24/25,2025,1,0.719764355077403,1,0
513175,Adrián Crespo,24/25,2025,0,0.7197201512176605,1,1
158569,Marco Spinosa,24/25,2025,1,0.7196348834489301,1,0
1077670,Axel Tape,24/25,2025,1,0.7195739174684959,1,0
710653,Iker Alday,24/25,2025,1,0.7195260414994163,1,0
633093,Eneko Aguilar,24/25,2025,1,0.7192973126290475,1,0
1054169,Giulio Scuderi,24/25,2025,1,0.7192033249440534,1,0
234249,Federico Andrada,24/25,2025,1,0.719146698055201,1,0
713644,Bryan Zaragoza,24/25,2025,1,0.7190853054155419,1,0
250686,Bjørn Johnsen,24/25,2025,0,0.7190709084872414,1,1
883122,Anas Haj Mohamed,24/25,2025,1,0.719051647493884,1,0
199303,Paolo Valagussa,24/25,2025,1,0.7189526999117966,1,0
1299058,Joey Zwaan,24/25,2025,0,0.7189351639495126,1,1
572431,Valerio Baldassi,24/25,2025,1,0.7188990186628291,1,0
1175271,Francesco Fazio,24/25,2025,1,0.718873561048741,1,0
259930,Gabriel Fernández,24/25,2025,0,0.7188537447567567,1,1
62358,Luca Castiglia,24/25,2025,0,0.7188389019686812,1,1
614992,Fotis Kotsonis,24/25,2025,1,0.7186590193942795,1,0
265970,Yusuf Cela,24/25,2025,1,0.7185967935334335,1,0
636693,David Navarro,24/25,2025,0,0.71835020814026,1,1
636331,André Shinyashiki,24/25,2025,0,0.7182775032577513,1,1
867611,José de León,24/25,2025,1,0.7182004211935794,1,0
280416,Housem Ferchichi,24/25,2025,1,0.7181677321780292,1,0
976203,Francesco Rucci,24/25,2025,1,0.7181188656442876,1,0
620388,Filippo Carli,24/25,2025,1,0.7181072366169068,1,0
1120307,Destiny Ilahude,24/25,2025,0,0.7180925401356516,1,1
899542,Lorenzo Romani,24/25,2025,1,0.7180730308318032,1,0
692739,Miraç Asıltekin,24/25,2025,1,0.7179519311241553,1,0
673976,Anders Hoff,24/25,2025,0,0.7178885700753027,1,1
387601,Giuseppe Stancampiano,24/25,2025,1,0.7178403690215072,1,0
341497,Antonio Martiniello,24/25,2025,1,0.7176155543050841,1,0
131951,Kevin Lasagna,24/25,2025,1,0.7175930071704186,1,0
712042,Jacopo Ricco,24/25,2025,1,0.7174963349753619,1,0
164534,Francesco Forte,24/25,2025,1,0.7174650787931836,1,0
998104,Gergely Kocsis,24/25,2025,1,0.7173724712128408,1,0
917158,Davide Ziu,24/25,2025,0,0.7173350722716209,1,1
615350,Cenk Özkacar,24/25,2025,1,0.7172758129247806,1,0
324819,Maxime Bernauer,24/25,2025,1,0.7172464600918467,1,0
448920,Enea Mihaj,24/25,2025,1,0.7170037379686791,1,0
716685,Giannis Ioannidis,24/25,2025,0,0.7169363364884668,1,1
602223,Kay Seidemann,24/25,2025,0,0.7168628262451914,1,1
712181,James Wright,24/25,2025,0,0.7168003672296777,1,1
390691,Adri Pérez,24/25,2025,1,0.7162761849691277,1,0
254487,Jean Luc Assoubre,24/25,2025,1,0.7162583165606303,1,0
696246,Patrik Mijic,24/25,2025,0,0.716248578167531,1,1
668276,Hugo Novoa,24/25,2025,1,0.7161446906855127,1,0
356396,Joe Wright,24/25,2025,1,0.7161164535604442,1,0
1187269,Alessio Pesoli,24/25,2025,1,0.716087645372273,1,0
328965,Aristotelis Kollaras,24/25,2025,1,0.716024989446268,1,0
35416,David McGoldrick,24/25,2025,1,0.7158153506246486,1,0
460216,Jack Earing,24/25,2025,1,0.7158034042776517,1,0
883346,Tommaso Ricordi,24/25,2025,1,0.7154035744070024,1,0
186621,Vasilios Gavriilidis,24/25,2025,0,0.7152936589747217,1,1
622745,William Mackleyther,24/25,2025,1,0.7152048285039346,1,0
611905,Claudio Messaggi,24/25,2025,0,0.7151146085551606,1,1
375392,Paulo Moreira,24/25,2025,0,0.7150599762316617,1,1
490967,Andri Gudjohnsen,24/25,2025,1,0.7149970179891078,1,0
830890,Marvin Senaya,24/25,2025,1,0.7149275489996185,1,0
379820,Francesco Mazzavillani,24/25,2025,0,0.7149161861850716,1,1
391797,Matteo Della Morte,24/25,2025,1,0.7148777618161885,1,0
1174855,Dominik Hegedus,24/25,2025,0,0.7146703961635883,1,1
907917,Kristaps Grabovskis,24/25,2025,1,0.7143079714033685,1,0
728311,Edmilson Correia,24/25,2025,0,0.7142067250264762,1,1
340437,Andrea Paolelli,24/25,2025,0,0.713971253780059,1,1
783880,Rafa Diz,24/25,2025,1,0.7139515951074766,1,0
536341,Diego Stramaccioni,24/25,2025,1,0.713713681063142,1,0
546543,Darwin Núñez,24/25,2025,1,0.713633495184018,1,0
829838,Hennes Behrens,24/25,2025,0,0.7134248361895488,1,1
445971,Manolis Aliatidis,24/25,2025,1,0.713284241041643,1,0
624542,Damiano Lazzeri,24/25,2025,0,0.7132021687834593,1,1
324111,Teun Bijleveld,24/25,2025,1,0.7131311143595878,1,0
401064,Alessandro Rossi,24/25,2025,1,0.7131192405902879,1,0
439488,Diego Díaz,24/25,2025,0,0.7130810287526128,1,1
1159175,Mathew Gbomadu,24/25,2025,0,0.7128602127416964,1,1
709830,Francis Ezeh,24/25,2025,0,0.712666416699203,1,1
365449,Xian Emmers,24/25,2025,1,0.712659126139592,1,0
576040,Elvis Sakyi,24/25,2025,1,0.712243429229466,1,0
223974,Stefan Posch,24/25,2025,1,0.7121573826865187,1,0
820723,Jan Urbich,24/25,2025,1,0.7121042205395269,1,0
907464,Tommy Leigh,24/25,2025,0,0.7119825546543809,1,1
634290,Abraham Bahachille,24/25,2025,1,0.7118041740308814,1,0
116094,Philip Fontein,24/25,2025,1,0.7117859413676245,1,0
877594,Luca Maini,24/25,2025,1,0.7115165487708243,1,0
160374,Riccardo Galli,24/25,2025,0,0.7115024489355384,1,1
916429,Kelvin Patrick,24/25,2025,1,0.7114649291002286,1,0
894668,Stefan Bukinac,24/25,2025,0,0.7114130865658413,1,1
65262,Rubén Martínez,24/25,2025,0,0.7112798512735794,1,1
340394,Abdelhamid Sabiri,24/25,2025,0,0.7112679913440688,1,1
611174,Jofre Cherta,24/25,2025,1,0.710930652520985,1,0
373538,Daniel Zinon Kouko,24/25,2025,1,0.7108804143420817,1,0
353967,Şiyar Kepir,24/25,2025,1,0.7107855468736318,1,0
840794,Dylan Perera,24/25,2025,0,0.7106699495724382,1,1
178107,Michael Santos,24/25,2025,0,0.7102171849144452,1,1
417575,Uros Racic,24/25,2025,1,0.7101553689012273,1,0
392576,Jani Atanasov,24/25,2025,1,0.7100636733135188,1,0
311435,Ferni,24/25,2025,1,0.7099582392642257,1,0
110934,Simone Sini,24/25,2025,0,0.7098619470171139,1,1
926854,Noel López,24/25,2025,1,0.7097495565716871,1,0
440737,Nemanja Tosic,24/25,2025,0,0.7096811559122609,1,1
724041,Enock Agyei,24/25,2025,0,0.7095842363287299,1,1
168245,Giordano Pantano,24/25,2025,1,0.7095784629216502,1,0
644158,Lucas Silva,24/25,2025,0,0.7095591478678055,1,1
345189,Luka Lochoshvili,24/25,2025,1,0.7093677435548451,1,0
575693,Ibrahim Cissoko,24/25,2025,1,0.7093545984450307,1,0
69392,Adriano Grimaldi,24/25,2025,1,0.7092859904241461,1,0
906731,Răzvan Morariu,24/25,2025,0,0.7091090126937589,1,1
456877,Rekeem Harper,24/25,2025,1,0.7088574526772791,1,0
493983,Pavel Sokol,24/25,2025,1,0.7088314584682895,1,0
336863,Juanjo Chavalés,24/25,2025,0,0.7085098858831814,1,1
341717,Miguel Acosta,24/25,2025,1,0.7084397737224003,1,0
509234,Mattéo Ahlinvi,24/25,2025,0,0.7084289345373734,1,1
390304,Federico Ravaglia,24/25,2025,0,0.7084228510071152,1,1
358261,Konstantinos Doumtsios,24/25,2025,1,0.7083997016207119,1,0
470807,Alessio Calisto,24/25,2025,1,0.7083732357869388,1,0
1001362,Max Vartuli,24/25,2025,0,0.7082280097510687,1,1
700405,Ollie Tanner,24/25,2025,0,0.7078499294782468,1,1
636147,Marcos Bustillo,24/25,2025,1,0.7077703064817827,1,0
365175,Benson Sakala,24/25,2025,1,0.7077186564268726,1,0
156887,Álvaro Peña,24/25,2025,1,0.7077045913579318,1,0
1056760,Michael Manuzzi,24/25,2025,1,0.7076367324599593,1,0
1009941,Álex García,24/25,2025,1,0.7076288418884379,1,0
1014054,Andrea Melani,24/25,2025,1,0.7075080631675688,1,0
342702,Michel Vlap,24/25,2025,1,0.7074376766693949,1,0
671108,Kota Takai,24/25,2025,1,0.7074123139349746,1,0
567454,Lorenzo Lucchesi,24/25,2025,1,0.7072440093302226,1,0
185817,Jizz Hornkamp,24/25,2025,0,0.7072016484617585,1,1
728262,Julián Palacios,24/25,2025,0,0.707154031994323,1,1
998321,Johan Bångsbo,24/25,2025,1,0.7069294672614089,1,0
884850,Antonio Toral,24/25,2025,1,0.7069221032026497,1,0
818461,Marco Bevilacqua,24/25,2025,1,0.7069051377480777,1,0
745114,Adrián Flaqué,24/25,2025,0,0.7068326309571349,1,1
267035,Jannes Vollert,24/25,2025,0,0.7067162100485954,1,1
911126,Cristian Pecci,24/25,2025,0,0.7066412738078005,1,1
397448,Andrea Procaccio,24/25,2025,0,0.7063921766877796,1,1
916165,Jan Stein,24/25,2025,1,0.7063332582146429,1,0
266203,Makis Giannikoglou,24/25,2025,1,0.7062766547618313,1,0
616823,Alain García,24/25,2025,1,0.7061953103346761,1,0
461505,Ricardo Silva,24/25,2025,1,0.7059177759822297,1,0
385413,Marco Sfanò,24/25,2025,1,0.7059114096000365,1,0
240892,Bongani Zungu,24/25,2025,0,0.7055487238328715,1,1
892165,Sergej Levak,24/25,2025,1,0.7054432700557872,1,0
504075,Rafael Brito,24/25,2025,0,0.7054170590533955,1,1
986231,Elia Caneva,24/25,2025,1,0.7053828717643871,1,0
635570,Ander Dufur,24/25,2025,1,0.7050765541413578,1,0
341088,Jacopo Pagnini,24/25,2025,1,0.7050439224933119,1,0
390159,Vincenzo Millico,24/25,2025,1,0.7050266091289294,1,0
250777,Fabrizio Ferrante,24/25,2025,0,0.7049755395010993,1,1
944583,Marko Perovic,24/25,2025,0,0.704820157740887,1,1
1065998,Edoardo Olivieri,24/25,2025,1,0.704793827549745,1,0
624870,Ed Carlos,24/25,2025,1,0.704755088133559,1,0
629039,Luka Reischl,24/25,2025,1,0.7047427512748327,1,0
635944,Nico Conesa,24/25,2025,1,0.7045625880139039,1,0
336370,Jesaja Herrmann,24/25,2025,1,0.7043404125599867,1,0
390638,Arthur Cabral,24/25,2025,1,0.7042789022618322,1,0
707785,Guglielmo Mignani,24/25,2025,1,0.7041569599547389,1,0
941458,Jere Vrcic,24/25,2025,0,0.704109506016496,1,1
888290,Iker Pedernales,24/25,2025,0,0.7039771461370894,1,1
625338,Marcos Bautista,24/25,2025,1,0.7039102909646852,1,0
1088420,Michele Sasso,24/25,2025,1,0.7036923305294789,1,0
451848,Geoffrey Acheampong,24/25,2025,1,0.7035407742786525,1,0
164771,Jordan Veretout,24/25,2025,1,0.7035231925417682,1,0
241402,Rewan Amin,24/25,2025,0,0.7034840177399786,1,1
467992,Samuele Ricci,24/25,2025,1,0.7034392650716764,1,0
525850,Kane Smith,24/25,2025,1,0.7034131676237853,1,0
937042,Darius Fălcușan,24/25,2025,1,0.7033576828089684,1,0
1059365,Álex Maroto,24/25,2025,1,0.70335523617678,1,0
226005,Franco Fragapane,24/25,2025,0,0.7033290012663589,1,1
885310,Ardit Nuredini,24/25,2025,1,0.7033081683753915,1,0
269171,Gökhan Gül,24/25,2025,1,0.7032502390256133,1,0
923536,Andreas Myklebust,24/25,2025,0,0.703218590877387,1,1
568362,Suphanat Mueanta,24/25,2025,0,0.7031844131983811,1,1
152431,Dominic Baumann,24/25,2025,1,0.7031054616648283,1,0
542570,Roberto Pierno,24/25,2025,1,0.7030449789130125,1,0
1015829,Tugra Turhan,24/25,2025,1,0.702970766655886,1,0
433257,Arvin Appiah,24/25,2025,1,0.7028920668968799,1,0
463776,Antonio Granata,24/25,2025,1,0.7026818275460275,1,0
158770,Mauro Quiroga,24/25,2025,0,0.7026726664344038,1,1
875208,Johnny Kenny,24/25,2025,0,0.7025311774611369,1,1
646737,Marcos Denia,24/25,2025,1,0.7023750155909044,1,0
457031,Ibrahima Ndiaye,24/25,2025,1,0.7023610563307631,1,0
614228,Jaume Villar,24/25,2025,0,0.7023106498105957,1,1
312678,Léo Duarte,24/25,2025,0,0.7022826651451981,1,1
584809,Ivan Durdov,24/25,2025,0,0.702063378763585,1,1
1123842,Alexander Zenti,24/25,2025,1,0.7019836022751572,1,0
401386,David Tomassini,24/25,2025,0,0.7018824126028588,1,1
931783,David Sellés,24/25,2025,1,0.701876941791759,1,0
966905,Marco Ladisa,24/25,2025,0,0.701663260103635,1,1
483104,Soufiane Lagzir,24/25,2025,1,0.7015229241405391,1,0
462250,João Félix,24/25,2025,1,0.7012992090640079,1,0
838221,Dudu Hatamoto,24/25,2025,1,0.7012450534901569,1,0
440323,Ismael Benktib,24/25,2025,1,0.7009049949828491,1,0
915492,Giulio Mengucci,24/25,2025,1,0.7009015272908317,1,0
830841,Leonel Bucca,24/25,2025,1,0.7008842014416926,1,0
386685,Matheo Raab,24/25,2025,1,0.700882041565674,1,0
340521,Gui Ramos,24/25,2025,0,0.7008660024588875,1,1
400671,Daan Klomp,24/25,2025,1,0.700832358396715,1,0
291266,Godfred Donsah,24/25,2025,0,0.7008011980981452,1,1
746145,Tomoyuki Doi,24/25,2025,1,0.700366986157852,1,0
715636,Iván López,24/25,2025,1,0.7003650650548674,1,0
424709,Cheick Timite,24/25,2025,1,0.7003512406130722,1,0
1182972,Andrea Santarelli,24/25,2025,1,0.7001291625740512,1,0
568722,Jake Engerer,24/25,2025,0,0.7000237288470272,1,1
629383,Dani Garrido,24/25,2025,1,0.7000123476787848,1,0
336856,Luis Acosta,24/25,2025,0,0.7000011670540287,1,1
350347,Michael Woud,24/25,2025,0,0.6998967722255124,1,1
737256,Manuel Botta,24/25,2025,1,0.6998685211702197,1,0
234006,Keagan Dolly,24/25,2025,1,0.6997597446915921,1,0
1151630,Álex Rubio,24/25,2025,1,0.6997488711834041,1,0
522731,Pablo Bolado,24/25,2025,1,0.699681693456433,1,0
903563,Matteo Rizzo,24/25,2025,1,0.6996486980697941,1,0
197482,Antonio Palma,24/25,2025,1,0.6996131862653108,1,0
566630,Romeo Vucic,24/25,2025,0,0.6995659572888224,1,1
371370,Ismet Sinani,24/25,2025,1,0.6994265167407989,1,0
669933,Jonata Machado,24/25,2025,1,0.699387610268752,1,0
178459,Davie Selke,24/25,2025,1,0.6993754834981516,1,0
1013106,Guillem Terma,24/25,2025,1,0.6993530886020649,1,0
1095428,Hugo Riccobene,24/25,2025,0,0.6993462652019844,1,1
598136,Christoph Maier,24/25,2025,1,0.6993155238317273,1,0
635803,Oluwatobiloba Alagbe,24/25,2025,0,0.6989573724860575,1,1
803421,Max Conway,24/25,2025,0,0.6989565522572337,1,1
531121,Juan Gutiérrez,24/25,2025,0,0.6988885926416623,1,1
188478,Radoslav Tsonev,24/25,2025,1,0.698766393269151,1,0
422287,Konstantinos Panagou,24/25,2025,1,0.6986188282303045,1,0
661157,Marcel Ruszel,24/25,2025,1,0.6985817236012467,1,0
140757,Daniel Bessa,24/25,2025,1,0.6984732821197077,1,0
564968,Francisco Meixedo,24/25,2025,1,0.6983426120683855,1,0
894945,Anartz Peña,24/25,2025,0,0.6982825459049812,1,1
113400,Aubrey David,24/25,2025,0,0.6981938422287226,1,1
842802,Javier Akapo,24/25,2025,1,0.6981243203720784,1,0
282799,Kaloudis Lemonis,24/25,2025,1,0.6980448031612325,1,0
461726,Alessandro Martina,24/25,2025,1,0.6980394839513338,1,0
581000,Eynel Soares,24/25,2025,0,0.6978883900125328,1,1
1170812,Riccardo Ornaghi,24/25,2025,1,0.6978103392101953,1,0
496606,Dominick Zator,24/25,2025,1,0.697571082428563,1,0
423289,Álvaro Salinas,24/25,2025,1,0.6974973522789637,1,0
331501,Erick Ferigra,24/25,2025,1,0.6972859279098336,1,0
669517,David Ruiz,24/25,2025,1,0.6972518738541513,1,0
846358,Kerr Smith,24/25,2025,1,0.6972121622941163,1,0
239584,Matteo Gerbaudo,24/25,2025,1,0.6970654409220498,1,0
1055082,Andrea Oliviero,24/25,2025,0,0.6970481979374881,1,1
556059,Marino Illescas,24/25,2025,1,0.6968135078708978,1,0
604458,Aaron Sky Schwarz,24/25,2025,1,0.6967324678383953,1,0
665525,Jayson Papeau,24/25,2025,1,0.696669285708724,1,0
725677,Fritz Schröder,24/25,2025,0,0.696668372973424,1,1
309923,Jaime Moreno,24/25,2025,0,0.6965722065918241,1,1
1056392,Jakub Greliak,24/25,2025,1,0.6965534111876373,1,0
280387,Vincent Sierro,24/25,2025,1,0.696493261798295,1,0
808452,Jack Milne,24/25,2025,0,0.6964135423943888,1,1
445241,Roberto Iezzi,24/25,2025,1,0.6962972442920671,1,0
499341,Milorad Stajic,24/25,2025,1,0.6962588202681023,1,0
603691,Ernestas Juškevičius,24/25,2025,1,0.6961849390470741,1,0
240401,Carlo Caporali,24/25,2025,1,0.6961170251100233,1,0
459300,Axel Desjardins,24/25,2025,1,0.6959526836228503,1,0
549034,Rafa Rodrigues,24/25,2025,1,0.695780953826032,1,0
621933,Clemens Steinbauer,24/25,2025,1,0.695614357175448,1,0
1258840,Asier Larrión,24/25,2025,1,0.6956105629329129,1,0
306166,Nuno Da Costa,24/25,2025,1,0.6952123878018633,1,0
596880,Jesús Cambil,24/25,2025,1,0.6952014925956086,1,0
405833,Bruno Silva,24/25,2025,0,0.6950106241565511,1,1
1052859,Vladyslav Kopotun,24/25,2025,0,0.6949803658449071,1,1
381209,Rober Sierra,24/25,2025,1,0.6948956551327747,1,0
56898,Salvatore Caturano,24/25,2025,1,0.6947386886992168,1,0
359210,Alfa Semedo,24/25,2025,1,0.6946332900602641,1,0
866888,José Matos,24/25,2025,1,0.6944247412588023,1,0
662452,Juan Alegría,24/25,2025,1,0.6943901754474111,1,0
125918,Lucas Villafañez,24/25,2025,0,0.6943866266696205,1,1
551233,Álvaro Mayorga,24/25,2025,1,0.694359180870221,1,0
1071651,Ousmane Sow,24/25,2025,0,0.6943318419094004,1,1
710860,Leandro Alves,24/25,2025,0,0.6942679529756851,1,1
815477,Michele Tommasi,24/25,2025,0,0.6941933880770113,1,1
128905,Josh McEachran,24/25,2025,1,0.694172684571031,1,0
670682,Marco Cruz,24/25,2025,1,0.693900700404113,1,0
862392,Marco Orfano,24/25,2025,1,0.6938003507921967,1,0
210683,Juanma Acevedo,24/25,2025,1,0.6936896901163202,1,0
1176418,Owen Stirton,24/25,2025,1,0.6934567044188825,1,0
605242,Monju Momuluh,24/25,2025,1,0.6934122765906044,1,0
896526,Patrick Kelly,24/25,2025,1,0.6933684673311752,1,0
1025744,Rafael Vlăsceanu,24/25,2025,1,0.693159199101515,1,0
336070,Álvaro Casas,24/25,2025,1,0.6930802689188886,1,0
295024,Samet Akaydin,24/25,2025,0,0.6930277863005022,1,1
470815,Niklas Tauer,24/25,2025,0,0.6929330601455368,1,1
784911,Diego Gutiérrez,24/25,2025,1,0.6927572399636855,1,0
401581,Gianluca Mancuso,24/25,2025,1,0.692745096199134,1,0
354664,Junior Flemmings,24/25,2025,0,0.692554199431214,1,1
416587,Vladan Djekic,24/25,2025,1,0.6924995237756457,1,0
193050,Valmir Sulejmani,24/25,2025,1,0.6924151448084779,1,0
522664,Diego Ruiz,24/25,2025,1,0.6923830235611255,1,0
615618,Santiago Eneme,24/25,2025,1,0.6923798839814784,1,0
491705,Facundo Colidio,24/25,2025,0,0.6923514717644053,1,1
894456,Dachi Lordkipanidze,24/25,2025,0,0.6923307078662094,1,1
1036533,Matteo Cabella,24/25,2025,0,0.6920662095537218,1,1
650472,Blnd Hassan,24/25,2025,1,0.6920066510400797,1,0
928046,Giulio Misitano,24/25,2025,1,0.6919003835381454,1,0
333494,Jakub Pokorny,24/25,2025,1,0.691853925453238,1,0
243555,Miguel Santos,24/25,2025,0,0.6917348396803823,1,1
933830,Chalpan Abdulnasir,24/25,2025,0,0.6916039155342614,1,1
262608,Adama Traoré,24/25,2025,0,0.691559669562094,1,1
469828,Mihajlo Neskovic,24/25,2025,0,0.6914271941559665,1,1
465555,Djordje Petrovic,24/25,2025,1,0.6913663268597524,1,0
1245815,Siviwe Magidigidi,24/25,2025,1,0.6912776856016641,1,0
663244,Jota Silva,24/25,2025,1,0.6911855308306026,1,0
312341,Luca Ravanelli,24/25,2025,1,0.6910386763246258,1,0
1101344,Emanuele Zanaboni,24/25,2025,1,0.6907683737846398,1,0
1086319,Lucio Bonofiglio,24/25,2025,1,0.6907565070156454,1,0
358425,Gonzalo Di Renzo,24/25,2025,1,0.6907052696663127,1,0
174733,Omar Colley,24/25,2025,1,0.6907020813838547,1,0
420465,Tiago Djaló,24/25,2025,1,0.690518838319047,1,0
234286,Mihai Leca,24/25,2025,1,0.6905091734503792,1,0
400871,Kacper Krzepisz,24/25,2025,1,0.6902605341693794,1,0
1306528,Filippo Vignaroli,24/25,2025,0,0.6900740566879281,1,1
1054332,Riccardo Bordoni,24/25,2025,1,0.6897744370094436,1,0
932763,Alessandro Di Bitonto,24/25,2025,1,0.6897402909725749,1,0
357997,Thomas Schirò,24/25,2025,1,0.6897282038771068,1,0
86083,Richard Marcone,24/25,2025,1,0.6896417661537783,1,0
373374,Brian Mansilla,24/25,2025,1,0.6894270756775034,1,0
723823,Vlad Rafailă,24/25,2025,1,0.6893603096456069,1,0
290733,Gian Filippo Felicioli,24/25,2025,0,0.6893528025533726,1,1
744960,Mohamed Souboul,24/25,2025,0,0.6892551971667903,1,1
559800,Oliver Casey,24/25,2025,0,0.689245984336698,1,1
1165116,Cosimo Bigazzi,24/25,2025,0,0.6890072483260932,1,1
940135,Christos Papadopoulos,24/25,2025,1,0.6888741306532283,1,0
1186672,Valerio Bertucci,24/25,2025,1,0.6888670931874318,1,0
802629,Isaac Ogundere,24/25,2025,0,0.6887860754526018,1,1
55605,Hasan Ali Kaldırım,24/25,2025,1,0.688778965611209,1,0
528387,Dato Chertkoev,24/25,2025,0,0.6885110972236658,1,1
1038310,Rody Junior Effaghe,24/25,2025,0,0.6883161482758503,1,1
928591,Tiziano Vianello,24/25,2025,1,0.6882756458548376,1,0
314367,Marcus Edwards,24/25,2025,1,0.6882732617768141,1,0
575212,Isaac Fletcher,24/25,2025,0,0.6882532237168772,1,1
935231,Víctor Muñoz,24/25,2025,1,0.6881695833320073,1,0
199633,Raman Chibsah,24/25,2025,1,0.6880670533179879,1,0
1270449,Aarón Martin,24/25,2025,1,0.6880626875049172,1,0
151620,Gergő Nagy,24/25,2025,1,0.6880327259749931,1,0
263860,Jason Remeseiro,24/25,2025,1,0.6880156172056897,1,0
433091,Jalen Hawkins,24/25,2025,0,0.6879499947085663,1,1
100722,Lago Júnior,24/25,2025,1,0.6878589472726622,1,0
526992,Alessandro Galeandro,24/25,2025,0,0.6878038791813244,1,1
1033919,Mahamadou Doumbia,24/25,2025,1,0.6874336601848393,1,0
481834,Andrea Carboni,24/25,2025,0,0.6872930032658178,1,1
91059,Joshua King,24/25,2025,1,0.6871919486507502,1,0
1348532,Juanma Cordero,24/25,2025,0,0.6871597301741994,1,1
640492,Faissal Zangré,24/25,2025,1,0.6870330087138109,1,0
1073023,Radoslaw Zelezny,24/25,2025,1,0.6869669192813357,1,0
89368,Borja García,24/25,2025,0,0.686861726974583,1,1
410222,Ousseynou Thioune,24/25,2025,1,0.6868602524312449,1,0
451942,Sam Todd,24/25,2025,0,0.6865847571274547,1,1
1047861,Watts,24/25,2025,1,0.6865180464617333,1,0
718115,Zini,24/25,2025,0,0.6863576657511347,1,1
934651,Leon Çalışkan,24/25,2025,1,0.6862226566005811,1,0
324803,Nicolas Janvier,24/25,2025,0,0.686198215608452,1,1
823893,Giovanni Zito,24/25,2025,1,0.6861761700796944,1,0
930571,Oscar Gloukh,24/25,2025,1,0.6859655562825767,1,0
1033478,Gastón Valles,24/25,2025,1,0.6859243738773763,1,0
720517,Matías Barboza,24/25,2025,1,0.6858827129567169,1,0
930751,Iacopo Casani,24/25,2025,1,0.6858591289702529,1,0
718123,Samuel Nongoh,24/25,2025,0,0.685850657555157,1,1
156721,Luka Milunovic,24/25,2025,1,0.6858487746828924,1,0
503987,Noni Madueke,24/25,2025,1,0.6857577176637435,1,0
1056171,Alessandro Bassino,24/25,2025,0,0.6855759278889063,1,1
830113,Steven Nsimba,24/25,2025,1,0.6854476118663092,1,0
724711,Matyas Jedlicka,24/25,2025,0,0.6854131002038989,1,1
668211,Marcos Sánchez,24/25,2025,1,0.6853771238234884,1,0
550466,Ivan Turitsov,24/25,2025,0,0.6850916803574295,1,1
610484,Adel Bettaieb,24/25,2025,1,0.6850128417859482,1,0
632499,Pablo Gálvez,24/25,2025,0,0.6848390445087295,1,1
636302,Jordi Pola,24/25,2025,0,0.6848312490379499,1,1
907633,Giorgio Citterio,24/25,2025,0,0.6846744173942961,1,1
537944,Ilias Karargyris,24/25,2025,1,0.6845310501004582,1,0
584546,Rodri Hernando,24/25,2025,0,0.6845227781721622,1,1
655723,Kyran Lofthouse,24/25,2025,1,0.6843377254282584,1,0
719986,Fito,24/25,2025,0,0.6842216777482353,1,1
1053246,Chidera Okoh,24/25,2025,0,0.6841892794238924,1,1
341317,Oliver Burke,24/25,2025,1,0.683997417172555,1,0
627293,Manín Gonzaga,24/25,2025,0,0.6838753626697871,1,1
38998,Marquitos,24/25,2025,0,0.6838169574083877,1,1
321895,Youssouf Dao,24/25,2025,0,0.6837886087866839,1,1
315871,Federico Valietti,24/25,2025,1,0.6836622344076336,1,0
696599,Cyril Khetir,24/25,2025,1,0.6836453859897588,1,0
341093,Filippo Boccardi,24/25,2025,1,0.6836296317140955,1,0
502245,Dion De Neve,24/25,2025,1,0.6836192037237868,1,0
740191,Kevin Doukoure,24/25,2025,0,0.6836161441404646,1,1
321551,Abdullah Celik,24/25,2025,1,0.6833857265323486,1,0
388139,Mateo Topic,24/25,2025,0,0.6830972239084342,1,1
118317,Afonso Taira,24/25,2025,1,0.682971813529331,1,0
344605,Boubakary Soumaré,24/25,2025,0,0.68288112516152,1,1
1333057,Ettore Sani,24/25,2025,1,0.6827800164969619,1,0
336041,Victor Mena,24/25,2025,1,0.6824646590191118,1,0
593934,Nuno Rodrigues,24/25,2025,0,0.6824537245271335,1,1
932733,Leonardo Baroncelli,24/25,2025,1,0.6823482577163801,1,0
724036,Apostolos Christopoulos,24/25,2025,0,0.6823191553084675,1,1
574769,Alejandro Santana Viniegra,24/25,2025,1,0.6822928472781874,1,0
485729,Fashion Sakala,24/25,2025,0,0.6822787336342496,1,1
909737,Matías Galarza,24/25,2025,0,0.6821632954255468,1,1
298635,Grigoris Kastanos,24/25,2025,1,0.6821570726116637,1,0
1034123,Enrico Rovinelli,24/25,2025,0,0.6821533152672549,1,1
290701,Georges Douglas Petdji Tsila,24/25,2025,1,0.6820069368156775,1,0
1099924,Yael Trepy,24/25,2025,0,0.6819945971875742,1,1
278205,Viktor Ergin,24/25,2025,1,0.6819134880367954,1,0
501007,Marko Bugarin,24/25,2025,0,0.6816682274653699,1,1
805835,Rémy Vita,24/25,2025,1,0.6816112113043999,1,0
204180,Atabey Çiçek,24/25,2025,0,0.681586646062501,1,1
332250,Nicolás Oroz,24/25,2025,0,0.6814121706024259,1,1
90772,Cem Ekinci,24/25,2025,1,0.6813825331182083,1,0
720524,Alexis Chamorro,24/25,2025,0,0.681177570810776,1,1
289553,Xavier Gies,24/25,2025,1,0.6810481388667922,1,0
872090,Mouhcine Bouriga,24/25,2025,1,0.6810139586512819,1,0
941120,Yazid Joshan,24/25,2025,0,0.6808607376392395,1,1
832898,Simon Polasek,24/25,2025,1,0.6807796390837328,1,0
806168,Paul Joly,24/25,2025,1,0.6807404128620145,1,0
348520,Vincenzo Plescia,24/25,2025,1,0.6805144738234744,1,0
90451,Iván Marcone,24/25,2025,0,0.6804793038475672,1,1
619323,Fausto Perseu,24/25,2025,1,0.6803124078684722,1,0
999387,Christian Roseti,24/25,2025,1,0.6801555609934592,1,0
806392,Cheikh Touré,24/25,2025,1,0.6800760742695946,1,0
209291,Jack Bonham,24/25,2025,0,0.68006290872639,1,1
1073565,Nikola Medojevic,24/25,2025,0,0.6800391271658542,1,1
289713,Mamadou Fall,24/25,2025,0,0.680038761721856,1,1
61297,Milan Mijatovic,24/25,2025,0,0.6799944530997362,1,1
531909,Jordan Gele,24/25,2025,1,0.6797934776245641,1,0
177960,Hamza Barry,24/25,2025,1,0.6797480187201201,1,0
335821,George Ganea,24/25,2025,0,0.6797287054189562,1,1
1055547,Unax Álvarez,24/25,2025,0,0.6796340427809985,1,1
507486,Simon Sohm,24/25,2025,1,0.6795095342301668,1,0
194067,Moustapha,24/25,2025,0,0.6793290090146078,1,1
810888,Ken Tchouangue,24/25,2025,1,0.679215583792518,1,0
932752,Thomas Zouaghi,24/25,2025,1,0.6790245760870641,1,0
312683,Arthur Bonaldo,24/25,2025,0,0.6789921909094198,1,1
724034,Athanasios Karamanis,24/25,2025,0,0.6789423923077845,1,1
1226095,Miguel Ángel Abad,24/25,2025,0,0.6788532538016081,1,1
1194286,Gregorio Salvati,24/25,2025,1,0.6788351210341527,1,0
1056526,Cristiano Rizzo,24/25,2025,1,0.678588743863887,1,0
373433,Adryelson,24/25,2025,1,0.6785626299067469,1,0
561702,Gaizka Ayesa,24/25,2025,0,0.6784563594978991,1,1
675878,Cristian,24/25,2025,0,0.6782617855266504,1,1
222332,Lasha Dvali,24/25,2025,1,0.6781917824468368,1,0
421870,Michael Ntube,24/25,2025,0,0.6781094090525626,1,1
934461,Federico Chinetti,24/25,2025,1,0.6776966358786504,1,0
800028,Alexandros Kedikoglou,24/25,2025,0,0.6775509221272837,1,1
1318477,Farès Ben Rahem,24/25,2025,1,0.6775056445182239,1,0
282722,Álex Collado,24/25,2025,1,0.6774652796077933,1,0
90800,Diego Rodríguez,24/25,2025,0,0.6774421064197838,1,1
329327,Matteo Buratto,24/25,2025,1,0.6773652018165665,1,0
492000,Nikola Gavric,24/25,2025,1,0.6771742114703485,1,0
293228,Dario Saric,24/25,2025,1,0.6770927104934349,1,0
709182,Beñat de Jesús,24/25,2025,0,0.6770807301067578,1,1
244285,Sinan Kurt,24/25,2025,0,0.677062389720509,1,1
905949,Massil Adjaoudi,24/25,2025,0,0.677047669679734,1,1
255744,Samir Caetano,24/25,2025,1,0.6769981644961904,1,0
304319,Milos Zukanovic,24/25,2025,1,0.6769965626433896,1,0
1056025,Marco Fastiggi,24/25,2025,1,0.6769115618808623,1,0
352597,Lado Mokhevishvili,24/25,2025,1,0.6766978080211397,1,0
396085,Marco Ballabio,24/25,2025,0,0.6765823056105364,1,1
563340,Felipe Santos,24/25,2025,0,0.6765690734132753,1,1
1057054,Riccardo Barbana,24/25,2025,1,0.6764896245487402,1,0
441079,Mauro Cerutti,24/25,2025,1,0.676293095707657,1,0
572910,Benjamin Luis,24/25,2025,1,0.6758983174480198,1,0
264848,Rúben Lameiras,24/25,2025,0,0.6757486903190836,1,1
230552,Diego Laxalt,24/25,2025,1,0.6756570012063563,1,0
294534,Janni Serra,24/25,2025,0,0.6754811177085904,1,1
1233176,Cedric Gnazale,24/25,2025,0,0.6753537743015053,1,1
162959,Daniele Rugani,24/25,2025,0,0.6753491060872763,1,1
333092,Josiel Núñez,24/25,2025,1,0.6752978267113315,1,0
1020852,Abdulmalik Al-Jaber,24/25,2025,1,0.6752931715239358,1,0
590841,Migouel Alfarela,24/25,2025,1,0.6751694567593353,1,0
203532,Naby Sarr,24/25,2025,0,0.674882162067794,1,1
929742,Marco Nazzaro,24/25,2025,1,0.6747709350180047,1,0
1172382,Francesco Limberti,24/25,2025,0,0.6747011422522878,1,1
160624,Nils Brüning,24/25,2025,1,0.6745836709695125,1,0
742023,Romildo Del Piage,24/25,2025,1,0.674531564108257,1,0
1173845,Borna Ivanda,24/25,2025,1,0.6743919811625763,1,0
932737,Enea Pitti,24/25,2025,1,0.6742529879763319,1,0
395685,Gédéon Kalulu,24/25,2025,1,0.6742039709113493,1,0
344971,Nehar Sadiki,24/25,2025,1,0.6741389067006183,1,0
177596,Javi Bonilla,24/25,2025,0,0.6741266352199994,1,1
708388,Adrián Corral,24/25,2025,1,0.6740827937723407,1,0
999402,Diego Sia,24/25,2025,0,0.6740465931363906,1,1
913085,Néné Gbamblé,24/25,2025,0,0.6739839955484911,1,1
249210,Rubén Gálvez,24/25,2025,1,0.6738687377849605,1,0
791694,Luís Ribeiro,24/25,2025,1,0.6738322113140817,1,0
433652,Benjamin Kimpioka,24/25,2025,1,0.6738228649456176,1,0
636392,Dani Vidal,24/25,2025,1,0.6735844261999241,1,0
608534,Edward Bolaños,24/25,2025,0,0.6735797558306781,1,1
887738,Zylyf Muça,24/25,2025,1,0.673517830127894,1,0
632708,Willy Ibáñez,24/25,2025,1,0.6734286600871753,1,0
371148,Lenny Vallier,24/25,2025,1,0.673395360882345,1,0
1070312,Nathan Tronchet,24/25,2025,1,0.6732057146802587,1,0
1051090,Samuele Magni,24/25,2025,0,0.673137657955131,1,1
937956,Pau Prim,24/25,2025,1,0.6730615813850195,1,0
287327,Matteo Pautassi,24/25,2025,0,0.6730277678781419,1,1
1171530,Iker Galindo,24/25,2025,1,0.6728592259289479,1,0
696883,Juan Brunet,24/25,2025,1,0.6726824128397406,1,0
395070,Damiano Lia,24/25,2025,1,0.6726277943925872,1,0
932741,Mattia Ievoli,24/25,2025,1,0.6725923466953968,1,0
485591,Mohamed Taabouni,24/25,2025,1,0.6725550910576996,1,0
284737,Törles Knöll,24/25,2025,0,0.6724893136226524,1,1
709407,Dwann Oliveira,24/25,2025,1,0.67243043404639,1,0
847436,Igor Strzałek,24/25,2025,0,0.6723927254248797,1,1
740753,Gleb Vershinin,24/25,2025,0,0.6723315543556677,1,1
630523,Martin Svidersky,24/25,2025,1,0.672318796860007,1,0
500624,Filippo Vandelli,24/25,2025,1,0.6722921339994737,1,0
908295,Martín Cascajo,24/25,2025,1,0.672282334458164,1,0
842910,Ayrton Costa,24/25,2025,0,0.6721129745440731,1,1
456938,Javi Avilés,24/25,2025,0,0.6721097586413259,1,1
657446,Bernardo Couto,24/25,2025,0,0.6718871698934408,1,1
601894,Florian Horenburg,24/25,2025,1,0.6718028965337732,1,0
967823,Adrián Bobi,24/25,2025,1,0.6717913150307224,1,0
1185019,Benedikt Rottensteiner,24/25,2025,1,0.6717628253830518,1,0
610335,Iván Jaime,24/25,2025,1,0.6716399620177246,1,0
366278,Rodrigo Pinho,24/25,2025,0,0.671515580627272,1,1
541646,Diego Barri,24/25,2025,1,0.6714751910788941,1,0
536943,Daniele Olivieri,24/25,2025,1,0.6713688969242154,1,0
412539,Dimitar Iliev,24/25,2025,0,0.6713255986320973,1,1
406699,Mosawer Ahadi,24/25,2025,1,0.6712236019089104,1,0
362744,Elyaz Zidane,24/25,2025,0,0.6711860020125926,1,1
504398,Sergio Montero,24/25,2025,1,0.6711024891259147,1,0
139576,Édson Rivera,24/25,2025,0,0.6708112060162376,1,1
418567,Markus Solbakken,24/25,2025,1,0.6706167492176721,1,0
741252,Aarón Alonso,24/25,2025,1,0.6705802926783822,1,0
923141,Nikolaos Vakouftsis,24/25,2025,0,0.670448891895982,1,1
392179,Hjalmar Ekdal,24/25,2025,0,0.6704114384865896,1,1
548511,Federico Botti,24/25,2025,0,0.6702914024555772,1,1
717952,Mario de Luis,24/25,2025,1,0.6702247936464601,1,0
724023,Ondrej Kukucka,24/25,2025,1,0.6701648545892833,1,0
450196,Ugochukwu Oduenyi,24/25,2025,1,0.6701174515572661,1,0
36139,Dušan Tadić,24/25,2025,1,0.669839890858856,1,0
1056970,Asier Hierro,24/25,2025,0,0.669832845815991,1,1
363541,Samu Pérez,24/25,2025,1,0.6697082873974072,1,0
1044735,Filip Mikes,24/25,2025,1,0.6696832067134205,1,0
568484,Andrea Romano,24/25,2025,0,0.6694909931889801,1,1
486597,Matías Nani,24/25,2025,1,0.6691727095381834,1,0
1035765,Ilyas Ansah,24/25,2025,1,0.669170608527062,1,0
238367,Cassiano,24/25,2025,0,0.6691579857921345,1,1
953514,Jeremy Rebibo,24/25,2025,0,0.6691237879137073,1,1
1042315,Kevin Kántor,24/25,2025,0,0.6690118897875466,1,1
713357,Filippo Palazzino,24/25,2025,0,0.6689549535908017,1,1
244192,Pierluigi Gollini,24/25,2025,0,0.6688636703191967,1,1
836804,Tarek Aggoun,24/25,2025,0,0.6688323055617967,1,1
511128,Kellian van der Kaap,24/25,2025,1,0.6688272088407298,1,0
349905,Cesare Pogliano,24/25,2025,0,0.668626480285305,1,1
654539,Adrien Truffert,24/25,2025,1,0.6685679065999633,1,0
709998,Lucas Alcázar,24/25,2025,1,0.6685477343606594,1,0
372468,David Grilo,24/25,2025,1,0.6685330292593245,1,0
1037758,Alexander Dikarev,24/25,2025,1,0.6684043513744508,1,0
1084760,Marto Boychev,24/25,2025,0,0.6683996155737956,1,1
938452,Claudio Cristallo,24/25,2025,1,0.668344812586403,1,0
376252,Shane McLoughlin,24/25,2025,1,0.6682680435287437,1,0
282365,Juan Cruz Kaprof,24/25,2025,1,0.6680987232750895,1,0
190941,Ángelo Sagal,24/25,2025,1,0.6680842705680603,1,0
655899,Serdar Saatçı,24/25,2025,0,0.6679995495601132,1,1
711628,Pablo Pérez,24/25,2025,1,0.6679961954167657,1,0
357162,Florentino,24/25,2025,1,0.6679395285223476,1,0
468314,Caio Lopes,24/25,2025,1,0.6679257455073006,1,0
182446,Zinho Gano,24/25,2025,1,0.6676713403905479,1,0
720984,Márk Helembai,24/25,2025,1,0.6673942289794681,1,0
620764,Elvir Zukaj,24/25,2025,1,0.6673910033105184,1,0
951316,Iker Balda,24/25,2025,1,0.6673266021278148,1,0
919874,Lyubomir Vasilev,24/25,2025,0,0.6673107373146067,1,1
151568,Xhelil Abdulla,24/25,2025,0,0.6671417784237542,1,1
1195771,Justin Adozi,24/25,2025,1,0.6670099030717898,1,0
810307,Dimitrios Goumas,24/25,2025,0,0.6669203489280904,1,1
125342,Ohad Levita,24/25,2025,1,0.6668698313913557,1,0
1166093,Georgios Konstantakopoulos,24/25,2025,0,0.6668539846150575,1,1
934507,Thomas Savalli,24/25,2025,1,0.6668535511046569,1,0
295183,Răzvan Marin,24/25,2025,1,0.6667871185695745,1,0
1216111,Alex Sola,24/25,2025,1,0.6667789287148965,1,0
533502,Pietro Bencivenga,24/25,2025,0,0.6665194399131115,1,1
164402,Dioni,24/25,2025,1,0.6663988400661526,1,0
167685,Alessandro Micai,24/25,2025,1,0.6663983467248534,1,0
822100,Federico Romeo,24/25,2025,0,0.6663903704065822,1,1
455610,Thomas Erman,24/25,2025,1,0.6663032255744095,1,0
309414,Frederik Børsting,24/25,2025,1,0.6662781856986251,1,0
801886,Isak Jensen,24/25,2025,1,0.6654896682656489,1,0
1174733,Emiliano Bugari,24/25,2025,1,0.6653242141032842,1,0
1193782,Francesco Bochicchio,24/25,2025,1,0.6652495914066733,1,0
553772,Oleksandr Romanchuk,24/25,2025,1,0.6652256548390875,1,0
264992,Andreas Makris,24/25,2025,0,0.6651519286495158,1,1
874017,Kylian Kouassi,24/25,2025,1,0.6651414988017292,1,0
598162,Javi Gómez,24/25,2025,1,0.6651049290950294,1,0
624293,Ayman Abdelrahman,24/25,2025,0,0.6649717391906104,1,1
947440,Gabriel Ramis,24/25,2025,0,0.6649138675710136,1,1
522954,Georgios Moustakopoulos,24/25,2025,1,0.6648986657846309,1,0
782889,Tom Moustier,24/25,2025,0,0.6647537963491669,1,1
949343,Davide Avdullari,24/25,2025,1,0.66466122618318,1,0
463760,Ethan Erhahon,24/25,2025,1,0.6646603558111785,1,0
731214,Diego Nieves,24/25,2025,0,0.6646345589886961,1,1
818909,Raffaele Lattuchella,24/25,2025,1,0.6646249737371168,1,0
570458,Jake Garrett,24/25,2025,0,0.6646190166532968,1,1
504107,Edi Semedo,24/25,2025,0,0.6645979704946219,1,1
307939,Alexander Schmidt,24/25,2025,1,0.6645939060841739,1,0
375770,Gabriel Souza,24/25,2025,0,0.6645537798382275,1,1
927933,Velizar-Iliya Iliev,24/25,2025,1,0.6645313739837521,1,0
261406,Seung-woo Ryu,24/25,2025,1,0.6644974567623939,1,0
1182169,Roberto Berizzi,24/25,2025,1,0.664418130237084,1,0
689022,Nadir Ajanovic,24/25,2025,0,0.6643656509469447,1,1
1129454,Karlo Grgic,24/25,2025,0,0.6643612554824508,1,1
510329,Hugo Rama,24/25,2025,1,0.6643222267543688,1,0
710000,David Cuenca,24/25,2025,1,0.6643042369483088,1,0
596821,Scott Banks,24/25,2025,1,0.6642365110857332,1,0
387078,Andrea Boscolo Papo,24/25,2025,0,0.6642250964686667,1,1
1015401,Paul Reverson,24/25,2025,0,0.6640975950502996,1,1
463605,Bafodé Diakité,24/25,2025,1,0.6640313770317448,1,0
395833,Harry Paton,24/25,2025,1,0.6640274321329934,1,0
199199,Bryan Gioè,24/25,2025,1,0.6639718936750009,1,0
381204,Colau,24/25,2025,1,0.6638673275450113,1,0
636096,Raúl Blanco,24/25,2025,1,0.6637202568700501,1,0
580329,Elvis Baffour,24/25,2025,0,0.6633348291735195,1,1
1015624,Óscar Perea,24/25,2025,1,0.6632480917886973,1,0
566927,Giovanni Corradini,24/25,2025,1,0.6632189494937153,1,0
1108584,Adam Rasheed,24/25,2025,0,0.6631028850951594,1,1
471936,Oliver Christensen,24/25,2025,1,0.6630932209541769,1,0
399473,Luke Thomas,24/25,2025,0,0.6629973219433699,1,1
413268,Kevin Yakob,24/25,2025,0,0.6629724687728094,1,1
993353,Kaloyan Pehlivanov,24/25,2025,0,0.6628541173974579,1,1
1044645,Alejandro Palop,24/25,2025,1,0.6628297593589262,1,0
459778,Andrea Ghiggini,24/25,2025,1,0.6627647266703287,1,0
52570,Fraser Forster,24/25,2025,1,0.6627490768512203,1,0
396337,Miguel San Román,24/25,2025,1,0.6626803435081896,1,0
684307,Youssef Amyn,24/25,2025,1,0.6624888492933912,1,0
486537,Sekou Camara,24/25,2025,0,0.6623847293309858,1,1
83256,Özkan Yıldırım,24/25,2025,1,0.6622999997025213,1,0
97731,Salvatore Giglio,24/25,2025,1,0.6622049004822016,1,0
520908,Ekin Celebi,24/25,2025,1,0.6621115185388341,1,0
935019,Danylo Krevsun,24/25,2025,0,0.6620333992202186,1,1
195601,Janik Mäder,24/25,2025,0,0.6618885803683388,1,1
71570,Iago Herrerín,24/25,2025,1,0.661770898122222,1,0
696687,Hugo Neves,24/25,2025,1,0.6616282206994423,1,0
574772,Lázaro,24/25,2025,1,0.6615861313819804,1,0
853299,Rafa Llorente,24/25,2025,0,0.6615587702324619,1,1
411537,Zian Flemming,24/25,2025,1,0.6614863053621767,1,0
821124,Nicola Anelli,24/25,2025,1,0.6612613676454815,1,0
1083607,Dudu,24/25,2025,0,0.6612193945509383,1,1
218140,George Honeyman,24/25,2025,1,0.6612169701943319,1,0
847217,Alberto Spina,24/25,2025,0,0.6611577975000487,1,1
843931,Timipere Johnson Eboh,24/25,2025,1,0.661140027528045,1,0
1056958,Aser Palacios,24/25,2025,0,0.6608376419725562,1,1
207965,Giacomo Risaliti,24/25,2025,1,0.6607805948067002,1,0
629531,Artem Bilyi,24/25,2025,1,0.6607597363510156,1,0
557610,Isaac Lihadji,24/25,2025,0,0.6607353281894903,1,1
146844,Kerim Frei,24/25,2025,1,0.6607092193089843,1,0
710470,Hosine Bility,24/25,2025,1,0.6605377207552905,1,0
282897,Kristiyan Malinov,24/25,2025,1,0.6605174785234371,1,0
481367,Miguel Merentiel,24/25,2025,0,0.6604684368196216,1,1
427376,Eric Biasiol,24/25,2025,1,0.6603804479828878,1,0
494847,Lovro Majkic,24/25,2025,1,0.6603511612112236,1,0
570417,Nathan Broome,24/25,2025,1,0.660062680507264,1,0
466809,Konrad de la Fuente,24/25,2025,1,0.6600322843672511,1,0
231590,Braydon Manu,24/25,2025,0,0.6600250047627879,1,1
612826,Silas,24/25,2025,0,0.659921015671674,1,1
527791,Jack Sparkes,24/25,2025,1,0.6598167914326223,1,0
888392,Iñaki León,24/25,2025,0,0.6596826119785983,1,1
802205,Danilo Bajraktari,24/25,2025,0,0.6595051742353145,1,1
420460,Giovanni Bruzzaniti,24/25,2025,1,0.6594574577656481,1,0
476057,Guytho Mijland,24/25,2025,1,0.659408832567512,1,0
273438,Danilo Barbosa,24/25,2025,1,0.6593947745771547,1,0
503291,Rayan Ghrieb,24/25,2025,1,0.6593697019203429,1,0
1015825,Elio Rufener,24/25,2025,0,0.6593215110219734,1,1
391498,Mert Çetin,24/25,2025,1,0.6593176910806692,1,0
424021,Dapo Mebude,24/25,2025,1,0.6592409239959632,1,0
230902,Javi Barrio,24/25,2025,0,0.659214617545563,1,1
914853,Spyros Angelidis,24/25,2025,1,0.6591983597205597,1,0
395091,Giordano Trovade,24/25,2025,0,0.6591439938421157,1,1
1131161,Robinio Vaz,24/25,2025,0,0.6590534598914828,1,1
1010984,Mickael Dosso,24/25,2025,1,0.6588940212261138,1,0
269558,Kwame Bonsu,24/25,2025,1,0.658550291419509,1,0
74741,Dragan Mihajlovic,24/25,2025,0,0.6584801145058997,1,1
254968,Dario Marzino,24/25,2025,0,0.6584241163165859,1,1
440879,Stefano Tuzza,24/25,2025,0,0.6583973089712565,1,1
577590,Pedro Brazão,24/25,2025,0,0.658394840875412,1,1
702275,Julián Mahicas,24/25,2025,0,0.658201376928798,1,1
906442,Javi Garrido,24/25,2025,0,0.6581106797252346,1,1
72638,Yohandry Orozco,24/25,2025,1,0.6580830478718869,1,0
255359,Valeriy Gorbachik,24/25,2025,1,0.6580329347143966,1,0
484572,Anass Nouader,24/25,2025,1,0.6580052821667586,1,0
810355,Jannik Zahmel,24/25,2025,1,0.6579976338092013,1,0
432752,Ivan Brnic,24/25,2025,0,0.6578430839949994,1,1
197476,Alex Redolfi,24/25,2025,1,0.657584703488322,1,0
949961,Bas Huisman,24/25,2025,1,0.6574472714907118,1,0
646735,Aitor Gismera,24/25,2025,1,0.6574404556651232,1,0
257456,Chico Geraldes,24/25,2025,1,0.6573287105779768,1,0
267916,Valeriano Nchama,24/25,2025,1,0.6571368001951765,1,0
934503,Stefano Tomaselli,24/25,2025,0,0.6571210661308589,1,1
534410,Sikiru Olatunbosun,24/25,2025,1,0.6571196528991654,1,0
734348,Hernán Zazas,24/25,2025,1,0.6568949798253111,1,0
448466,Jovane Cabral,24/25,2025,0,0.656704532497849,1,1
387378,Luther Singh,24/25,2025,0,0.6564691047626671,1,1
885226,Riyad Idrissi,24/25,2025,0,0.6564310015412156,1,1
612756,Amoah Sam,24/25,2025,0,0.6562273214509445,1,1
102037,Jamal Bhuyan,24/25,2025,0,0.6560996852258084,1,1
718178,Miguel Peña,24/25,2025,1,0.6560024883162905,1,0
458134,Davide Barosi,24/25,2025,0,0.6559106006341465,1,1
676922,Moussa Sidibé,24/25,2025,1,0.6556432956572412,1,0
468036,Dimitris Emmanouilidis,24/25,2025,1,0.6556323096838483,1,0
1043003,Yasin Özcan,24/25,2025,1,0.6555178885232626,1,0
924031,Leo Eberle,24/25,2025,1,0.6553453599364889,1,0
821501,Javi Antón,24/25,2025,1,0.6552402091249332,1,0
810833,Arda Süne,24/25,2025,0,0.6550322668412456,1,1
1164260,Edin Etoski,24/25,2025,0,0.6548735824898658,1,1
745246,Levin Mattmüller,24/25,2025,1,0.6547080051866391,1,0
901082,Faisal Al-Ghamdi,24/25,2025,0,0.6546994647063797,1,1
491702,Nacho Pais,24/25,2025,1,0.6546607236633497,1,0
313830,Pablo Galdames,24/25,2025,0,0.6546329141622449,1,1
601507,Michele Voltan,24/25,2025,0,0.6545985248789572,1,1
704423,Mattia Florio,24/25,2025,1,0.6544842458287193,1,0
576033,Doğan Alemdar,24/25,2025,1,0.6544440700890142,1,0
858491,Alexandru Capac,24/25,2025,1,0.6543490181222676,1,0
580070,Matheus Freitas,24/25,2025,1,0.6543032708693173,1,0
455348,Víctor San Bartolomé,24/25,2025,1,0.6542548903397323,1,0
207005,Mohamed Bettamer,24/25,2025,1,0.6542543727790214,1,0
620015,Tenton Yenne,24/25,2025,1,0.6540400319756685,1,0
1061527,Bobby Pointon,24/25,2025,0,0.653874844035621,1,1
462296,Daniel Giampaolo,24/25,2025,1,0.6536772420889766,1,0
196538,Lorenzo Remedi,24/25,2025,1,0.6536547504861625,1,0
1284577,Alessandro Nardo,24/25,2025,0,0.6535699578960652,1,1
174694,Rony Lopes,24/25,2025,1,0.6534617646763099,1,0
251896,Jesús Vallejo,24/25,2025,1,0.6530809497942857,1,0
520695,Pepe Bernal,24/25,2025,1,0.652959025311581,1,0
601117,Marco Wagner,24/25,2025,1,0.6529523353987942,1,0
217285,Filip Kusic,24/25,2025,1,0.6528728841072229,1,0
628303,Julian Weigel,24/25,2025,0,0.6527479207697013,1,1
668571,Daniel Kerl,24/25,2025,1,0.6525572637976046,1,0
335100,Sam Schreck,24/25,2025,0,0.6524624117828935,1,1
605015,Raffaele Cartano,24/25,2025,1,0.652433330797344,1,0
1186267,Steliyan Stoyanov,24/25,2025,1,0.6521853600599545,1,0
538168,Soumaila Ouattara,24/25,2025,1,0.6519706962323722,1,0
418173,Djihad Bizimana,24/25,2025,0,0.6517903751762008,1,1
695506,Francisco Varela,24/25,2025,1,0.6517536115933132,1,0
381348,Daniel Mancini,24/25,2025,0,0.6516845358359974,1,1
983810,Senan Mullen,24/25,2025,1,0.6516302110038165,1,0
443612,Yuri Matias,24/25,2025,1,0.6514908987125623,1,0
177031,Emrah Başsan,24/25,2025,1,0.6514642402300302,1,0
634110,Pablo Santiago,24/25,2025,1,0.6514273550257685,1,0
1010150,Adam Bakoune,24/25,2025,1,0.6513035397928805,1,0
393240,Boyd Reith,24/25,2025,1,0.6512767436268613,1,0
1001554,Berkay Aslan,24/25,2025,1,0.6512677883874182,1,0
182913,Adrien Rabiot,24/25,2025,1,0.6510080024725895,1,0
387991,Steffen Westphal,24/25,2025,1,0.6507025806093925,1,0
439465,Gaizka Larrazabal,24/25,2025,0,0.6506895020471268,1,1
802997,Norman Bassette,24/25,2025,1,0.6506138111321549,1,0
490760,Tchamba,24/25,2025,0,0.6504579636118727,1,1
391780,Derrick Köhn,24/25,2025,1,0.6502226429771686,1,0
110475,Dario Del Fabro,24/25,2025,1,0.6501546495363154,1,0
354145,Jorge Carrascal,24/25,2025,1,0.6501493015601781,1,0
139278,Luca Zander,24/25,2025,1,0.6500740072990289,1,0
386104,Emir Terzi,24/25,2025,1,0.6500440215103406,1,0
1143097,Piet Scobel,24/25,2025,1,0.6499155849270505,1,0
610607,Jakub Surovcik,24/25,2025,0,0.6496726049308045,1,1
1015405,Patrick Slanina,24/25,2025,0,0.649252842729935,1,1
337670,Alessio Da Cruz,24/25,2025,1,0.6491949597756453,1,0
597256,Houssen Abderrahmane,24/25,2025,0,0.6490564568550782,1,1
659420,Mattia Motolese,24/25,2025,1,0.6489460153605857,1,0
198067,Filip Helander,24/25,2025,1,0.648768751153822,1,0
569035,Fahad Bayo,24/25,2025,1,0.6487020301890943,1,0
354482,Amir Murillo,24/25,2025,0,0.6486570497300458,1,1
1052420,Aboubaka Soumahoro,24/25,2025,0,0.6485495556388847,1,1
817523,André Lopes,24/25,2025,1,0.6485197978060258,1,0
1229846,Daniel Michel,24/25,2025,1,0.6483859934394944,1,0
655300,Patrik Vydra,24/25,2025,0,0.6483850655074881,1,1
345740,Gaetano Logoluso,24/25,2025,0,0.6482215474189802,1,1
378520,Fernán Faerron,24/25,2025,1,0.6481623183854821,1,0
462381,Alberto Fernández,24/25,2025,1,0.6479186552345326,1,0
893997,Cameron Ferguson,24/25,2025,1,0.6477351653034444,1,0
911479,Imran Ali,24/25,2025,1,0.6475832624154801,1,0
275512,Emanuel Mammana,24/25,2025,0,0.6475378551725809,1,1
511016,Javi Sánchez,24/25,2025,0,0.6475283316324822,1,1
355468,Primi Férriz,24/25,2025,1,0.6473664553067904,1,0
391344,Luis Lara,24/25,2025,1,0.6473070553709646,1,0
421873,Elia Caprile,24/25,2025,1,0.6472383863434197,1,0
867185,Ismael Ferrer,24/25,2025,0,0.6472378507541033,1,1
237669,Dereck Kutesa,24/25,2025,1,0.6471891485274821,1,0
867784,Davide Aloia,24/25,2025,1,0.6469053854985936,1,0
829736,Rico Wuttke,24/25,2025,1,0.6468687307415406,1,0
1191677,András Perczel,24/25,2025,1,0.6468300429373979,1,0
352425,Witiness Quembo,24/25,2025,1,0.6468082269223909,1,0
466587,Michal Zapletal,24/25,2025,0,0.6467773906008701,1,1
471466,Lorenzo Barzon,24/25,2025,1,0.6465729462072389,1,0
89654,Edisson Jordanov,24/25,2025,1,0.646514953423117,1,0
816897,Lorenzo Podda,24/25,2025,1,0.6463761713482948,1,0
1056743,Milos Milicevic,24/25,2025,0,0.6463004343940401,1,1
461019,Samuele Birindelli,24/25,2025,0,0.6461967655453231,1,1
540059,Andreas Athanasakopoulos,24/25,2025,1,0.6461291083843232,1,0
288487,Cristian Cruz,24/25,2025,0,0.6459463485580006,1,1
600041,Mattia Felici,24/25,2025,0,0.6455985143803694,1,1
550580,Shuto Machino,24/25,2025,1,0.6455540740044351,1,0
816515,Tom Bloxham,24/25,2025,0,0.6454606468854235,1,1
818538,Francesco Sena,24/25,2025,0,0.6453453488097914,1,1
1079591,Lorenzo Ciarmoli,24/25,2025,1,0.645269920904378,1,0
926193,Luiz Labenz,24/25,2025,1,0.6452579647151172,1,0
708267,Nassim Benaissa,24/25,2025,1,0.6451654528966935,1,0
479718,Guillermo May,24/25,2025,0,0.6451541578010593,1,1
538569,Tommaso Milanese,24/25,2025,1,0.6451481449013402,1,0
358166,Eldor Shomurodov,24/25,2025,1,0.6451341078845249,1,0
510545,Jesús Jiménez,24/25,2025,1,0.6448586425331813,1,0
413033,Lamine Ghezali,24/25,2025,1,0.6446425176737262,1,0
882721,Matteo Agrimi,24/25,2025,0,0.6444927089216443,1,1
921955,Joaquin Domingo Dalmasso,24/25,2025,0,0.6443796143464333,1,1
120029,Džiugas Bartkus,24/25,2025,1,0.6443602487272182,1,0
806793,Clément Akpa,24/25,2025,0,0.6441838161884715,1,1
80197,Salomón Rondón,24/25,2025,1,0.6440623121923919,1,0
340982,Florinel Coman,24/25,2025,0,0.6436619126405904,1,1
655629,Fotis Pseftis,24/25,2025,0,0.6436240345173811,1,1
45320,Ángel Di María,24/25,2025,1,0.6435934163416694,1,0
525140,Goduine Koyalipou,24/25,2025,1,0.6432189852632638,1,0
698540,Matija Gluscevic,24/25,2025,1,0.6425795872400056,1,0
537367,Alfonso Pastor,24/25,2025,1,0.6425639051967297,1,0
607779,Sergio Moreno,24/25,2025,1,0.6424780762983621,1,0
482204,Callan Elliot,24/25,2025,0,0.6421509980541061,1,1
418215,Ricardo Farcaș,24/25,2025,1,0.642059421068773,1,0
982832,Adri Heredia,24/25,2025,1,0.6418687868997799,1,0
586712,Symeon Papadopoulos,24/25,2025,1,0.6418113324386981,1,0
1059814,Kelliano,24/25,2025,1,0.6417831592058223,1,0
1108145,Cheick Oumar Konaté,24/25,2025,0,0.641714928535858,1,1
975440,Jacob Aboosah,24/25,2025,0,0.6415997499468884,1,1
589374,Milson,24/25,2025,0,0.6415123603300038,1,1
710670,Kevin Soeiro,24/25,2025,1,0.6413084658526521,1,0
342966,Dennis Smarsch,24/25,2025,1,0.640986394078819,1,0
948271,Borja Alonso,24/25,2025,1,0.6409018301064741,1,0
146761,Roberto Guitto,24/25,2025,0,0.6408577837923067,1,1
580484,Leonardo Petrovic,24/25,2025,1,0.6406479350708867,1,0
321685,Mirza Mustafic,24/25,2025,1,0.6405124093689415,1,0
721468,Víctor Morales,24/25,2025,1,0.6401355773440893,1,0
501165,Sámuel Major,24/25,2025,1,0.6401117723789235,1,0
1042216,Tibor Jager,24/25,2025,1,0.6400752174412789,1,0
297198,Christian Ilic,24/25,2025,1,0.6400221797504762,1,0
1094415,Mohamed Hamdoune,24/25,2025,1,0.6399237079805715,1,0
605466,Iker Unzueta,24/25,2025,1,0.6398718008054322,1,0
926935,Fritz Engel,24/25,2025,1,0.6398447575657668,1,0
1073051,Héctor Oliva,24/25,2025,1,0.6397368015403179,1,0
351216,Manel Royo,24/25,2025,1,0.6396527969679873,1,0
1019145,Omar Ouhdadi,24/25,2025,1,0.6396490465572526,1,0
466452,Ivan Milicevic,24/25,2025,1,0.6396123204230616,1,0
522990,Leonardo Mannella,24/25,2025,0,0.639438778511184,1,1
220686,Antonio Vutov,24/25,2025,1,0.6392830794768173,1,0
646744,Carlos Alemán,24/25,2025,1,0.6391416460233826,1,0
696146,Tim Giesen,24/25,2025,1,0.6391039529827192,1,0
329924,Jacob Karlstrøm,24/25,2025,0,0.6388974576482856,1,1
359212,Richárd Zsolnai,24/25,2025,1,0.6387756626379686,1,0
938349,Rober,24/25,2025,0,0.6386994835678856,1,1
479636,Henrique Jocú,24/25,2025,1,0.6385204760859078,1,0
724107,Luca Di Maggio,24/25,2025,1,0.6384479604637441,1,0
711034,Gianmarco Todisco,24/25,2025,1,0.6382787249743305,1,0
1058394,Pietro Parmiggiani,24/25,2025,1,0.6381802554044714,1,0
126118,Kamil Wiktorski,24/25,2025,1,0.6380840487428109,1,0
113890,David Mitchell,24/25,2025,1,0.6380360306876337,1,0
85908,Luca Dürholtz,24/25,2025,1,0.6379067825844997,1,0
504091,Pedrinho,24/25,2025,0,0.6376132711138169,1,1
314381,Adam Phillips,24/25,2025,0,0.6374775115540975,1,1
324512,Giannis Varkas,24/25,2025,0,0.6374691407766663,1,1
631410,Vasilios Spinos,24/25,2025,0,0.6374462536327041,1,1
457620,Vasilios Athanasiou,24/25,2025,1,0.6372111792074,1,0
406054,Davide Marcandella,24/25,2025,0,0.6369934377266094,1,1
343794,Gustavo Santos,24/25,2025,0,0.6369716410256565,1,1
1048043,Alessandro Piseddu,24/25,2025,1,0.6366122935173238,1,0
959294,Eryk Grzywacz,24/25,2025,0,0.6365517037623755,1,1
1175942,Davide Chiandussi,24/25,2025,1,0.636506839986753,1,0
358008,Gianluca Gaetano,24/25,2025,1,0.6362284976850334,1,0
89650,Johannes Geis,24/25,2025,1,0.6360908399313991,1,0
291359,Tom Lang,24/25,2025,0,0.636001779626521,1,1
606222,Juanca Pineda,24/25,2025,0,0.6358202965346657,1,1
623119,Styopa Mkrtchyan,24/25,2025,0,0.6356708804816562,1,1
597000,Eric Martel,24/25,2025,0,0.6356634164061907,1,1
336731,Nacho Gil,24/25,2025,1,0.6356037203649211,1,0
704593,Galymzhan Kenzhebek,24/25,2025,1,0.6356032462710116,1,0
141654,Michele Fornasier,24/25,2025,0,0.6355318871595109,1,1
623640,Frixos Grivas,24/25,2025,1,0.6354960055821859,1,0
807034,Marco Schabauer,24/25,2025,1,0.6352549026810725,1,0
599739,Xavier Simons,24/25,2025,1,0.6352501856893842,1,0
920309,Fredrik Nissen,24/25,2025,1,0.6352371459452524,1,0
183836,Dino Hotic,24/25,2025,1,0.6352198151957067,1,0
601235,Viktor Haragos,24/25,2025,0,0.6351107399096367,1,1
1183293,Edoardo Ferrari,24/25,2025,0,0.6349911368859483,1,1
130484,Marco Cuomo,24/25,2025,0,0.6348841854224947,1,1
371141,Stanley Nsoki,24/25,2025,1,0.6345558409542071,1,0
713633,Raúl Castro,24/25,2025,0,0.634444516813173,1,1
1308600,Alessandro Bonora,24/25,2025,1,0.6344410804308869,1,0
971775,Kikín,24/25,2025,0,0.6343501058276527,1,1
73735,Juha Pirinen,24/25,2025,1,0.6341329735996347,1,0
342226,Irvin Cardona,24/25,2025,1,0.634032514280077,1,0
815550,Andrea Bartoccioni,24/25,2025,0,0.6339307265589769,1,1
232418,Ondrej Duda,24/25,2025,1,0.6337204428064288,1,0
820148,Emre Uzun,24/25,2025,1,0.6336853706216983,1,0
284454,Iván Rodríguez,24/25,2025,0,0.6334871810798212,1,1
720139,Roland Hajdú,24/25,2025,1,0.6334393952821304,1,0
124911,Karim Laribi,24/25,2025,0,0.6333384397827198,1,1
258881,Kyle Cameron,24/25,2025,1,0.633120231663821,1,0
564305,Michel Adopo,24/25,2025,1,0.6330813178383587,1,0
658674,Luan Patrick,24/25,2025,1,0.6329993117332092,1,0
706860,Mitchy Ntelo,24/25,2025,0,0.6329951655516598,1,1
390079,Milos Drincic,24/25,2025,1,0.6328988637006001,1,0
669914,Malik Djibril,24/25,2025,0,0.6327769639909298,1,1
672024,Georgios Papadopoulos,24/25,2025,1,0.6326390478488336,1,0
981323,Antonello Serra,24/25,2025,0,0.6326245120830533,1,1
502435,Federico Cardella,24/25,2025,0,0.6324468735018598,1,1
1043471,Augusto Dabó,24/25,2025,1,0.6324212687193926,1,0
344151,Bilal Boutobba,24/25,2025,1,0.6322867453138598,1,0
715635,Alex Rodríguez,24/25,2025,1,0.6321516944811887,1,0
397797,Giovanni Pinto,24/25,2025,0,0.632123330854177,1,1
225963,Lautaro Giannetti,24/25,2025,1,0.6320572053031369,1,0
831161,Lautaro Blanco,24/25,2025,0,0.6320367488728137,1,1
263627,Carlos Vigaray,24/25,2025,1,0.6319997025947668,1,0
592498,Tiago Manso,24/25,2025,0,0.6319987355781191,1,1
729167,Emmanuel Ntsiakoh,24/25,2025,1,0.6319045233575209,1,0
524925,Modibo Sagnan,24/25,2025,1,0.6318892342441067,1,0
782632,Jibril Othman,24/25,2025,0,0.6314402178396841,1,1
492313,Rodrigo Guth,24/25,2025,1,0.6313859874644152,1,0
222225,Pius Krätschmer,24/25,2025,1,0.6313253160050778,1,0
1307419,Cristiano Novelli,24/25,2025,0,0.6313218462461271,1,1
349570,Diney Borges,24/25,2025,0,0.6309884295220596,1,1
911757,Liam Bennett,24/25,2025,0,0.6309465880848092,1,1
561647,Kaan Caliskaner,24/25,2025,1,0.6307689314463355,1,0
946394,Mark Mokin,24/25,2025,1,0.6306782545623776,1,0
934148,Gabriele Perricci,24/25,2025,1,0.630658169626997,1,0
396678,Alfie Kilgour,24/25,2025,1,0.6306262460288857,1,0
45567,Jonathan Biabiany,24/25,2025,0,0.6305242356427591,1,1
1020642,Anton Ihde,24/25,2025,0,0.6303020309235946,1,1
533061,Elias Ramírez,24/25,2025,0,0.6303011084931519,1,1
388537,Nikolay Prudnikov,24/25,2025,0,0.6300629587283703,1,1
630752,Óli Valur Ómarsson,24/25,2025,0,0.6300061001139583,1,1
1054319,Davide Biz,24/25,2025,1,0.6299048404417023,1,0
163295,Ali Fathi,24/25,2025,0,0.6298407054207444,1,1
610690,Oliver Wright,24/25,2025,1,0.6297970394888484,1,0
126516,Antonio Luna,24/25,2025,1,0.6294940526239358,1,0
1245283,Pablo Barea,24/25,2025,1,0.6294539210331249,1,0
713907,Iván Rubio,24/25,2025,0,0.6293766500345153,1,1
215679,Georges-Kevin N'Koudou,24/25,2025,1,0.6287859759328415,1,0
504198,Connor Parsons,24/25,2025,0,0.6287433983410545,1,1
732507,Agustín Martegani,24/25,2025,0,0.6286643783427092,1,1
220878,Issiaga Sylla,24/25,2025,1,0.62866016811622,1,0
578916,Ognjen Gasevic,24/25,2025,1,0.628456980060109,1,0
444523,Lucas Paquetá,24/25,2025,0,0.6284437568380695,1,1
442329,Daniel Celea,24/25,2025,1,0.628372841395955,1,0
654173,Brad Young,24/25,2025,1,0.6283057415624843,1,0
184573,Victor Lindelöf,24/25,2025,1,0.6282212351324226,1,0
609651,Alexandros Tereziou,24/25,2025,1,0.6280918808768404,1,0
507494,Guillaume Furrer,24/25,2025,1,0.6280822406929348,1,0
710479,Jesús Palomeque,24/25,2025,1,0.6279301765835884,1,0
901801,Michalis Panagidis,24/25,2025,0,0.6279104763428608,1,1
528632,Wanderson,24/25,2025,0,0.6277835696181513,1,1
82657,Christopher Braun,24/25,2025,0,0.6274702436561865,1,1
720411,Roan Riera,24/25,2025,1,0.6274549405503644,1,0
514280,Pepijn Doesburg,24/25,2025,0,0.6274250106217207,1,1
1061046,Keeto Thermoncy,24/25,2025,0,0.6273935805553658,1,1
139751,Filip Stojkovic,24/25,2025,1,0.6270291515037466,1,0
1075876,Alessandro Sassaro,24/25,2025,1,0.6269799584209239,1,0
503727,Cody David,24/25,2025,0,0.6269163756303712,1,1
396172,Miki Muñoz,24/25,2025,0,0.6266772024089139,1,1
765232,Roman Yalovenko,24/25,2025,0,0.6266626698591437,1,1
417669,Christos Kountouriotis,24/25,2025,1,0.6265556521770073,1,0
1164330,Martin Pedroarena,24/25,2025,0,0.6263888904815557,1,1
1015874,Kjartan Már Kjartansson,24/25,2025,1,0.6261966490418804,1,0
690488,Aleksandar Vasiljevic,24/25,2025,0,0.625994285889054,1,1
647323,Hiran Ahmed,24/25,2025,1,0.6257887380811001,1,0
1280693,Riccardo Bisetto,24/25,2025,1,0.6257647616105599,1,0
1082269,Josh Gentles,24/25,2025,1,0.6257329098203667,1,0
339584,Robert Mudrazija,24/25,2025,1,0.6256827256832782,1,0
319202,Radu Boboc,24/25,2025,1,0.6256160308797593,1,0
336325,Enrique Peña Zauner,24/25,2025,0,0.6255846873148206,1,1
632497,Miquel Llabrés,24/25,2025,0,0.6254949604623017,1,1
604455,Adar Ratner,24/25,2025,0,0.6253679937862474,1,1
247555,Edimilson Fernandes,24/25,2025,1,0.6253344227376362,1,0
551147,Clench Loufilou,24/25,2025,0,0.6252745043866164,1,1
934136,Francesco Minerva,24/25,2025,1,0.6250708530142599,1,0
530927,Silvian Matei,24/25,2025,1,0.624966929895691,1,0
817753,Aisar Ahmed,24/25,2025,0,0.6249234079566155,1,1
1287831,Giannis Spandonidis,24/25,2025,0,0.6248451744716572,1,1
907619,Melvin Rémy,24/25,2025,1,0.6247322202503797,1,0
1166025,Vojtech Novak,24/25,2025,0,0.6246826054583092,1,1
401583,Julián Chicco,24/25,2025,1,0.6246614665755612,1,0
746553,Reyes Cleary,24/25,2025,1,0.62444976691652,1,0
183538,Ivan Goranov,24/25,2025,1,0.6240577599510169,1,0
187847,Yassine Benzia,24/25,2025,1,0.6238433848240759,1,0
488273,Aleksandr Sapovalov,24/25,2025,0,0.6237826439696188,1,1
891312,Fran Árbol,24/25,2025,1,0.6237361450167132,1,0
460800,Ilian Iliev,24/25,2025,0,0.6236721104902969,1,1
698548,Marko Lazetić,24/25,2025,1,0.6236186932356962,1,0
1025974,Findlay Marshall,24/25,2025,1,0.6235524537200857,1,0
121265,Toto Nsiala,24/25,2025,0,0.6233478135430777,1,1
169460,Turgay Gemicibaşı,24/25,2025,1,0.6229779948573718,1,0
383008,Daniel Azevedo,24/25,2025,0,0.6228934657195655,1,1
322683,Markus Poom,24/25,2025,0,0.6226472440018782,1,1
935420,Andrea Toma,24/25,2025,1,0.622628303725194,1,0
401384,Nicola Nanni,24/25,2025,1,0.6225781512533722,1,0
534121,Andrea Marino,24/25,2025,1,0.6225617723395482,1,0
273130,Federico Gino,24/25,2025,1,0.6223530428893069,1,0
1048337,Foster Gyamfi,24/25,2025,0,0.6223236411419528,1,1
353609,Titas Krapikas,24/25,2025,1,0.6223098266032313,1,0
1041934,Jeremy Jorge,24/25,2025,1,0.6221720237240114,1,0
670683,Hugo Félix,24/25,2025,1,0.6220295972265618,1,0
1306762,Miguel Ángel Álvarez Ortiz,24/25,2025,1,0.6218334668264388,1,0
135853,Manuel Lanzini,24/25,2025,1,0.6215360495296383,1,0
808027,Dorian Chiotti,24/25,2025,1,0.6213283381022078,1,0
355791,Fabrizio Brignani,24/25,2025,1,0.6212453998644649,1,0
738112,Luca Moro,24/25,2025,0,0.6211045664094476,1,1
568709,Francesco Barranca,24/25,2025,0,0.6210933771396755,1,1
694928,Samuel Lino,24/25,2025,1,0.6210832138464976,1,0
724062,Mario Pejazic,24/25,2025,1,0.620932198937904,1,0
312317,Logan Rogerson,24/25,2025,0,0.620927931943891,1,1
898356,Alessandro Berretta,24/25,2025,1,0.6209182901804854,1,0
169362,Luka Zahovic,24/25,2025,0,0.6206925200883104,1,1
963150,Moi Parra,24/25,2025,0,0.6204300585016659,1,1
635581,Ander Yoldi,24/25,2025,0,0.6203505929922631,1,1
897023,Joel Thompson,24/25,2025,1,0.6203229618379006,1,0
162961,Valerio Verre,24/25,2025,0,0.6203114237982127,1,1
91949,Trigueira,24/25,2025,0,0.6202816061845992,1,1
511813,Sidnei Tavares,24/25,2025,1,0.62017779545954,1,0
713638,Neskes,24/25,2025,0,0.6199923560304296,1,1
834756,Julen Lartitegi,24/25,2025,1,0.6199785221257295,1,0
705517,Ilhan Fandi,24/25,2025,1,0.6199017865498555,1,0
596998,Felix Meyer,24/25,2025,0,0.6198937339301432,1,1
570059,Nikola Gluscevic,24/25,2025,0,0.6198537149351515,1,1
379892,Diego Campos,24/25,2025,0,0.6197936565832703,1,1
1236200,Peter Kareem,24/25,2025,0,0.6196460575109454,1,1
198617,Jan Vondra,24/25,2025,0,0.6196426853575215,1,1
242716,Enzo Basilio,24/25,2025,1,0.6191674134291275,1,0
349796,Evren Korkmaz,24/25,2025,0,0.6190339944980423,1,1
355397,Víctor Pastrana,24/25,2025,1,0.6190322981831354,1,0
818703,Elia Tantalocchi,24/25,2025,1,0.6189628264674184,1,0
696598,Ibrahim Cissé,24/25,2025,0,0.618659182795316,1,1
1197188,Abdulatif Hammody,24/25,2025,0,0.6186475408923999,1,1
491946,Paya Pichkah,24/25,2025,0,0.6185347922376827,1,1
976219,Lorenzo Carfora,24/25,2025,0,0.6184996876130913,1,1
599060,Haik Moussakhanian,24/25,2025,1,0.6183312307041934,1,0
136643,Giannis Gianniotas,24/25,2025,1,0.6182963677082891,1,0
351751,Rodrigo Borges,24/25,2025,0,0.6182844377272292,1,1
379092,Maxime Giron,24/25,2025,1,0.6181308375901424,1,0
240158,Francesco Vicari,24/25,2025,0,0.6180897282677826,1,1
449019,Louis Appéré,24/25,2025,1,0.61807035665473,1,0
541628,Oliver Sonne,24/25,2025,0,0.6179637828504772,1,1
356024,Rubilio Castillo,24/25,2025,1,0.617896845227756,1,0
426142,Jan de Boer,24/25,2025,0,0.6177147386547843,1,1
927263,Riccardo Campedelli,24/25,2025,1,0.6176714246178155,1,0
374142,Manu Sánchez,24/25,2025,1,0.6176250523823759,1,0
722280,Luismi Gutiérrez,24/25,2025,0,0.6175531014198139,1,1
423436,Santiago Ascacíbar,24/25,2025,0,0.6175102128364398,1,1
271092,Eduardo Loscos,24/25,2025,1,0.6172951681065578,1,0
738474,David Kalokoh,24/25,2025,0,0.617161559046493,1,1
327757,Krzysztof Piatek,24/25,2025,1,0.6170948830045961,1,0
388795,Oumar Gonzalez,24/25,2025,0,0.6166681161090978,1,1
882964,Claudio Parlato,24/25,2025,1,0.6165879142377064,1,0
354702,Jassim Al-Jalabi,24/25,2025,1,0.6165792906811486,1,0
286413,Mario León,24/25,2025,0,0.6163493105172622,1,1
593480,Aymane Mourid,24/25,2025,1,0.616303857819071,1,0
128676,Gonzalo Llerena,24/25,2025,0,0.6160880650569086,1,1
637782,André Amaro,24/25,2025,0,0.6160209631829848,1,1
469762,Agustín Cardozo,24/25,2025,0,0.615488109838369,1,1
217593,Todor Nedelev,24/25,2025,1,0.615175492272344,1,0
375791,Bence Pintér,24/25,2025,1,0.6151736523084052,1,0
154319,André Geraldes,24/25,2025,0,0.6149646793301203,1,1
692338,Devin Angleberger,24/25,2025,0,0.6148633539976912,1,1
296234,Deco,24/25,2025,0,0.6144978602343943,1,1
812987,Nick Meier,24/25,2025,1,0.6143286283596381,1,0
390117,Samuele Damiani,24/25,2025,1,0.6140830236336029,1,0
576125,Thierry Gale,24/25,2025,1,0.6139823114946805,1,0
707550,Fabrizio Cavegn,24/25,2025,1,0.6139641331157449,1,0
860746,Pablo Álvarez,24/25,2025,1,0.6138722586704578,1,0
232296,Ramon Machado,24/25,2025,0,0.6137314801029699,1,1
339122,Domi Berlanga,24/25,2025,1,0.613384048877855,1,0
854085,Ivan Mensah,24/25,2025,1,0.6130505210990084,1,0
1179405,Antonio Guerriero,24/25,2025,0,0.6129951941642001,1,1
1053207,Curro Domínguez,24/25,2025,1,0.6129685181025809,1,0
351181,Yusuf,24/25,2025,0,0.6128659477046349,1,1
400044,Balázs Tóth,24/25,2025,0,0.6128384299616187,1,1
707608,Victor Valverde,24/25,2025,1,0.6127327738017947,1,0
930150,Tommaso Ebone,24/25,2025,1,0.6125504530822847,1,0
546213,Tuta,24/25,2025,1,0.6124642662140086,1,0
275678,Masies Artien,24/25,2025,1,0.612456081544911,1,0
635346,Diego Moreno,24/25,2025,1,0.6124227538485316,1,0
1157676,Adonija Ouanda,24/25,2025,0,0.6121905237672661,1,1
939804,Keno-Miguel Meyer,24/25,2025,1,0.6121025304784603,1,0
501794,Jannik Rochelt,24/25,2025,0,0.6120806637475564,1,1
818083,Rodrigo Guedes,24/25,2025,1,0.6119731310668228,1,0
332826,Hannes Agnarsson,24/25,2025,0,0.6119612288637526,1,1
665971,Jonas Nickisch,24/25,2025,1,0.6118167360827123,1,0
388363,Maximilian Bauer,24/25,2025,0,0.611369215797639,1,1
928573,Joël van der Wilt,24/25,2025,0,0.6111253059536086,1,1
542654,Sebastian Jørgensen,24/25,2025,1,0.6111187581805382,1,0
905719,Nikola Vukic,24/25,2025,0,0.611085584013957,1,1
696693,Loide Augusto,24/25,2025,1,0.6109709275952604,1,0
332823,Adrian Justinussen,24/25,2025,0,0.6107293838135746,1,1
894414,Byani Mpata Lama,24/25,2025,1,0.6107169380441654,1,0
348532,Georgios Xenitidis,24/25,2025,1,0.6106823172791458,1,0
985717,Taylan Harris,24/25,2025,1,0.6106471862456389,1,0
1188665,Tommaso Piacenza,24/25,2025,1,0.6105533199922998,1,0
539800,Momodou Jaiteh,24/25,2025,1,0.610240446852703,1,0
801427,Marlee Francois,24/25,2025,0,0.6102145573163146,1,1
1048011,Samuel Ardau,24/25,2025,1,0.6101536008588199,1,0
188888,Sheraldo Becker,24/25,2025,1,0.6100829911924954,1,0
101213,Pedro Obiang,24/25,2025,1,0.6099355923149341,1,0
815567,Andrea Mazza,24/25,2025,1,0.6098556635241212,1,0
478347,Marian Huja,24/25,2025,1,0.6098227371748259,1,0
491648,Diego Valencia,24/25,2025,0,0.6095977776579309,1,1
614195,Dani Plomer,24/25,2025,1,0.6095828828351909,1,0
778847,Alberto Trapero,24/25,2025,1,0.6095673462317494,1,0
562601,Souleymane Anne,24/25,2025,0,0.6093378157560503,1,1
624569,Samuel Attah Kumi,24/25,2025,0,0.6092965864908839,1,1
599552,Williams Alarcón,24/25,2025,0,0.6090137561322619,1,1
283196,Kasper Dolberg,24/25,2025,1,0.6089386975702017,1,0
78507,Derrick Tshimanga,24/25,2025,0,0.6088563416910956,1,1
1009483,Antonio Bazdaric,24/25,2025,1,0.6087217338975404,1,0
467994,Luca Belardinelli,24/25,2025,0,0.608693574958496,1,1
494283,Enrico Dueñas,24/25,2025,1,0.6085582674822788,1,0
427633,Chadrack Muzungu,24/25,2025,1,0.6084570469945414,1,0
196226,Mehmet Kurt,24/25,2025,0,0.6083752245533142,1,1
1002454,Ferdinand Riha,24/25,2025,0,0.6083701012381034,1,1
772354,Christopher Olsa,24/25,2025,1,0.6083051666732067,1,0
423172,José Manuel Alonso,24/25,2025,1,0.6082872000550213,1,0
591785,Milen Stoev,24/25,2025,1,0.6082349745644148,1,0
741254,Gerard Hernández,24/25,2025,1,0.6080874337190076,1,0
700103,Óscar Siafa,24/25,2025,1,0.6077121857297072,1,0
1226103,Tijan Sonha,24/25,2025,1,0.6076593861960381,1,0
75489,Niclas Füllkrug,24/25,2025,0,0.6076114799071768,1,1
738119,Antonino Viola,24/25,2025,0,0.6074838798392505,1,1
638589,Ángel Algobia,24/25,2025,1,0.6072780372703087,1,0
654415,Alan Virginius,24/25,2025,1,0.6071005434696581,1,0
729536,Federico Agazzi,24/25,2025,0,0.6070584550170216,1,1
136114,Simone Magnaghi,24/25,2025,1,0.6070126283705484,1,0
312682,Dudu Nardini,24/25,2025,1,0.6068760790099557,1,0
389842,Matteo Pinton,24/25,2025,1,0.6068543167456808,1,0
240310,Matteo Gaiani,24/25,2025,1,0.6068238257624416,1,0
927251,Gianmarco Castorri,24/25,2025,1,0.6066031537620099,1,0
895906,Dimitrios Laskaris,24/25,2025,0,0.6065869506493748,1,1
418208,Ionuț Rus,24/25,2025,0,0.6065682493051965,1,1
634848,Jubril Adedeji,24/25,2025,0,0.6065609314922329,1,1
591353,Robinho,24/25,2025,1,0.6065202280326808,1,0
407398,Carl Björk,24/25,2025,0,0.606392590133682,1,1
1051736,Marco Taramelli,24/25,2025,1,0.6063827892395067,1,0
1126756,Kelve Semedo,24/25,2025,1,0.6063626492559382,1,0
85164,Andre Hoffmann,24/25,2025,1,0.6063250572390609,1,0
569288,Elias Bördner,24/25,2025,1,0.6061883069491645,1,0
342240,Thijmen Goppel,24/25,2025,1,0.6061240577162489,1,0
255119,Elias Dolah,24/25,2025,1,0.606097207650267,1,0
944738,Cristian Antonciuc,24/25,2025,0,0.6060653884219402,1,1
741545,Daniel Armstrong,24/25,2025,0,0.6060650869527544,1,1
661467,Gerónimo Bortagaray,24/25,2025,0,0.6060626387240005,1,1
741097,Irving Gudiño,24/25,2025,1,0.6058617316854528,1,0
531674,Rúben Rodrigues,24/25,2025,1,0.6056878432886651,1,0
130357,Andrea Schenetti,24/25,2025,1,0.6056525273450258,1,0
162056,Gonzalo Melero,24/25,2025,1,0.6055457723265912,1,0
284876,Paolo Fernandes,24/25,2025,1,0.6055179541293029,1,0
461903,João Silva,24/25,2025,0,0.6054573538036312,1,1
420921,Vasilios Chatziemmanouil,24/25,2025,1,0.6054329020960106,1,0
291124,Gaëtan Laura,24/25,2025,1,0.6053062231532085,1,0
621370,Matías Palacios,24/25,2025,0,0.6052061323414073,1,1
139435,Dani Rodríguez,24/25,2025,0,0.6051845324533777,1,1
607228,Félix Nzouango,24/25,2025,1,0.6051474136601012,1,0
462977,Benjamín Garré,24/25,2025,0,0.6051431702398103,1,1
765972,Zepiqueno Redmond,24/25,2025,1,0.6050480446308077,1,0
313691,Brayan Riascos,24/25,2025,0,0.6049251033141299,1,1
242359,Juan Musso,24/25,2025,1,0.6047179040304895,1,0
472909,Ivan Bulatovic,24/25,2025,0,0.6046457890129912,1,1
476101,Sergi Segura,24/25,2025,0,0.6045274203163546,1,1
937477,Giulio Antonini,24/25,2025,1,0.6043850636355389,1,0
1321713,Justin Raviele,24/25,2025,1,0.6043477233804181,1,0
997478,Othniël Raterink,24/25,2025,1,0.604238815028626,1,0
567492,Konstantinos Balomenos,24/25,2025,1,0.6041604968517018,1,0
232390,Lukas Skovajsa,24/25,2025,0,0.6039586092847733,1,1
734898,Kevin Miranda,24/25,2025,1,0.6036559968127009,1,0
226058,Luka Bogdan,24/25,2025,1,0.6036012294809592,1,0
111819,Neto,24/25,2025,1,0.6035751482280893,1,0
1163866,Samad Popoola,24/25,2025,0,0.6035655777922079,1,1
383630,Stavros Panagiotou,24/25,2025,1,0.6033381271797852,1,0
1089326,Yuriy Bakalyar,24/25,2025,0,0.6031076493466657,1,1
505307,Ryan De Havilland,24/25,2025,0,0.6029274968314741,1,1
704230,Edoardo Bernardi,24/25,2025,1,0.6029137485285467,1,0
422573,Sergiu Jurj,24/25,2025,0,0.602860372407927,1,1
287764,Luca Procacci,24/25,2025,0,0.6028325994025987,1,1
715624,José Currás,24/25,2025,1,0.6027409771915875,1,0
239941,Lukas Haraslin,24/25,2025,0,0.6027270252936979,1,1
740558,Roman Horak,24/25,2025,0,0.6026398528975874,1,1
636094,Javier Hermelo,24/25,2025,0,0.6026003649100852,1,1
387199,Benaissa Benamar,24/25,2025,1,0.6024669435788584,1,0
718586,Manu Morillo,24/25,2025,1,0.6023156075531887,1,0
928612,Hamza el Dahri,24/25,2025,1,0.6022932602847235,1,0
1202299,Nadir El Jamali,24/25,2025,0,0.6022193051066753,1,1
769063,Luka Romero,24/25,2025,0,0.6021260337039845,1,1
934998,Abdou M'bark El Id,24/25,2025,0,0.6019999270685007,1,1
943828,Olivier de Nijs,24/25,2025,0,0.6019449686486539,1,1
221907,Romell Quioto,24/25,2025,1,0.6018907700342778,1,0
1016280,Lukas Sinn,24/25,2025,1,0.6018871906633021,1,0
965940,Zack Nelson,24/25,2025,0,0.6018334629282704,1,1
562287,Christian Celesia,24/25,2025,0,0.6018260836719833,1,1
183614,Ahmet Dereli,24/25,2025,1,0.601821531049852,1,0
908967,Valon Aliji,24/25,2025,0,0.6012520365772506,1,1
519748,Zé Ricardo,24/25,2025,0,0.6011181059740318,1,1
510761,Bryan Barrios,24/25,2025,0,0.6011066451500382,1,1
60541,Guillaume Gigliotti,24/25,2025,1,0.600783088806651,1,0
492104,Abdelrahman Boudah,24/25,2025,1,0.6006838506050931,1,0
316750,Tosin Kehinde,24/25,2025,1,0.6003619425467279,1,0
74300,Luka Milivojevic,24/25,2025,1,0.600214874220444,1,0
504825,Gian Marco Crespi,24/25,2025,1,0.6001589205079201,1,0
146660,Ronaldo,24/25,2025,1,0.5999918812462947,1,0
237732,Leandro Putaro,24/25,2025,1,0.599851466059318,1,0
460619,Pascal Mulder,24/25,2025,0,0.599804990951185,1,1
1043030,Guga,24/25,2025,0,0.5997840248174997,1,1
525131,Yacine Bourhane,24/25,2025,1,0.5997613355636275,1,0
158118,Tarkan Serbest,24/25,2025,0,0.5997592609197206,1,1
189521,Jorman Aguilar,24/25,2025,1,0.5996178826572113,1,0
542741,Sunday Adetunji,24/25,2025,1,0.5995167349685938,1,0
710591,Athanasios Papadakos,24/25,2025,1,0.5994730251949554,1,0
730581,Loïc Badé,24/25,2025,1,0.5993160564117402,1,0
396276,Francesco Rizzo,24/25,2025,1,0.5988240646941453,1,0
371436,Francisco Sierralta,24/25,2025,1,0.5987589003075023,1,0
153897,Arnold Budimbu,24/25,2025,1,0.5986699293029937,1,0
164893,Márk Jagodics,24/25,2025,1,0.5981484413587488,1,0
570553,Erik Shuranov,24/25,2025,1,0.5979953870873937,1,0
586059,Will Hondermarck,24/25,2025,1,0.5979274956935092,1,0
194218,Yeltsin Tejeda,24/25,2025,0,0.5979145345700335,1,1
1055878,Deacon van der Klaauw,24/25,2025,1,0.5978879770553817,1,0
938946,Ayoub Chaikhoun,24/25,2025,1,0.5976820472582836,1,0
313477,Paolo Ghiglione,24/25,2025,1,0.5973504492637113,1,0
733904,Michalis Patiras,24/25,2025,1,0.5971602495136159,1,0
432224,Mateo Karamatic,24/25,2025,1,0.5971293588894514,1,0
319171,Andrea Danzi,24/25,2025,1,0.5971138223317657,1,0
62379,Cristian Pasquato,24/25,2025,0,0.5970363099805887,1,1
913019,Vladislav Vasiljev,24/25,2025,1,0.5969676721995646,1,0
505999,Monday Etim,24/25,2025,1,0.5968641660334452,1,0
33829,José Fonte,24/25,2025,0,0.5968328582014245,1,1
378532,Jonathan Stöver,24/25,2025,0,0.5967392711193058,1,1
960274,Michele Grande,24/25,2025,0,0.5963732490238284,1,1
744729,Tarek Buchmann,24/25,2025,1,0.5962929035260351,1,0
784722,Jaume Tovar,24/25,2025,0,0.5962148800353074,1,1
311130,Lorenzo Melchiori,24/25,2025,0,0.5961670783595164,1,1
536698,Julian Larsson,24/25,2025,0,0.5961017754318924,1,1
89297,Rodrigo Battaglia,24/25,2025,0,0.595998869109551,1,1
188470,Francisco Calvo,24/25,2025,1,0.5959705455426232,1,0
610649,Ryan Alebiosu,24/25,2025,1,0.5959047488628292,1,0
864733,Léo Alaba,24/25,2025,0,0.5958618079210514,1,1
1165327,Lorenzo Bosia,24/25,2025,1,0.5958180794400745,1,0
496415,Nicolás Reniero,24/25,2025,0,0.5956229159296428,1,1
576737,Firza Andika,24/25,2025,1,0.5954954767447003,1,0
730265,Rodrigo Piloto,24/25,2025,0,0.595484997902493,1,1
446188,Rodrigo Escudero,24/25,2025,1,0.5954480389394017,1,0
875294,Konstantinos Goumas,24/25,2025,1,0.5953870575306174,1,0
900172,Stefano Mazzaroppi,24/25,2025,0,0.5952818525422237,1,1
258287,Patrik Pinte,24/25,2025,1,0.5952747752666014,1,0
877759,Kian Corbally,24/25,2025,0,0.5952644471276255,1,1
1287735,Oscar Vargas,24/25,2025,0,0.5952527761864227,1,1
810066,Kaïs Najeh,24/25,2025,0,0.5952062422392954,1,1
226026,Xandro Schenk,24/25,2025,1,0.5951615689519403,1,0
1158757,Alejandro Herranz,24/25,2025,1,0.595038232982215,1,0
765105,Roman Mokrovics,24/25,2025,0,0.5946285173617716,1,1
586756,Festy Ebosele,24/25,2025,0,0.5945851163555376,1,1
262521,Enrico Baldini,24/25,2025,1,0.5945836505861932,1,0
348546,Konstantinos Tampas,24/25,2025,0,0.5945232821472328,1,1
540536,Carlos Vicente,24/25,2025,0,0.5944639927395696,1,1
126705,Martin Sourzac,24/25,2025,0,0.5943789590133015,1,1
1225762,Adnane Ghailan,24/25,2025,0,0.5943781044988109,1,1
663703,Nicola Dipinto,24/25,2025,0,0.594308148918777,1,1
973608,Toni Dols,24/25,2025,1,0.5942522190978061,1,0
167472,Youssouf M'Changama,24/25,2025,1,0.5941924672429346,1,0
836196,Matyas Vojta,24/25,2025,0,0.594183255983479,1,1
50962,András Simon,24/25,2025,0,0.5938997987979012,1,1
736048,Arsen Lleshi,24/25,2025,0,0.5938375572075736,1,1
196050,Jeremias Lorch,24/25,2025,1,0.5936320835117838,1,0
177964,Yusupha Njie,24/25,2025,0,0.5935194935216015,1,1
357163,Filipe Soares,24/25,2025,1,0.5934006761080939,1,0
691355,Junior Bakayoko,24/25,2025,0,0.593300376824024,1,1
431581,Edoardo Duca,24/25,2025,1,0.5932403299000437,1,0
1111051,Mamadou Gning,24/25,2025,0,0.593202515000521,1,1
127610,Mexer,24/25,2025,1,0.5931379345033356,1,0
580747,Yvann Maçon,24/25,2025,0,0.5930922718468697,1,1
124260,Julián Velázquez,24/25,2025,1,0.5930674957424154,1,0
1175370,Federico Renda,24/25,2025,0,0.5928705678416278,1,1
1321718,João Gastão,24/25,2025,1,0.5928365415226956,1,0
784551,Petar Malisic,24/25,2025,1,0.5927830174994948,1,0
594277,Jonathan Mulder,24/25,2025,1,0.5927133017265914,1,0
610570,Julián Bartolo,24/25,2025,0,0.5926734847340387,1,1
736041,Haris Mesic,24/25,2025,1,0.5926389059407384,1,0
728321,Petar Karaangelov,24/25,2025,0,0.5926043522373149,1,1
73932,Alessio Luciani,24/25,2025,1,0.5921649814106652,1,0
626854,Kevin Höög Jansson,24/25,2025,0,0.5918659928594153,1,1
688747,Juanjo Sánchez,24/25,2025,1,0.5917865169596932,1,0
924304,Adrián Dénes,24/25,2025,1,0.5916173259119569,1,0
241391,Oussama Idrissi,24/25,2025,0,0.5915698823303975,1,1
704553,Eugenio Pizzuto,24/25,2025,0,0.5915217888150957,1,1
494827,Lucas Zeller,24/25,2025,0,0.5915149264411449,1,1
931916,Dimitrios Retsos,24/25,2025,1,0.5911058062819291,1,0
509492,Jagoba Zárraga,24/25,2025,1,0.5910560612437739,1,0
331726,Tammy Abraham,24/25,2025,1,0.5909114596794053,1,0
765068,Pedro Antonio Rodriguez,24/25,2025,0,0.5907895738415916,1,1
199717,Giancarlo Malcore,24/25,2025,0,0.5906511562393837,1,1
827570,Luis Navarro,24/25,2025,1,0.5901838832234824,1,0
436585,Delano Burgzorg,24/25,2025,0,0.5901319701515305,1,1
246204,Salvi Sánchez,24/25,2025,1,0.5899293460430237,1,0
250013,Angelo Fulgini,24/25,2025,1,0.5895036239233722,1,0
240889,Anas Ouahim,24/25,2025,1,0.5894764286493231,1,0
646698,Gabriel Misehouy,24/25,2025,1,0.5894684892908115,1,0
278190,Ivan Konovalov,24/25,2025,1,0.589368838707059,1,0
675612,Babis Drakas,24/25,2025,0,0.589343819309159,1,1
396108,Juanmi Carrión,24/25,2025,1,0.5893240875387522,1,0
447661,Douglas Luiz,24/25,2025,1,0.5892454007225478,1,0
931172,Gabriel Tutu,24/25,2025,0,0.5892257621071392,1,1
518676,Patrick Luan,24/25,2025,0,0.5891907941454407,1,1
628052,Martin Petkov,24/25,2025,1,0.5888774794387494,1,0
117518,Aykut Özer,24/25,2025,1,0.5885600928342725,1,0
999745,Damola Ajayi,24/25,2025,1,0.5885075042385908,1,0
810100,Taylan Bulut,24/25,2025,1,0.5884806061338985,1,0
115333,Juanpe,24/25,2025,1,0.5884801378608556,1,0
924110,Efe Korkut,24/25,2025,0,0.5881359949839737,1,1
1003925,Henrijs Auseklis,24/25,2025,0,0.5880984573951896,1,1
818892,Nicola Bagnolini,24/25,2025,1,0.5880346979694676,1,0
88705,Michele Rigione,24/25,2025,0,0.5879209534629684,1,1
1153574,Viktorio Valkov,24/25,2025,0,0.5878962758766884,1,1
951296,Christos Almyras,24/25,2025,1,0.5878435093085382,1,0
272698,Mohamed Hamdaoui,24/25,2025,0,0.587607943020546,1,1
332866,Shaun Want,24/25,2025,1,0.5875806503011618,1,0
946256,Nil Ruiz,24/25,2025,0,0.5871585592106389,1,1
340339,Jorge Sáenz,24/25,2025,0,0.5871047741981884,1,1
1226008,Yanis Fetheddine,24/25,2025,1,0.587051300140954,1,0
442493,Kornél Csernik,24/25,2025,1,0.5870436946378362,1,0
397677,Niko Bretschneider,24/25,2025,1,0.5869939258145435,1,0
369258,Dudu,24/25,2025,0,0.586963014997517,1,1
801069,Jimmy Evans,24/25,2025,0,0.5866576862769493,1,1
803401,Ryan Andrews,24/25,2025,1,0.5864770235731831,1,0
812991,Arne Rühlemann,24/25,2025,1,0.5861489289626078,1,0
223029,Fábio Martins,24/25,2025,1,0.5860938008852719,1,0
257805,Mathias Normann,24/25,2025,1,0.5860005397638643,1,0
1042816,Matteo Marini,24/25,2025,0,0.5856631138217105,1,1
328455,Juriën Gaari,24/25,2025,1,0.5853849454757831,1,0
711323,Alejandro Parada,24/25,2025,1,0.5852323131674498,1,0
334225,Mika Hanraths,24/25,2025,0,0.5851706571345819,1,1
1131037,Samuel Konney,24/25,2025,1,0.5850948399296511,1,0
205569,Mickaël Malsa,24/25,2025,1,0.5850651566950924,1,0
468688,Maximilian Weisbäcker,24/25,2025,1,0.5850255155522267,1,0
588747,Tim Civeja,24/25,2025,0,0.5849968666693353,1,1
918811,Mattia Fortin,24/25,2025,1,0.5849570040463281,1,0
244930,Hikmet Çiftçi,24/25,2025,0,0.5848981612533114,1,1
892633,Aitor Pérez,24/25,2025,0,0.5848255269446315,1,1
973575,Guilherme Zimovski,24/25,2025,0,0.5847666516965092,1,1
592927,Péter Törőcsik,24/25,2025,1,0.5847576371519739,1,0
875860,David Amigo,24/25,2025,0,0.5847230171065425,1,1
578461,Nikola Borisov,24/25,2025,1,0.5847013602418112,1,0
339328,Owen Wijndal,24/25,2025,0,0.5846948332794304,1,1
564792,Giovanni Garofani,24/25,2025,1,0.5846115394541037,1,0
490386,Jay-Dee Geusens,24/25,2025,0,0.5843935857505868,1,1
708534,Alejandro Jay,24/25,2025,1,0.5842662011298755,1,0
304144,Alen Sherri,24/25,2025,1,0.5842439687934223,1,0
71019,Bartosz Salamon,24/25,2025,1,0.5842183009814568,1,0
124517,Sebastian Kerk,24/25,2025,1,0.5841655102072791,1,0
308371,Mikel Villanueva,24/25,2025,1,0.5840693735384067,1,0
496357,Mehdi Boudjemaa,24/25,2025,0,0.5840017420826654,1,1
525995,Stefan Hajdin,24/25,2025,1,0.5836222367634541,1,0
537764,Carlos Algarra,24/25,2025,0,0.5835640789057056,1,1
467486,Antoine Leautey,24/25,2025,1,0.5833075325298869,1,0
633668,Giovanni Fabbian,24/25,2025,0,0.5832978503342067,1,1
167254,Dominic Ball,24/25,2025,1,0.5832314716448318,1,0
395612,Nicolò Clerici,24/25,2025,1,0.5830728007287748,1,0
560988,Azzan Al-Tamtami,24/25,2025,1,0.5829458988715547,1,0
1057995,Yao Jean Charles,24/25,2025,0,0.582821569712359,1,1
367620,Jacopo Cioce,24/25,2025,0,0.5827766823806992,1,1
339780,Svetoslav Kovachev,24/25,2025,1,0.582614927545898,1,0
1106258,Jorge Oreiro,24/25,2025,0,0.5822635106441736,1,1
420886,Elisha Sam,24/25,2025,1,0.5822464690516462,1,0
23523,Thomas Mikkelsen,24/25,2025,0,0.5822201817288877,1,1
73090,Vid Belec,24/25,2025,0,0.5821886896320345,1,1
462087,Arjen van der Heide,24/25,2025,0,0.5821841177139595,1,1
1004385,Owen Martinez-Jullien,24/25,2025,1,0.5821145691224009,1,0
746892,Giuseppe Simone,24/25,2025,0,0.5819522686653263,1,1
664420,Albert Caparrós,24/25,2025,0,0.5815972876276546,1,1
84911,Daniel Genov,24/25,2025,0,0.5814245258155276,1,1
765110,Jakub Tosnar,24/25,2025,0,0.5814073023781967,1,1
343022,Terell Thomas,24/25,2025,0,0.5813387247760583,1,1
631349,Shakhboz Umarov,24/25,2025,1,0.5812935289159123,1,0
934494,Tommaso Plini,24/25,2025,1,0.581205437087274,1,0
710292,Ibrahima,24/25,2025,0,0.5811220751003092,1,1
832326,Romualdas Jansonas,24/25,2025,1,0.5810351992613746,1,0
431185,Giannis Gerolemou,24/25,2025,1,0.5808236093214452,1,0
366047,Yankuba Jarju,24/25,2025,1,0.5808108459223836,1,0
95795,Václav Hladký,24/25,2025,0,0.5806912911418889,1,1
1123335,Hamza Bellari,24/25,2025,1,0.580505796428195,1,0
1062258,Gabriel Fernandes,24/25,2025,1,0.5805038532845122,1,0
217139,Santi Canedo,24/25,2025,0,0.5804786163393042,1,1
454321,Jorge Benguché,24/25,2025,0,0.5803477736990679,1,1
818906,Yoan Bornosuzov,24/25,2025,0,0.5800662211657694,1,1
866247,Tommaso Rubino,24/25,2025,1,0.5800575700034241,1,0
595916,Alejandro Cañizo,24/25,2025,0,0.5800064415283734,1,1
1262995,Chiemeka Azurunwa,24/25,2025,1,0.5799893474903434,1,0
448058,Giannis Papanikolaou,24/25,2025,0,0.5799629966644267,1,1
670841,Junior Robinson,24/25,2025,1,0.5799171454200929,1,0
392500,Felice D'Amico,24/25,2025,1,0.5797154400871584,1,0
182323,Lucas Lima,24/25,2025,1,0.5796287813114335,1,0
530298,Christian Conteh,24/25,2025,0,0.5796244994903326,1,1
494350,Yaw Annor,24/25,2025,0,0.5795803511241637,1,1
1075192,Sergio Carmona,24/25,2025,1,0.579394882914624,1,0
392538,Tommaso Pobega,24/25,2025,1,0.5792981742356236,1,0
522719,Samuel Obeng,24/25,2025,1,0.5789669643352118,1,0
563137,Robert Navarro,24/25,2025,1,0.5788761060123079,1,0
1180712,Niccolò Bigi,24/25,2025,1,0.5786530461097779,1,0
358948,Bright Osayi-Samuel,24/25,2025,1,0.5786086793181394,1,0
739076,Aboubacar Lô,24/25,2025,1,0.5784214334393435,1,0
1238259,Pau Fernández,24/25,2025,0,0.5781940051152034,1,1
875219,Marselino Ferdinan,24/25,2025,1,0.5780532669398832,1,0
723733,Bernardo Folha,24/25,2025,0,0.5780426464521892,1,1
222007,Bernard Kyere,24/25,2025,1,0.5778541410871618,1,0
528040,Milan Obradovic,24/25,2025,1,0.5775699641876462,1,0
1188586,Alessandro Rossi,24/25,2025,1,0.5774300603211749,1,0
1000630,Pablo López,24/25,2025,1,0.5773606368322125,1,0
631472,Bruno Langa,24/25,2025,1,0.5772754148881611,1,0
796739,Júnior Almeida,24/25,2025,0,0.5771019678051714,1,1
427868,Dan Jefferies,24/25,2025,1,0.5770732133389642,1,0
702354,Idrissa Thiam,24/25,2025,1,0.5770101728254805,1,0
433049,Youssef En-Nesyri,24/25,2025,0,0.5769581156014721,1,1
417515,Mbaye Seck,24/25,2025,0,0.5769295520453779,1,1
1056956,Mikel Santos,24/25,2025,0,0.5768458123251187,1,1
624905,Ramón Vila,24/25,2025,1,0.5768285270673518,1,0
1060382,Daniele Kola,24/25,2025,1,0.5767210288741439,1,0
116772,Niklas Brandt,24/25,2025,1,0.5766409694163049,1,0
864485,Alexandru Gutium,24/25,2025,1,0.5763586409286858,1,0
892482,Alessandro Scacchetti,24/25,2025,1,0.576349255248562,1,0
220978,Andrea Gasbarro,24/25,2025,1,0.576335133805504,1,0
622258,Lukas Raab,24/25,2025,1,0.5762108611814225,1,0
296704,Jaume Valens,24/25,2025,1,0.5761067834981615,1,0
439292,Sydney van Hooijdonk,24/25,2025,0,0.5759775464042569,1,1
485533,Máté Fekete,24/25,2025,0,0.5759549938350235,1,1
1056213,Orazio Pazienza,24/25,2025,0,0.5757844890309706,1,1
910682,Dennis Gaustad,24/25,2025,1,0.575763994276059,1,0
867033,Facundo Queiroz,24/25,2025,1,0.5756354706338174,1,0
584087,Roni Arabaci,24/25,2025,1,0.5755000174062489,1,0
357176,Alessandro Tripaldelli,24/25,2025,1,0.5754411083901796,1,0
960941,Jacopo Bacci,24/25,2025,0,0.5753141084420359,1,1
745596,Batuhan Yavuz,24/25,2025,0,0.575297971401933,1,1
1044395,Marten-Chris Paalberg,24/25,2025,0,0.5750677285937595,1,1
212746,Alexandru Băluță,24/25,2025,1,0.5750577051265952,1,0
589753,Ilija Masic,24/25,2025,0,0.5749944534504365,1,1
228940,João Novais,24/25,2025,1,0.574923062194285,1,0
379869,Arthur Desmas,24/25,2025,1,0.5749089997263075,1,0
465988,Elia Giani,24/25,2025,1,0.5746874069553901,1,0
279909,Faisal Bangal,24/25,2025,0,0.574655670398919,1,1
745299,Tom Kerssens,24/25,2025,1,0.5744595611674896,1,0
707456,Fallou Sene,24/25,2025,1,0.5744436224010432,1,0
583699,Andrej Ilic,24/25,2025,1,0.5743850249004646,1,0
558727,Muhammed Gümüşkaya,24/25,2025,1,0.5743292135064054,1,0
586855,Loreintz Rosier,24/25,2025,1,0.5743085889937551,1,0
976198,Alessandro Ceccarelli,24/25,2025,1,0.5741174094973986,1,0
908857,Ágúst Orri Thorsteinsson,24/25,2025,0,0.5741107155340852,1,1
229657,Jamal Arago,24/25,2025,0,0.5739701855896063,1,1
856423,João Costa,24/25,2025,0,0.573961548772945,1,1
343536,Ikhsan Fandi,24/25,2025,1,0.5737564252116358,1,0
935782,Francesco Vallarelli,24/25,2025,1,0.5737507431682927,1,0
1185116,Zalán Gregor,24/25,2025,1,0.573664324436982,1,0
1256478,Lorougnon Gohi,24/25,2025,1,0.5736613611612713,1,0
74559,Moritz Göttel,24/25,2025,1,0.5736288217210516,1,0
800179,Maxime Langner,24/25,2025,1,0.5735940504109563,1,0
371142,Myziane Maolida,24/25,2025,0,0.5734688536977193,1,1
567114,Liam Morrison,24/25,2025,0,0.5732060552535323,1,1
355033,Enrico Silletti,24/25,2025,0,0.5731327829669259,1,1
336756,Miguel Silva,24/25,2025,0,0.572940593823294,1,1
695646,Charles Boli,24/25,2025,1,0.5724687158143688,1,0
1049726,Matteo Colombara,24/25,2025,0,0.5723801041260931,1,1
406008,Yan Valery,24/25,2025,0,0.5723748871270719,1,1
1228715,Samu Rodríguez,24/25,2025,0,0.5722954994328419,1,1
923915,Antal Yaakobishvili,24/25,2025,1,0.5722551078898026,1,0
1074574,Garabet Takesian,24/25,2025,1,0.5722155044146698,1,0
597201,Rúben Pereira,24/25,2025,1,0.5721556285661479,1,0
700789,Nor Maviram,24/25,2025,0,0.5716842511871475,1,1
569866,Roberto López,24/25,2025,0,0.5715874047513902,1,1
800948,Jan-Carlo Simić,24/25,2025,1,0.5715467305069809,1,0
935828,Mohamed Alì Zoma,24/25,2025,1,0.5714026593496907,1,0
1109887,Filip Kaczmarek,24/25,2025,0,0.5713800071773522,1,1
947115,Xavi Grande,24/25,2025,1,0.5713247795544809,1,0
403834,Kahraman Demirtaş,24/25,2025,1,0.5711861551001922,1,0
477930,Rıdvan Yılmaz,24/25,2025,1,0.5711461962268802,1,0
160671,Manu Molina,24/25,2025,1,0.5710991028732466,1,0
874429,Aron Sasu,24/25,2025,0,0.5710720577878958,1,1
672607,Adam Senior,24/25,2025,1,0.5710706023189064,1,0
700664,Balázs Farkas,24/25,2025,1,0.5710439487475488,1,0
460629,Colin Dagba,24/25,2025,0,0.5710255499580185,1,1
558890,Sergio Gómez,24/25,2025,0,0.5710196268751938,1,1
320259,Sito Pascual,24/25,2025,0,0.5707321860943817,1,1
861221,Ebenezer Annan,24/25,2025,1,0.5707016737147883,1,0
914539,Yoan Koré,24/25,2025,1,0.5706975849384991,1,0
685506,Christian Travaglini,24/25,2025,0,0.5706233382557012,1,1
616142,Jonathan Spedalieri,24/25,2025,0,0.5705919619868974,1,1
73700,Nikolaos Kaltsas,24/25,2025,0,0.5704639102248038,1,1
608172,Ardon Jashari,24/25,2025,1,0.5700767242122109,1,0
280700,Yohan Boli,24/25,2025,1,0.5697593518260644,1,0
254685,Zdravko Manasiev,24/25,2025,1,0.5696525424139498,1,0
280039,Marco Soprano,24/25,2025,0,0.5695658296877286,1,1
655177,Zeno Ibsen Rossi,24/25,2025,0,0.5695419222717552,1,1
94192,Patrick Drewes,24/25,2025,1,0.5695159836318591,1,0
820367,Pavel Georgiev,24/25,2025,0,0.5694603348841342,1,1
166275,Grigoriy Morozov,24/25,2025,0,0.569325024099704,1,1
64793,Leonardo Pavoletti,24/25,2025,0,0.5691161707882675,1,1
653401,Isaak Akritidis,24/25,2025,0,0.5690160851948747,1,1
724103,Michele Casali,24/25,2025,1,0.5689144209696536,1,0
404959,Gabriele Fabbian,24/25,2025,0,0.5688674225773587,1,1
267753,Nicolás Ibáñez,24/25,2025,0,0.5688645175012245,1,1
932740,Jonas Harder,24/25,2025,1,0.5685764214396766,1,0
184534,Alexander Ludwig,24/25,2025,0,0.5685603483765174,1,1
920041,Emmanuel Elekwa,24/25,2025,1,0.568277189365115,1,0
183299,Callum Robinson,24/25,2025,0,0.5678900422541506,1,1
454238,Tomás Alarcón,24/25,2025,0,0.5678817465445901,1,1
704846,Mattia La Marca,24/25,2025,1,0.5678034243527099,1,0
1168851,Omar Khedr,24/25,2025,0,0.5677965727634054,1,1
744278,Benjamín Rojas,24/25,2025,1,0.5677735846931319,1,0
8198,Cristiano Ronaldo,24/25,2025,0,0.567490711027457,1,1
1045312,Harri John,24/25,2025,1,0.5674826465336199,1,0
288690,Manprit Sarkaria,24/25,2025,1,0.5674450838172608,1,0
1066821,Vasilios Archontakakis,24/25,2025,0,0.5673836840817857,1,1
339982,Bright Gyamfi,24/25,2025,1,0.5673516252444474,1,0
293325,Emil Riis,24/25,2025,1,0.5672444979074269,1,0
1278511,Emanuele Lo Zito,24/25,2025,0,0.5669334082852796,1,1
25808,Oto John,24/25,2025,0,0.5668066418362833,1,1
904662,Louis Mouton,24/25,2025,1,0.5666328634691801,1,0
354742,Pepe Castaño,24/25,2025,0,0.5665455133889011,1,1
182904,Clément Lenglet,24/25,2025,1,0.5664614738017841,1,0
583641,Antonee Burke-Gilroy,24/25,2025,0,0.5663657484540564,1,1
68033,Steven Zuber,24/25,2025,0,0.5662974575979405,1,1
1040836,Yeray Carpio,24/25,2025,0,0.5662383842025653,1,1
373301,Silva,24/25,2025,1,0.5661732829947796,1,0
245157,Borja Martínez,24/25,2025,1,0.5660989292082542,1,0
395740,Samuele Rosano,24/25,2025,0,0.5660860632570952,1,1
765468,Milan de Haan,24/25,2025,1,0.5660302836947113,1,0
731899,Álvaro Zamora,24/25,2025,1,0.5659138132761437,1,0
1264191,Sicu Camara,24/25,2025,0,0.5658509156676719,1,1
396841,Louis Verstraete,24/25,2025,0,0.5652566598187244,1,1
688638,Lorenz Hollenbach,24/25,2025,1,0.5652089733892441,1,0
1056273,Edoardo Negri,24/25,2025,1,0.5651933897733846,1,0
983248,Callan McKenna,24/25,2025,0,0.5651906965187372,1,1
1075582,Jules Stawiecki,24/25,2025,0,0.5651004597247874,1,1
733496,JJ McKiernan,24/25,2025,1,0.5648773829549127,1,0
1141560,Kader Meïté,24/25,2025,0,0.5645449144527313,1,1
830382,Klaidher Macedo,24/25,2025,1,0.5644903431825689,1,0
513441,Diego González,24/25,2025,1,0.5644860402949758,1,0
805065,Iyad Mohamed,24/25,2025,0,0.5644742251553778,1,1
573133,Charlie McCann,24/25,2025,1,0.5640196387560928,1,0
426213,Rodrigo Conceição,24/25,2025,1,0.5639890583965423,1,0
614988,Ilias Kostis,24/25,2025,0,0.5636844099942739,1,1
231792,Christos Gromitsaris,24/25,2025,0,0.5636661731086307,1,1
1231367,Filippo Pedone,24/25,2025,1,0.563652319370951,1,0
525867,Fraser Horsfall,24/25,2025,1,0.5634674117324951,1,0
645955,Rick,24/25,2025,0,0.5634625500956633,1,1
285591,Luca Guadalupi,24/25,2025,1,0.5633918200271427,1,0
535958,Ricardo Matos,24/25,2025,1,0.5633766654581054,1,0
199179,Nikolaos Melissas,24/25,2025,1,0.5633704839884762,1,0
395236,Yacine Adli,24/25,2025,1,0.5632564805111622,1,0
500687,Tyrese Shade,24/25,2025,1,0.5631691835503251,1,0
960458,Konstantin Aleksa,24/25,2025,0,0.5630027099336803,1,1
705288,Angelo Talia,24/25,2025,0,0.5629969919080449,1,1
651335,Kanto Fitiavana Voahariniaina,24/25,2025,0,0.5629659537321668,1,1
623173,Anestis Vlachomitros,24/25,2025,1,0.5628544473651141,1,0
271271,Pablo Carbonell,24/25,2025,1,0.5626648943805649,1,0
708624,Andrea Quarena,24/25,2025,0,0.5626481416049313,1,1
607164,Enzo Cornelisse,24/25,2025,1,0.5626386826881089,1,0
523606,Cleylton,24/25,2025,0,0.5623679785492814,1,1
488784,Magnus Kofod Andersen,24/25,2025,0,0.5622184809849254,1,1
261056,Giacomo Ricci,24/25,2025,1,0.5621638923595561,1,0
397171,Gideon Mensah,24/25,2025,0,0.561759464806831,1,1
813152,Makan Aïko,24/25,2025,0,0.5617105585418197,1,1
196446,Liam Dick,24/25,2025,1,0.5612745622828534,1,0
896014,Adrià Nicoli,24/25,2025,0,0.5610024425661996,1,1
392577,Matteo Rover,24/25,2025,1,0.5606441463029419,1,0
1218877,Mustafa Owaid,24/25,2025,1,0.5605721653748043,1,0
271622,Óttar Magnús Karlsson,24/25,2025,1,0.5605620139991405,1,0
476024,Léo Abreu,24/25,2025,1,0.5604928762212854,1,0
837205,Franco Ravizzoli,24/25,2025,1,0.560380122060883,1,0
305947,Albert Gudmundsson,24/25,2025,1,0.5603509488755533,1,0
1255577,Francesco Tumiatti,24/25,2025,0,0.5602124493236311,1,1
694236,Craig Ross,24/25,2025,1,0.5597540313570971,1,0
1124805,Noel Jakac,24/25,2025,1,0.5597370780790898,1,0
1196125,Stilyan Rusenov,24/25,2025,0,0.5596866439710948,1,1
279472,Nathan Burke,24/25,2025,0,0.5590200954002408,1,1
256023,Serkan Yusein,24/25,2025,0,0.5588839806807993,1,1
1162160,Maher Carrizo,24/25,2025,0,0.5588699027704828,1,1
743327,Tamir Berman,24/25,2025,1,0.5585315835993666,1,0
922772,Charalampos Kallanxhi,24/25,2025,0,0.5584915439997487,1,1
814468,Matteo Polizzi,24/25,2025,1,0.5584523914642001,1,0
117549,Rodri Ríos,24/25,2025,1,0.5583944863198628,1,0
459652,Filippo Austoni,24/25,2025,0,0.5582918276987987,1,1
191850,Kosmas Gezos,24/25,2025,1,0.5582851634121312,1,0
611070,Moha Keita,24/25,2025,0,0.5581136920451394,1,1
1103543,Clarence Corallo,24/25,2025,1,0.5580230425442944,1,0
964241,Luca Nocerino,24/25,2025,1,0.5580172459594909,1,0
146603,Roland Baracskai,24/25,2025,0,0.5580049904970104,1,1
364635,Francesco Mele,24/25,2025,1,0.5577416686361506,1,0
800611,Jonathan Pitou,24/25,2025,1,0.5576090112941994,1,0
1107991,Ognjen Teofilovic,24/25,2025,1,0.5574754313494479,1,0
54534,Agustín Marchesín,24/25,2025,0,0.5574651586454437,1,1
214798,Craig Goodwin,24/25,2025,1,0.557396465028409,1,0
128909,Jack Robinson,24/25,2025,1,0.557387896950675,1,0
389837,Nicolò Casale,24/25,2025,1,0.5573642824530484,1,0
541914,Anton Kovalev,24/25,2025,0,0.5573234140637453,1,1
432959,Perotti,24/25,2025,1,0.5572909909522912,1,0
122493,Amir Sayoud,24/25,2025,1,0.5572069341860552,1,0
569366,Enzo Millot,24/25,2025,1,0.5571914537982308,1,0
410436,Bailey Peacock-Farrell,24/25,2025,1,0.5571246071852973,1,0
980036,Matheus Sampaio,24/25,2025,0,0.5571136143347257,1,1
864769,Brandon Bokangu,24/25,2025,0,0.5569670199661435,1,1
521329,Carlos Redru,24/25,2025,0,0.5569585526343099,1,1
951643,Zakhar Gitselev,24/25,2025,0,0.5568333638158581,1,1
581018,Andrija Katic,24/25,2025,0,0.556825544757712,1,1
90478,Lukas Van Eenoo,24/25,2025,1,0.5567436877059644,1,0
1077315,Anastasios Loupas,24/25,2025,1,0.5567255998287215,1,0
897921,Lorenzo Menegazzo,24/25,2025,1,0.5565939842337367,1,0
344968,Milan Ristovski,24/25,2025,0,0.5564452297897964,1,1
954090,Rayan Lutin,24/25,2025,0,0.5564407717005242,1,1
496062,Víctor Griffith,24/25,2025,0,0.5563947102854342,1,1
265176,Phil Neumann,24/25,2025,1,0.5563325554593459,1,0
988243,Noah Maboulou,24/25,2025,1,0.556319031750114,1,0
396160,Gonzalo Almenara,24/25,2025,0,0.5561557611283344,1,1
810073,Younes El Hannach,24/25,2025,0,0.5560289941868259,1,1
919863,Hristo Petrov,24/25,2025,1,0.5559568309196071,1,0
630108,David Petrovic,24/25,2025,0,0.5559067702378861,1,1
552437,Mohammed Amine Chakir,24/25,2025,1,0.5558464008095475,1,0
344381,Christopher Nkunku,24/25,2025,1,0.555806340668822,1,0
334186,Fabian Kunze,24/25,2025,1,0.5555457803590164,1,0
815180,Robert Kwasigroch,24/25,2025,1,0.5553232742409888,1,0
496995,Gergő Major,24/25,2025,1,0.555231699379297,1,0
844637,Marc Pubill,24/25,2025,1,0.5552067649300315,1,0
684210,Jaidon Anthony,24/25,2025,1,0.5550743082040304,1,0
334822,David Lischka,24/25,2025,0,0.5550568313601465,1,1
385394,Alberto Dossena,24/25,2025,0,0.5549706271370608,1,1
446211,Morros,24/25,2025,1,0.5548903149963695,1,0
424371,Iván Martínez,24/25,2025,1,0.5547566083403045,1,0
356474,Leon Augusto,24/25,2025,0,0.5546349393001258,1,1
537602,João Mário,24/25,2025,1,0.5546328037180334,1,0
775048,Omar Mohamedhoesein,24/25,2025,0,0.5543410132859801,1,1
338070,Konstantinos Tsimikas,24/25,2025,1,0.5542790682239562,1,0
258835,Ricardo Gomes,24/25,2025,1,0.5542717491417543,1,0
571743,Armando Broja,24/25,2025,1,0.5542471855373085,1,0
262097,Birsent Karagaren,24/25,2025,1,0.554124209908741,1,0
45717,Nenê,24/25,2025,0,0.5541160613857211,1,1
434109,Fabian Windhager,24/25,2025,0,0.5541036560632701,1,1
388058,Benjamin Goller,24/25,2025,1,0.5539740814956681,1,0
937999,Simone Cortese,24/25,2025,1,0.5537299065397935,1,0
607914,Johan Kury,24/25,2025,1,0.5537214588407545,1,0
1162365,Bandar Darwish,24/25,2025,0,0.5536593654566115,1,1
96133,Fabio Scarsella,24/25,2025,0,0.5536258233502936,1,1
696656,Rodri Andrade,24/25,2025,0,0.55350116722465,1,1
128509,Dany Carvajal,24/25,2025,0,0.5534433344212999,1,1
335733,Daniel Naumov,24/25,2025,1,0.5532325679537227,1,0
711384,Gexan Elosegi,24/25,2025,0,0.5532151152541137,1,1
682351,Arthur Györgyi,24/25,2025,1,0.552742812494862,1,0
441098,Lucas Masoero,24/25,2025,1,0.5527157376562267,1,0
350322,Emanuele Anastasia,24/25,2025,1,0.5526810650528077,1,0
945759,Fran Tafalla,24/25,2025,1,0.5526715871249341,1,0
459704,Mattia Fiorini,24/25,2025,0,0.5526481079232672,1,1
419999,Guessouma Fofana,24/25,2025,0,0.552628077640369,1,1
388888,Samu Casado,24/25,2025,1,0.5520671382981491,1,0
117720,Nils Winter,24/25,2025,0,0.5520224315324754,1,1
835373,André Escobar,24/25,2025,0,0.5519736352000156,1,1
162036,Diego Caballo,24/25,2025,1,0.5518332879955506,1,0
672535,Carmine Cretella,24/25,2025,1,0.551737926563872,1,0
892127,Kayden Wolff,24/25,2025,0,0.5517191380462375,1,1
955299,Carlo Soldati,24/25,2025,1,0.5516261631269302,1,0
163223,Mirko Gori,24/25,2025,0,0.5514830049579429,1,1
533783,Maks Ebong,24/25,2025,0,0.5514768508553142,1,1
1048618,Philipp Maybach,24/25,2025,0,0.5513859657960511,1,1
659804,John Mercado,24/25,2025,1,0.5511916389397091,1,0
596884,Adrián Butzke,24/25,2025,1,0.5511051534423921,1,0
587688,Zdravko Dimitrov,24/25,2025,0,0.5510791978152788,1,1
744941,Sekou Lega,24/25,2025,1,0.5510456068998785,1,0
624059,Emir Karalic,24/25,2025,1,0.5509151234292788,1,0
666551,Maestro,24/25,2025,1,0.5507920391033029,1,0
1077175,Honest Ahanor,24/25,2025,1,0.5503794823039737,1,0
742521,Jhon Solís,24/25,2025,0,0.5503729625487874,1,1
766580,Jacobo Guzmán,24/25,2025,1,0.5503646553436178,1,0
484215,Toby Sibbick,24/25,2025,1,0.5502668754730633,1,0
254985,Taulant Seferi,24/25,2025,0,0.5501503192974059,1,1
704156,Nicholas Gioacchini,24/25,2025,0,0.5501197847657255,1,1
639237,Vedat Tunc,24/25,2025,0,0.5500580517467628,1,1
458715,Robson Bambu,24/25,2025,1,0.5499548055284914,1,0
548347,Melvin Zinga,24/25,2025,0,0.5498546574321722,1,1
632915,Carlos Sánchez,24/25,2025,0,0.5497705995647072,1,1
1027421,Ahmed Khatir,24/25,2025,1,0.5496709346682191,1,0
815677,Vinicius Mello,24/25,2025,0,0.5495790587489228,1,1
983138,Mattia Maffei,24/25,2025,1,0.5493124069506816,1,0
820252,Benchimol,24/25,2025,0,0.5491987468523044,1,1
616903,Moustapha Yabre,24/25,2025,0,0.5490714289057713,1,1
542511,Paul Ngongo,24/25,2025,0,0.5490115653812355,1,1
1001546,Jerome Kortebusch,24/25,2025,1,0.5485701147479889,1,0
902200,Jesse Khan,24/25,2025,0,0.5484607501720247,1,1
465844,Stefan Gavrilov,24/25,2025,0,0.5483282158697562,1,1
682814,Nassim L'Ghoul,24/25,2025,1,0.5481108074001516,1,0
923667,Joeri Heerkens,24/25,2025,1,0.5478103176734543,1,0
727865,Alberto Basso Ricci,24/25,2025,1,0.5477296224451553,1,0
242532,Rober Ibáñez,24/25,2025,1,0.547509059545089,1,0
999417,Francesco Pinto,24/25,2025,1,0.5474243502210194,1,0
681829,Nilton,24/25,2025,0,0.5472775408552439,1,1
667066,Alessio Guerini,24/25,2025,0,0.547234377702491,1,1
634429,Iker Piedra,24/25,2025,1,0.5471863877414396,1,0
354772,Michaell Chirinos,24/25,2025,0,0.5471046860780422,1,1
549021,João Sérgio,24/25,2025,0,0.5470726881404507,1,1
549582,Chris Conn-Clarke,24/25,2025,0,0.5467479866958901,1,1
379168,Noah Fadiga,24/25,2025,1,0.5463650686256944,1,0
816576,Edson Silva,24/25,2025,0,0.5463023256413354,1,1
888639,Ethan Wheatley,24/25,2025,1,0.5462072908092378,1,0
369082,Robert Ergas,24/25,2025,1,0.5461810440201943,1,0
396428,Rodrigo Escoval,24/25,2025,0,0.5460698547576945,1,1
874081,Karoy Anderson,24/25,2025,0,0.546040800055669,1,1
715683,Naim García,24/25,2025,0,0.5459802350140678,1,1
1230033,Edmond Lenghel,24/25,2025,1,0.5456026639813282,1,0
572689,Ivan Milosavljevic,24/25,2025,1,0.5454376846185173,1,0
1290144,Gennaro Di Somma,24/25,2025,1,0.5453011298462878,1,0
503619,Andrea Papetti,24/25,2025,1,0.545231078354012,1,0
551686,Khalid Muneer,24/25,2025,0,0.5450635937823153,1,1
907318,Charlie McArthur,24/25,2025,0,0.5450547408080385,1,1
122676,Robert Zulj,24/25,2025,1,0.5447569867944355,1,0
460347,Giovani Bamba,24/25,2025,1,0.5446537389214361,1,0
536460,Andrea Ghezzi,24/25,2025,0,0.5446337890333057,1,1
891833,Skye Vink,24/25,2025,0,0.5445059420793886,1,1
398808,Martin Hongla,24/25,2025,0,0.5444726088384721,1,1
539795,Bryan Okoh,24/25,2025,1,0.5444358278007058,1,0
688495,Thomas Scapin,24/25,2025,1,0.544402137430833,1,0
245993,Fabio Ramon Tomassini,24/25,2025,0,0.5443990505947864,1,1
808901,Leandro Frroku,24/25,2025,0,0.5443506408254871,1,1
335209,Kevin Diks,24/25,2025,1,0.5442148531837905,1,0
536451,Andrea Silipo,24/25,2025,0,0.544016012733934,1,1
292032,Pelle Hoppe,24/25,2025,1,0.543849917955538,1,0
925221,Elion Jashari,24/25,2025,1,0.5438245877995929,1,0
952216,Samuel Kuffour,24/25,2025,0,0.5437723070684146,1,1
550108,Nicola Zalewski,24/25,2025,1,0.5436770744747739,1,0
683320,Jordi Ferrer,24/25,2025,0,0.5434655917678833,1,1
379875,Leandro Antunes,24/25,2025,0,0.5434324261781955,1,1
158793,Fran Sota,24/25,2025,0,0.5433558117300494,1,1
1268443,Miroslav Georgiev,24/25,2025,0,0.5431384040125254,1,1
250826,Saeed Al-Mowalad,24/25,2025,0,0.5428202095927952,1,1
502062,D'Margio Wright-Phillips,24/25,2025,0,0.5427859792210833,1,1
172323,Cameron Howieson,24/25,2025,0,0.5427447001136644,1,1
240197,Isaac Donkor,24/25,2025,1,0.5427050300474268,1,0
982267,Ibrahim Sulemana,24/25,2025,1,0.5425233305276465,1,0
444445,Tommaso Degl'Innocenti,24/25,2025,0,0.5424799749301126,1,1
715140,Emerson Rodríguez,24/25,2025,0,0.5424619284420785,1,1
700992,Giacomo Ruggeri,24/25,2025,1,0.5423154762139548,1,0
205878,Charlie Telfer,24/25,2025,1,0.5421851097692254,1,0
646701,Prince Aning,24/25,2025,0,0.5421097575622698,1,1
927715,Xiko Gomes,24/25,2025,0,0.5420521708669621,1,1
707530,Ardian Bajrami,24/25,2025,1,0.5420152804260235,1,0
743495,Nehemiah Fernandez,24/25,2025,1,0.5419674943946755,1,0
226825,Borja López,24/25,2025,0,0.5419530290424651,1,1
1033045,Michal Willmann,24/25,2025,1,0.541930195119715,1,0
929573,Joel Silva,24/25,2025,1,0.5417412672602704,1,0
149526,Marco Crimi,24/25,2025,1,0.5415306836002465,1,0
156715,Marco Thiede,24/25,2025,1,0.5414643881872323,1,0
420179,Gianluca Saro,24/25,2025,1,0.5413612562429778,1,0
39161,Robert Garrett,24/25,2025,0,0.5413114489611736,1,1
853344,Sekou Yansané,24/25,2025,0,0.5411693754770508,1,1
529885,Christian Kouan,24/25,2025,0,0.540742559309099,1,1
1121945,Martin Georgiev,24/25,2025,0,0.5406606153200765,1,1
134608,Hélder Tavares,24/25,2025,0,0.5405763922276127,1,1
697144,Burak İnce,24/25,2025,1,0.5404906679155461,1,0
214316,Luciano Vietto,24/25,2025,0,0.5403395974274163,1,1
279927,Doru Popadiuc,24/25,2025,1,0.5402278148394616,1,0
392964,Emmanuel Latte Lath,24/25,2025,0,0.5401739274401618,1,1
1295909,Abdul Moro,24/25,2025,0,0.5401278865935192,1,1
979858,Manuel Conti,24/25,2025,0,0.5399951167780844,1,1
221312,Jordan Sánchez,24/25,2025,0,0.5399540480874006,1,1
395870,Francesco Verde,24/25,2025,1,0.5399313940887789,1,0
732117,Dylan Williams,24/25,2025,1,0.5398640056224205,1,0
930152,Enrico Casarotti,24/25,2025,1,0.5397930976234341,1,0
278467,Iván Pérez,24/25,2025,1,0.5397806933314916,1,0
1042715,Karse,24/25,2025,1,0.5397551822887662,1,0
751104,Milosz Matysik,24/25,2025,0,0.5393905659481906,1,1
103284,Dieumerci Ndongala,24/25,2025,0,0.5393546118776802,1,1
646669,Jamal Gonzaga,24/25,2025,1,0.5392692205334811,1,0
705341,Silvio Brustolin,24/25,2025,0,0.5392273677364522,1,1
523363,Kaio,24/25,2025,1,0.5390884297985465,1,0
276080,Iván Turrillo,24/25,2025,0,0.5390542484771796,1,1
648509,Fourat Soltani,24/25,2025,1,0.5390491471002045,1,0
1176566,Nicolas Naso,24/25,2025,1,0.5390192662945436,1,0
184816,Ahmed Hassan,24/25,2025,1,0.5388627218536143,1,0
135747,Luca Lezzerini,24/25,2025,1,0.5386193024684586,1,0
1139455,Favour Inyeka Ogbu,24/25,2025,0,0.5384925963337228,1,1
658536,Simon Adingra,24/25,2025,1,0.5382605138592833,1,0
476355,Cícero,24/25,2025,0,0.5382573342940694,1,1
131505,Rodrigo,24/25,2025,0,0.5382437764080279,1,1
990731,Hakim Sahabo,24/25,2025,0,0.5381323872205829,1,1
265592,Mitch Pinnock,24/25,2025,1,0.538002777311141,1,0
855615,Abdoulaye Bakayoko,24/25,2025,0,0.5377262708615101,1,1
121402,Ahmad Benali,24/25,2025,1,0.5375130948301373,1,0
216401,Marvin Ajani,24/25,2025,1,0.5374948349622791,1,0
1004759,Moritz Wiezorrek,24/25,2025,0,0.5374933372198737,1,1
311146,Nikola Sipcic,24/25,2025,1,0.5372690567316971,1,0
868327,Hristiyan Slavkov,24/25,2025,1,0.537223391084449,1,0
373876,Robert Ivanov,24/25,2025,1,0.5370261109839374,1,0
153678,Kingsley Schindler,24/25,2025,1,0.5369543298099491,1,0
834483,Álex Padilla,24/25,2025,0,0.5367398045191548,1,1
326921,Christopher Lannert,24/25,2025,0,0.5366252778887332,1,1
777150,Zakaria Fdaouch,24/25,2025,0,0.5366014034179818,1,1
535545,Jacopo Nelli,24/25,2025,1,0.5365639640973023,1,0
66736,Lisandro Magallán,24/25,2025,1,0.5365038633888979,1,0
170927,Simon Falette,24/25,2025,1,0.5359627790364362,1,0
1054934,Maroan Sannadi,24/25,2025,0,0.5358436253226124,1,1
740159,David Sousa,24/25,2025,1,0.5357944876205102,1,0
657742,Joaquín Sosa,24/25,2025,1,0.5357505780337263,1,0
923759,Valentin Atangana,24/25,2025,1,0.5355730615209756,1,0
564049,Steve Seddon,24/25,2025,1,0.5353463890042764,1,0
448844,Carlos Neva,24/25,2025,1,0.5353136055663399,1,0
954271,Bendegúz Lehoczki,24/25,2025,1,0.5350386588708129,1,0
614498,Fabio Cortinovis,24/25,2025,1,0.5346051069988037,1,0
1250522,Javi Morcillo,24/25,2025,1,0.5345895054340603,1,0
476149,George Lapslie,24/25,2025,0,0.5345471785228041,1,1
1113888,Andrew Wogan,24/25,2025,1,0.5345373489408389,1,0
1052377,Juraj Badelj,24/25,2025,0,0.5344683661526127,1,1
738481,Emmanuel van de Blaak,24/25,2025,1,0.5343320325430418,1,0
128886,András Horváth,24/25,2025,0,0.5342936945181165,1,1
285179,Vincent Atinga,24/25,2025,0,0.5341430408806335,1,1
152975,Aleix Coch,24/25,2025,0,0.5340199568781606,1,1
234761,Danny Bejarano,24/25,2025,1,0.5338206278772758,1,0
434711,Jakov Blagaic,24/25,2025,1,0.5335771206925887,1,0
282427,Fran Ganfornina,24/25,2025,0,0.5335562099473524,1,1
528618,Leon Gino Schmidt,24/25,2025,0,0.5335430475676681,1,1
740578,Arsen Vitarigov,24/25,2025,0,0.5332991361344593,1,1
301037,Aleksandr Filin,24/25,2025,1,0.5331700234869207,1,0
402963,Georgios Daviotis,24/25,2025,0,0.5329830392919128,1,1
980939,Wyll Stanway,24/25,2025,0,0.5329100523885119,1,1
1066823,Konstantinos Roumeliotis,24/25,2025,0,0.532902183140342,1,1
241889,Antonio Barreca,24/25,2025,1,0.5328637063915479,1,0
555018,Lucas Araújo,24/25,2025,1,0.5328566615420033,1,0
614157,Kelvin Boateng,24/25,2025,1,0.532796526609358,1,0
1284085,Tomas Castillo,24/25,2025,0,0.5327868597121186,1,1
355663,Anass Najah,24/25,2025,1,0.5322914706035232,1,0
1055084,Nicolò Tordiglione,24/25,2025,1,0.5321174282994998,1,0
287635,Assane Dioussé,24/25,2025,0,0.532104773349097,1,1
867042,Antoan Stoyanov,24/25,2025,1,0.5319045753816053,1,0
127222,Tommaso Ceccarelli,24/25,2025,0,0.5318236976947617,1,1
608977,Nana Antwi,24/25,2025,0,0.5318012947280456,1,1
646208,Will Swan,24/25,2025,1,0.5315601822604189,1,0
862363,Abdellah Haimoud,24/25,2025,1,0.5315221914812653,1,0
530166,Stylianos Kokovas,24/25,2025,0,0.5314715496225616,1,1
399336,Vincenzo Garofalo,24/25,2025,1,0.5313622151321241,1,0
511878,Agapios Vrikkis,24/25,2025,1,0.5313052689290487,1,0
979199,Yoël van den Ban,24/25,2025,1,0.5309683971952216,1,0
1137322,Álex Lizancos,24/25,2025,1,0.5309470445371056,1,0
386447,Alessandro Fiordaliso,24/25,2025,1,0.530854138104357,1,0
604794,Vincenzo Vitale,24/25,2025,1,0.5307352891261939,1,0
519872,Livan Burcu,24/25,2025,0,0.5304522851206629,1,1
208880,Amor Layouni,24/25,2025,0,0.5304125123546652,1,1
415816,Diallang Jaiyesimi,24/25,2025,0,0.5302897080667851,1,1
1063333,Jorge Cabello,24/25,2025,0,0.5300878860102439,1,1
524428,Nicolas Galazzi,24/25,2025,1,0.5300633825758058,1,0
392139,Sebastian Müller,24/25,2025,0,0.5297798637064587,1,1
262613,Pelle van Amersfoort,24/25,2025,0,0.5296475294415766,1,1
481692,Georgios Vrakas,24/25,2025,1,0.5296393278994478,1,0
1075584,Luan Gadegbeku,24/25,2025,0,0.52940707614264,1,1
146680,Andrea Barberis,24/25,2025,1,0.5293244194014013,1,0
150788,Yahya Al-Shehri,24/25,2025,0,0.5292699789987653,1,1
1169857,Freddie Anderson,24/25,2025,0,0.5292087419251127,1,1
593917,Ramin Alii,24/25,2025,1,0.5292082813539386,1,0
719720,David Argüelles,24/25,2025,1,0.5290660895259045,1,0
1108127,Luciano Maidana,24/25,2025,0,0.5290530826109259,1,1
922783,Marios Dervishi,24/25,2025,0,0.5289515625203776,1,1
461895,Diogo Sousa,24/25,2025,0,0.528923883839178,1,1
342012,Rody de Boer,24/25,2025,0,0.5288693184290528,1,1
728580,Daniel Villaseca,24/25,2025,0,0.5288120878970172,1,1
405211,Andrea Giacomazzi,24/25,2025,0,0.528632265789665,1,1
1087487,Vimal Yoganathan,24/25,2025,0,0.5281560833544184,1,1
313359,Alexis Pérez,24/25,2025,1,0.528111103877445,1,0
335920,Nils Piwernetz,24/25,2025,0,0.5279239707532046,1,1
533877,Martin Vanak,24/25,2025,1,0.5278475021201171,1,0
664808,August Priske,24/25,2025,0,0.5278448877565599,1,1
228405,Serhat Kot,24/25,2025,1,0.5278084695909874,1,0
877211,Success Edogun,24/25,2025,0,0.5276917225091335,1,1
554398,Vasilios Sourlis,24/25,2025,1,0.527691684805787,1,0
667251,Hugo Bolin,24/25,2025,0,0.5275645260623777,1,1
345742,Alessandro Quaini,24/25,2025,0,0.527376282064199,1,1
100980,Mads Fenger,24/25,2025,0,0.5272003606492612,1,1
915899,Dominik Nisandzic,24/25,2025,0,0.5270222268800162,1,1
77001,Rajiv van La Parra,24/25,2025,0,0.5269091229720161,1,1
735672,Maël de Gevigney,24/25,2025,0,0.5266470663950659,1,1
719926,Áron Csongvai,24/25,2025,0,0.5264000888643059,1,1
314280,Taylor Moore,24/25,2025,0,0.5263831060317412,1,1
382550,Joe Hilton,24/25,2025,0,0.526369967229913,1,1
283001,Noah Sarenren Bazee,24/25,2025,0,0.5263613283493479,1,1
1171293,Joshua Vuillermoz,24/25,2025,1,0.5259337892809508,1,0
517729,Jaume Pascual,24/25,2025,1,0.5258199891493235,1,0
129374,Marc Martínez,24/25,2025,1,0.525763355399218,1,0
993666,Mouhamed Diallo,24/25,2025,0,0.5256441854368883,1,1
403437,Ciaran Kelly,24/25,2025,0,0.5254994955388407,1,1
1172908,Amine Chabane,24/25,2025,0,0.5254889051537034,1,1
505657,Tyreik Wright,24/25,2025,0,0.5254125763702421,1,1
450382,Rubén Morillas,24/25,2025,0,0.5253736417250126,1,1
398030,Giuseppe Caso,24/25,2025,0,0.5253438675331242,1,1
446248,Shaquille Pinas,24/25,2025,1,0.5252991560653494,1,0
641553,Alessio Rizza,24/25,2025,0,0.5252921502739137,1,1
1047410,Justin Lukas,24/25,2025,1,0.5251719396783775,1,0
707602,Edgar Piloyan,24/25,2025,1,0.525169208862349,1,0
927608,Diogo Amaro,24/25,2025,0,0.5251553147525169,1,1
1085886,Joe Thomas,24/25,2025,1,0.525055150115426,1,0
1009618,Aljaz Strajnar,24/25,2025,1,0.5249345442110582,1,0
198410,Adrian Dabasse,24/25,2025,0,0.5249154109661209,1,1
412607,Eoin Toal,24/25,2025,0,0.5245729972566276,1,1
377851,Mitar Cukovic,24/25,2025,1,0.5244988741475591,1,0
724025,Matej Sin,24/25,2025,1,0.5242214530823266,1,0
125781,Antoine Griezmann,24/25,2025,0,0.5241864648429694,1,1
334570,Stefano Selvatico,24/25,2025,0,0.5241818056955806,1,1
1012731,Luis Balbo,24/25,2025,0,0.5241108431145299,1,1
283286,Robin Bormuth,24/25,2025,1,0.523966659025299,1,0
339919,Iliya Yurukov,24/25,2025,1,0.5238510774410334,1,0
426986,Filip Mihailov,24/25,2025,0,0.5237687551973269,1,1
621122,Matteo Angeli,24/25,2025,0,0.5237272697868793,1,1
191188,Alexis Sauvage,24/25,2025,0,0.5236864659254836,1,1
197744,Nicolò Fazzi,24/25,2025,1,0.5234404848819416,1,0
979578,Jonathan Flensborg,24/25,2025,0,0.5233249668984399,1,1
786686,Diego Gambale,24/25,2025,1,0.5231445278467082,1,0
195051,Gianluca Gaudino,24/25,2025,0,0.5225626143468207,1,1
931828,Tom Walters,24/25,2025,0,0.5224311244254616,1,1
371345,Dimitar Sheytanov,24/25,2025,1,0.5223180483889248,1,0
858886,Georgios Charalampoglou,24/25,2025,1,0.5221972493910934,1,0
451889,Sho Yamamoto,24/25,2025,0,0.5219935362580398,1,1
221309,Óscar Plano,24/25,2025,1,0.5219656041296353,1,0
284177,Tim Handwerker,24/25,2025,1,0.5219291852156879,1,0
981693,Don-Angelo Konadu,24/25,2025,0,0.5218908556679591,1,1
935229,Marvel,24/25,2025,1,0.5218111556973111,1,0
340918,Caoimhín Kelleher,24/25,2025,1,0.5217719647342501,1,0
1055871,Paolo De Lucci,24/25,2025,1,0.5217486009093192,1,0
334297,Kostandin Kariqi,24/25,2025,0,0.5216447065825549,1,1
1001686,Arthur,24/25,2025,0,0.5216046246731909,1,1
262704,Michal Reichl,24/25,2025,0,0.521374425998232,1,1
547039,Isaak Davies,24/25,2025,0,0.5213192467706287,1,1
51569,Sasa Strujic,24/25,2025,0,0.521298053952514,1,1
1045997,Devon Matthews,24/25,2025,0,0.521142995805304,1,1
589096,Khalid Mohammed,24/25,2025,1,0.5210156890525562,1,0
53077,Alberto Botía,24/25,2025,0,0.5207646430039745,1,1
910615,Francesco Pistolesi,24/25,2025,1,0.5207425540761297,1,0
94304,Goran Causic,24/25,2025,0,0.520627935838249,1,1
379315,Edgaras Utkus,24/25,2025,0,0.5201582128601585,1,1
419120,Paulo Vítor,24/25,2025,1,0.5201522955745417,1,0
167792,Nicolò Bianchi,24/25,2025,1,0.5200257674259439,1,0
520438,Abdelmounaim Boutouil,24/25,2025,1,0.5199990080175235,1,0
388326,Atanas Kabov,24/25,2025,1,0.5197598327374586,1,0
303248,Pedro López,24/25,2025,0,0.5197524821978156,1,1
855134,Skelly Alvero,24/25,2025,0,0.5196575382476984,1,1
836547,Serginho,24/25,2025,0,0.5195120698406864,1,1
140712,Lukas Scepanik,24/25,2025,0,0.519433875021308,1,1
56066,Enzo Pérez,24/25,2025,0,0.5194144407124794,1,1
242638,Efthymios Koulouris,24/25,2025,1,0.5193608735174873,1,0
742201,Giuliano Simeone,24/25,2025,0,0.5191654187733555,1,1
412041,Álex Millán,24/25,2025,1,0.5188683622464058,1,0
374281,Christian Bassogog,24/25,2025,0,0.5187358313804558,1,1
292357,Georgios Manthatis,24/25,2025,1,0.5186949101556356,1,0
167505,Danu Spataru,24/25,2025,1,0.5186947283574067,1,0
928726,Roberto Arroyo,24/25,2025,0,0.5186548469072317,1,1
293360,Jakub Martinec,24/25,2025,1,0.5185715759107985,1,0
448628,Javi Galán,24/25,2025,0,0.5185167684028892,1,1
184491,Naïm Sliti,24/25,2025,0,0.5184170482180663,1,1
952715,Andrea Zilio,24/25,2025,0,0.5179952245509105,1,1
97241,Victor Pálsson,24/25,2025,1,0.5178848492295269,1,0
945763,Dani Martinez,24/25,2025,0,0.5178606693510691,1,1
401855,Dylan Fox,24/25,2025,0,0.5178235630211774,1,1
1276321,Ivaylo Nedelchev,24/25,2025,0,0.5177786347485062,1,1
806930,Kasper Kiilerich,24/25,2025,0,0.5177655535467178,1,1
1070713,Kevin Lekaj,24/25,2025,1,0.5177215240935334,1,0
905011,Ibrahim Maza,24/25,2025,1,0.517686232152469,1,0
1017689,Kristiyan Valkov,24/25,2025,0,0.5176825516306113,1,1
145707,Danilo,24/25,2025,0,0.5175804853271326,1,1
392634,Gabriele Dalla Bernardina,24/25,2025,0,0.5174785621255664,1,1
287528,Connor Mahoney,24/25,2025,0,0.5173875734552119,1,1
893304,Xavi Bauzà,24/25,2025,0,0.5172659240869715,1,1
462738,Naoufel Khacef,24/25,2025,0,0.5172041507459099,1,1
496484,Nick Akoto,24/25,2025,0,0.5169133083606623,1,1
270187,Tomás Sánchez,24/25,2025,0,0.51683143954236,1,1
448883,Kristers Tobers,24/25,2025,0,0.5166855266935734,1,1
1129198,Eivind Helland,24/25,2025,0,0.5166539595237769,1,1
683895,Emmanuel Agbadou,24/25,2025,0,0.5166311110929214,1,1
946971,Marin Prekodravac,24/25,2025,1,0.5164543502843579,1,0
307658,Tin Plavotic,24/25,2025,0,0.5162932322150336,1,1
1152979,Levin Chiumento,24/25,2025,0,0.5162920811789253,1,1
469018,Antonio Metlika,24/25,2025,1,0.5160974608945709,1,0
21286,Ousmane Pato,24/25,2025,1,0.5159165512961065,1,0
704709,Mattia Damiani,24/25,2025,1,0.5158918262634988,1,0
391346,Julio Gracia,24/25,2025,0,0.5158395347227841,1,1
918449,Matteo Schablas,24/25,2025,0,0.5157437250955643,1,1
210711,Julián Montenegro,24/25,2025,0,0.5155901944331446,1,1
184310,Inters Gui,24/25,2025,1,0.5155034054171499,1,0
719673,Ben Gannon-Doak,24/25,2025,1,0.5153262931328566,1,0
307341,Andrea Trainotti,24/25,2025,0,0.5152723899211574,1,1
146752,Gianluca Caprari,24/25,2025,0,0.515069859480642,1,1
273132,Robin Gosens,24/25,2025,1,0.5150489380266179,1,0
947639,Olawale Farayola,24/25,2025,1,0.5148748679824721,1,0
295331,Isaac Success,24/25,2025,0,0.5145942641001258,1,1
498234,Tomás Domingos,24/25,2025,1,0.5145672417877598,1,0
461582,Issiar Dramé,24/25,2025,0,0.514464903957133,1,1
455425,Nando Pijnaker,24/25,2025,0,0.5144443822592728,1,1
610417,Andrew,24/25,2025,0,0.514334018023114,1,1
742018,Dejan Radonjic,24/25,2025,0,0.5141054548305564,1,1
683670,Darragh Power,24/25,2025,0,0.5140266340930314,1,1
936753,Pietro Comi,24/25,2025,0,0.5139556884779175,1,1
1185900,Aaron Croce,24/25,2025,1,0.5137543364240887,1,0
467151,Mahmoud Jaber,24/25,2025,1,0.5136528568085433,1,0
515624,Henri Koudossou,24/25,2025,1,0.5136362724083662,1,0
821113,Paolo Gardoni,24/25,2025,0,0.5133726536587758,1,1
221984,David Forniés,24/25,2025,0,0.5131975270137443,1,1
330179,Gianluca Esposito,24/25,2025,0,0.5130542394192635,1,1
655893,Ravil Tagir,24/25,2025,0,0.5124907105225674,1,1
451282,Tamás Kiss,24/25,2025,1,0.5124221005017638,1,0
486665,Marek Polasek,24/25,2025,1,0.5123914772991441,1,0
939745,Lorenzo Torriani,24/25,2025,0,0.512388651031296,1,1
345343,James McGarry,24/25,2025,1,0.5123775440799645,1,0
1018922,Òscar Masqué,24/25,2025,0,0.5123471118711118,1,1
410061,Loïc Kouagba,24/25,2025,1,0.5122487820293055,1,0
987355,Lucas Jetten,24/25,2025,0,0.5122273934262016,1,1
695279,Michal Matus,24/25,2025,1,0.5121843029066436,1,0
853948,Alejandro Piedrahita,24/25,2025,0,0.5121790101818796,1,1
435022,Ramón Miérez,24/25,2025,1,0.5120864672180849,1,0
549791,Augustus Kargbo,24/25,2025,0,0.512085480175737,1,1
190442,Alan Ruiz,24/25,2025,1,0.5119092735976754,1,0
81800,Jan Kovarik,24/25,2025,0,0.5116841507845694,1,1
466808,Jaume Cuéllar,24/25,2025,0,0.5116617985778963,1,1
243106,Husam Kamal,24/25,2025,0,0.5116101596734474,1,1
381950,Alexis Saelemaekers,24/25,2025,0,0.5115231679479267,1,1
512754,Maxence Carlier,24/25,2025,0,0.5115084933429394,1,1
328985,Matteo Marotta,24/25,2025,0,0.5114387981152538,1,1
74297,Gaël Kakuta,24/25,2025,0,0.5113499762468231,1,1
124548,Bebeto,24/25,2025,0,0.5103966731969146,1,1
396429,Diogo Calila,24/25,2025,0,0.5103824119302001,1,1
681693,Pedro Henrique,24/25,2025,1,0.5103632599633657,1,0
246200,William Popp,24/25,2025,1,0.5102733389073955,1,0
330560,Alessandro Celli,24/25,2025,0,0.5102137863370585,1,1
404418,Dávid Hancko,24/25,2025,1,0.5099239340924141,1,0
470393,Twan van der Zeeuw,24/25,2025,0,0.5099112908114498,1,1
195192,Marco Manetta,24/25,2025,1,0.5098550451700283,1,0
1185190,Tino Kusanovic,24/25,2025,1,0.5098339444665035,1,0
288067,Mats Köhlert,24/25,2025,1,0.5097174568535676,1,0
287640,Andrea Gemignani,24/25,2025,1,0.509567042621063,1,0
238752,Keita Baldé,24/25,2025,0,0.5094545568355863,1,1
415646,Bruno Jordão,24/25,2025,1,0.5091875200711956,1,0
129129,João Pedro,24/25,2025,1,0.5090695635908423,1,0
531214,Adis Jasic,24/25,2025,1,0.5088659451207094,1,0
658534,Lasso Coulibaly,24/25,2025,0,0.5088434697404486,1,1
234189,Trezeguet,24/25,2025,1,0.5088094588973932,1,0
744903,Ieltsin Camões,24/25,2025,0,0.5087624256940978,1,1
647548,Anthony Walker,24/25,2025,1,0.5087533462543228,1,0
124173,Fabrizio Poli,24/25,2025,1,0.5086959908820553,1,0
136514,Charalampos Lykogiannis,24/25,2025,0,0.5086865276413748,1,1
528515,Maximilian Großer,24/25,2025,0,0.5086422412964383,1,1
189483,Issouf Paro,24/25,2025,0,0.5084546451059392,1,1
790473,Elia Summa,24/25,2025,0,0.5084405073092697,1,1
1062525,Álex Serradell,24/25,2025,1,0.5082240040133178,1,0
640893,Ethan Walker,24/25,2025,0,0.5081544387008101,1,1
400941,Michele Vano,24/25,2025,0,0.5080724797544514,1,1
363223,Jack Hendry,24/25,2025,0,0.5079752247210644,1,1
207376,Konstantinos Bouloulis,24/25,2025,0,0.5079648643195216,1,1
445623,Cem Üstündag,24/25,2025,1,0.5077653051374195,1,0
465082,Georgi Nikolov,24/25,2025,1,0.5077626111695857,1,0
623718,Konstantinos Roukounakis,24/25,2025,1,0.5076588109956399,1,0
458499,Vasilios Tsimopoulos,24/25,2025,0,0.5076586453359303,1,1
160740,Ben Halloran,24/25,2025,0,0.50741448742591,1,1
320826,Ayodele Adetula,24/25,2025,1,0.5070618504821762,1,0
603564,Bakari Camara,24/25,2025,0,0.5070399536259558,1,1
796242,Kevin Kállai,24/25,2025,1,0.5069602283109751,1,0
257477,Milos Zlatkovic,24/25,2025,1,0.5069476426226589,1,0
614797,Abdoulaye Sall,24/25,2025,0,0.5069368230015175,1,1
339510,Tihomir Kostadinov,24/25,2025,1,0.5068189358756895,1,0
1118150,Emmanuel Uchenna,24/25,2025,0,0.5067951797680291,1,1
322989,Kaan Kairinen,24/25,2025,0,0.5065823519873968,1,1
1241219,Kaly,24/25,2025,0,0.5065406802336038,1,1
260166,Ui-jo Hwang,24/25,2025,0,0.5065104609754055,1,1
684178,Jason Sraha,24/25,2025,0,0.5062784017363677,1,1
1123259,Emanuele Tesauro,24/25,2025,1,0.5062476336973404,1,0
215213,Aleksandr Vasyutin,24/25,2025,0,0.5055079832965634,1,1
533060,Anderson Cruz,24/25,2025,0,0.5053817670773576,1,1
602767,Justin Forst,24/25,2025,1,0.5053695253376768,1,0
611793,James Hill,24/25,2025,0,0.5053318815570503,1,1
74228,Marc Muniesa,24/25,2025,0,0.5053208914759861,1,1
166680,Pol Roigé,24/25,2025,1,0.505280887324837,1,0
415383,Hervé Koffi,24/25,2025,1,0.5052328219138674,1,0
251075,Zeki Çelik,24/25,2025,0,0.5049991840983763,1,1
873978,Musa Isah,24/25,2025,0,0.5049218920478072,1,1
804711,Ousmane Camara,24/25,2025,0,0.5047010534563782,1,1
341270,Carlos Gilbert,24/25,2025,1,0.5045938956837975,1,0
346855,Matteo Meisl,24/25,2025,1,0.5045067756563689,1,0
703225,Matteo Falasca,24/25,2025,0,0.5043680174793412,1,1
723667,Brahima Diarra,24/25,2025,0,0.5043658542865048,1,1
335795,András Hársfalvi,24/25,2025,1,0.5043132798495691,1,0
256636,Bence Daru,24/25,2025,1,0.5042972367816412,1,0
381792,Maicol Origlio,24/25,2025,0,0.5042141287745404,1,1
401535,Gabriel Batista,24/25,2025,0,0.5041475712517027,1,1
618805,Iker Bachiller,24/25,2025,1,0.5040989076066902,1,0
878160,Reuell Walters,24/25,2025,0,0.5040889495279332,1,1
660544,Marcel Ratnik,24/25,2025,1,0.503784337427657,1,0
956590,Bence Somfalvi,24/25,2025,1,0.5037066561104052,1,0
315110,Karl Toko Ekambi,24/25,2025,1,0.5036994620243305,1,0
1196322,Riccardo Pasquetto,24/25,2025,0,0.5035854273356747,1,1
421984,Vaclav Drchal,24/25,2025,0,0.5034743502751967,1,1
395118,Pietro Fusi,24/25,2025,0,0.5031872510287154,1,1
903706,Albion Rrahmani,24/25,2025,0,0.5031293068732153,1,1
467435,Yannik Schlößer,24/25,2025,1,0.5031001221768141,1,0
97567,Roman Bezus,24/25,2025,1,0.5030769338035195,1,0
877131,Rosen Marinov,24/25,2025,1,0.502974035169633,1,0
664708,Equi Fernández,24/25,2025,1,0.5027811306243362,1,0
237029,Marcell Sobotta,24/25,2025,1,0.5027258052068881,1,0
462328,Alessandro Fabbri,24/25,2025,1,0.5026592570261681,1,0
612143,Kylian Kaïboue,24/25,2025,0,0.5024584277257624,1,1
293367,Nicolás Schiavi,24/25,2025,0,0.5024108012864651,1,1
112632,Raphael Augusto,24/25,2025,1,0.5020588241489252,1,0
863207,Martin Stoychev,24/25,2025,0,0.5018609221964674,1,1
481117,Othmane Boussaid,24/25,2025,0,0.5014605396454611,1,1
412474,Frankie Musonda,24/25,2025,1,0.5014002685657111,1,0
651735,Magnus Knudsen,24/25,2025,0,0.501357859667593,1,1
238809,Florent Hadergjonaj,24/25,2025,0,0.5013361701785337,1,1
130765,Stuart Armstrong,24/25,2025,1,0.5013154957052937,1,0
852517,Shaq Forde,24/25,2025,0,0.5012785195632031,1,1
979850,Andrea Cogoni,24/25,2025,0,0.5010469916111393,1,1
703822,Ties Oostra,24/25,2025,1,0.5008627527776964,1,0
486204,Klisman Cake,24/25,2025,0,0.5008577300331328,1,1
73951,Kehinde Fatai,24/25,2025,1,0.5007642809789186,1,0
633624,Cole McKinnon,24/25,2025,1,0.5006603401108467,1,0
577881,Mohamed Ali Ben Romdhane,24/25,2025,1,0.5006400510965178,1,0
708300,Vladimir Zeman,24/25,2025,0,0.500617974494718,1,1
559333,Kian Fitz-Jim,24/25,2025,0,0.5005756820866288,1,1
1274871,Gabriele Petrucci,24/25,2025,1,0.5005416097165102,1,0
197613,Alexandre Guedes,24/25,2025,0,0.500517337654818,1,1
347253,Dany Mota,24/25,2025,0,0.5003880889050994,1,1
1009441,Felipe Chávez,24/25,2025,0,0.5002687360405111,1,1
942091,Filippo Mencaraglia,24/25,2025,0,0.5002398545268623,1,1
1046867,Jan Ziolkowski,24/25,2025,1,0.5001911568343834,1,0
247672,Rodrigo Gómez,24/25,2025,0,0.5001672884013828,1,1
940411,Nóel Atli Arnórsson,24/25,2025,0,0.5000920898129354,1,1
418557,Johan Hove,24/25,2025,0,0.5000906930260403,1,1
58884,Nacho Fernández,24/25,2025,0,0.5000305994052474,1,1
491960,Benito,24/25,2025,1,0.5000108811843994,1,0
63491,Andreas Vasilogiannis,24/25,2025,0,0.49986480623954044,0,0
674136,Joel Senior,24/25,2025,0,0.4996468839624002,0,0
77563,Samuel Sahin-Radlinger,24/25,2025,0,0.49948252563214973,0,0
155054,Luis Felipe Gallegos,24/25,2025,0,0.4994451553613487,0,0
939751,Matej Kadlec,24/25,2025,0,0.4994109782548135,0,0
902987,Mats Seiler,24/25,2025,0,0.49935030103635364,0,0
651005,Cher Ndour,24/25,2025,0,0.49932881992947653,0,0
265072,Simone Auriletto,24/25,2025,0,0.4992902663552084,0,0
431470,Alessandro Minelli,24/25,2025,1,0.49911343012855963,0,1
572299,Iago López,24/25,2025,1,0.49890798111175666,0,1
179548,Stavros Petavrakis,24/25,2025,1,0.4988922329690124,0,1
574448,Harry Tyrer,24/25,2025,0,0.49888037811679664,0,0
40792,Manuel Riemann,24/25,2025,1,0.4988453962483935,0,1
508398,Jordan Brown,24/25,2025,1,0.4988306851841958,0,1
67886,Paulo Victor,24/25,2025,1,0.49873786922030433,0,1
534244,Adama Diarrassouba,24/25,2025,0,0.4987199025424168,0,0
342787,Ilias Evangelou,24/25,2025,0,0.49816835453956254,0,0
112457,Alessandro Bassoli,24/25,2025,1,0.49808193491838254,0,1
645962,Joep Munsters,24/25,2025,1,0.4980088233637349,0,1
307924,Mergim Berisha,24/25,2025,0,0.49798205661814304,0,0
342984,Bertalan Kun,24/25,2025,0,0.49795283170257315,0,0
684061,Lucas Soares,24/25,2025,0,0.4979476311460437,0,0
176422,Adrià Gallego,24/25,2025,1,0.4978463842134177,0,1
558133,Kyle Harrison,24/25,2025,1,0.49782066050414026,0,1
376127,Stefan Kovac,24/25,2025,1,0.4978003738642442,0,1
190687,Joshua Smits,24/25,2025,1,0.49744955106405164,0,1
954016,Edoardo Scquizzato,24/25,2025,0,0.4974103771372823,0,0
804885,Martin Expérience,24/25,2025,0,0.49740973067079713,0,0
336747,Jorge Pombo,24/25,2025,0,0.4974084958069977,0,0
567475,Andrea Ceresoli,24/25,2025,1,0.49739857278102517,0,1
102132,Nicklas Helenius,24/25,2025,0,0.49733447715718293,0,0
256866,Carlos Salcedo,24/25,2025,0,0.49713401715715916,0,0
113133,Germán Pezzella,24/25,2025,0,0.4970893057720987,0,0
341647,Cengiz Ünder,24/25,2025,1,0.4970234389217156,0,1
70245,Ignasi Miquel,24/25,2025,1,0.4969483106202415,0,1
908929,Facundo Costantini,24/25,2025,1,0.4968073123575952,0,1
959106,Weslley Patati,24/25,2025,1,0.49670553068226597,0,1
918974,Ibuki Nemoto,24/25,2025,0,0.49667865770540987,0,0
135217,Patrick Olsen,24/25,2025,1,0.49662202280557166,0,1
745368,Filippo Puletto,24/25,2025,1,0.496593139418041,0,1
377042,Michael Folorunsho,24/25,2025,1,0.49653391675746045,0,1
900199,Gustav Lindgren,24/25,2025,0,0.49651652339161245,0,0
267014,Matteo Battistini,24/25,2025,0,0.49646732644328306,0,0
355273,Ben Kennedy,24/25,2025,0,0.49643552690849896,0,0
612810,Guus Beaumont,24/25,2025,0,0.49640877327500194,0,0
480692,Luis Díaz,24/25,2025,1,0.49638967336782225,0,1
1048013,Nicola Grandu,24/25,2025,0,0.4963842352759005,0,0
880533,Spyros Kostopoulos,24/25,2025,0,0.4962858178690624,0,0
352599,Stefan Loncar,24/25,2025,0,0.4962422537300984,0,0
963139,Francisco Perruzzi,24/25,2025,0,0.49616640236534043,0,0
986892,Max Lippert,24/25,2025,1,0.4961341963748199,0,1
138816,Alessio Curcio,24/25,2025,1,0.4959802033073464,0,1
430798,Don Bolsius,24/25,2025,0,0.49571701949389074,0,0
170895,Garry Rodrigues,24/25,2025,1,0.4956519272972583,0,1
203628,Tim Bunge,24/25,2025,0,0.49546349229380376,0,0
490384,Koni De Winter,24/25,2025,1,0.495329354826009,0,1
273937,Avdo Spahic,24/25,2025,0,0.4951512011781197,0,0
567196,Cristian Măgerușan,24/25,2025,1,0.49505804227926076,0,1
400174,Kristófer Kristinsson,24/25,2025,0,0.4948622287147704,0,0
646750,Cristhian Mosquera,24/25,2025,1,0.4947186741414944,0,1
484703,Michael Liguori,24/25,2025,1,0.494269088348871,0,1
577832,Jesper Ceesay,24/25,2025,1,0.49411497415480127,0,1
397257,Luca Giudici,24/25,2025,1,0.49404246883263764,0,1
16043,Alessandro Albertini,24/25,2025,1,0.4940053068963261,0,1
1099721,Mamadou Sané,24/25,2025,0,0.4938877786590934,0,0
699018,Zac Ashworth,24/25,2025,0,0.49382510370943616,0,0
451237,Laurin Tost,24/25,2025,0,0.4936797895182707,0,0
291120,Adrien Julloux,24/25,2025,0,0.4936110678188537,0,0
206050,Paulo Dybala,24/25,2025,0,0.4935649434774018,0,0
794349,Julien Le Cardinal,24/25,2025,0,0.49329134588411316,0,0
48226,Sam Foley,24/25,2025,0,0.49327745223169583,0,0
290552,Qazim Laci,24/25,2025,1,0.49323450432277155,0,1
466812,Nils Mortimer,24/25,2025,0,0.49318432148538055,0,0
205849,Gjoko Zajkov,24/25,2025,1,0.493014370904202,0,1
277646,Stanley Ratifo,24/25,2025,0,0.492986170256534,0,0
568662,Min-gi Kang,24/25,2025,0,0.4929821935246814,0,0
83002,Hiroki Sakai,24/25,2025,0,0.4929310574537543,0,0
407907,Gelson Dala,24/25,2025,0,0.4928814399382204,0,0
387371,Riccardo Stronati,24/25,2025,0,0.4924549808630691,0,0
402089,Ben Whitfield,24/25,2025,1,0.4922410686163459,0,1
612517,Bashir Humphreys,24/25,2025,1,0.4921823145627062,0,1
278586,Francesco Forte,24/25,2025,0,0.4918787223446075,0,0
328573,Barnabás Varga,24/25,2025,0,0.4917981599812523,0,0
706017,Riccardo Sganzerla,24/25,2025,0,0.4917534935844006,0,0
192731,Jakub Holubek,24/25,2025,0,0.49174530259025534,0,0
363227,James Penrice,24/25,2025,1,0.4916173311663975,0,1
993228,Josh Lock,24/25,2025,1,0.4914600384853936,0,1
255933,Michael Seaton,24/25,2025,1,0.4914192022206365,0,1
1309281,Filippo Pedini,24/25,2025,0,0.4914167172397348,0,0
487836,Simone Panada,24/25,2025,0,0.4913405499547668,0,0
415970,Joe Worrall,24/25,2025,0,0.49120397122754156,0,0
910867,Wiktor Matyjewicz,24/25,2025,0,0.49061005926464124,0,0
74345,Dénes Szakály,24/25,2025,0,0.490526958443788,0,0
198607,Lukas Hulka,24/25,2025,0,0.4904703054386861,0,0
216263,Aymen Souda,24/25,2025,1,0.4899245370207068,0,1
278761,Kürsad Sürmeli,24/25,2025,1,0.48971688376947353,0,1
614623,Alexandru Oroian,24/25,2025,0,0.48967531193424196,0,0
182870,Fidan Aliti,24/25,2025,0,0.4896392473698689,0,0
234499,Frédéric Maciel,24/25,2025,1,0.4896227559590449,0,1
908128,Mark Krasnov,24/25,2025,1,0.4893588110398379,0,1
801425,Sam Bell,24/25,2025,1,0.48919553865790893,0,1
679217,Dion Dërmaku,24/25,2025,1,0.4890961164225009,0,1
1304289,Amin Ziblim,24/25,2025,1,0.48909414727934064,0,1
1069756,Mitchell Bates,24/25,2025,1,0.48907104062532125,0,1
351727,Dmitriy Bessmertnyi,24/25,2025,1,0.4890376023855567,0,1
845581,Nedjeljko Kovinic,24/25,2025,1,0.48903528769650034,0,1
424042,Nahuel Molina,24/25,2025,0,0.4885289025300635,0,0
735984,Lucas Shlimon,24/25,2025,1,0.4883696138839422,0,1
625653,Iker Kortajarena,24/25,2025,0,0.4883184598334697,0,0
164830,Márió Németh,24/25,2025,0,0.4882657960382421,0,0
465848,Preslav Borukov,24/25,2025,0,0.48825317841940624,0,0
165852,Cosimo Chiricò,24/25,2025,1,0.4881656837235639,0,1
539665,Fredrik Oppegård,24/25,2025,0,0.48813396953569926,0,0
531824,Kike Hermoso,24/25,2025,0,0.4881115639179978,0,0
904335,Leander Fritzsche,24/25,2025,1,0.4880813054431394,0,1
177065,Florin Andone,24/25,2025,0,0.48805940317681196,0,0
260846,Asger Sörensen,24/25,2025,0,0.48802181774209386,0,0
58382,Kristian Böhnlein,24/25,2025,0,0.4879648296191278,0,0
272999,Miguel Almirón,24/25,2025,0,0.48772889428824634,0,0
984136,Callum Stead,24/25,2025,0,0.48764223491478775,0,0
1009332,Kemal Çırpan,24/25,2025,1,0.48747136941168345,0,1
935842,Alexandr Urban,24/25,2025,1,0.4872986384770188,0,1
529315,Alexander Muci,24/25,2025,1,0.4872409163563945,0,1
44118,Marc Pujol,24/25,2025,0,0.48710541116654404,0,0
949493,Ion Ciobanu,24/25,2025,1,0.4868814630257324,0,1
71662,Marco Paixão,24/25,2025,1,0.48676623162479377,0,1
268957,José Matos,24/25,2025,1,0.4865930024225338,0,1
461959,Douglas Aurélio,24/25,2025,0,0.4864900393451014,0,0
148396,Abdoulay Diaby,24/25,2025,1,0.48623972005772764,0,1
262391,Lluís López,24/25,2025,1,0.48616724083264906,0,1
958487,Walid Bouabdeli,24/25,2025,0,0.48615296031570965,0,0
286389,Joshua Endres,24/25,2025,0,0.4861393088891911,0,0
195057,Raffaele Celia,24/25,2025,0,0.4860684290245859,0,0
84711,João Aurélio,24/25,2025,0,0.4860042844397196,0,0
906315,Hugo Cuenca,24/25,2025,0,0.48599376224746826,0,0
455922,Jan Olschowsky,24/25,2025,0,0.48598362585319627,0,0
1036552,Egor Kress,24/25,2025,0,0.4858848286632939,0,0
703577,Kegs Chauke,24/25,2025,0,0.48587298349683866,0,0
191359,Florian Pick,24/25,2025,1,0.4858005787501715,0,1
124895,Bart Schenkeveld,24/25,2025,1,0.4857333399219626,0,1
61887,Federico Macheda,24/25,2025,0,0.48558725177625056,0,0
376211,Matías Vargas,24/25,2025,0,0.48552531798159043,0,0
1175463,Cassiano Bouzon,24/25,2025,1,0.4854219989417975,0,1
536520,Ruben Providence,24/25,2025,0,0.4853432361531863,0,0
810312,Juri Schüchter,24/25,2025,1,0.48533030448007836,0,1
610400,William Bøving,24/25,2025,1,0.4851423375318207,0,1
394875,Federico Chiossi,24/25,2025,0,0.4846490898492834,0,0
88680,Luca Caldirola,24/25,2025,1,0.4845779270241431,0,1
173589,Viktor Klonaridis,24/25,2025,1,0.48455019573594627,0,1
941420,Jack O'Reilly,24/25,2025,1,0.48450165019521746,0,1
808320,Andreas Maarup,24/25,2025,1,0.48445069011754366,0,1
267330,Joel Abu Hanna,24/25,2025,0,0.4843317736967321,0,0
529512,Kristo Hussar,24/25,2025,0,0.4842885728102035,0,0
531065,Oussama El Azzouzi,24/25,2025,1,0.4840964373973616,0,1
373381,Pasquale Giannotti,24/25,2025,0,0.4840670813579364,0,0
911465,Joshua Krüger,24/25,2025,0,0.48385293701405335,0,0
1211929,Iaia Manco Danfa,24/25,2025,1,0.4838364645871299,0,1
163654,Kevin García,24/25,2025,0,0.48377330295457616,0,0
625405,Noah Godwin,24/25,2025,1,0.4835263219977227,0,1
410735,Jamie Jacobs,24/25,2025,1,0.4833902104129516,0,1
357148,Diogo Queirós,24/25,2025,1,0.4830854501917568,0,1
71918,David Ferreiro,24/25,2025,0,0.4830569967940151,0,0
997827,Thiago Helguera,24/25,2025,1,0.48299639838626546,0,1
528833,Lazar Samardžić,24/25,2025,1,0.482769909186147,0,1
1058392,Lorenzo Grilli,24/25,2025,0,0.48261013882312176,0,0
340435,Eros De Santis,24/25,2025,1,0.4825568970968316,0,1
345748,Andreas Bruus,24/25,2025,1,0.48236862055477137,0,1
543537,Seydouba Cissé,24/25,2025,0,0.48235214596554876,0,0
340345,Borja San Emeterio,24/25,2025,0,0.482299877688331,0,0
72505,Thomas Meißner,24/25,2025,0,0.4822943887349852,0,0
380191,Ioannis Pittas,24/25,2025,0,0.48229409986944466,0,0
321579,Jake Beesley,24/25,2025,1,0.48228130320806484,0,1
834463,Iker Córdoba,24/25,2025,1,0.4822161095539951,0,1
602549,Elydjah Mendy,24/25,2025,1,0.4820120127924784,0,1
601058,Simeon Petrov,24/25,2025,1,0.4819522976437775,0,1
234033,Tobias Trautner,24/25,2025,0,0.4810600793430474,0,0
371150,Loïc Bessilé,24/25,2025,0,0.4809472106613411,0,0
724099,Claudio Turi,24/25,2025,1,0.48082187305702,0,1
334207,Maxim Leitsch,24/25,2025,0,0.480790864503029,0,0
419936,Jesús Ramírez,24/25,2025,1,0.48073111375598454,0,1
130353,Hördur Magnússon,24/25,2025,1,0.4806949247496616,0,1
356325,Leon Schneider,24/25,2025,0,0.4804340750083466,0,0
198418,Dimitar Evtimov,24/25,2025,1,0.4800748609212741,0,1
429287,Olaus Skarsem,24/25,2025,0,0.4800511824772344,0,0
311696,Kuki Zalazar,24/25,2025,0,0.4799102102729965,0,0
809167,Ciaran Gilligan,24/25,2025,0,0.47987477889376257,0,0
997908,Mattia Arrigoni,24/25,2025,0,0.47978257738566665,0,0
634432,Iván Muñoz,24/25,2025,0,0.47963366892801146,0,0
941080,Jon García,24/25,2025,0,0.4792904654551609,0,0
356106,Diego Gregori,24/25,2025,0,0.4790547310997955,0,0
751033,Pierrick Moulin,24/25,2025,1,0.478970126015022,0,1
384553,Luca Kilian,24/25,2025,0,0.4788304959618811,0,0
314205,Danny Collinge,24/25,2025,0,0.47877749108795437,0,0
1025410,Zakaria Ouazane,24/25,2025,0,0.47875468701106155,0,0
756811,Manuel Llano,24/25,2025,0,0.4786401452156075,0,0
291397,Samba Camara,24/25,2025,1,0.4785969535275804,0,1
627224,Gabriel Silva,24/25,2025,0,0.4785226244674973,0,0
621195,Bas Van den Eynden,24/25,2025,1,0.4784592088743657,0,1
461511,Yac Diori,24/25,2025,1,0.47839001602262304,0,1
255163,Dominic Smith,24/25,2025,1,0.4783182942987772,0,1
321482,Mikko Pitkänen,24/25,2025,0,0.4782681104288879,0,0
196435,Saidy Janko,24/25,2025,0,0.47823414568172434,0,0
1023191,George Hemmings,24/25,2025,0,0.47820000179822486,0,0
677179,Raúl Tavares,24/25,2025,0,0.47810931220571634,0,0
717296,Lucas Areco,24/25,2025,0,0.4780677239230775,0,0
295822,Robert Geantă,24/25,2025,1,0.47798456352850927,0,1
665552,Denis Dziuba,24/25,2025,1,0.4779324435528346,0,1
1057584,Jason Anastasini,24/25,2025,0,0.47790684049250814,0,0
974581,Cenny Neumann,24/25,2025,1,0.4778548756780948,0,1
518451,Assad Al-Hamlawi,24/25,2025,1,0.47768751944566823,0,1
577486,Gastón Álvarez,24/25,2025,0,0.47761986172492926,0,0
511023,Dani Gallardo,24/25,2025,0,0.4776040417919659,0,0
855890,Jenson Metcalfe,24/25,2025,1,0.47758931727460907,0,1
410221,Pape Seydou,24/25,2025,0,0.4775423310464049,0,0
412952,Nigel Thomas,24/25,2025,1,0.47751002859181446,0,1
164262,Dávid Kovács,24/25,2025,0,0.4774282513257318,0,0
762611,Carlos Inglada,24/25,2025,1,0.477422499471935,0,1
260557,Slavko Damjanovic,24/25,2025,1,0.47737589247569,0,1
187860,André Sousa,24/25,2025,0,0.47726982794188066,0,0
970683,Piotr Pardel,24/25,2025,0,0.47725215717275943,0,0
877257,Mattia Leoncini,24/25,2025,1,0.47724150788008285,0,1
604864,Dimitrios Theodoridis,24/25,2025,1,0.4771194052525273,0,1
379980,Meritan Shabani,24/25,2025,1,0.47650005493339437,0,1
358512,Ibrahima Conté,24/25,2025,1,0.4764258161269516,0,1
994017,Mirco Moretti,24/25,2025,1,0.47630366617725756,0,1
1035504,Nikolas Penev,24/25,2025,1,0.4759433310890976,0,1
1050912,Riccardo Rossi,24/25,2025,0,0.47592680378145646,0,0
938672,Pietro Asiatico,24/25,2025,1,0.47592036943186256,0,1
919620,Joseph Nduquidi,24/25,2025,1,0.4758412408045367,0,1
533632,Mads Frøkjær,24/25,2025,0,0.47575223230036284,0,0
764543,Luka Lukovic,24/25,2025,1,0.4757127656401426,0,1
125020,José Luis Palomino,24/25,2025,1,0.47564840761629007,0,1
111038,Dennis Appiah,24/25,2025,0,0.47543904907976653,0,0
193777,Charlie Raglan,24/25,2025,1,0.47543030761768373,0,1
467623,Lyle Foster,24/25,2025,0,0.47527749571132843,0,0
954687,Francesco Macchi,24/25,2025,1,0.47524992408576944,0,1
351441,Atanas Chernev,24/25,2025,1,0.4750178162862703,0,1
397812,Daniele Rocco,24/25,2025,1,0.4749748655386858,0,1
394352,Massimo Bertagnoli,24/25,2025,1,0.47496807291013593,0,1
166317,Milan Lutonsky,24/25,2025,0,0.47481687508950443,0,0
789389,Ben Summers,24/25,2025,0,0.47481653347804426,0,0
441626,Alex Pla,24/25,2025,0,0.47481105602344004,0,0
1027216,François Mughe,24/25,2025,0,0.47475450613080467,0,0
278309,Simone Russini,24/25,2025,0,0.47470698757846963,0,0
203510,Yuriy Kovalev,24/25,2025,0,0.47469804720219433,0,0
314341,Chris Willock,24/25,2025,0,0.4746431833743399,0,0
470594,Clinton Mola,24/25,2025,0,0.47463339119063447,0,0
884065,Simone D'Uffizi,24/25,2025,0,0.4743534627505202,0,0
672202,Camilo,24/25,2025,0,0.4742628849838907,0,0
251892,Juan Soriano,24/25,2025,0,0.47421132444726083,0,0
906329,Roger Fernandes,24/25,2025,1,0.4738726799783844,0,1
342148,Zé Gomes,24/25,2025,0,0.4737540989742082,0,0
870093,Pablo García,24/25,2025,1,0.4736849912121172,0,1
404584,Marcus Forss,24/25,2025,1,0.4736599438685434,0,1
395230,Hakim Guenouche,24/25,2025,0,0.4736497335674798,0,0
517376,Yusuf Sarı,24/25,2025,0,0.47361776066998135,0,0
27992,Luka Modrić,24/25,2025,1,0.4734175503635711,0,1
60410,Marcos Acuña,24/25,2025,0,0.47339686433734957,0,0
183720,Anwar El Ghazi,24/25,2025,1,0.47339490414645663,0,1
807418,Jude Arthurs,24/25,2025,0,0.473298336158862,0,0
383153,Kelechi Nwakali,24/25,2025,0,0.4732888009763113,0,0
257468,Nemanja Glavcic,24/25,2025,0,0.47328065728031665,0,0
570651,Amiro Amadou,24/25,2025,0,0.47322754048056526,0,0
743387,Stanis Idumbo,24/25,2025,1,0.47321966915787167,0,1
63200,Ashley Barnes,24/25,2025,0,0.4731455602535331,0,0
195049,Michael Eberwein,24/25,2025,0,0.4730965253128006,0,0
580027,Luca Connell,24/25,2025,0,0.473072576715268,0,0
369078,Rahil Mammadov,24/25,2025,1,0.4729797200302213,0,1
251079,Ertuğrul Ersoy,24/25,2025,1,0.47292583757717377,0,1
336667,Assim Madibo,24/25,2025,1,0.4728467201856897,0,1
274175,Solomon Udo,24/25,2025,1,0.4728461729026394,0,1
237923,Sotiris Tsiloulis,24/25,2025,1,0.4727691935336995,0,1
503781,John Buckley,24/25,2025,1,0.4726086512305306,0,1
469669,Yvan Neyou,24/25,2025,1,0.4722200495339267,0,1
43300,Ciprian Deac,24/25,2025,0,0.4722132502754936,0,0
657575,Abubakr Barry,24/25,2025,0,0.4717149174629808,0,0
1005997,Nicolò Baldo,24/25,2025,0,0.47167475260760344,0,0
1226717,Andrea Ratti,24/25,2025,0,0.4716506468416384,0,0
988300,Marwan Chafaa,24/25,2025,1,0.4715406058693458,0,1
703655,Noah Botic,24/25,2025,1,0.47152537121879884,0,1
579565,Ísak Jóhannesson,24/25,2025,1,0.4714729766307867,0,1
284301,Philipp Wendt,24/25,2025,1,0.4713353997096966,0,1
141224,Mohamed Ibrahim,24/25,2025,0,0.47121954195655524,0,0
61697,Wes Foderingham,24/25,2025,1,0.4712137299388174,0,1
1192068,Tommaso Nucifero,24/25,2025,1,0.4711414544184994,0,1
729169,Luca Butkovic,24/25,2025,1,0.4711024653755905,0,1
616634,Andrea Mallamo,24/25,2025,1,0.47105260582321284,0,1
343157,Angelos Zioulis,24/25,2025,0,0.47097246752979105,0,0
682625,David Valero,24/25,2025,0,0.47070903367349765,0,0
255904,Kaiser,24/25,2025,0,0.47058779545740215,0,0
511883,Andronikos Kakoullis,24/25,2025,1,0.4703648861198479,0,1
1049757,Lorenzo Viano,24/25,2025,1,0.4703634582989878,0,1
1105532,Jorthy Mokio,24/25,2025,0,0.47035042157942497,0,0
392060,Alessandro Raimo,24/25,2025,0,0.4701663999332567,0,0
393284,Emmanuel Osadebe,24/25,2025,1,0.4698770306882715,0,1
1078416,Bradel Kiwa,24/25,2025,0,0.46986999175152705,0,0
281319,Alberth Elis,24/25,2025,1,0.4698210061609015,0,1
920968,Ronaldo Nájera,24/25,2025,0,0.4697696451766642,0,0
269677,Vladyslav Krayev,24/25,2025,0,0.4692433170531428,0,0
341438,Mark Sifneos,24/25,2025,1,0.4692108122575227,0,1
76569,Kerim Avcı,24/25,2025,1,0.46919436782491103,0,1
1063448,Ilias Elyazidi,24/25,2025,1,0.4691865905326792,0,1
1129797,Giovanni Di Lelio,24/25,2025,0,0.4690677890960211,0,0
697278,Charlie Webster,24/25,2025,0,0.4690657528183185,0,0
200736,Jorge Aparicio,24/25,2025,0,0.46887842553724696,0,0
459649,Joseph Ekuban,24/25,2025,0,0.4688358876406773,0,0
659270,Lendrit Shala,24/25,2025,0,0.4687478779395493,0,0
729174,Julius Kliti,24/25,2025,0,0.46839860326572247,0,0
926995,Amar Diagne,24/25,2025,0,0.4683288247244931,0,0
211107,João Afonso,24/25,2025,0,0.46829297843374507,0,0
287564,Giorgio Tumbarello,24/25,2025,1,0.46823134187532056,0,1
726667,Hugo Pavek,24/25,2025,0,0.46822424408668933,0,0
229007,Lyes Houri,24/25,2025,0,0.46819012052086645,0,0
485798,Davide Munari,24/25,2025,1,0.46811855780370426,0,1
656345,Nacho Ramón,24/25,2025,0,0.4680737161164908,0,0
212216,Jhonatan,24/25,2025,0,0.46805052580861345,0,0
1030153,Justin Bourgault,24/25,2025,0,0.4680500977342084,0,0
695877,Denis Ciobanu,24/25,2025,0,0.4678839660496844,0,0
203123,Haris Tabakovic,24/25,2025,1,0.467461873865688,0,1
323167,Matteo Gabbia,24/25,2025,0,0.4673843725409706,0,0
1073208,Ştefan Senciuc,24/25,2025,1,0.46718706990102576,0,1
490651,Gerardo Bonet,24/25,2025,0,0.4671264867868212,0,0
164729,Panagiotis Tsintotas,24/25,2025,0,0.4669284621381152,0,0
509247,Euan Henderson,24/25,2025,1,0.4664928716111493,0,1
633650,Leon King,24/25,2025,1,0.46647102804193624,0,1
568333,Adam Obert,24/25,2025,0,0.466385671358656,0,0
1075575,Marius Courcoul,24/25,2025,0,0.46634538831276795,0,0
217273,Irfan Sahman,24/25,2025,0,0.46626220196444335,0,0
638138,Brais Martínez,24/25,2025,1,0.46605304590558305,0,1
634117,Pablo Valencia,24/25,2025,1,0.46600967165998175,0,1
891869,Leonardo Colombo,24/25,2025,0,0.4659544779328132,0,0
423440,Martín Zubimendi,24/25,2025,1,0.46594337356449933,0,1
124769,Luca Marrone,24/25,2025,0,0.465823041631561,0,0
160438,Mohamed Elneny,24/25,2025,0,0.4656579935607987,0,0
243606,Anastasios Donis,24/25,2025,1,0.4656252938023927,0,1
121257,Adam Forshaw,24/25,2025,0,0.46554516393653944,0,0
1146759,Nick Doktorczyk,24/25,2025,0,0.4654580613443614,0,0
344969,Davor Zdravkovski,24/25,2025,1,0.4653188712641478,0,1
854484,Dylann Kam,24/25,2025,1,0.46529206197405126,0,1
1179482,Iker Luque,24/25,2025,0,0.4652140751384464,0,0
354741,Loren Morón,24/25,2025,0,0.4650750978750851,0,0
192855,Mehdi Khalil,24/25,2025,0,0.46494421350195164,0,0
1306916,Luca Maffei,24/25,2025,1,0.464896517085451,0,1
318508,Olivier Boscagli,24/25,2025,1,0.4648647669902128,0,1
352598,Dragan Grivić,24/25,2025,1,0.46484172128711243,0,1
815219,Ivan Mandić,24/25,2025,1,0.46469342788477724,0,1
167810,Riccardo Chiarello,24/25,2025,1,0.46468941341638403,0,1
993989,Nikola Velichkovski,24/25,2025,1,0.46452849740207697,0,1
320722,Zizo,24/25,2025,1,0.4644360972832747,0,1
112583,Diego Michiels,24/25,2025,0,0.46425407223985443,0,0
808509,Danilo,24/25,2025,1,0.464147419443552,0,1
620156,Denis Vala,24/25,2025,0,0.4639710614430292,0,0
269870,Mattia Bortolussi,24/25,2025,0,0.46387911980396046,0,0
178942,Bruno Brígido,24/25,2025,0,0.4638244965333727,0,0
874062,Nathan Asiimwe,24/25,2025,1,0.46381478973621443,0,1
337282,Jake Brimmer,24/25,2025,0,0.4637594047605024,0,0
1000675,Alejo Sarco,24/25,2025,0,0.4637434944197711,0,0
1310864,Riccardo Iacoponi,24/25,2025,1,0.46372900870298694,0,1
166683,Mamadou Sylla,24/25,2025,1,0.46366152956828466,0,1
949118,Ibrahima Diallo,24/25,2025,0,0.4635771826462273,0,0
928621,Franco González,24/25,2025,1,0.46349157231380234,0,1
668177,Javi Serrano,24/25,2025,0,0.46349041682108877,0,0
555118,Toño Calvo,24/25,2025,0,0.4633198098463507,0,0
683101,Saverio Domanico,24/25,2025,0,0.46329460772779313,0,0
77363,Jovan Nikolic,24/25,2025,0,0.4631310115570551,0,0
894470,Davide Baroncioni,24/25,2025,0,0.46307421210502736,0,0
182392,Pieros Sotiriou,24/25,2025,0,0.4628612017937999,0,0
1153630,Tobias Weigel,24/25,2025,0,0.4628124960073872,0,0
962174,Jacopo Lanzi,24/25,2025,0,0.4627702305013152,0,0
190804,Uros Djurdjevic,24/25,2025,0,0.462732313085002,0,0
249963,Adriano Schmidt,24/25,2025,1,0.46267612437466715,0,1
361925,Achraf Bencharki,24/25,2025,0,0.46267404632121745,0,0
973690,Luca Lohr,24/25,2025,1,0.46265279307551144,0,1
226151,Sean Kelly,24/25,2025,1,0.4625184587010987,0,1
890817,Dimitrios Stamatakis,24/25,2025,0,0.46219971975760893,0,0
550468,Radoslav Zhivkov,24/25,2025,0,0.46219151954385423,0,0
189441,Lucas Ocampos,24/25,2025,0,0.46214186342600694,0,0
63463,Daniel Wass,24/25,2025,0,0.46207325137198385,0,0
748541,Joeri Oud,24/25,2025,0,0.46206171597874657,0,0
614480,Luca Zanetti,24/25,2025,0,0.46201307327037705,0,0
254683,Giorgio Conrotto,24/25,2025,1,0.46186223408937976,0,1
199564,Michele Calì,24/25,2025,0,0.46176476131738675,0,0
818102,Leonardo Caferri,24/25,2025,0,0.4616988671352389,0,0
741833,Ángel Cano,24/25,2025,1,0.46161125690199745,0,1
94964,Bentley Baxter Bahn,24/25,2025,0,0.46161031600793717,0,0
337725,Christian Kouamé,24/25,2025,0,0.46104803217850804,0,0
969346,Alex Hudok,24/25,2025,0,0.460943803641426,0,0
136641,Dimitrios Diamantakos,24/25,2025,1,0.4608864811435751,0,1
467434,Rocco Reitz,24/25,2025,0,0.46058866993137587,0,0
911487,Samba Koné,24/25,2025,0,0.46044588867262093,0,0
203496,Nabil Fekir,24/25,2025,0,0.4604390576121142,0,0
836223,Norbert Dencinger,24/25,2025,0,0.4604350552797357,0,0
78570,Anthony Moris,24/25,2025,1,0.4600867833023276,0,1
653707,Martin Smolenski,24/25,2025,0,0.45995722123709387,0,0
292740,Latyr Fall,24/25,2025,1,0.4599552354906858,0,1
815346,Nathan Gassama,24/25,2025,0,0.4598934350379918,0,0
1145455,Nils Ramming,24/25,2025,1,0.45980226829252197,0,1
933516,Nicolò Dal Lago,24/25,2025,0,0.45973922971555126,0,0
335440,Emil Christensen,24/25,2025,0,0.45967996208545514,0,0
277033,David Brooks,24/25,2025,0,0.45964488050420177,0,0
1178033,Lauris Bausenwein,24/25,2025,0,0.4596326290944079,0,0
159977,Plamen Krachunov,24/25,2025,0,0.4595109631695824,0,0
536697,Amel Mujanic,24/25,2025,0,0.4594743795990182,0,0
567456,Andrea Bonetti,24/25,2025,0,0.4594545802163804,0,0
293771,Evgeniy Yablonskiy,24/25,2025,0,0.4592742450065288,0,0
601893,Karl Albers,24/25,2025,1,0.45898996777118084,0,1
193151,Abdullah Al-Hafith,24/25,2025,1,0.458937972949591,0,1
809180,Teddy Averlant,24/25,2025,1,0.4588799603802281,0,1
286276,Alfredo Bifulco,24/25,2025,0,0.4587331866195562,0,0
593410,Yahya Kalley,24/25,2025,0,0.4585269888757058,0,0
1081951,Ilian Antonov,24/25,2025,0,0.4581692347315593,0,0
990259,Christos Kosidis,24/25,2025,0,0.45772448562247814,0,0
131102,Jeison Murillo,24/25,2025,0,0.45758581480435534,0,0
315125,Javairô Dilrosun,24/25,2025,1,0.4574641663259602,0,1
474838,Brian Plat,24/25,2025,0,0.4574340884359244,0,0
147540,Ales Cermak,24/25,2025,0,0.457362823627566,0,0
1299824,Stijn Middendorp,24/25,2025,0,0.45725079345420083,0,0
450427,Vasilios Xenopoulos,24/25,2025,0,0.4572038398371642,0,0
740617,Damiano Basili,24/25,2025,1,0.45713686950724797,0,1
18922,Karim Benzema,24/25,2025,0,0.4570628884579189,0,0
14881,Marcelo Carné,24/25,2025,1,0.4569935219565767,0,1
342046,Axel Tuanzebe,24/25,2025,1,0.45688498139594347,0,1
667050,Dino Mehić,24/25,2025,1,0.4568806302941515,0,1
471004,Luis Binks,24/25,2025,1,0.4568588789403059,0,1
247661,Gideon Jung,24/25,2025,1,0.4567987383476462,0,1
669677,Alan Marinelli,24/25,2025,1,0.4567896610772061,0,1
440880,Simone Menabò,24/25,2025,1,0.4567779588324029,0,1
103427,Chris Smalling,24/25,2025,0,0.4566977549697993,0,0
727129,Ayoub Assal,24/25,2025,0,0.4565715595755483,0,0
1017396,Simeon Turlakov,24/25,2025,1,0.4565568576104315,0,1
452068,Ayman Azhil,24/25,2025,0,0.45651296156292637,0,0
354567,Stephen Humphrys,24/25,2025,1,0.45651100142066636,0,1
440755,Benny,24/25,2025,1,0.45650470419643574,0,1
470882,Fuad Sule,24/25,2025,1,0.45616212478732204,0,1
322677,Perry Ng,24/25,2025,0,0.45587888872898974,0,0
894159,Klevi Totoshi,24/25,2025,0,0.4558721819237568,0,0
33571,Lorenzo De Silvestri,24/25,2025,0,0.45575547554321644,0,0
159288,Arlind Ajeti,24/25,2025,0,0.45529514996020565,0,0
406151,Zé Pedro,24/25,2025,1,0.45526570428682245,0,1
274694,Ionuț Nedelcearu,24/25,2025,0,0.454996527411977,0,0
337798,Abdu Conté,24/25,2025,1,0.4549733029091318,0,1
649765,Ákos Király,24/25,2025,0,0.45490650247266684,0,0
627213,Gabriel Pereira,24/25,2025,0,0.45488250777727673,0,0
744186,Chico Lamba,24/25,2025,1,0.4548344110202119,0,1
255957,Mahir Emreli,24/25,2025,1,0.45454249741221153,0,1
1055876,Jesper Zwart,24/25,2025,1,0.454521718200775,0,1
836336,Nuno Lima,24/25,2025,0,0.4543839480849072,0,0
1030201,Noel Kaiser,24/25,2025,1,0.45425284042101227,0,1
315862,Filippo Melegoni,24/25,2025,0,0.45412757245348423,0,0
182108,Seba Pérez,24/25,2025,1,0.4540470342491561,0,1
313888,Davíd Kristján Ólafsson,24/25,2025,0,0.4540160238380544,0,0
953036,Daithí McCallion,24/25,2025,0,0.45394752137523176,0,0
909270,Denis Dinev,24/25,2025,1,0.45391179445638186,0,1
823075,Lewis Rees,24/25,2025,0,0.4539117704942033,0,0
300156,Linas Megelaitis,24/25,2025,1,0.4536229319616804,0,1
93633,Stipe Batarilo,24/25,2025,1,0.45335888610107633,0,1
245070,Alen Ozbolt,24/25,2025,0,0.45308991897655965,0,0
1189343,Giandomenico Panaro,24/25,2025,1,0.4530634180689314,0,1
1177190,Ye-chan Lee,24/25,2025,0,0.45287575854429307,0,0
606026,Albie Morgan,24/25,2025,0,0.4528342585613912,0,0
336855,Elliot Newby,24/25,2025,0,0.4524812022612348,0,0
334804,Kenny Dougall,24/25,2025,0,0.4522875767001251,0,0
648906,Zoltán Vasvári,24/25,2025,0,0.4522388683556953,0,0
384524,Serafin Szota,24/25,2025,0,0.45216851345889103,0,0
885858,Riccardo De Zen,24/25,2025,0,0.4520884857182384,0,0
1066822,Georgios Botopoulos,24/25,2025,0,0.45195934309981767,0,0
411371,Tommaso Nobile,24/25,2025,0,0.4518770941473528,0,0
214666,Connor Roberts,24/25,2025,0,0.4517547847312295,0,0
556982,Marcus Dinanga,24/25,2025,0,0.4512120169008715,0,0
954265,Lorenzo Riccio,24/25,2025,0,0.4511878707087035,0,0
1011139,Jaden Dixon,24/25,2025,0,0.4509685722375098,0,0
1229922,Facundo Alarcón,24/25,2025,1,0.45072773165012564,0,1
851725,Ivan Tasev,24/25,2025,0,0.4504252908636831,0,0
702890,Armando Miculi,24/25,2025,0,0.45037045978199863,0,0
168189,Luca Calapai,24/25,2025,1,0.44953864667855303,0,1
938373,Kiyani Zeggen,24/25,2025,0,0.44933997197190056,0,0
140803,Anthony Limbombe,24/25,2025,1,0.4492812969812343,0,1
502893,Denzel Jubitana,24/25,2025,0,0.4492463514074521,0,0
1304196,Eduard Ihnatov,24/25,2025,0,0.4491742971588227,0,0
60517,Yacine Brahimi,24/25,2025,0,0.4490216208574382,0,0
851220,Amine Sbaï,24/25,2025,0,0.4489946168427459,0,0
229004,Moussa Dembélé,24/25,2025,0,0.44889064885574886,0,0
990008,Wassim Bouziane,24/25,2025,1,0.4488162491417061,0,1
280283,Raphael Silva,24/25,2025,1,0.4486530711127778,0,1
637788,Gustavo Mendonça,24/25,2025,0,0.4482848790089424,0,0
1170825,Riccardo Finazzi,24/25,2025,1,0.4481962555467516,0,1
925986,Vladislav Ignatjev,24/25,2025,0,0.44819431336639687,0,0
212912,Nader Matar,24/25,2025,0,0.4481558217452022,0,0
190222,Sander van de Streek,24/25,2025,0,0.44794568088759634,0,0
621910,Apostolos Tsilingiris,24/25,2025,1,0.44766545855707457,0,1
1133052,Enzo Tacafred,24/25,2025,0,0.44755913149705145,0,0
405982,Idris Kanu,24/25,2025,0,0.4475338265021135,0,0
966681,Alex Henderson,24/25,2025,0,0.44721731225545114,0,0
459224,Francesco Piccardi,24/25,2025,0,0.44693970967395935,0,0
196146,Kasim Rabihic,24/25,2025,0,0.44692129474111303,0,0
503991,Yunus Musah,24/25,2025,1,0.44686965094370495,0,1
1046151,Jusuf Ugljanin,24/25,2025,1,0.4468005902047094,0,1
841353,Gojko Petovic,24/25,2025,0,0.4467507171676491,0,0
859134,Amine Zouhzouh,24/25,2025,1,0.44671581020427814,0,1
811200,Nikolaos Kanellopoulos,24/25,2025,1,0.44669926802282317,0,1
432698,Kornelius Normann,24/25,2025,1,0.4466657909078157,0,1
64601,Sunil Chhetri,24/25,2025,0,0.44658337601262216,0,0
223977,Igor Julião,24/25,2025,0,0.4461965681259314,0,0
68327,Jay O'Shea,24/25,2025,0,0.446159307082279,0,0
340415,Tomi Horvat,24/25,2025,0,0.4461152433358134,0,0
1110073,Nilas Yacobi,24/25,2025,1,0.4457371104042949,0,1
934621,Roman Doulashi,24/25,2025,1,0.4455583979921414,0,1
1318390,Niccolò Mennini,24/25,2025,1,0.44533847038566127,0,1
884809,Luke Rahmann,24/25,2025,1,0.44520871676193585,0,1
636601,Aleksa Djurasovic,24/25,2025,0,0.4451628729395618,0,0
125103,Marvin Ducksch,24/25,2025,1,0.44486485743308946,0,1
1030192,Gil Ebner,24/25,2025,1,0.4448162815168886,0,1
872170,Gregorio Tanco,24/25,2025,1,0.4447916318509659,0,1
520815,Ousseynou Ba,24/25,2025,0,0.4447447413945058,0,0
392959,Andrea Colpani,24/25,2025,0,0.444724037168018,0,0
278501,Paul Mullin,24/25,2025,1,0.44469265276202263,0,1
878340,Aleksa Maras,24/25,2025,1,0.4444177221691096,0,1
94529,Stephan El Shaarawy,24/25,2025,0,0.4442036524126826,0,0
749942,Felix Hagmann,24/25,2025,0,0.44365586724064165,0,0
278651,Gerard Valentín,24/25,2025,1,0.44364362424509934,0,1
582717,David Ramos,24/25,2025,1,0.4435511804595209,0,1
240237,Behar Ramadani,24/25,2025,0,0.4432180127361909,0,0
74642,Mattia Minesso,24/25,2025,0,0.44311850383819595,0,0
493038,Maximilian Schütt,24/25,2025,0,0.44299785931373886,0,0
595240,Milan Hokke,24/25,2025,1,0.4429867440962882,0,1
1195327,Shayibu Abubakari,24/25,2025,1,0.44286905463949877,0,1
815532,Mattia Rigo,24/25,2025,1,0.4427525776504287,0,1
1031607,Nico Petras,24/25,2025,1,0.44252290256994686,0,1
516038,Kai Merk,24/25,2025,1,0.4423929748653956,0,1
155036,Simone Corazza,24/25,2025,0,0.44219031002442305,0,0
1001156,Viktor Tatar,24/25,2025,0,0.4419068969135919,0,0
226300,Michael Dellinger,24/25,2025,0,0.4418268881778257,0,0
412529,Lukas Giessing,24/25,2025,0,0.44178031745121815,0,0
333666,Dominik Lanius,24/25,2025,0,0.44172380526325317,0,0
1020729,Teymur Charyyev,24/25,2025,0,0.4416266092163626,0,0
411179,Mika Schneider,24/25,2025,0,0.44156209239162775,0,0
181612,Tomas Huk,24/25,2025,1,0.44129662649653767,0,1
524081,Nicolai Vallys,24/25,2025,0,0.44108495456955926,0,0
198709,Cédric Hountondji,24/25,2025,1,0.4410712528359137,0,1
256118,Saber Hraiech,24/25,2025,1,0.4407384414466311,0,1
342911,Dimitrios Oungialidis,24/25,2025,0,0.4404301327768703,0,0
166237,Leandro Paredes,24/25,2025,1,0.4400678020371852,0,1
280278,Petar Vitanov,24/25,2025,0,0.44002813634273047,0,0
1039621,Marvin Pohl,24/25,2025,1,0.44000809895690124,0,1
638588,Martín Pascual,24/25,2025,1,0.43967473338993524,0,1
212430,Diamantis Chouchoumis,24/25,2025,1,0.4396262509734192,0,1
594731,Fabio Gruber,24/25,2025,0,0.4394484217061638,0,0
422401,Milton Valenzuela,24/25,2025,1,0.43944217156202897,0,1
539226,Simone Benincasa,24/25,2025,0,0.43940278590171156,0,0
501087,Soufiane Messeguem,24/25,2025,0,0.4393616618954878,0,0
564890,André Clóvis,24/25,2025,0,0.43934799245908096,0,0
529357,Aris Sörensen,24/25,2025,0,0.43930288311247856,0,0
124932,Francesco De Rose,24/25,2025,0,0.43926579153588446,0,0
59349,Diego Mariño,24/25,2025,1,0.43926208496963703,0,1
509423,Jack Armer,24/25,2025,0,0.4390029372228759,0,0
223668,Kevin Fery,24/25,2025,0,0.43887017007045265,0,0
220755,Matthew Pennington,24/25,2025,1,0.438821396197399,0,1
94116,Patrick Göbel,24/25,2025,0,0.4387770590706003,0,0
470375,Mateusz Zukowski,24/25,2025,1,0.43867718654687343,0,1
462353,Yousef Hassan,24/25,2025,1,0.43856784361884993,0,1
900938,Junior Olaitan,24/25,2025,1,0.4384520356102001,0,1
503160,Paul Nebel,24/25,2025,0,0.4383997024407975,0,0
763182,Josué Casimir,24/25,2025,1,0.43830131691122287,0,1
123258,Ivan Varone,24/25,2025,1,0.4382052678130643,0,1
435605,Cristopher Núñez,24/25,2025,0,0.43819717650347206,0,0
820013,Péter Szalai,24/25,2025,0,0.43817198387485956,0,0
1228383,Ismael Barea,24/25,2025,1,0.43813162123844673,0,1
539807,Christian Marques,24/25,2025,1,0.43811083019505404,0,1
561027,Youssef Ayman,24/25,2025,0,0.43792111249121735,0,0
1022312,Jure Marinovich,24/25,2025,0,0.4378938825030392,0,0
692771,Byron Burgering,24/25,2025,1,0.43781691438199827,0,1
397099,Jordi Osei-Tutu,24/25,2025,0,0.43750041026215297,0,0
392563,Alessandro Di Munno,24/25,2025,1,0.43747146720537244,0,1
316934,Nikola Moro,24/25,2025,0,0.43742721830635,0,0
464469,Torbjørn Heggem,24/25,2025,1,0.4372009983115721,0,1
292417,Demarai Gray,24/25,2025,1,0.43716541015930815,0,1
922977,Petr Mirvald,24/25,2025,1,0.43705464509088726,0,1
605779,Kewin Komar,24/25,2025,1,0.43693965211380603,0,1
468283,Shaocong Wu,24/25,2025,0,0.43686817934229066,0,0
981485,Luis Córdova,24/25,2025,0,0.43683852753418073,0,0
817302,Sergio Barlocco,24/25,2025,0,0.4367437115796778,0,0
390725,Andrea Masetti,24/25,2025,0,0.43625473778867185,0,0
651003,Tommaso Maressa,24/25,2025,1,0.4361932336491148,0,1
500763,Marvin Keller,24/25,2025,0,0.4359909385754334,0,0
321239,Everton,24/25,2025,0,0.4359177718305639,0,0
601113,Filip Ristanic,24/25,2025,0,0.43568303139987047,0,0
623568,Tilemachos Karampas,24/25,2025,0,0.4355799559645621,0,0
457221,Lucas Robertone,24/25,2025,0,0.43547755486402684,0,0
171078,Kevin Holt,24/25,2025,1,0.43529927345508185,0,1
288237,Jérémy Gélin,24/25,2025,1,0.4351526459612913,0,1
540876,Promise Omochere,24/25,2025,0,0.43506797334778147,0,0
624462,Jan Reichert,24/25,2025,0,0.43500151461505326,0,0
1180370,Pietro Reggiori,24/25,2025,0,0.4348979196676808,0,0
964590,Kaique Pereira,24/25,2025,1,0.43478913901673355,0,1
724437,Kaleb Jiménez,24/25,2025,0,0.43465569146822625,0,0
621997,Cieran Slicker,24/25,2025,1,0.4346235732533059,0,1
217155,Borja Sánchez,24/25,2025,1,0.4345532766291763,0,1
709767,Ji-soo Kim,24/25,2025,1,0.4344800340356224,0,1
664875,Rilind Kabashi,24/25,2025,1,0.43445977301272404,0,1
120917,Sean Parker,24/25,2025,0,0.4338940016344198,0,0
44017,Javi Martínez,24/25,2025,1,0.4338796934149558,0,1
345586,Kasper Lunding,24/25,2025,0,0.4337805310426319,0,0
384264,Aden Baldwin,24/25,2025,0,0.4337234066021238,0,0
242469,Mario Gargiulo,24/25,2025,1,0.4337162303809164,0,1
938388,Panagiotis Tsantilas,24/25,2025,0,0.43370701878262385,0,0
901019,Neil El Aynaoui,24/25,2025,1,0.43364269142350176,0,1
585868,Vladislav Naydenov,24/25,2025,0,0.43358452716922485,0,0
171033,Anatoli Gospodinov,24/25,2025,0,0.43352310875534383,0,0
1100514,Yulian Gilov,24/25,2025,0,0.43332053848083835,0,0
515581,Aidan Steele,24/25,2025,1,0.4333191323740713,0,1
318507,Paul Bernardoni,24/25,2025,1,0.43325515261558945,0,1
597165,Samuel Teles,24/25,2025,1,0.43316893140816454,0,1
124884,Marco Bizot,24/25,2025,1,0.4330487996160919,0,1
423678,Meschack Elia,24/25,2025,1,0.43298411854418317,0,1
187908,Hugo Sousa,24/25,2025,0,0.43295059665040925,0,0
464220,Botond Nándori,24/25,2025,0,0.43290730135993827,0,0
1073217,Vincenzo Lettieri,24/25,2025,0,0.43287823031857486,0,0
483742,Antonio Perera,24/25,2025,1,0.4328612515640131,0,1
354507,Roberto Domínguez,24/25,2025,0,0.43280774655128684,0,0
276030,Artur Jorge,24/25,2025,1,0.4326971803509808,0,1
327126,Anuar,24/25,2025,1,0.43265722408507495,0,1
197860,Pedro Rebocho,24/25,2025,0,0.4326549674268825,0,0
710678,Christian Mutilva,24/25,2025,1,0.43263887399800666,0,1
448395,Giulio Favale,24/25,2025,0,0.4326027339948665,0,0
468272,Gustavo Cascardo,24/25,2025,0,0.43208693769907264,0,0
970266,Steven Hall,24/25,2025,0,0.43201081386119516,0,0
537477,João Goulart,24/25,2025,0,0.4319765245678804,0,0
931668,Elias Benkara,24/25,2025,0,0.43187736652824726,0,0
246424,Elbis,24/25,2025,1,0.4317123802519886,0,1
1065442,Iñigo Arguibide,24/25,2025,0,0.4313815899410428,0,0
258914,Brad Collins,24/25,2025,1,0.4311272838679795,0,1
425795,Callum Maycock,24/25,2025,0,0.43094973075959886,0,0
927870,Niccolò Bianchi,24/25,2025,0,0.43092701726033533,0,0
674921,Nikola Soldo,24/25,2025,1,0.43087690427089115,0,1
632498,Miguelito,24/25,2025,0,0.43043645045503376,0,0
766538,Ermek Kenzhebaev,24/25,2025,1,0.4302343448607744,0,1
856406,Noah Madsen,24/25,2025,0,0.4301356277313332,0,0
1292591,Jack Nunn,24/25,2025,0,0.4298598439261098,0,0
205586,Tokmac Chol Nguen,24/25,2025,0,0.4298049035997655,0,0
163203,Francesco Vassallo,24/25,2025,0,0.42974827770694607,0,0
1216188,Alessandro Panza,24/25,2025,1,0.42961304728969374,0,1
750877,Milan Silva Rasmussen,24/25,2025,1,0.42954626640021576,0,1
402733,Gonzalo Montiel,24/25,2025,0,0.42936881341883026,0,0
308388,Kyle Dempsey,24/25,2025,0,0.42932879587786466,0,0
817001,Filippo Bertolotti,24/25,2025,0,0.4291346494117392,0,0
1012421,Matija Popović,24/25,2025,1,0.4290340521995592,0,1
256718,Sven van Beek,24/25,2025,0,0.4290246387222464,0,0
926931,Emanuel Marincău,24/25,2025,1,0.4286311793933687,0,1
542469,Lumbardh Dellova,24/25,2025,0,0.4285645056675282,0,0
339235,Tom McIntyre,24/25,2025,1,0.4283785041846448,0,1
718037,Marcel Sgrò,24/25,2025,0,0.42832002251842544,0,0
875328,Biel,24/25,2025,1,0.4283129587519988,0,1
307664,Marko Raguz,24/25,2025,0,0.42825502811788085,0,0
572874,Dimitrios Tatsis,24/25,2025,0,0.4280717793908797,0,0
212804,Florian Tardieu,24/25,2025,0,0.42801661596335494,0,0
610878,Jacopo Desogus,24/25,2025,0,0.4279954364906389,0,0
1267574,Cristian Audisio,24/25,2025,0,0.4277758301664038,0,0
701036,Gianluca Parodi,24/25,2025,1,0.4277284179409118,0,1
376232,Bassam Al-Rawi,24/25,2025,0,0.42759697126418494,0,0
192239,Ryan Williams,24/25,2025,0,0.42735239133642355,0,0
628624,Adam Ratajczyk,24/25,2025,0,0.4273281199877369,0,0
1170813,Javison Idele,24/25,2025,0,0.42719053343652835,0,0
289843,Sean Goss,24/25,2025,0,0.42678028416812774,0,0
225824,Atanas Iliev,24/25,2025,1,0.42648283683070953,0,1
1182192,Simone Cat Berro,24/25,2025,1,0.42634945322038487,0,1
113358,Sofiane Hanni,24/25,2025,0,0.4262754306859818,0,0
559324,Youri Regeer,24/25,2025,0,0.4262327472535793,0,0
538678,Macauley Southam-Hales,24/25,2025,1,0.42623185207241965,0,1
289432,Dylan Batubinsika,24/25,2025,0,0.4262067718064921,0,0
235931,Alessandro Deiola,24/25,2025,0,0.42617199616869694,0,0
829279,Kimi Merk,24/25,2025,1,0.42616165168387854,0,1
385412,Jordan Amissah,24/25,2025,1,0.4260687666893182,0,1
908210,Alex King,24/25,2025,1,0.42595398842943294,0,1
21327,Ron-Robert Zieler,24/25,2025,1,0.4259492448522204,0,1
1003451,Breno,24/25,2025,1,0.4258898270850333,0,1
153664,Khaled Narey,24/25,2025,1,0.425852049872751,0,1
322765,Nathan Gartside,24/25,2025,1,0.42565769970944306,0,1
73269,Javier Matilla,24/25,2025,0,0.42555381943759674,0,0
244130,Sullay Kaikai,24/25,2025,0,0.42555041908053254,0,0
135490,Lindsay Rose,24/25,2025,0,0.42520721968380815,0,0
66497,Michael Morrison,24/25,2025,0,0.42517200823561246,0,0
618808,Diego Espejo,24/25,2025,0,0.42515781681330655,0,0
207061,Francis de Vries,24/25,2025,0,0.42507392476553907,0,0
167890,Alberto Masi,24/25,2025,1,0.4249337645832996,0,1
476353,Thalis,24/25,2025,0,0.42492308008151314,0,0
140461,Artem Rakhmanov,24/25,2025,1,0.42464461201370635,0,1
454567,Orkun Kökçü,24/25,2025,1,0.4243427326875196,0,1
374421,Marvin Lorch,24/25,2025,0,0.42426529591183076,0,0
352607,Darío García,24/25,2025,1,0.424217211990217,0,1
745075,David Preu,24/25,2025,0,0.4241596104921732,0,0
524210,Sean McLoughlin,24/25,2025,1,0.4241443884791982,0,1
49499,Georginio Wijnaldum,24/25,2025,0,0.4239296609117346,0,0
1269895,Andrea Giardino,24/25,2025,1,0.4237013823255048,0,1
396116,Miguel Ángel Cera,24/25,2025,0,0.4236066654660513,0,0
357858,Marc Tsoungui,24/25,2025,1,0.4232231971868401,0,1
937207,Lennart Pohlmann,24/25,2025,1,0.423221419638986,0,1
315063,Nahitan Nández,24/25,2025,0,0.42314056707391284,0,0
719382,Matteo Waem,24/25,2025,0,0.4230778459064924,0,0
433447,Zak Ruggiero,24/25,2025,1,0.42284780408156747,0,1
632829,Niccolò Pietra,24/25,2025,1,0.4228267905335622,0,1
503854,Joel Grodowski,24/25,2025,0,0.42269325016936393,0,0
340166,Alessio Castro-Montes,24/25,2025,1,0.4225989579866749,0,1
803967,Sanel Saljic,24/25,2025,0,0.4224855661055252,0,0
1065440,Mauro Echegoyen,24/25,2025,0,0.4224246454710665,0,0
205006,Rick Karsdorp,24/25,2025,1,0.42238868400828616,0,1
594997,Yohann Magnin,24/25,2025,1,0.4223696575732958,0,1
166557,Luca Baldassin,24/25,2025,1,0.4222869760299589,0,1
182185,Milan Rundic,24/25,2025,1,0.4222276904898173,0,1
534377,Kialy Abdoul Kone,24/25,2025,0,0.4222158171579323,0,0
291423,Giorgio Piacentini,24/25,2025,0,0.4220663151888962,0,0
272618,Teddy Bouriaud,24/25,2025,0,0.42201992293919666,0,0
1010466,Lucas Bretón,24/25,2025,1,0.4217576965582249,0,1
345890,Ruben Hoogenhout,24/25,2025,1,0.42163134077687214,0,1
441622,Roger Escoruela,24/25,2025,0,0.4215678957633766,0,0
95737,Bassel Jradi,24/25,2025,1,0.42146699452764,0,1
695422,Théo De Percin,24/25,2025,0,0.42139204707514033,0,0
966649,Connor O'Brien,24/25,2025,0,0.42115077116200944,0,0
710881,David Ovsonka,24/25,2025,1,0.4210923454147584,0,1
1049728,Nicolas Previtali,24/25,2025,0,0.42108633309497134,0,0
978808,Georgi Chorbadzhiyski,24/25,2025,0,0.42102824289422075,0,0
560903,Patrick William,24/25,2025,0,0.42101980918007176,0,0
936665,Don O'Niel,24/25,2025,0,0.4209999591657096,0,0
1049834,Stephen Nenè,24/25,2025,1,0.4209849775551067,0,1
110931,Marco Fossati,24/25,2025,1,0.420893267257477,0,1
829299,Max Weiß,24/25,2025,1,0.42075176431040184,0,1
696012,Mikail Özkan,24/25,2025,0,0.4206233039499174,0,0
1186932,Edoardo Zanchi,24/25,2025,0,0.42051494931641376,0,0
276768,Nolan Mbemba,24/25,2025,1,0.42037542867812955,0,1
229909,Tobias Kordick,24/25,2025,1,0.4203569123017257,0,1
699418,Jakub Kaluzinski,24/25,2025,1,0.42032724389633225,0,1
784862,Eryk Kobza,24/25,2025,0,0.4202770279135804,0,0
936755,Alberto Manzoni,24/25,2025,0,0.42011113256348775,0,0
533222,Luca Maffioletti,24/25,2025,1,0.4191465297334349,0,1
62270,Danilo Russo,24/25,2025,1,0.418976654544261,0,1
625838,David Harrington,24/25,2025,0,0.41883724147237456,0,0
1170416,Scott Constable,24/25,2025,0,0.41882590372020356,0,0
387047,Danilho Doekhi,24/25,2025,0,0.4186859880240077,0,0
718232,Abdoulaye Kamara,24/25,2025,1,0.4185771241856847,0,1
922892,Baran Moğultay,24/25,2025,1,0.41855060466575617,0,1
393436,Aly Abeid,24/25,2025,0,0.41852293970395166,0,0
186239,Fabricio Pedrozo,24/25,2025,0,0.41823592809650456,0,0
590630,Jaber Issa,24/25,2025,0,0.41819209960344406,0,0
450173,Gaius Makouta,24/25,2025,0,0.41815131248938636,0,0
294808,Franck Kessié,24/25,2025,0,0.41810873023077494,0,0
559319,Kilian Nikièma,24/25,2025,0,0.4180067078632547,0,0
931376,Ondrej Lilling,24/25,2025,0,0.41784898418499805,0,0
708070,Pietro Saio,24/25,2025,1,0.41774615975538737,0,1
481091,Silas Gnaka,24/25,2025,0,0.4177052381153364,0,0
613129,Christian Aucelli,24/25,2025,0,0.417669114198324,0,0
595943,Jaden Montnor,24/25,2025,0,0.41741679372066015,0,0
684116,Silas Ostrzinski,24/25,2025,0,0.4173208496825426,0,0
118071,Shane McEleney,24/25,2025,0,0.41725172383057907,0,0
214532,Pierrick Capelle,24/25,2025,0,0.4171174519336629,0,0
1059719,Filippo Galafassi,24/25,2025,0,0.4170722492153089,0,0
87650,Julian Derstroff,24/25,2025,0,0.41704883600736653,0,0
146099,Remi Mulumba,24/25,2025,0,0.41695644482550404,0,0
1102070,Kiani Inge,24/25,2025,1,0.41693922837568675,0,1
294568,Omer Atzili,24/25,2025,0,0.4168489595308606,0,0
993537,Johnbosco Samuel Kalu,24/25,2025,1,0.41670296330756124,0,1
867700,Joshua Duffus,24/25,2025,1,0.41657058284408816,0,1
421769,Davide Ghislandi,24/25,2025,0,0.416549562950189,0,0
344595,Aurélien Nguiamba,24/25,2025,1,0.4164997367965363,0,1
1073748,Kacper Potulski,24/25,2025,1,0.41648520278012074,0,1
328847,Daniele Pinto,24/25,2025,0,0.41642913851854035,0,0
611198,Álex Blesa,24/25,2025,1,0.416196331713594,0,1
168427,Dawid Abramowicz,24/25,2025,1,0.4161721210127513,0,1
733422,Jake Rooney,24/25,2025,1,0.41613791037871256,0,1
413859,Mael Corboz,24/25,2025,0,0.4160189046971408,0,0
837050,Rob Apter,24/25,2025,1,0.4158988110390472,0,1
734543,Tommaso Lombardi,24/25,2025,0,0.41586103605824126,0,0
636254,Rakip Bregu,24/25,2025,1,0.41518398660650624,0,1
93557,Ulrich Taffertshofer,24/25,2025,0,0.41516698240458183,0,0
550934,Amador Zarco,24/25,2025,0,0.4146224789063834,0,0
185467,Jake Reeves,24/25,2025,0,0.41446579235612835,0,0
531253,Luke Cooper,24/25,2025,0,0.41439836385690426,0,0
636888,Udoka Godwin-Malife,24/25,2025,0,0.4138252384631466,0,0
957822,Eddy Kouadio,24/25,2025,0,0.4138029109073279,0,0
1049590,Meshak Babanzila,24/25,2025,0,0.4137672637936382,0,0
653065,Bahattin Karahan,24/25,2025,1,0.4136924941496377,0,1
936223,Nicolò Verza,24/25,2025,0,0.41347303568663657,0,0
274839,Wilfred Ndidi,24/25,2025,1,0.4134354379006336,0,1
413565,Jhon Lucumí,24/25,2025,0,0.41316605294244113,0,0
386148,Joe Quigley,24/25,2025,1,0.4130702369150415,0,1
477547,Daniil Paroutis,24/25,2025,0,0.412963143029465,0,0
114341,Anselmo,24/25,2025,1,0.41295966462778716,0,1
933658,Seb Osment,24/25,2025,1,0.41291152597899144,0,1
1058514,Montrell Culbreath,24/25,2025,0,0.4128461134940243,0,0
343094,Martin Palincsár,24/25,2025,1,0.4127541252331688,0,1
243725,Olivier Kemen,24/25,2025,0,0.4125430226997144,0,0
182713,Carlos Daniel,24/25,2025,0,0.41233987945336,0,0
242606,Josh Cullen,24/25,2025,0,0.41232217762879525,0,0
406912,Gabriele Bellodi,24/25,2025,0,0.4121555596788021,0,0
119292,Danilo Wiebe,24/25,2025,0,0.41209861921068464,0,0
448468,Jefferson Encada,24/25,2025,1,0.41163683148946306,0,1
177821,Daryl van Mieghem,24/25,2025,0,0.41148479042806596,0,0
85906,Danny da Costa,24/25,2025,0,0.4113451498632392,0,0
283528,Ignacio Pussetto,24/25,2025,1,0.411306027988571,0,1
128105,Peter Zulj,24/25,2025,0,0.4112994134790679,0,0
433993,Andy Scott,24/25,2025,0,0.41126594066256994,0,0
387129,Róber Pier,24/25,2025,1,0.411018513432694,0,1
289446,Yerry Mina,24/25,2025,0,0.4109574590677686,0,0
388042,Karlo Muhar,24/25,2025,1,0.41092506194866657,0,1
401533,Matheusinho,24/25,2025,1,0.4108600115339974,0,1
1056224,Dimitri Valkanis,24/25,2025,1,0.4107313843567424,0,1
1110622,Francesco Nunziata,24/25,2025,1,0.41071472290906413,0,1
357047,Gautier Larsonneur,24/25,2025,0,0.4107059601977445,0,0
131789,Roberto Firmino,24/25,2025,1,0.4105958887107475,0,1
459577,Gabriele Perretta,24/25,2025,0,0.4105935833349415,0,0
1111063,Sean Steur,24/25,2025,0,0.4102494044823425,0,0
119120,Robert Leipertz,24/25,2025,0,0.4101697609907961,0,0
408563,Jerome Opoku,24/25,2025,0,0.4099076466313299,0,0
391470,Marcus Browne,24/25,2025,0,0.4097286400598438,0,0
941883,Martín Tejón,24/25,2025,1,0.4094637744202902,0,1
412046,Iván Chapela,24/25,2025,1,0.4094602255922354,0,1
487847,Omar Bugiel,24/25,2025,0,0.4088927747024811,0,0
1080421,Ieuan Owen,24/25,2025,0,0.4087833771067338,0,0
531679,Ethan Laird,24/25,2025,0,0.40859635575973674,0,0
962149,Ousmane Diallo,24/25,2025,0,0.4084865017193399,0,0
166326,Peter Leeuwenburgh,24/25,2025,0,0.4084285624237507,0,0
324472,Diego Borghini,24/25,2025,1,0.4083524483735973,0,1
228584,David Simón,24/25,2025,0,0.40814326834534076,0,0
383810,Arnau Campeny,24/25,2025,0,0.4081430275929678,0,0
1164001,Andrea Di Vincenzo,24/25,2025,1,0.4072980462487393,0,1
574199,David Lelle,24/25,2025,0,0.40724931024307476,0,0
967658,Augusto Bando,24/25,2025,0,0.4071807792955208,0,0
287920,Tim Skarke,24/25,2025,0,0.4070789555820333,0,0
1046491,Alessandro Grano,24/25,2025,1,0.40702504731968187,0,1
355479,Ferdinando Del Sole,24/25,2025,1,0.4069207912959516,0,1
906902,Elliott Nevitt,24/25,2025,0,0.4069006993864849,0,0
400532,Joel Felix,24/25,2025,0,0.40683820190795617,0,0
56100,Leon Balogun,24/25,2025,1,0.40670087350316864,0,1
226219,Sean Raggett,24/25,2025,0,0.406519292966803,0,0
408311,Andrea Delcarro,24/25,2025,0,0.4063686068852164,0,0
456292,Ellery Balcombe,24/25,2025,0,0.4061219034873426,0,0
197468,Davide Agazzi,24/25,2025,0,0.4054541980655295,0,0
472176,Salvatore Boccia,24/25,2025,0,0.4054199376354978,0,0
721731,Antonio Prisco,24/25,2025,0,0.40524490250637,0,0
463030,Markus Kaasa,24/25,2025,1,0.40502824633151235,0,1
1168861,Faton Ademi,24/25,2025,0,0.4050166900153459,0,0
183313,Michael Gonçalves,24/25,2025,1,0.4049065161836764,0,1
83119,Reinhold Ranftl,24/25,2025,0,0.4048430952236832,0,0
504518,Kofi Balmer,24/25,2025,0,0.40476479664767495,0,0
112663,Eliran Atar,24/25,2025,0,0.40468691776288196,0,0
538527,Enzo Cabrera,24/25,2025,0,0.40459231740946966,0,0
605454,Valdemar Sadrifar,24/25,2025,1,0.4044454973564048,0,1
126634,Francesco Rossi,24/25,2025,0,0.4043245254891994,0,0
214770,Borja López,24/25,2025,1,0.4042736498906395,0,1
623412,Mihai Popa,24/25,2025,0,0.40422121003669803,0,0
430192,Aarón Rey,24/25,2025,1,0.4042052878664822,0,1
1001788,Ibrahim Fofana,24/25,2025,0,0.4039338453666488,0,0
165793,Takumi Minamino,24/25,2025,0,0.403927983868727,0,0
410305,Erik Gerbi,24/25,2025,0,0.4037589293669418,0,0
657723,Idris Odutayo,24/25,2025,0,0.4037456580756993,0,0
935036,Bogdan Budko,24/25,2025,1,0.40374053906736196,0,1
419723,Elias Cobbaut,24/25,2025,0,0.4037209945274497,0,0
293241,Miomir Djurickovic,24/25,2025,1,0.4037148236596048,0,1
257235,Ahmad Moein Doozandeh,24/25,2025,0,0.4036496129523618,0,0
903202,Jordi Jaku,24/25,2025,0,0.40314119288309674,0,0
451164,Damian Hilbrycht,24/25,2025,0,0.40277509846090087,0,0
700565,Brian Cipenga,24/25,2025,0,0.40274672715676374,0,0
444208,Michael Obafemi,24/25,2025,1,0.4025588428680218,0,1
536619,Raúl Sánchez,24/25,2025,1,0.4025297751511214,0,1
689632,Guillem Rodríguez,24/25,2025,0,0.40231960148581253,0,0
66106,Sergio Canales,24/25,2025,0,0.40226246574771335,0,0
1047127,Luc Dabrowski,24/25,2025,1,0.40221517005921187,0,1
189100,Sasa Ivkovic,24/25,2025,0,0.40217882461105914,0,0
504855,John McAtee,24/25,2025,0,0.4021591265146341,0,0
538253,Simão,24/25,2025,0,0.4020095172284428,0,0
732206,Georgie Gent,24/25,2025,0,0.40191176521058736,0,0
146642,Ferdinando Mastroianni,24/25,2025,1,0.4015211610986992,0,1
397435,Marco Di Lernia,24/25,2025,1,0.4014762120414907,0,1
921662,Charlie Tasker,24/25,2025,0,0.4012902212273236,0,0
336644,Cedric Euschen,24/25,2025,0,0.4012721701783729,0,0
335103,Linton Maina,24/25,2025,0,0.4011621378919673,0,0
1015248,Ivaylo Videv,24/25,2025,1,0.40108550602645304,0,1
470606,Leighton Clarkson,24/25,2025,0,0.4010040990963403,0,0
1052350,Nick Rothweiler,24/25,2025,0,0.40094973056591576,0,0
548935,Steven van der Sloot,24/25,2025,0,0.40094153115979553,0,0
457961,Theodoros Venetikidis,24/25,2025,0,0.40093939189694283,0,0
381706,Arvid Brorsson,24/25,2025,0,0.40088934058889875,0,0
1061660,Selvi Clua,24/25,2025,0,0.4008708097056932,0,0
572441,Maximilian Adamski,24/25,2025,0,0.4008171404557414,0,0
421764,Matteo Cardinali,24/25,2025,0,0.4005929996942489,0,0
257462,Luka Jović,24/25,2025,1,0.40037979882472846,0,1
108880,Koen Casteels,24/25,2025,0,0.40022048752597644,0,0
231471,Theofanis Tzandaris,24/25,2025,0,0.40017402484111947,0,0
167826,Luca Verna,24/25,2025,1,0.4001678276039885,0,1
182875,Jean-Charles Castelletto,24/25,2025,1,0.40001406828313146,0,1
391788,CJ Hamilton,24/25,2025,0,0.399913243109341,0,0
78047,Brice Maubleu,24/25,2025,0,0.39981006860316404,0,0
1073397,Kenan Bilalovic,24/25,2025,1,0.3996465171422229,0,1
322517,Joël Schmied,24/25,2025,0,0.3996120559301121,0,0
265967,Salvatore Aloi,24/25,2025,1,0.39908967922710853,0,1
93128,Kalidou Koulibaly,24/25,2025,0,0.39907102304927156,0,0
563614,Tidiane Keita,24/25,2025,1,0.3988707478843153,0,1
667060,Tommaso Bertini,24/25,2025,1,0.3988174540606985,0,1
374326,Oliver Edvardsen,24/25,2025,0,0.3987483752979935,0,0
1055070,Luca Nesi,24/25,2025,0,0.39866730804779804,0,0
61694,Neil Etheridge,24/25,2025,0,0.3985846012705164,0,0
1059479,Stefen Tchamche,24/25,2025,0,0.3985433902769112,0,0
351750,Léo Natel,24/25,2025,1,0.398508958575609,0,1
667521,Cian Ashford,24/25,2025,0,0.398423389092671,0,0
297034,Ilya Petrov,24/25,2025,0,0.3984120937787142,0,0
199976,Marco Sportiello,24/25,2025,1,0.3983678484626539,0,1
631258,Alistair Smith,24/25,2025,1,0.39826858405991244,0,1
459763,Marco Carnesecchi,24/25,2025,0,0.39811797540325244,0,0
378872,Kayden Jackson,24/25,2025,0,0.3980153194472186,0,0
592358,Victor Lobry,24/25,2025,0,0.39769321917820977,0,0
203662,Giannis Sotirakos,24/25,2025,1,0.3976453939242711,0,1
157478,Rufat Dadashov,24/25,2025,0,0.3976392779934968,0,0
290273,Álvaro Tejero,24/25,2025,1,0.3975268775326327,0,1
235783,Dom Thomas,24/25,2025,1,0.3973647013402418,0,1
569579,Alessandro Tozzuolo,24/25,2025,1,0.39734690419275925,0,1
732743,Sam Long,24/25,2025,0,0.39728845524756784,0,0
963674,Vladimir Ivanov,24/25,2025,0,0.39698362866726283,0,0
688560,Nick McAllister,24/25,2025,0,0.39672106924645695,0,0
227073,Patrik Kelemen,24/25,2025,0,0.396429799455729,0,0
422203,Umut Güneş,24/25,2025,0,0.39611221784016837,0,0
197299,Francesco Belli,24/25,2025,0,0.3961045993755664,0,0
511113,Álex Cano,24/25,2025,0,0.3960315529137719,0,0
406094,Damiano Menna,24/25,2025,0,0.3959870226436296,0,0
927267,Nicolò Amadori,24/25,2025,1,0.3956163741159555,0,1
567309,Naatan Skyttä,24/25,2025,1,0.39547815518841806,0,1
238407,Alexander Sørloth,24/25,2025,0,0.39532653324472145,0,0
134424,Nick Powell,24/25,2025,1,0.39525884427586044,0,1
907588,Khalid Abu El Haija,24/25,2025,1,0.395165791633545,0,1
987366,Aaron Bouwman,24/25,2025,0,0.3950161648084357,0,0
547754,Ianis Stoica,24/25,2025,1,0.3946225675551453,0,1
344178,Bence Szabó,24/25,2025,0,0.3945645479766001,0,0
1050787,Lorenzo Lischetti,24/25,2025,1,0.39452270562063274,0,1
129314,Kristian Álvarez,24/25,2025,1,0.3944851930468628,0,1
713787,Jhoanner Chávez,24/25,2025,0,0.39417231685445814,0,0
197745,Riccardo Fiamozzi,24/25,2025,1,0.3940945200508842,0,1
241310,Neluț Roșu,24/25,2025,1,0.394014665362795,0,1
486624,Musa Barrow,24/25,2025,0,0.39398602726926235,0,0
501489,Zakaria Sawo,24/25,2025,0,0.3939580978864032,0,0
121570,Konstantinos Laifis,24/25,2025,0,0.39392662116993094,0,0
284884,Óscar Rodríguez,24/25,2025,1,0.39386070965499853,0,1
537706,Lucas Fox,24/25,2025,0,0.39380450409113815,0,0
150462,Alessandro Salvi,24/25,2025,0,0.3937743196672105,0,0
990009,Jasper Hartog,24/25,2025,0,0.3935616247813113,0,0
919831,Daniel Nikolov,24/25,2025,1,0.3935322496075618,0,1
369162,Lamar Yarbrough,24/25,2025,0,0.39329075593252383,0,0
729872,Igor Miladinovic,24/25,2025,0,0.39302488894329035,0,0
1076170,Denis Kala,24/25,2025,0,0.392983255450232,0,0
633649,Adam Devine,24/25,2025,1,0.3929546210819973,0,1
253839,Álvaro Medrán,24/25,2025,0,0.39289006743625327,0,0
644771,Odilon Kossounou,24/25,2025,1,0.39257425452460354,0,1
143358,Ádám Gyurcsó,24/25,2025,1,0.39251823273463426,0,1
1295724,Francesco Maiolo,24/25,2025,1,0.39232539306634284,0,1
84840,Bence Somodi,24/25,2025,0,0.39231595956131377,0,0
339023,Matty Stevens,24/25,2025,0,0.39225911325080115,0,0
355157,Arsen Kasa,24/25,2025,0,0.39216357360792764,0,0
468256,Daniel Penha,24/25,2025,1,0.39216072110689754,0,1
377298,Guillem Castell,24/25,2025,0,0.39195544799449367,0,0
814007,Corrado Riviera,24/25,2025,0,0.3917427000983143,0,0
404968,Nicola De Vido,24/25,2025,1,0.39171616820578203,0,1
242267,Saleh Al-Shehri,24/25,2025,0,0.39144052786603356,0,0
73846,Paul-José Mpoku,24/25,2025,1,0.3912000399827186,0,1
1055079,Luca Lai,24/25,2025,0,0.39119508868022385,0,0
187097,Budu Zivzivadze,24/25,2025,0,0.39112099904367414,0,0
1082485,Dylan Watret,24/25,2025,0,0.39108505610935385,0,0
243616,Paschalis Kassos,24/25,2025,1,0.3910648626314211,0,1
287717,Emanuele Ndoj,24/25,2025,1,0.39088365523549584,0,1
205533,Damien Dussaut,24/25,2025,1,0.3908817007438749,0,1
1200419,Djylian N'Guessan,24/25,2025,0,0.3908355092892285,0,0
704453,Kevin Bright,24/25,2025,0,0.3904470578028269,0,0
707982,Dimitri Jepihhin,24/25,2025,0,0.39044205646566577,0,0
1106982,Seydou Sano,24/25,2025,0,0.3903829643718226,0,0
915897,Petar Markovic,24/25,2025,0,0.3899665038841285,0,0
657155,Sidney Lima,24/25,2025,0,0.38994100160378997,0,0
392633,Pietro Gecchele,24/25,2025,0,0.38984829081817984,0,0
887638,Davide Bartesaghi,24/25,2025,1,0.3895476222519657,0,1
946393,Nikolay Sotnikov,24/25,2025,0,0.3895027769308764,0,0
671438,Aristot Tambwe-Kasengele,24/25,2025,1,0.3892936030889308,0,1
1035852,Magnus Baars,24/25,2025,1,0.3891408629904784,0,1
709967,Toni Caravaca,24/25,2025,0,0.389096825296755,0,0
366653,Manu Ramírez,24/25,2025,0,0.38879348525953755,0,0
361124,Joey Jacobs,24/25,2025,0,0.3886548279426249,0,0
335310,Áron Fejős,24/25,2025,1,0.3885054759701208,0,1
866916,Tom Negrel,24/25,2025,0,0.38846472806777504,0,0
513972,Juan Flere,24/25,2025,0,0.3884355573840981,0,0
910540,Ben Jablonski,24/25,2025,0,0.38835279635103453,0,0
364233,Sidy Sarr,24/25,2025,1,0.3882116340345823,0,1
1110070,Matthias Wamu Oyatambwe,24/25,2025,1,0.3881578246031314,0,1
691905,Karim El Abed,24/25,2025,1,0.3880055271566254,0,1
267152,Sebastian Musiolik,24/25,2025,1,0.38778093893488286,0,1
1283297,Liam Russell,24/25,2025,0,0.3876544073443402,0,0
367443,Jonas Wendlinger,24/25,2025,0,0.3876299602828982,0,0
342018,Tennai Watson,24/25,2025,1,0.3875763571369809,0,1
1013227,George Andrews,24/25,2025,1,0.3874528295412002,0,1
457743,Mohamed Konaté,24/25,2025,1,0.38736313084176305,0,1
395695,Elisha Owusu,24/25,2025,0,0.38734819665342074,0,0
775605,Pablo Barrios,24/25,2025,0,0.387036106752287,0,0
448264,Afonso Freitas,24/25,2025,0,0.38685403592984263,0,0
795274,Mayckel Lahdo,24/25,2025,1,0.3868157263761401,0,1
337799,Pedro Ferreira,24/25,2025,0,0.3867877241896179,0,0
234733,Panagiotis Deligiannidis,24/25,2025,1,0.386706852722535,0,1
280982,Eoghan O'Connell,24/25,2025,1,0.3866921661929234,0,1
928630,Finn de Bruin,24/25,2025,0,0.3865983373925806,0,0
833093,Asparuh Smilkov,24/25,2025,0,0.3865717500312157,0,0
271763,Alibek Aliev,24/25,2025,0,0.3865191013144176,0,0
1123382,Elio Trochen,24/25,2025,0,0.38644882794026475,0,0
613040,Youness Lachhab,24/25,2025,0,0.38634628165987295,0,0
827950,Ousmane Camara,24/25,2025,0,0.38633773905679897,0,0
1065441,Carlos Lumbreras,24/25,2025,0,0.38608237971138826,0,0
308279,Rolando Mandragora,24/25,2025,0,0.38587973091242955,0,0
67797,Milan Borjan,24/25,2025,0,0.3857841170445079,0,0
537171,Semuel Pizzignacco,24/25,2025,0,0.3857833504475306,0,0
400653,Jan Matousek,24/25,2025,0,0.3857439176149888,0,0
1004786,Mohammed Umar,24/25,2025,0,0.38573934378682395,0,0
668328,Lukas Hrdlicka,24/25,2025,0,0.3849743849855699,0,0
288311,Ibrahim Blati Touré,24/25,2025,0,0.3849123772257547,0,0
142947,Patrik Bacsa,24/25,2025,0,0.38485990713716917,0,0
789018,James Eto'o,24/25,2025,0,0.3847644473840665,0,0
315312,Juanma García,24/25,2025,1,0.384506948716481,0,1
345760,David Turnbull,24/25,2025,0,0.38439926776469907,0,0
343332,Stefano Russo,24/25,2025,0,0.38411802131674205,0,0
543093,Josh Neufville,24/25,2025,1,0.38399217300289507,0,1
396167,Charlie Scott,24/25,2025,0,0.3838187128475393,0,0
160222,Uros Spajic,24/25,2025,0,0.38375481711449955,0,0
640245,Will Fish,24/25,2025,0,0.38367106317463323,0,0
310527,Paulo Azzi,24/25,2025,1,0.3835410325536791,0,1
262554,Clifford Aboagye,24/25,2025,1,0.38352384366860975,0,1
357225,Mark Shelton,24/25,2025,0,0.38346163571455594,0,0
426426,Josh Gordon,24/25,2025,1,0.38344863997364775,0,1
235840,Pedro Pinto,24/25,2025,1,0.3831395409453153,0,1
380478,Victor Braga,24/25,2025,1,0.38291078453248595,0,1
281769,Mario Hermoso,24/25,2025,0,0.38267511909106705,0,0
143798,Pavel Kaderabek,24/25,2025,1,0.3823234669377782,0,1
670119,Victor Loturi,24/25,2025,0,0.38221288145348253,0,0
736202,Brayan Gil,24/25,2025,0,0.38204592245551167,0,0
448854,Emmanuel Dennis,24/25,2025,1,0.3819999213674265,0,1
371003,Ante Palaversa,24/25,2025,0,0.3818375537298461,0,0
398063,Luke Southwood,24/25,2025,1,0.3814684633258657,0,1
1155804,Emre Ünüvar,24/25,2025,0,0.38142049942560996,0,0
720934,Ivan Mikhnyuk,24/25,2025,0,0.3813505091240369,0,0
705099,Cornelius Staver,24/25,2025,1,0.3811626187854281,0,1
460103,Matteo Magliocchetti,24/25,2025,0,0.38109155042017145,0,0
249459,Tarsi Aguado,24/25,2025,1,0.3810641174440686,0,1
1063329,Andrés García,24/25,2025,0,0.3810504706092441,0,0
337043,Leonard Langhans,24/25,2025,0,0.38103894115378156,0,0
344844,Mouhammed-Ali Dhaini,24/25,2025,0,0.38100565248796864,0,0
1180811,Adam Baallal,24/25,2025,0,0.38098974910389666,0,0
319306,Lewis Thomas,24/25,2025,0,0.3808377392447508,0,0
634460,Álex Balboa,24/25,2025,1,0.3807426891530061,0,1
670845,Omari Forson,24/25,2025,0,0.38057218636748014,0,0
1262393,Gabriel Rafele,24/25,2025,1,0.38037077305897793,0,1
400050,Keve Tóth,24/25,2025,0,0.3802918472166161,0,0
225459,Carlos Hernández,24/25,2025,0,0.38024140447504645,0,0
911531,Alexis Golfinos,24/25,2025,1,0.38018974699601255,0,1
940740,Ivan Grudko,24/25,2025,0,0.3800792687554327,0,0
1132600,Zalán Maronyay,24/25,2025,0,0.3800277525220753,0,0
710497,Stojan Lekovic,24/25,2025,0,0.3797549544307967,0,0
459988,Gennaro Borrelli,24/25,2025,1,0.37951494586561735,0,1
1201233,Cade Melrose,24/25,2025,0,0.3792273998558714,0,0
528834,Jan Shcherbakovski,24/25,2025,1,0.37919717296089933,0,1
1121944,Lachezar Ivanov,24/25,2025,0,0.3791912087513913,0,0
1171668,Malthe Kjølby,24/25,2025,1,0.3791458229279947,0,1
964633,Tebo Gabriel,24/25,2025,1,0.3790657682688237,0,1
997909,Tommaso Ravaglioli,24/25,2025,1,0.3787575077228802,0,1
425781,Leon Sipos,24/25,2025,0,0.37871601632158663,0,0
286297,Lorenzo Pellegrini,24/25,2025,0,0.3784991721521432,0,0
688881,Vinícius Lopes,24/25,2025,0,0.37839494101041987,0,0
631278,Abbas Ibrahim,24/25,2025,0,0.37839263651099214,0,0
1261750,Matteo Vitrotti,24/25,2025,1,0.37822577657790585,0,1
192875,William Troost-Ekong,24/25,2025,0,0.3781310215649525,0,0
888136,Karim Cardoni,24/25,2025,0,0.378128387694946,0,0
510388,Lucas Anacker,24/25,2025,0,0.37798939151898897,0,0
489463,Kyogo Furuhashi,24/25,2025,1,0.3778733585255621,0,1
692020,Lasse Wilhelm,24/25,2025,0,0.37780723376471015,0,0
690479,Stefan Vukic,24/25,2025,1,0.3778048582263921,0,1
952770,Strahinja Stojkovic,24/25,2025,1,0.3778007650665563,0,1
189650,Tim Receveur,24/25,2025,1,0.37768274512498684,0,1
332179,Matteo Pessina,24/25,2025,0,0.3776448685934608,0,0
253734,Ismael Silva,24/25,2025,0,0.377629574001273,0,0
652054,Martin Vitík,24/25,2025,1,0.37747466652747563,0,1
534070,Nicholas Martini,24/25,2025,1,0.377456343430413,0,1
1260549,Samuele Piro,24/25,2025,1,0.3774237602540002,0,1
334999,Finn Becker,24/25,2025,1,0.3773703508052167,0,1
249580,Marin Orlinov,24/25,2025,0,0.3772889032602301,0,0
325443,Viktor Gyökeres,24/25,2025,1,0.37727801045249937,0,1
545332,Mikkel Kaufmann,24/25,2025,0,0.37706790811850427,0,0
507345,Leonidas Stergiou,24/25,2025,0,0.37694050323679257,0,0
515613,Marko Divković,24/25,2025,0,0.37675940309573724,0,0
524564,Can Degirmenci,24/25,2025,1,0.37675899615099356,0,1
392131,Simon Asta,24/25,2025,1,0.3765452692096609,0,1
698741,Marcus Ifill,24/25,2025,0,0.37628222805048456,0,0
42004,Deni Alar,24/25,2025,0,0.3762775336548793,0,0
648458,Emmanuel Sarpong,24/25,2025,0,0.3761756153730738,0,0
489343,Leo Oppermann,24/25,2025,0,0.3760758253612597,0,0
242882,Higinio Marín,24/25,2025,0,0.3759556046525742,0,0
689891,Romoney Crichlow,24/25,2025,1,0.37592439998120253,0,1
167393,James Husband,24/25,2025,0,0.3757854620632591,0,0
453016,Anthony Caci,24/25,2025,0,0.3757592365482075,0,0
288340,Phillip Tietz,24/25,2025,0,0.3757350742105655,0,0
721669,Dominik Földi,24/25,2025,0,0.37551662840236494,0,0
531783,Rob Atkinson,24/25,2025,0,0.37502486656307676,0,0
394123,Manuel Peretti,24/25,2025,0,0.3749561553052277,0,0
322077,Besard Šabović,24/25,2025,0,0.374956108137157,0,0
1018784,Adrian Svanbäck,24/25,2025,1,0.37493290227211606,0,1
535959,Duk,24/25,2025,0,0.3748151626363509,0,0
74229,Koke,24/25,2025,0,0.3747474944336647,0,0
229265,Luca Ferri,24/25,2025,0,0.3746433537771317,0,0
601819,Stefano Pennati,24/25,2025,0,0.3742628040091183,0,0
323403,Dimitar Velkovski,24/25,2025,0,0.374119714116522,0,0
440163,Miguel Mellado,24/25,2025,1,0.373827551239287,0,1
216179,Stefano Sensi,24/25,2025,1,0.37316834683090955,0,1
416088,Romain Correia,24/25,2025,0,0.3731522387093351,0,0
188180,Benjamin Verbic,24/25,2025,0,0.3731467574358534,0,0
81999,Joselu,24/25,2025,0,0.37298050891117485,0,0
1175183,Peterson Paul,24/25,2025,0,0.3729501247825365,0,0
174247,Luke McCullough,24/25,2025,0,0.3726581708335737,0,0
199704,Yunis Abdelhamid,24/25,2025,1,0.37262120058444076,0,1
654723,Bogdan Shubin,24/25,2025,0,0.37256923198862063,0,0
322754,Joe Crowe,24/25,2025,0,0.37243193753892745,0,0
323704,Malcom,24/25,2025,0,0.3723106003748313,0,0
159142,Aderllan Santos,24/25,2025,0,0.37217608848570133,0,0
311266,Rubén Díez,24/25,2025,0,0.3717120825185292,0,0
331963,Filip Panák,24/25,2025,0,0.37123415403234294,0,0
1157429,Gu Costa,24/25,2025,1,0.37117440639666155,0,1
903218,Gabriel Ramaj,24/25,2025,0,0.3707055124387283,0,0
1025800,Jonas Feddersen,24/25,2025,0,0.37053392348884595,0,0
251309,Dennis Geiger,24/25,2025,0,0.3704991615730982,0,0
159838,Yoann Barbet,24/25,2025,0,0.370493713246218,0,0
642967,Brayan Vera,24/25,2025,0,0.3703691116317873,0,0
638875,Varo Álvarez,24/25,2025,0,0.3698456913319755,0,0
620834,Joel Bichsel,24/25,2025,0,0.3697717691736171,0,0
204960,Ibou Touray,24/25,2025,1,0.3692265057792794,0,1
164489,Szymon Sobczak,24/25,2025,0,0.3691597591152696,0,0
418651,Yahia Fofana,24/25,2025,1,0.369129319870392,0,1
336928,Alessio Milillo,24/25,2025,0,0.36904442670010423,0,0
670860,James Beadle,24/25,2025,1,0.3690105592004158,0,1
653274,Martin Cocorocchio,24/25,2025,1,0.36900792861835074,0,1
303308,Cihan Kahraman,24/25,2025,0,0.3689176011003064,0,0
590203,Efthymios Pavlakis,24/25,2025,1,0.36874221513762717,0,1
336974,Makana Baku,24/25,2025,0,0.36873102557076026,0,0
1152976,Eric Porstner,24/25,2025,1,0.36861352662801744,0,1
390724,Manuel Ferrini,24/25,2025,0,0.36854474628891054,0,0
221316,Lucas Vázquez,24/25,2025,1,0.3685352231926835,0,1
796213,Nelson Weiper,24/25,2025,0,0.3684803527571129,0,0
427572,Zuriko Davitashvili,24/25,2025,0,0.3682796105882076,0,0
268742,Márton Lorentz,24/25,2025,1,0.3680306829065779,0,1
1268641,Alesandro Nikolov,24/25,2025,0,0.3679323453723173,0,0
292365,Paulo Henrique,24/25,2025,1,0.36764789988010765,0,1
167470,Mattia Maita,24/25,2025,1,0.36760330150445225,0,1
646189,Topi Keskinen,24/25,2025,0,0.36718409295320664,0,0
1165333,Yanis Senhadji,24/25,2025,0,0.3671403221772752,0,0
291286,Liam Walsh,24/25,2025,1,0.36692787125793386,0,1
256120,Wilfrid Kaptoum,24/25,2025,1,0.3668366978806968,0,1
185691,Konstantinos Triantafyllopoulos,24/25,2025,0,0.3667879339219337,0,0
325994,Rasmus Lauritsen,24/25,2025,0,0.36662465815970324,0,0
116088,Marius Bülter,24/25,2025,1,0.3664704505717365,0,1
675278,Eric Kahl,24/25,2025,0,0.36624008958086035,0,0
717244,Dimitar Ivanov,24/25,2025,0,0.3660017448913759,0,0
1025415,Martin Todorski,24/25,2025,0,0.36599927019484174,0,0
686977,Justin Seven,24/25,2025,0,0.3659770223909988,0,0
492489,Christian Vestergaard,24/25,2025,1,0.3659002974653693,0,1
195215,Thomas Gösweiner,24/25,2025,0,0.36588049277552304,0,0
464402,Dániel Karacs,24/25,2025,0,0.3658709521247019,0,0
715679,Lalo Aguilar,24/25,2025,0,0.36573550866965415,0,0
469892,Yair Castro,24/25,2025,1,0.36564902734060745,0,1
1021391,Emmanuel Poku,24/25,2025,0,0.3656131162968312,0,0
1099350,Dan Barton,24/25,2025,1,0.36553999802404324,0,1
303254,Fikayo Tomori,24/25,2025,0,0.3653292133890844,0,0
63821,Aron Gunnarsson,24/25,2025,0,0.3653171491806364,0,0
170962,Nicolas Saint-Ruf,24/25,2025,0,0.36529399757260156,0,0
395522,Samuel Essende,24/25,2025,0,0.36518954574787127,0,0
820807,Francesco Toniolo,24/25,2025,0,0.3651721351029811,0,0
1309985,Gonzalo Casas,24/25,2025,1,0.3646316674224821,0,1
51227,Dame Traoré,24/25,2025,0,0.364609786469613,0,0
184260,Anders Holvad,24/25,2025,0,0.36453541271863654,0,0
479999,Eberechi Eze,24/25,2025,1,0.3643545053055876,0,1
148215,Nicky Devlin,24/25,2025,0,0.36427634539382353,0,0
89034,Riccardo Brosco,24/25,2025,0,0.3642581828754423,0,0
540329,Tomas Frühwald,24/25,2025,0,0.3640756873041913,0,0
249046,Stefano Negro,24/25,2025,1,0.3639813652132924,0,1
847579,Isaac Heath,24/25,2025,1,0.36357478818018857,0,1
552955,Santiago Gimenez,24/25,2025,0,0.36317148782971564,0,0
354476,Diogo Tomas,24/25,2025,0,0.36311784111162526,0,0
296359,Félix Eboa Eboa,24/25,2025,0,0.3629892847485172,0,0
667049,Amer Mehić,24/25,2025,1,0.3629877156243539,0,1
228645,Wout Weghorst,24/25,2025,0,0.36296228813035636,0,0
567148,Harry Stone,24/25,2025,0,0.3629125842876947,0,0
284270,Moritz Nicolas,24/25,2025,0,0.36262647007045923,0,0
487846,Guillaume Renault,24/25,2025,0,0.3625959186907773,0,0
1112392,David Hoxha,24/25,2025,0,0.36249507612616416,0,0
928748,Áron Papp,24/25,2025,0,0.36248020513508733,0,0
177779,Janik Haberer,24/25,2025,0,0.3624115687453772,0,0
706933,Manuel Alagna,24/25,2025,0,0.36226028901548235,0,0
157543,Dimitrios Kourbelis,24/25,2025,0,0.36220163023500274,0,0
432090,Nicolò Fagioli,24/25,2025,1,0.3621020646964646,0,1
1059172,Ahmed Ouattara Kossonou,24/25,2025,0,0.3620870852057503,0,0
395714,Alex Rolfini,24/25,2025,1,0.3620270661903244,0,1
826795,Dariusz Stalmach,24/25,2025,0,0.3617962172604331,0,0
375790,Dávid Mészáros,24/25,2025,0,0.3616431652726788,0,0
476237,Steven Alzate,24/25,2025,1,0.36161718376070884,0,1
692128,Davide Ferri,24/25,2025,0,0.36148562122055755,0,0
680906,Mustapha Gbolahan Salami,24/25,2025,0,0.36127115876482285,0,0
125165,Jesús Corona,24/25,2025,0,0.3609719484017713,0,0
862733,Freddy Bomo,24/25,2025,1,0.3607720903308889,0,1
615180,Gaetano Vitale,24/25,2025,1,0.3607501002192594,0,1
598611,Jesús de Miguel,24/25,2025,1,0.3606306559737291,0,1
817999,Dawyn-Paul Donner,24/25,2025,0,0.36014331364255825,0,0
569140,Lassine Sinayoko,24/25,2025,0,0.3599957627994935,0,0
598153,Dimitrios Tsakmakis,24/25,2025,0,0.3599850439118513,0,0
1172592,Simão Silva,24/25,2025,0,0.3599475950230441,0,0
353403,Samuel Moutoussamy,24/25,2025,1,0.359946562104846,0,1
118022,Younès Belhanda,24/25,2025,0,0.35989744274500823,0,0
501131,Ali Youssef,24/25,2025,0,0.3598858644747575,0,0
1047043,Tjark Reinert,24/25,2025,0,0.35986216796963644,0,0
1134304,Joseph Liteta,24/25,2025,0,0.35980265018913715,0,0
49637,Shaun Whalley,24/25,2025,0,0.3597509362013197,0,0
158946,Erdoğan Yeşilyurt,24/25,2025,0,0.35962846488107236,0,0
171696,Marco Perrotta,24/25,2025,0,0.35961953191146584,0,0
815556,Antonio Gala,24/25,2025,1,0.35958926308822764,0,1
149516,Atınç Nukan,24/25,2025,0,0.3593963383353194,0,0
912447,Florian Dimmer,24/25,2025,0,0.3591810546928269,0,0
148812,Aurél Farkas,24/25,2025,0,0.3591727245258733,0,0
295761,Stefano Aiolfi,24/25,2025,0,0.3590675772660086,0,0
234068,Maximilian Pommer,24/25,2025,0,0.3587861008793431,0,0
83370,Stefano Scappini,24/25,2025,1,0.3585996957913271,0,1
530881,Oludare Olufunwa,24/25,2025,0,0.3584533137931441,0,0
242668,Paschalis Staikos,24/25,2025,1,0.3584202885926996,0,1
613192,Jens Castrop,24/25,2025,1,0.3584104474846419,0,1
134327,Fabio Benedetto,24/25,2025,0,0.35840579433802333,0,0
436176,Takuto Yasuoka,24/25,2025,0,0.3584023670558722,0,0
1001936,Paul Walters,24/25,2025,0,0.35820112035572066,0,0
357987,Leonardo Stanzani,24/25,2025,0,0.35811232705869767,0,0
741253,Javier Boñar,24/25,2025,0,0.358060981185464,0,0
656179,Gustav Højbjerg,24/25,2025,0,0.35795586918599376,0,0
225693,Fabinho,24/25,2025,0,0.3577262892834237,0,0
999365,Mattia Piermarini,24/25,2025,1,0.3576902857473153,0,1
396307,Danilo Quaranta,24/25,2025,1,0.3576855134365686,0,1
458780,Gianluca Mastromonaco,24/25,2025,0,0.3576680306416338,0,0
354133,Kevin Varas,24/25,2025,0,0.3570120586456652,0,0
625884,Julio Martínez,24/25,2025,0,0.3569729362247517,0,0
139393,Tomané,24/25,2025,1,0.35696206745473363,0,1
240157,Gianmarco Vannucchi,24/25,2025,1,0.3569274516446476,0,1
275956,Nader Ghandri,24/25,2025,0,0.3567289325232031,0,0
123551,Sam Morsy,24/25,2025,1,0.35670935191432473,0,1
348431,Cazim Suljic,24/25,2025,0,0.35661035038422517,0,0
401529,Dodô,24/25,2025,0,0.35660384069594897,0,0
93753,Calogero Rizzuto,24/25,2025,0,0.3565610764534113,0,0
645686,Lamare Bogarde,24/25,2025,0,0.3564093415625429,0,0
623100,Sam Snaith,24/25,2025,1,0.356332258709881,0,1
162272,Rhys Wilson,24/25,2025,0,0.3562043666014882,0,0
53200,Eli Sabiá,24/25,2025,1,0.3562028207467168,0,1
666563,Kelvin John,24/25,2025,0,0.3561994871733607,0,0
334371,Marcos Curado,24/25,2025,0,0.3561877076776753,0,0
433976,Tudor Băluță,24/25,2025,1,0.35608624768079306,0,1
740102,Mateja Djordjević,24/25,2025,1,0.355811996769967,0,1
144303,Lazar Markovic,24/25,2025,1,0.3558109403024162,0,1
92870,Emanuele Gatto,24/25,2025,1,0.35564829215274146,0,1
692608,Ben Engdahl,24/25,2025,0,0.3555327527532172,0,0
1065861,Ernesto Ballabile,24/25,2025,1,0.35527884715540475,0,1
1058353,Andrea Natali,24/25,2025,1,0.35509390203416297,0,1
406935,Terence Vancooten,24/25,2025,0,0.354959574741124,0,0
340323,Savvas Mourgos,24/25,2025,0,0.3546604641565135,0,0
51510,Ángel Rodríguez,24/25,2025,1,0.35457476860650416,0,1
179471,Curtis Good,24/25,2025,0,0.3542385947223326,0,0
408494,Lorenzo Zerbato,24/25,2025,0,0.3542280167847721,0,0
789045,Igor Milioransa,24/25,2025,0,0.35419810794047557,0,0
938412,Theofilos Kakadiaris,24/25,2025,0,0.35418648955981824,0,0
121532,Kostakis Artymatas,24/25,2025,0,0.35415099204874223,0,0
392966,Nadir Zortea,24/25,2025,1,0.354145612610031,0,1
609648,Petros Bagalianis,24/25,2025,0,0.3541171937242114,0,0
447221,Hamza Mendyl,24/25,2025,0,0.35402856036350117,0,0
31653,Tobias Sippel,24/25,2025,0,0.35389337635809465,0,0
490426,Krépin Diatta,24/25,2025,0,0.353870954208493,0,0
483640,Jan Koudelka,24/25,2025,0,0.35383353366926545,0,0
903414,Carlo Faedo,24/25,2025,0,0.3537161008505627,0,0
704338,Paolo Chierichetti,24/25,2025,0,0.35302624535398885,0,0
945500,Rayane Belaid,24/25,2025,0,0.35272972531625696,0,0
44698,Mário Camora,24/25,2025,0,0.35245168121381676,0,0
1230807,Máté Ecseri,24/25,2025,0,0.35242691310706914,0,0
324633,Abdulmajeed Al-Sulayhim,24/25,2025,1,0.3524149335722645,0,1
1223892,Koke Mota,24/25,2025,0,0.3522204830210879,0,0
61651,Jordan Henderson,24/25,2025,1,0.35210478693349184,0,1
250768,Ross White,24/25,2025,0,0.3520622919926649,0,0
660768,Max Thompson,24/25,2025,0,0.3518908682634435,0,0
213351,Christian Irobiso,24/25,2025,1,0.3517996486053291,0,1
216661,Alexandru Crețu,24/25,2025,1,0.351791553862823,0,1
258911,Mukhtar Ali,24/25,2025,0,0.3517363897060816,0,0
62112,Byron Webster,24/25,2025,0,0.3517331317968263,0,0
464186,Noah Lovisa,24/25,2025,1,0.3517140277758145,0,1
1170814,Mirko Personeni,24/25,2025,1,0.3516286656998655,0,1
293281,Jacob Bruun Larsen,24/25,2025,1,0.35144132954942164,0,1
986258,Siaka Bakayoko,24/25,2025,0,0.3513923975797333,0,0
1177810,Valdemar Møller,24/25,2025,0,0.3509933156290114,0,0
407491,Luka Gugeshashvili,24/25,2025,1,0.3508448242759302,0,1
295703,Ilya Rashchenya,24/25,2025,0,0.3508038431875055,0,0
659813,Piero Hincapié,24/25,2025,1,0.35059432802012647,0,1
49501,Elias Kachunga,24/25,2025,0,0.3505713446863927,0,0
1007809,Daniel Skaarud,24/25,2025,0,0.3503070641764593,0,0
320403,Mark Sykes,24/25,2025,0,0.35029910953730903,0,0
629588,Nathan Ngoumou,24/25,2025,0,0.3502310085676807,0,0
129592,Julien De Sart,24/25,2025,0,0.35016959219497545,0,0
118847,Dominik Kohr,24/25,2025,0,0.34994851209142214,0,0
192279,Kepa Arrizabalaga,24/25,2025,1,0.34982219440996665,0,1
131745,Nikolai Alho,24/25,2025,0,0.349809351674855,0,0
127076,Jérôme Roussillon,24/25,2025,1,0.34959501668896,0,1
201731,Lukas Wedl,24/25,2025,0,0.34950232833098077,0,0
904790,Mark Verkuijl,24/25,2025,0,0.3494112318627213,0,0
333856,Felix Schmiederer,24/25,2025,0,0.34917256720830653,0,0
193319,Luís Silva,24/25,2025,0,0.34908627535324266,0,0
354061,Lukas Malicsek,24/25,2025,0,0.3490402217981906,0,0
625647,Yago Cantero,24/25,2025,0,0.34900252088877637,0,0
705090,Luc Elsner,24/25,2025,0,0.34889347140136634,0,0
1046875,Wojciech Jakubik,24/25,2025,0,0.3488693968951823,0,0
203654,Tozé,24/25,2025,0,0.3488300839408932,0,0
948933,Jacob MacIntyre,24/25,2025,1,0.34874912215154846,0,1
126321,Carl Jenkinson,24/25,2025,0,0.348727398207354,0,0
273945,Miroslav Bogosavac,24/25,2025,0,0.3487178813579787,0,0
1158985,Gerónimo Spina,24/25,2025,0,0.3486864371848865,0,0
898127,Fedor Lapoukhov,24/25,2025,0,0.3486374448671392,0,0
346073,Justin Bretgeld,24/25,2025,0,0.34860325558608485,0,0
347885,Fabio Morselli,24/25,2025,0,0.34852085325000054,0,0
308989,Sergio González,24/25,2025,1,0.34851928681209915,0,1
742411,Eddy Lanzi,24/25,2025,1,0.3484551003642038,0,1
218431,Amir Abedzadeh,24/25,2025,0,0.3483203777736161,0,0
1104610,Nikita Neskoromnyi,24/25,2025,0,0.34826811153417137,0,0
689090,Davide Lamesta,24/25,2025,0,0.3479080679323073,0,0
259183,Serhat Koruk,24/25,2025,0,0.3476933064394086,0,0
920308,Elison Makolli,24/25,2025,0,0.347609889115401,0,0
807318,Ryan Finnigan,24/25,2025,1,0.34760268749017226,0,1
140776,Yannick Carrasco,24/25,2025,0,0.3475451247099614,0,0
196785,Emanuel Taffertshofer,24/25,2025,1,0.3475367835929462,0,1
110928,Lorenzo Crisetig,24/25,2025,0,0.347510136895348,0,0
877215,David Toure,24/25,2025,1,0.3474862735080774,0,1
741871,Justin Gröger,24/25,2025,0,0.3474148648944138,0,0
918149,Kassim Hadji,24/25,2025,0,0.347360871848441,0,0
940750,Hugo Buyla,24/25,2025,0,0.34699972483720204,0,0
538964,Thijs Dallinga,24/25,2025,0,0.3469887919805262,0,0
924447,Tunde Akinsola,24/25,2025,0,0.3469588668937225,0,0
992569,Massimo Pessina,24/25,2025,0,0.346839667591962,0,0
565168,Aleksandr Mikhalenko,24/25,2025,0,0.3467216164142414,0,0
129554,Steven Berghuis,24/25,2025,0,0.34661568526909675,0,0
526026,Felix Holzhacker,24/25,2025,0,0.3465530220346359,0,0
633463,Adam Randell,24/25,2025,1,0.34654325639002315,0,1
1182963,Matteo Enza,24/25,2025,1,0.3464405066719837,0,1
514370,Jubril Okedina,24/25,2025,1,0.34639533080551155,0,1
619884,Emil Engqvist,24/25,2025,0,0.34597436411968646,0,0
921431,Adam Kölle,24/25,2025,0,0.3458846816653295,0,0
315289,Myrto Uzuni,24/25,2025,0,0.3457793490393306,0,0
813856,Bence Ominger,24/25,2025,0,0.34568620886395873,0,0
171424,Riyad Mahrez,24/25,2025,0,0.3455000477324406,0,0
110036,Dominique Heintz,24/25,2025,0,0.3454171214774729,0,0
637273,Mohammed Kamara,24/25,2025,0,0.3453805860866598,0,0
341570,Guillermo Vallejo,24/25,2025,0,0.3452600254523882,0,0
395291,Patrick Kurzen,24/25,2025,1,0.34521607347717714,0,1
1285737,Nicolò Lazzaro,24/25,2025,1,0.34510373972610664,0,1
343388,Norbert Benkő-Bíró,24/25,2025,0,0.3449955741914487,0,0
585700,Juan Cruz,24/25,2025,0,0.34483332419156726,0,0
428563,Lewis Ferguson,24/25,2025,0,0.3448113262039736,0,0
392569,Gabriele Zappa,24/25,2025,0,0.34452354635597987,0,0
1011936,Kaye Furo,24/25,2025,1,0.34446494599204874,0,1
505673,Víctor Mollejo,24/25,2025,1,0.34423338292960554,0,1
924030,Lucas Beetz,24/25,2025,0,0.344040194988735,0,0
717900,Tommaso Guercio,24/25,2025,0,0.34380422333544325,0,0
638631,Elijah Krahn,24/25,2025,0,0.3437459590506987,0,0
495033,Nathan Bishop,24/25,2025,1,0.3437448910588886,0,1
891092,Pablo Rojo,24/25,2025,0,0.3435411068845588,0,0
121337,Patrick McEleney,24/25,2025,0,0.3434723408469634,0,0
930021,Justin Faltyn,24/25,2025,0,0.3434172941895196,0,0
724031,Angelos Angelopoulos,24/25,2025,0,0.34339137382447643,0,0
685657,Silas Andersen,24/25,2025,0,0.3433363873542702,0,0
76158,Alexander Meyer,24/25,2025,0,0.34333286689512504,0,0
467537,Callum Roberts,24/25,2025,1,0.34320310626678713,0,1
1121304,Emmanuel Gono,24/25,2025,0,0.34320261539638314,0,0
204198,Romain Saïss,24/25,2025,0,0.34311366469777477,0,0
169681,Frederico Venâncio,24/25,2025,0,0.34298991037074944,0,0
459127,Andrea Invernizzi,24/25,2025,0,0.34287127177780996,0,0
626474,Rubin Colwill,24/25,2025,0,0.342824262654442,0,0
324321,Bernard Mensah,24/25,2025,1,0.34275073104840603,0,1
191903,Ferjani Sassi,24/25,2025,0,0.34268366158213764,0,0
658874,Seung-bin Kim,24/25,2025,0,0.34215128145574164,0,0
282422,Mumo Muñoz,24/25,2025,0,0.34212343997821026,0,0
384060,Tino Kadewere,24/25,2025,1,0.3419286224103614,0,1
1116190,Daniel Richter,24/25,2025,1,0.3418996932120101,0,1
1151753,Ádám Szamosi,24/25,2025,0,0.3415138245759432,0,0
961985,Borja Calvo,24/25,2025,1,0.34145048585790017,0,1
628712,Simeon Chatov,24/25,2025,0,0.3410935037620807,0,0
502475,Samuele Vitale,24/25,2025,1,0.34104154883358473,0,1
1281876,Yulian Iliev,24/25,2025,0,0.34077574423939466,0,0
392281,Matteo Di Giovanni,24/25,2025,0,0.34074868709943873,0,0
1081530,Pharell Kegni,24/25,2025,0,0.3407461708513425,0,0
374081,Aitor Buñuel,24/25,2025,1,0.340630328720134,0,1
77809,Julian Korb,24/25,2025,0,0.34056338529474856,0,0
768911,Ivan Sanko,24/25,2025,0,0.34054326213829433,0,0
129558,Sam Walker,24/25,2025,0,0.3397839819177703,0,0
704191,Andrea Cecchetto,24/25,2025,0,0.3396769712578308,0,0
924114,Dustin Forkel,24/25,2025,1,0.33901257271259866,0,1
111073,Ryan Allsop,24/25,2025,0,0.33891023772611983,0,0
95673,Tom van Weert,24/25,2025,0,0.33879713028819053,0,0
381963,Mike Tresor,24/25,2025,0,0.3387653076991935,0,0
678546,Mexx Meerdink,24/25,2025,0,0.33866466668568534,0,0
668951,Matías Soulé,24/25,2025,0,0.3386227449989412,0,0
538389,Denis Sadovskiy,24/25,2025,1,0.3385370065614748,0,1
441383,Alex Petkov,24/25,2025,1,0.3383841622987297,0,1
425733,Nikola Stevanovic,24/25,2025,1,0.33833607026512474,0,1
955193,Petr Zika,24/25,2025,0,0.3383259293820582,0,0
471582,Zaydou Youssouf,24/25,2025,0,0.33832187577373696,0,0
948735,Mattia Rizzo,24/25,2025,1,0.33831942611795435,0,1
484160,Alex Sposito,24/25,2025,1,0.33828534426225515,0,1
51349,Mikkel Rygaard,24/25,2025,0,0.33815285541832446,0,0
315254,Mees de Wit,24/25,2025,0,0.3380893994026012,0,0
895937,Marco Palestra,24/25,2025,1,0.3380868564088753,0,1
463798,Alessandro Coppola,24/25,2025,1,0.33790743563313685,0,1
297583,Woo-yeong Jeong,24/25,2025,1,0.3378999290650468,0,1
1185914,Roberto Sandu,24/25,2025,0,0.3376782435525473,0,0
145070,Ovays Azizi,24/25,2025,1,0.3376134667423509,0,1
715083,Andrej Stojcevski,24/25,2025,1,0.33748536903674603,0,1
298743,Stanisa Mandic,24/25,2025,0,0.3371388576750742,0,0
717411,Yegor Yarmolyuk,24/25,2025,0,0.3370908300960356,0,0
161251,Jorge Casado,24/25,2025,0,0.3369151598814231,0,0
1049862,Samuele Capolupo,24/25,2025,0,0.33686233285507955,0,0
592387,Sebastian Sebulonsen,24/25,2025,1,0.3367292065295993,0,1
1153628,Yannik Wagner,24/25,2025,0,0.3365576932204041,0,0
168989,Silvan Widmer,24/25,2025,0,0.3365435804774337,0,0
745611,Joshua Uwakhonye,24/25,2025,0,0.3364974776470143,0,0
381524,Jaume Pol,24/25,2025,0,0.33645153697561325,0,0
599074,Kristiyan Peshov,24/25,2025,1,0.3362431385777471,0,1
323754,Wilhelm Nilsson,24/25,2025,0,0.3360028527065834,0,0
158795,David Timor,24/25,2025,1,0.33574696169185314,0,1
459452,Riccardo Ladinetti,24/25,2025,0,0.3357442477914205,0,0
1067168,Harry Howell,24/25,2025,0,0.3357211395122055,0,0
136109,Alexei Koselev,24/25,2025,0,0.33560113793040747,0,0
433168,Nathanael Ogbeta,24/25,2025,1,0.3355367917015204,0,1
385614,Andrzej Trubeha,24/25,2025,0,0.33544825787870874,0,0
169687,Nikolaos Papadopoulos,24/25,2025,0,0.33537921462809633,0,0
269093,Manfred Fischer,24/25,2025,0,0.33534304986933866,0,0
772349,Fabian Feiner,24/25,2025,0,0.33531473708406123,0,0
135492,Youssouf Sabaly,24/25,2025,1,0.3353124509170477,0,1
796298,Calum Scanlon,24/25,2025,0,0.3353067698957085,0,0
469781,Marcos Senesi,24/25,2025,0,0.33510296209978396,0,0
210178,Pablo Marí,24/25,2025,0,0.3349310324747586,0,0
929871,Matteo Plaia,24/25,2025,1,0.3349105500111448,0,1
344001,Kelland Absalom,24/25,2025,0,0.33484816466399603,0,0
383042,Gemelson Vieira,24/25,2025,0,0.33482772189247445,0,0
240342,Lorenzo Filippini,24/25,2025,1,0.3344056943808204,0,1
950400,Ahmad Faqa,24/25,2025,0,0.33439345231471695,0,0
335245,Marc Navarro,24/25,2025,0,0.33421312928340297,0,0
384664,Maciej Wolski,24/25,2025,0,0.3341464883788753,0,0
38340,Ivelin Popov,24/25,2025,1,0.33413700030573085,0,1
143039,Damjan Djokovic,24/25,2025,0,0.3339714036314993,0,0
466820,Xhonatan Lajthia,24/25,2025,0,0.3339239548055854,0,0
291653,Josef Weberbauer,24/25,2025,0,0.33388782577432696,0,0
62351,Abdoulaye Bamba,24/25,2025,0,0.3338121772201102,0,0
507479,Darian Males,24/25,2025,0,0.33368742548535085,0,0
805287,Blaise Tsague,24/25,2025,0,0.3333954995010035,0,0
467437,Malik Tillman,24/25,2025,1,0.33334931777198507,0,1
455600,Corey Whitely,24/25,2025,0,0.33331281929314077,0,0
567497,Filipe Relvas,24/25,2025,1,0.33329331950293856,0,1
420807,Simranjit Thandi,24/25,2025,1,0.3332929375845904,0,1
284165,Steven Bergwijn,24/25,2025,0,0.33318052340353693,0,0
343945,Niccolò Zanellato,24/25,2025,0,0.3331256850383092,0,0
392719,Ben Meyer,24/25,2025,1,0.3330299484513541,0,1
878416,Michalis Voriazidis,24/25,2025,1,0.33289212668078016,0,1
457420,Matteo Figoli,24/25,2025,0,0.3328066573675377,0,0
932479,Jakob Sieve,24/25,2025,0,0.33264310092003746,0,0
897423,David Odogu,24/25,2025,1,0.3323716835870157,0,1
345758,Jamie Barjonas,24/25,2025,1,0.3322809029540469,0,1
665582,David Seger,24/25,2025,1,0.33223396539985334,0,1
267497,Kristi Qose,24/25,2025,0,0.3319643453558526,0,0
337812,Julijan Popović,24/25,2025,1,0.3318154105089471,0,1
990637,Zachary Athekame,24/25,2025,1,0.33173715033209833,0,1
162819,Rafa Lopes,24/25,2025,0,0.33164200072780753,0,0
604796,Carlitos,24/25,2025,0,0.33156384474723904,0,0
417972,Kei Hirose,24/25,2025,0,0.3312796114840756,0,0
584490,Giannis Tsivelekidis,24/25,2025,1,0.33124802809633186,0,1
225676,Adam Lundkvist,24/25,2025,0,0.33109814339618154,0,0
1056655,Rubén Quintanilla,24/25,2025,1,0.33107563699677484,0,1
255838,Patrick Ciurria,24/25,2025,0,0.33103190294884993,0,0
607854,Éderson,24/25,2025,0,0.33077603628640184,0,0
726697,Cristian Devenish,24/25,2025,0,0.33070151898656586,0,0
793243,Tim Hartzell,24/25,2025,0,0.33057809559795376,0,0
315984,Michael Kelly,24/25,2025,0,0.3305665323405032,0,0
863831,Lamarana Jallow,24/25,2025,0,0.3305231553875152,0,0
197830,Josh Sheehan,24/25,2025,0,0.33047700588881956,0,0
632912,Salah Zakaria,24/25,2025,0,0.3302471183940746,0,0
236997,Tiago Silva,24/25,2025,1,0.3301974262740092,0,1
238639,Steve Mounié,24/25,2025,1,0.330024449776138,0,1
535670,Colm Whelan,24/25,2025,0,0.3299859803166231,0,0
404995,Davide Diaw,24/25,2025,0,0.3298953290405045,0,0
1183953,Luca Gobbo,24/25,2025,0,0.3298619506339732,0,0
52377,Adrian Cieslewicz,24/25,2025,0,0.32969564962562364,0,0
720932,Egor Parkhomenko,24/25,2025,1,0.3293193237423483,0,1
182722,Bruno Varela,24/25,2025,1,0.3292094033634052,0,1
225452,Patrick Roberts,24/25,2025,1,0.3290871146546512,0,1
281900,Paolo Bartolomei,24/25,2025,0,0.3289132602206459,0,0
222813,Marko Grujić,24/25,2025,1,0.32869971512659685,0,1
616638,Alassane Sidibe,24/25,2025,0,0.3286461499880193,0,0
178469,Michael Krmencik,24/25,2025,0,0.3285907501278824,0,0
263482,Michael Olunga,24/25,2025,1,0.32854007989293915,0,1
425239,Alessandro Capelli,24/25,2025,0,0.3285379290425682,0,0
293614,Nikolay Minkov,24/25,2025,0,0.32835165017919044,0,0
1059344,Lukas Mikulaj,24/25,2025,0,0.32833934600473297,0,0
367405,Andreas Heimer,24/25,2025,0,0.32828543025172185,0,0
453678,James Gibbons,24/25,2025,0,0.32808657771262234,0,0
798040,Niklas Tepe,24/25,2025,0,0.3280471000545098,0,0
496650,George Ratcliffe,24/25,2025,1,0.3279871146731333,0,1
525385,Tobias Dombrowa,24/25,2025,0,0.32784217914797165,0,0
1100501,Bozhidar Petrov,24/25,2025,0,0.3277623993369079,0,0
1048080,Federico Simonetto,24/25,2025,0,0.32771954075741966,0,0
512127,Fabrício Isidoro,24/25,2025,1,0.3276207665833138,0,1
330210,Dawid Gojny,24/25,2025,0,0.3272289998034358,0,0
406040,Ademola Lookman,24/25,2025,0,0.3271776028400339,0,0
1015875,Tómas Johannessen,24/25,2025,1,0.3270480017088499,0,1
197602,Rúben Semedo,24/25,2025,1,0.32700929742398704,0,1
826528,Federico Gomes Gerth,24/25,2025,1,0.3269593078350834,0,1
220848,Yannick Gomis,24/25,2025,0,0.32693834413126593,0,0
366213,Miłosz Mleczko,24/25,2025,0,0.3268336865507021,0,0
1102496,Aleksandr Shvedchikov,24/25,2025,1,0.3268200092570229,0,1
464535,Zisis Chatzistravos,24/25,2025,1,0.32628735999980724,0,1
548032,Sandali Condé,24/25,2025,0,0.3262607203435911,0,0
357164,Rafael Leão,24/25,2025,0,0.32617685258345175,0,0
456898,Vladan Danilović,24/25,2025,0,0.32614384349674697,0,0
472249,Jan Thielmann,24/25,2025,0,0.3260376924806792,0,0
198768,Heini Vatnsdal,24/25,2025,0,0.3259978159598062,0,0
371686,Carlens Arcus,24/25,2025,0,0.32598233504552243,0,0
576024,Julián Alvarez,24/25,2025,0,0.3258222904352011,0,0
624942,Raúl Moro,24/25,2025,1,0.32575541113841494,0,1
1268640,Petko Panayotov,24/25,2025,0,0.32546659902800257,0,0
441170,Valentin Rosier,24/25,2025,1,0.32544156956492565,0,1
1069757,Jasper Payne,24/25,2025,1,0.325340832626226,0,1
357156,Diogo Leite,24/25,2025,0,0.3252196435474404,0,0
368482,Riccardo Orsolini,24/25,2025,0,0.32508709716225914,0,0
687383,Iwan Lewis,24/25,2025,1,0.3249508102776642,0,1
51152,Aleksandar Mitrović,24/25,2025,1,0.32488382573921865,0,1
315779,Christian Pulisic,24/25,2025,0,0.3248309679374467,0,0
118997,Aitor Fernández,24/25,2025,0,0.32480783644056443,0,0
884820,Almugera Kabar,24/25,2025,0,0.324797882788748,0,0
271335,Fabiano,24/25,2025,0,0.3247934963504531,0,0
961297,Rodrigo Mendoza,24/25,2025,0,0.32440468930088084,0,0
342209,Kévin N'Doram,24/25,2025,0,0.32421074743614364,0,0
157539,Konstantinos Fortounis,24/25,2025,0,0.32418419734165854,0,0
160525,Antoni Sarcevic,24/25,2025,0,0.3240963904221764,0,0
568503,Manuel Holzmann,24/25,2025,0,0.3239197830539873,0,0
137745,Marçal,24/25,2025,0,0.3237841414661439,0,0
945496,Simo Keddari,24/25,2025,0,0.3236758429603352,0,0
531413,Ale Meléndez,24/25,2025,0,0.3235884313984988,0,0
597804,Jonas Kersken,24/25,2025,0,0.32341671701145,0,0
598571,Yusuf Örnek,24/25,2025,1,0.32337827732555774,0,1
123579,Torben Rehfeldt,24/25,2025,1,0.32323408699563744,0,1
693413,David Idowu,24/25,2025,0,0.32323094647150524,0,0
494586,Mickaël Nadé,24/25,2025,0,0.3231649047923605,0,0
498048,Julián Guevara,24/25,2025,0,0.32306490554501355,0,0
668267,Marcos Leonardo,24/25,2025,0,0.32282501634918026,0,0
649053,Ashley Charles,24/25,2025,0,0.3227952372953463,0,0
726668,Tadeas Hajovsky,24/25,2025,0,0.32259422569907736,0,0
90317,Daniel Batz,24/25,2025,0,0.3225841999774734,0,0
942065,Julian Oerip,24/25,2025,0,0.3223648955031558,0,0
379249,Matheus Reis,24/25,2025,0,0.3221217364716899,0,0
583058,Alvyn Sanches,24/25,2025,1,0.32198213480405474,0,1
527813,Robin Bird,24/25,2025,0,0.3218089775953038,0,0
350532,Jakub Westendorf,24/25,2025,0,0.32161417987561586,0,0
319723,Tornike Gaprindashvili,24/25,2025,0,0.3215927696978041,0,0
456331,Sion Bradley,24/25,2025,1,0.3215804459237011,0,1
460625,Konstantinos Balogiannis,24/25,2025,0,0.3214394766858737,0,0
106270,Florian Kainz,24/25,2025,0,0.32136720719967554,0,0
904707,Yannis Nahounou,24/25,2025,1,0.3212259951154478,0,1
160630,Alessandro Ligi,24/25,2025,0,0.32107060397669035,0,0
404688,Waldo Rubio,24/25,2025,1,0.32101758873703723,0,1
341481,Lorenzo Libutti,24/25,2025,0,0.3209615983269701,0,0
392048,Erald Lakti,24/25,2025,0,0.3209290290116818,0,0
187384,Cristian Buonaiuto,24/25,2025,0,0.3207353635578129,0,0
409533,Nick Shinton,24/25,2025,0,0.32019251963475404,0,0
1077242,Aodhan Doherty,24/25,2025,0,0.3201472160395129,0,0
860658,Holger Bux,24/25,2025,0,0.3200827061544331,0,0
484992,Aïmen Moueffek,24/25,2025,0,0.3197386997777271,0,0
1100752,Vasil Kaymakanov,24/25,2025,0,0.3196995439915745,0,0
59032,Aleksandar Dragovic,24/25,2025,0,0.3192974643592158,0,0
469976,Christopher Operi,24/25,2025,0,0.3189707069278369,0,0
215864,Mijat Gacinovic,24/25,2025,0,0.31890162388219556,0,0
250028,Ivan Ljubic,24/25,2025,1,0.31870465961024996,0,1
143559,Matija Nastasić,24/25,2025,1,0.3186558218100681,0,1
1040792,Muhammad Huzaifa,24/25,2025,0,0.31852319057576045,0,0
689358,János Takács,24/25,2025,1,0.31839941116931336,0,1
282821,Corey Blackett-Taylor,24/25,2025,0,0.3181865680895352,0,0
191895,Rafał Kurzawa,24/25,2025,1,0.31814942641099486,0,1
964471,Andrea Torriani,24/25,2025,0,0.31772636175357927,0,0
353147,Dennis Adeniran,24/25,2025,1,0.31764262978443975,0,1
223197,Marius Lode,24/25,2025,0,0.3175469086247531,0,0
1056227,Leonard Muca,24/25,2025,1,0.31730385736807315,0,1
603471,Danilo Spoljaric,24/25,2025,0,0.3172538541304938,0,0
395516,Moussa Diaby,24/25,2025,0,0.31714449007868567,0,0
205054,Norbert Gyömbér,24/25,2025,0,0.31713220357340843,0,0
147993,Florin Bejan,24/25,2025,0,0.3170240172602351,0,0
237846,Edmílson Junior,24/25,2025,0,0.316299483636788,0,0
480955,Miguel Atienza,24/25,2025,0,0.31611170185316817,0,0
345778,Rilind Neziri,24/25,2025,0,0.3160184869369868,0,0
1115586,Vaclav Zahradnicek,24/25,2025,0,0.3159366121722082,0,0
1009658,Julio Soler,24/25,2025,0,0.31588195649707795,0,0
340032,Christophe Nduwarugira,24/25,2025,0,0.3158183224019027,0,0
111811,Florent Hanin,24/25,2025,0,0.3156206862115075,0,0
536826,Nacho Quintana,24/25,2025,0,0.3154095751634332,0,0
998101,Alex Tóth,24/25,2025,0,0.31533977598626717,0,0
1259900,Eyyüb Yasar,24/25,2025,0,0.315231709722185,0,0
544895,Paulinho Bóia,24/25,2025,0,0.31515492561503333,0,0
170903,Steeve Yago,24/25,2025,0,0.31509389736473276,0,0
609887,Alex Robertson,24/25,2025,0,0.31497228222960627,0,0
289847,Aris Vaporakis,24/25,2025,0,0.3148567555928061,0,0
235052,Abderrazak Hamdallah,24/25,2025,1,0.314681296517931,0,1
930772,Corey Hurford,24/25,2025,0,0.31443832077589884,0,0
959193,Dagoberto Espinoza,24/25,2025,0,0.3143014584441476,0,0
154396,Danilo Soares,24/25,2025,0,0.31422257695423217,0,0
666234,Mohamed Simakan,24/25,2025,1,0.31420927507419755,0,1
346309,Morgan Faßbender,24/25,2025,0,0.31416692333880153,0,0
897853,Petar Marinov,24/25,2025,0,0.3138750986952907,0,0
537375,Simo Bouzaidi,24/25,2025,1,0.3136550387921325,0,1
1143676,Luca Messori,24/25,2025,0,0.31361499225343603,0,0
289846,Ashley Fletcher,24/25,2025,0,0.31358617937032063,0,0
283214,Mathias Kristensen,24/25,2025,0,0.3133423109982385,0,0
854697,Georgi Karakashev,24/25,2025,1,0.31331316465686615,0,1
200512,Sadio Mané,24/25,2025,0,0.3132317539595261,0,0
199248,Bryan Cristante,24/25,2025,0,0.31306859393065634,0,0
314362,Hayden Coulson,24/25,2025,0,0.31296717870284047,0,0
404383,Pedro Marques,24/25,2025,0,0.3126428261949683,0,0
696346,Jay Stansfield,24/25,2025,0,0.31257100468931537,0,0
724104,Fabio Chiarodia,24/25,2025,0,0.31250878290596035,0,0
214247,Sebastián Gorga,24/25,2025,1,0.3124171968259717,0,1
990883,Nick Cherny,24/25,2025,0,0.31235298312934484,0,0
402114,Alessio Di Massimo,24/25,2025,0,0.3122760796020888,0,0
459643,Precious Amayah,24/25,2025,0,0.31221175688584984,0,0
408247,Daniele Ciappellano,24/25,2025,0,0.31211984683006266,0,0
748804,Mika Godts,24/25,2025,0,0.3120576330877234,0,0
197898,Edoardo Lancini,24/25,2025,1,0.311998405554928,0,1
236981,Timo Hübers,24/25,2025,0,0.31198725171089525,0,0
1279569,Ivan Tolkachev,24/25,2025,0,0.3119606883088697,0,0
90044,Kristinn Steindórsson,24/25,2025,0,0.31188660451470696,0,0
230457,Bruno Gaspar,24/25,2025,1,0.31186505433796896,0,1
659649,Federico Casolari,24/25,2025,0,0.3118588460831556,0,0
927269,Teodor Ivanov,24/25,2025,1,0.3118122598374491,0,1
744478,Dominik Pestic,24/25,2025,1,0.3117161096819926,0,1
247355,Borja Díaz,24/25,2025,0,0.3112911218009395,0,0
636360,Javi Moreno,24/25,2025,0,0.31113211415169534,0,0
363720,Kai Westerhoff,24/25,2025,0,0.3111122787714899,0,0
565821,Mika Biereth,24/25,2025,0,0.3110713794777459,0,0
507115,Lachlan Brook,24/25,2025,1,0.3109484573185772,0,1
386792,Stefan Korsch,24/25,2025,0,0.3108774730608939,0,0
485545,As Ibrahima Diakité,24/25,2025,0,0.3108406992488953,0,0
268113,Sean Klaiber,24/25,2025,0,0.3106971460234983,0,0
567931,Jan-Luca Warm,24/25,2025,0,0.31059263977088597,0,0
798576,Lorenzo Monteleone,24/25,2025,0,0.3103048382688669,0,0
856532,Kai McLean,24/25,2025,0,0.31004891267953527,0,0
62750,Giacomo Rosaia,24/25,2025,0,0.3100329260487863,0,0
528451,Tobias Bech,24/25,2025,0,0.30990255058912647,0,0
213510,Jota,24/25,2025,0,0.309877387721967,0,0
1065454,Unai Santos,24/25,2025,0,0.30986163309779546,0,0
800953,Elisio Widmann,24/25,2025,0,0.309562029998221,0,0
416380,Ragnar Ache,24/25,2025,1,0.3095121427087754,0,1
602854,Dmitriy Krivosheev,24/25,2025,0,0.3093871275119464,0,0
34296,Athanasios Papageorgiou,24/25,2025,0,0.3093772453743675,0,0
299471,Ryan Johnson,24/25,2025,0,0.30930802113035505,0,0
237679,Tobias Schättin,24/25,2025,1,0.3089740321168635,0,1
696893,Richard Taylor,24/25,2025,1,0.3086971387338935,0,1
147697,Vinícius,24/25,2025,0,0.30869263841699407,0,0
1103652,Marius Louër,24/25,2025,0,0.30854301176637006,0,0
255361,Nikita Kaplenko,24/25,2025,1,0.30836717225028687,0,1
262365,Antonio Puertas,24/25,2025,1,0.30777453100141966,0,1
393904,Filippo Delli Carri,24/25,2025,1,0.30762658461117415,0,1
203125,Gregory Wüthrich,24/25,2025,1,0.307609239065144,0,1
504530,Pier Luigi Simonetti,24/25,2025,0,0.30735137031163834,0,0
795523,Enes Yılmaz,24/25,2025,1,0.3072979551936267,0,1
314241,Josh Laurent,24/25,2025,0,0.30726220324206516,0,0
193724,Vito Hammershöy-Mistrati,24/25,2025,0,0.30716867384862284,0,0
396328,Luis Perea,24/25,2025,1,0.30703366601512516,0,1
284058,Kai Brünker,24/25,2025,0,0.3070208343435934,0,0
236467,Till Schumacher,24/25,2025,0,0.30699263115135966,0,0
719646,Bernardo,24/25,2025,0,0.30663172450205844,0,0
278690,Michał Marcjanik,24/25,2025,0,0.3065183398326007,0,0
846848,Dixon Kabongo,24/25,2025,0,0.306515802149869,0,0
94295,Jonas Thorsen,24/25,2025,0,0.3065147336406198,0,0
244927,Accursio Bentivegna,24/25,2025,1,0.3063270216775853,0,1
187496,Maurice Multhaup,24/25,2025,0,0.30609451353395667,0,0
708193,Rok Bržan,24/25,2025,1,0.3059923639739316,0,1
695644,Jean Hugonet,24/25,2025,0,0.3059072512103368,0,0
142990,Stefano Scognamillo,24/25,2025,1,0.30588613454664076,0,1
370683,Andreas Hanche-Olsen,24/25,2025,0,0.30582791528582415,0,0
78818,Dario Dumic,24/25,2025,0,0.3056664181562567,0,0
820375,David Rodríguez,24/25,2025,0,0.3052827098934892,0,0
559327,Youri Baas,24/25,2025,0,0.30516267818226694,0,0
213854,Cedric Gondo,24/25,2025,0,0.30468708305860676,0,0
114060,Enric Gallego,24/25,2025,0,0.30459260174560293,0,0
237607,Fabio Maiolo,24/25,2025,0,0.3039149579844943,0,0
244940,Salih Özcan,24/25,2025,0,0.3035892481010547,0,0
225161,Rúben Neves,24/25,2025,0,0.3035112528676382,0,0
606570,Sergio Guerrero,24/25,2025,1,0.3034655238802488,0,1
929257,Joonas Frenzel,24/25,2025,0,0.303374517195027,0,0
945498,Elías Benali,24/25,2025,0,0.3033366692417401,0,0
271646,Karim Loukili,24/25,2025,0,0.3031130256180267,0,0
275020,Héber Pena,24/25,2025,1,0.3029174251248923,0,1
192073,Rubén Bover,24/25,2025,0,0.3028094156046434,0,0
399434,Marcus Tavernier,24/25,2025,0,0.3026530665511112,0,0
400485,Adam Ounas,24/25,2025,1,0.30244666333688636,0,1
875153,Klevis Kasa,24/25,2025,0,0.3024000649024021,0,0
690147,Felix Paschke,24/25,2025,0,0.30231221280062903,0,0
1209287,Jano Monserrate,24/25,2025,0,0.3022137614028609,0,0
465818,Brian Rodríguez,24/25,2025,0,0.3021683986574753,0,0
237356,Michal Rzuchowski,24/25,2025,0,0.30212899196211773,0,0
622031,Tommaso De Nipoti,24/25,2025,1,0.30210549595636915,0,1
510229,Jordi Cano,24/25,2025,0,0.30206028396282547,0,0
1061825,Mattia Esposito,24/25,2025,1,0.30200519820693905,0,1
654918,Matteo Dams,24/25,2025,0,0.3020035422276144,0,0
352223,Israel Suero,24/25,2025,0,0.3019790643235265,0,0
338855,Matija Horvat,24/25,2025,0,0.301753888674685,0,0
355501,Amadou Diawara,24/25,2025,1,0.3017257007985617,0,1
148355,Jens Jönsson,24/25,2025,0,0.3014629993186865,0,0
106872,Kevin Stöger,24/25,2025,0,0.3014622490525181,0,0
808224,Andres Sfait,24/25,2025,0,0.3012866369759839,0,0
682719,Simão Rocha,24/25,2025,0,0.3012292254628906,0,0
60445,Jonathan dos Santos,24/25,2025,0,0.3009567300730569,0,0
657962,Leonard Bredol,24/25,2025,0,0.30078146119185817,0,0
270051,Andrei Girotto,24/25,2025,0,0.30071687392003754,0,0
88701,Filippo Perucchini,24/25,2025,1,0.30065895063056575,0,1
329324,Johannes Dörfler,24/25,2025,0,0.30060680208147117,0,0
927768,Lucas Pires,24/25,2025,0,0.30053286594466566,0,0
1241188,Laurenz Pölking,24/25,2025,0,0.30035860748066023,0,0
818252,Pedro Malheiro,24/25,2025,1,0.30024338719242866,0,1
60916,Ryan Dow,24/25,2025,0,0.29991603321873916,0,0
293569,Josh Brownhill,24/25,2025,1,0.2998013301516921,0,1
265289,Alberto Jiménez,24/25,2025,0,0.2997728606641539,0,0
206927,Jakub Habusta,24/25,2025,0,0.2997307510996352,0,0
608165,Ben Dempsey,24/25,2025,0,0.29970708243667243,0,0
347958,Gaétan Weissbeck,24/25,2025,0,0.2994446324738075,0,0
341227,Juan Miranda,24/25,2025,0,0.29910021980967294,0,0
650256,Paolo Vismara,24/25,2025,0,0.29876008138432697,0,0
339751,Pavel Zabelin,24/25,2025,1,0.29870559494750065,0,1
728722,Julius Lindberg,24/25,2025,0,0.298688663762655,0,0
247915,Jonas Omlin,24/25,2025,0,0.2986606398165217,0,0
634118,Ibaider Garriz,24/25,2025,1,0.2986515989239672,0,1
282411,Marcos Llorente,24/25,2025,0,0.29859980062371305,0,0
891379,Nordine Kandil,24/25,2025,0,0.29856730806960263,0,0
906254,Chris Forino,24/25,2025,0,0.29839852792721683,0,0
484389,Kell Watts,24/25,2025,0,0.2983551045782629,0,0
435208,Béni Nkololo,24/25,2025,1,0.29809486884247394,0,1
173146,Gurpreet Singh Sandhu,24/25,2025,0,0.2980429025533043,0,0
1035864,Leon Mergner,24/25,2025,0,0.2979407408759513,0,0
120300,Ivan Knezevic,24/25,2025,0,0.29793728779427664,0,0
470241,Andreas Chrysostomou,24/25,2025,0,0.29793464825064186,0,0
40680,Sven Ulreich,24/25,2025,0,0.2978352321793103,0,0
883007,Filippo Mane,24/25,2025,0,0.2977271077128392,0,0
425764,Kelsey Mooney,24/25,2025,0,0.2977189813685688,0,0
199453,Sebastian Osigwe,24/25,2025,1,0.2976680094218134,0,1
685145,Filip Bundgaard,24/25,2025,0,0.2975930888036961,0,0
458800,Andrea Mattioli,24/25,2025,0,0.2974142907127367,0,0
624751,Lyall Cameron,24/25,2025,1,0.29708835405354284,0,1
563662,Jacopo Muggeo,24/25,2025,0,0.29702982294739694,0,0
926135,Omari Kellyman,24/25,2025,1,0.2965946354619842,0,1
207834,Yassine Bounou,24/25,2025,0,0.29638771218887916,0,0
1005965,Paul Hainke,24/25,2025,0,0.2959361247417305,0,0
196095,Luca Waldschmidt,24/25,2025,0,0.2958639360828171,0,0
418219,Vladimir Screciu,24/25,2025,0,0.2958145572955989,0,0
56682,Andrea Signorini,24/25,2025,0,0.29580537636995363,0,0
293084,Johannes Handl,24/25,2025,0,0.29564436962522267,0,0
250845,José María Giménez,24/25,2025,0,0.29542772603171197,0,0
359693,James Tilley,24/25,2025,1,0.2952872592063854,0,1
696022,Maximilian Neutgens,24/25,2025,0,0.29524760552309937,0,0
351894,Léo Santos,24/25,2025,0,0.2952380305103719,0,0
338670,Mile Svilar,24/25,2025,0,0.29486799665135643,0,0
986324,Bodin Tomasevic,24/25,2025,0,0.2948129333052338,0,0
275937,Emil Viyachki,24/25,2025,0,0.2948025552797603,0,0
203853,Oleksandr Zinchenko,24/25,2025,1,0.2947917799544178,0,1
917931,Aaron Bayakala,24/25,2025,0,0.29477079278055457,0,0
240206,Jacopo Manconi,24/25,2025,0,0.2947436304975728,0,0
816578,Pascal Fuchs,24/25,2025,0,0.29470594441341863,0,0
1254223,Stanislav Yovkov,24/25,2025,0,0.29459272183306784,0,0
56853,Federico Casarini,24/25,2025,0,0.2945201824118448,0,0
510330,Diego García,24/25,2025,0,0.29444646432081883,0,0
341882,Andy Cannon,24/25,2025,0,0.2943969234213922,0,0
845277,Dominik Biniek,24/25,2025,0,0.29429760296434265,0,0
284342,Conan Ledesma,24/25,2025,0,0.29423984054306807,0,0
514285,Quilindschy Hartman,24/25,2025,1,0.29418880615027315,0,1
281791,Damian Węglarz,24/25,2025,0,0.29410219268398907,0,0
176182,Luca Maniero,24/25,2025,0,0.293932650639965,0,0
255755,Alex Telles,24/25,2025,0,0.2938203738458853,0,0
509116,Babacar Dione,24/25,2025,1,0.2935896889368869,0,1
432895,Pedro,24/25,2025,0,0.2935851898832417,0,0
344395,Jorge Fernandes,24/25,2025,0,0.29351970848663705,0,0
122243,Niall Canavan,24/25,2025,0,0.29349787380502285,0,0
818819,Giuseppe Fares,24/25,2025,0,0.29339422111669317,0,0
1066953,Mateo Chávez,24/25,2025,1,0.2933552731850188,0,1
278332,Florian Neuhaus,24/25,2025,0,0.29320895669095676,0,0
88917,Ian Mackay,24/25,2025,1,0.2931458587421139,0,1
397392,Riccardo Gemelli,24/25,2025,0,0.29308417385998187,0,0
355816,Ko Itakura,24/25,2025,1,0.2928414343390716,0,1
72776,Hugo Marques,24/25,2025,0,0.29283892872876083,0,0
613085,Tobías Reinhart,24/25,2025,0,0.29272997206405554,0,0
340879,Merih Demiral,24/25,2025,0,0.2924021303535597,0,0
461629,Gustavo Assunção,24/25,2025,1,0.2923004813091596,0,1
848089,Illaijh de Ruijter,24/25,2025,0,0.2921815899077882,0,0
1053933,Ruan,24/25,2025,1,0.2920622383259009,0,1
283233,Jacob Rasmussen,24/25,2025,1,0.2918089984625243,0,1
994604,Matai Akinmboni,24/25,2025,0,0.2917957310081803,0,0
141050,Danilo Pereira,24/25,2025,0,0.29167950075997967,0,0
787152,Veit Stange,24/25,2025,0,0.2916299828472549,0,0
390726,Matteo Rossini,24/25,2025,0,0.2915715096690555,0,0
1048417,Lukas Novotny,24/25,2025,0,0.29153532492729006,0,0
1073176,Oumar Pona,24/25,2025,0,0.2914896890340766,0,0
286259,Davide Riccardi,24/25,2025,0,0.291403108723521,0,0
726717,Konstantinos Pomonis,24/25,2025,1,0.29075796325341213,0,1
309398,David Grözinger,24/25,2025,1,0.2906929103747086,0,1
961022,Benja Domínguez,24/25,2025,0,0.2906230639046992,0,0
273872,Joey Breitfeld,24/25,2025,0,0.2905877128008818,0,0
322293,Felix Beijmo,24/25,2025,0,0.2905277351172107,0,0
728256,Luca Andrada,24/25,2025,0,0.2905021452565133,0,0
701055,Anton Gaaei,24/25,2025,0,0.2904715151633838,0,0
102558,Marco Verratti,24/25,2025,1,0.2902847008440196,0,1
285771,Roger Martínez,24/25,2025,0,0.2901384883939802,0,0
202886,Ruben Loftus-Cheek,24/25,2025,0,0.2900233573618078,0,0
101345,Pasquale Maiorino,24/25,2025,0,0.28982524918414526,0,0
818131,Fabio Cariolato,24/25,2025,0,0.2897822704997452,0,0
64134,Néstor Araújo,24/25,2025,0,0.28961994067518443,0,0
951099,Ron Schweizer,24/25,2025,0,0.2896009591085854,0,0
7161,Jonas Hofmann,24/25,2025,0,0.2894588968275149,0,0
413032,Ibrahima Diallo,24/25,2025,1,0.2891468193749079,0,1
221446,Lee Evans,24/25,2025,0,0.28893251380122725,0,0
989112,Veljko Milosavljevic,24/25,2025,1,0.28873763872369046,0,1
486464,Max Bird,24/25,2025,0,0.28870096468283885,0,0
132098,Harry Kane,24/25,2025,0,0.288584119840586,0,0
203645,Manuel Martic,24/25,2025,1,0.28856572701016164,0,1
390719,Oliver Urso,24/25,2025,0,0.28853536095990423,0,0
396955,Emmanuele Esposito,24/25,2025,0,0.2884481842083458,0,0
710865,Dominik Csontos,24/25,2025,0,0.2884363872524415,0,0
554234,Joel Randall,24/25,2025,0,0.28831450337942904,0,0
315867,Gianluca Scamacca,24/25,2025,0,0.28817966240499543,0,0
85960,Manuel Zeitz,24/25,2025,0,0.2879678015291559,0,0
255468,Adam Andersson,24/25,2025,1,0.28788445133836704,0,1
80894,Lukasz Skorupski,24/25,2025,0,0.2877686760685635,0,0
221876,Mikkel Wohlgemuth,24/25,2025,0,0.28769651553616055,0,0
454121,Galeno,24/25,2025,0,0.2876649925365575,0,0
802518,Julius Voldby,24/25,2025,1,0.28750191586807755,0,1
468249,Vitinho,24/25,2025,0,0.28743286525675105,0,0
1146719,Yasin Belhadj,24/25,2025,0,0.28735090419561016,0,0
109816,Roland Vólent,24/25,2025,0,0.2871400867552024,0,0
51730,Jamie Murphy,24/25,2025,0,0.28703645121590166,0,0
131357,Pedro Capó,24/25,2025,1,0.28700498470179175,0,1
1075147,Lennart Karl,24/25,2025,1,0.2868553818671161,0,1
707397,Filippo Manfrin,24/25,2025,0,0.2868264514956421,0,0
379821,Christian Tommasini,24/25,2025,0,0.2865899714275165,0,0
488868,Nándor Kóródi,24/25,2025,0,0.2865050146317731,0,0
747810,Tiago Hernández,24/25,2025,0,0.28649366415923283,0,0
156617,Marcelo Brozović,24/25,2025,0,0.28636493473629293,0,0
221687,Alex Gilliead,24/25,2025,1,0.28635638992978024,0,1
337946,Jairo Izquierdo,24/25,2025,1,0.28622906909122536,0,1
176936,Julián Cuesta,24/25,2025,1,0.2862285277960412,0,1
667925,Sebastian Revan,24/25,2025,1,0.2861166967582801,0,1
483385,Nicke Kabamba,24/25,2025,0,0.28610157022314253,0,0
187329,Sandy Walsh,24/25,2025,1,0.28609358548317504,0,1
163652,Jacopo Furlan,24/25,2025,0,0.2859518803255214,0,0
572798,Jakub Matousek,24/25,2025,0,0.2858463449722261,0,0
421118,Cris Montes,24/25,2025,1,0.2855514641616942,0,1
599331,Andrés Sánchez,24/25,2025,0,0.28552307721413434,0,0
369111,Georgios Tzovaras,24/25,2025,0,0.2853292393456252,0,0
813137,Niccolò Pisilli,24/25,2025,0,0.2853174849934105,0,0
131821,Thomas Lam,24/25,2025,0,0.2851572402318211,0,0
612489,Alessio Nepi,24/25,2025,0,0.2851144454863963,0,0
280832,Carlo Crialese,24/25,2025,1,0.2850680354246662,0,1
162063,Salva Ruiz,24/25,2025,0,0.2848911053904812,0,0
203938,Branco van den Boomen,24/25,2025,0,0.2848530466145503,0,0
681935,Jonas Kühl,24/25,2025,0,0.28478758211827593,0,0
666167,Nicolas Ortegel,24/25,2025,1,0.284618692262548,0,1
44666,Michele Rinaldi,24/25,2025,0,0.28453251401080837,0,0
684173,Ryan Glover,24/25,2025,0,0.284491165124483,0,0
581330,Eiran Cashin,24/25,2025,1,0.28440806204091995,0,1
482792,Simone Rabbi,24/25,2025,0,0.2842035495759736,0,0
46083,Domagoj Vida,24/25,2025,0,0.28370601813425356,0,0
345095,Almoez Ali,24/25,2025,0,0.28369836206265137,0,0
693342,Martin Achkov,24/25,2025,0,0.2836579248986516,0,0
520716,Malte Wengerowski,24/25,2025,0,0.28354632809789954,0,0
179462,Emiljano Musta,24/25,2025,0,0.28339636075580354,0,0
787936,Ollie Hulbert,24/25,2025,0,0.28339388994756615,0,0
266302,Sergej Milinković-Savić,24/25,2025,0,0.2833715321141265,0,0
586746,Marios Vichos,24/25,2025,0,0.28332439624936345,0,0
623561,Triantafyllos Tsapras,24/25,2025,0,0.2832120754284754,0,0
425400,Farid El Melali,24/25,2025,1,0.28317977982848014,0,1
315138,Mats Knoester,24/25,2025,0,0.28293375406632604,0,0
107205,Connor Krempicki,24/25,2025,0,0.282858387488064,0,0
70639,Petr Reinberk,24/25,2025,0,0.28270403954145956,0,0
277137,Renato Tapia,24/25,2025,1,0.28244545710641084,0,1
298589,David García,24/25,2025,0,0.28219365791692297,0,0
195911,João Oliveira,24/25,2025,0,0.28200258586549054,0,0
634125,Xabi Huarte,24/25,2025,1,0.28188172193153493,0,1
228953,Richard Neudecker,24/25,2025,0,0.28179152156375337,0,0
170986,Raphaël Guerreiro,24/25,2025,0,0.2817324083355837,0,0
192492,Jordan Lefort,24/25,2025,0,0.28165299446910985,0,0
394778,Manuel Pavesi,24/25,2025,0,0.28146686698993145,0,0
74952,Tomas Tujvel,24/25,2025,0,0.2814144312481274,0,0
146710,Martin Frydek,24/25,2025,0,0.2813519800028634,0,0
461619,Fernando Medrano,24/25,2025,1,0.2811303701630741,0,1
487830,Christian Dimarco,24/25,2025,1,0.2810652187875351,0,1
477556,Emanuele Zuelli,24/25,2025,0,0.28104309853223436,0,0
1088697,Jinairo Johnson,24/25,2025,0,0.28098331839612894,0,0
340289,Alessandro Dalmasso,24/25,2025,0,0.28060532520331,0,0
100131,William Carvalho,24/25,2025,1,0.28056509271043045,0,1
156681,Stefan Haudum,24/25,2025,0,0.2802635041235792,0,0
881260,Jassem Koleilat,24/25,2025,0,0.28021465604771817,0,0
74463,Dániel Póser,24/25,2025,0,0.2801941657530088,0,0
1031769,Tim Windsheimer,24/25,2025,1,0.27987231832819404,0,1
607224,Hannibal,24/25,2025,0,0.2796123322218289,0,0
80435,Korey Smith,24/25,2025,0,0.2795253562080114,0,0
696011,Pierre Nadjombe,24/25,2025,1,0.2794890830797357,0,1
343537,Artem Dovbyk,24/25,2025,0,0.27901551648064804,0,0
1078216,Dennis Krpalek,24/25,2025,0,0.2788989928011806,0,0
251813,Niclas Eliasson,24/25,2025,0,0.27887914242972495,0,0
396517,Fuseini Zackaria,24/25,2025,1,0.27885970740895705,0,1
615930,Matei Ilie,24/25,2025,0,0.278600999021518,0,0
1175307,Marcello Carollo,24/25,2025,0,0.278465345378741,0,0
337385,Riccardo Gatti,24/25,2025,1,0.2784236054958308,0,1
735710,Bjarne Kasper,24/25,2025,1,0.2780928542571245,0,1
85928,Danny Lafferty,24/25,2025,0,0.278020085976512,0,0
288251,Sébastien Salles-Lamonge,24/25,2025,0,0.27794208907179424,0,0
314820,Keiran Williams,24/25,2025,0,0.2778697564295225,0,0
160929,Marvin Schwäbe,24/25,2025,0,0.27765920968157043,0,0
978438,Patrik Kristal,24/25,2025,0,0.277553772523727,0,0
469718,Gerardo Arteaga,24/25,2025,0,0.2774936374399477,0,0
1031551,Lorenzo Maasland,24/25,2025,0,0.2774642830599311,0,0
808475,MT,24/25,2025,0,0.27739076030660514,0,0
212713,Kiko,24/25,2025,0,0.27720395934844894,0,0
208116,Curro Sánchez,24/25,2025,0,0.27686697180599534,0,0
897478,Etienne Borie,24/25,2025,0,0.27673894713826874,0,0
548802,John Liebelt,24/25,2025,0,0.27665188470615687,0,0
915283,Masrur Kiyomidinov,24/25,2025,1,0.27652268857932777,0,1
658244,Luigi Samele,24/25,2025,0,0.2764437578812681,0,0
391271,Javier Ablanque,24/25,2025,0,0.27624501845700483,0,0
82112,Julian Riedel,24/25,2025,0,0.2760880197118375,0,0
1000698,Kirill Parmonov,24/25,2025,0,0.27580339666347137,0,0
1009446,Tyler Meiser,24/25,2025,1,0.275751850898099,0,1
182932,Davy Klaassen,24/25,2025,0,0.2755733761584624,0,0
784741,Julius Hoffmann,24/25,2025,1,0.27529096622522775,0,1
286037,Dusan Stevanovic,24/25,2025,1,0.27517537097644085,0,1
1130619,Jónatan Gudni Arnarsson,24/25,2025,0,0.27516276158320324,0,0
176553,Aymeric Laporte,24/25,2025,1,0.2751465984711622,0,1
170911,Donovan Léon,24/25,2025,0,0.2749865067531788,0,0
524481,Roger Ibañez,24/25,2025,0,0.27485949238889784,0,0
500191,Pepe Sánchez,24/25,2025,0,0.2748019574925565,0,0
107267,Djamal Ziane,24/25,2025,0,0.2746514217234232,0,0
490609,Lasse Rieß,24/25,2025,0,0.27442017032009414,0,0
1013793,Lukas Moudry,24/25,2025,0,0.2743665876049479,0,0
829874,Lilian Raolisoa,24/25,2025,0,0.2743218832616907,0,0
131978,Ross Barkley,24/25,2025,0,0.2742923757398971,0,0
418615,Lucas França,24/25,2025,0,0.2742785464715389,0,0
908314,Valentin Kostov,24/25,2025,0,0.274253935186897,0,0
270055,Kiki,24/25,2025,0,0.27421771016965746,0,0
57299,Michele Marconi,24/25,2025,0,0.2740932480728139,0,0
815384,Matheus Dias,24/25,2025,1,0.2740242597835503,0,1
574671,Strahinja Pavlović,24/25,2025,0,0.2738117758528139,0,0
1159662,Ellis Williams,24/25,2025,0,0.2737241494692188,0,0
227089,Matthias Köbbing,24/25,2025,0,0.2732815389891569,0,0
1297382,Valerio Conti,24/25,2025,0,0.2731959125549755,0,0
1036636,Ivan Marchev,24/25,2025,0,0.2730558225066567,0,0
796212,Philipp Schulz,24/25,2025,0,0.27298378323594075,0,0
1178213,Federico Steffanoni,24/25,2025,0,0.27279167662980097,0,0
547985,Fabiano Parisi,24/25,2025,0,0.27191956167472325,0,0
567217,Ebrima Colley,24/25,2025,0,0.27185616718158917,0,0
456844,Adam Roscrow,24/25,2025,0,0.2718282727384134,0,0
579263,Augustine Boakye,24/25,2025,0,0.2717750458904173,0,0
253765,Wesley Hoedt,24/25,2025,0,0.27168939966130046,0,0
451241,Marco Bauer,24/25,2025,0,0.2716542609866304,0,0
924087,Mika Haas,24/25,2025,0,0.27159303540375707,0,0
690146,Amoro Diedhiou,24/25,2025,0,0.2714507094697332,0,0
1048145,Andrea Bonanomi,24/25,2025,0,0.27104495363143993,0,0
402911,Stefano Rossoni,24/25,2025,0,0.2710038794871587,0,0
196231,Marvin Friedrich,24/25,2025,0,0.2708511936701284,0,0
223890,Rober Correa,24/25,2025,1,0.27083531562718977,0,1
82350,Stefan Bell,24/25,2025,0,0.27069730988588403,0,0
640556,Rav van den Berg,24/25,2025,1,0.2703978957405991,0,1
237141,Benedikt Kirsch,24/25,2025,0,0.2702220140010987,0,0
149231,Fidel,24/25,2025,1,0.2702076275167516,0,1
781971,Jean-Marie Nadjombe,24/25,2025,1,0.27016806189625797,0,1
852739,Rei Zaimi,24/25,2025,1,0.2701454387053257,0,1
375095,Michael Cheek,24/25,2025,0,0.27010022930095506,0,0
357996,Davide Grassini,24/25,2025,0,0.26991943910547334,0,0
337383,Andrea Boffelli,24/25,2025,0,0.2696909171360844,0,0
124507,Fabian Menig,24/25,2025,0,0.26953321248548956,0,0
1124448,Ivan Oreshkevich,24/25,2025,0,0.26953013617176674,0,0
1193047,Zsombor Szilágyi,24/25,2025,1,0.2694196386707521,0,1
251322,Philipp Köhn,24/25,2025,0,0.2694153324507611,0,0
1130174,Bennedikt Wüstenhagen,24/25,2025,1,0.2694046396624662,0,1
687640,Matteo Sorzi,24/25,2025,0,0.26919146998442545,0,0
234866,Rai Marchán,24/25,2025,1,0.2691633058674798,0,1
237144,Stefan Maderer,24/25,2025,0,0.2690831702891002,0,0
1314528,Ilan Daf,24/25,2025,0,0.2689447361452752,0,0
215118,Calum Chambers,24/25,2025,0,0.2689279828430392,0,0
318058,Manuel Nicoletti,24/25,2025,1,0.26868136459551223,0,1
630995,Rodri Sánchez,24/25,2025,0,0.2686442158266392,0,0
745595,Marlon Ubani,24/25,2025,1,0.2683699999254524,0,1
1004062,Frederik Emmery,24/25,2025,0,0.2683265344635507,0,0
821542,Moussa Baradji,24/25,2025,1,0.26765369458481436,0,1
340700,Ivan Prtajin,24/25,2025,1,0.26736864408109556,0,1
689639,Javi Villar,24/25,2025,0,0.26735151310581623,0,0
800874,Sino Absamadov,24/25,2025,1,0.26727710046398545,0,1
625124,Sergey Sazonchik,24/25,2025,0,0.2672346180947068,0,0
374213,Jari Vlak,24/25,2025,0,0.2672150128503611,0,0
411662,Lucas Veríssimo,24/25,2025,1,0.2670825440678546,0,1
146937,Francesco Lisi,24/25,2025,0,0.2670653130979459,0,0
936536,João Costa,24/25,2025,0,0.2669106126171243,0,0
519561,Ole Martin Kolskogen,24/25,2025,0,0.26683077148829515,0,0
9273,Tobias Duffner,24/25,2025,0,0.26681151356637267,0,0
229194,Aron Bjarnason,24/25,2025,0,0.26671790726717587,0,0
339832,Atanas Karachorov,24/25,2025,0,0.26646003207335717,0,0
1103456,Marcell Nemes,24/25,2025,0,0.26642851914131194,0,0
607494,Elario Ghassan,24/25,2025,0,0.26628297821930513,0,0
356236,Tomoki Iwata,24/25,2025,0,0.2660723917830803,0,0
956694,Benedek Simon,24/25,2025,0,0.2658693849029526,0,0
484367,Theocharis Iliadis,24/25,2025,0,0.26569124678883704,0,0
337082,Julian Krahl,24/25,2025,0,0.26550069110796143,0,0
586744,Panagiotis Liagas,24/25,2025,0,0.2654050930662653,0,0
442531,Edouard Mendy,24/25,2025,0,0.2652499218968319,0,0
157167,Hrvoje Milicevic,24/25,2025,0,0.2652386188347672,0,0
538642,Juho Kilo,24/25,2025,0,0.26511931393364163,0,0
584452,Nikolaos Michelis,24/25,2025,0,0.2650403276412201,0,0
693412,Chinonso Offor,24/25,2025,1,0.26501757443117235,0,1
627228,Yan Couto,24/25,2025,1,0.26474439879534345,0,1
330659,Justin Kluivert,24/25,2025,0,0.2647410867101986,0,0
121483,Jan Oblak,24/25,2025,0,0.2647165245835355,0,0
944331,Youssoupha Niang,24/25,2025,0,0.26459909387909253,0,0
349944,Sérgio Conceição,24/25,2025,1,0.2645693574562135,0,1
289267,Adrián Lapeña,24/25,2025,0,0.2645692699448434,0,0
829392,Jashar Beluli,24/25,2025,0,0.26454060516757516,0,0
64303,Tomas Frystak,24/25,2025,0,0.26429761392479345,0,0
119085,Loris Benito,24/25,2025,0,0.26425822111151637,0,0
211345,Mansur,24/25,2025,0,0.26424543456915667,0,0
96254,Pietro Terracciano,24/25,2025,1,0.2641822325253989,0,1
693125,Liam Higgins,24/25,2025,0,0.26396019679243216,0,0
574191,Yassir Atty,24/25,2025,0,0.26379389689861354,0,0
587310,Marc Nielsen,24/25,2025,0,0.26364453536310806,0,0
935476,Nicholas Pluvio,24/25,2025,0,0.2634309406241958,0,0
454863,András Schäfer,24/25,2025,0,0.26342950413064736,0,0
563963,Mohammed Salisu,24/25,2025,0,0.26341029328571586,0,0
392773,Alex Cochrane,24/25,2025,0,0.26339696928319645,0,0
690425,Philip Fahrner,24/25,2025,0,0.2633556368319864,0,0
181498,George Evans,24/25,2025,1,0.263226572295456,0,1
282410,José Carlos Lazo,24/25,2025,0,0.2631695634708824,0,0
252641,Pione Sisto,24/25,2025,0,0.26291568206482246,0,0
536342,Francesco Amatucci,24/25,2025,0,0.26249719784475467,0,0
402581,Thomas Rodríguez,24/25,2025,0,0.26238788405114544,0,0
977464,Arthur,24/25,2025,0,0.2623593740606786,0,0
199257,László Pekár,24/25,2025,0,0.2620808459205604,0,0
396488,Giuseppe Coccia,24/25,2025,1,0.26204598025981823,0,1
127182,Thomas Monconduit,24/25,2025,0,0.261584641974821,0,0
75921,Christopher Trimmel,24/25,2025,0,0.2615521635848576,0,0
255729,Awer Mabil,24/25,2025,0,0.2615474978545744,0,0
371149,Evan Ndicka,24/25,2025,0,0.2615287889087315,0,0
394033,Stefan Schimmer,24/25,2025,0,0.26115754221163157,0,0
356099,Cristián Borja,24/25,2025,0,0.26108798287084684,0,0
315568,Lorenzo Di Livio,24/25,2025,1,0.2607913713873184,0,1
468309,Lucas Rosa,24/25,2025,0,0.2607563495044929,0,0
242497,Pere Pons,24/25,2025,0,0.2607078401396776,0,0
96539,Marc Mateu,24/25,2025,1,0.2606464649493092,0,1
284010,Robin Hack,24/25,2025,0,0.26052247937193473,0,0
386442,Alessandro Zanellati,24/25,2025,1,0.2604586953725046,0,1
44948,Fernando Forestieri,24/25,2025,1,0.2603867452393138,0,1
229006,Franck Honorat,24/25,2025,0,0.26018546564564854,0,0
163656,Connor Goldson,24/25,2025,0,0.25996693877077653,0,0
929878,Filip Sidklev,24/25,2025,1,0.25991263397093783,0,1
1250341,Diego Deisadze,24/25,2025,0,0.2598383112453221,0,0
329365,Luca Köbele,24/25,2025,0,0.2595807326077626,0,0
723009,Jordy de Beer,24/25,2025,0,0.2595591274796103,0,0
704682,Marco Forapani,24/25,2025,0,0.2594529344882376,0,0
281246,Kamil Zapolnik,24/25,2025,0,0.25923694944055165,0,0
222385,Karim Boudiaf,24/25,2025,0,0.25909048545548524,0,0
906570,Dennis Azakir,24/25,2025,0,0.2590316878473595,0,0
504215,Giovanni Reyna,24/25,2025,1,0.2585481684955345,0,1
139781,Tom Bradshaw,24/25,2025,0,0.2582474635316942,0,0
148941,Domenico Franco,24/25,2025,1,0.2582390624620778,0,1
333516,Sebastian Vasiliadis,24/25,2025,0,0.2582369030112504,0,0
945753,Julio Díaz,24/25,2025,0,0.2579409271831128,0,0
107219,Leart Paçarada,24/25,2025,1,0.2577857032587156,0,1
704337,William Rovida,24/25,2025,0,0.25777277285523925,0,0
1136742,Nikita Ovsyanik,24/25,2025,0,0.2576638480251476,0,0
685160,Mark McKenzie,24/25,2025,0,0.25751756477918847,0,0
696028,Noah Pesch,24/25,2025,1,0.2573405478616847,0,1
530032,Quaresma,24/25,2025,0,0.25731694800855975,0,0
807688,Yassin Belkhdim,24/25,2025,0,0.2571506178112149,0,0
896732,Damian van der Vaart,24/25,2025,0,0.25682764142299236,0,0
1370672,Modou Seye,24/25,2025,0,0.25651547858310725,0,0
723614,Francesco D'Alessio,24/25,2025,0,0.2564622531744974,0,0
324861,Julian Justvan,24/25,2025,0,0.25640223341317164,0,0
1115375,Sergey Kruzhilin,24/25,2025,0,0.2563873337703066,0,0
282700,Enric Franquesa,24/25,2025,0,0.2562572260763222,0,0
256448,Gianluca Mancini,24/25,2025,0,0.256250425812796,0,0
927347,Kiril Georgiev,24/25,2025,0,0.2557274687439578,0,0
473050,Kevin Schade,24/25,2025,0,0.25556362826128404,0,0
371001,Josip Sutalo,24/25,2025,0,0.2554346676550914,0,0
435288,Giannis Kosti,24/25,2025,0,0.25515879412772774,0,0
410787,Joël Monteiro,24/25,2025,0,0.2549480414994946,0,0
417238,Andrey Yordanov,24/25,2025,0,0.25481544273534423,0,0
185181,Michel Lieder,24/25,2025,0,0.25479815029747177,0,0
386505,James Brophy,24/25,2025,0,0.25477879762303257,0,0
445548,Charlie Brown,24/25,2025,0,0.2546726333791456,0,0
816590,Uche Obiogumu,24/25,2025,1,0.2546594398425667,0,1
568242,Lachezar Kotev,24/25,2025,0,0.25451810977815126,0,0
185869,Grant Smith,24/25,2025,0,0.25435917951321335,0,0
130149,Giannis Pasas,24/25,2025,0,0.2542750222975675,0,0
340322,Nathan Tella,24/25,2025,0,0.2540053230993161,0,0
1045159,Daniel Barat,24/25,2025,0,0.2539892015365934,0,0
109855,Tim Paterok,24/25,2025,0,0.2538615809061709,0,0
59434,Artem Putivtsev,24/25,2025,0,0.25371792472312504,0,0
690852,Kristóf Sármány,24/25,2025,0,0.2535608218400619,0,0
402970,Dimitrios Stavropoulos,24/25,2025,0,0.25352183900232195,0,0
554903,Mateo Retegui,24/25,2025,1,0.2534680998904445,0,1
970279,Jacques Ekomié,24/25,2025,0,0.2534047193225211,0,0
768621,Oluwasegun Olalere,24/25,2025,0,0.2532066019724225,0,0
223053,Quini,24/25,2025,0,0.25315354360165027,0,0
175449,Moi Gómez,24/25,2025,0,0.2530336848506698,0,0
408288,Jesús Ruiz,24/25,2025,1,0.2530221635518144,0,1
196147,Kenny-Prince Redondo,24/25,2025,0,0.2527955768147061,0,0
19483,Tobias Müller,24/25,2025,0,0.25209661792775456,0,0
188477,Borislav Tsonev,24/25,2025,1,0.25193820990988464,0,1
601143,Nikolas Veratschnig,24/25,2025,0,0.25142536786707426,0,0
381133,Pasqual Verkamp,24/25,2025,0,0.25120462761455103,0,0
1061040,Devran Bozardiç,24/25,2025,1,0.25114652569290613,0,1
911373,Dominik Kovács,24/25,2025,1,0.2511372269790529,0,1
463753,Harry Cochrane,24/25,2025,1,0.25111111977704265,0,1
548937,Evan Rottier,24/25,2025,0,0.2511108527179443,0,0
934034,Dimitrios Metaxas,24/25,2025,0,0.25086131111542176,0,0
339808,Theo Hernández,24/25,2025,1,0.25080234687947145,0,1
929467,Kamil Jakubczyk,24/25,2025,0,0.25079958013591547,0,0
917120,Tanguy Zoukrou,24/25,2025,0,0.25071364532885404,0,0
60220,Matej Delac,24/25,2025,0,0.2506899737188023,0,0
308822,José Romo,24/25,2025,1,0.2505927816990767,0,1
528245,Dorian Cevis,24/25,2025,0,0.25040652376915346,0,0
1050650,Adam Mayor,24/25,2025,1,0.250335040318468,0,1
361074,Peer Koopmeiners,24/25,2025,0,0.250295227133531,0,0
167480,Nicola Pavan,24/25,2025,0,0.24990172686224063,0,0
562409,Afeez Aremu,24/25,2025,0,0.2495515312261898,0,0
632495,Josep Gayá,24/25,2025,1,0.24955066951538074,0,1
397248,Giorgio Galli,24/25,2025,1,0.249396876381482,0,1
295764,Aschraf El Mahdioui,24/25,2025,0,0.24931849325065003,0,0
264302,Dimitar Mitov,24/25,2025,0,0.2492624827110412,0,0
281252,Mads Thychosen,24/25,2025,0,0.24905235873198497,0,0
1108253,Dimitar Papazov,24/25,2025,0,0.24893077860088314,0,0
290533,Yann Bodiger,24/25,2025,1,0.2488145539207525,0,1
364135,Moise Kean,24/25,2025,0,0.2487044400799395,0,0
186477,Herbert Bockhorn,24/25,2025,0,0.24858964180893106,0,0
727585,Joel Torrance,24/25,2025,0,0.24834709022998241,0,0
310645,Taher Mohamed,24/25,2025,0,0.2482477669335809,0,0
714144,Radek Lehovec,24/25,2025,0,0.24819488474725246,0,0
627208,Andres Jasson,24/25,2025,0,0.24819243479984318,0,0
717885,Marwane Kritta,24/25,2025,0,0.24806781213753099,0,0
238868,Rubén Peña,24/25,2025,1,0.24744040445790463,0,1
426281,Josh Earl,24/25,2025,0,0.24684063855338906,0,0
408505,Tommaso Panelli,24/25,2025,0,0.24683854374195296,0,0
1034079,Gabriel Zlatanov,24/25,2025,0,0.24680933400643018,0,0
438311,Victor Stina,24/25,2025,1,0.24675383859953146,0,1
912438,Tim Müller,24/25,2025,0,0.2466844555169567,0,0
648886,Samuel Loric,24/25,2025,0,0.24650919419086242,0,0
819211,Ethan Butera,24/25,2025,0,0.24632753012184702,0,0
1025412,Ryan van de Pavert,24/25,2025,0,0.24621896240758318,0,0
61841,Adam Smith,24/25,2025,0,0.24596696128502152,0,0
82361,Christian Mathenia,24/25,2025,0,0.24568257338116062,0,0
702441,Sinaly Diomandé,24/25,2025,0,0.24566778270212367,0,0
927953,Bradley Mayo,24/25,2025,0,0.2454868489218243,0,0
818246,Noah Kruth,24/25,2025,0,0.24545717823663638,0,0
542796,Mathias Jørgensen,24/25,2025,1,0.2453659223528104,0,1
235275,Jordi Vanlerberghe,24/25,2025,0,0.24514168942161804,0,0
214775,Óliver Torres,24/25,2025,0,0.2450984062922646,0,0
296897,Patrick Sontheimer,24/25,2025,0,0.2449464143735688,0,0
186901,Marek Rodák,24/25,2025,0,0.24492875657180296,0,0
884818,Robin Lisewski,24/25,2025,1,0.24480947934383382,0,1
429892,Davíd Ingvarsson,24/25,2025,0,0.2447703358907837,0,0
487428,Nikola Tavares,24/25,2025,0,0.24454395984249971,0,0
183365,Höskuldur Gunnlaugsson,24/25,2025,0,0.24432807422683714,0,0
395693,Houssem Aouar,24/25,2025,0,0.24427974560522525,0,0
243714,Kingsley Coman,24/25,2025,1,0.24391645689233943,0,1
1025408,Tijn Peters,24/25,2025,0,0.2437035679429002,0,0
504153,Joe Scally,24/25,2025,0,0.24344319216113064,0,0
561899,Abdollah Ali Saei,24/25,2025,0,0.243200742576856,0,0
696822,Emir Kuhinja,24/25,2025,0,0.2431569295551154,0,0
947360,Kassoum Ouattara,24/25,2025,0,0.24315639851443488,0,0
192088,Enis Bytyqi,24/25,2025,0,0.242982559082,0,0
875511,Paulo Victor,24/25,2025,1,0.24276967012101544,0,1
568156,Antonio Pacheco,24/25,2025,0,0.24249161157035087,0,0
1154876,Kasey Bos,24/25,2025,1,0.2424082811319672,0,1
335587,Philipp Hanke,24/25,2025,0,0.24234020573558993,0,0
895330,Salvi Esquivel,24/25,2025,0,0.24223431832975587,0,0
339151,Sven Sonnenberg,24/25,2025,0,0.24221099004341254,0,0
666467,Marco Rus,24/25,2025,0,0.2421406029960411,0,0
272706,James Lawrence,24/25,2025,0,0.24206546551530858,0,0
655012,Lucas Stassin,24/25,2025,0,0.24186918361109508,0,0
974387,Jude Bonnar,24/25,2025,1,0.24185681353457214,0,1
878150,Amario Cozier-Duberry,24/25,2025,1,0.24178209222246083,0,1
335221,Dani Martín,24/25,2025,1,0.24149267110755465,0,1
79045,Jeroen Zoet,24/25,2025,0,0.24145561069386395,0,0
800995,Ro-Zangelo Daal,24/25,2025,0,0.24108518761374464,0,0
332705,Tyler Adams,24/25,2025,0,0.2410627818826005,0,0
315511,Arkadiusz Kasperkiewicz,24/25,2025,0,0.24075601276426342,0,0
743496,Kévin Danois,24/25,2025,0,0.24063116286562522,0,0
492786,Andrea Allegretto,24/25,2025,0,0.2403732065286383,0,0
391903,Emir Azemovic,24/25,2025,0,0.24035577948698805,0,0
216683,Fafà Picault,24/25,2025,0,0.24006473521579857,0,0
913461,Alessandro Seghetti,24/25,2025,1,0.2400591900964044,0,1
678441,Daniele Montevago,24/25,2025,0,0.2399874352974661,0,0
1198833,Sergio Aragoneses,24/25,2025,1,0.23979335683722164,0,1
988406,Kasper Boogaard,24/25,2025,0,0.2397902082890239,0,0
196792,Julian Weigl,24/25,2025,1,0.23965919682734302,0,1
1043566,Josiah Uwakhonye,24/25,2025,0,0.23956291670061522,0,0
503770,Folarin Balogun,24/25,2025,0,0.23942069657474851,0,0
140444,Andrea Montanari,24/25,2025,0,0.23939866987969863,0,0
166601,Niklas Süle,24/25,2025,0,0.23852661183851043,0,0
459151,Nicolò Cambiaghi,24/25,2025,0,0.23847614059884195,0,0
64804,Thierry Moutinho,24/25,2025,0,0.23832663689800485,0,0
566857,Semih Sahin,24/25,2025,1,0.23765765621513868,0,1
254965,Sandro Lauper,24/25,2025,0,0.23751808107913197,0,0
939870,Jef Tchouangue,24/25,2025,0,0.23751372483984054,0,0
404387,Joe Lewis,24/25,2025,0,0.2370906789396528,0,0
1056226,Aristidis Andrikopoulos,24/25,2025,1,0.23679621727496963,0,1
192467,Lukas Wilton,24/25,2025,0,0.23667291618785402,0,0
251664,Ivan Toney,24/25,2025,0,0.23660296810638012,0,0
440730,Bence Varga,24/25,2025,1,0.23605332741812393,0,1
727495,Nikola Iliev,24/25,2025,0,0.23604630083699116,0,0
461484,Frederik Ibsen,24/25,2025,0,0.2359902198283231,0,0
1200313,Clayton Diandy,24/25,2025,0,0.23595665370432747,0,0
115382,Guilherme,24/25,2025,0,0.23594433973780363,0,0
689892,Ben Jackson,24/25,2025,0,0.23555045587349063,0,0
210631,Davide Zagnoni,24/25,2025,0,0.23541656700461294,0,0
1022388,Levente Babós,24/25,2025,1,0.2350280459381381,0,1
517422,Simon Baekgaard,24/25,2025,0,0.2349523183868347,0,0
452165,Manoubi Haddad,24/25,2025,0,0.23469855902490808,0,0
938177,Tommaso Cecotti,24/25,2025,0,0.2345740473943153,0,0
163606,Alessio Vita,24/25,2025,0,0.23444846583684165,0,0
244997,Arne Sicker,24/25,2025,1,0.2342981900668813,0,1
148252,Remo Freuler,24/25,2025,0,0.23385447750621044,0,0
648893,István Pekár,24/25,2025,0,0.23328772575453025,0,0
914370,Josh Woods,24/25,2025,0,0.233284921827085,0,0
124416,Patrick Schmidt,24/25,2025,0,0.23312901320934917,0,0
160357,Mario Sampirisi,24/25,2025,0,0.23310342297566297,0,0
476599,Alex Passaniti,24/25,2025,0,0.23298558891938176,0,0
683620,Antoni Milambo,24/25,2025,1,0.23287393892587765,0,1
464530,Theocharis Tsingaras,24/25,2025,0,0.23262124104705728,0,0
284959,Marc Roberts,24/25,2025,0,0.23240559671703553,0,0
199921,Davide Petermann,24/25,2025,1,0.2322956019621374,0,1
158106,Peter Michorl,24/25,2025,0,0.23225871285459648,0,0
912455,Simon Walde,24/25,2025,0,0.23211666682061793,0,0
279454,MJ Williams,24/25,2025,0,0.23201234180420613,0,0
138055,Haris Belkebla,24/25,2025,0,0.23168014488149283,0,0
116471,Hobie Verhulst,24/25,2025,0,0.23166046960492162,0,0
224458,Pyry Soiri,24/25,2025,1,0.23152855891498245,0,1
471055,Marvin Pieringer,24/25,2025,0,0.23130383550852213,0,0
345654,Marlos Moreno,24/25,2025,1,0.23100386712545734,0,1
741352,Dmitriy Lutik,24/25,2025,0,0.23085318951015146,0,0
174344,Fayçal Fajr,24/25,2025,1,0.23080782222309326,0,1
644401,Keane Lewis-Potter,24/25,2025,0,0.23072572806918293,0,0
521928,Luca Sirch,24/25,2025,0,0.2305971014805491,0,0
948936,Kyle Ure,24/25,2025,1,0.23038478432071055,0,1
740322,Hassan Aladin,24/25,2025,0,0.23027144759524618,0,0
420064,Caio Henrique,24/25,2025,0,0.2302524135644281,0,0
223967,Konrad Laimer,24/25,2025,0,0.2299596276419633,0,0
527270,Falko Michel,24/25,2025,0,0.22992151741429778,0,0
517402,Bjarne Pudel,24/25,2025,0,0.22979808602887272,0,0
329135,Petar Lela,24/25,2025,1,0.22942797308674515,0,1
249157,Fredrik Jensen,24/25,2025,1,0.22927216055035038,0,1
228750,Alessandro Golinucci,24/25,2025,0,0.22918109931205757,0,0
679903,Ryoya Morishita,24/25,2025,1,0.2290947244082803,0,1
897418,Yannik Dasbach,24/25,2025,0,0.228934227909258,0,0
1038512,Asier Osambela,24/25,2025,1,0.22845329620069438,0,1
1013797,Ondrej Penxa,24/25,2025,0,0.2283048672902146,0,0
273669,Adrian Beck,24/25,2025,0,0.22804694522483684,0,0
345098,Tameem Al-Muhaza,24/25,2025,0,0.22802835028010443,0,0
920310,Taha Ayari,24/25,2025,0,0.2276634187987811,0,0
394435,Sheriff Sinyan,24/25,2025,0,0.2276531133576943,0,0
624690,Manu Koné,24/25,2025,0,0.22765225734611738,0,0
314398,Jae-sung Lee,24/25,2025,0,0.2276325593937975,0,0
1070408,Mylo van der Lans,24/25,2025,0,0.22762773886479032,0,0
153084,Leon Goretzka,24/25,2025,0,0.22717408353835122,0,0
307511,Mirko Kos,24/25,2025,0,0.22691239705391594,0,0
326230,Ryan Hedges,24/25,2025,0,0.22661429249459358,0,0
745601,Rafael Lubach,24/25,2025,0,0.2265321284758809,0,0
435500,Sergio González,24/25,2025,1,0.22587825278624216,0,1
542572,Sergio Maselli,24/25,2025,0,0.22582679842004175,0,0
152695,Martin Sindelar,24/25,2025,0,0.22581273006501013,0,0
85543,Niklas Lomb,24/25,2025,0,0.2256077923543484,0,0
557939,Neto Borges,24/25,2025,1,0.2254725606740279,0,1
503864,Ludvig Henriksen,24/25,2025,0,0.2254631912959887,0,0
208022,Giovanni Zarfino,24/25,2025,1,0.22495710236060834,0,1
656159,Julius Madsen,24/25,2025,0,0.22490665045002758,0,0
289065,Simone Palombi,24/25,2025,0,0.22413254175366928,0,0
226006,Emanuel Insúa,24/25,2025,1,0.22409250091012692,0,1
499574,Petr Mikulec,24/25,2025,0,0.22407791187950088,0,0
267486,Bruno Lulaj,24/25,2025,0,0.22403829046247772,0,0
1069532,Owen Cuddihy,24/25,2025,0,0.22401081201535636,0,0
346849,Christoph Klarer,24/25,2025,0,0.22400238114846902,0,0
401913,Ramiro Macagno,24/25,2025,0,0.22386558095266196,0,0
587333,Sekou Sylla,24/25,2025,0,0.22357095980298763,0,0
345590,Jens Odgaard,24/25,2025,0,0.2232535874738754,0,0
548109,Iván Morante,24/25,2025,0,0.22319507822067186,0,0
377607,Muaid Ellafi,24/25,2025,0,0.22311692088647478,0,0
611861,Natan Girma,24/25,2025,0,0.22272740075243155,0,0
1285972,Lorenzo Costa,24/25,2025,0,0.22268189891799903,0,0
669174,Martin Paskalev,24/25,2025,0,0.22254208627067212,0,0
377605,Hamdou El Houni,24/25,2025,0,0.22246983139850465,0,0
658530,Jonas Jensen-Abbew,24/25,2025,0,0.22221564623845375,0,0
86793,Gabriele Angella,24/25,2025,0,0.2220893244616329,0,0
604008,Emam Ashour,24/25,2025,0,0.22186210442359533,0,0
646704,Maxim Dekker,24/25,2025,0,0.22159908459447142,0,0
940769,Artem Zhevnerenko,24/25,2025,0,0.2214699807141404,0,0
714488,Daniel Monga,24/25,2025,0,0.22130426096721562,0,0
387626,Leon Bailey,24/25,2025,1,0.2212121170324049,0,1
201654,Barna Kesztyűs,24/25,2025,0,0.2211477729958394,0,0
453870,Benedict Hollerbach,24/25,2025,1,0.22112223245490617,0,1
260657,Erik Wekesser,24/25,2025,0,0.22106076448598233,0,0
209570,Alex Gammond,24/25,2025,0,0.2209824873512809,0,0
85148,Julian Draxler,24/25,2025,0,0.2209325296888539,0,0
989508,Victor Gonçalves Andersson,24/25,2025,0,0.2209106233297896,0,0
346561,Luca Ranieri,24/25,2025,0,0.22064242870259834,0,0
392375,Jake Hastie,24/25,2025,0,0.2204805519738764,0,0
649568,Pavel Juroska,24/25,2025,0,0.22038165183923553,0,0
699233,Aleksa Puric,24/25,2025,1,0.22035798587129815,0,1
1182739,Severin Nioule,24/25,2025,0,0.22001408543132525,0,0
161072,Baris Atik,24/25,2025,0,0.2199130840847149,0,0
231289,Otávio,24/25,2025,1,0.21985109212207593,0,1
611305,Nicola Gori,24/25,2025,0,0.21973099343879743,0,0
213947,Farid Abderrahmane,24/25,2025,0,0.21968716545551248,0,0
443322,Erik Nissen,24/25,2025,0,0.21962133091112207,0,0
617754,Mylian Jiménez,24/25,2025,1,0.21946691950556474,0,1
536837,Federico Bergonzi,24/25,2025,0,0.2194199778518087,0,0
214131,Artem Soroko,24/25,2025,0,0.21929013493859417,0,0
554811,Riccardo Nessi,24/25,2025,1,0.21896462318373042,0,1
382204,Martin Koscelník,24/25,2025,0,0.2189598362480046,0,0
282144,Marin Pongracic,24/25,2025,0,0.21875453239007903,0,0
449860,Filippo Pirola,24/25,2025,0,0.2187289198819816,0,0
961821,Elián Sosa,24/25,2025,1,0.21866777207430274,0,1
452447,Maciej Ambrosiewicz,24/25,2025,0,0.21807564076977023,0,0
151583,Daniel Heber,24/25,2025,0,0.21806999555740253,0,0
364409,Gabriel Osho,24/25,2025,1,0.21805116512474362,0,1
175722,Eric Dier,24/25,2025,1,0.21721647006865247,0,1
92488,Paddy Madden,24/25,2025,1,0.21697483990673389,0,1
738046,Ismael Mansaray,24/25,2025,1,0.21692025508496127,0,1
192635,Nico Elvedi,24/25,2025,0,0.21679944217932065,0,0
625120,Pavel Prishivalko,24/25,2025,0,0.21675947212570523,0,0
535031,Federico Papini,24/25,2025,1,0.21670486877403983,0,1
503865,Alexander Jensen,24/25,2025,0,0.21661917290276483,0,0
812783,Karlo Lusavec,24/25,2025,0,0.21659347081812227,0,0
59377,David de Gea,24/25,2025,0,0.2164887750659601,0,0
874376,Brooklyn Ilunga,24/25,2025,0,0.21642900411187196,0,0
466806,Álvaro Sanz,24/25,2025,1,0.21635633305078716,0,1
319859,Mathias Jensen,24/25,2025,0,0.2162838483223536,0,0
235413,Jaromir Zmrhal,24/25,2025,0,0.21626151868584131,0,0
496094,Karim Adeyemi,24/25,2025,0,0.21605167437694112,0,0
955263,Kévin Pedro,24/25,2025,0,0.21591286632565648,0,0
337092,Tim Siersleben,24/25,2025,0,0.21566884173814654,0,0
617021,Ben Old,24/25,2025,0,0.21536457633948314,0,0
543501,Ibrahim Sadiq,24/25,2025,0,0.21514657374213556,0,0
324214,Vasile Mogoș,24/25,2025,0,0.21495663408392968,0,0
205938,Mario Pašalić,24/25,2025,0,0.21477667362996924,0,0
151636,Marlon Ritter,24/25,2025,0,0.2143017407696789,0,0
732241,Luis Bates,24/25,2025,0,0.2140444283246602,0,0
1162101,Egor Grivenev,24/25,2025,0,0.21393027162840525,0,0
127573,Phillipp Mwene,24/25,2025,0,0.21391777266728232,0,0
595126,Davino Knappe,24/25,2025,0,0.2135323661081877,0,0
573968,Krzysztof Kubica,24/25,2025,0,0.21350121520593268,0,0
404604,Patrik Blahut,24/25,2025,0,0.2134758461995726,0,0
146164,Max Meyer,24/25,2025,0,0.21337731724332126,0,0
547006,Keenan Patten,24/25,2025,0,0.2132362563898391,0,0
833372,Amine Naïfi,24/25,2025,0,0.21318584935494822,0,0
249089,Lewis Cook,24/25,2025,0,0.2128549180831168,0,0
820393,Hamza Alaa,24/25,2025,1,0.21285210713414993,0,1
659459,Carney Chukwuemeka,24/25,2025,1,0.21283133298978124,0,1
728478,Gavin Molloy,24/25,2025,0,0.21185577582688547,0,0
272845,Laurin von Piechowski,24/25,2025,0,0.2117206254937777,0,0
138850,Stefan Drazic,24/25,2025,0,0.21168782127283256,0,0
750903,Jaouen Hadjam,24/25,2025,0,0.211395905193856,0,0
272636,Harold Moukoudi,24/25,2025,0,0.2112826804596742,0,0
687983,Adrian Kireski,24/25,2025,1,0.21115794766297186,0,1
138392,Ivan Buonocunto,24/25,2025,0,0.21101300023402747,0,0
388294,Omar Traoré,24/25,2025,0,0.2109148721664094,0,0
361772,Dino Besirovic,24/25,2025,0,0.2107565335792808,0,0
344354,Omar Sowunmi,24/25,2025,0,0.21064618509889252,0,0
696613,Gabriele Pagliai,24/25,2025,1,0.21058291348406005,0,1
559263,Fábio Carvalho,24/25,2025,0,0.21056562624620867,0,0
124410,Rani Khedira,24/25,2025,0,0.21043857195058926,0,0
124187,Philipp Kühn,24/25,2025,0,0.21032807000643644,0,0
627294,Fer Niño,24/25,2025,0,0.21030844494487036,0,0
112302,Roberto Pereyra,24/25,2025,0,0.21027156918738588,0,0
312819,Silvere Ganvoula,24/25,2025,1,0.20988121259231288,0,1
577394,Denso Kasius,24/25,2025,0,0.20975867286215394,0,0
121137,Stuart Bannigan,24/25,2025,1,0.20964478201102676,0,1
469050,Nathan Collins,24/25,2025,0,0.20960683719624199,0,0
1372149,Gibril Sosseh,24/25,2025,0,0.20956401634373167,0,0
416809,Daniel Hanslik,24/25,2025,0,0.2095233771690576,0,0
740498,Pastor,24/25,2025,1,0.20944022643681692,0,1
738514,Tristan Kuijsten,24/25,2025,1,0.2090252138397468,0,1
71834,Aitor Sanz,24/25,2025,0,0.20887229777383004,0,0
754634,Axel Henriksson,24/25,2025,1,0.20796591181055715,0,1
631002,Raúl García,24/25,2025,0,0.2078728322862177,0,0
789738,Yannick Michaelis,24/25,2025,0,0.2078422877247835,0,0
540941,Mikkel Damsgaard,24/25,2025,0,0.20751444510306832,0,0
182682,Lefteris Choutesiotis,24/25,2025,0,0.20729630291376622,0,0
565523,Edu Espiau,24/25,2025,1,0.20723315716902968,0,1
123550,Jamie Grimes,24/25,2025,0,0.2069450351032149,0,0
323611,Sigitas Olberkis,24/25,2025,0,0.20668081321141255,0,0
576430,Dmitriy Kaplunov,24/25,2025,0,0.20662948981982396,0,0
119472,Milan Heca,24/25,2025,0,0.20650326243483694,0,0
165513,Berat Djimsiti,24/25,2025,0,0.20617593709726761,0,0
94201,Robin Knoche,24/25,2025,0,0.2061408323133771,0,0
133179,Marten de Roon,24/25,2025,0,0.20578262311909343,0,0
645880,Ifet Djakovac,24/25,2025,0,0.20577985087555664,0,0
336665,Sultan Al-Brake,24/25,2025,0,0.20568294324444383,0,0
210348,Sondre Tronstad,24/25,2025,0,0.2053992751120631,0,0
635445,Jayden Nelson,24/25,2025,0,0.20519536237676184,0,0
836066,Bledar Lila,24/25,2025,0,0.20503180708200355,0,0
457090,Stan van Dijck,24/25,2025,1,0.205000196864112,0,1
186481,Matthew Clarke,24/25,2025,1,0.20499763774522603,0,1
84751,Luca Martinelli,24/25,2025,0,0.20491484518565,0,0
284346,Phillip Menzel,24/25,2025,0,0.2047965434675304,0,0
148367,Christian Nørgaard,24/25,2025,1,0.20469146553574635,0,1
207302,Sergio Rico,24/25,2025,0,0.2040932228619806,0,0
173859,Davide Zappacosta,24/25,2025,0,0.20400281482736107,0,0
277179,Angeliño,24/25,2025,0,0.20387844081408857,0,0
128011,Petros Mantalos,24/25,2025,0,0.20383637267582239,0,0
810895,Eliesse Ben Seghir,24/25,2025,1,0.20382770408572146,0,1
796297,Jobe Bellingham,24/25,2025,1,0.20362525539654422,0,1
912743,Zhivko Dimitrov,24/25,2025,1,0.20338768112826763,0,1
200177,Giuseppe Nicolao,24/25,2025,1,0.2033351315791951,0,1
425808,Sebastian Hausner,24/25,2025,0,0.20304760514275097,0,0
823231,Dango Ouattara,24/25,2025,1,0.2027553235840449,0,1
442816,Fran Gámez,24/25,2025,1,0.20268942959142047,0,1
556314,András Pusztai,24/25,2025,0,0.2026285800852314,0,0
102017,Jorginho,24/25,2025,1,0.2024941040477471,0,1
711352,Francesco Zallu,24/25,2025,0,0.20226621035726605,0,0
719230,Alex Szabó,24/25,2025,0,0.20197266906998426,0,0
673511,Chiheb Labidi,24/25,2025,0,0.20191729040234124,0,0
442248,Ethan Pinnock,24/25,2025,0,0.20167769007382627,0,0
355369,Jordan,24/25,2025,1,0.20160134495670454,0,1
531229,Sam Jones,24/25,2025,0,0.20159188695223648,0,0
128220,Luis Alberto,24/25,2025,0,0.20149890523776764,0,0
634131,Aimar Oroz,24/25,2025,0,0.20127021944275483,0,0
258951,Tamás Csilus,24/25,2025,0,0.20116558345213026,0,0
822959,Tom Bischof,24/25,2025,1,0.20101792127889037,0,1
446625,Alexander Nollenberger,24/25,2025,0,0.20091466151007933,0,0
432116,Noah Lewis,24/25,2025,0,0.2008524870039305,0,0
692737,Aljoscha Kemlein,24/25,2025,0,0.20081645575869594,0,0
498171,Alexander Ahl-Holmström,24/25,2025,0,0.20075417124628325,0,0
272786,Gábor Megyeri,24/25,2025,0,0.20045616768532235,0,0
97616,Sotirios Papagiannopoulos,24/25,2025,0,0.20020055876437257,0,0
763953,Egor Osipov,24/25,2025,0,0.19979302507867516,0,0
189640,Michal Travnik,24/25,2025,0,0.19940140667432496,0,0
282954,Frederik Brandhof,24/25,2025,1,0.19914153636576773,0,1
855256,Alex Scott,24/25,2025,0,0.19902402929513877,0,0
351597,Shayne Lavery,24/25,2025,0,0.1984182252231723,0,0
713404,Daniel Piscaglia,24/25,2025,0,0.19828425429358593,0,0
334526,Denis Zakaria,24/25,2025,0,0.19804850711449812,0,0
974564,Winners Osawe,24/25,2025,0,0.1978929618997524,0,0
584254,Maximilian Breunig,24/25,2025,1,0.1974775978164837,0,1
141099,Vlastimil Danicek,24/25,2025,0,0.19683627328098277,0,0
266359,Benjamin Bourigeaud,24/25,2025,0,0.19668431572239048,0,0
602792,Florian Wustinger,24/25,2025,0,0.19648864569110386,0,0
321247,Emiliano Buendía,24/25,2025,0,0.19623390608278257,0,0
1049322,Rodrick Tcheuna,24/25,2025,0,0.1961565856281293,0,0
172623,Ramy Rabia,24/25,2025,1,0.19592116593614992,0,1
1070979,Wael Mohya,24/25,2025,1,0.19568801280277284,0,1
126953,Bojan Zogovic,24/25,2025,0,0.1954915858267402,0,0
264011,Gergő Rácz,24/25,2025,0,0.1954626131107388,0,0
849520,Santiago Castro,24/25,2025,0,0.19494925619841416,0,0
842341,Maxime Estève,24/25,2025,0,0.1948553639436591,0,0
118244,Sean McGinty,24/25,2025,1,0.19474511817271356,0,1
192077,Scott McMann,24/25,2025,0,0.19470140644541106,0,0
829249,Justus Götze,24/25,2025,0,0.19450988452112178,0,0
285944,Tarek Chahed,24/25,2025,0,0.19448065461122208,0,0
69511,Patrick Mortensen,24/25,2025,0,0.19443738167151203,0,0
395120,Stefano Bonaiti,24/25,2025,1,0.19428714806710606,0,1
461477,Tyler Walton,24/25,2025,0,0.1938006491533006,0,0
1020652,Chico Gonçalves,24/25,2025,0,0.19340279898580268,0,0
897492,Nick Zimmermann,24/25,2025,0,0.19327669371742798,0,0
357992,Raoul Bellanova,24/25,2025,0,0.1931018656104397,0,0
878885,Rhys Schwank,24/25,2025,0,0.19294090054374716,0,0
17259,Manuel Neuer,24/25,2025,0,0.19289593050567536,0,0
142208,Emil Bergström,24/25,2025,1,0.1928391477055725,0,1
689505,Johnny Cardoso,24/25,2025,1,0.1927843234584219,0,1
627658,Eldin Dzogovic,24/25,2025,0,0.19275610231498028,0,0
326029,Donyell Malen,24/25,2025,0,0.19265631213201145,0,0
354456,Aynsley Pears,24/25,2025,0,0.19243327746670283,0,0
425268,Liam Coyle,24/25,2025,0,0.19232522325037227,0,0
234888,Georgios Athanasiadis,24/25,2025,1,0.19214754009770055,0,1
547044,Ryan Bevan,24/25,2025,0,0.19213069737003796,0,0
282689,Seung-ho Paik,24/25,2025,0,0.1920947498124593,0,0
281773,José León,24/25,2025,0,0.19192351631455637,0,0
243104,Mohamed Al-Bakri,24/25,2025,0,0.19164877011718848,0,0
1118293,Fynn Schenten,24/25,2025,0,0.19155954629017768,0,0
483046,Josip Stanisic,24/25,2025,0,0.19151292653407537,0,0
248393,Peter Olayinka,24/25,2025,0,0.19139059687893076,0,0
223972,Patrick Pentz,24/25,2025,0,0.19129711916444972,0,0
48015,Lukas Hradecky,24/25,2025,1,0.19125108234262955,0,1
959620,Dillon Berko,24/25,2025,0,0.1911761872306283,0,0
912541,Rhys Armstrong,24/25,2025,0,0.191156223833031,0,0
572879,Stavros Pilios,24/25,2025,0,0.1909596442364947,0,0
159471,Serge Gnabry,24/25,2025,0,0.19095462295895205,0,0
921065,Yannick Mausehund,24/25,2025,0,0.19077833463031624,0,0
336051,Agus Medina,24/25,2025,0,0.19064218632923807,0,0
332341,Todd Cantwell,24/25,2025,0,0.1902027411322657,0,0
547382,Cameron Pring,24/25,2025,0,0.19010319803339756,0,0
488626,Jesús Areso,24/25,2025,1,0.19005610113983676,0,1
361504,Rafa Mujica,24/25,2025,0,0.18944287286671588,0,0
363205,Gabriel Jesus,24/25,2025,0,0.18942450128536406,0,0
787151,Lukas Ullrich,24/25,2025,0,0.18924310370272163,0,0
167228,Raúl Lizoain,24/25,2025,0,0.1888877500012241,0,0
334042,Orbelín Pineda,24/25,2025,0,0.18881932535168877,0,0
182877,Anthony Martial,24/25,2025,1,0.18869120400712464,0,1
223035,Gigli Ndefe,24/25,2025,0,0.18847309055220002,0,0
1269524,Daniil Kulikov,24/25,2025,0,0.18841243710602237,0,0
190263,Predrag Rajković,24/25,2025,0,0.18840302470437034,0,0
616631,Matteo Ruggeri,24/25,2025,1,0.1881049511329173,0,1
140914,Thomas O'Brien,24/25,2025,0,0.1880077738141632,0,0
61617,Paolo Rozzio,24/25,2025,0,0.18774335705987794,0,0
703007,Andreas Karamanolis,24/25,2025,1,0.18753269089623192,0,1
1073078,Fernando Mimbacas,24/25,2025,1,0.18749419377697482,0,1
542690,Frederik Alves,24/25,2025,0,0.1874614135716426,0,0
1141179,Mussa Kaba,24/25,2025,0,0.18737046113399505,0,0
351809,Robin Le Normand,24/25,2025,0,0.1871779138481565,0,0
22860,Jesper Hansen,24/25,2025,0,0.18696904263605205,0,0
221611,Paulo Otávio,24/25,2025,0,0.18692224335392865,0,0
503482,Min-jae Kim,24/25,2025,0,0.18690716873391494,0,0
293134,Mikkel Kallesøe,24/25,2025,1,0.1866936403956717,0,1
311730,Tarek Salman,24/25,2025,0,0.18643067706691538,0,0
450945,Ivan Zhestkin,24/25,2025,0,0.18627436653342516,0,0
643574,Kaishu Sano,24/25,2025,0,0.18622036979744336,0,0
70019,Seamus Conneely,24/25,2025,0,0.1861606640153067,0,0
420811,George Tanner,24/25,2025,0,0.18614316407418607,0,0
578804,Sven Mijnans,24/25,2025,0,0.18586446168389728,0,0
874041,Kamarl Grant,24/25,2025,0,0.18512591483355065,0,0
929909,San-Luca Spitali,24/25,2025,0,0.18472185685523998,0,0
725352,Endri Muhameti,24/25,2025,1,0.1845590126444907,0,1
108468,Benjamin Tiedemann,24/25,2025,1,0.18434279136774956,0,1
741136,Maksim Vospukov,24/25,2025,0,0.1842585796691828,0,0
199270,Zoltán Medgyes,24/25,2025,0,0.18408642526548144,0,0
250490,Christian Fassnacht,24/25,2025,0,0.18408109964272576,0,0
897408,Luis Hauer,24/25,2025,0,0.18402704283384003,0,0
83983,Lucas Mendes,24/25,2025,0,0.18386169007488576,0,0
1288949,Abdoulaye Kanté,24/25,2025,1,0.18385557033510821,0,1
716104,Lassana Mendes,24/25,2025,0,0.1837452688504536,0,0
159139,Philipp Wiesinger,24/25,2025,0,0.18357873100233565,0,0
392761,Zech Medley,24/25,2025,0,0.1834586222885845,0,0
126664,Lucas Digne,24/25,2025,0,0.1833676958082527,0,0
331214,Brice Wembangomo,24/25,2025,0,0.1833276884486091,0,0
776737,Joselito,24/25,2025,0,0.18327558454662926,0,0
144028,Leandro Trossard,24/25,2025,0,0.18319074540301744,0,0
268250,Bonifác Csonka,24/25,2025,0,0.18281454367768876,0,0
232454,Nadiem Amiri,24/25,2025,0,0.1827328739838472,0,0
479643,Alexandre Penetra,24/25,2025,0,0.1826531124540774,0,0
906598,Jason Amann,24/25,2025,0,0.18232927311632344,0,0
385185,Rico Wehrle,24/25,2025,0,0.18222851969430143,0,0
305946,José Gomes,24/25,2025,0,0.18188180667691264,0,0
1106292,Yassin Hamdi,24/25,2025,0,0.1816661279443265,0,0
726114,Mario Mitaj,24/25,2025,0,0.18164383626900457,0,0
333942,Lion Schweers,24/25,2025,0,0.18155535959990726,0,0
584065,Marc Richter,24/25,2025,1,0.1815434516442778,0,1
553303,Mathias Kubel,24/25,2025,0,0.18132340750201856,0,0
485585,Ian Maatsen,24/25,2025,0,0.18121745073257423,0,0
1098513,Seniko Doua,24/25,2025,0,0.18118949008903737,0,0
159088,Robert Andrich,24/25,2025,0,0.1811417334679325,0,0
59009,Jörg Siebenhandl,24/25,2025,0,0.18102157864922536,0,0
458165,Giacomo Benedetti,24/25,2025,1,0.18086349686793265,0,1
193082,Alejandro Grimaldo,24/25,2025,0,0.1804048744678059,0,0
106128,Aron Giacomoni,24/25,2025,0,0.18020442735560965,0,0
257437,Rob Dickie,24/25,2025,0,0.18011941790092548,0,0
181373,Antoine Conte,24/25,2025,0,0.17996312636899786,0,0
1058533,Adam Herdonsson,24/25,2025,0,0.1797641117519331,0,0
1003307,Egor Bozhko,24/25,2025,0,0.1796415164504692,0,0
503075,Isak Hien,24/25,2025,0,0.1795895178650709,0,0
940915,Alexéi Rojas,24/25,2025,0,0.17947193161253203,0,0
121267,Connor Roberts,24/25,2025,1,0.17942835055172246,0,1
285096,Gabriele Rocchi,24/25,2025,1,0.17942420073878312,0,1
448027,Florian Kleinhansl,24/25,2025,0,0.17921208293452057,0,0
1004834,George Ilenikhena,24/25,2025,0,0.17890254366024855,0,0
180167,Sivert Heltne Nilsen,24/25,2025,0,0.17836168694294693,0,0
423967,Michel Termanini,24/25,2025,1,0.1782780434219534,0,1
1046692,Ólafur Hjaltason,24/25,2025,0,0.17785482021389445,0,0
196304,John Owen,24/25,2025,1,0.17785018453941548,0,1
242086,Patrik Schick,24/25,2025,0,0.17772745944796775,0,0
160963,Robin Zentner,24/25,2025,0,0.17770476836524612,0,0
124415,Hasan Pepic,24/25,2025,0,0.1776081747810408,0,0
924115,Tim Janisch,24/25,2025,0,0.17717377996328895,0,0
711337,Evanilson,24/25,2025,0,0.17692053103429248,0,0
523977,Miguel Baeza,24/25,2025,0,0.1768124631389502,0,0
453807,Vincent Müller,24/25,2025,0,0.17668306812022108,0,0
579288,Robin Tihi,24/25,2025,0,0.17666028993899932,0,0
859035,Kees Smit,24/25,2025,0,0.1765925895805968,0,0
202764,Mohamed El-Munir,24/25,2025,0,0.1759820027287252,0,0
718303,Ernest Poku,24/25,2025,1,0.1758690097849445,0,1
917996,Patrik Pelles,24/25,2025,0,0.1756875684783217,0,0
335177,Farrend Rawson,24/25,2025,0,0.17500526590321874,0,0
40617,Sam Hutchinson,24/25,2025,0,0.17498927966209823,0,0
195611,Alexander Siebeck,24/25,2025,0,0.17484140907847606,0,0
362977,Josip Juranovic,24/25,2025,0,0.1744595015977929,0,0
258032,Yuri Ribeiro,24/25,2025,0,0.17438041100312826,0,0
1226502,Evan Mooney,24/25,2025,0,0.1742666659203322,0,0
804936,Eskil Edh,24/25,2025,0,0.17377292276827597,0,0
597432,Leopold Querfeld,24/25,2025,0,0.17351562983464894,0,0
139352,Gus Ledes,24/25,2025,0,0.17282161799786586,0,0
281633,Alberto Tentardini,24/25,2025,0,0.17268487080039033,0,0
704147,Dean McMaster,24/25,2025,0,0.17265290468234645,0,0
576739,Valgeir Valgeirsson,24/25,2025,0,0.1725324521883295,0,0
456523,Eder González,24/25,2025,0,0.17251937805900233,0,0
416108,Youcef Atal,24/25,2025,0,0.17241882711809542,0,0
684519,Gerasimos Mitoglou,24/25,2025,0,0.17225070640400966,0,0
333851,Ákos Sigér,24/25,2025,0,0.17216110218647457,0,0
724532,Sinclair Armstrong,24/25,2025,0,0.1720550042001702,0,0
415902,Niclas Müller,24/25,2025,0,0.17187121497094457,0,0
336646,Akram Afif,24/25,2025,0,0.17174519659402906,0,0
592116,Yuki Ohashi,24/25,2025,0,0.17156883906414874,0,0
944095,Olle Samuelsson,24/25,2025,1,0.1715314982058265,0,1
299561,Adrian Chovan,24/25,2025,0,0.17132664590010452,0,0
933205,Tibor Szabó,24/25,2025,0,0.1712589153549082,0,0
233656,Marek Havlík,24/25,2025,0,0.1712575127296829,0,0
648046,Evan Ferguson,24/25,2025,1,0.1712032569292025,0,1
890532,Fayssal Harchaoui,24/25,2025,0,0.17115707687865772,0,0
1071956,Emmanuel Biumla,24/25,2025,0,0.17085672567878699,0,0
95950,Graeme Shinnie,24/25,2025,0,0.17085295254639407,0,0
52490,Kevin Sommer,24/25,2025,0,0.1706038111419736,0,0
552655,Troy Parrott,24/25,2025,0,0.17039795372060054,0,0
344576,Rayan Raveloson,24/25,2025,0,0.17027688394694723,0,0
106987,Marcel Sabitzer,24/25,2025,0,0.16971802234352634,0,0
1118395,Pavel Kotlyarov,24/25,2025,0,0.16969010072445603,0,0
225929,György Hursán,24/25,2025,0,0.16940399702189227,0,0
569598,Youssouf Fofana,24/25,2025,0,0.16909840871908974,0,0
238722,Dominik Reimann,24/25,2025,0,0.1690648398580194,0,0
388409,Philipp Sander,24/25,2025,0,0.16901426383355841,0,0
1250836,Riccardo Ori,24/25,2025,1,0.1690112824277517,0,1
93315,Henrik Dalsgaard,24/25,2025,0,0.1685458896636323,0,0
364245,Jordan Teze,24/25,2025,0,0.16851603723296874,0,0
132779,Branko Pauljevic,24/25,2025,0,0.1684544459289072,0,0
1058791,Andreas Redkin,24/25,2025,0,0.16806860101289356,0,0
121032,Aaron Taylor-Sinclair,24/25,2025,0,0.16792823432773604,0,0
107775,Frederik Rönnow,24/25,2025,0,0.16758777553344756,0,0
251106,Enes Ünal,24/25,2025,0,0.16757562098241646,0,0
307183,Sirlord Conteh,24/25,2025,0,0.1671856351248552,0,0
196763,Korbinian Burger,24/25,2025,0,0.16713965859271626,0,0
1025179,Gergő Kovács,24/25,2025,0,0.16709143179400424,0,0
179863,Andreas Naumann,24/25,2025,0,0.16680996052586833,0,0
530780,Jason Knight,24/25,2025,0,0.1666550429519459,0,0
218355,Conor Grant,24/25,2025,0,0.1664973079764932,0,0
895905,Dimitrios Kaloskamis,24/25,2025,1,0.1660829207212494,0,1
156937,Johan Hammar,24/25,2025,0,0.16598071658226143,0,0
671057,Rio Dyer,24/25,2025,0,0.16583437573851129,0,0
967523,Aaron Reid,24/25,2025,0,0.16579384433385963,0,0
786795,Mesut Yusuf,24/25,2025,0,0.16564595805083532,0,0
151213,Ross Callachan,24/25,2025,1,0.1655185008732403,0,1
503743,Morgan Rogers,24/25,2025,0,0.16546640556749595,0,0
333859,Lubambo Musonda,24/25,2025,0,0.16539452344158162,0,0
817521,Maximilian Kinzig,24/25,2025,0,0.16504078634674813,0,0
746712,Pietro Comuzzo,24/25,2025,0,0.16490516077498213,0,0
324358,Ollie Watkins,24/25,2025,0,0.16453403164815972,0,0
419571,Myer Bevan,24/25,2025,0,0.16417997897790476,0,0
1065043,Pontus Dahbo,24/25,2025,0,0.1639304502956353,0,0
328658,Kristoffer Ajer,24/25,2025,0,0.16392577941499745,0,0
996327,Dmitriy Denisenko,24/25,2025,0,0.16382517755736464,0,0
936750,Pietro Tornaghi,24/25,2025,0,0.1637365243373792,0,0
823486,Michael Kayode,24/25,2025,1,0.16356452255357268,0,1
153306,Bartosz Kopacz,24/25,2025,0,0.16351808931344466,0,0
1082133,Csongor Komáromi,24/25,2025,0,0.1632112021828549,0,0
483461,Erik Expósito,24/25,2025,0,0.16304980559014512,0,0
525113,Jérémy Mellot,24/25,2025,1,0.16291052871624406,0,1
253210,Nicolai Poulsen,24/25,2025,0,0.162574931524528,0,0
805601,Ben Margetson,24/25,2025,0,0.16195183026273435,0,0
77825,Etrit Berisha,24/25,2025,0,0.1617430807763396,0,0
161057,Carl Klaus,24/25,2025,0,0.16105833188595484,0,0
839789,Bálint Szabó,24/25,2025,0,0.16090060765369288,0,0
581106,Kristian Arnstad,24/25,2025,0,0.16089371665533803,0,0
187353,Milos Degenek,24/25,2025,0,0.1608187645286398,0,0
148817,Szilveszter Hangya,24/25,2025,0,0.1608021841650776,0,0
792380,Aleksandar Pavlovic,24/25,2025,0,0.16060415970402447,0,0
1024171,Taiyu Yamasaki,24/25,2025,0,0.16050823635626515,0,0
796169,Márk Hodonicki,24/25,2025,0,0.16045159933630138,0,0
595781,Jimmy Suárez,24/25,2025,0,0.1604121213473874,0,0
395973,Nikita Golub,24/25,2025,0,0.16017368434149326,0,0
125714,Mark Flekken,24/25,2025,1,0.1599822759633468,0,1
87422,Valentin Roberge,24/25,2025,0,0.1595040320043726,0,0
192169,Jonas Föhrenbach,24/25,2025,0,0.15845080598021352,0,0
607720,Jonas Urbig,24/25,2025,0,0.15840242559396792,0,0
188077,Ryan Christie,24/25,2025,0,0.15826725722754909,0,0
571604,Giorgio Scalvini,24/25,2025,0,0.15767165243536407,0,0
710677,Iker Muñoz,24/25,2025,0,0.15755275074596067,0,0
741257,Álex Jiménez,24/25,2025,1,0.15724800257103982,0,1
866609,Luke Gauer,24/25,2025,0,0.15713843175221334,0,0
399776,Pau Torres,24/25,2025,0,0.15635645619895647,0,0
911955,Morgan Owen,24/25,2025,0,0.15579776819350497,0,0
595653,Anton Dowds,24/25,2025,0,0.15546570478018296,0,0
566723,Michael Olise,24/25,2025,0,0.15513083518211299,0,0
401578,Exequiel Palacios,24/25,2025,0,0.15507519309115722,0,0
240244,Cristian Dell'Orco,24/25,2025,0,0.15489397083869283,0,0
566823,Achraf Dari,24/25,2025,0,0.15469279661564653,0,0
669569,Nicolo Baldani,24/25,2025,0,0.15469169281382528,0,0
459231,Francesco Cerretelli,24/25,2025,0,0.1544256250641154,0,0
889435,Obed Vargas,24/25,2025,0,0.15434016152732324,0,0
667515,Ruben Davies,24/25,2025,0,0.15412003698207855,0,0
116881,Andrey Zaleskiy,24/25,2025,0,0.1540400595071649,0,0
336663,Jassem Mohammed,24/25,2025,0,0.15402440911100254,0,0
373191,Flávio,24/25,2025,0,0.15334476401688713,0,0
182906,Mike Maignan,24/25,2025,0,0.15309384238025533,0,0
261504,Aleix García,24/25,2025,0,0.15290044933021915,0,0
233782,Aïssa Laïdouni,24/25,2025,0,0.1524430527664859,0,0
445616,Gift Links,24/25,2025,0,0.15202612319435285,0,0
711631,Marcelo Expósito,24/25,2025,0,0.151833510958458,0,0
950091,Stefanos Tzimas,24/25,2025,0,0.15160021769445728,0,0
1251246,Moritz Busch,24/25,2025,0,0.15156858366800915,0,0
268216,Marcus Mathisen,24/25,2025,0,0.15140320575778432,0,0
422377,Aboubakary Koita,24/25,2025,0,0.15121644716024632,0,0
246278,Ángel García,24/25,2025,0,0.15095978691785097,0,0
228917,Jorge Miramón,24/25,2025,0,0.1509319737896588,0,0
193033,Tim Kleindienst,24/25,2025,0,0.15092912710247747,0,0
412629,Filip Vasko,24/25,2025,0,0.1506703420344649,0,0
413403,Ezri Konsa,24/25,2025,0,0.15065767861133272,0,0
877872,Ben Hughes,24/25,2025,1,0.15058214543964307,0,1
1270796,Christ Tapé,24/25,2025,0,0.15058117293172468,0,0
875631,Sanders Ngabo,24/25,2025,1,0.15038599725221088,0,1
347594,Florian Miguel,24/25,2025,0,0.15034651690658765,0,0
832462,Krisztián Székely,24/25,2025,0,0.15012188549114117,0,0
289683,Frederik Tingager,24/25,2025,0,0.1500739832756394,0,0
879236,Zé Vítor,24/25,2025,0,0.14995631541624638,0,0
470242,Michalis Ioannou,24/25,2025,0,0.14978125797015743,0,0
867678,Harun Ibrahim,24/25,2025,1,0.14947089492549712,0,1
798043,Tom Rothe,24/25,2025,0,0.14946386630336714,0,0
251836,Robert Taylor,24/25,2025,0,0.1494615568586388,0,0
227084,Benedikt Gimber,24/25,2025,0,0.14887300748716925,0,0
809498,Luca Kerber,24/25,2025,0,0.1488253541558544,0,0
404257,Veljko Nikolic,24/25,2025,0,0.14867826032106232,0,0
591949,Aaron Hickey,24/25,2025,0,0.14844360456626668,0,0
739443,Igor Thiago,24/25,2025,0,0.1484161340226749,0,0
918969,Lamine Camara,24/25,2025,0,0.14818773100688298,0,0
1186500,Ricky-Lee Owen,24/25,2025,0,0.148026830407367,0,0
120980,Aaron Muirhead,24/25,2025,1,0.1479926872254555,0,1
564545,Edmond Tapsoba,24/25,2025,0,0.14734466921145012,0,0
633111,Álex Calatrava,24/25,2025,0,0.14727875627751313,0,0
655488,Gabriel Martinelli,24/25,2025,0,0.1467225338461555,0,0
815237,Tony Reitz,24/25,2025,0,0.14670259232731894,0,0
394327,Boubacar Kamara,24/25,2025,0,0.14638784593305593,0,0
1050212,Nayrobi Vargas,24/25,2025,0,0.14563070821035487,0,0
254997,Francesco Salvemini,24/25,2025,1,0.14533029778429424,0,1
313719,George Oakley,24/25,2025,0,0.14482179392295136,0,0
66501,Robbie Willmott,24/25,2025,0,0.14460454704076672,0,0
134192,Will Richards,24/25,2025,0,0.14455473289662668,0,0
862146,Artem Zimin,24/25,2025,0,0.14450461746452975,0,0
373373,Lucas Martínez Quarta,24/25,2025,0,0.14437255043673927,0,0
260416,Lorenzo Paolucci,24/25,2025,0,0.14425924720087424,0,0
94005,Sead Kolasinac,24/25,2025,0,0.14419726059788618,0,0
146799,Alberto Brignoli,24/25,2025,0,0.14416222165552844,0,0
337062,Ben Thompson,24/25,2025,0,0.14411758581353015,0,0
434981,Toyosi Olusanya,24/25,2025,1,0.14406446326875694,0,1
557407,Devyne Rensch,24/25,2025,0,0.1437255227143495,0,0
1270432,Hunor Kuzma,24/25,2025,0,0.14354952532815707,0,0
341126,Umberto De Lucia,24/25,2025,0,0.14340458510718712,0,0
634267,David González,24/25,2025,0,0.14302951609186912,0,0
78956,Driss Fettouhi,24/25,2025,0,0.14290157147168342,0,0
104223,Jordy Clasie,24/25,2025,0,0.14273045489568933,0,0
940553,Relja Obric,24/25,2025,0,0.14268101933939242,0,0
344695,Dayot Upamecano,24/25,2025,0,0.1425921197329343,0,0
625047,Beñat Prados,24/25,2025,0,0.1424776585828757,0,0
944335,Justin von der Hitz,24/25,2025,1,0.14193756083397435,0,1
503780,Hayden Carter,24/25,2025,0,0.141433677276685,0,0
743598,Ângelo,24/25,2025,0,0.14131786889465003,0,0
169497,Juan Cruz,24/25,2025,0,0.14128018516013893,0,0
511876,Giorgos Naoum,24/25,2025,0,0.1412204289237068,0,0
578392,Maximilian Beier,24/25,2025,0,0.1409229791540027,0,0
731138,Aleksey Abramov,24/25,2025,0,0.14056569391426843,0,0
399668,Yuriy Lovets,24/25,2025,0,0.1403953118582993,0,0
135824,Ryan De Vries,24/25,2025,0,0.14037407623777415,0,0
678991,Ulisses,24/25,2025,0,0.1403314771028847,0,0
228948,Thilo Kehrer,24/25,2025,0,0.14009347164237862,0,0
214538,Matheus Uribe,24/25,2025,0,0.13985752070944857,0,0
315968,James Jones,24/25,2025,0,0.1396412165943256,0,0
187778,Ádám Viczián,24/25,2025,0,0.13960080612994508,0,0
270393,Robert Skov,24/25,2025,0,0.13935501185748048,0,0
433818,Scott Twine,24/25,2025,0,0.13904460635265137,0,0
370789,Julian Ryerson,24/25,2025,0,0.13902664757778388,0,0
832656,Elias Egerton,24/25,2025,0,0.13882866849970588,0,0
541231,Sepp van den Berg,24/25,2025,0,0.13867826769023475,0,0
161056,Joshua Kimmich,24/25,2025,0,0.13848452014490958,0,0
298575,Kike Barja,24/25,2025,0,0.13823806597878835,0,0
929133,Rio Robbemond,24/25,2025,0,0.13775667350374926,0,0
793721,Louis Schmidt,24/25,2025,0,0.13667497608287985,0,0
255501,Iñigo Lekue,24/25,2025,0,0.13661417534600662,0,0
667287,Yasin Ayari,24/25,2025,0,0.13654467326840708,0,0
635371,Daniël Deen,24/25,2025,0,0.13649300940652961,0,0
199221,Andreas Linde,24/25,2025,0,0.13620539857844044,0,0
742274,Christian Intsoen,24/25,2025,0,0.1352509882043178,0,0
1041292,Osian Evans,24/25,2025,1,0.13470341710484446,0,1
934202,Raffaele Romano,24/25,2025,1,0.1342568134657246,0,1
353634,Robert Ljubicic,24/25,2025,0,0.13421787389242368,0,0
357662,Declan Rice,24/25,2025,0,0.13416291977096692,0,0
216399,Philipp Hercher,24/25,2025,0,0.1341463844610431,0,0
435772,Charles De Ketelaere,24/25,2025,0,0.13298710010216017,0,0
388198,Nico Schlotterbeck,24/25,2025,0,0.13296910567456102,0,0
340205,Gorka Guruzeta,24/25,2025,0,0.13270492483897842,0,0
315777,Matthew Olosunde,24/25,2025,1,0.13266265738615282,0,1
456838,Eliot Evans,24/25,2025,0,0.1325885404372966,0,0
1202361,Bradley Burrowes,24/25,2025,0,0.13221928586451032,0,0
339556,Rico Henry,24/25,2025,0,0.13154014097338965,0,0
787907,Benjamin Tahirović,24/25,2025,0,0.13121795690039367,0,0
212198,Vaná Alves,24/25,2025,0,0.13086021901554176,0,0
268185,Joe Williams,24/25,2025,0,0.13084767050155038,0,0
193116,John McGinn,24/25,2025,0,0.13074095724742812,0,0
476344,Emerson Royal,24/25,2025,1,0.12962326408702993,0,1
801029,Enoch Mastoras,24/25,2025,0,0.12933106876120024,0,0
29559,Guillermo Ochoa,24/25,2025,1,0.12925888866140683,0,1
260041,Josef Kvida,24/25,2025,0,0.12919374078506857,0,0
929132,Jeremiah Esajas,24/25,2025,0,0.12873877097810257,0,0
283497,Mathias Honsak,24/25,2025,0,0.12856551119778822,0,0
806948,Frank Feller,24/25,2025,0,0.12773708131831926,0,0
731174,Aleksandr Kuchinskiy,24/25,2025,0,0.1273979355771853,0,0
213260,Rubén García,24/25,2025,0,0.12739626390043962,0,0
12778,David Hutton,24/25,2025,0,0.12707488825935748,0,0
119296,Emre Can,24/25,2025,0,0.12687236119280906,0,0
270609,Róbert Kővári,24/25,2025,0,0.125980827319666,0,0
925505,Giovanni Giunti,24/25,2025,0,0.12594792962330703,0,0
297277,Aidan Wilson,24/25,2025,0,0.12544192643231902,0,0
67063,Danny Welbeck,24/25,2025,0,0.12527892554855757,0,0
581357,Jan Schöppner,24/25,2025,0,0.12490699901400877,0,0
532776,Amine Adli,24/25,2025,1,0.12466741420283195,0,1
1131973,Jack Porter,24/25,2025,0,0.12463602559658717,0,0
353892,Hiroki Ito,24/25,2025,0,0.12435505198494246,0,0
975139,Wilmer Olofsson,24/25,2025,1,0.12432046813732513,0,1
249565,Youri Tielemans,24/25,2025,0,0.12426323255903024,0,0
918867,Zack Clarke,24/25,2025,1,0.12425870255621194,0,1
46413,Ante Budimir,24/25,2025,0,0.12413991488949144,0,0
205809,Marcus Rohdén,24/25,2025,0,0.1240153427284843,0,0
555500,Jorge Herrando,24/25,2025,0,0.1239665307278699,0,0
591916,Aitor Paredes,24/25,2025,0,0.12386871418922057,0,0
704772,Rome-Jayden Owusu-Oduro,24/25,2025,0,0.12376129080947658,0,0
156764,Gavin Reilly,24/25,2025,0,0.12313458173043697,0,0
270171,Vitaly Janelt,24/25,2025,0,0.12234991148696754,0,0
580195,Jamal Musiala,24/25,2025,0,0.1221146069581748,0,0
196357,Jonathan Tah,24/25,2025,1,0.12168683122082999,0,1
410696,Anthony Landázuri,24/25,2025,0,0.12140099320101884,0,0
463792,Luca Gemello,24/25,2025,0,0.12135168965150998,0,0
543382,Mohamed Camara,24/25,2025,0,0.12069826679668674,0,0
555194,Mathías Tomás,24/25,2025,1,0.12042163666426171,0,1
433177,Bukayo Saka,24/25,2025,0,0.1200784246843127,0,0
284732,Ramy Bensebaini,24/25,2025,0,0.1191725155804187,0,0
697280,George Earthy,24/25,2025,0,0.11865330657329838,0,0
980134,Maksim Samotoy,24/25,2025,0,0.1184921988204792,0,0
485706,Amadou Onana,24/25,2025,0,0.11798645300559195,0,0
819798,Jacob Andersen,24/25,2025,0,0.11789686444999922,0,0
1005240,Christian Mawissa,24/25,2025,0,0.11766091919635505,0,0
293785,Aidan McAdams,24/25,2025,0,0.11714660886527432,0,0
47594,Zlatan Alomerovic,24/25,2025,0,0.11677772328003676,0,0
929130,Mathijs Menu,24/25,2025,0,0.1164380607663898,0,0
152419,David Gold,24/25,2025,0,0.11582691840375446,0,0
366458,Kalle Joelsson,24/25,2025,0,0.11577744851591362,0,0
740550,Vladislav Davydov,24/25,2025,0,0.11542585006081488,0,0
595936,Misha Engel,24/25,2025,1,0.11535284559444717,0,1
936739,Dominic Vavassori,24/25,2025,0,0.11521528948270211,0,0
1023784,Robert Kampa,24/25,2025,0,0.11521200756349345,0,0
921521,Dylan MacDonald,24/25,2025,0,0.11495702313667046,0,0
392710,Lennard Maloney,24/25,2025,0,0.11454204201563285,0,0
502821,Riccardo Calafiori,24/25,2025,0,0.11451079049674141,0,0
152093,Anderson Correia,24/25,2025,0,0.11417936570601182,0,0
929966,Nico Vidic,24/25,2025,0,0.1140681642199116,0,0
118050,Aleksandr Skshinetskiy,24/25,2025,0,0.11309084956919069,0,0
479202,Ryan Sears,24/25,2025,0,0.11285458695450032,0,0
906969,Daniel Gleiber,24/25,2025,1,0.1120400597368793,0,1
425334,Matty Cash,24/25,2025,0,0.1112746162028007,0,0
90035,Kristinn Jónsson,24/25,2025,0,0.11114497452094328,0,0
117478,Marnon Busch,24/25,2025,0,0.11106615659051634,0,0
890721,Myles Lewis-Skelly,24/25,2025,0,0.11067315364461218,0,0
331560,Takehiro Tomiyasu,24/25,2025,1,0.11025521931505318,0,1
185164,Jacob Barrett Laursen,24/25,2025,0,0.11021177603308496,0,0
406640,Felix Nmecha,24/25,2025,0,0.1097388810977174,0,0
646707,Wouter Goes,24/25,2025,0,0.10973352937953763,0,0
341466,Tobias Mölgaard,24/25,2025,0,0.10964683153026078,0,0
309400,Kai Havertz,24/25,2025,0,0.10948288684075609,0,0
199325,Ander Cantero,24/25,2025,0,0.10945067132821802,0,0
1069538,Jake Morris,24/25,2025,0,0.10935524463489928,0,0
253905,Grego Sierra,24/25,2025,0,0.10928436199343133,0,0
576094,Kevin Toppenberg,24/25,2025,0,0.10902416010459003,0,0
733438,Seiya Maikuma,24/25,2025,0,0.10826126271121037,0,0
191792,Craig Watson,24/25,2025,1,0.10731266278853545,0,1
531236,Callum Sainty,24/25,2025,0,0.10618188964821784,0,0
442891,Martin Terrier,24/25,2025,0,0.10599553812029518,0,0
1067439,Fritz Fleck,24/25,2025,0,0.10572039062274058,0,0
483916,Lazaros Rota,24/25,2025,0,0.10562173126161739,0,0
686692,Gruff John,24/25,2025,1,0.10455003125870478,0,1
89086,Aleksandr Kokorin,24/25,2025,0,0.10344394511762131,0,0
776880,Lev Lenssen,24/25,2025,1,0.1034405810251536,0,1
270541,Serhou Guirassy,24/25,2025,0,0.1032455896734414,0,0
282095,Viktor Karl Einarsson,24/25,2025,0,0.10201404808885249,0,0
111873,Emiliano Martínez,24/25,2025,0,0.10179328115581958,0,0
342223,Kévin Appin,24/25,2025,0,0.10178252559587615,0,0
751701,Kian Jenkins,24/25,2025,0,0.10171981651976064,0,0
223727,Godswill Ekpolo,24/25,2025,0,0.10138754691917869,0,0
1008564,Billy van Duijl,24/25,2025,0,0.1011100701764806,0,0
222209,Thomas Strakosha,24/25,2025,0,0.10100294373995948,0,0
251302,Niklas Dorsch,24/25,2025,0,0.10032139223883517,0,0
1048147,Federico Cassa,24/25,2025,0,0.09962967913062237,0,0
295073,Kleton Perntreou,24/25,2025,1,0.09909285960354668,0,1
300168,Mikel Vesga,24/25,2025,0,0.0989628730333834,0,0
449796,Alejandro Catena,24/25,2025,0,0.09836034342347624,0,0
253677,Tyrone Mings,24/25,2025,0,0.09790222698801677,0,0
662065,Stanislav Lomako,24/25,2025,1,0.09764115038394071,0,1
73564,Jason Steele,24/25,2025,0,0.09745313665237255,0,0
1115746,Kirill Malykh,24/25,2025,0,0.09729100597567021,0,0
414799,Lewis Strapp,24/25,2025,0,0.09691519292859738,0,0
1064920,Unknown Player,24/25,2025,0,0.09671699349539926,0,0
834752,Unai Gómez,24/25,2025,0,0.09655766654939357,0,0
504616,Tom Price,24/25,2025,0,0.09647860265341728,0,0
213670,Lucas Torró,24/25,2025,0,0.09643179159712865,0,0
671649,Álvaro Djaló,24/25,2025,1,0.0963166542422972,0,1
617141,Pavel Seleznev,24/25,2025,0,0.09605533899047257,0,0
185195,Nikko Boxall,24/25,2025,0,0.0959481767575852,0,0
1009463,Niklas Swider,24/25,2025,0,0.0959307554556048,0,0
946385,Arseniy Skopets,24/25,2025,0,0.09581676627286663,0,0
708635,Lorenzo Bernasconi,24/25,2025,0,0.09567283055112596,0,0
675623,Job Kalisvaart,24/25,2025,1,0.09549729578743077,0,1
133731,Patrick Mainka,24/25,2025,0,0.09493956898922419,0,0
228727,Pedro Miguel,24/25,2025,0,0.0938390621420592,0,0
158534,Max Power,24/25,2025,1,0.09369596933648397,0,1
926301,Tiago Pereira Cardoso,24/25,2025,0,0.09310407376347367,0,0
1134119,Digne Kaelas Pounga,24/25,2025,0,0.0921910564490046,0,0
316264,Martin Ødegaard,24/25,2025,0,0.09100552799457252,0,0
257814,Gregor Kobel,24/25,2025,0,0.09048931821311186,0,0
424013,Lewis McGrattan,24/25,2025,0,0.09022412425385105,0,0
929128,Koen Schilder,24/25,2025,0,0.0901797381135429,0,0
633655,Chris Mochrie,24/25,2025,0,0.08985693985760093,0,0
530173,Julian Niehues,24/25,2025,0,0.08963114919261388,0,0
538977,Georginio Rutter,24/25,2025,0,0.08958893862744935,0,0
495666,William Saliba,24/25,2025,0,0.089568844949391,0,0
956605,Zsombor Petroff,24/25,2025,0,0.08934722992348405,0,0
75890,Kristoffer Nordfeldt,24/25,2025,0,0.08930656862863698,0,0
122842,Joel Edwards,24/25,2025,0,0.08926565038489145,0,0
420243,Jurriën Timber,24/25,2025,0,0.08859767347824493,0,0
179451,Donald Love,24/25,2025,0,0.08813607841257766,0,0
424204,Alphonso Davies,24/25,2025,0,0.087996994962542,0,0
731130,Nikita Patsenko,24/25,2025,0,0.08714934253662492,0,0
973085,Carlos Baleba,24/25,2025,0,0.08684393986111942,0,0
335721,Ben White,24/25,2025,0,0.08605684825593546,0,0
848757,Rayan Atikallah,24/25,2025,0,0.085878733446122,0,0
658115,Abel Bretones,24/25,2025,0,0.08554493860148628,0,0
964204,Gavin Gallagher,24/25,2025,0,0.08519492718665432,0,0
187492,Julian Brandt,24/25,2025,0,0.08494260804332604,0,0
710671,Adama Boiro,24/25,2025,0,0.08470083275704421,0,0
418561,Kristoffer Klaesson,24/25,2025,0,0.08463488646601136,0,0
702447,Nick Twisk,24/25,2025,0,0.08397347048308862,0,0
394844,Unknown Player,24/25,2025,0,0.08220559317878147,0,0
148153,Lewis Dunk,24/25,2025,0,0.08186708030637758,0,0
832896,Jack Wilkie,24/25,2025,0,0.08155539617468215,0,0
212847,Adam Webster,24/25,2025,0,0.08125129430720454,0,0
456807,Will Fuller,24/25,2025,0,0.0810581654335175,0,0
541555,Enzo Boyomo,24/25,2025,0,0.0810411009073591,0,0
264913,Adam Mitchell,24/25,2025,0,0.0800784520874844,0,0
248738,Sergio Herrera,24/25,2025,0,0.07977618496449522,0,0
644159,Unknown Player,24/25,2025,0,0.07838466802840108,0,0
338424,Mikel Merino,24/25,2025,0,0.0782848605665907,0,0
82873,Pascal Groß,24/25,2025,0,0.0781706534998895,0,0
566879,Unknown Player,24/25,2025,0,0.07814981724286728,0,0
147462,Alexander Callens,24/25,2025,0,0.07801052392722445,0,0
255488,Yeray Álvarez,24/25,2025,0,0.07701010712991706,0,0
552425,Jon Moncayola,24/25,2025,0,0.07649706135706394,0,0
915269,Vladislav Drapeza,24/25,2025,1,0.0763289861434952,0,1
1172422,Filip Öhman,24/25,2025,0,0.07603871437500243,0,0
338425,Álex Berenguer,24/25,2025,0,0.07595848792028294,0,0
576314,Jan Paul van Hecke,24/25,2025,0,0.07502908672564426,0,0
3333,James Milner,24/25,2025,0,0.07475596165846911,0,0
289255,Andoni Gorosabel,24/25,2025,0,0.0743738356786669,0,0
126751,Iñigo Ruiz de Galarreta,24/25,2025,0,0.07432757544694785,0,0
286328,Scott Stewart,24/25,2025,0,0.07374654157537827,0,0
962154,Albert Navarro,24/25,2025,0,0.07247357727177396,0,0
535927,Luke McNally,24/25,2025,0,0.07141954122199731,0,0
380350,Igor Julio,24/25,2025,1,0.07125858456292036,0,1
193004,Waldemar Anton,24/25,2025,0,0.07061525186949305,0,0
798050,Gavin Beavers,24/25,2025,0,0.07028715477497723,0,0
61812,Yuri Berchiche,24/25,2025,0,0.07011139718639679,0,0
111195,Joël Veltman,24/25,2025,0,0.06922923834116108,0,0
271773,Franz Brorsson,24/25,2025,1,0.06897041238895577,0,1
996897,Diego Gómez,24/25,2025,0,0.06780161922216814,0,0
435338,Gabriel Magalhães,24/25,2025,0,0.0664353798828156,0,0
1012534,Yankuba Minteh,24/25,2025,0,0.06560957804245773,0,0
457778,Unknown Player,24/25,2025,0,0.06539528607189209,0,0
255508,Iñaki Williams,24/25,2025,0,0.06533561451789685,0,0
99343,Ander Herrera,24/25,2025,0,0.0647738321035094,0,0
1190206,Hari Thomas,24/25,2025,0,0.06473531207160572,0,0
330795,Caniggia Elva,24/25,2025,0,0.06451201576630415,0,0
824312,Unknown Player,24/25,2025,0,0.06449418553530759,0,0
198104,Unknown Player,24/25,2025,0,0.06252002156226688,0,0
209212,Solly March,24/25,2025,0,0.062237116535364366,0,0
1123649,Pavel Dubovskiy,24/25,2025,0,0.06210199537117253,0,0
1277787,Unknown Player,24/25,2025,0,0.06162467872830019,0,0
45228,Ryan Flynn,24/25,2025,0,0.06113727752190183,0,0
822917,Adam Davies,24/25,2025,0,0.06103882567341284,0,0
392378,Darren Thomas,24/25,2025,0,0.06068028199668981,0,0
636390,Unknown Player,24/25,2025,0,0.06003418431580316,0,0
262749,David Raya,24/25,2025,0,0.05963295975852981,0,0
617928,Unknown Player,24/25,2025,0,0.059556312509750756,0,0
531288,Mathew Jones,24/25,2025,0,0.05873042909579491,0,0
200615,Unknown Player,24/25,2025,0,0.05869954183171452,0,0
792548,Unknown Player,24/25,2025,0,0.05797761136989778,0,0
565093,Bart Verbruggen,24/25,2025,0,0.057624957597844764,0,0
349599,Pervis Estupiñán,24/25,2025,1,0.0567192935586247,0,1
748839,Phil Mooney,24/25,2025,0,0.05550042821600668,0,0
934317,Maxim Dal,24/25,2025,1,0.055178334921527177,0,1
423608,Unknown Player,24/25,2025,0,0.05494358313310479,0,0
635324,Unknown Player,24/25,2025,0,0.05460099779441267,0,0
474152,Valeriy Potorocha,24/25,2025,1,0.05384390916760611,0,1
957241,Elijah Dijkstra,24/25,2025,0,0.053831662816037754,0,0
504849,Kaoru Mitoma,24/25,2025,0,0.05382484633402519,0,0
1196829,Unknown Player,24/25,2025,0,0.05233821922034491,0,0
344569,Vladislav Kabachevskiy,24/25,2025,1,0.05139902074272039,0,1
267328,Danny Gosset,24/25,2025,0,0.050948938497909005,0,0
543103,Unknown Player,24/25,2025,0,0.050708091882030445,0,0
262396,Unai Simón,24/25,2025,0,0.05064164425413427,0,0
1175145,Unknown Player,24/25,2025,0,0.050619915599773996,0,0
504148,Tariq Lamptey,24/25,2025,1,0.048546856910178696,0,1
199736,Unknown Player,24/25,2025,0,0.04643796326585063,0,0
457442,Unknown Player,24/25,2025,0,0.04579414783125446,0,0
797802,Nikita Sokolovskiy,24/25,2025,0,0.045364273891952495,0,0
1176866,Unknown Player,24/25,2025,0,0.04534813788153265,0,0
1027446,Unknown Player,24/25,2025,0,0.04528092592129622,0,0
816502,Unknown Player,24/25,2025,1,0.044727019314587016,0,1
935517,Unknown Player,24/25,2025,0,0.044402843891972694,0,0
415381,Mats Wieffer,24/25,2025,0,0.044163100831217106,0,0
708080,Unknown Player,24/25,2025,0,0.044077344053570104,0,0
404268,Unknown Player,24/25,2025,0,0.0436946609257613,0,0
666168,Unknown Player,24/25,2025,0,0.04362976120722741,0,0
1057582,Unknown Player,24/25,2025,0,0.0436092829619673,0,0
426428,Paulo Mendes,24/25,2025,0,0.04359157585450873,0,0
630985,Unknown Player,24/25,2025,0,0.04266072727300348,0,0
659570,Vladislav Solanovich,24/25,2025,0,0.04229922404012138,0,0
504969,Unknown Player,24/25,2025,0,0.041985111087484615,0,0
942414,Unknown Player,24/25,2025,0,0.04177214703584903,0,0
406634,Matt O'Riley,24/25,2025,1,0.041656756128558535,0,1
571020,Oihan Sancet,24/25,2025,0,0.04144675384824643,0,0
445037,Unknown Player,24/25,2025,0,0.04110414507892418,0,0
938729,Mikel Jauregizar,24/25,2025,0,0.041087425674453885,0,0
711633,Unknown Player,24/25,2025,0,0.040816477875407084,0,0
507354,Unknown Player,24/25,2025,0,0.04077548453458188,0,0
743381,Unknown Player,24/25,2025,0,0.040135006636554116,0,0
1048151,Unknown Player,24/25,2025,0,0.03985627840337348,0,0
872742,Unknown Player,24/25,2025,0,0.03961380172486985,0,0
895335,Unknown Player,24/25,2025,0,0.03957552182987472,0,0
241471,Unknown Player,24/25,2025,0,0.03941301726541603,0,0
376083,Unknown Player,24/25,2025,0,0.03941171194726392,0,0
547248,Unknown Player,24/25,2025,0,0.03886204572756242,0,0
524000,Dani Vivian,24/25,2025,0,0.03823149824677263,0,0
277381,Unknown Player,24/25,2025,0,0.03805040941229426,0,0
435501,Unknown Player,24/25,2025,0,0.03803547714932999,0,0
90681,Unknown Player,24/25,2025,0,0.03800081846382215,0,0
1147403,Unknown Player,24/25,2025,0,0.0375479395424756,0,0
967813,Unknown Player,24/25,2025,0,0.03682561183857772,0,0
636712,Unknown Player,24/25,2025,0,0.03655977305503744,0,0
611498,Unknown Player,24/25,2025,0,0.03629318569289838,0,0
945709,Unknown Player,24/25,2025,0,0.036161242853865114,0,0
1154305,Unknown Player,24/25,2025,0,0.0360488026024795,0,0
1090830,Unknown Player,24/25,2025,0,0.035605807529890635,0,0
195720,Unknown Player,24/25,2025,0,0.03546028042498021,0,0
724112,Unknown Player,24/25,2025,0,0.03544349493889782,0,0
1380598,Unknown Player,24/25,2025,0,0.035393999258463996,0,0
949275,Unknown Player,24/25,2025,0,0.03534839389413157,0,0
998196,Unknown Player,24/25,2025,0,0.035302446487389325,0,0
1120251,Unknown Player,24/25,2025,0,0.03529794351237638,0,0
185551,Unknown Player,24/25,2025,0,0.034956733908053116,0,0
692463,Unknown Player,24/25,2025,0,0.03493366479027789,0,0
459102,Unknown Player,24/25,2025,0,0.0343044104277521,0,0
470267,Pavel Gorbach,24/25,2025,0,0.03400492929627027,0,0
1077728,Unknown Player,24/25,2025,0,0.03387863325260817,0,0
1084447,Unknown Player,24/25,2025,0,0.03387665871467658,0,0
459482,Unknown Player,24/25,2025,0,0.03343887421223995,0,0
369316,Ferdi Kadıoğlu,24/25,2025,0,0.03343754198814998,0,0
165007,Unknown Player,24/25,2025,0,0.033279148105532445,0,0
116231,Unknown Player,24/25,2025,0,0.03311225168328018,0,0
1055221,Unknown Player,24/25,2025,0,0.03301973512930357,0,0
1329955,Osian Ellis,24/25,2025,0,0.03290951343732159,0,0
521956,Unknown Player,24/25,2025,0,0.03281605742482786,0,0
709187,Nico Williams,24/25,2025,0,0.032769871303190326,0,0
666588,Unknown Player,24/25,2025,0,0.03273671831527905,0,0
1277195,Unknown Player,24/25,2025,0,0.03261435542823533,0,0
369267,Unknown Player,24/25,2025,0,0.032535796464272716,0,0
930756,Unknown Player,24/25,2025,0,0.032334336931872314,0,0
336931,Unknown Player,24/25,2025,0,0.03210598755596187,0,0
499758,Unknown Player,24/25,2025,0,0.03189773855065065,0,0
1214452,Unknown Player,24/25,2025,0,0.031897472482785634,0,0
636120,Unknown Player,24/25,2025,0,0.03170872751130149,0,0
943636,Unknown Player,24/25,2025,0,0.031545052075012105,0,0
637013,Unknown Player,24/25,2025,0,0.03142967747776408,0,0
761482,Unknown Player,24/25,2025,0,0.031397342624273794,0,0
743597,Unknown Player,24/25,2025,0,0.031299851055191716,0,0
549313,Unknown Player,24/25,2025,0,0.031160820139354634,0,0
664622,Unknown Player,24/25,2025,0,0.03108721908532947,0,0
885179,Unknown Player,24/25,2025,0,0.031048614519322913,0,0
536506,Unknown Player,24/25,2025,0,0.031019684952301108,0,0
453508,Unknown Player,24/25,2025,0,0.030959311860306458,0,0
166661,Unknown Player,24/25,2025,0,0.030947638675693355,0,0
1175205,Unknown Player,24/25,2025,0,0.03082883096321385,0,0
796678,Unknown Player,24/25,2025,0,0.03077542528660473,0,0
459374,Unknown Player,24/25,2025,0,0.03077496700047327,0,0
189231,Unknown Player,24/25,2025,0,0.0307351128599319,0,0
601405,Unknown Player,24/25,2025,0,0.030699651454094715,0,0
1326685,Unknown Player,24/25,2025,0,0.030336474422763503,0,0
1059299,Unknown Player,24/25,2025,0,0.030310273559663974,0,0
594227,Unknown Player,24/25,2025,0,0.03030222889818511,0,0
987442,Unknown Player,24/25,2025,0,0.03025972819386253,0,0
1136532,Unknown Player,24/25,2025,0,0.030223911336282407,0,0
175323,Unknown Player,24/25,2025,0,0.03014624761225209,0,0
808213,Unknown Player,24/25,2025,0,0.03013149558353709,0,0
562077,Yuriy Kozlov,24/25,2025,0,0.030082802133157876,0,0
223997,Unknown Player,24/25,2025,0,0.030081940109338717,0,0
355630,Unknown Player,24/25,2025,0,0.029958931579685412,0,0
815523,Unknown Player,24/25,2025,0,0.029723972766188697,0,0
820285,Unknown Player,24/25,2025,0,0.02970286108113681,0,0
899819,Unknown Player,24/25,2025,0,0.029411882522550448,0,0
279144,Unknown Player,24/25,2025,0,0.02928867395422655,0,0
168088,Unknown Player,24/25,2025,0,0.029263634187189143,0,0
741501,Unknown Player,24/25,2025,0,0.02924915713463987,0,0
183166,Unknown Player,24/25,2025,0,0.029234389348983533,0,0
939344,Unknown Player,24/25,2025,0,0.029213438432706847,0,0
599115,Unknown Player,24/25,2025,0,0.02916244893412118,0,0
1197868,Unknown Player,24/25,2025,0,0.028936515160198302,0,0
288716,Unknown Player,24/25,2025,0,0.028689352742973906,0,0
826724,Danila Sokol,24/25,2025,0,0.02834071270040288,0,0
975138,Unknown Player,24/25,2025,0,0.028277753131779677,0,0
171731,Semen Shestilovskiy,24/25,2025,0,0.02821478851509444,0,0
858324,Unknown Player,24/25,2025,0,0.02816699576962715,0,0
661150,Unknown Player,24/25,2025,0,0.028115102898332328,0,0
440312,Unknown Player,24/25,2025,0,0.028105347756519402,0,0
213988,Unknown Player,24/25,2025,0,0.0280854135029985,0,0
702167,Unknown Player,24/25,2025,0,0.02805533544679186,0,0
1279791,Unknown Player,24/25,2025,0,0.02796196928918582,0,0
867688,Jack Hinshelwood,24/25,2025,0,0.02785667847023938,0,0
511025,Unknown Player,24/25,2025,0,0.027849224462628958,0,0
542336,Unknown Player,24/25,2025,0,0.027752356812758786,0,0
384789,Unknown Player,24/25,2025,0,0.027579897736605755,0,0
229012,Unknown Player,24/25,2025,0,0.027453752754464864,0,0
696348,Unknown Player,24/25,2025,1,0.02730318309738041,0,1
576027,Unknown Player,24/25,2025,0,0.027294837186568086,0,0
748720,Unknown Player,24/25,2025,1,0.027080907742522385,0,1
921203,Unknown Player,24/25,2025,0,0.026962535026797966,0,0
601166,Unknown Player,24/25,2025,0,0.02675575403371096,0,0
963786,Unknown Player,24/25,2025,0,0.02670983389467208,0,0
446708,Unknown Player,24/25,2025,0,0.026646894065165273,0,0
200062,Unknown Player,24/25,2025,0,0.02652269054692672,0,0
525576,Unknown Player,24/25,2025,0,0.02646925712692923,0,0
253341,Unknown Player,24/25,2025,0,0.02643164759006299,0,0
1048199,Unknown Player,24/25,2025,0,0.026427134770468104,0,0
191745,Unknown Player,24/25,2025,0,0.026360541012884937,0,0
259464,Unknown Player,24/25,2025,0,0.02629814790940728,0,0
508780,Unknown Player,24/25,2025,0,0.026229746355020667,0,0
860694,Unknown Player,24/25,2025,0,0.026171316475626632,0,0
58088,Unknown Player,24/25,2025,0,0.02608242921247584,0,0
531437,Unknown Player,24/25,2025,0,0.02595102195109392,0,0
1042499,Unknown Player,24/25,2025,0,0.02581034732627587,0,0
617905,Unknown Player,24/25,2025,0,0.025594921596819694,0,0
702326,Unknown Player,24/25,2025,0,0.025586624411821055,0,0
1105972,Unknown Player,24/25,2025,0,0.025446033063039778,0,0
183383,Unknown Player,24/25,2025,0,0.025402514958966185,0,0
979754,Unknown Player,24/25,2025,0,0.025313470771398974,0,0
550492,Unknown Player,24/25,2025,0,0.02529314677417923,0,0
545567,Unknown Player,24/25,2025,0,0.025263067270791136,0,0
200195,Unknown Player,24/25,2025,0,0.025234557089960308,0,0
824128,Unknown Player,24/25,2025,0,0.025156328224733238,0,0
1095546,Unknown Player,24/25,2025,0,0.025155059877697606,0,0
187364,Unknown Player,24/25,2025,0,0.0251190292330876,0,0
447216,Unknown Player,24/25,2025,0,0.02511267896838633,0,0
991773,Unknown Player,24/25,2025,0,0.025056433184480826,0,0
1013853,Unknown Player,24/25,2025,0,0.02505478916297193,0,0
692208,Unknown Player,24/25,2025,0,0.02499624841012683,0,0
94037,Unknown Player,24/25,2025,0,0.024936374671445036,0,0
1043709,Unknown Player,24/25,2025,0,0.02493249991859927,0,0
631093,Unknown Player,24/25,2025,0,0.024900726892110002,0,0
646404,Unknown Player,24/25,2025,0,0.02481829337703661,0,0
1064471,Unknown Player,24/25,2025,0,0.024616813015519906,0,0
458739,Unknown Player,24/25,2025,0,0.024587391100688364,0,0
631094,Unknown Player,24/25,2025,0,0.024565779589227815,0,0
1082850,Unknown Player,24/25,2025,0,0.02454730303806589,0,0
724068,Unknown Player,24/25,2025,0,0.024442785205459484,0,0
126161,Unknown Player,24/25,2025,1,0.02443085922026462,0,1
719683,Unknown Player,24/25,2025,0,0.02434260537542245,0,0
348768,Unknown Player,24/25,2025,0,0.02433247416117758,0,0
229003,Unknown Player,24/25,2025,0,0.024278983942522588,0,0
939374,Unknown Player,24/25,2025,0,0.02421367324238868,0,0
439341,Unknown Player,24/25,2025,0,0.024085527691202972,0,0
1225835,Unknown Player,24/25,2025,0,0.02405882718762837,0,0
1060893,Unknown Player,24/25,2025,0,0.023942237803087286,0,0
463178,Unknown Player,24/25,2025,0,0.02390260792966116,0,0
160350,Unknown Player,24/25,2025,0,0.023863674506112084,0,0
512111,Unknown Player,24/25,2025,0,0.023811400081222664,0,0
860078,Unknown Player,24/25,2025,0,0.023760180669437452,0,0
349712,Unknown Player,24/25,2025,0,0.02375057238085211,0,0
1166976,Unknown Player,24/25,2025,0,0.023589772383545603,0,0
1200586,Unknown Player,24/25,2025,0,0.0235783965998246,0,0
890421,Unknown Player,24/25,2025,0,0.023547090026408098,0,0
816006,Unknown Player,24/25,2025,0,0.02350614282547031,0,0
803839,Unknown Player,24/25,2025,0,0.023412103887569407,0,0
1079186,Unknown Player,24/25,2025,0,0.023325024521937625,0,0
250543,Unknown Player,24/25,2025,0,0.023240524165199276,0,0
709215,Unknown Player,24/25,2025,0,0.02323250018821335,0,0
1099555,Unknown Player,24/25,2025,0,0.023216278047829463,0,0
832992,Unknown Player,24/25,2025,0,0.02319793501696357,0,0
636686,Unknown Player,24/25,2025,0,0.02317807960716413,0,0
617698,Unknown Player,24/25,2025,0,0.023140743236516815,0,0
304042,Unknown Player,24/25,2025,0,0.023055495178703086,0,0
1003088,Unknown Player,24/25,2025,0,0.02303354190774161,0,0
1176544,Unknown Player,24/25,2025,0,0.022929627124835827,0,0
1187470,Unknown Player,24/25,2025,0,0.02277048581968945,0,0
595901,Unknown Player,24/25,2025,0,0.022634777615912094,0,0
599231,Unknown Player,24/25,2025,0,0.022565630168927178,0,0
457875,Unknown Player,24/25,2025,0,0.02252181803030662,0,0
358874,Unknown Player,24/25,2025,0,0.022502213909848464,0,0
597083,Unknown Player,24/25,2025,0,0.022410336549056713,0,0
815583,Unknown Player,24/25,2025,0,0.022351168376383065,0,0
50219,Unknown Player,24/25,2025,0,0.02229869770530025,0,0
102427,Unknown Player,24/25,2025,0,0.022234961117263585,0,0
222977,Unknown Player,24/25,2025,0,0.02218285334866459,0,0
321234,Unknown Player,24/25,2025,0,0.022143158920315646,0,0
1107973,Unknown Player,24/25,2025,0,0.022065919522841513,0,0
795437,Unknown Player,24/25,2025,0,0.022017398966882578,0,0
496996,Unknown Player,24/25,2025,0,0.02201286409496104,0,0
928032,Unknown Player,24/25,2025,0,0.021901885724120034,0,0
568157,Unknown Player,24/25,2025,0,0.021777332968377507,0,0
135872,Unknown Player,24/25,2025,0,0.02168187168742466,0,0
452477,Unknown Player,24/25,2025,0,0.02159637386580966,0,0
183198,Unknown Player,24/25,2025,0,0.02147468673464262,0,0
936571,Unknown Player,24/25,2025,0,0.021311898669666356,0,0
703767,Unknown Player,24/25,2025,0,0.02127607141140127,0,0
912443,Unknown Player,24/25,2025,0,0.021197663001129106,0,0
297194,Unknown Player,24/25,2025,0,0.021125565488964576,0,0
1110023,Unknown Player,24/25,2025,0,0.021070720743129368,0,0
156575,Unknown Player,24/25,2025,0,0.02104120349873932,0,0
892932,Unknown Player,24/25,2025,0,0.020952037722689477,0,0
552927,Unknown Player,24/25,2025,0,0.02085904616932595,0,0
610889,Unknown Player,24/25,2025,0,0.020708582466460464,0,0
540690,Unknown Player,24/25,2025,0,0.020658020957960283,0,0
515112,Unknown Player,24/25,2025,1,0.02052161054328324,0,1
837269,Unknown Player,24/25,2025,0,0.02051407201812064,0,0
650224,Unknown Player,24/25,2025,0,0.02051007835262253,0,0
226169,Unknown Player,24/25,2025,0,0.02044192038124234,0,0
991458,Unknown Player,24/25,2025,0,0.020410385460231977,0,0
711381,Unknown Player,24/25,2025,0,0.020233683508539112,0,0
537371,Unknown Player,24/25,2025,0,0.020231291478334145,0,0
632904,Unknown Player,24/25,2025,0,0.020211394013137565,0,0
1073288,Unknown Player,24/25,2025,0,0.020102192512883962,0,0
1058396,Unknown Player,24/25,2025,0,0.020028382882917466,0,0
549384,Unknown Player,24/25,2025,0,0.02002133491175917,0,0
699783,Unknown Player,24/25,2025,0,0.019931373128860678,0,0
229817,Unknown Player,24/25,2025,0,0.019925683634234297,0,0
24846,Unknown Player,24/25,2025,0,0.01980733097099039,0,0
567102,Unknown Player,24/25,2025,0,0.01978714748826325,0,0
537143,Unknown Player,24/25,2025,0,0.0197046731225811,0,0
471692,Unknown Player,24/25,2025,0,0.01970033523325183,0,0
678447,Unknown Player,24/25,2025,0,0.019644931520082756,0,0
236168,Unknown Player,24/25,2025,0,0.019630528129874418,0,0
670717,Unknown Player,24/25,2025,0,0.01958395382715767,0,0
388121,Unknown Player,24/25,2025,0,0.019577713497993893,0,0
412366,Unknown Player,24/25,2025,0,0.019471050243330807,0,0
176412,Unknown Player,24/25,2025,0,0.019426250740366253,0,0
841107,Unknown Player,24/25,2025,0,0.019358421099512885,0,0
581326,Unknown Player,24/25,2025,0,0.01924153557922138,0,0
220496,Unknown Player,24/25,2025,0,0.019228185256451598,0,0
463339,Unknown Player,24/25,2025,0,0.019161844885778018,0,0
453704,Unknown Player,24/25,2025,0,0.019156995808626613,0,0
1175538,Unknown Player,24/25,2025,0,0.01909176064728871,0,0
82011,Unknown Player,24/25,2025,0,0.019065684490064728,0,0
1188666,Unknown Player,24/25,2025,0,0.019039196995755632,0,0
30677,Unknown Player,24/25,2025,0,0.018934162640076614,0,0
1084065,Unknown Player,24/25,2025,0,0.01883442271226278,0,0
567465,Unknown Player,24/25,2025,0,0.01879753366036257,0,0
511545,Unknown Player,24/25,2025,0,0.018795832776828503,0,0
107612,Unknown Player,24/25,2025,0,0.018536931344542342,0,0
559335,Unknown Player,24/25,2025,0,0.018528495076977975,0,0
571422,Unknown Player,24/25,2025,0,0.018459779297365513,0,0
1187524,Unknown Player,24/25,2025,0,0.01844394916952615,0,0
451677,Unknown Player,24/25,2025,0,0.018404917036187126,0,0
963675,Unknown Player,24/25,2025,0,0.018302805748332755,0,0
353479,Unknown Player,24/25,2025,0,0.0182927650595356,0,0
197272,Unknown Player,24/25,2025,0,0.018284617988399192,0,0
1004327,Unknown Player,24/25,2025,0,0.01828420793049904,0,0
1184913,Unknown Player,24/25,2025,0,0.018280939647954252,0,0
20137,Unknown Player,24/25,2025,0,0.018269784135064866,0,0
401437,Unknown Player,24/25,2025,0,0.018229141591109926,0,0
383165,Unknown Player,24/25,2025,0,0.018217325881947685,0,0
718177,Unknown Player,24/25,2025,0,0.018213017353171854,0,0
1068318,Unknown Player,24/25,2025,0,0.01810582149088531,0,0
849632,Unknown Player,24/25,2025,0,0.018103730543564667,0,0
866241,Unknown Player,24/25,2025,0,0.017896374787245404,0,0
56223,Unknown Player,24/25,2025,0,0.01783156830189727,0,0
780941,Unknown Player,24/25,2025,0,0.01779394300864509,0,0
163243,Unknown Player,24/25,2025,0,0.017777449957586462,0,0
874947,Unknown Player,24/25,2025,0,0.017775982705134485,0,0
265471,Unknown Player,24/25,2025,0,0.017764999749607893,0,0
418218,Unknown Player,24/25,2025,0,0.017758307930088344,0,0
213911,Unknown Player,24/25,2025,0,0.017758059436633708,0,0
443778,Unknown Player,24/25,2025,0,0.017753801310878038,0,0
329668,Unknown Player,24/25,2025,0,0.017734909773892898,0,0
591957,Unknown Player,24/25,2025,0,0.017726957103022998,0,0
429983,Unknown Player,24/25,2025,0,0.01772532304971088,0,0
373916,Unknown Player,24/25,2025,0,0.01772336752963775,0,0
487346,Unknown Player,24/25,2025,0,0.01769128410032348,0,0
897651,Unknown Player,24/25,2025,0,0.017675717180316252,0,0
1006411,Unknown Player,24/25,2025,0,0.017655085993227338,0,0
940220,Unknown Player,24/25,2025,0,0.017631969209704577,0,0
598098,Unknown Player,24/25,2025,0,0.017590063281767054,0,0
812397,Unknown Player,24/25,2025,0,0.01758802091296105,0,0
847279,Unknown Player,24/25,2025,0,0.017568036833090012,0,0
399990,Unknown Player,24/25,2025,0,0.01753853608985678,0,0
818237,Unknown Player,24/25,2025,0,0.017512252561858996,0,0
293002,Unknown Player,24/25,2025,0,0.017487489878623672,0,0
293194,Unknown Player,24/25,2025,0,0.017486756368985088,0,0
533321,Unknown Player,24/25,2025,0,0.017437432220447906,0,0
895667,Unknown Player,24/25,2025,0,0.017255693302283003,0,0
796435,Unknown Player,24/25,2025,0,0.01722112837435638,0,0
11111,Unknown Player,24/25,2025,0,0.017220361666496965,0,0
938105,Unknown Player,24/25,2025,0,0.017131241907306995,0,0
137576,Unknown Player,24/25,2025,0,0.017110060846988233,0,0
738477,Unknown Player,24/25,2025,0,0.01708732032312484,0,0
149931,Unknown Player,24/25,2025,0,0.017076937392964217,0,0
265132,Unknown Player,24/25,2025,0,0.017052487367844135,0,0
145840,Unknown Player,24/25,2025,0,0.017040063841845945,0,0
215167,Unknown Player,24/25,2025,1,0.017035671850510126,0,1
527211,Unknown Player,24/25,2025,0,0.017034193631224687,0,0
669219,Unknown Player,24/25,2025,0,0.01684697541719063,0,0
821522,Unknown Player,24/25,2025,0,0.01679462160108058,0,0
948278,Unknown Player,24/25,2025,0,0.01676600968956138,0,0
1176433,Unknown Player,24/25,2025,0,0.016747681511340973,0,0
587606,Unknown Player,24/25,2025,0,0.01664048341906059,0,0
386574,Unknown Player,24/25,2025,0,0.016625613808492024,0,0
134883,Unknown Player,24/25,2025,0,0.01654824165404649,0,0
43484,Unknown Player,24/25,2025,0,0.016540899089205235,0,0
649726,Unknown Player,24/25,2025,0,0.016512411990156867,0,0
911810,Unknown Player,24/25,2025,0,0.016486716367473717,0,0
519651,Unknown Player,24/25,2025,0,0.016426597055870924,0,0
1068102,Unknown Player,24/25,2025,0,0.01640878368779821,0,0
738492,Unknown Player,24/25,2025,0,0.01637496400686234,0,0
536081,Unknown Player,24/25,2025,0,0.016373961194224088,0,0
676411,Unknown Player,24/25,2025,0,0.016365016029603757,0,0
107444,Unknown Player,24/25,2025,0,0.016361261104055908,0,0
207561,Unknown Player,24/25,2025,0,0.016324620668847965,0,0
321071,Unknown Player,24/25,2025,0,0.016318655521567443,0,0
988977,Unknown Player,24/25,2025,0,0.01631095156312226,0,0
547534,Unknown Player,24/25,2025,0,0.016298627297438122,0,0
163628,Unknown Player,24/25,2025,0,0.016168567074185528,0,0
691476,Unknown Player,24/25,2025,0,0.01613762560877846,0,0
1300301,Unknown Player,24/25,2025,0,0.016136588326947414,0,0
520947,Unknown Player,24/25,2025,0,0.016128983105455307,0,0
60551,Unknown Player,24/25,2025,0,0.01608596435188071,0,0
163264,Unknown Player,24/25,2025,0,0.016046390798774464,0,0
287752,Unknown Player,24/25,2025,0,0.016034995144556665,0,0
56609,Unknown Player,24/25,2025,0,0.016033150341230925,0,0
397115,Unknown Player,24/25,2025,0,0.015996486737234705,0,0
937543,Unknown Player,24/25,2025,0,0.015969324002822687,0,0
992501,Unknown Player,24/25,2025,0,0.01594300388044323,0,0
636093,Unknown Player,24/25,2025,0,0.0159371608480679,0,0
343599,Unknown Player,24/25,2025,0,0.015883093902191996,0,0
175446,Unknown Player,24/25,2025,0,0.0158474555010206,0,0
796307,Unknown Player,24/25,2025,0,0.015829248410872663,0,0
79510,Unknown Player,24/25,2025,0,0.01582269554647014,0,0
113797,Unknown Player,24/25,2025,0,0.01579551398574919,0,0
689637,Unknown Player,24/25,2025,0,0.015795394051892894,0,0
883214,Unknown Player,24/25,2025,0,0.015785292079719453,0,0
1233680,Unknown Player,24/25,2025,0,0.01575528925836621,0,0
443542,Unknown Player,24/25,2025,0,0.01572689041006478,0,0
981399,Unknown Player,24/25,2025,0,0.015726058459504613,0,0
405682,Unknown Player,24/25,2025,0,0.015712447735417474,0,0
1087052,Unknown Player,24/25,2025,0,0.015711893287273924,0,0
163053,Unknown Player,24/25,2025,0,0.01570774240894334,0,0
723010,Unknown Player,24/25,2025,0,0.015686492414173237,0,0
375320,Unknown Player,24/25,2025,0,0.01568644300035015,0,0
333923,Unknown Player,24/25,2025,0,0.01567910444544932,0,0
818880,Unknown Player,24/25,2025,0,0.015663894175698242,0,0
1202384,Unknown Player,24/25,2025,0,0.015648592343003517,0,0
271455,Unknown Player,24/25,2025,0,0.01563907774748134,0,0
396106,Unknown Player,24/25,2025,0,0.015580533909635522,0,0
335591,Unknown Player,24/25,2025,0,0.015562040883942545,0,0
431698,Unknown Player,24/25,2025,0,0.01550390252625116,0,0
399936,Unknown Player,24/25,2025,0,0.015429096063808986,0,0
706797,Unknown Player,24/25,2025,0,0.015399927203928264,0,0
346562,Unknown Player,24/25,2025,0,0.015392406372641393,0,0
923838,Unknown Player,24/25,2025,0,0.015382223046651884,0,0
924800,Unknown Player,24/25,2025,0,0.015341331547684306,0,0
422052,Unknown Player,24/25,2025,0,0.015336746544174405,0,0
574806,Unknown Player,24/25,2025,0,0.015325747090030043,0,0
241380,Unknown Player,24/25,2025,0,0.015311355715183028,0,0
719987,Unknown Player,24/25,2025,0,0.0152906463763869,0,0
22686,Unknown Player,24/25,2025,0,0.015282040443654195,0,0
797734,Unknown Player,24/25,2025,0,0.01525895365964574,0,0
104564,Unknown Player,24/25,2025,0,0.015257813690064348,0,0
299189,Unknown Player,24/25,2025,0,0.01523796749933653,0,0
818544,Unknown Player,24/25,2025,0,0.015224269290828239,0,0
431190,Unknown Player,24/25,2025,0,0.01522020120661474,0,0
533354,Unknown Player,24/25,2025,0,0.015153367738847035,0,0
325602,Unknown Player,24/25,2025,0,0.015143583053210325,0,0
103890,Unknown Player,24/25,2025,0,0.015139817089768711,0,0
1337321,Unknown Player,24/25,2025,0,0.015108675841026823,0,0
277972,Unknown Player,24/25,2025,0,0.015054444130543411,0,0
821350,Unknown Player,24/25,2025,0,0.014906129263026688,0,0
1040077,Unknown Player,24/25,2025,0,0.014899253758813307,0,0
883540,Unknown Player,24/25,2025,0,0.014862371273244064,0,0
1062847,Unknown Player,24/25,2025,0,0.014860894345420712,0,0
652698,Unknown Player,24/25,2025,0,0.014774459317171577,0,0
943893,Unknown Player,24/25,2025,0,0.014751403806914906,0,0
354678,Unknown Player,24/25,2025,0,0.014736997134608354,0,0
195762,Unknown Player,24/25,2025,0,0.014718685745395713,0,0
1182452,Unknown Player,24/25,2025,0,0.01465679030050419,0,0
854537,Unknown Player,24/25,2025,0,0.014625587566393082,0,0
558269,Unknown Player,24/25,2025,0,0.014546574935066378,0,0
314773,Unknown Player,24/25,2025,0,0.0144999687762504,0,0
280978,Unknown Player,24/25,2025,0,0.014485975356530166,0,0
757905,Unknown Player,24/25,2025,0,0.014479630837107942,0,0
202914,Unknown Player,24/25,2025,0,0.014477011386755294,0,0
85370,Unknown Player,24/25,2025,0,0.014471459746195549,0,0
676266,Unknown Player,24/25,2025,0,0.014461221076919616,0,0
125561,Unknown Player,24/25,2025,0,0.014283425525309678,0,0
1317650,Unknown Player,24/25,2025,0,0.014228876831151609,0,0
1130743,Unknown Player,24/25,2025,0,0.014218110035486457,0,0
354666,Unknown Player,24/25,2025,0,0.014187132086648065,0,0
138144,Unknown Player,24/25,2025,0,0.014149205425156595,0,0
395237,Unknown Player,24/25,2025,0,0.01407545902330331,0,0
1299566,Unknown Player,24/25,2025,0,0.014068905175397375,0,0
580560,Unknown Player,24/25,2025,0,0.014058607133475573,0,0
226964,Unknown Player,24/25,2025,0,0.013948524512306267,0,0
314297,Unknown Player,24/25,2025,0,0.013900406856268302,0,0
213975,Unknown Player,24/25,2025,0,0.013838466666303137,0,0
98512,Unknown Player,24/25,2025,0,0.013775663526677969,0,0
217357,Unknown Player,24/25,2025,0,0.013773105269155988,0,0
217145,Unknown Player,24/25,2025,0,0.013753368012514741,0,0
892221,Unknown Player,24/25,2025,0,0.013726940064020397,0,0
1159786,Unknown Player,24/25,2025,0,0.013712701809372046,0,0
535469,Unknown Player,24/25,2025,0,0.0136816955197983,0,0
175828,Unknown Player,24/25,2025,0,0.013673007355320075,0,0
113130,Unknown Player,24/25,2025,0,0.01363387041943125,0,0
205503,Unknown Player,24/25,2025,0,0.013633275178923068,0,0
63596,Unknown Player,24/25,2025,0,0.01362396836509164,0,0
638262,Unknown Player,24/25,2025,0,0.013531010031129265,0,0
475949,Unknown Player,24/25,2025,0,0.013425122212593253,0,0
892929,Unknown Player,24/25,2025,0,0.01342494221420055,0,0
638582,Unknown Player,24/25,2025,0,0.013418851050767506,0,0
458187,Unknown Player,24/25,2025,0,0.013414505714123802,0,0
693037,Unknown Player,24/25,2025,0,0.013375813365348321,0,0
197981,Unknown Player,24/25,2025,0,0.01327430030268392,0,0
302371,Unknown Player,24/25,2025,0,0.013258188411016274,0,0
967889,Unknown Player,24/25,2025,0,0.01324486456925564,0,0
284321,Unknown Player,24/25,2025,0,0.013172237626354935,0,0
1104136,Unknown Player,24/25,2025,0,0.013170758976393157,0,0
823992,Unknown Player,24/25,2025,0,0.013140734956757558,0,0
377576,Unknown Player,24/25,2025,0,0.013106755310205878,0,0
1105529,Unknown Player,24/25,2025,0,0.013097011797820374,0,0
370863,Unknown Player,24/25,2025,0,0.013067506978899635,0,0
705159,Unknown Player,24/25,2025,0,0.013053887599955854,0,0
659331,Unknown Player,24/25,2025,0,0.013036809495934701,0,0
312208,Unknown Player,24/25,2025,0,0.012947274324466473,0,0
923121,Unknown Player,24/25,2025,0,0.012933955411634848,0,0
335765,Unknown Player,24/25,2025,0,0.012907461478095305,0,0
163649,Unknown Player,24/25,2025,0,0.012893161316779082,0,0
449443,Unknown Player,24/25,2025,0,0.012881636422009872,0,0
593357,Unknown Player,24/25,2025,0,0.012838101720892225,0,0
559320,Unknown Player,24/25,2025,0,0.012836202038601965,0,0
335740,Unknown Player,24/25,2025,0,0.012784097681398165,0,0
1180701,Unknown Player,24/25,2025,0,0.012752280654256237,0,0
646353,Unknown Player,24/25,2025,0,0.01271986681026944,0,0
643707,Unknown Player,24/25,2025,0,0.012717646472983547,0,0
1047101,Unknown Player,24/25,2025,0,0.012714206533337016,0,0
706332,Unknown Player,24/25,2025,0,0.012608633880612435,0,0
1004708,Unknown Player,24/25,2025,0,0.012565160636176964,0,0
1048452,Unknown Player,24/25,2025,0,0.012548308226712197,0,0
812996,Unknown Player,24/25,2025,0,0.012482335507694634,0,0
334341,Unknown Player,24/25,2025,0,0.012473194316299353,0,0
1040079,Unknown Player,24/25,2025,0,0.01246275686989216,0,0
374089,Unknown Player,24/25,2025,0,0.012327515122822824,0,0
831992,Unknown Player,24/25,2025,0,0.012316343835302583,0,0
343213,Unknown Player,24/25,2025,0,0.012272552959021464,0,0
110822,Unknown Player,24/25,2025,0,0.0122412876838887,0,0
580142,Unknown Player,24/25,2025,0,0.01214891018544177,0,0
988979,Unknown Player,24/25,2025,0,0.012140947860069574,0,0
545647,Unknown Player,24/25,2025,0,0.012130204662858463,0,0
1020544,Unknown Player,24/25,2025,0,0.01209152675991294,0,0
823762,Unknown Player,24/25,2025,0,0.012089327515850028,0,0
197751,Unknown Player,24/25,2025,0,0.01208755709872851,0,0
457448,Unknown Player,24/25,2025,0,0.012043345033717866,0,0
195628,Unknown Player,24/25,2025,0,0.012031920155857103,0,0
1285176,Unknown Player,24/25,2025,0,0.012017774391368759,0,0
778540,Unknown Player,24/25,2025,0,0.012015646808510734,0,0
741267,Unknown Player,24/25,2025,0,0.011938883405045024,0,0
646699,Unknown Player,24/25,2025,0,0.01185063557983429,0,0
948958,Unknown Player,24/25,2025,0,0.011838809756755388,0,0
54217,Unknown Player,24/25,2025,0,0.011815591277477548,0,0
528892,Unknown Player,24/25,2025,0,0.011800529065170342,0,0
1120173,Unknown Player,24/25,2025,0,0.011686890480641152,0,0
1073654,Unknown Player,24/25,2025,0,0.011674313682475759,0,0
679050,Unknown Player,24/25,2025,0,0.01167182583013215,0,0
534082,Unknown Player,24/25,2025,0,0.011641892204066443,0,0
500689,Unknown Player,24/25,2025,0,0.011609513446702207,0,0
668547,Unknown Player,24/25,2025,0,0.011570228278315355,0,0
55000,Unknown Player,24/25,2025,1,0.011520201344407191,0,1
1060962,Unknown Player,24/25,2025,0,0.011474578970429337,0,0
780136,Unknown Player,24/25,2025,0,0.011432532763077884,0,0
910905,Unknown Player,24/25,2025,0,0.011429439389610729,0,0
463603,Unknown Player,24/25,2025,0,0.011406455143154887,0,0
388171,Unknown Player,24/25,2025,0,0.011379629769187884,0,0
986733,Unknown Player,24/25,2025,0,0.011350571904632942,0,0
1087262,Unknown Player,24/25,2025,0,0.01133048434566884,0,0
724881,Unknown Player,24/25,2025,0,0.011267852039561016,0,0
1296419,Unknown Player,24/25,2025,0,0.01124151230854521,0,0
746974,Unknown Player,24/25,2025,0,0.011235102408682014,0,0
871339,Unknown Player,24/25,2025,0,0.011216522299717764,0,0
981713,Unknown Player,24/25,2025,0,0.011204516340058649,0,0
942988,Unknown Player,24/25,2025,0,0.011203455742693273,0,0
459697,Unknown Player,24/25,2025,0,0.011190269612364268,0,0
85177,Unknown Player,24/25,2025,0,0.011163144916671733,0,0
583920,Unknown Player,24/25,2025,0,0.011143996376879226,0,0
847283,Unknown Player,24/25,2025,0,0.011115176448798897,0,0
297443,Unknown Player,24/25,2025,0,0.011057617044731623,0,0
819369,Unknown Player,24/25,2025,0,0.01099176440090584,0,0
629005,Unknown Player,24/25,2025,0,0.010973302561932819,0,0
537232,Unknown Player,24/25,2025,0,0.010961647223402362,0,0
764859,Unknown Player,24/25,2025,0,0.010832106627438593,0,0
148372,Unknown Player,24/25,2025,0,0.0108171797497913,0,0
465606,Unknown Player,24/25,2025,0,0.01080024111054778,0,0
199767,Unknown Player,24/25,2025,0,0.010794083813388125,0,0
617074,Unknown Player,24/25,2025,0,0.010759235505296127,0,0
289257,Unknown Player,24/25,2025,0,0.010758414008600687,0,0
140559,Unknown Player,24/25,2025,0,0.010726411544604797,0,0
160938,Unknown Player,24/25,2025,0,0.010709477400457693,0,0
993645,Unknown Player,24/25,2025,0,0.010691023844172007,0,0
125786,Unknown Player,24/25,2025,0,0.010672586312160028,0,0
167904,Unknown Player,24/25,2025,0,0.010672064975872763,0,0
1127243,Unknown Player,24/25,2025,0,0.010620150890065507,0,0
890368,Unknown Player,24/25,2025,0,0.010591890338572427,0,0
240190,Unknown Player,24/25,2025,0,0.010589053039381971,0,0
743600,Unknown Player,24/25,2025,0,0.01055547288010893,0,0
537599,Unknown Player,24/25,2025,0,0.010552422354230772,0,0
391237,Unknown Player,24/25,2025,0,0.010550496284971718,0,0
948294,Unknown Player,24/25,2025,0,0.010499900626488494,0,0
278092,Unknown Player,24/25,2025,0,0.010437708115548455,0,0
379711,Unknown Player,24/25,2025,0,0.010437294882964765,0,0
266795,Unknown Player,24/25,2025,0,0.010415610901300065,0,0
1291073,Unknown Player,24/25,2025,0,0.010411878464591583,0,0
355444,Unknown Player,24/25,2025,0,0.010395862612281401,0,0
975729,Unknown Player,24/25,2025,0,0.010382351345239772,0,0
998205,Unknown Player,24/25,2025,0,0.010360599029481147,0,0
1047098,Unknown Player,24/25,2025,0,0.010325937609003796,0,0
718547,Unknown Player,24/25,2025,0,0.010279348542172384,0,0
331505,Unknown Player,24/25,2025,0,0.010182711075655484,0,0
212391,Unknown Player,24/25,2025,0,0.010171286393883823,0,0
358738,Unknown Player,24/25,2025,0,0.010157592628089929,0,0
700078,Unknown Player,24/25,2025,0,0.010155064749678965,0,0
832821,Unknown Player,24/25,2025,0,0.010136761882516145,0,0
284306,Unknown Player,24/25,2025,0,0.010120810753916904,0,0
719672,Unknown Player,24/25,2025,0,0.010103363979611599,0,0
672836,Unknown Player,24/25,2025,0,0.010049449242704808,0,0
1079183,Unknown Player,24/25,2025,0,0.010048158165168278,0,0
613449,Unknown Player,24/25,2025,0,0.01003121498068638,0,0
374418,Unknown Player,24/25,2025,0,0.00999442875529586,0,0
811779,Unknown Player,24/25,2025,0,0.009925962689607019,0,0
579089,Unknown Player,24/25,2025,0,0.009900894911780965,0,0
799418,Unknown Player,24/25,2025,0,0.00989842493679503,0,0
285322,Unknown Player,24/25,2025,0,0.00988223333626783,0,0
1061035,Unknown Player,24/25,2025,0,0.00987191454014402,0,0
862989,Unknown Player,24/25,2025,0,0.009783785073123706,0,0
745952,Unknown Player,24/25,2025,0,0.009779407556889792,0,0
934796,Unknown Player,24/25,2025,0,0.009779309325845762,0,0
845563,Unknown Player,24/25,2025,0,0.009768088389158713,0,0
542456,Unknown Player,24/25,2025,0,0.009758737475898718,0,0
928051,Unknown Player,24/25,2025,0,0.009683043365687427,0,0
505548,Unknown Player,24/25,2025,0,0.00966881577108575,0,0
325896,Unknown Player,24/25,2025,0,0.00963886347271095,0,0
258878,Unknown Player,24/25,2025,0,0.009610551820988765,0,0
199070,Unknown Player,24/25,2025,0,0.00956915237287987,0,0
533568,Unknown Player,24/25,2025,0,0.009531696425305703,0,0
577381,Unknown Player,24/25,2025,1,0.009511997166200582,0,1
1027253,Unknown Player,24/25,2025,0,0.009506620920907888,0,0
93935,Unknown Player,24/25,2025,0,0.009470148411373537,0,0
303766,Unknown Player,24/25,2025,0,0.009454976784712379,0,0
657479,Unknown Player,24/25,2025,0,0.009401752432631444,0,0
46552,Unknown Player,24/25,2025,0,0.00939410652880129,0,0
257727,Unknown Player,24/25,2025,0,0.009359133564023786,0,0
277635,Unknown Player,24/25,2025,0,0.00933257357299493,0,0
708099,Unknown Player,24/25,2025,0,0.009326328293009369,0,0
1163778,Unknown Player,24/25,2025,0,0.00932068113748016,0,0
208077,Unknown Player,24/25,2025,0,0.00930337704786693,0,0
925105,Unknown Player,24/25,2025,0,0.00929229858852035,0,0
886909,Unknown Player,24/25,2025,0,0.009259301449894414,0,0
972367,Unknown Player,24/25,2025,0,0.009208074735671498,0,0
167900,Unknown Player,24/25,2025,0,0.009169827421435735,0,0
333370,Unknown Player,24/25,2025,0,0.009165688235158422,0,0
635904,Unknown Player,24/25,2025,0,0.009133357406564811,0,0
967319,Unknown Player,24/25,2025,0,0.009106788219271637,0,0
628451,Unknown Player,24/25,2025,0,0.009067502861884132,0,0
1113634,Unknown Player,24/25,2025,0,0.009064879631365185,0,0
131101,Unknown Player,24/25,2025,0,0.0090632306599927,0,0
457675,Unknown Player,24/25,2025,0,0.00905421790458587,0,0
403151,Unknown Player,24/25,2025,0,0.009051745507199784,0,0
745960,Unknown Player,24/25,2025,0,0.009019695822118777,0,0
416699,Unknown Player,24/25,2025,0,0.008954323022303002,0,0
908768,Unknown Player,24/25,2025,0,0.008946440707435697,0,0
461937,Unknown Player,24/25,2025,0,0.00892672157488651,0,0
878102,Unknown Player,24/25,2025,0,0.00892377875012508,0,0
336959,Unknown Player,24/25,2025,0,0.008913471409108562,0,0
220491,Unknown Player,24/25,2025,0,0.008894288590458023,0,0
677958,Unknown Player,24/25,2025,0,0.00885094213668248,0,0
1064116,Unknown Player,24/25,2025,0,0.008815002414056038,0,0
945760,Unknown Player,24/25,2025,0,0.008809955817948967,0,0
595273,Unknown Player,24/25,2025,0,0.008805532906471495,0,0
324806,Unknown Player,24/25,2025,0,0.008798935742125586,0,0
215902,Unknown Player,24/25,2025,0,0.008797471539576024,0,0
1105549,Unknown Player,24/25,2025,0,0.008583628804494038,0,0
346528,Unknown Player,24/25,2025,0,0.008542756990560209,0,0
543387,Unknown Player,24/25,2025,0,0.008518395126339921,0,0
237100,Unknown Player,24/25,2025,0,0.008505582877372297,0,0
589911,Unknown Player,24/25,2025,0,0.008447924310752261,0,0
466637,Unknown Player,24/25,2025,0,0.008445082136753367,0,0
711383,Unknown Player,24/25,2025,0,0.008440959921651928,0,0
156566,Unknown Player,24/25,2025,0,0.0084280283302096,0,0
458816,Unknown Player,24/25,2025,0,0.008418848591534734,0,0
595530,Unknown Player,24/25,2025,0,0.008414842346657191,0,0
303116,Unknown Player,24/25,2025,0,0.008407835207330516,0,0
143045,Unknown Player,24/25,2025,0,0.008361190076373247,0,0
358505,Unknown Player,24/25,2025,0,0.00835194464764681,0,0
89733,Unknown Player,24/25,2025,0,0.008345511384089746,0,0
677382,Unknown Player,24/25,2025,0,0.00829623813237518,0,0
808428,Unknown Player,24/25,2025,0,0.008249619566607908,0,0
438927,Unknown Player,24/25,2025,0,0.00824405991056444,0,0
104555,Unknown Player,24/25,2025,0,0.008241164988869372,0,0
623036,Unknown Player,24/25,2025,0,0.00823274753503882,0,0
599675,Unknown Player,24/25,2025,0,0.00822373187275545,0,0
347481,Unknown Player,24/25,2025,0,0.008212484206726737,0,0
1126888,Unknown Player,24/25,2025,0,0.008205476571387033,0,0
559172,Unknown Player,24/25,2025,0,0.008204581119669145,0,0
599593,Unknown Player,24/25,2025,0,0.008139722043782896,0,0
378482,Unknown Player,24/25,2025,0,0.008089948362058437,0,0
427576,Unknown Player,24/25,2025,0,0.008074437584438671,0,0
496644,Unknown Player,24/25,2025,0,0.008073990054137442,0,0
612093,Unknown Player,24/25,2025,0,0.008067981391238809,0,0
613533,Unknown Player,24/25,2025,0,0.008059243145652985,0,0
1064391,Unknown Player,24/25,2025,0,0.008051386131374485,0,0
638666,Unknown Player,24/25,2025,0,0.007946766499578832,0,0
635347,Unknown Player,24/25,2025,0,0.007903457529710665,0,0
839807,Unknown Player,24/25,2025,0,0.00787449149100354,0,0
84766,Unknown Player,24/25,2025,0,0.007820298746929126,0,0
166315,Unknown Player,24/25,2025,0,0.00781106756606292,0,0
1202991,Unknown Player,24/25,2025,0,0.007805271035959108,0,0
199583,Unknown Player,24/25,2025,0,0.007788992873529047,0,0
941155,Unknown Player,24/25,2025,0,0.00778827364621444,0,0
908760,Unknown Player,24/25,2025,0,0.0076243518860113196,0,0
187673,Unknown Player,24/25,2025,0,0.007587901542572071,0,0
85383,Unknown Player,24/25,2025,0,0.0075252921488432704,0,0
358250,Unknown Player,24/25,2025,0,0.007461531361303823,0,0
626888,Unknown Player,24/25,2025,0,0.007374327186691295,0,0
1178393,Unknown Player,24/25,2025,0,0.007349029430745773,0,0
370704,Unknown Player,24/25,2025,0,0.0073453781923776265,0,0
916497,Unknown Player,24/25,2025,0,0.007323568009873259,0,0
895591,Unknown Player,24/25,2025,0,0.007311393073216461,0,0
175445,Unknown Player,24/25,2025,0,0.007298359599850065,0,0
287710,Unknown Player,24/25,2025,0,0.007262255815703322,0,0
487465,Unknown Player,24/25,2025,0,0.0072599179457665496,0,0
470607,Unknown Player,24/25,2025,0,0.007252733723567299,0,0
747258,Unknown Player,24/25,2025,0,0.007229803281040494,0,0
279473,Unknown Player,24/25,2025,0,0.00719918465967528,0,0
392444,Unknown Player,24/25,2025,0,0.0071049059371211245,0,0
257751,Unknown Player,24/25,2025,0,0.007026472622982073,0,0
400104,Unknown Player,24/25,2025,0,0.0070182990239093515,0,0
527329,Unknown Player,24/25,2025,0,0.006996368056118078,0,0
200167,Unknown Player,24/25,2025,0,0.006989278105791164,0,0
87854,Unknown Player,24/25,2025,0,0.006983090836463018,0,0
345083,Unknown Player,24/25,2025,0,0.006955389136959783,0,0
1205311,Unknown Player,24/25,2025,0,0.006948076885292118,0,0
618903,Unknown Player,24/25,2025,0,0.006939601273616924,0,0
628308,Unknown Player,24/25,2025,0,0.006928086649044006,0,0
76163,Unknown Player,24/25,2025,0,0.006906989735694718,0,0
195335,Unknown Player,24/25,2025,0,0.006875682564255384,0,0
466807,Unknown Player,24/25,2025,0,0.006869799700441153,0,0
809986,Unknown Player,24/25,2025,0,0.006848522420587024,0,0
159883,Unknown Player,24/25,2025,0,0.006833249139681431,0,0
633492,Unknown Player,24/25,2025,0,0.006831130955363606,0,0
395805,Unknown Player,24/25,2025,0,0.006817997949847608,0,0
284604,Unknown Player,24/25,2025,0,0.006734397626750075,0,0
912525,Unknown Player,24/25,2025,0,0.006730869194401524,0,0
393607,Unknown Player,24/25,2025,0,0.006694564710441792,0,0
568177,Unknown Player,24/25,2025,0,0.006687495848726357,0,0
240252,Unknown Player,24/25,2025,0,0.006670957467997422,0,0
1185046,Unknown Player,24/25,2025,0,0.006639116433915402,0,0
717329,Unknown Player,24/25,2025,0,0.0066220317372798565,0,0
403692,Unknown Player,24/25,2025,0,0.006612707706987376,0,0
457235,Unknown Player,24/25,2025,0,0.006591137588855171,0,0
1147623,Unknown Player,24/25,2025,0,0.006589137314288226,0,0
648195,Unknown Player,24/25,2025,0,0.006587999811619356,0,0
663939,Unknown Player,24/25,2025,0,0.006580857763316619,0,0
560725,Unknown Player,24/25,2025,0,0.006545998498418125,0,0
224044,Unknown Player,24/25,2025,0,0.006503097896502291,0,0
237125,Unknown Player,24/25,2025,0,0.00647939187902348,0,0
568148,Unknown Player,24/25,2025,0,0.006472498972438943,0,0
468264,Unknown Player,24/25,2025,0,0.006464990711041021,0,0
199896,Unknown Player,24/25,2025,0,0.006438785495592761,0,0
418144,Unknown Player,24/25,2025,0,0.0064056721803811886,0,0
990202,Unknown Player,24/25,2025,0,0.006400024495351617,0,0
426084,Unknown Player,24/25,2025,0,0.0063757079052616395,0,0
289117,Unknown Player,24/25,2025,0,0.006332180886335591,0,0
788283,Unknown Player,24/25,2025,0,0.0063186442486289655,0,0
351843,Unknown Player,24/25,2025,0,0.0063161888881426076,0,0
617408,Unknown Player,24/25,2025,0,0.006301386771235534,0,0
237204,Unknown Player,24/25,2025,0,0.006272059108559458,0,0
728861,Unknown Player,24/25,2025,0,0.006267538405615139,0,0
423614,Unknown Player,24/25,2025,0,0.006200450397871117,0,0
197791,Unknown Player,24/25,2025,0,0.006172775345473826,0,0
246963,Unknown Player,24/25,2025,0,0.006166665267422211,0,0
356141,Unknown Player,24/25,2025,0,0.006166360274359218,0,0
623040,Unknown Player,24/25,2025,0,0.0061497368125104715,0,0
72121,Unknown Player,24/25,2025,0,0.006146113179622267,0,0
539631,Unknown Player,24/25,2025,0,0.00614170773800795,0,0
303477,Unknown Player,24/25,2025,0,0.006112532945427521,0,0
824052,Unknown Player,24/25,2025,0,0.006003058710465748,0,0
340691,Unknown Player,24/25,2025,0,0.005999381271158793,0,0
217094,Unknown Player,24/25,2025,0,0.005964503566678415,0,0
815529,Unknown Player,24/25,2025,0,0.005959124679653806,0,0
615966,Unknown Player,24/25,2025,0,0.005948782034574958,0,0
287230,Unknown Player,24/25,2025,0,0.0059370152384508644,0,0
720532,Unknown Player,24/25,2025,0,0.005912930390334942,0,0
565911,Unknown Player,24/25,2025,0,0.0058999707039369,0,0
730406,Unknown Player,24/25,2025,0,0.005885886915002713,0,0
727081,Unknown Player,24/25,2025,0,0.005867481973519862,0,0
1208182,Unknown Player,24/25,2025,0,0.0058347117707731105,0,0
499604,Unknown Player,24/25,2025,0,0.005813969847193978,0,0
656316,Unknown Player,24/25,2025,0,0.00580399893883994,0,0
581701,Unknown Player,24/25,2025,0,0.005768449759531445,0,0
421871,Unknown Player,24/25,2025,0,0.005752497445487701,0,0
463790,Unknown Player,24/25,2025,0,0.0057488703183451026,0,0
1231993,Unknown Player,24/25,2025,0,0.005736859106857809,0,0
550446,Unknown Player,24/25,2025,0,0.005734319776950443,0,0
70627,Unknown Player,24/25,2025,0,0.005725933182142244,0,0
1055346,Unknown Player,24/25,2025,0,0.005713837185030943,0,0
646672,Unknown Player,24/25,2025,0,0.005681528868758159,0,0
890232,Unknown Player,24/25,2025,0,0.005673983231196285,0,0
289433,Unknown Player,24/25,2025,0,0.005669488207731235,0,0
443989,Unknown Player,24/25,2025,0,0.005665448748777239,0,0
207014,Unknown Player,24/25,2025,0,0.0056611585996080415,0,0
342288,Unknown Player,24/25,2025,0,0.005646612365213355,0,0
271281,Unknown Player,24/25,2025,0,0.005627639591868833,0,0
456111,Unknown Player,24/25,2025,0,0.0055967916094251694,0,0
745728,Unknown Player,24/25,2025,0,0.005592306594844892,0,0
458777,Unknown Player,24/25,2025,0,0.005553957503110164,0,0
512690,Unknown Player,24/25,2025,0,0.005526445140762322,0,0
617632,Unknown Player,24/25,2025,0,0.0054915579684250435,0,0
1054931,Unknown Player,24/25,2025,0,0.005485308503945182,0,0
77757,Unknown Player,24/25,2025,0,0.005471660637088869,0,0
91241,Unknown Player,24/25,2025,0,0.005453862380304814,0,0
433358,Unknown Player,24/25,2025,0,0.00543043539471105,0,0
493003,Unknown Player,24/25,2025,0,0.005421426759241402,0,0
593381,Unknown Player,24/25,2025,0,0.0053960548864867485,0,0
912468,Unknown Player,24/25,2025,0,0.005375821298162177,0,0
539677,Unknown Player,24/25,2025,0,0.005360203652999033,0,0
420002,Unknown Player,24/25,2025,0,0.005349562666867787,0,0
1369810,Unknown Player,24/25,2025,0,0.005337873429126473,0,0
542458,Unknown Player,24/25,2025,1,0.005331493055908491,0,1
347138,Unknown Player,24/25,2025,0,0.005319397413250829,0,0
678371,Unknown Player,24/25,2025,0,0.005310246952060932,0,0
341049,Unknown Player,24/25,2025,0,0.005295491038012037,0,0
106676,Unknown Player,24/25,2025,0,0.005294860580966159,0,0
300536,Unknown Player,24/25,2025,0,0.005280056891647467,0,0
167874,Unknown Player,24/25,2025,0,0.0052770120506196875,0,0
259916,Unknown Player,24/25,2025,0,0.005256171463952741,0,0
924790,Unknown Player,24/25,2025,0,0.005221716588087539,0,0
217576,Unknown Player,24/25,2025,0,0.005189430399768363,0,0
838771,Unknown Player,24/25,2025,0,0.005177659262919278,0,0
662476,Unknown Player,24/25,2025,0,0.0051729189444503325,0,0
342195,Unknown Player,24/25,2025,0,0.005117027534822752,0,0
287651,Unknown Player,24/25,2025,0,0.005115564264890677,0,0
195456,Unknown Player,24/25,2025,0,0.00511430627310563,0,0
402580,Unknown Player,24/25,2025,0,0.005100315682814613,0,0
285913,Unknown Player,24/25,2025,0,0.005098095300623545,0,0
637446,Unknown Player,24/25,2025,0,0.005088402172373544,0,0
434224,Unknown Player,24/25,2025,0,0.005076046384871966,0,0
145553,Unknown Player,24/25,2025,0,0.005049427224509935,0,0
226971,Unknown Player,24/25,2025,1,0.004990013536411385,0,1
120977,Unknown Player,24/25,2025,0,0.004974305896936557,0,0
104688,Unknown Player,24/25,2025,0,0.00496665335797617,0,0
717957,Unknown Player,24/25,2025,0,0.0049206401336648106,0,0
16911,Unknown Player,24/25,2025,0,0.0049098110155569264,0,0
138295,Unknown Player,24/25,2025,0,0.004898885872869949,0,0
980242,Unknown Player,24/25,2025,0,0.0048492727372954,0,0
547041,Unknown Player,24/25,2025,0,0.004844973011731205,0,0
548671,Unknown Player,24/25,2025,0,0.004833490781340787,0,0
540378,Unknown Player,24/25,2025,0,0.004818756501507624,0,0
334705,Unknown Player,24/25,2025,0,0.004813131981891073,0,0
420931,Unknown Player,24/25,2025,0,0.004759391443237051,0,0
438682,Unknown Player,24/25,2025,0,0.004757977817598383,0,0
889540,Unknown Player,24/25,2025,0,0.004736560255731116,0,0
698536,Unknown Player,24/25,2025,0,0.004696333436371617,0,0
604616,Unknown Player,24/25,2025,0,0.004649269420871735,0,0
473201,Unknown Player,24/25,2025,0,0.00464205933888464,0,0
475149,Unknown Player,24/25,2025,0,0.004639513069213232,0,0
747267,Unknown Player,24/25,2025,0,0.00457163966560357,0,0
534166,Unknown Player,24/25,2025,0,0.004517593700454631,0,0
205436,Unknown Player,24/25,2025,0,0.004465284105933748,0,0
503684,Unknown Player,24/25,2025,0,0.004446536990039698,0,0
160560,Unknown Player,24/25,2025,0,0.004437371248922115,0,0
227618,Unknown Player,24/25,2025,0,0.004404992949798089,0,0
435778,Unknown Player,24/25,2025,0,0.004392865598893922,0,0
126225,Unknown Player,24/25,2025,0,0.004373740188951173,0,0
297370,Unknown Player,24/25,2025,0,0.0043646449798210385,0,0
579280,Unknown Player,24/25,2025,0,0.004361381975757024,0,0
818422,Unknown Player,24/25,2025,0,0.004332974531887072,0,0
369563,Unknown Player,24/25,2025,0,0.004319194199211172,0,0
571827,Unknown Player,24/25,2025,0,0.004299488840217342,0,0
664581,Unknown Player,24/25,2025,0,0.004201363871379326,0,0
818546,Unknown Player,24/25,2025,0,0.0041416147532473985,0,0
563754,Unknown Player,24/25,2025,0,0.0041258204926506595,0,0
820999,Unknown Player,24/25,2025,0,0.004103061226901699,0,0
146618,Unknown Player,24/25,2025,0,0.004089551761940388,0,0
267113,Unknown Player,24/25,2025,0,0.0040716448729005445,0,0
1078795,Unknown Player,24/25,2025,0,0.004042426139109809,0,0
959241,Unknown Player,24/25,2025,0,0.003973263751599208,0,0
180215,Unknown Player,24/25,2025,0,0.003969650062609864,0,0
419025,Unknown Player,24/25,2025,0,0.003952085876508945,0,0
441264,Unknown Player,24/25,2025,0,0.003918039210410335,0,0
198981,Unknown Player,24/25,2025,0,0.0037725546379973798,0,0
713479,Unknown Player,24/25,2025,0,0.0037409139147879596,0,0
926530,Unknown Player,24/25,2025,0,0.0037297623783420905,0,0
230826,Unknown Player,24/25,2025,0,0.003677178111203379,0,0
185401,Unknown Player,24/25,2025,0,0.003633792097288951,0,0
393487,Unknown Player,24/25,2025,0,0.003596672360757169,0,0
375044,Unknown Player,24/25,2025,0,0.0035481682403973613,0,0
286375,Unknown Player,24/25,2025,0,0.003488316103542999,0,0
566965,Unknown Player,24/25,2025,0,0.0034616092493912312,0,0
358664,Unknown Player,24/25,2025,0,0.0034343497843060357,0,0
340870,Unknown Player,24/25,2025,0,0.0034193420445706954,0,0
544148,Unknown Player,24/25,2025,0,0.003372274120114723,0,0
364711,Unknown Player,24/25,2025,0,0.003339119575852067,0,0
169368,Unknown Player,24/25,2025,0,0.003260498010756078,0,0
631221,Unknown Player,24/25,2025,0,0.0031675867226231623,0,0
817330,Unknown Player,24/25,2025,0,0.003138920112614308,0,0
623519,Unknown Player,24/25,2025,0,0.00313111485202777,0,0
385084,Unknown Player,24/25,2025,0,0.0031215816747648334,0,0
457528,Unknown Player,24/25,2025,0,0.0030923757004742074,0,0
294388,Unknown Player,24/25,2025,0,0.003048208839780521,0,0
263856,Unknown Player,24/25,2025,0,0.002971697457373306,0,0
508941,Unknown Player,24/25,2025,0,0.0028827220859586134,0,0
287663,Unknown Player,24/25,2025,0,0.0028535241530836673,0,0
1038851,Unknown Player,24/25,2025,0,0.0028317146915294174,0,0
620696,Unknown Player,24/25,2025,0,0.0028045037972080655,0,0
168959,Unknown Player,24/25,2025,0,0.002800956411589729,0,0
908229,Unknown Player,24/25,2025,0,0.0027895262699559743,0,0
343153,Unknown Player,24/25,2025,0,0.002774566467990922,0,0
389841,Unknown Player,24/25,2025,0,0.0027330634137718106,0,0
745178,Unknown Player,24/25,2025,0,0.0026988488216629354,0,0
1175284,Unknown Player,24/25,2025,0,0.0026876917441649973,0,0
282724,Unknown Player,24/25,2025,0,0.0026587005012794077,0,0
363466,Unknown Player,24/25,2025,0,0.0024584050537005526,0,0
249102,Unknown Player,24/25,2025,0,0.0024016963009334475,0,0
379743,Unknown Player,24/25,2025,0,0.0023724965984784057,0,0
496649,Unknown Player,24/25,2025,0,0.0023706462817749867,0,0
221624,Unknown Player,24/25,2025,0,0.0022915637343814284,0,0
349715,Unknown Player,24/25,2025,0,0.0021465000470124325,0,0
329145,Unknown Player,24/25,2025,0,0.002071237796530475,0,0
422929,Unknown Player,24/25,2025,0,0.0018886731441573523,0,0
615917,Unknown Player,24/25,2025,0,0.0018880403240021828,0,0
372802,Unknown Player,24/25,2025,0,0.001814826489483582,0,0
389804,Unknown Player,24/25,2025,0,0.001667402584932166,0,0
492955,Unknown Player,24/25,2025,0,0.001612476168427363,0,0
524008,Unknown Player,24/25,2025,0,0.0015805682000904413,0,0
911923,Unknown Player,24/25,2025,0,0.0013934992312724759,0,0
785353,Unknown Player,24/25,2025,0,0.001202241992222149,0,0
626724,Unknown Player,24/25,2025,0,0.000629942900906432,0,0
