player_id,player_name,season_name,summer_year,target,transfer_probability,predicted_label,is_error
965038,Jaime Escobar,24/25,2025,1,0.6318264830989267,1,0
927107,Ni,24/25,2025,1,0.6298602975656077,1,0
1055223,Isi Angulo,24/25,2025,1,0.6274595564391171,1,0
1065246,Sergio Huecas,24/25,2025,0,0.6227599356889247,1,1
659713,Gerson Sousa,24/25,2025,1,0.6202683941145473,1,0
1055075,Flavio Ferrari,24/25,2025,0,0.6192218488520145,1,1
1088323,Javi Sola,24/25,2025,0,0.6176077973313883,1,1
946275,Ian Forns,24/25,2025,1,0.6168949120629427,1,0
585536,Jonny Arriba,24/25,2025,1,0.616471790254954,1,0
741295,Enrique Herrero,24/25,2025,0,0.6161505659802705,1,1
783419,Álvaro García,24/25,2025,1,0.612309557397243,1,0
658546,Daniele Bolcano,24/25,2025,1,0.6114019652878924,1,0
567489,Cuba,24/25,2025,1,0.61107988363216,1,0
881542,Nene,24/25,2025,1,0.6104723712997144,1,0
543725,Ákos Zuigéber,24/25,2025,1,0.6102081881217297,1,0
589768,Ton Ripoll,24/25,2025,0,0.6097827965683317,1,1
1334837,Jacobo de Oro,24/25,2025,0,0.6092954515918464,1,1
931677,Miguel Carvalho,24/25,2025,1,0.6089797068445794,1,0
884158,Saúl del Cerro,24/25,2025,0,0.6087828013488161,1,1
715819,Kensly Vázquez,24/25,2025,1,0.608142028199299,1,0
710679,Iker Benito,24/25,2025,0,0.6079476082107294,1,1
625066,Alejandro Ibarrondo,24/25,2025,1,0.6067221998955998,1,0
398742,Tommaso Spaviero,24/25,2025,1,0.6064372298846761,1,0
1041218,Asier Pérez,24/25,2025,1,0.6063748324847359,1,0
1168219,Said El Mala,24/25,2025,0,0.6050249190147389,1,1
704175,Alessandro Orfei,24/25,2025,1,0.6050081892603462,1,0
926854,Noel López,24/25,2025,1,0.6049943020921547,1,0
1054429,Carlos Guirao,24/25,2025,0,0.6049173725852723,1,1
870093,Pablo García,24/25,2025,1,0.6049086769194868,1,0
174694,Rony Lopes,24/25,2025,1,0.6044779997856411,1,0
1035300,Giovanni Cogo,24/25,2025,1,0.6041944845767484,1,0
1168222,Malek El Mala,24/25,2025,0,0.6041940120324202,1,1
1065763,Jorge González,24/25,2025,0,0.6041239113482867,1,1
1045767,Pablo Muñoz,24/25,2025,1,0.6040952500833199,1,0
610622,Urko Izeta,24/25,2025,0,0.6039994387138853,1,1
897617,Alessandro Torri,24/25,2025,1,0.603853820315151,1,0
660878,Luca Bacchin,24/25,2025,0,0.6038348425637762,1,1
709962,Pol Muñoz,24/25,2025,1,0.6036918124724352,1,0
635937,Fran Moreno,24/25,2025,1,0.603292768818194,1,0
979760,Rayan Bamba,24/25,2025,1,0.6031887299773591,1,0
1041934,Jeremy Jorge,24/25,2025,1,0.6030320102470674,1,0
709377,Andrés Campos,24/25,2025,1,0.6028724740019608,1,0
568154,Lucas Cañizares,24/25,2025,1,0.602544726335351,1,0
1068762,Dawda Dambelleh,24/25,2025,1,0.6024331241045934,1,0
1125701,Yago Rodríguez,24/25,2025,0,0.6020093531401869,1,1
676422,Samuele Sorrentino,24/25,2025,1,0.6015735996224792,1,0
1257776,Javi Tejedor,24/25,2025,0,0.6014603021602635,1,1
818083,Rodrigo Guedes,24/25,2025,1,0.6014563069290598,1,0
780818,Josan Gordo,24/25,2025,1,0.6012086691184851,1,0
629383,Dani Garrido,24/25,2025,1,0.6010054555032562,1,0
979083,David López,24/25,2025,1,0.6001574541752696,1,0
895560,Manuel Esposito,24/25,2025,0,0.5999315878044879,1,1
1151630,Álex Rubio,24/25,2025,1,0.5999310802824367,1,0
884850,Antonio Toral,24/25,2025,1,0.59963232200319,1,0
641204,Mohamed Ayman Sanat,24/25,2025,1,0.5994700520593831,1,0
951571,Bertony Renelus,24/25,2025,1,0.5994343349785064,1,0
1171468,Ángel Gómez,24/25,2025,1,0.5994194982789827,1,0
455348,Víctor San Bartolomé,24/25,2025,1,0.5993354431698489,1,0
543779,Patrik Posztobányi,24/25,2025,1,0.5988956707617369,1,0
817270,Alberto Centis,24/25,2025,1,0.598892155610046,1,0
1037696,Thomas Orfeini,24/25,2025,0,0.5988001999163607,1,1
948271,Borja Alonso,24/25,2025,1,0.5987676117041285,1,0
935809,Tommaso Bocci,24/25,2025,1,0.5986906085270692,1,0
282722,Álex Collado,24/25,2025,1,0.5986109304729896,1,0
538971,Naouirou Ahamada,24/25,2025,0,0.5984951407416452,1,1
955357,Junior Kroupi,24/25,2025,0,0.5983368125754764,1,1
357163,Filipe Soares,24/25,2025,1,0.5982468577426907,1,0
481623,João Ferreira,24/25,2025,1,0.598231611979104,1,0
1238259,Pau Fernández,24/25,2025,0,0.5981718000440295,1,1
1171530,Iker Galindo,24/25,2025,1,0.5981596976146546,1,0
707608,Victor Valverde,24/25,2025,1,0.5980543733571447,1,0
961902,Neco Celorio,24/25,2025,1,0.5980082635215621,1,0
1205018,Christian Iaiunese,24/25,2025,1,0.5979262194584497,1,0
1026659,Ale Morales,24/25,2025,1,0.5979257922852502,1,0
629039,Luka Reischl,24/25,2025,1,0.5979254252965764,1,0
1056970,Asier Hierro,24/25,2025,0,0.5977267653689526,1,1
446101,Fermín Ruiz,24/25,2025,1,0.597568630525343,1,0
1064601,Edu Llorente,24/25,2025,1,0.5975563654357606,1,0
341019,Güven Yalçın,24/25,2025,1,0.5973886579360934,1,0
818507,Andrea Sorrentino,24/25,2025,1,0.5972142800098943,1,0
1153922,Dylan Iglesias,24/25,2025,1,0.5971590622463537,1,0
569368,Kelian Nsona,24/25,2025,1,0.5970803624240513,1,0
1137322,Álex Lizancos,24/25,2025,1,0.5970252190187415,1,0
1060923,Oussama Boukir,24/25,2025,1,0.5968237314198571,1,0
949077,Álex Alemán,24/25,2025,1,0.5967012963356273,1,0
853299,Rafa Llorente,24/25,2025,0,0.5961686449827078,1,1
1157868,Ricardo Solbes,24/25,2025,1,0.5956807033005174,1,0
1066093,Guillermo Macho,24/25,2025,1,0.5956572222461705,1,0
929799,Lorenzo Catania,24/25,2025,1,0.5954977993748287,1,0
602156,Guillem Molina,24/25,2025,1,0.5954574795323172,1,0
724036,Apostolos Christopoulos,24/25,2025,0,0.595439232954235,1,1
938726,Miguel Barandalla,24/25,2025,0,0.5950967227575579,1,1
1055874,Manex Gibelalde,24/25,2025,1,0.5948708796094352,1,0
860998,Azarias Londoño,24/25,2025,0,0.5946351128661451,1,1
284000,Carlos Júnior,24/25,2025,0,0.594408949767794,1,1
931782,Juanmi Durán,24/25,2025,1,0.5944084284197868,1,0
646823,Mario Camero,24/25,2025,1,0.5942844030669604,1,0
669517,David Ruiz,24/25,2025,1,0.5942663980748616,1,0
935231,Víctor Muñoz,24/25,2025,1,0.5942339069651829,1,0
1056968,David Arredondo,24/25,2025,0,0.5941104310985256,1,1
830890,Marvin Senaya,24/25,2025,1,0.5939882055159884,1,0
704423,Mattia Florio,24/25,2025,1,0.5937151287468512,1,0
636127,Chus Villar,24/25,2025,1,0.5936782335450452,1,0
924308,Matteo Gualandris,24/25,2025,1,0.5935481793288712,1,0
531274,Diego Fuoli,24/25,2025,1,0.5933362737723425,1,0
1050738,Riccardo Rebaudo,24/25,2025,0,0.592975188323022,1,1
1054934,Maroan Sannadi,24/25,2025,0,0.592834252768952,1,1
930891,Darío Germil,24/25,2025,1,0.592767988699667,1,0
1107626,Federico Giugno,24/25,2025,0,0.5926345651049516,1,1
470128,Sam Dalby,24/25,2025,1,0.5925855044250413,1,0
522719,Samuel Obeng,24/25,2025,1,0.5925020206836366,1,0
435337,Alfredo Sualdea,24/25,2025,1,0.5924819319378887,1,0
646744,Carlos Alemán,24/25,2025,1,0.5924456286482589,1,0
1043030,Guga,24/25,2025,0,0.5924439060528136,1,1
818586,Alessandro Carnevale,24/25,2025,0,0.5924304256878438,1,1
718203,Manu Rico,24/25,2025,0,0.592418120823574,1,1
933054,Enrico Morri,24/25,2025,1,0.5924154697822622,1,0
789792,Sergi Molina,24/25,2025,1,0.5923142846577657,1,0
1056096,Eghosa Bello,24/25,2025,1,0.5923109418590439,1,0
646737,Marcos Denia,24/25,2025,1,0.5922558443303645,1,0
460602,Franck Djoulou,24/25,2025,1,0.5920785980176588,1,0
623718,Konstantinos Roukounakis,24/25,2025,1,0.5918673630114741,1,0
711375,Asier Teijeira,24/25,2025,1,0.5916150577872337,1,0
982894,Eric Iglesias,24/25,2025,1,0.5916108801958533,1,0
613727,Lorenzo Lombardi,24/25,2025,1,0.5915550446445013,1,0
627215,Gabriel Noga,24/25,2025,1,0.591490390283259,1,0
817150,Fabio Abiuso,24/25,2025,1,0.5914278051607543,1,0
1056169,Lorenzo Giorgi,24/25,2025,1,0.5914040801335164,1,0
556059,Marino Illescas,24/25,2025,1,0.5913769264430307,1,0
834737,Adri Miranda,24/25,2025,1,0.5913521646400611,1,0
934208,Diego Voncina,24/25,2025,1,0.5912091025296561,1,0
1065441,Carlos Lumbreras,24/25,2025,0,0.591124336002276,1,1
315859,Gabriele Gori,24/25,2025,1,0.5911138424749395,1,0
709997,Lorenzo Aguado,24/25,2025,1,0.5908782892528079,1,0
258835,Ricardo Gomes,24/25,2025,1,0.5908424366156831,1,0
1215994,Stefano Codraro,24/25,2025,1,0.5906892769851796,1,0
1066186,Víctor Mingo,24/25,2025,1,0.5906045689877474,1,0
392968,Marco Bertoli,24/25,2025,1,0.5905540297053569,1,0
1118034,Hammam Al-Hammami,24/25,2025,1,0.5905243674782554,1,0
349873,Juan Hernández,24/25,2025,1,0.5903763200603148,1,0
420513,Lorenzo Babbi,24/25,2025,1,0.5901827541230548,1,0
1250522,Javi Morcillo,24/25,2025,1,0.5901719453915085,1,0
715635,Alex Rodríguez,24/25,2025,1,0.5900394966689815,1,0
397411,Mirco Vassallo,24/25,2025,1,0.5900076623810953,1,0
1296397,Leonardo Ferrario,24/25,2025,0,0.5899981565379069,1,1
937289,Simone Bonetti,24/25,2025,1,0.5899700806087929,1,0
935740,Mattias Bonafede,24/25,2025,1,0.5899638362979739,1,0
979324,Eder García,24/25,2025,1,0.5899190515827429,1,0
412952,Nigel Thomas,24/25,2025,1,0.5898922067187523,1,0
998321,Johan Bångsbo,24/25,2025,1,0.5898537008759926,1,0
1226103,Tijan Sonha,24/25,2025,1,0.5897939055461258,1,0
464899,Alex Escardó,24/25,2025,1,0.5897808654657529,1,0
692207,Dani Cervera,24/25,2025,1,0.5897755595196779,1,0
892926,Leandro Antonetti,24/25,2025,1,0.5895898378138814,1,0
701052,Bilal Kandoussi,24/25,2025,1,0.5895312413880562,1,0
1054922,Nico Njalla,24/25,2025,1,0.5892247658883856,1,0
339780,Svetoslav Kovachev,24/25,2025,1,0.5892154641249454,1,0
729155,Eren Öztürk,24/25,2025,1,0.5891822766903636,1,0
713637,David Santisteban,24/25,2025,1,0.5891221882695928,1,0
705401,Javi López,24/25,2025,1,0.5890852723435046,1,0
973703,Brenner,24/25,2025,1,0.589019762002276,1,0
607729,Jean-Pierre Tiéhi,24/25,2025,1,0.5889308083768133,1,0
993516,Álvaro Domínguez,24/25,2025,1,0.5889011412365854,1,0
1031968,Carlos Arauz,24/25,2025,1,0.5888953317209679,1,0
704719,Christian Maianti,24/25,2025,1,0.5887480370661684,1,0
818461,Marco Bevilacqua,24/25,2025,1,0.5886383728273137,1,0
1120307,Destiny Ilahude,24/25,2025,0,0.5885883990988858,1,1
926643,Fernando Lesme,24/25,2025,1,0.5885313282831298,1,0
458134,Davide Barosi,24/25,2025,0,0.588508106818531,1,1
1154990,Miguel Pérez,24/25,2025,1,0.5884670464962936,1,0
632502,Adri Montalban,24/25,2025,1,0.5884020371310248,1,0
524011,David Nates,24/25,2025,1,0.5882985996976151,1,0
816135,Pedro Lima,24/25,2025,1,0.588285368439668,1,0
834485,Unai Egiluz,24/25,2025,0,0.5881814637551644,1,1
814434,Gian Marco Fantoni,24/25,2025,1,0.5880291101377264,1,0
1143878,Miguel Prieto,24/25,2025,1,0.5880264589431149,1,0
296429,Manuel Wintzheimer,24/25,2025,1,0.587980868833711,1,0
572686,Pol Prats,24/25,2025,1,0.5879182388686011,1,0
1052283,Darling Bladi,24/25,2025,1,0.587777509687005,1,0
783882,César Gómez,24/25,2025,1,0.5877323834017472,1,0
935996,Luan,24/25,2025,1,0.5876701105054298,1,0
607779,Sergio Moreno,24/25,2025,1,0.5875925880070917,1,0
199375,Víctor Ruiz,24/25,2025,1,0.5875893716246551,1,0
867185,Ismael Ferrer,24/25,2025,0,0.5875265192405105,1,1
534174,Samuele Vianni,24/25,2025,1,0.5875008499930793,1,0
340067,King Udoh,24/25,2025,1,0.5874502935195498,1,0
459180,Riccardo Spaltro,24/25,2025,1,0.5874320539778666,1,0
1041169,Tomás Silva,24/25,2025,0,0.5874211299157178,1,1
1125758,Alex Aguado,24/25,2025,0,0.5873885333069373,1,1
796216,Emmanuel Gyamfi,24/25,2025,1,0.5873762334550906,1,0
548729,Zeki Amdouni,24/25,2025,0,0.5872884499025528,1,1
255995,Mario González,24/25,2025,1,0.5871707753315846,1,0
400644,Jeredy Hilterman,24/25,2025,0,0.5870522420425153,1,1
420460,Giovanni Bruzzaniti,24/25,2025,1,0.5870389024571389,1,0
1225848,Álex Monerris,24/25,2025,1,0.5870326757802924,1,0
461726,Alessandro Martina,24/25,2025,1,0.5869763860817808,1,0
688747,Juanjo Sánchez,24/25,2025,1,0.5869705663091167,1,0
716898,Luka Hyryläinen,24/25,2025,1,0.5868495048260843,1,0
174915,Islam Slimani,24/25,2025,1,0.5868089806249831,1,0
610383,Filippo Frison,24/25,2025,1,0.5867620975496982,1,0
685793,Raúl Pesca,24/25,2025,1,0.5867373410245733,1,0
821105,Davide Franzini,24/25,2025,1,0.5867188065272587,1,0
134983,Andrea La Mantia,24/25,2025,1,0.5866556764183144,1,0
1056956,Mikel Santos,24/25,2025,0,0.5865759560027818,1,1
1103113,Daniele Balba,24/25,2025,1,0.5865472845787104,1,0
937557,Francesco Costantini,24/25,2025,1,0.5865077247985079,1,0
888267,Ariel Herrero,24/25,2025,1,0.5864852318514593,1,0
466813,Miguelete,24/25,2025,0,0.5864719052889112,1,1
396108,Juanmi Carrión,24/25,2025,1,0.5864635655651038,1,0
1123059,Pochito,24/25,2025,1,0.5864418474550164,1,0
919756,Karim Hüneburg,24/25,2025,1,0.5864141701968549,1,0
975348,Joan Tincres,24/25,2025,0,0.5864046950676922,1,1
918449,Matteo Schablas,24/25,2025,0,0.5863472232398934,1,1
634268,Javier Albín,24/25,2025,1,0.5863382030180572,1,0
396323,Rubén del Valle,24/25,2025,1,0.5862874443379755,1,0
1114721,Brais Penela,24/25,2025,1,0.5862636221284828,1,0
704832,Sebastiano Bianchi,24/25,2025,1,0.5862319210942089,1,0
830912,Balázs Varga,24/25,2025,1,0.5862197544558085,1,0
59615,Alessandro De Respinis,24/25,2025,1,0.5862011276898672,1,0
935738,Antonio Coppola,24/25,2025,0,0.5861636784761217,1,1
568007,Ben Knight,24/25,2025,1,0.58605301811272,1,0
476531,Joan Piera,24/25,2025,1,0.5860263453908883,1,0
1065273,Sergio Pascual,24/25,2025,1,0.5859037145553284,1,0
1052854,Axl Van Himbeeck,24/25,2025,0,0.5858954731898213,1,1
590841,Migouel Alfarela,24/25,2025,1,0.5858626115446285,1,0
1030374,Alberto Ulloa,24/25,2025,1,0.5858340030151032,1,0
839905,Kevin Sánchez,24/25,2025,1,0.5858182011782616,1,0
391066,Giuseppe Montaperto,24/25,2025,1,0.5857302735418156,1,0
961075,Glenn McConnell,24/25,2025,0,0.5857234355293639,1,1
1158757,Alejandro Herranz,24/25,2025,1,0.5856202842250064,1,0
531973,Gianluigi Sueva,24/25,2025,1,0.5856071053204908,1,0
787136,Tommaso Carcani,24/25,2025,0,0.5855853108350815,1,1
815495,Daniel Matteucci,24/25,2025,0,0.5855629984904638,1,1
897645,Thomas Brahja,24/25,2025,1,0.5855524424180728,1,0
1078985,Rafaël De Palmas,24/25,2025,0,0.5855318050406408,1,1
947449,Victor Lázaro,24/25,2025,1,0.5855246978098329,1,0
636360,Javi Moreno,24/25,2025,0,0.5855000280064007,1,1
1172592,Simão Silva,24/25,2025,0,0.5854187667253448,1,1
348532,Georgios Xenitidis,24/25,2025,1,0.5853547025701238,1,0
910615,Francesco Pistolesi,24/25,2025,1,0.5852199295205147,1,0
709381,Iván Ramos,24/25,2025,1,0.5852142811803588,1,0
636359,Iván Serrano,24/25,2025,1,0.5852127858405213,1,0
708001,Guille Perero,24/25,2025,1,0.5851755436491944,1,0
937224,Rubén Catalá,24/25,2025,1,0.5851718308036398,1,0
634110,Pablo Santiago,24/25,2025,1,0.5849505960313626,1,0
266217,Cristian Bunino,24/25,2025,1,0.5849370354220111,1,0
711445,Gioacchino Catania,24/25,2025,1,0.5849269506705874,1,0
939765,José Melro,24/25,2025,0,0.5849267442224173,1,1
924776,Mattia Bifini,24/25,2025,1,0.5849089714007573,1,0
463666,Antoine Baroan,24/25,2025,1,0.584899633208798,1,0
632499,Pablo Gálvez,24/25,2025,0,0.5848387858907825,1,1
1019528,Charbel Wehbe,24/25,2025,1,0.5848153734747913,1,0
1055547,Unax Álvarez,24/25,2025,0,0.5847811910429677,1,1
454625,Matías Cóccaro,24/25,2025,0,0.5847721570143053,1,1
361065,Mitchel Bakker,24/25,2025,0,0.5847475847099691,1,1
642270,Michelangelo Nieri,24/25,2025,1,0.5847473008616285,1,0
152975,Aleix Coch,24/25,2025,0,0.5847412750663309,1,1
1151716,Mounir Jebbar,24/25,2025,1,0.5847398810270048,1,0
587458,Kevin Agudelo,24/25,2025,0,0.5847061975981253,1,1
566791,Ahmed Abdelkader,24/25,2025,0,0.5847027710548492,1,1
455340,Jonatan González,24/25,2025,0,0.584699378233789,1,1
708928,Sergio Chinchilla,24/25,2025,1,0.5846735402926546,1,0
601823,Davide Pirola,24/25,2025,0,0.5846462111799134,1,1
1056958,Aser Palacios,24/25,2025,0,0.5846386120653626,1,1
993666,Mouhamed Diallo,24/25,2025,0,0.5846202408897075,1,1
882765,Alessandro Borgo,24/25,2025,0,0.584610395594931,1,1
599153,Iñigo Alayeto,24/25,2025,0,0.5845609124442275,1,1
818150,Lorenzo Chiarella,24/25,2025,1,0.5844967517984984,1,0
554814,Diego Gómez,24/25,2025,1,0.5843074514958514,1,0
953857,Jesse Bal,24/25,2025,1,0.5842728045857389,1,0
1059772,Mattia Parente,24/25,2025,1,0.5842691738629936,1,0
1065761,Guilherme Neiva,24/25,2025,1,0.5841987926525108,1,0
725201,Nacho Pastor,24/25,2025,1,0.5841981121054748,1,0
901736,Mario Sesè,24/25,2025,1,0.5841642758133032,1,0
650999,Federico Accornero,24/25,2025,1,0.5841345820307668,1,0
861707,Tiko Iniesta,24/25,2025,1,0.584133238773074,1,0
398270,Chris Gueye,24/25,2025,1,0.5840789754237092,1,0
960983,Agus Moreno,24/25,2025,1,0.5840490902003217,1,0
534372,Javi Martín,24/25,2025,1,0.5839957252711602,1,0
576028,Thiago Almada,24/25,2025,1,0.583961573643279,1,0
1285016,Francesco Iuliano,24/25,2025,1,0.5838855344791476,1,0
904145,Guillem Naranjo,24/25,2025,1,0.5838847620064279,1,0
964672,Mattia Gallo,24/25,2025,1,0.5838363312538059,1,0
1055133,Óscar Gonpi,24/25,2025,1,0.5837960972582744,1,0
783885,Iván Fernández,24/25,2025,1,0.5837433329253847,1,0
297064,Francesco Bonfiglio,24/25,2025,1,0.583724928845102,1,0
229256,Guille Andrés,24/25,2025,1,0.5836658377072891,1,0
1060196,Claudio Giardino,24/25,2025,1,0.5836493059242468,1,0
844755,Ekhiotz Orobio,24/25,2025,1,0.5835560140146927,1,0
782632,Jibril Othman,24/25,2025,0,0.5835333113756843,1,1
744934,Mathieu Patouillet,24/25,2025,1,0.583530066765613,1,0
566572,Oğuzhan Matur,24/25,2025,0,0.5835262121299952,1,1
395842,Franklyn Akammadu,24/25,2025,1,0.5834752892671347,1,0
231590,Braydon Manu,24/25,2025,0,0.5834665556724602,1,1
258287,Patrik Pinte,24/25,2025,1,0.5833936733710495,1,0
834754,Ibai Sanz,24/25,2025,0,0.5833467465101039,1,1
710470,Hosine Bility,24/25,2025,1,0.5833265643225772,1,0
636297,Joel Jiménez,24/25,2025,1,0.5832810152878286,1,0
634259,Javier Vicario,24/25,2025,1,0.5832149224780714,1,0
704593,Galymzhan Kenzhebek,24/25,2025,1,0.5831519198398337,1,0
549018,João Dias,24/25,2025,1,0.5831457543398335,1,0
614195,Dani Plomer,24/25,2025,1,0.5830940484171461,1,0
699198,Carlos Cano,24/25,2025,1,0.5830809581098333,1,0
257456,Chico Geraldes,24/25,2025,1,0.5830716916341855,1,0
932354,Víctor Rodríguez,24/25,2025,1,0.5830515910048686,1,0
678088,Luca Wollschläger,24/25,2025,1,0.5829895996752448,1,0
634598,Javi Alonso,24/25,2025,0,0.582972844137777,1,1
210683,Juanma Acevedo,24/25,2025,1,0.5829717048010071,1,0
854484,Dylann Kam,24/25,2025,1,0.5829555626644641,1,0
891971,João Marques,24/25,2025,0,0.5829036657032339,1,1
651269,Armin Gigovic,24/25,2025,1,0.5828683501892752,1,0
617720,Enrico Rossi,24/25,2025,1,0.5828583470570828,1,0
509144,Alessio Pertosa,24/25,2025,1,0.5828260413128098,1,0
767258,Juanan Aguilera,24/25,2025,0,0.5827776593438032,1,1
1053214,Alessandro De Luca,24/25,2025,1,0.5827640163963754,1,0
399779,Chuca,24/25,2025,1,0.5827206518250421,1,0
1061262,Pedro Augusto,24/25,2025,1,0.5827171347912584,1,0
511016,Javi Sánchez,24/25,2025,0,0.5827064185449257,1,1
627276,Antonio Leal,24/25,2025,1,0.5826673704341262,1,0
442767,Iñigo Muñoz,24/25,2025,1,0.5826416432176358,1,0
632929,Iván Castillo,24/25,2025,1,0.5826343015551074,1,0
338288,Alex Valiño,24/25,2025,0,0.5826177585954802,1,1
1148854,Jon Arruabarrena,24/25,2025,1,0.582612248780295,1,0
1058982,Nicolò Sancinito,24/25,2025,1,0.582518802692162,1,0
711371,Igor Irazu,24/25,2025,1,0.5824880158585818,1,0
815536,Edoardo Furini,24/25,2025,0,0.5824862615494063,1,1
980866,Talles Wander,24/25,2025,1,0.5824835796057475,1,0
700997,Matteo Sementa,24/25,2025,1,0.5824295415037254,1,0
709998,Lucas Alcázar,24/25,2025,1,0.5824178975308226,1,0
1108739,Riccardo Pavesi,24/25,2025,0,0.5823878409266383,1,1
369171,Niall Ennis,24/25,2025,1,0.5823720617952751,1,0
634772,David Hernández,24/25,2025,1,0.5823526514188561,1,0
636387,Álex Pérez,24/25,2025,1,0.5822968680372945,1,0
735342,Athanasios Prodromitis,24/25,2025,1,0.582291989963534,1,0
138816,Alessio Curcio,24/25,2025,1,0.5822919191994717,1,0
935782,Francesco Vallarelli,24/25,2025,1,0.5822547644776148,1,0
668277,Alan Godoy,24/25,2025,1,0.5822503257876999,1,0
226812,Gorka Santamaría,24/25,2025,1,0.5822463504069776,1,0
875860,David Amigo,24/25,2025,0,0.5822427115122764,1,1
1160320,Oscar Moreso,24/25,2025,1,0.5822179029289756,1,0
626962,Ewan Urain,24/25,2025,1,0.5821971108155851,1,0
391787,Alessandro Romairone,24/25,2025,1,0.5821685212389857,1,0
628494,Carlos García,24/25,2025,1,0.5821358718390567,1,0
815652,Tiago Morais,24/25,2025,1,0.5821149268832355,1,0
634106,Urko Collado,24/25,2025,0,0.5820713228716858,1,1
601058,Simeon Petrov,24/25,2025,1,0.582063626716158,1,0
1094415,Mohamed Hamdoune,24/25,2025,1,0.5820526331493325,1,0
1296876,Marc Domènech,24/25,2025,0,0.5820276643495071,1,1
715690,Sergio Navarro,24/25,2025,0,0.582026850817344,1,1
1101361,Andrea Toldo,24/25,2025,1,0.5820035134406999,1,0
976159,Curro Bonilla,24/25,2025,1,0.5819791840018312,1,0
1048582,Darius Fustos,24/25,2025,1,0.5819735606205644,1,0
628612,Aleix Roig,24/25,2025,1,0.5819480670082435,1,0
834756,Julen Lartitegi,24/25,2025,1,0.5819433202761615,1,0
940135,Christos Papadopoulos,24/25,2025,1,0.5819074524463768,1,0
843931,Timipere Johnson Eboh,24/25,2025,1,0.5818743079924724,1,0
935499,Lucas Pérez,24/25,2025,1,0.5818341415620781,1,0
958647,Ümit Akdağ,24/25,2025,0,0.5818178410805298,1,1
596884,Adrián Butzke,24/25,2025,1,0.5818170558746824,1,0
903188,Dejvi Metaj,24/25,2025,1,0.5817410481141031,1,0
568153,Cristian Delgado,24/25,2025,0,0.5816896469746178,1,1
1114719,Mario Cantero,24/25,2025,0,0.5816284442825619,1,1
536158,David Ballarín,24/25,2025,1,0.5816274561471562,1,0
364136,Lorenzo Gavioli,24/25,2025,1,0.5815765001906186,1,0
633329,Adrián Garrido,24/25,2025,1,0.5815521254359369,1,0
510545,Jesús Jiménez,24/25,2025,1,0.5815375158934825,1,0
698721,Álvaro Cortés,24/25,2025,1,0.5814469851569807,1,0
475736,Loren Fernández,24/25,2025,1,0.581401501464141,1,0
932738,Emanuele Sichi,24/25,2025,1,0.5813659788841564,1,0
1099652,Patrick Ouotro,24/25,2025,1,0.5813482538352008,1,0
823893,Giovanni Zito,24/25,2025,1,0.581344637493994,1,0
945701,Dani Clavijo,24/25,2025,0,0.5812636666848255,1,1
635570,Ander Dufur,24/25,2025,1,0.5812531853508643,1,0
988862,Moustapha Cissé,24/25,2025,0,0.5811836215850179,1,1
497566,Goyo Medina,24/25,2025,1,0.5811828642930078,1,0
796892,Samuel Ntamack,24/25,2025,1,0.5811817491335836,1,0
708496,Miguel Ángel Sanz,24/25,2025,1,0.5811532841863968,1,0
667061,Simone Maglieri,24/25,2025,1,0.5811476478681643,1,0
1157383,Angelo Traini,24/25,2025,1,0.5811342029085098,1,0
542570,Roberto Pierno,24/25,2025,1,0.5811207246182704,1,0
959789,Gabriel Henin,24/25,2025,1,0.5811158841682115,1,0
872176,Matija Krivokapic,24/25,2025,1,0.5810918879742085,1,0
512489,David Fondarella,24/25,2025,1,0.5810751963927363,1,0
476024,Léo Abreu,24/25,2025,1,0.5810417962668499,1,0
1179482,Iker Luque,24/25,2025,0,0.5809701182881742,1,1
340982,Florinel Coman,24/25,2025,0,0.5809616100346192,1,1
1101344,Emanuele Zanaboni,24/25,2025,1,0.5809424866429244,1,0
435808,Lazare Amani,24/25,2025,1,0.5809260795490707,1,0
708634,Andrea Arpini,24/25,2025,0,0.5808513798101566,1,1
391346,Julio Gracia,24/25,2025,0,0.5807033851039288,1,1
344869,Simon Banza,24/25,2025,0,0.5806609769504694,1,1
566927,Giovanni Corradini,24/25,2025,1,0.5806502548017222,1,0
1065779,Raúl Sanchís,24/25,2025,1,0.5806316992815643,1,0
336370,Jesaja Herrmann,24/25,2025,1,0.5805998053646896,1,0
794777,Nicolas Milanovic,24/25,2025,1,0.580585887329733,1,0
1067111,Alassan Manjam,24/25,2025,0,0.5805644289105104,1,1
148928,Saúl Ñíguez,24/25,2025,1,0.5805489937407565,1,0
1065454,Unai Santos,24/25,2025,0,0.5805212377619138,1,1
456938,Javi Avilés,24/25,2025,0,0.5804288678400408,1,1
397448,Andrea Procaccio,24/25,2025,0,0.5804264988876391,1,1
1329019,Alessandro Ghisleri,24/25,2025,1,0.5803146632971016,1,0
885226,Riyad Idrissi,24/25,2025,0,0.580302421702323,1,1
691486,Filippo Di Natale,24/25,2025,1,0.580270985076,1,0
1052726,Edu Sánchez,24/25,2025,1,0.5802629777101688,1,0
670711,Diogo Pinto,24/25,2025,1,0.580238801839213,1,0
340425,Zan Medved,24/25,2025,1,0.5802126908625682,1,0
882772,Álvaro Bastida,24/25,2025,1,0.580195389029091,1,0
344151,Bilal Boutobba,24/25,2025,1,0.5801737568202657,1,0
1189287,Aitor Galarza,24/25,2025,1,0.5801477617803688,1,0
315856,Christian Capone,24/25,2025,1,0.5801336239809572,1,0
946282,Isaac Obeng,24/25,2025,1,0.5801096721595788,1,0
177065,Florin Andone,24/25,2025,0,0.5800966241018021,1,1
860051,Ayoub Amraoui,24/25,2025,1,0.5800745589585986,1,0
287870,Giuseppe Tedesco,24/25,2025,1,0.5800467519665813,1,0
784722,Jaume Tovar,24/25,2025,0,0.5800467230227174,1,1
825708,Josu Gallastegui,24/25,2025,1,0.580019189733262,1,0
743327,Tamir Berman,24/25,2025,1,0.5799872678161778,1,0
634430,Israel Salazar,24/25,2025,1,0.5799783631553331,1,0
397320,Luigi Palumbo,24/25,2025,1,0.5799647824812124,1,0
331375,Kike Fabra,24/25,2025,1,0.5799503758103979,1,0
891919,Jaime González,24/25,2025,1,0.5799388303516274,1,0
665348,Paolo Capogna,24/25,2025,1,0.5799239568481199,1,0
394777,Isaia Lattarulo,24/25,2025,1,0.5798992245646741,1,0
715636,Iván López,24/25,2025,1,0.5798562890042566,1,0
834767,Loren Sánchez,24/25,2025,1,0.5798293487973109,1,0
374142,Manu Sánchez,24/25,2025,1,0.5798145820525428,1,0
409896,Chinaecherem Ibe,24/25,2025,1,0.5798113728061677,1,0
821044,Francesco Pio Cucciniello,24/25,2025,1,0.5797639935890707,1,0
707575,Joan Salvá,24/25,2025,1,0.5797319535127395,1,0
625881,Eneko Delgado,24/25,2025,1,0.5797199686663347,1,0
1172731,Ismael Issa Algueche,24/25,2025,0,0.5796559168749862,1,1
565242,José Manuel Raigal,24/25,2025,1,0.57963444046337,1,0
1064660,Álvaro Calado,24/25,2025,0,0.5796163794053729,1,1
461625,Alberto Salido,24/25,2025,0,0.5796094720019813,1,1
898293,Yuri Maset,24/25,2025,1,0.5795974256283354,1,0
1032447,Julio Cabrera,24/25,2025,0,0.5795911548055548,1,1
344806,Lubomir Tupta,24/25,2025,1,0.579535982164899,1,0
961985,Borja Calvo,24/25,2025,1,0.5793813253710193,1,0
668275,Néstor Lucas,24/25,2025,1,0.5793778640420202,1,0
690889,Máté Kotula,24/25,2025,1,0.5792920431458108,1,0
1173024,Nathan Fernandes,24/25,2025,0,0.5792127656427196,1,1
152431,Dominic Baumann,24/25,2025,1,0.579183648560287,1,0
704230,Edoardo Bernardi,24/25,2025,1,0.5791803569981995,1,0
1044645,Alejandro Palop,24/25,2025,1,0.5791543953002006,1,0
466812,Nils Mortimer,24/25,2025,0,0.5791389868483773,1,1
668183,Nico Serrano,24/25,2025,0,0.5791324192637061,1,1
705881,Mikel Serrano,24/25,2025,1,0.5791041441655179,1,0
724103,Michele Casali,24/25,2025,1,0.579065335898972,1,0
634928,Paul Álvarez,24/25,2025,0,0.5790493998251225,1,1
507351,Abdoul Guiebre,24/25,2025,1,0.5790096446642184,1,0
361500,Isma Aizpiri,24/25,2025,1,0.5789898941878725,1,0
907917,Kristaps Grabovskis,24/25,2025,1,0.5788560752932727,1,0
193050,Valmir Sulejmani,24/25,2025,1,0.5787559382037157,1,0
110475,Dario Del Fabro,24/25,2025,1,0.5787373291788538,1,0
706170,Fernando Romero,24/25,2025,1,0.5787043617383195,1,0
805479,Jesús Clemente,24/25,2025,1,0.5786849988469805,1,0
929829,Dani Simón,24/25,2025,1,0.5786567886504539,1,0
620393,Boubacar Coulibaly,24/25,2025,1,0.5786400031580253,1,0
635344,Abraham del Moral,24/25,2025,1,0.5786041444515976,1,0
408287,Leonardo Moraschi,24/25,2025,1,0.578596012633294,1,0
927904,Ethan Bouah,24/25,2025,1,0.5785937828041154,1,0
244338,Pelly Ruddock Mpanzu,24/25,2025,1,0.578588661915537,1,0
600823,Daniele Favale,24/25,2025,1,0.5785746794709503,1,0
1181800,Davide Lauritano,24/25,2025,1,0.578564719004273,1,0
632893,Javi Hernández,24/25,2025,1,0.5785594513434057,1,0
709182,Beñat de Jesús,24/25,2025,0,0.5785506113405084,1,1
65262,Rubén Martínez,24/25,2025,0,0.5784801902061623,1,1
455275,Javi Soler,24/25,2025,1,0.5784566028466896,1,0
991312,Nikita Baranok,24/25,2025,0,0.5784514080223825,1,1
856423,João Costa,24/25,2025,0,0.5784293859704289,1,1
358261,Konstantinos Doumtsios,24/25,2025,1,0.5783140629692092,1,0
1124149,Jaime Requés,24/25,2025,1,0.578293516802857,1,0
670402,Dennis Ozara,24/25,2025,1,0.5782912399882287,1,0
533110,Álex Pachón,24/25,2025,1,0.5782890193008366,1,0
962144,Unax del Cura,24/25,2025,1,0.5782273941771972,1,0
614086,Fábio Tavares,24/25,2025,1,0.5782080891196786,1,0
290412,Francesco Bigotto,24/25,2025,0,0.5781767311476684,1,1
512123,Guillermo Alonso,24/25,2025,1,0.5781253911695408,1,0
713357,Filippo Palazzino,24/25,2025,0,0.5781075129741027,1,1
1072763,Filippo Dodde,24/25,2025,0,0.5780421878797423,1,1
727865,Alberto Basso Ricci,24/25,2025,1,0.5780310573024475,1,0
827570,Luis Navarro,24/25,2025,1,0.5780134357975959,1,0
1164330,Martin Pedroarena,24/25,2025,0,0.5779772755195712,1,1
956708,Loup-Diwan Gueho,24/25,2025,1,0.5779753425122253,1,0
627293,Manín Gonzaga,24/25,2025,0,0.577954246695789,1,1
541646,Diego Barri,24/25,2025,1,0.5779208230203143,1,0
938431,Marko Kerkez,24/25,2025,1,0.5779036079241904,1,0
718036,Ato,24/25,2025,1,0.5778774676219783,1,0
409571,Mattia Mencagli,24/25,2025,1,0.5778561235549767,1,0
237923,Sotiris Tsiloulis,24/25,2025,1,0.5778280200395186,1,0
644557,Willi Reincke,24/25,2025,1,0.5777237286710654,1,0
242063,Vaclav Cerny,24/25,2025,1,0.5776470230677883,1,0
532908,Matteo Bongiorni,24/25,2025,1,0.5776240493421394,1,0
510965,Ale Hernández,24/25,2025,1,0.577617840591149,1,0
408253,Mattia Mauri,24/25,2025,1,0.5775792584324969,1,0
227974,Ba-Muaka Simakala,24/25,2025,1,0.5775067551509308,1,0
843327,Mohamed Awad Alla,24/25,2025,1,0.5774987069942137,1,0
1198739,Joaco Peñalver,24/25,2025,1,0.57749061692176,1,0
412927,Álvaro Arnedo,24/25,2025,1,0.5774785960706874,1,0
392576,Jani Atanasov,24/25,2025,1,0.5773982166905793,1,0
928726,Roberto Arroyo,24/25,2025,0,0.5773771109541452,1,1
935088,Dani García,24/25,2025,1,0.5773639157439293,1,0
295420,Steven Prieto,24/25,2025,1,0.577294347722919,1,0
1062967,Jon Merino,24/25,2025,1,0.5772229153632628,1,0
411537,Zian Flemming,24/25,2025,1,0.5772216257221966,1,0
1057696,Jesús Ares,24/25,2025,1,0.5771906268112453,1,0
1147892,Pau Palacín,24/25,2025,1,0.5771863445634717,1,0
342226,Irvin Cardona,24/25,2025,1,0.5771651968750784,1,0
699419,Karim El Kounni,24/25,2025,1,0.5771651581785305,1,0
309977,Samuel Ballet,24/25,2025,1,0.5771439199434896,1,0
1019145,Omar Ouhdadi,24/25,2025,1,0.5771364465874864,1,0
505673,Víctor Mollejo,24/25,2025,1,0.5771284414538252,1,0
630523,Martin Svidersky,24/25,2025,1,0.5770949892473869,1,0
631055,Alberto Quintana,24/25,2025,1,0.5770927493705299,1,0
540887,Enrico Oviszach,24/25,2025,1,0.5770912560656204,1,0
711635,Alexandro Fernández,24/25,2025,1,0.5770907415458624,1,0
535958,Ricardo Matos,24/25,2025,1,0.5770720090608917,1,0
401910,Iván Moreno,24/25,2025,1,0.5770640114854185,1,0
715640,Juan Durán,24/25,2025,1,0.5770602216351636,1,0
595916,Alejandro Cañizo,24/25,2025,0,0.5770553000266053,1,1
555076,Romain Faivre,24/25,2025,1,0.5770487699877223,1,0
682588,Mateo Mejía,24/25,2025,1,0.5770250852921393,1,0
827984,Mariano Carmona,24/25,2025,1,0.5769970590215517,1,0
710479,Jesús Palomeque,24/25,2025,1,0.576969199194095,1,0
713638,Neskes,24/25,2025,0,0.5769587639456026,1,1
340345,Borja San Emeterio,24/25,2025,0,0.5769381070522761,1,1
1020749,Gabriel Rabanillo,24/25,2025,1,0.5768725945902194,1,0
420465,Tiago Djaló,24/25,2025,1,0.5768709322198166,1,0
636392,Dani Vidal,24/25,2025,1,0.5768263878007409,1,0
538918,Sebastiano Esposito,24/25,2025,1,0.5767955970879373,1,0
597201,Rúben Pereira,24/25,2025,1,0.576737210414057,1,0
154819,Kwasi Wriedt,24/25,2025,1,0.5767107366750484,1,0
421869,Nicholas Rizzo,24/25,2025,1,0.5766918632977589,1,0
543051,Billal Brahimi,24/25,2025,1,0.5766205546312055,1,0
1064128,Víctor Sala,24/25,2025,1,0.5765901258524343,1,0
631068,Mike Cevallos,24/25,2025,1,0.5765706436328528,1,0
961945,Félix Garreta,24/25,2025,0,0.5765113347682003,1,1
381752,Alfonso Candelas,24/25,2025,0,0.5765107188460896,1,1
395875,Simone Ferrari,24/25,2025,1,0.576492605715711,1,0
533222,Luca Maffioletti,24/25,2025,1,0.5764864765316009,1,0
610649,Ryan Alebiosu,24/25,2025,1,0.5764764197086321,1,0
610370,Fran Pérez,24/25,2025,1,0.5764709281969506,1,0
396428,Rodrigo Escoval,24/25,2025,0,0.5764402800839887,1,1
806955,Dario Sits,24/25,2025,1,0.5764345563219686,1,0
247366,Marcos Mauro,24/25,2025,0,0.5764328242469745,1,1
479636,Henrique Jocú,24/25,2025,1,0.5764216077971676,1,0
983138,Mattia Maffei,24/25,2025,1,0.5764031350427192,1,0
719720,David Argüelles,24/25,2025,1,0.5763868153300284,1,0
625338,Marcos Bautista,24/25,2025,1,0.576383009469825,1,0
268249,Isma Cerro,24/25,2025,1,0.5763704650823901,1,0
914880,Matteo Brezzo,24/25,2025,1,0.5763686016971157,1,0
577741,Mattia Matese,24/25,2025,1,0.5763555714166667,1,0
911126,Cristian Pecci,24/25,2025,0,0.5763031271452358,1,1
830113,Steven Nsimba,24/25,2025,1,0.5762868543126259,1,0
951437,Lorenzo Boncompagni,24/25,2025,0,0.576227143168575,1,1
720411,Roan Riera,24/25,2025,1,0.5762210454865078,1,0
610369,Luis Hernáiz,24/25,2025,1,0.5761579105618257,1,0
254039,José Antonio Caro,24/25,2025,0,0.5761451202679383,1,1
115133,Ivan Pesic,24/25,2025,1,0.576137330054279,1,0
780908,Elmer Cardoza,24/25,2025,0,0.5761287330970457,1,1
1009938,Álvaro Merencio,24/25,2025,1,0.5761048062677452,1,0
719426,Chemseddine Bekkouche,24/25,2025,1,0.5761017724190166,1,0
539795,Bryan Okoh,24/25,2025,1,0.5760696679160593,1,0
704234,Diego Fornari,24/25,2025,1,0.576016900191459,1,0
973608,Toni Dols,24/25,2025,1,0.5760052758522035,1,0
656345,Nacho Ramón,24/25,2025,0,0.5760016409718411,1,1
945763,Dani Martinez,24/25,2025,0,0.5759656596460875,1,1
653065,Bahattin Karahan,24/25,2025,1,0.5759055632402607,1,0
1120228,Endika Buján,24/25,2025,0,0.5758782294801886,1,1
496484,Nick Akoto,24/25,2025,0,0.5758213170616504,1,1
971006,Ayoub El Battioui,24/25,2025,1,0.5758131258698637,1,0
745368,Filippo Puletto,24/25,2025,1,0.575805220723764,1,0
280833,Matteo Cericola,24/25,2025,1,0.5757831682088885,1,0
395544,Pietro Tribelli,24/25,2025,0,0.5757535408020718,1,1
984964,Niccolò Fortini,24/25,2025,0,0.5757308581058808,1,1
533355,Adrià Gené,24/25,2025,1,0.5757110612141242,1,0
471936,Oliver Christensen,24/25,2025,1,0.575685623778684,1,0
668211,Marcos Sánchez,24/25,2025,1,0.5755825044859677,1,0
488273,Aleksandr Sapovalov,24/25,2025,0,0.5755594932913461,1,1
745493,Umberto De Luca,24/25,2025,0,0.5755552311085155,1,1
309180,Jan Mlakar,24/25,2025,1,0.5755384534534387,1,0
1223892,Koke Mota,24/25,2025,0,0.575516389478813,1,1
513057,Javi Bueno,24/25,2025,1,0.5755142984555379,1,0
786438,Jony Álamo,24/25,2025,1,0.5755045803733327,1,0
313113,Álex López,24/25,2025,0,0.5754822541144491,1,1
999735,Leonardo Barsotti,24/25,2025,1,0.5754762293636481,1,0
199330,Antonio Cotán,24/25,2025,1,0.5754728878064004,1,0
998686,José Naranjo,24/25,2025,1,0.5754723109286185,1,0
936714,Mariano Nichele,24/25,2025,1,0.5754613995728652,1,0
448835,Gaizka Campos,24/25,2025,1,0.5754245399860551,1,0
956126,Ian Olivera,24/25,2025,1,0.5754182844294979,1,0
982018,Yerai Dávila,24/25,2025,1,0.5754087731060008,1,0
733235,Goma,24/25,2025,0,0.5753890488921701,1,1
685807,Luís dos Santos,24/25,2025,1,0.5752940746479659,1,0
390117,Samuele Damiani,24/25,2025,1,0.5752854382588412,1,0
598162,Javi Gómez,24/25,2025,1,0.5752507008632161,1,0
1001362,Max Vartuli,24/25,2025,0,0.575218892649876,1,1
738108,Samuele Zona,24/25,2025,1,0.5751901866669753,1,0
442425,Georgi Rusev,24/25,2025,1,0.5751875381128583,1,0
864465,Giacomo Venturini,24/25,2025,1,0.5751634840066332,1,0
696619,Mattia Gaddini,24/25,2025,1,0.5751575877367763,1,0
638210,Mikel Zabala,24/25,2025,0,0.5751371764514488,1,1
1226095,Miguel Ángel Abad,24/25,2025,0,0.5751014073630678,1,1
657446,Bernardo Couto,24/25,2025,0,0.5750708446767345,1,1
936696,Giuseppe Ferrante,24/25,2025,1,0.57506570054079,1,0
707303,Samuele Lovaglio,24/25,2025,1,0.5750290292193483,1,0
1291792,Agustín Juarez,24/25,2025,1,0.5750187221888909,1,0
1123335,Hamza Bellari,24/25,2025,1,0.574997246890001,1,0
723498,Daniel Hais,24/25,2025,1,0.5749866873359942,1,0
502435,Federico Cardella,24/25,2025,0,0.5749453796099857,1,1
717960,Luis Sánchez,24/25,2025,0,0.5749246844955237,1,1
1283657,Edoardo Pierfederici,24/25,2025,1,0.574921638099301,1,0
933059,Tommaso Raineri,24/25,2025,1,0.5749145769078018,1,0
809180,Teddy Averlant,24/25,2025,1,0.5749118989195524,1,0
1107994,Gabriel Obekpa,24/25,2025,0,0.5748988608541882,1,1
251882,Xiker Ozerinjauregi,24/25,2025,1,0.5748980029948905,1,0
947440,Gabriel Ramis,24/25,2025,0,0.5748732590543333,1,1
1055933,Daniel Babaj,24/25,2025,1,0.5748698927414158,1,0
229337,Samuele Neglia,24/25,2025,1,0.5748397584656744,1,0
963150,Moi Parra,24/25,2025,0,0.5748362789133981,1,1
717640,Álex Altube,24/25,2025,1,0.5747987614974713,1,0
598101,Roberto Fernández,24/25,2025,1,0.5747914352313531,1,0
973690,Luca Lohr,24/25,2025,1,0.5747841104366463,1,0
1157042,Máté Gyurkó,24/25,2025,1,0.5747467203760418,1,0
610909,Oriol Martí,24/25,2025,1,0.5747439239299326,1,0
709591,Héctor Peña,24/25,2025,1,0.5747379596212553,1,0
1018922,Òscar Masqué,24/25,2025,0,0.5747375635013287,1,1
201734,Mamadou Kanoute,24/25,2025,0,0.5747135216107933,1,1
459649,Joseph Ekuban,24/25,2025,0,0.5746820232861397,1,1
621824,Andrea Nesci,24/25,2025,1,0.5746770081310821,1,0
724437,Kaleb Jiménez,24/25,2025,0,0.5746575097046829,1,1
256749,Dani Santigosa,24/25,2025,1,0.5746550546995502,1,0
786827,Marius Wörl,24/25,2025,1,0.5746384790298746,1,0
314367,Marcus Edwards,24/25,2025,1,0.5745997470486965,1,0
193994,Yves Baraye,24/25,2025,1,0.5745959194559976,1,0
624347,Nikola Janjic,24/25,2025,1,0.574568017780654,1,0
1051090,Samuele Magni,24/25,2025,0,0.5745645063154492,1,1
1163638,Yeimar Mosquera,24/25,2025,0,0.5745561049570372,1,1
815677,Vinicius Mello,24/25,2025,0,0.5745052928442022,1,1
549069,Diego Altube,24/25,2025,1,0.5744741112384605,1,0
1228383,Ismael Barea,24/25,2025,1,0.5744711642636003,1,0
416371,Davide Zugaro,24/25,2025,1,0.574390309991859,1,0
766764,Dani Lidueña,24/25,2025,1,0.5743517834768143,1,0
1064122,Valen Gómez,24/25,2025,1,0.5743482436092935,1,0
1054284,Riccardo Vesprini,24/25,2025,1,0.574339418801164,1,0
818850,Bilario Azizi,24/25,2025,1,0.5743189977976583,1,0
542741,Sunday Adetunji,24/25,2025,1,0.5742932705302985,1,0
575212,Isaac Fletcher,24/25,2025,0,0.5742929465827493,1,1
391138,Gioacchino Carullo,24/25,2025,1,0.574276964357367,1,0
1049439,Alessio Porzio,24/25,2025,0,0.5742343926811224,1,1
462250,João Félix,24/25,2025,1,0.5742322576642794,1,0
738570,Alessio Spatari,24/25,2025,1,0.5741958793114227,1,0
669915,Filippo Distefano,24/25,2025,1,0.5741279024715362,1,0
158080,Eneko Zabaleta,24/25,2025,0,0.5741254361675813,1,1
614719,Nicola Greco,24/25,2025,1,0.5740815169726946,1,0
632915,Carlos Sánchez,24/25,2025,0,0.5740728872376141,1,1
701348,Gabriel Santoni,24/25,2025,0,0.5740685708882709,1,1
156887,Álvaro Peña,24/25,2025,1,0.5740650416538867,1,0
631050,Alfonso Liceras,24/25,2025,0,0.5740461598169307,1,1
417830,Antonio Ferrara,24/25,2025,1,0.5740395185790803,1,0
243555,Miguel Santos,24/25,2025,0,0.574036606067158,1,1
1132749,Alex Sánchez,24/25,2025,0,0.5740067303744364,1,1
979322,Álex Alonso,24/25,2025,1,0.5739959165180014,1,0
1056144,Francesco Di Biagio,24/25,2025,1,0.5739667637802293,1,0
632898,Rodri Val,24/25,2025,1,0.5739573814666961,1,0
702662,Adrián Verde,24/25,2025,1,0.5739420302296204,1,0
708369,Esteban Aparicio,24/25,2025,0,0.5739270597028079,1,1
820685,Alessandro Marcucci,24/25,2025,1,0.5739185654743364,1,0
783873,Álvaro López,24/25,2025,0,0.5739092001287786,1,1
727697,Nico Grimbs,24/25,2025,1,0.5738934159835419,1,0
247555,Edimilson Fernandes,24/25,2025,1,0.5738902648031651,1,0
1087487,Vimal Yoganathan,24/25,2025,0,0.5738785955609458,1,1
541035,Javi Duarte,24/25,2025,1,0.5738596839524117,1,0
419128,Bryan Mecca,24/25,2025,1,0.5738586680735523,1,0
632708,Willy Ibáñez,24/25,2025,1,0.5738415073300178,1,0
820694,Jacopo Atzeni,24/25,2025,1,0.5738089983673317,1,0
896014,Adrià Nicoli,24/25,2025,0,0.5737933658414579,1,1
782889,Tom Moustier,24/25,2025,0,0.5737814970268441,1,1
672024,Georgios Papadopoulos,24/25,2025,1,0.5737795616172432,1,0
308367,José Antonio Soler,24/25,2025,1,0.5737786976575033,1,0
568709,Francesco Barranca,24/25,2025,0,0.5737681108810433,1,1
73735,Juha Pirinen,24/25,2025,1,0.5737133289260868,1,0
1049715,Alessandro Diana,24/25,2025,0,0.5736826270128035,1,1
662327,Diego Rosa,24/25,2025,1,0.5736795941301291,1,0
175416,Cristiano Ingretolli,24/25,2025,0,0.573660980368465,1,1
823331,Luca Gozzo,24/25,2025,0,0.5736454280628006,1,1
628466,Isaiah Navarro,24/25,2025,0,0.5736419652442191,1,1
606572,Rubén Sanchidrián,24/25,2025,1,0.5736317132173331,1,0
596880,Jesús Cambil,24/25,2025,1,0.5736151809337336,1,0
383114,Gorka Pérez,24/25,2025,1,0.5736024325954768,1,0
336731,Nacho Gil,24/25,2025,1,0.5735981396963744,1,0
1010862,Rhani Abdennour,24/25,2025,0,0.573578046196775,1,1
517729,Jaume Pascual,24/25,2025,1,0.5735670517027951,1,0
872380,Felix Afena-Gyan,24/25,2025,1,0.5735410939374824,1,0
623640,Frixos Grivas,24/25,2025,1,0.5734835481021551,1,0
203052,Filippo Di Maira,24/25,2025,1,0.5734627486019809,1,0
541867,Pitu Doncel,24/25,2025,0,0.5734606121283556,1,1
1028507,Óscar Vacas,24/25,2025,1,0.5734362660377661,1,0
636094,Javier Hermelo,24/25,2025,0,0.573435199724386,1,1
929978,Andrea Agostini,24/25,2025,0,0.5734282375740166,1,1
525995,Stefan Hajdin,24/25,2025,1,0.5733883092316128,1,0
455374,Gianluca Bassano,24/25,2025,1,0.5733621267348687,1,0
733575,Ilies Faure,24/25,2025,1,0.5733430327624811,1,0
820252,Benchimol,24/25,2025,0,0.5733316689165038,1,1
567529,Rui Pedro,24/25,2025,1,0.573324375480952,1,0
569373,Isaac Solet,24/25,2025,0,0.573316056594966,1,1
891922,Joel Priego,24/25,2025,1,0.5733133527705743,1,0
336325,Enrique Peña Zauner,24/25,2025,0,0.573307891699093,1,1
532107,Ben Folami,24/25,2025,0,0.5732819449225189,1,1
627218,Txus Alba,24/25,2025,1,0.5732541141775793,1,0
314369,Matteo Gasperi,24/25,2025,0,0.5732539025804686,1,1
710670,Kevin Soeiro,24/25,2025,1,0.5732392319071828,1,0
702275,Julián Mahicas,24/25,2025,0,0.573226291239514,1,1
217149,Antonio Marín,24/25,2025,0,0.5731934918914393,1,1
628490,Genar Fornés,24/25,2025,1,0.5731685604850317,1,0
504084,Tiago Ribeiro,24/25,2025,0,0.5731336339886578,1,1
520395,Iago Novo,24/25,2025,1,0.5730694508491344,1,0
338401,Ulrich Nnomo,24/25,2025,0,0.57301682939239,1,1
572431,Valerio Baldassi,24/25,2025,1,0.573010570752379,1,0
1105550,Moussa Seck Ndoye,24/25,2025,1,0.5729732708871225,1,0
520438,Abdelmounaim Boutouil,24/25,2025,1,0.572971192770174,1,0
548187,Alejandro Pérez,24/25,2025,1,0.5729235183870565,1,0
619323,Fausto Perseu,24/25,2025,1,0.5729043332116712,1,0
881298,Cornelius Olsson,24/25,2025,1,0.5729003621796096,1,0
704285,Elia Maccherini Tonini,24/25,2025,1,0.5728699594909973,1,0
982832,Adri Heredia,24/25,2025,1,0.5728543963325873,1,0
392500,Felice D'Amico,24/25,2025,1,0.572795587713484,1,0
890629,Emi Hernández,24/25,2025,1,0.572789111415179,1,0
1281601,Leonardo Tassi,24/25,2025,1,0.5727823455524517,1,0
226825,Borja López,24/25,2025,0,0.5727748105719795,1,1
338107,Simone Rossetti,24/25,2025,0,0.5727470506802911,1,1
722280,Luismi Gutiérrez,24/25,2025,0,0.5727408692808286,1,1
1105883,Edoardo Caporello,24/25,2025,1,0.5727279437957348,1,0
866082,Danilo Al-Saed,24/25,2025,1,0.5727046551495557,1,0
432092,Roberto Piccoli,24/25,2025,1,0.5726934330163065,1,0
1006089,Francesco Bova,24/25,2025,0,0.572677565041922,1,1
618806,Alfredo Pedraza,24/25,2025,1,0.5726678580703286,1,0
604794,Vincenzo Vitale,24/25,2025,1,0.5726487515152742,1,0
476101,Sergi Segura,24/25,2025,0,0.5726464763273191,1,1
677139,Yusri El Kandoussi,24/25,2025,1,0.5726338231608653,1,0
533061,Elias Ramírez,24/25,2025,0,0.5726310586019127,1,1
976828,Matteo Di Paola,24/25,2025,1,0.5725786882978768,1,0
933350,Tincho Conde,24/25,2025,1,0.5725741796660322,1,0
845313,Osman Foyo,24/25,2025,0,0.5725741639392177,1,1
636302,Jordi Pola,24/25,2025,0,0.5725108158009934,1,1
816789,Mattia Ortelli,24/25,2025,0,0.5724890020036203,1,1
1034123,Enrico Rovinelli,24/25,2025,0,0.572441532735468,1,1
373538,Daniel Zinon Kouko,24/25,2025,1,0.5724237308529782,1,0
718586,Manu Morillo,24/25,2025,1,0.5724196115052504,1,0
888182,Jorge Rastrojo,24/25,2025,1,0.5724166045931565,1,0
707456,Fallou Sene,24/25,2025,1,0.5723998514368388,1,0
908946,Niklas Castelle,24/25,2025,1,0.5723751138907746,1,0
1054909,Pablo Busto,24/25,2025,0,0.5723733672002165,1,1
566658,Adolfo Romero,24/25,2025,1,0.5723212276685646,1,0
341228,Juan Agüero,24/25,2025,1,0.5722484419438504,1,0
929864,Rafa Fernández,24/25,2025,1,0.5721959166916165,1,0
894945,Anartz Peña,24/25,2025,0,0.5721959143105698,1,1
352898,João Amaral,24/25,2025,1,0.5721790176277453,1,0
567026,Anton Efremov,24/25,2025,1,0.5721374185051264,1,0
93853,Martin Kobylanski,24/25,2025,1,0.5720951866072468,1,0
131951,Kevin Lasagna,24/25,2025,1,0.5720801579851059,1,0
805835,Rémy Vita,24/25,2025,1,0.5720724942474089,1,0
710000,David Cuenca,24/25,2025,1,0.5720458760196191,1,0
936733,Filippo Illipronti,24/25,2025,1,0.5719938906478397,1,0
536698,Julian Larsson,24/25,2025,0,0.5719830667663099,1,1
441107,Dani Ramos,24/25,2025,0,0.5719798905462582,1,1
462296,Daniel Giampaolo,24/25,2025,1,0.5719733604024573,1,0
818960,Filippo Pinton,24/25,2025,1,0.5719709775642365,1,0
1123002,Gerardo Agnelli,24/25,2025,0,0.5719704525241798,1,1
668718,Vasilios Katsoulidis,24/25,2025,1,0.5719630971598613,1,0
431408,Alessio Leveque,24/25,2025,1,0.5719603253515634,1,0
1001035,Marcos Carrillo,24/25,2025,1,0.5719583261302389,1,0
660063,Cristian Esposito,24/25,2025,0,0.5718959973434313,1,1
935842,Alexandr Urban,24/25,2025,1,0.5718486891426457,1,0
944738,Cristian Antonciuc,24/25,2025,0,0.5718296198997342,1,1
455924,Davide Cortinovis,24/25,2025,1,0.5718186203731436,1,0
981444,Arnold Vula,24/25,2025,1,0.5717432256593119,1,0
718307,Matías Segovia,24/25,2025,1,0.5717392814773538,1,0
228386,Joseph Boyamba,24/25,2025,1,0.571709777334622,1,0
617645,Luigi Gianfreda,24/25,2025,1,0.571652483650595,1,0
295082,Jon Sillero,24/25,2025,0,0.5715805436044515,1,1
320426,Andrea Gulli,24/25,2025,1,0.57157856871794,1,0
490616,Sergio Nieto,24/25,2025,1,0.5715393822368797,1,0
746553,Reyes Cleary,24/25,2025,1,0.5715280309303198,1,0
621277,Silvio Colella,24/25,2025,1,0.5715065634779393,1,0
568362,Suphanat Mueanta,24/25,2025,0,0.5715037206000678,1,1
672381,Jonathan Rowe,24/25,2025,1,0.5715034875665786,1,0
102413,Luca Zamparo,24/25,2025,1,0.5714968821739526,1,0
341497,Antonio Martiniello,24/25,2025,1,0.5714918853533182,1,0
921610,Nestorly Lumbu,24/25,2025,1,0.5714600591172332,1,0
260801,Eugenio Isnaldo,24/25,2025,1,0.5714529874902671,1,0
632498,Miguelito,24/25,2025,0,0.5714250379446982,1,1
973665,Andrea Grilli,24/25,2025,1,0.5714207902248453,1,0
430488,Edgar Sevikyan,24/25,2025,1,0.5713993702419896,1,0
909683,Joan Puig,24/25,2025,1,0.5713942187104948,1,0
634116,Yoel Ramírez,24/25,2025,1,0.5713814886359534,1,0
491447,Alessio Rasi,24/25,2025,0,0.5713393498700541,1,1
801357,Gabriel Pellegrino,24/25,2025,1,0.5713328400343389,1,0
1175656,Thomas Diego Altomonte,24/25,2025,1,0.5712902832495464,1,0
1183293,Edoardo Ferrari,24/25,2025,0,0.5712623262395428,1,1
704683,Jordan Amore,24/25,2025,1,0.5712583893905087,1,0
686808,Pietro Carcani,24/25,2025,1,0.571189854089705,1,0
611174,Jofre Cherta,24/25,2025,1,0.5711844906840337,1,0
715683,Naim García,24/25,2025,0,0.5711784372667386,1,1
396682,Luca Gagliano,24/25,2025,1,0.5711668689144219,1,0
892421,Alex Quevedo,24/25,2025,0,0.5711575229945907,1,1
396158,Carlos Cobo,24/25,2025,1,0.5711556870379374,1,0
604864,Dimitrios Theodoridis,24/25,2025,1,0.5710877232223381,1,0
707221,Baptiste Rolland,24/25,2025,1,0.5710760536742737,1,0
1104393,Francesco Cinque,24/25,2025,1,0.5710669375654104,1,0
562287,Christian Celesia,24/25,2025,0,0.5710654494890586,1,1
1051262,Gabriele Massaro,24/25,2025,0,0.5710306279080442,1,1
1214320,Sydney Osazuwa,24/25,2025,0,0.5710162035478458,1,1
505653,Fábio Silva,24/25,2025,1,0.5710066969289067,1,0
576125,Thierry Gale,24/25,2025,1,0.5709948392620469,1,0
654415,Alan Virginius,24/25,2025,1,0.5709822905306827,1,0
1053246,Chidera Okoh,24/25,2025,0,0.570924041394982,1,1
810307,Dimitrios Goumas,24/25,2025,0,0.5709053082311325,1,1
1066212,Mladen Mutavčić,24/25,2025,1,0.5709050896254569,1,0
551007,Eli King,24/25,2025,0,0.5709049107373235,1,1
698548,Marko Lazetić,24/25,2025,1,0.5708981331225401,1,0
255904,Kaiser,24/25,2025,0,0.5708961313019338,1,1
926766,Johaneko Louis-Jean,24/25,2025,0,0.5708831027620012,1,1
1048316,Kareem Ben-Kmayal,24/25,2025,1,0.5708784781982972,1,0
263066,Francis Ferrón,24/25,2025,1,0.5708720102698706,1,0
636318,Chus Ruiz,24/25,2025,1,0.5708686124798653,1,0
867784,Davide Aloia,24/25,2025,1,0.5708384749079733,1,0
1189292,Ander Izagirre,24/25,2025,0,0.5708028352108915,1,1
910682,Dennis Gaustad,24/25,2025,1,0.5707995102754363,1,0
456157,Matteo Fracassini,24/25,2025,0,0.5707640990221561,1,1
924309,Samuele Zanini,24/25,2025,1,0.5707407968518016,1,0
575478,Xabier Zaldua,24/25,2025,1,0.5707118751708026,1,0
1179588,Yuzún Ley,24/25,2025,1,0.5706951155394423,1,0
555118,Toño Calvo,24/25,2025,0,0.5706770666130905,1,1
1035221,Lorenzo Brusca,24/25,2025,1,0.5706496332889511,1,0
902107,Mahir Rizvanovic,24/25,2025,1,0.5706320321354762,1,0
891312,Fran Árbol,24/25,2025,1,0.5705420399060165,1,0
666918,Jordi Ortega,24/25,2025,1,0.5705373331352204,1,0
251432,Enock Barwuah,24/25,2025,1,0.5705138860137764,1,0
317429,Manuel Farrando,24/25,2025,0,0.5704845824240907,1,1
1136037,Iker Ropero,24/25,2025,1,0.570407035102326,1,0
611905,Claudio Messaggi,24/25,2025,0,0.57040204483563,1,1
1065483,Moussa Seck,24/25,2025,0,0.5704012095919375,1,1
876626,Finn Delap,24/25,2025,0,0.5703979778494666,1,1
351691,Sam Cosgrove,24/25,2025,1,0.570385546804646,1,0
709971,Xavi Moreno,24/25,2025,1,0.5703796372425689,1,0
97731,Salvatore Giglio,24/25,2025,1,0.5703001305777706,1,0
699632,Abraham Marcus,24/25,2025,1,0.5702642120066682,1,0
1188539,Giuseppe Coppola,24/25,2025,0,0.5702588335394427,1,1
570458,Jake Garrett,24/25,2025,0,0.570221107143382,1,1
544258,Elios Minaj,24/25,2025,0,0.5701978783353817,1,1
636147,Marcos Bustillo,24/25,2025,1,0.5701657885414949,1,0
1141560,Kader Meïté,24/25,2025,0,0.5701283186122232,1,1
456647,Francesco Rillo,24/25,2025,0,0.5701176315987815,1,1
341270,Carlos Gilbert,24/25,2025,1,0.5701012102625488,1,0
446188,Rodrigo Escudero,24/25,2025,1,0.570077467480829,1,0
719986,Fito,24/25,2025,0,0.5700723013420017,1,1
1055398,Hugo Matos,24/25,2025,1,0.5700630114657734,1,0
308560,Jhon Murillo,24/25,2025,1,0.5700578833033967,1,0
887254,Edu Gallardo,24/25,2025,0,0.5700372860334691,1,1
820678,Emanuele Zucco,24/25,2025,1,0.5700347684898035,1,0
888293,Carlos Mattheus,24/25,2025,1,0.569992000195676,1,0
355924,Luca Sparandeo,24/25,2025,1,0.5699900962475546,1,0
1059365,Álex Maroto,24/25,2025,1,0.5699704352277105,1,0
1013227,George Andrews,24/25,2025,1,0.5699610001993158,1,0
824887,Valentin Haberkon,24/25,2025,1,0.5699329054679655,1,0
529142,Daouda Beleme,24/25,2025,1,0.5699295715412906,1,0
55595,Benjamin Mokulu,24/25,2025,1,0.5698976096554087,1,0
711999,Lesley Ugochukwu,24/25,2025,1,0.569887474329471,1,0
71918,David Ferreiro,24/25,2025,0,0.5698731617932825,1,1
248337,Pablo Trigueros,24/25,2025,1,0.5698072330348124,1,0
826225,Gonzalo Calçada,24/25,2025,1,0.5698054492097512,1,0
709967,Toni Caravaca,24/25,2025,0,0.5697901879533005,1,1
938662,Elias Franco,24/25,2025,1,0.5697798545026251,1,0
457107,Ángel López,24/25,2025,1,0.5697540377034674,1,0
524860,Mickaël Biron,24/25,2025,1,0.5697319483758223,1,0
732439,Nico Magno,24/25,2025,1,0.5696948075184242,1,0
986173,Pasquale Ruiz Giraldo,24/25,2025,1,0.5696774867505777,1,0
198015,Jefté Betancor,24/25,2025,1,0.569650584031875,1,0
187290,Kevin Brobbey,24/25,2025,1,0.5696193680971293,1,0
881175,Diogo Bebé,24/25,2025,0,0.5695951298111691,1,1
632497,Miquel Llabrés,24/25,2025,0,0.5695639354513417,1,1
344595,Aurélien Nguiamba,24/25,2025,1,0.5695585897472433,1,0
742018,Dejan Radonjic,24/25,2025,0,0.5695513370956332,1,1
700664,Balázs Farkas,24/25,2025,1,0.5695373946682543,1,0
177964,Yusupha Njie,24/25,2025,0,0.5694523000855353,1,1
719985,Pol Bassa,24/25,2025,1,0.569414476915855,1,0
1285999,John Batigi,24/25,2025,1,0.5694123738095067,1,0
396114,Víctor Morillo,24/25,2025,1,0.5694042404406199,1,0
336963,Paolo Grillo,24/25,2025,0,0.5693971742129219,1,1
337310,Lamin Jallow,24/25,2025,1,0.569395202818781,1,0
715624,José Currás,24/25,2025,1,0.569384367548921,1,0
1205219,Andrea Prandini,24/25,2025,1,0.5693541110232881,1,0
677179,Raúl Tavares,24/25,2025,0,0.5693408686292908,1,1
726669,Lubos Prazenka,24/25,2025,1,0.5692576494575354,1,0
937710,Edward Cedeño,24/25,2025,1,0.569237029499135,1,0
674429,Diego González,24/25,2025,1,0.5692090422642269,1,0
1191770,César Álvarez,24/25,2025,0,0.5692029328970104,1,1
1009941,Álex García,24/25,2025,1,0.5691821823840701,1,0
366729,Nazariy Rusyn,24/25,2025,1,0.5691621878338353,1,0
163223,Mirko Gori,24/25,2025,0,0.5691370938317081,1,1
550934,Amador Zarco,24/25,2025,0,0.5691101024565484,1,1
448264,Afonso Freitas,24/25,2025,0,0.5691059751664435,1,1
936185,Tobia Mogentale,24/25,2025,1,0.5690983232710065,1,0
599739,Xavier Simons,24/25,2025,1,0.5690920244659914,1,0
596882,Álvaro Espínola,24/25,2025,1,0.5690767042898554,1,0
860746,Pablo Álvarez,24/25,2025,1,0.5690513960575371,1,0
246244,Sergio Aguza,24/25,2025,1,0.5690212796839508,1,0
542720,Alessandro De Luca,24/25,2025,1,0.5690084019393405,1,0
486766,Aílson Tavares,24/25,2025,1,0.5689906318203715,1,0
935576,Hagan Frimpong,24/25,2025,1,0.5689792999011932,1,0
497188,Florent Hasani,24/25,2025,0,0.5689785266881032,1,1
379872,Julen Monreal,24/25,2025,1,0.5689163724518367,1,0
639640,Genny Rondinella,24/25,2025,1,0.5689161817754035,1,0
561702,Gaizka Ayesa,24/25,2025,0,0.5689026960259315,1,1
830304,Gellért Dúzs,24/25,2025,0,0.5688577201616868,1,1
934503,Stefano Tomaselli,24/25,2025,0,0.5688548079705983,1,1
332527,Sveinn Aron Gudjohnsen,24/25,2025,0,0.5688069384337346,1,1
341093,Filippo Boccardi,24/25,2025,1,0.5687888741932293,1,0
784911,Diego Gutiérrez,24/25,2025,1,0.5687760396935048,1,0
1041547,Juan Cruz Cerrudo,24/25,2025,1,0.5687635653129656,1,0
1090074,Filippo Liberati,24/25,2025,1,0.5687477807669968,1,0
316937,Michele Spinelli,24/25,2025,1,0.5687322659720853,1,0
1258840,Asier Larrión,24/25,2025,1,0.5687246607772872,1,0
803967,Sanel Saljic,24/25,2025,0,0.5687000578592974,1,1
710347,Alfonso Sepe,24/25,2025,1,0.5686760012767761,1,0
924447,Tunde Akinsola,24/25,2025,0,0.5686531835468119,1,1
627829,Christian Bianchetti,24/25,2025,1,0.5686509297930562,1,0
341724,Relu,24/25,2025,1,0.5685715357226532,1,0
341438,Mark Sifneos,24/25,2025,1,0.5685591355934259,1,0
625630,Lorenzo Chiti,24/25,2025,1,0.568546305263778,1,0
930944,Tommaso Ghirardello,24/25,2025,1,0.5685366121212477,1,0
168550,Andrea Brighenti,24/25,2025,1,0.568507065024271,1,0
612489,Alessio Nepi,24/25,2025,0,0.5684875495557088,1,1
738112,Luca Moro,24/25,2025,0,0.568481616691141,1,1
820938,Alessandro Silano,24/25,2025,1,0.5684473140866444,1,0
69212,Vincenzo Camilleri,24/25,2025,1,0.5684421934373408,1,0
951316,Iker Balda,24/25,2025,1,0.5684247031285834,1,0
534121,Andrea Marino,24/25,2025,1,0.5684103350950639,1,0
1254491,Fran Sabina,24/25,2025,0,0.5684024690478763,1,1
355479,Ferdinando Del Sole,24/25,2025,1,0.5683796062394697,1,0
315871,Federico Valietti,24/25,2025,1,0.5683656172861942,1,0
618808,Diego Espejo,24/25,2025,0,0.568333554424103,1,1
837890,Federico Ficini,24/25,2025,1,0.5683043120429626,1,0
842149,Kieren Flavell,24/25,2025,0,0.5682886395516782,1,1
741254,Gerard Hernández,24/25,2025,1,0.5682722086948343,1,0
718115,Zini,24/25,2025,0,0.5682411742237425,1,1
997478,Othniël Raterink,24/25,2025,1,0.5682121402305088,1,0
1065442,Iñigo Arguibide,24/25,2025,0,0.5682079007161491,1,1
351792,David Tijanic,24/25,2025,1,0.5682027994210721,1,0
834483,Álex Padilla,24/25,2025,0,0.5681506541633494,1,1
655723,Kyran Lofthouse,24/25,2025,1,0.568149680510147,1,0
348553,Pablo Clavería,24/25,2025,0,0.5681332911402385,1,1
536811,Nicolò Milani,24/25,2025,1,0.5681150492178348,1,0
345343,James McGarry,24/25,2025,1,0.5681129019091359,1,0
1175869,Jesús Belza,24/25,2025,0,0.5681073633172344,1,1
379821,Christian Tommasini,24/25,2025,0,0.5680763969257275,1,1
592498,Tiago Manso,24/25,2025,0,0.5680645956570377,1,1
278343,Felix Uduokhai,24/25,2025,1,0.5680483587567089,1,0
794349,Julien Le Cardinal,24/25,2025,0,0.5680239565152164,1,1
715679,Lalo Aguilar,24/25,2025,0,0.5679901776320275,1,1
564305,Michel Adopo,24/25,2025,1,0.5679677203224927,1,0
636693,David Navarro,24/25,2025,0,0.567964597580257,1,1
1186672,Valerio Bertucci,24/25,2025,1,0.5679319606534173,1,0
466452,Ivan Milicevic,24/25,2025,1,0.5679295649975421,1,0
890817,Dimitrios Stamatakis,24/25,2025,0,0.5678999271264731,1,1
601822,Alessandro Corti,24/25,2025,1,0.5678946730930673,1,0
205569,Mickaël Malsa,24/25,2025,1,0.5678905377867732,1,0
815384,Matheus Dias,24/25,2025,1,0.5678789363470613,1,0
351158,Jesús Cruz,24/25,2025,0,0.5678713658519975,1,1
120919,Giorgio Siani,24/25,2025,1,0.5678662929859377,1,0
589459,Joseda Menargues,24/25,2025,1,0.5678384910015288,1,0
267916,Valeriano Nchama,24/25,2025,1,0.5678078951621608,1,0
274753,Carlos Gutiérrez,24/25,2025,1,0.567791809263914,1,0
503975,Joe Hodge,24/25,2025,1,0.5677861212180919,1,0
536703,Ivo Quaranta,24/25,2025,1,0.5677691093390427,1,0
1308575,Giovanni Otero,24/25,2025,1,0.5677629653587594,1,0
542588,Alessandro Sorrentino,24/25,2025,1,0.5677592681532687,1,0
815532,Mattia Rigo,24/25,2025,1,0.5677519312325537,1,0
691355,Junior Bakayoko,24/25,2025,0,0.5677507354514594,1,1
459224,Francesco Piccardi,24/25,2025,0,0.5677223665232061,1,1
164837,Kristopher Vida,24/25,2025,1,0.5677119995815498,1,0
238968,Matteo Lomolino,24/25,2025,1,0.5677067799819493,1,0
817128,Lorenzo Lo Duca,24/25,2025,0,0.5677062015871793,1,1
1101300,Capi,24/25,2025,1,0.5677009854104659,1,0
1065268,Álex Jimenez,24/25,2025,1,0.5676960980437837,1,0
530298,Christian Conteh,24/25,2025,0,0.5676874647603253,1,1
929573,Joel Silva,24/25,2025,1,0.5676838800471319,1,0
293228,Dario Saric,24/25,2025,1,0.567654563922464,1,0
917781,Matti Wagner,24/25,2025,1,0.5676379806438937,1,0
535792,Francesco Barba,24/25,2025,0,0.5676048235863772,1,1
1077315,Anastasios Loupas,24/25,2025,1,0.5675585946596872,1,0
311435,Ferni,24/25,2025,1,0.5675234631463871,1,0
563135,Marc Lachèvre,24/25,2025,1,0.5675138957287315,1,0
745177,Nazim Babaï,24/25,2025,0,0.567489892144578,1,1
401384,Nicola Nanni,24/25,2025,1,0.5674895650227071,1,0
635940,Guille Bernabeu,24/25,2025,1,0.5674868085471918,1,0
337781,Arturo Molina,24/25,2025,1,0.5674437814124598,1,0
468314,Caio Lopes,24/25,2025,1,0.567430531170329,1,0
1157676,Adonija Ouanda,24/25,2025,0,0.5674276313377209,1,1
395236,Yacine Adli,24/25,2025,1,0.5673472007899919,1,0
713523,Mateus da Silva,24/25,2025,1,0.5673049028965649,1,0
198418,Dimitar Evtimov,24/25,2025,1,0.5672849709491096,1,0
562530,Iker San Vicente,24/25,2025,0,0.5672683434265632,1,1
423172,José Manuel Alonso,24/25,2025,1,0.5672313376591918,1,0
574769,Alejandro Santana Viniegra,24/25,2025,1,0.5672192614127264,1,0
381950,Alexis Saelemaekers,24/25,2025,0,0.5672139639425128,1,1
737256,Manuel Botta,24/25,2025,1,0.5671912918421944,1,0
536451,Andrea Silipo,24/25,2025,0,0.5671782029717166,1,1
686972,Francesco Saverino,24/25,2025,1,0.5671664284097537,1,0
417516,Francesco Gobbi,24/25,2025,0,0.5671454839021123,1,1
404968,Nicola De Vido,24/25,2025,1,0.5671430170571611,1,0
423196,Gabriele Fumanti,24/25,2025,1,0.5671397037414849,1,0
713633,Raúl Castro,24/25,2025,0,0.5671349724738467,1,1
1065451,Mikel Ansó,24/25,2025,1,0.5671298991677369,1,0
425975,Davide Di Stefano,24/25,2025,1,0.5671172789493584,1,0
814351,Filippo Scipione,24/25,2025,1,0.5670970494545957,1,0
711384,Gexan Elosegi,24/25,2025,0,0.5670848269579861,1,1
198005,Cristian Ponde,24/25,2025,1,0.567080557208405,1,0
466808,Jaume Cuéllar,24/25,2025,0,0.5670726329270154,1,1
210143,Álex Gallar,24/25,2025,0,0.5670698072246217,1,1
867042,Antoan Stoyanov,24/25,2025,1,0.5670192356035165,1,0
392538,Tommaso Pobega,24/25,2025,1,0.5670097993783433,1,0
625884,Julio Martínez,24/25,2025,0,0.5669887257331341,1,1
276025,Rubio,24/25,2025,1,0.566975022314916,1,0
945759,Fran Tafalla,24/25,2025,1,0.5668938078648526,1,0
915492,Giulio Mengucci,24/25,2025,1,0.566890548476225,1,0
381204,Colau,24/25,2025,1,0.566882323924507,1,0
639732,Raúl Sola,24/25,2025,1,0.5668736793722516,1,0
478408,Alessio Esposito,24/25,2025,1,0.5668162282584163,1,0
512365,José Ortega,24/25,2025,0,0.5668074865832108,1,1
923141,Nikolaos Vakouftsis,24/25,2025,0,0.56680017727259,1,1
522502,Emmanuel Odianose,24/25,2025,1,0.56678947879829,1,0
729169,Luca Butkovic,24/25,2025,1,0.5667851327707975,1,0
802949,Nicolas Perotta,24/25,2025,1,0.5667391423913649,1,0
817045,Samuele Regazzetti,24/25,2025,1,0.5667269644478503,1,0
336856,Luis Acosta,24/25,2025,0,0.5667233367229585,1,1
490506,José Solbes,24/25,2025,1,0.5667061829764012,1,0
496415,Nicolás Reniero,24/25,2025,0,0.5667022104497746,1,1
882917,Alessio Aprile,24/25,2025,1,0.5667014867743153,1,0
1283847,Mattia Panzera,24/25,2025,1,0.5666743820487559,1,0
555719,Ali Akman,24/25,2025,1,0.5666739562504794,1,0
549034,Rafa Rodrigues,24/25,2025,1,0.5666684882237153,1,0
719723,Juan Aspra,24/25,2025,0,0.5666608180887904,1,1
240343,Vincenzo Guarino,24/25,2025,1,0.5665974807623323,1,0
551233,Álvaro Mayorga,24/25,2025,1,0.5665545026695374,1,0
422459,Javier Belman,24/25,2025,0,0.566553160738471,1,1
510369,Carlos Cordero,24/25,2025,0,0.5665500995568489,1,1
479712,Giorgio Lionetti,24/25,2025,1,0.5665448702506016,1,0
632921,Mario Riquelme,24/25,2025,0,0.5665355516160208,1,1
1010984,Mickael Dosso,24/25,2025,1,0.5665191875362321,1,0
947435,Pablo Moyá,24/25,2025,1,0.5664312783712753,1,0
104062,Adrian Popa,24/25,2025,0,0.5663789339640949,1,1
503032,Edu Frías,24/25,2025,0,0.5663683320926935,1,1
838813,Abderahmane Soussi,24/25,2025,0,0.5663016770526377,1,1
1169515,Alex Garzón,24/25,2025,1,0.5662774103379846,1,0
333003,Antonio Sepe,24/25,2025,1,0.5662742699326035,1,0
397850,Gabriele Gibilterra,24/25,2025,1,0.5662578205679439,1,0
960458,Konstantin Aleksa,24/25,2025,0,0.5662460662820518,1,1
896352,Anas Alaoui,24/25,2025,1,0.5662383261458488,1,0
449019,Louis Appéré,24/25,2025,1,0.566223663654773,1,0
1176566,Nicolas Naso,24/25,2025,1,0.566218318493832,1,0
1052288,Karim Cissé,24/25,2025,0,0.5661936081086926,1,1
247377,Kevin Bonifazi,24/25,2025,0,0.5661719640844344,1,1
355456,Diego Valenti,24/25,2025,1,0.5661429299988513,1,0
392634,Gabriele Dalla Bernardina,24/25,2025,0,0.5661397743703555,1,1
524924,Mattia Trinchera,24/25,2025,0,0.5661361959003832,1,1
897023,Joel Thompson,24/25,2025,1,0.5661223573121075,1,0
524287,Robin Friedrich,24/25,2025,1,0.5661005908952049,1,0
401736,Yaya Sithole,24/25,2025,0,0.5660772589803157,1,1
196050,Jeremias Lorch,24/25,2025,1,0.566071587594432,1,0
704554,Santiago Muñóz,24/25,2025,0,0.5660622545346123,1,1
567479,Alberto Simoni,24/25,2025,1,0.5660245421597443,1,0
875511,Paulo Victor,24/25,2025,1,0.5659974292411007,1,0
358008,Gianluca Gaetano,24/25,2025,1,0.5659591781482737,1,0
603451,Davide Petito,24/25,2025,1,0.5659551717886079,1,0
658244,Luigi Samele,24/25,2025,0,0.5659105018981023,1,1
616823,Alain García,24/25,2025,1,0.5659076250727992,1,0
620388,Filippo Carli,24/25,2025,1,0.5659024880750888,1,0
499341,Milorad Stajic,24/25,2025,1,0.5658810091498174,1,0
162044,Cristian Herrera,24/25,2025,1,0.5658659712831843,1,0
127222,Tommaso Ceccarelli,24/25,2025,0,0.5658184523054857,1,1
976198,Alessandro Ceccarelli,24/25,2025,1,0.5658124731739042,1,0
353173,Falou Samb,24/25,2025,1,0.5657800736519213,1,0
197482,Antonio Palma,24/25,2025,1,0.5657351247221899,1,0
328850,Giorgio Recino,24/25,2025,1,0.5657116526374733,1,0
984749,Leonardo Saito,24/25,2025,0,0.5656602564457265,1,1
546627,Jacopo Pellegrini,24/25,2025,1,0.5656506078808283,1,0
917015,Fabio Torsiello,24/25,2025,1,0.5656465343546886,1,0
947432,Marcos Fernández,24/25,2025,0,0.5656356629191078,1,1
635566,Aitor Ekiza,24/25,2025,1,0.5656337630323525,1,0
834492,Iker Varela,24/25,2025,1,0.5656177082942601,1,0
197898,Edoardo Lancini,24/25,2025,1,0.5655868321178311,1,0
818088,Leandro Godoy,24/25,2025,1,0.5655815717213197,1,0
286413,Mario León,24/25,2025,0,0.5655738935503065,1,1
487840,Andrea Viviani,24/25,2025,1,0.5655355705741292,1,0
815546,Francesco Gioielli,24/25,2025,1,0.5655162943364691,1,0
415646,Bruno Jordão,24/25,2025,1,0.5655005237435501,1,0
717465,Laurin Ulrich,24/25,2025,1,0.5654649628285264,1,0
995472,Gianmarco Di Biase,24/25,2025,1,0.5654480599308312,1,0
719926,Áron Csongvai,24/25,2025,0,0.5653441853674775,1,1
69457,Richi de Souza,24/25,2025,0,0.5652963592492445,1,1
715330,Filippo Magnaldi,24/25,2025,0,0.5652821259770624,1,1
1166093,Georgios Konstantakopoulos,24/25,2025,0,0.5652746795692808,1,1
731214,Diego Nieves,24/25,2025,0,0.5652710321107104,1,1
430764,Alberto Senese,24/25,2025,1,0.5652702163912111,1,0
164344,Simone D'Anna,24/25,2025,0,0.565254905824744,1,1
509492,Jagoba Zárraga,24/25,2025,1,0.5652543171414555,1,0
839533,Stepan Beran,24/25,2025,1,0.5652457928662593,1,0
340262,Luca Donaggio,24/25,2025,1,0.5652261567525331,1,0
168245,Giordano Pantano,24/25,2025,1,0.5652231274467437,1,0
744186,Chico Lamba,24/25,2025,1,0.5651852800905255,1,0
669677,Alan Marinelli,24/25,2025,1,0.5651825924445277,1,0
459946,Carlo Alberto Tosi,24/25,2025,0,0.5651342510382394,1,1
1069692,Álex Toper,24/25,2025,1,0.5651225904011948,1,0
571743,Armando Broja,24/25,2025,1,0.5651155993580456,1,0
634105,Alberto Marí,24/25,2025,1,0.5651052016600973,1,0
504107,Edi Semedo,24/25,2025,0,0.5651006517273728,1,1
265967,Salvatore Aloi,24/25,2025,1,0.5650843742634698,1,0
783429,Unai Dufur,24/25,2025,1,0.565080670153976,1,0
780628,Oussama Chit,24/25,2025,1,0.5650712036407646,1,0
1053207,Curro Domínguez,24/25,2025,1,0.5650700951956891,1,0
657776,Denny Pucci,24/25,2025,1,0.5650659696463636,1,0
395516,Moussa Diaby,24/25,2025,0,0.5650573297781941,1,1
796236,Zalán Debreceni,24/25,2025,1,0.565056585314649,1,0
1068036,Niccolò Abbà,24/25,2025,0,0.5650356483314056,1,1
324819,Maxime Bernauer,24/25,2025,1,0.565029776654742,1,0
531829,Dani Escriche,24/25,2025,0,0.5650160188514894,1,1
345189,Luka Lochoshvili,24/25,2025,1,0.5650032685353152,1,0
944583,Marko Perovic,24/25,2025,0,0.5650014041313031,1,1
1073051,Héctor Oliva,24/25,2025,1,0.5649931133830223,1,0
451389,Fabio Laringe,24/25,2025,1,0.5649832707843201,1,0
381792,Maicol Origlio,24/25,2025,0,0.5649823612731458,1,1
550108,Nicola Zalewski,24/25,2025,1,0.5649146395821742,1,0
710672,Xabi Irurita,24/25,2025,0,0.5649024304143824,1,1
1178721,Rafel Bauzà,24/25,2025,1,0.5648868177087215,1,0
443697,Giuliano Alma,24/25,2025,0,0.5648569866523013,1,1
862392,Marco Orfano,24/25,2025,1,0.5648461175972598,1,0
771032,Andrés Rodríguez,24/25,2025,1,0.5648322030718911,1,0
707273,Brais Val,24/25,2025,1,0.5648055784378747,1,0
878402,Joseph Antoine Na'a,24/25,2025,1,0.5647949694117059,1,0
537436,Ludovico Ricci,24/25,2025,1,0.5647887801218648,1,0
945500,Rayane Belaid,24/25,2025,0,0.5647845071509209,1,1
336160,Andrija Novakovich,24/25,2025,1,0.5647151269401559,1,0
1034471,Khalid Noureddine,24/25,2025,1,0.5646968586990125,1,0
729109,Leonardo Francalanci,24/25,2025,1,0.5646894987003945,1,0
725677,Fritz Schröder,24/25,2025,0,0.5646783773974434,1,1
432752,Ivan Brnic,24/25,2025,0,0.5646718000425612,1,1
216401,Marvin Ajani,24/25,2025,1,0.5646488193769904,1,0
726526,Stefan Mitrović,24/25,2025,1,0.564647076886489,1,0
610335,Iván Jaime,24/25,2025,1,0.5646465677657209,1,0
668177,Javi Serrano,24/25,2025,0,0.5646313013640524,1,1
910192,Wilson Samaké,24/25,2025,1,0.5646163422582356,1,0
803377,Fromsa,24/25,2025,1,0.5645890306442151,1,0
459988,Gennaro Borrelli,24/25,2025,1,0.5645890024069276,1,0
1191677,András Perczel,24/25,2025,1,0.5645884889977564,1,0
571116,Eyram Leveh,24/25,2025,1,0.5645760931266262,1,0
282076,Ianis Hagi,24/25,2025,1,0.5645626703366335,1,0
318799,Otis Khan,24/25,2025,1,0.5645414861654492,1,0
120917,Sean Parker,24/25,2025,0,0.5645031353008512,1,1
741287,Diego Rosado,24/25,2025,1,0.5644567414759125,1,0
455922,Jan Olschowsky,24/25,2025,0,0.5644232335325708,1,1
946256,Nil Ruiz,24/25,2025,0,0.5644133692532807,1,1
430798,Don Bolsius,24/25,2025,0,0.5644094309976282,1,1
648906,Zoltán Vasvári,24/25,2025,0,0.5643896698663528,1,1
341140,Nicolae Carnat,24/25,2025,1,0.5643718491121582,1,0
536846,Javier Ajenjo,24/25,2025,1,0.5643609356736824,1,0
990731,Hakim Sahabo,24/25,2025,0,0.5643373514662593,1,1
421870,Michael Ntube,24/25,2025,0,0.5643371443151808,1,1
386065,Giuseppe D'Iglio,24/25,2025,1,0.5643356323844207,1,0
920041,Emmanuel Elekwa,24/25,2025,1,0.5643208853137702,1,0
1143097,Piet Scobel,24/25,2025,1,0.564304037851445,1,0
478357,Anthony Correia,24/25,2025,1,0.5642807956674454,1,0
1216111,Alex Sola,24/25,2025,1,0.5642635677998733,1,0
1116074,Gabriele Federico,24/25,2025,1,0.5642573377925243,1,0
389844,Marco Hoxha,24/25,2025,0,0.5642393583612116,1,1
549021,João Sérgio,24/25,2025,0,0.5642110613855208,1,1
392060,Alessandro Raimo,24/25,2025,0,0.5642101436228344,1,1
380277,Santi Samanes,24/25,2025,1,0.5642010655003796,1,0
960001,Álvaro Martínez,24/25,2025,1,0.5641881470406253,1,0
783481,Keko Hevia,24/25,2025,1,0.5641716463006019,1,0
1003958,Samu Mayo,24/25,2025,1,0.5641646118012097,1,0
271966,Mbaye Diagne,24/25,2025,1,0.5641631073895815,1,0
294534,Janni Serra,24/25,2025,0,0.5641604115639767,1,1
199199,Bryan Gioè,24/25,2025,1,0.5641116660990622,1,0
587688,Zdravko Dimitrov,24/25,2025,0,0.5641110622350577,1,1
935229,Marvel,24/25,2025,1,0.5640736172181007,1,0
387199,Benaissa Benamar,24/25,2025,1,0.5640620759929222,1,0
413477,Álex Gil,24/25,2025,1,0.5640515007724666,1,0
1062525,Álex Serradell,24/25,2025,1,0.5640396843068798,1,0
115763,Koray Günter,24/25,2025,1,0.5640356810593227,1,0
285973,Juanmi Heredero,24/25,2025,1,0.5640231295416,1,0
389842,Matteo Pinton,24/25,2025,1,0.5640106333178897,1,0
240401,Carlo Caporali,24/25,2025,1,0.5640079487870361,1,0
583607,William de Camargo,24/25,2025,1,0.56398288110666,1,0
412041,Álex Millán,24/25,2025,1,0.5639811016018007,1,0
694674,Christian Farini,24/25,2025,1,0.5639699427779754,1,0
427376,Eric Biasiol,24/25,2025,1,0.5639279956534673,1,0
1060722,Moha Bassele,24/25,2025,0,0.5639223817347456,1,1
853344,Sekou Yansané,24/25,2025,0,0.5639091273485827,1,1
381524,Jaume Pol,24/25,2025,0,0.5638939408348922,1,1
727578,David Astals,24/25,2025,1,0.5638893659345198,1,0
471466,Lorenzo Barzon,24/25,2025,1,0.563862239816889,1,0
385906,Kevin Varga,24/25,2025,1,0.5638598957144267,1,0
614157,Kelvin Boateng,24/25,2025,1,0.5638551020461073,1,0
783437,İshak Karaoğul,24/25,2025,1,0.5638513760744495,1,0
777150,Zakaria Fdaouch,24/25,2025,0,0.5638475263478172,1,1
1074917,Jonathan Silva,24/25,2025,1,0.5638378483760899,1,0
401268,Olamide Shodipo,24/25,2025,1,0.5638221752291191,1,0
932746,Mattia Saltalamacchia,24/25,2025,1,0.5638121144230648,1,0
371607,Benito Cataldi,24/25,2025,0,0.5637847116339852,1,1
631015,Jakov Katusa,24/25,2025,1,0.5637815550384359,1,0
945713,Marcos Moreno,24/25,2025,1,0.5637783851299221,1,0
445584,Koldo Obieta,24/25,2025,0,0.5637154322578558,1,1
537764,Carlos Algarra,24/25,2025,0,0.5637090246159154,1,1
689632,Guillem Rodríguez,24/25,2025,0,0.5636853209858775,1,1
462381,Alberto Fernández,24/25,2025,1,0.5636769378525308,1,0
254985,Taulant Seferi,24/25,2025,0,0.563675059460526,1,1
1068110,Rabby Nzingoula,24/25,2025,0,0.5636293259678128,1,1
622526,Dani Satoca,24/25,2025,1,0.5636051720493163,1,0
930766,Giuseppe Mazzola,24/25,2025,1,0.5636040156546344,1,0
692739,Miraç Asıltekin,24/25,2025,1,0.5635932873992466,1,0
575564,Diego Larotonda,24/25,2025,1,0.5635888024143032,1,0
350347,Michael Woud,24/25,2025,0,0.5635875351643981,1,1
538569,Tommaso Milanese,24/25,2025,1,0.5635843972130744,1,0
913944,Sergio Montes,24/25,2025,1,0.5635829532759677,1,0
708388,Adrián Corral,24/25,2025,1,0.5635773906418582,1,0
594273,Jeremy Antonisse,24/25,2025,1,0.56356484061665,1,0
646735,Aitor Gismera,24/25,2025,1,0.5635496861768386,1,0
1228715,Samu Rodríguez,24/25,2025,0,0.5635458388571957,1,1
357997,Thomas Schirò,24/25,2025,1,0.5635215980391389,1,0
207965,Giacomo Risaliti,24/25,2025,1,0.5635095504987844,1,0
411838,Bruno Viana,24/25,2025,1,0.5635074293151326,1,0
1033847,Hugo López,24/25,2025,1,0.5635051634642126,1,0
818909,Raffaele Lattuchella,24/25,2025,1,0.5635002754632041,1,0
741252,Aarón Alonso,24/25,2025,1,0.5634975703881206,1,0
1071651,Ousmane Sow,24/25,2025,0,0.5634877813716478,1,1
403834,Kahraman Demirtaş,24/25,2025,1,0.5634541306322053,1,0
212229,Halil Akbunar,24/25,2025,0,0.56342820579415,1,1
504064,Alexander Torvund,24/25,2025,1,0.5634214659529735,1,0
198999,Paolo Ropolo,24/25,2025,1,0.5634205926895779,1,0
934457,Riccardo Restelli,24/25,2025,1,0.5634109916822067,1,0
800611,Jonathan Pitou,24/25,2025,1,0.5634034249486374,1,0
632503,Adrià Mercadal,24/25,2025,0,0.5633601519825715,1,1
536511,Gobé Gouano,24/25,2025,1,0.5633531329308408,1,0
490386,Jay-Dee Geusens,24/25,2025,0,0.5633482496635284,1,1
459637,Francesco Baschirotto,24/25,2025,1,0.5633374212110993,1,0
603680,Giorgio Bachini,24/25,2025,1,0.5632883757515592,1,0
1152997,Mateo Scheffer Bracco,24/25,2025,1,0.5632783746783613,1,0
230968,Alexandros Nikolias,24/25,2025,1,0.5632768303705168,1,0
522990,Leonardo Mannella,24/25,2025,0,0.5632655006999667,1,1
1262995,Chiemeka Azurunwa,24/25,2025,1,0.5632595351556777,1,0
435336,Óscar de Frutos,24/25,2025,0,0.5632338673583375,1,1
286276,Alfredo Bifulco,24/25,2025,0,0.5632287472029972,1,1
813057,Lorenzo Busato,24/25,2025,1,0.5631341571037531,1,0
801886,Isak Jensen,24/25,2025,1,0.5631051439624731,1,0
579304,Emmanuel Attipoe,24/25,2025,1,0.5630867688448743,1,0
687464,Franko Sabljic,24/25,2025,1,0.5630678750987758,1,0
1165116,Cosimo Bigazzi,24/25,2025,0,0.5630397979908289,1,1
1088267,Lapo Accorsini,24/25,2025,1,0.563024197446104,1,0
343237,Malik Karaahmet,24/25,2025,0,0.5630054086002015,1,1
665525,Jayson Papeau,24/25,2025,1,0.5630021472422155,1,0
723771,Amadou Sarr,24/25,2025,1,0.5629758630245576,1,0
935228,Dani Vicente,24/25,2025,1,0.5629733778106004,1,0
606128,Jacopo Cecconi,24/25,2025,1,0.5629600102838456,1,0
918855,Mike Manegold,24/25,2025,1,0.5629344704703436,1,0
527601,Niccolò Bigica,24/25,2025,1,0.5629283923574776,1,0
202977,Luca Iotti,24/25,2025,0,0.5629154441912227,1,1
359216,Richárd Nagy,24/25,2025,1,0.5628663755773498,1,0
527813,Robin Bird,24/25,2025,0,0.5628630264750331,1,1
450790,Benny,24/25,2025,0,0.5628399733849939,1,1
729937,Marco Teraschi,24/25,2025,1,0.5628335515500651,1,0
167727,Andrea Belotti,24/25,2025,1,0.5627984158967426,1,0
1083607,Dudu,24/25,2025,0,0.5627836359796247,1,1
528833,Lazar Samardžić,24/25,2025,1,0.562781264496823,1,0
409472,Ousama Siddiki,24/25,2025,0,0.5627678396818938,1,1
337725,Christian Kouamé,24/25,2025,0,0.5627637347009352,1,1
938179,Luca Gramignoli,24/25,2025,1,0.5627484127993457,1,0
377387,Sergio Córdova,24/25,2025,1,0.5627355006002281,1,0
196831,Charmaine Häusl,24/25,2025,1,0.5627338252708852,1,0
596614,Federico Mencagli,24/25,2025,1,0.5626938085329306,1,0
510229,Jordi Cano,24/25,2025,0,0.5626899249826061,1,1
280416,Housem Ferchichi,24/25,2025,1,0.5626855037744835,1,0
670859,Antwoine Hackford,24/25,2025,1,0.5626203812447194,1,0
1033478,Gastón Valles,24/25,2025,1,0.5626006385867892,1,0
893304,Xavi Bauzà,24/25,2025,0,0.5625983991108211,1,1
312317,Logan Rogerson,24/25,2025,0,0.5625949452072533,1,1
196538,Lorenzo Remedi,24/25,2025,1,0.5625938217693548,1,0
567497,Filipe Relvas,24/25,2025,1,0.5625774404676691,1,0
936668,Federico Maffi,24/25,2025,1,0.5625530224823387,1,0
818536,Clemente Tartaro,24/25,2025,1,0.5625048965958704,1,0
1193362,Andrea Esposito,24/25,2025,0,0.5624672395298136,1,1
366653,Manu Ramírez,24/25,2025,0,0.5624666166671966,1,1
820599,Marco Rao,24/25,2025,0,0.5624354966615072,1,1
221028,Foday Trawally,24/25,2025,0,0.5624179702274313,1,1
198300,Marco Moras,24/25,2025,0,0.5624080649213229,1,1
342350,Francesco D'Orsi,24/25,2025,0,0.562363972223583,1,1
795791,Samuele Puglisi,24/25,2025,1,0.5623429229161458,1,0
661135,Martín Bellotti,24/25,2025,1,0.5623296063469413,1,0
305947,Albert Gudmundsson,24/25,2025,1,0.5623269689966073,1,0
343353,Mathieu Coquin,24/25,2025,1,0.5622974638545921,1,0
336830,Jaime Santos,24/25,2025,1,0.5622483134395134,1,0
71570,Iago Herrerín,24/25,2025,1,0.5622244714722765,1,0
359210,Alfa Semedo,24/25,2025,1,0.5622177115529451,1,0
672803,Bertuğ Yıldırım,24/25,2025,1,0.5621941396258537,1,0
161484,Lee Erwin,24/25,2025,1,0.5621936997690056,1,0
490651,Gerardo Bonet,24/25,2025,0,0.5621670708146721,1,1
836547,Serginho,24/25,2025,0,0.5621524979002113,1,1
875344,Leo Di Martino,24/25,2025,1,0.5621392303903243,1,0
959106,Weslley Patati,24/25,2025,1,0.5621359346519478,1,0
628052,Martin Petkov,24/25,2025,1,0.5620883086679943,1,0
704594,Danil Ankudinov,24/25,2025,1,0.5620619268903849,1,0
584546,Rodri Hernando,24/25,2025,0,0.5620558136938931,1,1
163085,Michel Panatti,24/25,2025,0,0.5620473338387785,1,1
797756,Ariel Reinero,24/25,2025,1,0.5620276408490548,1,0
740498,Pastor,24/25,2025,1,0.5620183298312267,1,0
222502,Giovanni Foresta,24/25,2025,0,0.5620156548090872,1,1
336863,Juanjo Chavalés,24/25,2025,0,0.5620142269439568,1,1
182752,Marlon Frey,24/25,2025,1,0.5619705866645757,1,0
351894,Léo Santos,24/25,2025,0,0.5619604908905462,1,1
1054924,Rubén Domínguez,24/25,2025,1,0.5619455722192778,1,0
126118,Kamil Wiktorski,24/25,2025,1,0.5619431145546068,1,0
842764,Moudjatovic,24/25,2025,0,0.5619408761231942,1,1
637788,Gustavo Mendonça,24/25,2025,0,0.5619334582177351,1,1
713907,Iván Rubio,24/25,2025,0,0.5619279803361773,1,1
1075584,Luan Gadegbeku,24/25,2025,0,0.5619253726109624,1,1
937891,Francesco Raffaelli,24/25,2025,1,0.5618639833871002,1,0
60541,Guillaume Gigliotti,24/25,2025,1,0.5618603210955083,1,0
1000630,Pablo López,24/25,2025,1,0.5618582258309848,1,0
602549,Elydjah Mendy,24/25,2025,1,0.5618310122899401,1,0
396645,Goni Naor,24/25,2025,0,0.5618040515757595,1,1
1022385,Fabricio Oviedo,24/25,2025,0,0.5617980981920797,1,1
99924,Tano Bonnín,24/25,2025,1,0.561778318237998,1,0
682624,Álex Gualda,24/25,2025,1,0.5617749032902072,1,0
460015,Kevin Buonavoglia,24/25,2025,1,0.5617726293593488,1,0
933052,Timothy Ansah Ekuban,24/25,2025,1,0.5617515338010072,1,0
1060382,Daniele Kola,24/25,2025,1,0.5617383886718164,1,0
492000,Nikola Gavric,24/25,2025,1,0.5617240555882436,1,0
1035760,Tommaso Pegoraro,24/25,2025,1,0.5617182908026804,1,0
549758,Jurguens Montenegro,24/25,2025,1,0.5617083719084754,1,0
358011,Giorgio Losa,24/25,2025,0,0.5617058777864165,1,1
960024,Gabriele Fresia,24/25,2025,1,0.5616369781439248,1,0
995017,Octavio Casalongue,24/25,2025,1,0.5615896594906334,1,0
663940,Riccardo Tomella,24/25,2025,0,0.5615724732134748,1,1
537360,Giuseppe Guadagni,24/25,2025,1,0.5615673634147527,1,0
271092,Eduardo Loscos,24/25,2025,1,0.5615583441155824,1,0
1209287,Jano Monserrate,24/25,2025,0,0.5615554363741282,1,1
514280,Pepijn Doesburg,24/25,2025,0,0.5615529365891302,1,1
575498,Rave Assayag,24/25,2025,1,0.5615366655059351,1,0
906442,Javi Garrido,24/25,2025,0,0.5615325888470666,1,1
249459,Tarsi Aguado,24/25,2025,1,0.5615295002436844,1,0
503002,Samuele Bonaccorsi,24/25,2025,1,0.5615052502018595,1,0
719646,Bernardo,24/25,2025,0,0.5614874452686998,1,1
875294,Konstantinos Goumas,24/25,2025,1,0.5614256257916661,1,0
352425,Witiness Quembo,24/25,2025,1,0.5614177253121647,1,0
406054,Davide Marcandella,24/25,2025,0,0.5614003901839507,1,1
217918,Aleksandar Damcevski,24/25,2025,0,0.5613644417830699,1,1
1332569,Luigi De Simone,24/25,2025,1,0.5613625862083967,1,0
192875,William Troost-Ekong,24/25,2025,0,0.561359676448798,1,1
433257,Arvin Appiah,24/25,2025,1,0.5613109803484595,1,0
392313,Francesco Posocco,24/25,2025,1,0.5612792721298211,1,0
331463,Alessandro Aloia,24/25,2025,1,0.5612780785796331,1,0
908295,Martín Cascajo,24/25,2025,1,0.561272165718007,1,0
199303,Paolo Valagussa,24/25,2025,1,0.5612619152666951,1,0
98854,Leonardo Pérez,24/25,2025,0,0.5612527110175635,1,1
186945,Ignacio Varela,24/25,2025,0,0.5612432555570936,1,1
1245283,Pablo Barea,24/25,2025,1,0.5612274236201551,1,0
638588,Martín Pascual,24/25,2025,1,0.5612105354517382,1,0
240337,Antonio Arpino,24/25,2025,1,0.5611773495350008,1,0
938722,Oier Gastesi,24/25,2025,1,0.5611645787929278,1,0
998104,Gergely Kocsis,24/25,2025,1,0.5611589086771682,1,0
1150430,Davide Sesti,24/25,2025,1,0.5611566649867176,1,0
536372,Rodrigo Tuninetti,24/25,2025,1,0.561148393075274,1,0
455610,Thomas Erman,24/25,2025,1,0.5611276184881201,1,0
905013,Chilohem Onuoha,24/25,2025,0,0.561125090018854,1,1
1050787,Lorenzo Lischetti,24/25,2025,1,0.5611006960833843,1,0
634290,Abraham Bahachille,24/25,2025,1,0.5611006655525301,1,0
421768,Alessandro Cortinovis,24/25,2025,0,0.5610682887291364,1,1
245157,Borja Martínez,24/25,2025,1,0.5610672434205706,1,0
681829,Nilton,24/25,2025,0,0.5610447101863355,1,1
129129,João Pedro,24/25,2025,1,0.5610427062028809,1,0
232376,Lucas Cueto,24/25,2025,1,0.5610176998723302,1,0
284855,Yael Ballesteros,24/25,2025,0,0.5610082984968116,1,1
820659,Mattia Vitale,24/25,2025,1,0.5610018533200914,1,0
710591,Athanasios Papadakos,24/25,2025,1,0.5609981898088677,1,0
585868,Vladislav Naydenov,24/25,2025,0,0.5609957205762627,1,1
834488,Aimar Duñabeitia,24/25,2025,0,0.5609895523663498,1,1
141654,Michele Fornasier,24/25,2025,0,0.5609640266693698,1,1
348623,Mason Holgate,24/25,2025,1,0.5609504603984228,1,0
853948,Alejandro Piedrahita,24/25,2025,0,0.5608654583123884,1,1
582949,Vangelis Nikokyrakis,24/25,2025,1,0.56086096891233,1,0
607226,Loum Tchaouna,24/25,2025,1,0.5608441921647371,1,0
71273,Stefan Scepovic,24/25,2025,0,0.5608426408923962,1,1
1064412,Samu Almagro,24/25,2025,0,0.5608340869639061,1,1
328965,Aristotelis Kollaras,24/25,2025,1,0.5608319422178211,1,0
708534,Alejandro Jay,24/25,2025,1,0.5608294624046067,1,0
1055225,Arthur Inaka,24/25,2025,1,0.5608294397743007,1,0
863522,Diego Negro,24/25,2025,1,0.5608235974379014,1,0
610901,Cristiano Podestà,24/25,2025,1,0.5608131595352636,1,0
336041,Victor Mena,24/25,2025,1,0.5607902084294655,1,0
817275,Filippo Mozzo,24/25,2025,0,0.560762195202451,1,1
611070,Moha Keita,24/25,2025,0,0.5607506671392974,1,1
470324,Juan Bauzá,24/25,2025,1,0.5607475627692522,1,0
783880,Rafa Diz,24/25,2025,1,0.5607428628120517,1,0
567309,Naatan Skyttä,24/25,2025,1,0.5607368418493212,1,0
396116,Miguel Ángel Cera,24/25,2025,0,0.5607352750143022,1,1
406912,Gabriele Bellodi,24/25,2025,0,0.5607339373142424,1,1
984708,Siren Diao,24/25,2025,1,0.5607287432077813,1,0
786686,Diego Gambale,24/25,2025,1,0.560705268175894,1,0
131505,Rodrigo,24/25,2025,0,0.5606851726104246,1,1
877759,Kian Corbally,24/25,2025,0,0.5606800224449852,1,1
366883,Daniel Tetour,24/25,2025,1,0.5606752803508664,1,0
905015,Jon de Luis,24/25,2025,0,0.5606501595484148,1,1
215649,Mirko Marić,24/25,2025,0,0.560624720397404,1,1
891439,Javier Duce,24/25,2025,0,0.5606066081880755,1,1
383630,Stavros Panagiotou,24/25,2025,1,0.5606028238682075,1,0
398945,Miloš Bočić,24/25,2025,1,0.5605984359261559,1,0
658534,Lasso Coulibaly,24/25,2025,0,0.5605917275987496,1,1
321895,Youssouf Dao,24/25,2025,0,0.5605885136996792,1,1
399336,Vincenzo Garofalo,24/25,2025,1,0.56055821106244,1,0
329327,Matteo Buratto,24/25,2025,1,0.560547570946701,1,0
144303,Lazar Markovic,24/25,2025,1,0.5605418006137597,1,0
1049833,Simone Mascheroni,24/25,2025,1,0.5605065404192481,1,0
933098,Alessandro Latini,24/25,2025,1,0.560504188979219,1,0
160374,Riccardo Galli,24/25,2025,0,0.560503087087401,1,1
718579,Iván Martínez,24/25,2025,0,0.5604710596231385,1,1
1230033,Edmond Lenghel,24/25,2025,1,0.5604704928910663,1,0
1284577,Alessandro Nardo,24/25,2025,0,0.5604434437912829,1,1
162036,Diego Caballo,24/25,2025,1,0.5604306650499447,1,0
687560,Tom Hendriks,24/25,2025,1,0.5604299804283697,1,0
619464,Aboubacar Doumbia,24/25,2025,1,0.5604294088103127,1,0
506855,Cyrill Akono,24/25,2025,0,0.5604237514166753,1,1
184491,Naïm Sliti,24/25,2025,0,0.5604181182240306,1,1
168452,Gabriele Zerbo,24/25,2025,1,0.5604172000552285,1,0
638589,Ángel Algobia,24/25,2025,1,0.560391064018693,1,0
441220,Mamadou Diallo,24/25,2025,1,0.5603669083469935,1,0
1065998,Edoardo Olivieri,24/25,2025,1,0.5603642523338069,1,0
707350,Max Scholze,24/25,2025,1,0.5603586472837156,1,0
852517,Shaq Forde,24/25,2025,0,0.5603058745353477,1,1
303182,Nazareno Battista,24/25,2025,0,0.5602843774040532,1,1
1256478,Lorougnon Gohi,24/25,2025,1,0.5602807343367322,1,0
635346,Diego Moreno,24/25,2025,1,0.5602522433217821,1,0
1036533,Matteo Cabella,24/25,2025,0,0.5602349250431645,1,1
1061281,Carlos Reina,24/25,2025,0,0.5602342677114452,1,1
548903,Leonel Ferroni,24/25,2025,1,0.5602155564486517,1,0
625043,Oier López,24/25,2025,0,0.5602137945155772,1,1
522664,Diego Ruiz,24/25,2025,1,0.5602081048917014,1,0
1056526,Cristiano Rizzo,24/25,2025,1,0.5601814388606734,1,0
1229922,Facundo Alarcón,24/25,2025,1,0.5601721994307924,1,0
239972,Jonas Carls,24/25,2025,1,0.5601510662732583,1,0
961948,Marcos Fernández,24/25,2025,1,0.5601173787457399,1,0
930790,Jean Castegnaro,24/25,2025,1,0.560099419196917,1,0
533502,Pietro Bencivenga,24/25,2025,0,0.5600384154497273,1,1
262047,Almir Aganspahic,24/25,2025,0,0.5599870939503785,1,1
611198,Álex Blesa,24/25,2025,1,0.5599826579344438,1,0
280044,Luca Zanon,24/25,2025,1,0.559916416221994,1,0
129991,Bart Vriends,24/25,2025,0,0.55989364849252,1,1
818538,Francesco Sena,24/25,2025,0,0.5598658890490663,1,1
481009,Teddy Sutherland,24/25,2025,1,0.559858938409236,1,0
166680,Pol Roigé,24/25,2025,1,0.5598582122034317,1,0
390691,Adri Pérez,24/25,2025,1,0.5598427756354185,1,0
577486,Gastón Álvarez,24/25,2025,0,0.5598426951726571,1,1
357150,Jójó,24/25,2025,1,0.5598311972426963,1,0
965726,Armengol Portoles,24/25,2025,1,0.5598199103169196,1,0
525891,Jannick Buyla,24/25,2025,1,0.5598093849135782,1,0
1120845,Topo,24/25,2025,1,0.5598040110573211,1,0
192736,Sabin Merino,24/25,2025,1,0.5597670651676122,1,0
1086495,Edoardo Nunziati,24/25,2025,0,0.5597371172239308,1,1
454053,Daniele Trasciani,24/25,2025,1,0.5597222729892103,1,0
900938,Junior Olaitan,24/25,2025,1,0.5597162178818762,1,0
1194286,Gregorio Salvati,24/25,2025,1,0.5597130907465553,1,0
878416,Michalis Voriazidis,24/25,2025,1,0.5596635387574022,1,0
986231,Elia Caneva,24/25,2025,1,0.5596619529321759,1,0
439828,Cristian Pădurariu,24/25,2025,0,0.5596553941781363,1,1
676277,Pietro Bruni,24/25,2025,1,0.5596282037851611,1,0
888136,Karim Cardoni,24/25,2025,0,0.5596146869456364,1,1
905949,Massil Adjaoudi,24/25,2025,0,0.5596136751599452,1,1
498234,Tomás Domingos,24/25,2025,1,0.5596036927424036,1,0
85380,Andrea Seculin,24/25,2025,1,0.5595576789439253,1,0
918414,Paris Brunner,24/25,2025,0,0.5595501897279763,1,1
819326,Ismaila Badje,24/25,2025,1,0.5595387760026589,1,0
518451,Assad Al-Hamlawi,24/25,2025,1,0.5595257075587425,1,0
396172,Miki Muñoz,24/25,2025,0,0.5594930586809126,1,1
1078990,Markel Arana,24/25,2025,1,0.5594800202464871,1,0
1180370,Pietro Reggiori,24/25,2025,0,0.5594770685802622,1,1
818381,Mark-Emilio Papazov,24/25,2025,0,0.5594527479646042,1,1
778847,Alberto Trapero,24/25,2025,1,0.5594287213673598,1,0
784741,Julius Hoffmann,24/25,2025,1,0.5594108927787211,1,0
284165,Steven Bergwijn,24/25,2025,0,0.5593980405254562,1,1
344508,Remzifaik Selmani,24/25,2025,1,0.559388069195606,1,0
667049,Amer Mehić,24/25,2025,1,0.559384009828097,1,0
304225,Dimitrios Mavrias,24/25,2025,1,0.5593787677110723,1,0
805954,Manuel Garavini,24/25,2025,1,0.5593340253825735,1,0
552437,Mohammed Amine Chakir,24/25,2025,1,0.5592694257569366,1,0
421873,Elia Caprile,24/25,2025,1,0.5592507212868988,1,0
613129,Christian Aucelli,24/25,2025,0,0.559240926852111,1,1
457251,Gabriele Ingrosso,24/25,2025,1,0.5592201156414941,1,0
372468,David Grilo,24/25,2025,1,0.5591871699406585,1,0
389578,Thomas Bolis,24/25,2025,0,0.5591803884694693,1,1
833372,Amine Naïfi,24/25,2025,0,0.5591533952363852,1,1
433976,Tudor Băluță,24/25,2025,1,0.5591373152128732,1,0
539131,Alessio Brambilla,24/25,2025,1,0.5591282152826602,1,0
75327,Marco Calderoni,24/25,2025,0,0.559121320571081,1,1
540876,Promise Omochere,24/25,2025,0,0.5591198189161218,1,1
971775,Kikín,24/25,2025,0,0.5590945934403778,1,1
785266,Joserra de Diego,24/25,2025,0,0.5590859039662718,1,1
386331,Christos Rovas,24/25,2025,1,0.5590428494593788,1,0
577260,Facundo Batista,24/25,2025,1,0.5590332693285691,1,0
946279,Javi Hernández,24/25,2025,0,0.5590314491422994,1,1
655893,Ravil Tagir,24/25,2025,0,0.559023100872864,1,1
369707,Tomás Bolzicco,24/25,2025,0,0.5590129209896317,1,1
429881,Federico Simonti,24/25,2025,1,0.5589959214557622,1,0
130484,Marco Cuomo,24/25,2025,0,0.5589926114880139,1,1
815556,Antonio Gala,24/25,2025,1,0.558972279039829,1,0
394345,Mohamed Rabbas,24/25,2025,1,0.5589720969692813,1,0
734426,Lewis Shipley,24/25,2025,1,0.5589640047515017,1,0
619490,Gregorio Zanella,24/25,2025,1,0.5589265099102608,1,0
592925,András Huszti,24/25,2025,1,0.5588999277120998,1,0
375299,Samuele Guddo,24/25,2025,1,0.5588430710374691,1,0
386104,Emir Terzi,24/25,2025,1,0.5588354600701155,1,0
537458,Joan Rojas,24/25,2025,0,0.5588285133416129,1,1
575693,Ibrahim Cissoko,24/25,2025,1,0.5587933169417133,1,0
1064543,Nordin Al Lal,24/25,2025,0,0.5587618537088661,1,1
776303,Marco Pellegrino,24/25,2025,1,0.5587564321197668,1,0
1094885,Otávio,24/25,2025,1,0.5587137337315041,1,0
1174327,Domiziano Tirelli,24/25,2025,1,0.5587111336999088,1,0
343184,Sylla Sow,24/25,2025,1,0.5587090217925663,1,0
688881,Vinícius Lopes,24/25,2025,0,0.5586715805123794,1,1
159847,Francesco Galuppini,24/25,2025,0,0.5586688478498244,1,1
682814,Nassim L'Ghoul,24/25,2025,1,0.5586267100620647,1,0
446457,Miguel Ángel Martínez,24/25,2025,1,0.5586243779801826,1,0
520695,Pepe Bernal,24/25,2025,1,0.558605459656502,1,0
710275,Benji Núñez,24/25,2025,1,0.5585632350576576,1,0
421343,Fabio Gonella,24/25,2025,1,0.5585307606324905,1,0
289156,Julius Szöke,24/25,2025,1,0.5585242504315757,1,0
255744,Samir Caetano,24/25,2025,1,0.5585140986324577,1,0
651335,Kanto Fitiavana Voahariniaina,24/25,2025,0,0.5584633058662133,1,1
499830,Samuele Spalluto,24/25,2025,1,0.5584577942089752,1,0
511813,Sidnei Tavares,24/25,2025,1,0.5584554686343994,1,0
397321,Paolo Lomasto,24/25,2025,1,0.558451908355599,1,0
594277,Jonathan Mulder,24/25,2025,1,0.5584516473515226,1,0
1129454,Karlo Grgic,24/25,2025,0,0.5584405997833333,1,1
534070,Nicholas Martini,24/25,2025,1,0.5584353689003164,1,0
217285,Filip Kusic,24/25,2025,1,0.5584305987836292,1,0
949472,Fabricio,24/25,2025,1,0.5584115266419187,1,0
851220,Amine Sbaï,24/25,2025,0,0.5583688684440022,1,1
659650,Demis Maugeri,24/25,2025,0,0.5583674981930792,1,1
1056223,Andreas Chatzinikolaou,24/25,2025,0,0.5583651190871703,1,1
542697,Rasmus Carstensen,24/25,2025,1,0.5583610307029665,1,0
1083228,Davide Ruffato,24/25,2025,1,0.5583576694607522,1,0
730265,Rodrigo Piloto,24/25,2025,0,0.558355577197799,1,1
146761,Roberto Guitto,24/25,2025,0,0.5583414864248192,1,1
167810,Riccardo Chiarello,24/25,2025,1,0.5583292549949906,1,0
691678,Tommaso Fumagalli,24/25,2025,1,0.558327440075185,1,0
282810,Carles Pérez,24/25,2025,1,0.5583103731378039,1,0
456874,Francesco De Caro,24/25,2025,1,0.558264416357711,1,0
711352,Francesco Zallu,24/25,2025,0,0.5582397519458363,1,1
1185957,Federico Tuveri,24/25,2025,1,0.5582290245547926,1,0
818130,Filippo Cinel,24/25,2025,0,0.5582236181346755,1,1
606222,Juanca Pineda,24/25,2025,0,0.5582034528829454,1,1
847436,Igor Strzałek,24/25,2025,0,0.5582017521164206,1,1
796212,Philipp Schulz,24/25,2025,0,0.5581915206392787,1,1
581113,Bryan Fiabema,24/25,2025,0,0.5581706059748905,1,1
941883,Martín Tejón,24/25,2025,1,0.5581497726904538,1,0
936509,Daniel Tarko,24/25,2025,0,0.558120864694399,1,1
362744,Elyaz Zidane,24/25,2025,0,0.5581203844102689,1,1
417575,Uros Racic,24/25,2025,1,0.5581007055593473,1,0
749942,Felix Hagmann,24/25,2025,0,0.5580957581834715,1,1
253238,Toni Arranz,24/25,2025,1,0.5580881916964872,1,0
1225762,Adnane Ghailan,24/25,2025,0,0.5580581746005274,1,1
256682,Filippo Boccardi,24/25,2025,1,0.558039249107442,1,0
465555,Djordje Petrovic,24/25,2025,1,0.5580342989706002,1,0
461727,Francesco Palermo,24/25,2025,1,0.558031852913891,1,0
1065266,Ander Ibáñez,24/25,2025,1,0.5580283746237039,1,0
91059,Joshua King,24/25,2025,1,0.5580278217751677,1,0
678991,Ulisses,24/25,2025,0,0.5580189813039513,1,1
352597,Lado Mokhevishvili,24/25,2025,1,0.5580031303687287,1,0
266203,Makis Giannikoglou,24/25,2025,1,0.5579852254119931,1,0
858886,Georgios Charalampoglou,24/25,2025,1,0.5579836491568816,1,0
796865,Lamine Sy,24/25,2025,1,0.5579393456864055,1,0
891092,Pablo Rojo,24/25,2025,0,0.5578968530408491,1,1
395091,Giordano Trovade,24/25,2025,0,0.5578927981836909,1,1
345087,Fatjon Jusufi,24/25,2025,0,0.5578804057779516,1,1
707554,Fabio Lymann,24/25,2025,0,0.5578660000675256,1,1
312683,Arthur Bonaldo,24/25,2025,0,0.5578601526855865,1,1
709830,Francis Ezeh,24/25,2025,0,0.557860117948673,1,1
719673,Ben Gannon-Doak,24/25,2025,1,0.5578514194668109,1,0
1140529,Mattia Ferrari,24/25,2025,1,0.5578196101332947,1,0
320259,Sito Pascual,24/25,2025,0,0.5578074223939871,1,1
227081,Joaquín Correa,24/25,2025,1,0.557803443595441,1,0
744728,Arijon Ibrahimovic,24/25,2025,1,0.5578027403493869,1,0
1057820,Jeremy Agbonifo,24/25,2025,1,0.5577570265347978,1,0
1186670,Riccardo Yanovskyi,24/25,2025,1,0.5577561042933539,1,0
139393,Tomané,24/25,2025,1,0.5577416669603437,1,0
452192,Paul Grave,24/25,2025,1,0.5577268805356839,1,0
1237768,Ignacio Casari,24/25,2025,1,0.5577214098270521,1,0
396949,Massimiliano Montuori,24/25,2025,1,0.5577083916621128,1,0
941080,Jon García,24/25,2025,0,0.5576989530188114,1,1
396276,Francesco Rizzo,24/25,2025,1,0.557676986262776,1,0
368635,Juancho Victoria,24/25,2025,1,0.5576749622794149,1,0
247355,Borja Díaz,24/25,2025,0,0.5576713731250172,1,1
898885,Manolis Faitakis,24/25,2025,0,0.5576524466206625,1,1
354164,Mario Gómez,24/25,2025,1,0.5576415012621972,1,0
459009,Patrick Pasha,24/25,2025,1,0.557637522286781,1,0
311696,Kuki Zalazar,24/25,2025,0,0.5576320374580985,1,1
584452,Nikolaos Michelis,24/25,2025,0,0.5576214154067227,1,1
920193,Babucarr Boye,24/25,2025,1,0.5576064464811284,1,0
1042315,Kevin Kántor,24/25,2025,0,0.5575981010415244,1,1
420921,Vasilios Chatziemmanouil,24/25,2025,1,0.5575883925601968,1,0
198084,Marco Frediani,24/25,2025,0,0.5575831738599013,1,1
741253,Javier Boñar,24/25,2025,0,0.5575739819547095,1,1
188436,Luigi Canotto,24/25,2025,1,0.5575645910782797,1,0
1131161,Robinio Vaz,24/25,2025,0,0.5575442040973558,1,1
1236200,Peter Kareem,24/25,2025,0,0.5575420029694197,1,1
945753,Julio Díaz,24/25,2025,0,0.557530729183309,1,1
747810,Tiago Hernández,24/25,2025,0,0.5575144111697796,1,1
694512,Hisham Layous,24/25,2025,1,0.5575078739206382,1,0
320826,Ayodele Adetula,24/25,2025,1,0.5574850783032952,1,0
817127,Angelo Panarello,24/25,2025,1,0.5574524155981788,1,0
839973,Dino Grozdanic,24/25,2025,0,0.5574377782165962,1,1
981323,Antonello Serra,24/25,2025,0,0.5574317138031467,1,1
450382,Rubén Morillas,24/25,2025,0,0.5574210556383759,1,1
284454,Iván Rodríguez,24/25,2025,0,0.5574074800230953,1,1
1013106,Guillem Terma,24/25,2025,1,0.557397411559751,1,0
970633,Unai Hernández,24/25,2025,1,0.55738266650357,1,0
397677,Niko Bretschneider,24/25,2025,1,0.557359629570982,1,0
805065,Iyad Mohamed,24/25,2025,0,0.5573371893706477,1,1
392777,Jonathan Panzo,24/25,2025,1,0.5573356115807782,1,0
579287,Daniel Svensson,24/25,2025,1,0.5573077602834812,1,0
1014054,Andrea Melani,24/25,2025,1,0.5572703004902162,1,0
226181,Amir Bilali,24/25,2025,1,0.5572659018889047,1,0
659705,Paulo Victor,24/25,2025,0,0.5572486099508714,1,1
639246,Hyeon-gyu Oh,24/25,2025,0,0.5572388456576495,1,1
1110406,Ibrahim Osman,24/25,2025,1,0.557235652088531,1,0
144304,Ognjen Ozegovic,24/25,2025,1,0.5572311215543383,1,0
598571,Yusuf Örnek,24/25,2025,1,0.5572207865479412,1,0
325802,Fernando Andrada,24/25,2025,1,0.557217495332096,1,0
520626,Gabriel Furtado,24/25,2025,1,0.5572156717285836,1,0
396125,José Carlos Márquez,24/25,2025,1,0.5572131776708366,1,0
522954,Georgios Moustakopoulos,24/25,2025,1,0.5572051409216383,1,0
813152,Makan Aïko,24/25,2025,0,0.5571766618349903,1,1
288690,Manprit Sarkaria,24/25,2025,1,0.5571587539412426,1,0
412959,Marouan Azarkan,24/25,2025,0,0.5571559843335446,1,1
651005,Cher Ndour,24/25,2025,0,0.5571493055854048,1,1
714612,Dilhan Demir,24/25,2025,1,0.5571337706973548,1,0
823525,Lorenzo Villa,24/25,2025,1,0.5571318094586569,1,0
1106258,Jorge Oreiro,24/25,2025,0,0.5571303650643432,1,1
568722,Jake Engerer,24/25,2025,0,0.5571188274936596,1,1
388326,Atanas Kabov,24/25,2025,1,0.5571162409322123,1,0
953036,Daithí McCallion,24/25,2025,0,0.5570966970468008,1,1
225824,Atanas Iliev,24/25,2025,1,0.5570884996638851,1,0
482204,Callan Elliot,24/25,2025,0,0.5570801170975536,1,1
1048081,Massimo Zappa,24/25,2025,1,0.5570755181484072,1,0
901082,Faisal Al-Ghamdi,24/25,2025,0,0.5570686956806125,1,1
512401,Alvaro Iuliano,24/25,2025,0,0.5570581518817932,1,1
239584,Matteo Gerbaudo,24/25,2025,1,0.5570454220678847,1,0
404959,Gabriele Fabbian,24/25,2025,0,0.5570453612830588,1,1
666234,Mohamed Simakan,24/25,2025,1,0.5569799861505367,1,0
1061277,Germán García,24/25,2025,0,0.5569734634560999,1,1
315850,Marco Tumminello,24/25,2025,1,0.5569682371544744,1,0
99296,Sema Velázquez,24/25,2025,1,0.5569627348952748,1,0
709241,Thierno Barry,24/25,2025,1,0.5569575606651417,1,0
355397,Víctor Pastrana,24/25,2025,1,0.5569436416651135,1,0
836336,Nuno Lima,24/25,2025,0,0.5569396882833016,1,1
609648,Petros Bagalianis,24/25,2025,0,0.5569296331695551,1,1
861221,Ebenezer Annan,24/25,2025,1,0.556924770236229,1,0
571601,Federico Moraschi,24/25,2025,1,0.5569215795020482,1,0
529826,Emanuele Cigagna,24/25,2025,0,0.55691281012287,1,1
1056743,Milos Milicevic,24/25,2025,0,0.556908788940485,1,1
1030153,Justin Bourgault,24/25,2025,0,0.5568877425081985,1,1
718178,Miguel Peña,24/25,2025,1,0.5568871155730118,1,0
907633,Giorgio Citterio,24/25,2025,0,0.5568840458822631,1,1
697278,Charlie Webster,24/25,2025,0,0.5568820980271174,1,1
331501,Erick Ferigra,24/25,2025,1,0.556850549498558,1,0
1062862,Ephraim Yeboah,24/25,2025,1,0.5568247440385528,1,0
319231,Claudiu Micovschi,24/25,2025,0,0.5568155593091403,1,1
395888,Nicola Andreoli,24/25,2025,1,0.5568135664792244,1,0
741833,Ángel Cano,24/25,2025,1,0.5568130747443377,1,0
964241,Luca Nocerino,24/25,2025,1,0.5567977033096181,1,0
1050889,Alessandro Boi,24/25,2025,0,0.5567807646864286,1,1
634432,Iván Muñoz,24/25,2025,0,0.5567595758336918,1,1
265970,Yusuf Cela,24/25,2025,1,0.556741058929258,1,0
933516,Nicolò Dal Lago,24/25,2025,0,0.5566993740173489,1,1
719680,Kristi Montgomery,24/25,2025,0,0.5566879662458027,1,1
465255,Tommaso Gentile,24/25,2025,1,0.5566809273322593,1,0
613765,Gianmarco Antonacci,24/25,2025,1,0.5566742776349214,1,0
363610,Georgi Tunjov,24/25,2025,1,0.5566613189073525,1,0
600730,José González,24/25,2025,0,0.5566490973167997,1,1
622236,Radek Vítek,24/25,2025,1,0.556624004194504,1,0
1066213,Asier Bonel,24/25,2025,1,0.5566094972881765,1,0
802663,Samuele Rosini,24/25,2025,1,0.5565877736457531,1,0
466799,Antonio Sola,24/25,2025,1,0.5565777403264217,1,0
267093,Milos Milovic,24/25,2025,1,0.5565758088064015,1,0
454292,Dean Liço,24/25,2025,0,0.5565465074491395,1,1
234189,Trezeguet,24/25,2025,1,0.5565244952055063,1,0
158118,Tarkan Serbest,24/25,2025,0,0.5565161931079137,1,1
283528,Ignacio Pussetto,24/25,2025,1,0.5565081307659543,1,0
558727,Muhammed Gümüşkaya,24/25,2025,1,0.5565060520409023,1,0
582717,David Ramos,24/25,2025,1,0.5565030106368877,1,0
162819,Rafa Lopes,24/25,2025,0,0.55649758259355,1,1
815219,Ivan Mandić,24/25,2025,1,0.5564921433575272,1,0
810066,Kaïs Najeh,24/25,2025,0,0.5564861026069764,1,1
1196322,Riccardo Pasquetto,24/25,2025,0,0.5564760109925817,1,1
294791,Chris Bedia,24/25,2025,0,0.5564747399692488,1,1
709214,Beñat Gerenabarrena,24/25,2025,1,0.5564628031824171,1,0
678441,Daniele Montevago,24/25,2025,0,0.5564617464397862,1,1
446211,Morros,24/25,2025,1,0.5564433177316669,1,0
895330,Salvi Esquivel,24/25,2025,0,0.5564097580068976,1,1
405885,Giacomo Raspadori,24/25,2025,1,0.5563641178207297,1,0
392139,Sebastian Müller,24/25,2025,0,0.5563468487493298,1,1
192073,Rubén Bover,24/25,2025,0,0.5563295135529985,1,1
935420,Andrea Toma,24/25,2025,1,0.5563215081592435,1,0
818703,Elia Tantalocchi,24/25,2025,1,0.556318367535802,1,0
89368,Borja García,24/25,2025,0,0.5562760983419363,1,1
1099721,Mamadou Sané,24/25,2025,0,0.5562528517005784,1,1
668278,Ibon Ispizua,24/25,2025,1,0.5562504781500568,1,0
412046,Iván Chapela,24/25,2025,1,0.5562456635989341,1,0
384761,Leonardo Sequeira,24/25,2025,0,0.556215102194054,1,1
634848,Jubril Adedeji,24/25,2025,0,0.5562089354321486,1,1
1020226,Luka Callø,24/25,2025,1,0.5562080021409189,1,0
567456,Andrea Bonetti,24/25,2025,0,0.5561822515011895,1,1
904335,Leander Fritzsche,24/25,2025,1,0.5561421200407545,1,0
45567,Jonathan Biabiany,24/25,2025,0,0.5561354700218445,1,1
577590,Pedro Brazão,24/25,2025,0,0.556118421149466,1,1
617646,Crocefisso Cancelli,24/25,2025,1,0.5561134055154447,1,0
559130,Harrison Ashby,24/25,2025,0,0.5560927573847981,1,1
704720,Cosimo Severi,24/25,2025,0,0.5560909608587313,1,1
441622,Roger Escoruela,24/25,2025,0,0.5560447566479401,1,1
732117,Dylan Williams,24/25,2025,1,0.5560420105946458,1,0
1045438,Safyan Toure,24/25,2025,1,0.5560355330347246,1,0
289065,Simone Palombi,24/25,2025,0,0.5560238450537122,1,1
769063,Luka Romero,24/25,2025,0,0.555996562813804,1,1
508762,Darius Ghindovean,24/25,2025,1,0.5559797225067113,1,0
149209,Maximilian Jansen,24/25,2025,1,0.5559696094000752,1,0
396115,Eliseo Falcón,24/25,2025,1,0.5559540898583545,1,0
951832,Manuele De Min,24/25,2025,0,0.5559404791702601,1,1
878340,Aleksa Maras,24/25,2025,1,0.5559169360457655,1,0
606552,Marco Rienhardt,24/25,2025,1,0.5559144651254305,1,0
331838,Lorenzo Polvani,24/25,2025,0,0.5559139438588077,1,1
704469,Vincenzo Galletta,24/25,2025,1,0.5558753497770302,1,0
817302,Sergio Barlocco,24/25,2025,0,0.555825782644592,1,1
964590,Kaique Pereira,24/25,2025,1,0.5558246539928708,1,0
810791,Ritchy Valmé,24/25,2025,0,0.5558154533658889,1,1
717205,Martin Sorakov,24/25,2025,1,0.5558098674703463,1,0
387991,Steffen Westphal,24/25,2025,1,0.5558090542970313,1,0
120347,Andrea Sala,24/25,2025,0,0.5558076362090963,1,1
476149,George Lapslie,24/25,2025,0,0.5558021300228493,1,1
940750,Hugo Buyla,24/25,2025,0,0.5557886812421324,1,1
500298,Antonio Figliola,24/25,2025,1,0.5557611375498736,1,0
633093,Eneko Aguilar,24/25,2025,1,0.55575274417126,1,0
139278,Luca Zander,24/25,2025,1,0.5557386669850197,1,0
462738,Naoufel Khacef,24/25,2025,0,0.5557124471490987,1,1
721731,Antonio Prisco,24/25,2025,0,0.5556778853979132,1,1
1109812,Boston Billups,24/25,2025,1,0.5556758680248316,1,0
552547,Lucas Poletto,24/25,2025,1,0.5556511611316337,1,0
364380,Carlo Clemente,24/25,2025,1,0.5556483849647094,1,0
479718,Guillermo May,24/25,2025,0,0.55563162028848,1,1
284737,Törles Knöll,24/25,2025,0,0.5556165300924925,1,1
536341,Diego Stramaccioni,24/25,2025,1,0.5556090854658051,1,0
726670,Simon Micuda,24/25,2025,1,0.5556058379523277,1,0
574199,David Lelle,24/25,2025,0,0.5555928919135055,1,1
801427,Marlee Francois,24/25,2025,0,0.555589612708165,1,1
483104,Soufiane Lagzir,24/25,2025,1,0.5555625152892657,1,0
667997,Bilal Ouacharaf,24/25,2025,1,0.5555540667546744,1,0
919874,Lyubomir Vasilev,24/25,2025,0,0.555552828722466,1,1
307924,Mergim Berisha,24/25,2025,0,0.5555286055739664,1,1
636414,Jorge Sarmiento,24/25,2025,1,0.5555042661053061,1,0
65302,Pau Torres,24/25,2025,0,0.5554886115188495,1,1
1077262,Andrea Pavanello,24/25,2025,1,0.5554852952119625,1,0
1060418,Thomas Renda,24/25,2025,0,0.5554780099871425,1,1
404383,Pedro Marques,24/25,2025,0,0.5554686555391257,1,1
612826,Silas,24/25,2025,0,0.5554632623976316,1,1
280278,Petar Vitanov,24/25,2025,0,0.5554508577465821,1,1
461895,Diogo Sousa,24/25,2025,0,0.555447764710342,1,1
800179,Maxime Langner,24/25,2025,1,0.5554413783894322,1,0
336747,Jorge Pombo,24/25,2025,0,0.5554395951699262,1,1
740191,Kevin Doukoure,24/25,2025,0,0.5554308137787481,1,1
743495,Nehemiah Fernandez,24/25,2025,1,0.5554174624869685,1,0
504398,Sergio Montero,24/25,2025,1,0.5554065537438037,1,0
505999,Monday Etim,24/25,2025,1,0.5553906252615651,1,0
280700,Yohan Boli,24/25,2025,1,0.55538855572539,1,0
441287,Mateo García,24/25,2025,0,0.5553783702051556,1,1
149729,João Mário,24/25,2025,1,0.5553709235396483,1,0
717952,Mario de Luis,24/25,2025,1,0.5553679626483603,1,0
311266,Rubén Díez,24/25,2025,0,0.5553624617576162,1,1
742411,Eddy Lanzi,24/25,2025,1,0.555346787197498,1,0
802713,Adam Ahmad,24/25,2025,1,0.5553466504614308,1,0
670362,Esmeraldo Kondaj,24/25,2025,1,0.5553245567548367,1,0
377298,Guillem Castell,24/25,2025,0,0.5553222953356364,1,1
448466,Jovane Cabral,24/25,2025,0,0.5553206393713666,1,1
415273,Trent Buhagiar,24/25,2025,1,0.5553011716834403,1,0
273130,Federico Gino,24/25,2025,1,0.5553007694277869,1,0
942889,Jawad El Jemili,24/25,2025,1,0.5552776303886894,1,0
1095428,Hugo Riccobene,24/25,2025,0,0.555272434725222,1,1
877211,Success Edogun,24/25,2025,0,0.5552658073457664,1,1
815477,Michele Tommasi,24/25,2025,0,0.555263649163975,1,1
834463,Iker Córdoba,24/25,2025,1,0.5552474049632073,1,0
921492,Chadi Ramadan,24/25,2025,1,0.5552288087040634,1,0
391780,Derrick Köhn,24/25,2025,1,0.5552240955057787,1,0
388042,Karlo Muhar,24/25,2025,1,0.5552232209292508,1,0
495602,Moha Ramos,24/25,2025,1,0.5552168711369194,1,0
385412,Jordan Amissah,24/25,2025,1,0.5552149945134418,1,0
840426,João Lima,24/25,2025,1,0.5552144191809485,1,0
601235,Viktor Haragos,24/25,2025,0,0.5552142776346882,1,1
481117,Othmane Boussaid,24/25,2025,0,0.5551989775764254,1,1
410075,Danilo Greco,24/25,2025,1,0.555198668798971,1,0
355566,Barış Alıcı,24/25,2025,1,0.5551835414514285,1,0
512061,Cristian Fernández,24/25,2025,0,0.5551634731427715,1,1
463455,Federico Zazzi,24/25,2025,1,0.5551578345776472,1,0
883283,Soule Sidibe,24/25,2025,0,0.5551247372525285,1,1
158793,Fran Sota,24/25,2025,0,0.5551147231581584,1,1
616634,Andrea Mallamo,24/25,2025,1,0.5550847082552997,1,0
689090,Davide Lamesta,24/25,2025,0,0.555070274857805,1,1
1149706,Andrea Lombari,24/25,2025,0,0.5550594402682648,1,1
62379,Cristian Pasquato,24/25,2025,0,0.5550494714143795,1,1
340394,Abdelhamid Sabiri,24/25,2025,0,0.5550388678094826,1,1
967948,Garang Kuol,24/25,2025,1,0.5550257059387931,1,0
820381,Mohamed Brahimi,24/25,2025,1,0.5550152720260002,1,0
389837,Nicolò Casale,24/25,2025,1,0.5550115405357051,1,0
615180,Gaetano Vitale,24/25,2025,1,0.5549989181090037,1,0
145303,Mirko Giacobbe,24/25,2025,0,0.5549895177028629,1,1
900199,Gustav Lindgren,24/25,2025,0,0.554989342927109,1,1
721526,Calal Hüseynov,24/25,2025,0,0.5549762875061586,1,1
340521,Gui Ramos,24/25,2025,0,0.5549645115850607,1,1
459652,Filippo Austoni,24/25,2025,0,0.5549456956185718,1,1
568484,Andrea Romano,24/25,2025,0,0.5549373759767732,1,1
727129,Ayoub Assal,24/25,2025,0,0.554900498306959,1,1
537944,Ilias Karargyris,24/25,2025,1,0.5548665026374894,1,0
124911,Karim Laribi,24/25,2025,0,0.5548511106019393,1,1
918974,Ibuki Nemoto,24/25,2025,0,0.5548324881606621,1,1
634452,Pablo García,24/25,2025,1,0.554831769692116,1,0
230902,Javi Barrio,24/25,2025,0,0.5548271639267178,1,1
607228,Félix Nzouango,24/25,2025,1,0.5548049255127038,1,0
511551,Joe Anderson,24/25,2025,0,0.5547913346480638,1,1
695506,Francisco Varela,24/25,2025,1,0.5547590721386257,1,0
831699,Tiago Santos,24/25,2025,1,0.5547545743565543,1,0
1063856,Abdoulaye Traoré,24/25,2025,0,0.5547472751643414,1,1
323589,Dálcio,24/25,2025,1,0.5547440769226891,1,0
285591,Luca Guadalupi,24/25,2025,1,0.5547192816654307,1,0
433091,Jalen Hawkins,24/25,2025,0,0.5546855248539486,1,1
280039,Marco Soprano,24/25,2025,0,0.5546363373056579,1,1
274694,Ionuț Nedelcearu,24/25,2025,0,0.5546290416785344,1,1
1075193,Andrea Casagni,24/25,2025,0,0.554621168499524,1,1
240955,Mattia Lombardo,24/25,2025,0,0.5546113956210249,1,1
789389,Ben Summers,24/25,2025,0,0.5546080087338006,1,1
1031510,Eric Topór,24/25,2025,0,0.5545756390374014,1,1
573403,Bogdan Mandic,24/25,2025,1,0.55457427068871,1,0
470807,Alessio Calisto,24/25,2025,1,0.5545693642818196,1,0
685506,Christian Travaglini,24/25,2025,0,0.5545518148725589,1,1
620892,Arad Bar,24/25,2025,1,0.5545353392634179,1,0
459231,Francesco Cerretelli,24/25,2025,0,0.5545237083249837,1,1
610411,Stephen Buer,24/25,2025,1,0.5545129697940973,1,0
324111,Teun Bijleveld,24/25,2025,1,0.5544946655775528,1,0
394778,Manuel Pavesi,24/25,2025,0,0.5544942720945046,1,1
706017,Riccardo Sganzerla,24/25,2025,0,0.554490408230791,1,1
734898,Kevin Miranda,24/25,2025,1,0.5544903138750548,1,0
373381,Pasquale Giannotti,24/25,2025,0,0.5544884658771733,1,1
526026,Felix Holzhacker,24/25,2025,0,0.554487177925411,1,1
455830,Andrea Anselmo,24/25,2025,0,0.5544823784538532,1,1
855890,Jenson Metcalfe,24/25,2025,1,0.5544633633696197,1,0
726114,Mario Mitaj,24/25,2025,0,0.5544433672886147,1,1
513175,Adrián Crespo,24/25,2025,0,0.5544422646808717,1,1
708070,Pietro Saio,24/25,2025,1,0.5544274747871837,1,0
182713,Carlos Daniel,24/25,2025,0,0.5543709454192466,1,1
435406,Demba Thiam,24/25,2025,1,0.5543599862801408,1,0
500191,Pepe Sánchez,24/25,2025,0,0.5543445476398638,1,1
343945,Niccolò Zanellato,24/25,2025,0,0.554300757936035,1,1
1284085,Tomas Castillo,24/25,2025,0,0.5542993614643172,1,1
542716,Mario Corcione,24/25,2025,1,0.5542862090856177,1,0
160740,Ben Halloran,24/25,2025,0,0.5542852049437003,1,1
635808,Georgios Stamoulis,24/25,2025,1,0.5542479656713395,1,0
74559,Moritz Göttel,24/25,2025,1,0.5542431271679364,1,0
938452,Claudio Cristallo,24/25,2025,1,0.5542162386225987,1,0
707107,Patricio Goglino,24/25,2025,1,0.5542059813758446,1,0
1162378,Ousmane Gueye,24/25,2025,1,0.5541961469692289,1,0
195704,Alexandros Kartalis,24/25,2025,0,0.5541536439462657,1,1
684178,Jason Sraha,24/25,2025,0,0.5541361386353456,1,1
933253,Bernie Lennemann,24/25,2025,0,0.5541065380147174,1,1
331726,Tammy Abraham,24/25,2025,1,0.5540908756819023,1,0
907619,Melvin Rémy,24/25,2025,1,0.5540905713704234,1,0
315209,Çekdar Orhan,24/25,2025,0,0.5540654277097423,1,1
688638,Lorenz Hollenbach,24/25,2025,1,0.5540477101051544,1,0
61464,Karim Yoda,24/25,2025,1,0.5540132894860057,1,0
1326570,Matteo Zenoni,24/25,2025,1,0.55399704136624,1,0
371142,Myziane Maolida,24/25,2025,0,0.5539919823070447,1,1
1154876,Kasey Bos,24/25,2025,1,0.5539788240463666,1,0
93557,Ulrich Taffertshofer,24/25,2025,0,0.5539693507408305,1,1
1057054,Riccardo Barbana,24/25,2025,1,0.5539684781875697,1,0
369258,Dudu,24/25,2025,0,0.5539611820040217,1,1
708624,Andrea Quarena,24/25,2025,0,0.5539519882979759,1,1
396328,Luis Perea,24/25,2025,1,0.5539379507955171,1,0
57299,Michele Marconi,24/25,2025,0,0.5539185300523056,1,1
983196,Gaston Semenzin,24/25,2025,1,0.553912798184971,1,0
1145118,El Hadji Macoumba Gningue,24/25,2025,0,0.5538881951828487,1,1
361540,Nazzareno Ciccarelli,24/25,2025,1,0.5538664072673201,1,0
190687,Joshua Smits,24/25,2025,1,0.5538548813096791,1,0
284301,Philipp Wendt,24/25,2025,1,0.5538278844283324,1,0
244927,Accursio Bentivegna,24/25,2025,1,0.5538216719342657,1,0
360412,Jordy Caicedo,24/25,2025,1,0.5538072265533225,1,0
947447,David Conejero,24/25,2025,1,0.5538052726833481,1,0
1015624,Óscar Perea,24/25,2025,1,0.5537946083780705,1,0
718037,Marcel Sgrò,24/25,2025,0,0.5537691753504691,1,1
834491,Alejandro Rego,24/25,2025,1,0.5537690893142165,1,0
354246,Fareed Sadat,24/25,2025,0,0.553762577727571,1,1
776737,Joselito,24/25,2025,0,0.5537536536728676,1,1
400549,Magnus Kaastrup,24/25,2025,1,0.5537202081637819,1,0
704156,Nicholas Gioacchini,24/25,2025,0,0.5536998422046451,1,1
366278,Rodrigo Pinho,24/25,2025,0,0.5536922598013071,1,1
501196,Csaba Bukta,24/25,2025,1,0.5536749466832283,1,0
522669,Georgios Manousakis,24/25,2025,1,0.5536743455427999,1,0
564792,Giovanni Garofani,24/25,2025,1,0.5536517274566327,1,0
700789,Nor Maviram,24/25,2025,0,0.5535723700604339,1,1
580801,Layton Stewart,24/25,2025,1,0.5535566253752566,1,0
430310,Andrew Irving,24/25,2025,0,0.553543319613414,1,1
798371,Olamide Ibrahim,24/25,2025,1,0.5535042562983363,1,0
1233176,Cedric Gnazale,24/25,2025,0,0.5534354533805125,1,1
847650,Tommaso Senzamici,24/25,2025,0,0.5534085156763456,1,1
111417,Charyl Chappuis,24/25,2025,0,0.5533953886864563,1,1
1112392,David Hoxha,24/25,2025,0,0.553393916437857,1,1
664420,Albert Caparrós,24/25,2025,0,0.5533786650360922,1,1
256023,Serkan Yusein,24/25,2025,0,0.5533775305035061,1,1
975689,Óscar Cortés,24/25,2025,1,0.553361662426082,1,0
197880,Raphael Guzzo,24/25,2025,1,0.5533557246295143,1,0
930377,Omar Sillah,24/25,2025,1,0.5533504004728917,1,0
907087,Berkay Yilmaz,24/25,2025,0,0.5533337138267945,1,1
161251,Jorge Casado,24/25,2025,0,0.553315594317713,1,1
277560,Armando Ortiz,24/25,2025,1,0.5533013549017376,1,0
260166,Ui-jo Hwang,24/25,2025,0,0.5532965221627386,1,1
605466,Iker Unzueta,24/25,2025,1,0.5532653716903388,1,0
391344,Luis Lara,24/25,2025,1,0.5532467760912413,1,0
829392,Jashar Beluli,24/25,2025,0,0.553241652143042,1,1
237226,Marvin Mehlem,24/25,2025,1,0.5531862178872226,1,0
936508,Federico Demo,24/25,2025,0,0.5531568277049167,1,1
728331,Roland Lehoczky,24/25,2025,0,0.5531381419787825,1,1
816576,Edson Silva,24/25,2025,0,0.553133109204634,1,1
553303,Mathias Kubel,24/25,2025,0,0.5531320635281584,1,1
418567,Markus Solbakken,24/25,2025,1,0.5530710581526068,1,0
504091,Pedrinho,24/25,2025,0,0.5530624629343417,1,1
237732,Leandro Putaro,24/25,2025,1,0.5530604816663062,1,0
720139,Roland Hajdú,24/25,2025,1,0.5530544700452027,1,0
507494,Guillaume Furrer,24/25,2025,1,0.5530425209388841,1,0
469018,Antonio Metlika,24/25,2025,1,0.5530022796118249,1,0
371008,Roko Baturina,24/25,2025,1,0.5529843168995568,1,0
251079,Ertuğrul Ersoy,24/25,2025,1,0.5529800229607872,1,0
602223,Kay Seidemann,24/25,2025,0,0.5529746974631244,1,1
379224,Kevin Presa,24/25,2025,1,0.5529678110443792,1,0
586982,Levi Laing,24/25,2025,0,0.5529610537440327,1,1
677509,Jesse Randall,24/25,2025,0,0.5529577296813396,1,1
386829,Edoardo Bovolon,24/25,2025,1,0.5528826998985603,1,0
89650,Johannes Geis,24/25,2025,1,0.5528631157029615,1,0
468283,Shaocong Wu,24/25,2025,0,0.552840512865355,1,1
930791,Filippo Cecchini,24/25,2025,1,0.5528246997567965,1,0
693412,Chinonso Offor,24/25,2025,1,0.5528130671985941,1,0
636331,André Shinyashiki,24/25,2025,0,0.5528073264693181,1,1
361504,Rafa Mujica,24/25,2025,0,0.552794021090205,1,1
341088,Jacopo Pagnini,24/25,2025,1,0.5527841257779432,1,0
824082,Alessandro Contessi,24/25,2025,1,0.5527714697729961,1,0
1057318,Samuele Giallombardo,24/25,2025,0,0.5527507551649772,1,1
577738,Raffaele Fabiano,24/25,2025,1,0.552725141123018,1,0
1064538,Ali Houary,24/25,2025,1,0.5526776379757464,1,0
1113888,Andrew Wogan,24/25,2025,1,0.5526775836587857,1,0
396160,Gonzalo Almenara,24/25,2025,0,0.5526656642562586,1,1
523977,Miguel Baeza,24/25,2025,0,0.5526605040729913,1,1
942415,Niccolò Stacchiotti,24/25,2025,1,0.5526580326126688,1,0
661369,Mateusz Chmarek,24/25,2025,1,0.5526577617117652,1,0
390460,Richmond Tachie,24/25,2025,0,0.5526551935234614,1,1
1037758,Alexander Dikarev,24/25,2025,1,0.5526481421462421,1,0
526011,Etxebe Pamies,24/25,2025,1,0.5526404238189614,1,0
460629,Colin Dagba,24/25,2025,0,0.5526367249401708,1,1
262521,Enrico Baldini,24/25,2025,1,0.5525994695576238,1,0
557612,Sékou Mara,24/25,2025,1,0.5525915230609988,1,0
1288949,Abdoulaye Kanté,24/25,2025,1,0.5525842658174921,1,0
1174733,Emiliano Bugari,24/25,2025,1,0.5525779926041943,1,0
146642,Ferdinando Mastroianni,24/25,2025,1,0.5525583930803064,1,0
821124,Nicola Anelli,24/25,2025,1,0.5525418385088019,1,0
388888,Samu Casado,24/25,2025,1,0.5525196798048013,1,0
349905,Cesare Pogliano,24/25,2025,0,0.5525102037528541,1,1
1243090,Ilya Vasin,24/25,2025,0,0.5524720887655679,1,1
116094,Philip Fontein,24/25,2025,1,0.5524697270003524,1,0
530157,Cem Türkmen,24/25,2025,1,0.5524624646904569,1,0
567492,Konstantinos Balomenos,24/25,2025,1,0.5524339886747487,1,0
456292,Ellery Balcombe,24/25,2025,0,0.5524037330649546,1,1
423289,Álvaro Salinas,24/25,2025,1,0.5524002509943862,1,0
286005,Julien Ngoy,24/25,2025,1,0.5523615421929784,1,0
625653,Iker Kortajarena,24/25,2025,0,0.5523593610561045,1,1
178459,Davie Selke,24/25,2025,1,0.552358978870199,1,0
311130,Lorenzo Melchiori,24/25,2025,0,0.5523547174754978,1,1
1058858,Andrea Di Siena,24/25,2025,0,0.5523414643383181,1,1
406556,Tom McGill,24/25,2025,0,0.5523362264114616,1,1
375857,Kristijan Bistrovic,24/25,2025,1,0.5523298240625358,1,0
589374,Milson,24/25,2025,0,0.552326899881243,1,1
1040836,Yeray Carpio,24/25,2025,0,0.552313904882626,1,1
346855,Matteo Meisl,24/25,2025,1,0.5523049574785364,1,0
291653,Josef Weberbauer,24/25,2025,0,0.5523032758988421,1,1
394346,Emanuel Vignato,24/25,2025,1,0.5522941262036789,1,0
672881,Paolo Coly,24/25,2025,1,0.5522899451195084,1,0
961821,Elián Sosa,24/25,2025,1,0.5522889199415465,1,0
518676,Patrick Luan,24/25,2025,0,0.5522800637525103,1,1
203167,Dimitrios Popovic,24/25,2025,0,0.5522701332886333,1,1
187908,Hugo Sousa,24/25,2025,0,0.5522513400340763,1,1
818102,Leonardo Caferri,24/25,2025,0,0.5522405901651727,1,1
877594,Luca Maini,24/25,2025,1,0.5522390785379864,1,0
395714,Alex Rolfini,24/25,2025,1,0.5522301019346074,1,0
476237,Steven Alzate,24/25,2025,1,0.5522174425795857,1,0
194067,Moustapha,24/25,2025,0,0.5521528805781099,1,1
387378,Luther Singh,24/25,2025,0,0.5521480313747423,1,1
625647,Yago Cantero,24/25,2025,0,0.5521402839385199,1,1
629718,Akileu Ndreca,24/25,2025,1,0.5521269919286268,1,0
494827,Lucas Zeller,24/25,2025,0,0.552105205044984,1,1
334952,Luca Gelonese,24/25,2025,1,0.5520968311265373,1,0
155036,Simone Corazza,24/25,2025,0,0.5520673986718698,1,1
745596,Batuhan Yavuz,24/25,2025,0,0.5520457974636584,1,1
395870,Francesco Verde,24/25,2025,1,0.5520397872916156,1,0
197613,Alexandre Guedes,24/25,2025,0,0.5519956020921758,1,1
935457,Salim El Jebari,24/25,2025,1,0.5519953914716709,1,0
888392,Iñaki León,24/25,2025,0,0.5519904906335961,1,1
883084,Alessio Sarpa,24/25,2025,1,0.5519653843379978,1,0
271622,Óttar Magnús Karlsson,24/25,2025,1,0.5519635487938447,1,0
563137,Robert Navarro,24/25,2025,1,0.5519569612179897,1,0
812625,Agustín Álvarez,24/25,2025,1,0.551956605215954,1,0
18922,Karim Benzema,24/25,2025,0,0.5519555919947059,1,1
1039621,Marvin Pohl,24/25,2025,1,0.5519465930715086,1,0
141050,Danilo Pereira,24/25,2025,0,0.551931351447582,1,1
392179,Hjalmar Ekdal,24/25,2025,0,0.5518908646775018,1,1
866916,Tom Negrel,24/25,2025,0,0.5518543670725674,1,1
678783,Yevgen Pidlepenets,24/25,2025,1,0.5518118986081874,1,0
1126756,Kelve Semedo,24/25,2025,1,0.5517964414789848,1,0
435022,Ramón Miérez,24/25,2025,1,0.5517834503952247,1,0
397797,Giovanni Pinto,24/25,2025,0,0.5517828400788922,1,1
466809,Konrad de la Fuente,24/25,2025,1,0.5517477019599246,1,0
616133,Mattia Tordini,24/25,2025,0,0.551735896046921,1,1
486031,Nico González,24/25,2025,1,0.5517210456754308,1,0
128676,Gonzalo Llerena,24/25,2025,0,0.5516948807872397,1,1
467994,Luca Belardinelli,24/25,2025,0,0.5516586804305589,1,1
624267,Dale Taylor,24/25,2025,1,0.5516450014739651,1,0
1027170,Adam Horvat,24/25,2025,0,0.5516327745225136,1,1
671693,Alberto Cristiano,24/25,2025,1,0.551631124192459,1,0
1059344,Lukas Mikulaj,24/25,2025,0,0.5516280520140614,1,1
930586,Simone Milo,24/25,2025,1,0.551601545172071,1,0
457973,Agustín Coscia,24/25,2025,1,0.5515863671177573,1,0
647392,Scott Smith,24/25,2025,1,0.5515540946726714,1,0
1052859,Vladyslav Kopotun,24/25,2025,0,0.5515450956849377,1,1
559805,Matthew Turner,24/25,2025,0,0.551533018916113,1,1
797572,Stefan Lekovic,24/25,2025,0,0.5515305593170203,1,1
279909,Faisal Bangal,24/25,2025,0,0.5515044096445019,1,1
199921,Davide Petermann,24/25,2025,1,0.5514936088859929,1,0
260543,Nemanja Nikolic,24/25,2025,1,0.5514750592332012,1,0
1306762,Miguel Ángel Álvarez Ortiz,24/25,2025,1,0.5514030052714183,1,0
250777,Fabrizio Ferrante,24/25,2025,0,0.5514003549674863,1,1
837085,Azeez Oseni,24/25,2025,1,0.5513819964001044,1,0
1054209,Mahamadou Baldé,24/25,2025,1,0.5513800643268105,1,0
469892,Yair Castro,24/25,2025,1,0.5513484968991229,1,0
531909,Jordan Gele,24/25,2025,1,0.5513480893421844,1,0
821501,Javi Antón,24/25,2025,1,0.5513439433798963,1,0
244192,Pierluigi Gollini,24/25,2025,0,0.5513313322729178,1,1
456080,Karim Aribi,24/25,2025,1,0.5513224731665161,1,0
644771,Odilon Kossounou,24/25,2025,1,0.5513217152982096,1,0
614508,Adilson Silva,24/25,2025,1,0.5513194850197012,1,0
689639,Javi Villar,24/25,2025,0,0.5513035216742638,1,1
217155,Borja Sánchez,24/25,2025,1,0.5513024378426842,1,0
1183952,Tommaso Serioli,24/25,2025,1,0.5512675088944489,1,0
337798,Abdu Conté,24/25,2025,1,0.5512534620545553,1,0
119292,Danilo Wiebe,24/25,2025,0,0.551252345358954,1,1
258911,Mukhtar Ali,24/25,2025,0,0.5512514163584481,1,1
204180,Atabey Çiçek,24/25,2025,0,0.5512437096119188,1,1
153754,Hasan Kılıç,24/25,2025,1,0.5512244493088791,1,0
674921,Nikola Soldo,24/25,2025,1,0.5512158252253989,1,0
439292,Sydney van Hooijdonk,24/25,2025,0,0.5511791044330864,1,1
810355,Jannik Zahmel,24/25,2025,1,0.5511610256731753,1,0
659420,Mattia Motolese,24/25,2025,1,0.5511531685250584,1,0
1290030,Niccolò Cavallotti,24/25,2025,1,0.5511481882707485,1,0
211107,João Afonso,24/25,2025,0,0.5511295929964285,1,1
348520,Vincenzo Plescia,24/25,2025,1,0.5511117520110894,1,0
1307419,Cristiano Novelli,24/25,2025,0,0.5511058874167515,1,1
81173,Janis Blaswich,24/25,2025,1,0.5510957931623258,1,0
688495,Thomas Scapin,24/25,2025,1,0.5510941695080143,1,0
395693,Houssem Aouar,24/25,2025,0,0.5510930068416364,1,1
254477,Joan Campins,24/25,2025,1,0.5510837116029211,1,0
684307,Youssef Amyn,24/25,2025,1,0.5510818359596655,1,0
331376,Werick Caetano,24/25,2025,1,0.5510390337389284,1,0
425781,Leon Sipos,24/25,2025,0,0.5510258336228679,1,1
1063198,Andor Lapu,24/25,2025,1,0.5509902376036653,1,0
340325,Reiss Nelson,24/25,2025,1,0.550988413894163,1,0
960274,Michele Grande,24/25,2025,0,0.5509644175870698,1,1
81999,Joselu,24/25,2025,0,0.5509066121058388,1,1
379092,Maxime Giron,24/25,2025,1,0.5509056534086745,1,0
395070,Damiano Lia,24/25,2025,1,0.550902022492974,1,0
361925,Achraf Bencharki,24/25,2025,0,0.5508855343951851,1,1
426426,Josh Gordon,24/25,2025,1,0.5508585593130544,1,0
536112,Luca Manca,24/25,2025,0,0.550849449833833,1,1
651003,Tommaso Maressa,24/25,2025,1,0.5508491271103046,1,0
375392,Paulo Moreira,24/25,2025,0,0.5508322312923104,1,1
912509,Jamal Rogero,24/25,2025,1,0.5508306323891907,1,0
428746,Eric Ramírez,24/25,2025,1,0.5507995174788453,1,0
396638,Manor Solomon,24/25,2025,1,0.5507982558045516,1,0
331389,Andrés Tello,24/25,2025,1,0.5507972117298319,1,0
1061810,Karol Di Mauro,24/25,2025,0,0.5507663529810962,1,1
955263,Kévin Pedro,24/25,2025,0,0.5507563057908609,1,1
401064,Alessandro Rossi,24/25,2025,1,0.5507436811930717,1,0
646208,Will Swan,24/25,2025,1,0.5507254425166724,1,0
673511,Chiheb Labidi,24/25,2025,0,0.5507167288178055,1,1
267035,Jannes Vollert,24/25,2025,0,0.5507010017883828,1,1
595240,Milan Hokke,24/25,2025,1,0.5507003263510888,1,0
807836,Sandji Baradji,24/25,2025,1,0.5506809117797861,1,0
690147,Felix Paschke,24/25,2025,0,0.5506795051860902,1,1
545332,Mikkel Kaufmann,24/25,2025,0,0.5506779433162444,1,1
549791,Augustus Kargbo,24/25,2025,0,0.5506655680869774,1,1
280832,Carlo Crialese,24/25,2025,1,0.550652983857087,1,0
242267,Saleh Al-Shehri,24/25,2025,0,0.5506524141728052,1,1
503327,Teddy Okou,24/25,2025,1,0.5506305504485123,1,0
249121,Noah Sonko Sundberg,24/25,2025,1,0.5506262736488939,1,0
929871,Matteo Plaia,24/25,2025,1,0.5506148952022433,1,0
329517,Georgios Masouras,24/25,2025,1,0.5506031620085359,1,0
1040480,Lorenzo Pasquale,24/25,2025,0,0.5505918595163467,1,1
928612,Hamza el Dahri,24/25,2025,1,0.550589762461884,1,0
369908,Giuseppe Lauria,24/25,2025,1,0.5505776689221467,1,0
935173,Manuel Rosetti,24/25,2025,1,0.5505627622699326,1,0
455425,Nando Pijnaker,24/25,2025,0,0.5505621147731435,1,1
170895,Garry Rodrigues,24/25,2025,1,0.5505508198015648,1,0
125614,Sargis Adamyan,24/25,2025,0,0.5505321197168809,1,1
927267,Nicolò Amadori,24/25,2025,1,0.5505317849096313,1,0
197744,Nicolò Fazzi,24/25,2025,1,0.5505009364110978,1,0
669174,Martin Paskalev,24/25,2025,0,0.5504932736633702,1,1
675612,Babis Drakas,24/25,2025,0,0.5504908744725238,1,1
288487,Cristian Cruz,24/25,2025,0,0.5504867348134649,1,1
814528,Georgios Kosteas,24/25,2025,1,0.5504803695542309,1,0
479709,Paolo Cannistrà,24/25,2025,1,0.5504724653893892,1,0
222225,Pius Krätschmer,24/25,2025,1,0.5504558342330232,1,0
766580,Jacobo Guzmán,24/25,2025,1,0.5504083435729499,1,0
240206,Jacopo Manconi,24/25,2025,0,0.5503996213354496,1,1
825024,Ronnie Stutter,24/25,2025,1,0.5503918243806806,1,0
1066452,Mattia Mascella,24/25,2025,0,0.5503911782375505,1,1
818376,Federico Ruggeri,24/25,2025,0,0.5503846569316709,1,1
903563,Matteo Rizzo,24/25,2025,1,0.550375861934623,1,0
600041,Mattia Felici,24/25,2025,0,0.550373261651775,1,1
340447,Emanuele Spinozzi,24/25,2025,0,0.550334839535725,1,1
337282,Jake Brimmer,24/25,2025,0,0.5503209220253434,1,1
1048618,Philipp Maybach,24/25,2025,0,0.5503149728703368,1,1
667050,Dino Mehić,24/25,2025,1,0.550298562013161,1,0
1195327,Shayibu Abubakari,24/25,2025,1,0.5502973962810074,1,0
634267,David González,24/25,2025,0,0.5502711305928749,1,1
557610,Isaac Lihadji,24/25,2025,0,0.5502686819351642,1,1
895331,Dani Pérez,24/25,2025,0,0.5502321814068918,1,1
621910,Apostolos Tsilingiris,24/25,2025,1,0.5501944359286128,1,0
225459,Carlos Hernández,24/25,2025,0,0.5501666385407966,1,1
177596,Javi Bonilla,24/25,2025,0,0.5501479135251668,1,1
477556,Emanuele Zuelli,24/25,2025,0,0.5500313684639551,1,1
315862,Filippo Melegoni,24/25,2025,0,0.5500261761565696,1,1
617596,Mattia Cretti,24/25,2025,1,0.5500246927267298,1,0
282921,Daniele Casella,24/25,2025,1,0.5499957203153707,1,0
199717,Giancarlo Malcore,24/25,2025,0,0.5499813892674712,1,1
874017,Kylian Kouassi,24/25,2025,1,0.5499768059136795,1,0
311328,Nicholas Bensaja,24/25,2025,0,0.5499341729315662,1,1
878114,Zak Bradshaw,24/25,2025,1,0.549931067805492,1,0
555018,Lucas Araújo,24/25,2025,1,0.5499071651554679,1,0
816515,Tom Bloxham,24/25,2025,0,0.5499042413434074,1,1
855615,Abdoulaye Bakayoko,24/25,2025,0,0.5498969798631935,1,1
421984,Vaclav Drchal,24/25,2025,0,0.5498889337789671,1,1
840760,Ignacio Schor,24/25,2025,0,0.5498845234734927,1,1
347958,Gaétan Weissbeck,24/25,2025,0,0.5498723908162627,1,1
630995,Rodri Sánchez,24/25,2025,0,0.5498610027600985,1,1
456165,Kleto Gjura,24/25,2025,0,0.5498603662007981,1,1
461582,Issiar Dramé,24/25,2025,0,0.549832120063097,1,1
1158985,Gerónimo Spina,24/25,2025,0,0.5498296997043214,1,1
562421,Onni Tiihonen,24/25,2025,0,0.5498232392103981,1,1
706933,Manuel Alagna,24/25,2025,0,0.549811257390699,1,1
924304,Adrián Dénes,24/25,2025,1,0.5498085786923018,1,0
458800,Andrea Mattioli,24/25,2025,0,0.5498022574025344,1,1
879236,Zé Vítor,24/25,2025,0,0.5497722302919779,1,1
394332,Alberto Marini,24/25,2025,0,0.5497480271842582,1,1
1161617,Boubacar Diallo,24/25,2025,1,0.5496873836705376,1,0
583699,Andrej Ilic,24/25,2025,1,0.5496627745123489,1,0
696146,Tim Giesen,24/25,2025,1,0.5496613160490246,1,0
713644,Bryan Zaragoza,24/25,2025,1,0.5496604366760743,1,0
812991,Arne Rühlemann,24/25,2025,1,0.5496592777955359,1,0
731467,Simone Giorgeschi,24/25,2025,1,0.5496394357794285,1,0
937672,Joel Aubin Vidékon,24/25,2025,1,0.5496354592036572,1,0
485591,Mohamed Taabouni,24/25,2025,1,0.5496272577993411,1,0
815541,Guglielmo Floridia,24/25,2025,1,0.5496213746709367,1,0
824200,Franco de Jesús,24/25,2025,1,0.5496078777294438,1,0
598136,Christoph Maier,24/25,2025,1,0.5495651378859038,1,0
373374,Brian Mansilla,24/25,2025,1,0.5495491780011424,1,0
832977,Juan Cruz Guasone,24/25,2025,0,0.5495341663308214,1,1
243606,Anastasios Donis,24/25,2025,1,0.5495292854344782,1,0
354567,Stephen Humphrys,24/25,2025,1,0.5495288114586369,1,0
627224,Gabriel Silva,24/25,2025,0,0.549524339049733,1,1
386577,Federico Mastropietro,24/25,2025,1,0.5495183167575607,1,0
379877,Luis Henrique,24/25,2025,1,0.5495160628458681,1,0
535545,Jacopo Nelli,24/25,2025,1,0.5495159109072162,1,0
651735,Magnus Knudsen,24/25,2025,0,0.5495088474597548,1,1
456877,Rekeem Harper,24/25,2025,1,0.5494899092390836,1,0
743598,Ângelo,24/25,2025,0,0.5494870864238725,1,1
547818,Raul Steau,24/25,2025,0,0.5494716327190642,1,1
696599,Cyril Khetir,24/25,2025,1,0.5494703157125452,1,0
699018,Zac Ashworth,24/25,2025,0,0.5494645147643229,1,1
387601,Giuseppe Stancampiano,24/25,2025,1,0.5494627392374809,1,0
928233,Younous Tassembedo,24/25,2025,1,0.549459968678574,1,0
581018,Andrija Katic,24/25,2025,0,0.5494536569798683,1,1
895947,Manuel Cesari,24/25,2025,0,0.5494393138993129,1,1
400941,Michele Vano,24/25,2025,0,0.549437871516103,1,1
431470,Alessandro Minelli,24/25,2025,1,0.5493967378781235,1,0
833369,Amine Groune,24/25,2025,1,0.549375105171281,1,0
370833,Doğukan Sinik,24/25,2025,1,0.549371432479226,1,0
222013,Haritz Albisua,24/25,2025,1,0.5493655281656596,1,0
864733,Léo Alaba,24/25,2025,0,0.5493582087616297,1,1
267152,Sebastian Musiolik,24/25,2025,1,0.5493183320176875,1,0
416088,Romain Correia,24/25,2025,0,0.5492988823340326,1,1
183614,Ahmet Dereli,24/25,2025,1,0.5492834478214739,1,0
441626,Alex Pla,24/25,2025,0,0.5492617187739637,1,1
490384,Koni De Winter,24/25,2025,1,0.5492279433094732,1,0
682103,Adrián Lledó,24/25,2025,1,0.5492237056090785,1,0
933555,Alessio Pozzoli,24/25,2025,0,0.5492152894378217,1,1
410735,Jamie Jacobs,24/25,2025,1,0.5491959086047418,1,0
717296,Lucas Areco,24/25,2025,0,0.5491653732992724,1,1
1074629,Ivan Djantou,24/25,2025,1,0.5491619028064052,1,0
523978,Luis Vacas,24/25,2025,1,0.5491614855512208,1,0
745246,Levin Mattmüller,24/25,2025,1,0.5491606816599921,1,0
379875,Leandro Antunes,24/25,2025,0,0.5491283710330395,1,1
557264,Lorenzo Fino,24/25,2025,0,0.5491164228678429,1,1
352599,Stefan Loncar,24/25,2025,0,0.549115529521879,1,1
1169857,Freddie Anderson,24/25,2025,0,0.5491101305933344,1,1
424371,Iván Martínez,24/25,2025,1,0.5490790287415447,1,0
618019,Andrej Pupovic,24/25,2025,0,0.5490741576548182,1,1
1039738,Thiago Menna,24/25,2025,1,0.5490689829100786,1,0
278467,Iván Pérez,24/25,2025,1,0.549065030273488,1,0
268175,Jordi Ortega,24/25,2025,0,0.5490612240547603,1,1
662701,Joao Grimaldo,24/25,2025,0,0.5490611833808511,1,1
146844,Kerim Frei,24/25,2025,1,0.5490595317116174,1,0
244285,Sinan Kurt,24/25,2025,0,0.5490554681535503,1,1
661467,Gerónimo Bortagaray,24/25,2025,0,0.5490252342804907,1,1
938177,Tommaso Cecotti,24/25,2025,0,0.5490183634257052,1,1
408307,Francesco Delcarro,24/25,2025,1,0.5490166266831836,1,0
254997,Francesco Salvemini,24/25,2025,1,0.5489949232155559,1,0
465988,Elia Giani,24/25,2025,1,0.5489806532537238,1,0
371148,Lenny Vallier,24/25,2025,1,0.5489727276274056,1,0
814007,Corrado Riviera,24/25,2025,0,0.5489697465442199,1,1
712181,James Wright,24/25,2025,0,0.5489696625872975,1,1
718032,Stephane Keller,24/25,2025,1,0.548951676843653,1,0
692771,Byron Burgering,24/25,2025,1,0.5489267081627096,1,0
345742,Alessandro Quaini,24/25,2025,0,0.5488968319433357,1,1
576033,Doğan Alemdar,24/25,2025,1,0.548883384392327,1,0
500687,Tyrese Shade,24/25,2025,1,0.5488741673425334,1,0
1086493,Alessio Manetti,24/25,2025,0,0.5488651927155866,1,1
419936,Jesús Ramírez,24/25,2025,1,0.5488520760376718,1,0
195601,Janik Mäder,24/25,2025,0,0.5488481011213943,1,1
1031607,Nico Petras,24/25,2025,1,0.5488346060881337,1,0
290806,Mattia Poletto,24/25,2025,1,0.5487969698657335,1,0
877118,Martin Georgiev,24/25,2025,0,0.5487968883372829,1,1
513972,Juan Flere,24/25,2025,0,0.5487967164788424,1,1
564890,André Clóvis,24/25,2025,0,0.5487667361722093,1,1
448920,Enea Mihaj,24/25,2025,1,0.5487578429945669,1,0
286389,Joshua Endres,24/25,2025,0,0.548752473187655,1,1
1270735,Alessandro Bartelloni,24/25,2025,1,0.5487507425113867,1,0
432224,Mateo Karamatic,24/25,2025,1,0.5487489089463649,1,0
445548,Charlie Brown,24/25,2025,0,0.5487335577324264,1,1
164771,Jordan Veretout,24/25,2025,1,0.5487302175028066,1,0
1065440,Mauro Echegoyen,24/25,2025,0,0.5487187916466902,1,1
1153675,Pedro Ramos,24/25,2025,0,0.548708814757364,1,1
724107,Luca Di Maggio,24/25,2025,1,0.5486960714726011,1,0
876519,Sofyan Cola,24/25,2025,1,0.5486936175880728,1,0
1174331,Paolo Pisano,24/25,2025,1,0.5486909766148484,1,0
409550,Andrea Giusti,24/25,2025,1,0.5486806001686456,1,0
394875,Federico Chiossi,24/25,2025,0,0.5486703250884792,1,1
440737,Nemanja Tosic,24/25,2025,0,0.548644563488718,1,1
337799,Pedro Ferreira,24/25,2025,0,0.5486396257438565,1,1
391408,Antonio D'Alena,24/25,2025,0,0.5486374800757758,1,1
536943,Daniele Olivieri,24/25,2025,1,0.5486316457440075,1,0
1200419,Djylian N'Guessan,24/25,2025,0,0.5486189655959223,1,1
544895,Paulinho Bóia,24/25,2025,0,0.5486155217741162,1,1
1129805,Luigi Oriano,24/25,2025,1,0.5485881925573667,1,0
494282,Mees Kreekels,24/25,2025,1,0.5485566564842673,1,0
472909,Ivan Bulatovic,24/25,2025,0,0.5485488206545774,1,1
481367,Miguel Merentiel,24/25,2025,0,0.5485483634021678,1,1
504825,Gian Marco Crespi,24/25,2025,1,0.5485369349239022,1,0
1043471,Augusto Dabó,24/25,2025,1,0.5485330031756513,1,0
292365,Paulo Henrique,24/25,2025,1,0.5485261361725794,1,0
831162,Gino Infantino,24/25,2025,0,0.548521893196488,1,1
1132600,Zalán Maronyay,24/25,2025,0,0.5485192065645269,1,1
711628,Pablo Pérez,24/25,2025,1,0.5485040044803791,1,0
663703,Nicola Dipinto,24/25,2025,0,0.5484993423047654,1,1
977382,Yeiner Londoño,24/25,2025,1,0.548452989790952,1,0
715083,Andrej Stojcevski,24/25,2025,1,0.5484413421351119,1,0
566630,Romeo Vucic,24/25,2025,0,0.5484296843936004,1,1
726667,Hugo Pavek,24/25,2025,0,0.5484279086047885,1,1
904707,Yannis Nahounou,24/25,2025,1,0.5484237127442966,1,0
182913,Adrien Rabiot,24/25,2025,1,0.5484170740943964,1,0
989819,Ivane Chegra,24/25,2025,1,0.548385160353396,1,0
543390,Mamadou Traoré,24/25,2025,1,0.5483825920956907,1,0
422287,Konstantinos Panagou,24/25,2025,1,0.5483797216801704,1,0
343289,André Bukia,24/25,2025,1,0.5483753998999583,1,0
1056760,Michael Manuzzi,24/25,2025,1,0.5483643450934752,1,0
508153,Emmanuel Toku,24/25,2025,1,0.5483542693566611,1,0
503004,Alessio Rizzo,24/25,2025,1,0.5483519079409876,1,0
426142,Jan de Boer,24/25,2025,0,0.5483396236889352,1,1
185109,Ellis Harrison,24/25,2025,1,0.5482925687871929,1,0
604486,Mihailo Trkulja,24/25,2025,1,0.5482854577042197,1,0
729167,Emmanuel Ntsiakoh,24/25,2025,1,0.5482816810972171,1,0
995011,Jeremias Nunez,24/25,2025,1,0.5482636107406199,1,0
894414,Byani Mpata Lama,24/25,2025,1,0.5482611486470285,1,0
741098,César Yanis,24/25,2025,0,0.5482586082572639,1,1
936536,João Costa,24/25,2025,0,0.5482533299651197,1,1
385413,Marco Sfanò,24/25,2025,1,0.5482495407800858,1,0
670682,Marco Cruz,24/25,2025,1,0.5482431559064777,1,0
613388,Zakaria Daqoune,24/25,2025,1,0.5482074013198752,1,0
696883,Juan Brunet,24/25,2025,1,0.5481921308525579,1,0
1028509,Néstor García Martinoli,24/25,2025,1,0.5481872065898284,1,0
399399,Jacopo Succi,24/25,2025,1,0.5481761741180432,1,0
228584,David Simón,24/25,2025,0,0.5481739017438005,1,1
921955,Joaquin Domingo Dalmasso,24/25,2025,0,0.5481060495276722,1,1
410305,Erik Gerbi,24/25,2025,0,0.548094816824693,1,1
934202,Raffaele Romano,24/25,2025,1,0.5480814054369999,1,0
911479,Imran Ali,24/25,2025,1,0.5480538208530661,1,0
345748,Andreas Bruus,24/25,2025,1,0.5480264919026367,1,0
589456,Rafa Núñez,24/25,2025,1,0.5480162176909235,1,0
586756,Festy Ebosele,24/25,2025,0,0.547995866799105,1,1
1288196,Gabriel Cantonati,24/25,2025,1,0.5479952457044566,1,0
511023,Dani Gallardo,24/25,2025,0,0.5479906327812667,1,1
424709,Cheick Timite,24/25,2025,1,0.547987227872825,1,0
650256,Paolo Vismara,24/25,2025,0,0.5479864971360895,1,1
110931,Marco Fossati,24/25,2025,1,0.5479837343617054,1,0
1188586,Alessandro Rossi,24/25,2025,1,0.5479771513985617,1,0
506470,Josh Bowler,24/25,2025,1,0.5479689330292552,1,0
194549,Simy,24/25,2025,1,0.5479656208814593,1,0
240157,Gianmarco Vannucchi,24/25,2025,1,0.5479651120285872,1,0
888639,Ethan Wheatley,24/25,2025,1,0.5479146401817214,1,0
698540,Matija Gluscevic,24/25,2025,1,0.5479120414673702,1,0
421927,Adrian Rus,24/25,2025,1,0.5479044214529423,1,0
732206,Georgie Gent,24/25,2025,0,0.5478865581696873,1,1
891379,Nordine Kandil,24/25,2025,0,0.5478858866515579,1,1
639691,Ricky Maset,24/25,2025,0,0.5478771310849464,1,1
723733,Bernardo Folha,24/25,2025,0,0.547874933429996,1,1
441422,Maximiliano Lovera,24/25,2025,0,0.5478508592025352,1,1
981742,Adilson,24/25,2025,1,0.5478454601785939,1,0
1176398,Edoardo Bettinelli,24/25,2025,1,0.5478446218759714,1,0
451942,Sam Todd,24/25,2025,0,0.5478291024568646,1,1
554811,Riccardo Nessi,24/25,2025,1,0.5478199246456934,1,0
958487,Walid Bouabdeli,24/25,2025,0,0.5478048794447737,1,1
729872,Igor Miladinovic,24/25,2025,0,0.5477673424855685,1,1
614546,Sergio León,24/25,2025,1,0.5477616967173212,1,0
608977,Nana Antwi,24/25,2025,0,0.5477484857534594,1,1
636737,Savio Piarulli,24/25,2025,1,0.5477347334768947,1,0
740617,Damiano Basili,24/25,2025,1,0.5477215472741851,1,0
933720,Telmo Neves,24/25,2025,1,0.547716742027061,1,0
504855,John McAtee,24/25,2025,0,0.5476716602337376,1,1
374326,Oliver Edvardsen,24/25,2025,0,0.5476536346693763,1,1
937278,Filippo Turone,24/25,2025,0,0.5476181935871371,1,1
1164509,Thomas Graziani,24/25,2025,1,0.5475662896555868,1,0
353967,Şiyar Kepir,24/25,2025,1,0.5475557250789271,1,0
483461,Erik Expósito,24/25,2025,0,0.5475506163174544,1,1
445971,Manolis Aliatidis,24/25,2025,1,0.5475265772928566,1,0
537477,João Goulart,24/25,2025,0,0.547512479202931,1,1
422573,Sergiu Jurj,24/25,2025,0,0.5474198217016958,1,1
931172,Gabriel Tutu,24/25,2025,0,0.5474180590896526,1,1
1027216,François Mughe,24/25,2025,0,0.5474120880848439,1,1
234787,Lucas João,24/25,2025,1,0.5473984546386941,1,0
489343,Leo Oppermann,24/25,2025,0,0.5473982635891107,1,1
198298,Carmine De Sena,24/25,2025,1,0.547391417055762,1,0
342978,Apostolos Stikas,24/25,2025,1,0.5473537104888554,1,0
199763,Sergio Garufi,24/25,2025,1,0.5473316553914438,1,0
636096,Raúl Blanco,24/25,2025,1,0.5473143052340352,1,0
638875,Varo Álvarez,24/25,2025,0,0.5472934703328922,1,1
451282,Tamás Kiss,24/25,2025,1,0.5472833866422812,1,0
62358,Luca Castiglia,24/25,2025,0,0.5472823963183979,1,1
1053228,Matteo Fravola,24/25,2025,1,0.5472598978662071,1,0
400671,Daan Klomp,24/25,2025,1,0.5472595733495705,1,0
595126,Davino Knappe,24/25,2025,0,0.5472244799376944,1,1
341647,Cengiz Ünder,24/25,2025,1,0.5472070965313219,1,0
801069,Jimmy Evans,24/25,2025,0,0.5472069577997383,1,1
266359,Benjamin Bourigeaud,24/25,2025,0,0.5471973541801144,1,1
874062,Nathan Asiimwe,24/25,2025,1,0.547170389965807,1,0
842802,Javier Akapo,24/25,2025,1,0.5471445171176922,1,0
873981,Diego González,24/25,2025,0,0.5471315861231068,1,1
705517,Ilhan Fandi,24/25,2025,1,0.5471301378601781,1,0
467435,Yannik Schlößer,24/25,2025,1,0.5471271186390608,1,0
1164510,Gabriel Graziani,24/25,2025,1,0.5471257085628606,1,0
762611,Carlos Inglada,24/25,2025,1,0.5471238019047258,1,0
343475,Ben Godfrey,24/25,2025,1,0.5471047595821065,1,0
1179405,Antonio Guerriero,24/25,2025,0,0.5470895093558009,1,1
199258,Andrea Petagna,24/25,2025,0,0.5470417958328881,1,1
386294,Stefano Chiariello,24/25,2025,1,0.546980443190807,1,0
659649,Federico Casolari,24/25,2025,0,0.5469448899614207,1,1
61360,Ciro Sirignano,24/25,2025,0,0.5469363658463865,1,1
1306528,Filippo Vignaroli,24/25,2025,0,0.5469338973070466,1,1
1058990,Edoardo Salvador,24/25,2025,1,0.5469318406158992,1,0
1182972,Andrea Santarelli,24/25,2025,1,0.5469224550135543,1,0
787256,Jesús Hernández,24/25,2025,1,0.5468923178533976,1,0
635318,Juanpa Palomares,24/25,2025,1,0.5468677046729621,1,0
900460,Mattia Parlato,24/25,2025,1,0.5468621122246771,1,0
1180339,Francesco Esposito,24/25,2025,1,0.5468603922503006,1,0
804028,Kevin Lebersorger,24/25,2025,1,0.5468457973450648,1,0
817523,André Lopes,24/25,2025,1,0.5468390257361478,1,0
472246,Mika Schroers,24/25,2025,1,0.5468372411706585,1,0
192279,Kepa Arrizabalaga,24/25,2025,1,0.5468208429170164,1,0
276030,Artur Jorge,24/25,2025,1,0.5468130021697771,1,0
1267574,Cristian Audisio,24/25,2025,0,0.5467966032502954,1,1
289149,Nicolás Orsini,24/25,2025,0,0.5467700839203253,1,1
707785,Guglielmo Mignani,24/25,2025,1,0.5467618325089467,1,0
503291,Rayan Ghrieb,24/25,2025,1,0.5467588371211556,1,0
340323,Savvas Mourgos,24/25,2025,0,0.5467558104025414,1,1
274828,Milan Kocic,24/25,2025,0,0.5467557520614427,1,1
672202,Camilo,24/25,2025,0,0.5467505645225356,1,1
848089,Illaijh de Ruijter,24/25,2025,0,0.546738447174108,1,1
345740,Gaetano Logoluso,24/25,2025,0,0.5467263017633226,1,1
444445,Tommaso Degl'Innocenti,24/25,2025,0,0.5466987984773591,1,1
267014,Matteo Battistini,24/25,2025,0,0.5466864284052928,1,1
653707,Martin Smolenski,24/25,2025,0,0.5466625160802816,1,1
710675,Nowend Lorenzo,24/25,2025,1,0.5466529822617024,1,0
407398,Carl Björk,24/25,2025,0,0.546647715948244,1,1
390159,Vincenzo Millico,24/25,2025,1,0.5466101815495038,1,0
705288,Angelo Talia,24/25,2025,0,0.5466098218444412,1,1
821113,Paolo Gardoni,24/25,2025,0,0.5465906222591093,1,1
238752,Keita Baldé,24/25,2025,0,0.5465865907677083,1,1
335100,Sam Schreck,24/25,2025,0,0.5465764843519785,1,1
806930,Kasper Kiilerich,24/25,2025,0,0.5465560774202178,1,1
526992,Alessandro Galeandro,24/25,2025,0,0.5465482089793469,1,1
221312,Jordan Sánchez,24/25,2025,0,0.5465245398281577,1,1
1107991,Ognjen Teofilovic,24/25,2025,1,0.5464998492970244,1,0
197602,Rúben Semedo,24/25,2025,1,0.5464797725101295,1,0
930390,Nikolas Brandis,24/25,2025,0,0.5464693089156661,1,1
282427,Fran Ganfornina,24/25,2025,0,0.5464669958173187,1,1
669793,Andrea Bozzolan,24/25,2025,1,0.5464533928350723,1,0
539665,Fredrik Oppegård,24/25,2025,0,0.5464499580424652,1,1
914539,Yoan Koré,24/25,2025,1,0.5464369242531641,1,0
461511,Yac Diori,24/25,2025,1,0.5464235776311556,1,0
392964,Emmanuel Latte Lath,24/25,2025,0,0.5464217839374214,1,1
907588,Khalid Abu El Haija,24/25,2025,1,0.5464170101410364,1,0
14881,Marcelo Carné,24/25,2025,1,0.5464085942998638,1,0
584809,Ivan Durdov,24/25,2025,0,0.5464071827988956,1,1
542511,Paul Ngongo,24/25,2025,0,0.5463979513592755,1,1
664808,August Priske,24/25,2025,0,0.5463943644022011,1,1
491648,Diego Valencia,24/25,2025,0,0.5463753493692048,1,1
464217,Szilárd Magyari,24/25,2025,1,0.5463662424674932,1,0
295761,Stefano Aiolfi,24/25,2025,0,0.5463610493113555,1,1
808475,MT,24/25,2025,0,0.5463314355324401,1,1
535031,Federico Papini,24/25,2025,1,0.5462825397493097,1,0
230210,Lolo Plá,24/25,2025,1,0.546264383291797,1,0
68033,Steven Zuber,24/25,2025,0,0.5462458836008043,1,1
271271,Pablo Carbonell,24/25,2025,1,0.5461910015365264,1,0
209063,Marius Briceag,24/25,2025,0,0.546188479377013,1,1
189157,Vasilios Papadopoulos,24/25,2025,0,0.5461503970964096,1,1
534377,Kialy Abdoul Kone,24/25,2025,0,0.5461204171358698,1,1
490967,Andri Gudjohnsen,24/25,2025,1,0.5461120436512799,1,0
400532,Joel Felix,24/25,2025,0,0.5460973933456812,1,1
462251,Jorge Silva,24/25,2025,1,0.5460872601812357,1,0
470594,Clinton Mola,24/25,2025,0,0.5460833966698763,1,1
313830,Pablo Galdames,24/25,2025,0,0.546059211870354,1,1
922907,Marek Jaron,24/25,2025,1,0.5460555395511995,1,0
621770,Matías Vesprini,24/25,2025,1,0.5460127914446258,1,0
220686,Antonio Vutov,24/25,2025,1,0.5460122410091005,1,0
517376,Yusuf Sarı,24/25,2025,0,0.5459966884145973,1,1
463798,Alessandro Coppola,24/25,2025,1,0.5459840237470917,1,0
708315,Jakub Hrustinec,24/25,2025,1,0.5459839904338989,1,0
341317,Oliver Burke,24/25,2025,1,0.5459705322142295,1,0
342876,Didier Desprez,24/25,2025,1,0.5459686998860294,1,0
164534,Francesco Forte,24/25,2025,1,0.5459537758799774,1,0
400044,Balázs Tóth,24/25,2025,0,0.545933556020789,1,1
690488,Aleksandar Vasiljevic,24/25,2025,0,0.545915179098373,1,1
965715,Lassina Kone Junior,24/25,2025,0,0.5459140803417094,1,1
341717,Miguel Acosta,24/25,2025,1,0.5458845300082745,1,0
241889,Antonio Barreca,24/25,2025,1,0.5458749963822896,1,0
1268443,Miroslav Georgiev,24/25,2025,0,0.5458643556486138,1,1
711034,Gianmarco Todisco,24/25,2025,1,0.5458564055872415,1,0
583641,Antonee Burke-Gilroy,24/25,2025,0,0.5458492645119374,1,1
315063,Nahitan Nández,24/25,2025,0,0.5458411713824142,1,1
527791,Jack Sparkes,24/25,2025,1,0.5458407794517891,1,0
402089,Ben Whitfield,24/25,2025,1,0.5458172927458481,1,0
340437,Andrea Paolelli,24/25,2025,0,0.5458002223937479,1,1
729178,Emmanuel Appiah,24/25,2025,1,0.5457978284184782,1,0
1020642,Anton Ihde,24/25,2025,0,0.5457598288208407,1,1
997827,Thiago Helguera,24/25,2025,1,0.5457444945828376,1,0
721669,Dominik Földi,24/25,2025,0,0.5456958387032826,1,1
326030,Ché Nunnely,24/25,2025,1,0.5456891620365766,1,0
711631,Marcelo Expósito,24/25,2025,0,0.5456853368036465,1,1
561027,Youssef Ayman,24/25,2025,0,0.5456780514823301,1,1
117549,Rodri Ríos,24/25,2025,1,0.5456718382562094,1,0
820240,Dominik Șoptirean,24/25,2025,1,0.5456525876376909,1,0
1165333,Yanis Senhadji,24/25,2025,0,0.5456466208053576,1,1
670683,Hugo Félix,24/25,2025,1,0.5456321112677284,1,0
390084,Aleksa Marusic,24/25,2025,0,0.545614224727596,1,1
647955,Quadri Liameed,24/25,2025,1,0.5456138267750219,1,0
724783,Tawanda Chirewa,24/25,2025,0,0.5456039313788132,1,1
733496,JJ McKiernan,24/25,2025,1,0.5455994471207815,1,0
471582,Zaydou Youssouf,24/25,2025,0,0.5455917610862419,1,1
492489,Christian Vestergaard,24/25,2025,1,0.5455770695621638,1,0
904662,Louis Mouton,24/25,2025,1,0.5455215349168389,1,0
512754,Maxence Carlier,24/25,2025,0,0.5455175479067029,1,1
737892,Renzo Orihuela,24/25,2025,0,0.5455062303823899,1,1
1075582,Jules Stawiecki,24/25,2025,0,0.5454604543387285,1,1
754435,Rodrigo Callegari,24/25,2025,1,0.5454564253987411,1,0
673830,Luis Phelipe,24/25,2025,0,0.5454542173225129,1,1
358425,Gonzalo Di Renzo,24/25,2025,1,0.54545083390267,1,0
732507,Agustín Martegani,24/25,2025,0,0.5454154292206232,1,1
936183,Christian Corradi,24/25,2025,1,0.5454068304815008,1,0
263267,Riad Bajic,24/25,2025,1,0.5453976822147013,1,0
422203,Umut Güneş,24/25,2025,0,0.5453975570717251,1,1
628303,Julian Weigel,24/25,2025,0,0.5453892231578195,1,1
840794,Dylan Perera,24/25,2025,0,0.5453699651696441,1,1
1021391,Emmanuel Poku,24/25,2025,0,0.5453693897621177,1,1
941458,Jere Vrcic,24/25,2025,0,0.5453668244473598,1,1
167854,Matteo Meucci,24/25,2025,0,0.5453516680310229,1,1
524564,Can Degirmenci,24/25,2025,1,0.5453385795398884,1,0
914853,Spyros Angelidis,24/25,2025,1,0.5453351667028882,1,0
635581,Ander Yoldi,24/25,2025,0,0.5453262224082907,1,1
579565,Ísak Jóhannesson,24/25,2025,1,0.5453059765162701,1,0
924031,Leo Eberle,24/25,2025,1,0.5452821100371145,1,0
542572,Sergio Maselli,24/25,2025,0,0.5452809881423477,1,1
593480,Aymane Mourid,24/25,2025,1,0.5452711867563276,1,0
146519,Haythem Jouini,24/25,2025,1,0.5452574841553047,1,0
195051,Gianluca Gaudino,24/25,2025,0,0.5452542105208386,1,1
934494,Tommaso Plini,24/25,2025,1,0.5452120027265814,1,0
649016,El Bilal Touré,24/25,2025,1,0.5451941725040671,1,0
242532,Rober Ibáñez,24/25,2025,1,0.5451920814287705,1,0
1159175,Mathew Gbomadu,24/25,2025,0,0.5451848497942534,1,1
110316,Gerardo Strumbo,24/25,2025,0,0.545166826008582,1,1
949118,Ibrahima Diallo,24/25,2025,0,0.5451633312220358,1,1
911487,Samba Koné,24/25,2025,0,0.5451578476376847,1,1
390944,Mickaël Panos,24/25,2025,0,0.5451447629028106,1,1
999745,Damola Ajayi,24/25,2025,1,0.5451052242161399,1,0
182392,Pieros Sotiriou,24/25,2025,0,0.5451000317073074,1,1
924497,Lorenzo Orellano,24/25,2025,1,0.5450858752084979,1,0
390725,Andrea Masetti,24/25,2025,0,0.5450503818140158,1,1
896234,Guillermo Balzi,24/25,2025,0,0.5450276030197381,1,1
1196125,Stilyan Rusenov,24/25,2025,0,0.5449996346494604,1,1
333856,Felix Schmiederer,24/25,2025,0,0.5449933410620968,1,1
128036,Bright Addae,24/25,2025,0,0.5449810267518899,1,1
634125,Xabi Huarte,24/25,2025,1,0.5449638998116565,1,0
189441,Lucas Ocampos,24/25,2025,0,0.5449505485582521,1,1
728256,Luca Andrada,24/25,2025,0,0.5449424731458081,1,1
915899,Dominik Nisandzic,24/25,2025,0,0.5449011345395741,1,1
723667,Brahima Diarra,24/25,2025,0,0.544841223538962,1,1
59558,Emilio Nsue,24/25,2025,0,0.5448361354869362,1,1
896526,Patrick Kelly,24/25,2025,1,0.5448184294645942,1,0
342148,Zé Gomes,24/25,2025,0,0.5448159518058278,1,1
128220,Luis Alberto,24/25,2025,0,0.5448112784788626,1,1
601894,Florian Horenburg,24/25,2025,1,0.5447959942854922,1,0
1185900,Aaron Croce,24/25,2025,1,0.5447933842705928,1,0
527788,Alex Hartridge,24/25,2025,1,0.5447912100777333,1,0
616903,Moustapha Yabre,24/25,2025,0,0.5447742195062129,1,1
199947,Davide Voltan,24/25,2025,1,0.5447718898324375,1,0
256866,Carlos Salcedo,24/25,2025,0,0.5447684044677902,1,1
156764,Gavin Reilly,24/25,2025,0,0.5447664029723034,1,1
203662,Giannis Sotirakos,24/25,2025,1,0.5447652072713566,1,0
591785,Milen Stoev,24/25,2025,1,0.5447613907405624,1,0
1278511,Emanuele Lo Zito,24/25,2025,0,0.5447601106392326,1,1
1056655,Rubén Quintanilla,24/25,2025,1,0.5447575380765914,1,0
1310864,Riccardo Iacoponi,24/25,2025,1,0.544745507235239,1,0
284724,Nehuén Paz,24/25,2025,1,0.5447224767863312,1,0
636601,Aleksa Djurasovic,24/25,2025,0,0.5447209174634497,1,1
254685,Zdravko Manasiev,24/25,2025,1,0.5447185401382599,1,0
993687,Lorenzo Biliboc,24/25,2025,1,0.5447125864188663,1,0
392959,Andrea Colpani,24/25,2025,0,0.5447116281501746,1,1
695646,Charles Boli,24/25,2025,1,0.5446802431193959,1,0
842910,Ayrton Costa,24/25,2025,0,0.5446479580866985,1,1
1073397,Kenan Bilalovic,24/25,2025,1,0.5446278903307519,1,0
163652,Jacopo Furlan,24/25,2025,0,0.5446160404266028,1,1
198410,Adrian Dabasse,24/25,2025,0,0.5445914575811927,1,1
337333,Alex Král,24/25,2025,0,0.544588843226146,1,1
126516,Antonio Luna,24/25,2025,1,0.5445856395648637,1,0
707397,Filippo Manfrin,24/25,2025,0,0.5445613385212886,1,1
808224,Andres Sfait,24/25,2025,0,0.544554691551851,1,1
730821,Julian Markvoort,24/25,2025,1,0.5445490944815102,1,0
1111051,Mamadou Gning,24/25,2025,0,0.5445249806975294,1,1
490763,Kalvin Ketu,24/25,2025,0,0.5445060405818354,1,1
531411,Esteban Orozco,24/25,2025,0,0.5445043741530459,1,1
820633,Coli Saco,24/25,2025,1,0.5444889975856012,1,0
182446,Zinho Gano,24/25,2025,1,0.5444888715796338,1,0
240889,Anas Ouahim,24/25,2025,1,0.5444804117734954,1,0
296234,Deco,24/25,2025,0,0.5444564456015822,1,1
191359,Florian Pick,24/25,2025,1,0.5444540575609581,1,0
363541,Samu Pérez,24/25,2025,1,0.5444123957810256,1,0
311146,Nikola Sipcic,24/25,2025,1,0.5443740933092849,1,0
536520,Ruben Providence,24/25,2025,0,0.5443491834478352,1,1
425031,Michalis Bousis,24/25,2025,1,0.5443466286662675,1,0
395612,Nicolò Clerici,24/25,2025,1,0.5443456190918571,1,0
291266,Godfred Donsah,24/25,2025,0,0.5443376585821033,1,1
301037,Aleksandr Filin,24/25,2025,1,0.5443202467322061,1,0
398063,Luke Southwood,24/25,2025,1,0.5442820696867439,1,0
457031,Ibrahima Ndiaye,24/25,2025,1,0.5442466375412977,1,0
498000,Gavin Didzilatis,24/25,2025,1,0.5441957966695204,1,0
829736,Rico Wuttke,24/25,2025,1,0.5441867518912143,1,0
452068,Ayman Azhil,24/25,2025,0,0.544186221309068,1,1
852727,Diego García,24/25,2025,0,0.5441822925068432,1,1
298589,David García,24/25,2025,0,0.5441745518334727,1,1
1168427,Alberto Locati,24/25,2025,1,0.5441731718357591,1,0
1042811,Lorenzo De Leo,24/25,2025,0,0.5441723136438892,1,1
262365,Antonio Puertas,24/25,2025,1,0.5441565049048368,1,0
684210,Jaidon Anthony,24/25,2025,1,0.54415226069483,1,0
333666,Dominik Lanius,24/25,2025,0,0.544141207441146,1,1
504530,Pier Luigi Simonetti,24/25,2025,0,0.5441355749209958,1,1
803421,Max Conway,24/25,2025,0,0.5441336059586093,1,1
391271,Javier Ablanque,24/25,2025,0,0.544127364557676,1,1
435605,Cristopher Núñez,24/25,2025,0,0.5441208695921119,1,1
387371,Riccardo Stronati,24/25,2025,0,0.5441147888874447,1,1
351751,Rodrigo Borges,24/25,2025,0,0.5441146359159226,1,1
591353,Robinho,24/25,2025,1,0.5440924485758157,1,0
537270,Louie Sibley,24/25,2025,0,0.5440803330460443,1,1
760019,Matteo Casarotto,24/25,2025,1,0.544054717200604,1,0
610572,Ronald Gbizie,24/25,2025,1,0.5440530905142986,1,0
293602,Dor Hugi,24/25,2025,1,0.5440473431930517,1,0
321551,Abdullah Celik,24/25,2025,1,0.54404304650543,1,0
811200,Nikolaos Kanellopoulos,24/25,2025,1,0.5440212617119049,1,0
602987,Mario Subaric,24/25,2025,1,0.5439850495782614,1,0
604105,Ole Hoch,24/25,2025,1,0.543983800075127,1,0
796242,Kevin Kállai,24/25,2025,1,0.5439805353391733,1,0
1047861,Watts,24/25,2025,1,0.5439713316431245,1,0
158770,Mauro Quiroga,24/25,2025,0,0.543942084739032,1,1
567454,Lorenzo Lucchesi,24/25,2025,1,0.5438567372021637,1,0
1178033,Lauris Bausenwein,24/25,2025,0,0.5438355440536164,1,1
519748,Zé Ricardo,24/25,2025,0,0.5438213763792907,1,1
397812,Daniele Rocco,24/25,2025,1,0.5438205221308816,1,0
701036,Gianluca Parodi,24/25,2025,1,0.5438124072528859,1,0
293281,Jacob Bruun Larsen,24/25,2025,1,0.5438090889238733,1,0
390079,Milos Drincic,24/25,2025,1,0.5437606147376937,1,0
708300,Vladimir Zeman,24/25,2025,0,0.5437525023469493,1,1
937956,Pau Prim,24/25,2025,1,0.5437440169509952,1,0
163374,Aboubakar Bakayoko,24/25,2025,1,0.5436942071251182,1,0
246204,Salvi Sánchez,24/25,2025,1,0.5436830953095435,1,0
1146943,Adam Knaze,24/25,2025,0,0.5436819639972976,1,1
397248,Giorgio Galli,24/25,2025,1,0.54367702550635,1,0
273132,Robin Gosens,24/25,2025,1,0.5436530742590875,1,0
709671,Răzvan Pașcalău,24/25,2025,1,0.5436416448715509,1,0
352832,Pepo,24/25,2025,0,0.5436212716822103,1,1
605015,Raffaele Cartano,24/25,2025,1,0.5436178596247164,1,0
413033,Lamine Ghezali,24/25,2025,1,0.5435642821930915,1,0
1053933,Ruan,24/25,2025,1,0.543545972245482,1,0
616638,Alassane Sidibe,24/25,2025,0,0.5435258001900134,1,1
255957,Mahir Emreli,24/25,2025,1,0.543492591656745,1,0
642591,Maranhão,24/25,2025,0,0.5434295256041602,1,1
789722,Feritali Erdem,24/25,2025,1,0.5434110523854327,1,0
418208,Ionuț Rus,24/25,2025,0,0.5434074658492546,1,1
263860,Jason Remeseiro,24/25,2025,1,0.5434024131025923,1,0
568242,Lachezar Kotev,24/25,2025,0,0.5433662622044734,1,1
531121,Juan Gutiérrez,24/25,2025,0,0.5433621243178028,1,1
710089,Eduard Rusu,24/25,2025,0,0.5433485293118291,1,1
309398,David Grözinger,24/25,2025,1,0.5432973671444645,1,0
744941,Sekou Lega,24/25,2025,1,0.543283032056175,1,0
384524,Serafin Szota,24/25,2025,0,0.5432526007077365,1,1
1076073,Américo Neves,24/25,2025,1,0.5432512639257843,1,0
1333057,Ettore Sani,24/25,2025,1,0.5432230308221002,1,0
799138,Oliver Maric,24/25,2025,0,0.5431987513465166,1,1
601117,Marco Wagner,24/25,2025,1,0.5431853287695168,1,0
519869,Mehdi Loune,24/25,2025,1,0.543183420959519,1,0
662452,Juan Alegría,24/25,2025,1,0.5431794812347783,1,0
1185116,Zalán Gregor,24/25,2025,1,0.5431659191741193,1,0
790473,Elia Summa,24/25,2025,0,0.543156209141398,1,1
226300,Michael Dellinger,24/25,2025,0,0.5431525714858314,1,1
575620,Mauricio Villalobos,24/25,2025,1,0.5431448585184794,1,0
160222,Uros Spajic,24/25,2025,0,0.5431371409746806,1,1
837205,Franco Ravizzoli,24/25,2025,1,0.5431166936174977,1,0
459953,Giacomo Manzari,24/25,2025,1,0.5430949997095847,1,0
193319,Luís Silva,24/25,2025,0,0.543082959692881,1,1
401581,Gianluca Mancuso,24/25,2025,1,0.5430694669685078,1,0
599552,Williams Alarcón,24/25,2025,0,0.5430687309766621,1,1
959294,Eryk Grzywacz,24/25,2025,0,0.5430565768088779,1,1
110934,Simone Sini,24/25,2025,0,0.542977318501763,1,1
517422,Simon Baekgaard,24/25,2025,0,0.5429628479873572,1,1
476355,Cícero,24/25,2025,0,0.5429491365727498,1,1
386825,Emanuele Presello,24/25,2025,0,0.5429448604347936,1,1
441385,Gonzalo Maroni,24/25,2025,0,0.5429152049112426,1,1
324861,Julian Justvan,24/25,2025,0,0.542885666804339,1,1
937999,Simone Cortese,24/25,2025,1,0.5428841784962535,1,0
888493,Alejo Veliz,24/25,2025,1,0.5428644318991149,1,0
573968,Krzysztof Kubica,24/25,2025,0,0.5428360660570427,1,1
596067,Felippe Cardoso,24/25,2025,0,0.5428316655913888,1,1
195057,Raffaele Celia,24/25,2025,0,0.542827065344238,1,1
635445,Jayden Nelson,24/25,2025,0,0.5428022698794662,1,1
590204,Athanasios Leonidopoulos,24/25,2025,1,0.5427715130613477,1,0
554251,Yasser Larouci,24/25,2025,1,0.5427574468410024,1,0
925844,Umberto Morleo,24/25,2025,1,0.5427528509823586,1,0
457743,Mohamed Konaté,24/25,2025,1,0.542732491965351,1,0
374281,Christian Bassogog,24/25,2025,0,0.542731793285005,1,1
207061,Francis de Vries,24/25,2025,0,0.5427178721985724,1,1
640893,Ethan Walker,24/25,2025,0,0.5427125598668282,1,1
738119,Antonino Viola,24/25,2025,0,0.542708032686378,1,1
816012,Gino Costanzo,24/25,2025,0,0.5426596061198211,1,1
928591,Tiziano Vianello,24/25,2025,1,0.5426484667205037,1,0
95424,Kyle Walker,24/25,2025,1,0.5426101122114627,1,0
271646,Karim Loukili,24/25,2025,0,0.5425952737061738,1,1
426213,Rodrigo Conceição,24/25,2025,1,0.5425680443937275,1,0
948606,Téo James Michel,24/25,2025,1,0.5424978901749934,1,0
1135091,Victor Rodriguez,24/25,2025,1,0.5424827221620109,1,0
1270449,Aarón Martin,24/25,2025,1,0.5424691320872629,1,0
583767,Semir Telalovic,24/25,2025,1,0.5424570834779726,1,0
522731,Pablo Bolado,24/25,2025,1,0.5424502972483602,1,0
535959,Duk,24/25,2025,0,0.5424449960719705,1,1
810673,Ilhan Altuntas,24/25,2025,1,0.5424177025543336,1,0
504075,Rafael Brito,24/25,2025,0,0.5423874431631052,1,1
704347,Antonio Pio Iervolino,24/25,2025,0,0.5423718392552279,1,1
387078,Andrea Boscolo Papo,24/25,2025,0,0.5423671450675883,1,1
697515,Mario Mustapic,24/25,2025,1,0.5423611105350024,1,0
765468,Milan de Haan,24/25,2025,1,0.5423377898003834,1,0
405687,Tom Krauß,24/25,2025,1,0.5423294411575673,1,0
657742,Joaquín Sosa,24/25,2025,1,0.5423259543260424,1,0
950091,Stefanos Tzimas,24/25,2025,0,0.5423184760515363,1,1
521996,Yevgeniy Terzi,24/25,2025,1,0.5423171779340522,1,0
287327,Matteo Pautassi,24/25,2025,0,0.5422744458158036,1,1
1077242,Aodhan Doherty,24/25,2025,0,0.5422691698613356,1,1
200736,Jorge Aparicio,24/25,2025,0,0.5422501071592922,1,1
154319,André Geraldes,24/25,2025,0,0.5422488447176773,1,1
825731,Jean-Calvin Mbanga,24/25,2025,1,0.5422257654139057,1,0
406094,Damiano Menna,24/25,2025,0,0.5422159965547596,1,1
306166,Nuno Da Costa,24/25,2025,1,0.5422094803442046,1,0
908621,Nabil Aberdin,24/25,2025,0,0.5422004211379807,1,1
365202,Daire O'Connor,24/25,2025,1,0.5422001101183614,1,0
298635,Grigoris Kastanos,24/25,2025,1,0.5421848024755435,1,0
961944,Ginés Sorroche,24/25,2025,0,0.5421774750644094,1,1
669914,Malik Djibril,24/25,2025,0,0.5421664275846946,1,1
140712,Lukas Scepanik,24/25,2025,0,0.5421511890879931,1,1
502475,Samuele Vitale,24/25,2025,1,0.5421453398121352,1,0
267674,Gabriel Colombatti,24/25,2025,0,0.5421369279795633,1,1
627624,Lorenzo Peschetola,24/25,2025,0,0.542074254693975,1,1
1048043,Alessandro Piseddu,24/25,2025,1,0.5420657492231586,1,0
687983,Adrian Kireski,24/25,2025,1,0.5420474602163101,1,0
1241219,Kaly,24/25,2025,0,0.5420426043351148,1,1
938349,Rober,24/25,2025,0,0.5420194153146234,1,1
467437,Malik Tillman,24/25,2025,1,0.5419883001558924,1,0
271495,Abdülkadir Ömür,24/25,2025,1,0.5419882271771311,1,0
413032,Ibrahima Diallo,24/25,2025,1,0.5419871601213699,1,0
576094,Kevin Toppenberg,24/25,2025,0,0.5419784157694152,1,1
905719,Nikola Vukic,24/25,2025,0,0.5419707727855191,1,1
485545,As Ibrahima Diakité,24/25,2025,0,0.5419552282365074,1,1
539807,Christian Marques,24/25,2025,1,0.5419391662180377,1,0
491960,Benito,24/25,2025,1,0.5419270730138002,1,0
504198,Connor Parsons,24/25,2025,0,0.5419075940895588,1,1
704337,William Rovida,24/25,2025,0,0.5419022022866804,1,1
1056043,Matteo Donatiello,24/25,2025,0,0.5418985815794682,1,1
864769,Brandon Bokangu,24/25,2025,0,0.5418922433406935,1,1
59349,Diego Mariño,24/25,2025,1,0.5418771236057435,1,0
130149,Giannis Pasas,24/25,2025,0,0.5418565547743772,1,1
355273,Ben Kennedy,24/25,2025,0,0.5418056564604274,1,1
623412,Mihai Popa,24/25,2025,0,0.5417893315259734,1,1
967823,Adrián Bobi,24/25,2025,1,0.5417088999636518,1,0
190263,Predrag Rajković,24/25,2025,0,0.5417072110454486,1,1
820723,Jan Urbich,24/25,2025,1,0.5416796968964632,1,0
285096,Gabriele Rocchi,24/25,2025,1,0.5416381723544378,1,0
278586,Francesco Forte,24/25,2025,0,0.5416360094666833,1,1
341570,Guillermo Vallejo,24/25,2025,0,0.54162418413418,1,1
1051778,Simone Fiore,24/25,2025,1,0.5415956836207567,1,0
106641,Kane Hemmings,24/25,2025,1,0.5415924226599003,1,0
423678,Meschack Elia,24/25,2025,1,0.5415893928101273,1,0
267330,Joel Abu Hanna,24/25,2025,0,0.5415430755707198,1,1
143358,Ádám Gyurcsó,24/25,2025,1,0.5415389193442618,1,0
342984,Bertalan Kun,24/25,2025,0,0.5415158105090125,1,1
226025,Luca Mazzitelli,24/25,2025,1,0.5415098399735122,1,0
542654,Sebastian Jørgensen,24/25,2025,1,0.5415091584688416,1,0
459128,Marco Brescianini,24/25,2025,1,0.5414854599889961,1,0
614988,Ilias Kostis,24/25,2025,0,0.5414780907726204,1,1
694141,Fynn Seidel,24/25,2025,1,0.5414404116944977,1,0
457961,Theodoros Venetikidis,24/25,2025,0,0.5414387641468431,1,1
536346,Alessandro Miola,24/25,2025,1,0.5414300647291888,1,0
316750,Tosin Kehinde,24/25,2025,1,0.5414217513420134,1,0
281769,Mario Hermoso,24/25,2025,0,0.5414205680012104,1,1
342209,Kévin N'Doram,24/25,2025,0,0.54141480044136,1,1
679217,Dion Dërmaku,24/25,2025,1,0.5413985058270372,1,0
989453,Oussama El Goumiri,24/25,2025,1,0.5413573612054043,1,0
917996,Patrik Pelles,24/25,2025,0,0.5413571426223958,1,1
517379,Housseine Zakouani,24/25,2025,1,0.5413555719251987,1,0
620764,Elvir Zukaj,24/25,2025,1,0.5413483302058517,1,0
290733,Gian Filippo Felicioli,24/25,2025,0,0.5413311166370193,1,1
466810,Ansu Fati,24/25,2025,1,0.5413214223214947,1,0
485798,Davide Munari,24/25,2025,1,0.5413114112878098,1,0
1008348,Jan Feit,24/25,2025,0,0.5413103671944531,1,1
863831,Lamarana Jallow,24/25,2025,0,0.5412672178909788,1,1
391498,Mert Çetin,24/25,2025,1,0.5412417065893174,1,0
203496,Nabil Fekir,24/25,2025,0,0.5412410202314926,1,1
512127,Fabrício Isidoro,24/25,2025,1,0.5412188313660261,1,0
187496,Maurice Multhaup,24/25,2025,0,0.5412163432877934,1,1
683320,Jordi Ferrer,24/25,2025,0,0.5412021987926086,1,1
295183,Răzvan Marin,24/25,2025,1,0.5412005981534161,1,0
745608,Noel Werner,24/25,2025,1,0.5411933008722009,1,0
86083,Richard Marcone,24/25,2025,1,0.5411892180550206,1,0
531824,Kike Hermoso,24/25,2025,0,0.5411879367266229,1,1
546944,Taylor Gardner-Hickman,24/25,2025,1,0.5411847460867495,1,0
818227,Alberto Leone,24/25,2025,1,0.5411655973967314,1,0
459151,Nicolò Cambiaghi,24/25,2025,0,0.541162944912454,1,1
411544,Sherwin Seedorf,24/25,2025,1,0.5411625203906114,1,0
604458,Aaron Sky Schwarz,24/25,2025,1,0.5410574858382028,1,0
459704,Mattia Fiorini,24/25,2025,0,0.541052463628528,1,1
1001686,Arthur,24/25,2025,0,0.5410443676865111,1,1
706860,Mitchy Ntelo,24/25,2025,0,0.5410347572592265,1,1
703655,Noah Botic,24/25,2025,1,0.5410202596421448,1,0
564968,Francisco Meixedo,24/25,2025,1,0.541015210661631,1,0
1245815,Siviwe Magidigidi,24/25,2025,1,0.5409955285398298,1,0
1045446,Dmytro Bogdanov,24/25,2025,1,0.5409738587203402,1,0
136114,Simone Magnaghi,24/25,2025,1,0.5409550749686893,1,0
569033,Armindo Sieb,24/25,2025,0,0.5409544226511269,1,1
85148,Julian Draxler,24/25,2025,0,0.5409267860022462,1,1
945496,Simo Keddari,24/25,2025,0,0.5409067235078495,1,1
486537,Sekou Camara,24/25,2025,0,0.5409038777886442,1,1
237430,Deyvison Fernandes,24/25,2025,1,0.540901958983932,1,0
314280,Taylor Moore,24/25,2025,0,0.5408887628926194,1,1
822100,Federico Romeo,24/25,2025,0,0.540872992671864,1,1
703577,Kegs Chauke,24/25,2025,0,0.5408650180810842,1,1
511878,Agapios Vrikkis,24/25,2025,1,0.540860329402289,1,0
447469,Hugo Alves,24/25,2025,1,0.54084068043315,1,0
908967,Valon Aliji,24/25,2025,0,0.5408378975529347,1,1
623173,Anestis Vlachomitros,24/25,2025,1,0.5408050015986557,1,0
424021,Dapo Mebude,24/25,2025,1,0.5407973917548233,1,0
503727,Cody David,24/25,2025,0,0.5407760777793649,1,1
791694,Luís Ribeiro,24/25,2025,1,0.5407755832240756,1,0
659804,John Mercado,24/25,2025,1,0.5407738696525624,1,0
355033,Enrico Silletti,24/25,2025,0,0.5407497571364955,1,1
363514,Tim Kips,24/25,2025,1,0.5407446765890372,1,0
258475,Nikola Maras,24/25,2025,0,0.5407343756516639,1,1
53077,Alberto Botía,24/25,2025,0,0.5407205708255034,1,1
415550,Joaquín Ardaiz,24/25,2025,1,0.5407199049251865,1,0
203628,Tim Bunge,24/25,2025,0,0.5407149824118191,1,1
907688,Riccardo Spaggiari,24/25,2025,1,0.5406839026790309,1,0
630106,Stefan Obradović,24/25,2025,1,0.5406784174199217,1,0
1216569,Osama El Bazar,24/25,2025,0,0.540677434213943,1,1
708193,Rok Bržan,24/25,2025,1,0.5406572183378885,1,0
685657,Silas Andersen,24/25,2025,0,0.5406539200597043,1,1
167254,Dominic Ball,24/25,2025,1,0.5406509004270813,1,0
96133,Fabio Scarsella,24/25,2025,0,0.5406323105828474,1,1
1047043,Tjark Reinert,24/25,2025,0,0.5406290389972125,1,1
630108,David Petrovic,24/25,2025,0,0.5406258811981545,1,1
463776,Antonio Granata,24/25,2025,1,0.5406235421353337,1,0
89756,Yashir Islame,24/25,2025,0,0.5405950951006528,1,1
460619,Pascal Mulder,24/25,2025,0,0.5405844261879101,1,1
226058,Luka Bogdan,24/25,2025,1,0.5405723601087267,1,0
432959,Perotti,24/25,2025,1,0.5405610236754778,1,0
92693,Darío Benedetto,24/25,2025,1,0.5405227122860946,1,0
1053571,Christian Cugnata,24/25,2025,1,0.540516696674619,1,0
710292,Ibrahima,24/25,2025,0,0.5405097781768188,1,1
1145455,Nils Ramming,24/25,2025,1,0.5405094135584919,1,0
281319,Alberth Elis,24/25,2025,1,0.540507210641507,1,0
798576,Lorenzo Monteleone,24/25,2025,0,0.5405016766377291,1,1
448883,Kristers Tobers,24/25,2025,0,0.5404751645115389,1,1
911990,Ilyes Hamache,24/25,2025,1,0.5404566974253259,1,0
735349,Rafail Sgouros,24/25,2025,1,0.5404514230044977,1,0
279454,MJ Williams,24/25,2025,0,0.5404199469540231,1,1
661157,Marcel Ruszel,24/25,2025,1,0.5404160707002559,1,0
847217,Alberto Spina,24/25,2025,0,0.5404160306744702,1,1
255729,Awer Mabil,24/25,2025,0,0.5403939329285816,1,1
391470,Marcus Browne,24/25,2025,0,0.5403729566591492,1,1
108880,Koen Casteels,24/25,2025,0,0.5403678947211892,1,1
204642,Mite Cikarski,24/25,2025,0,0.5403648387765982,1,1
884065,Simone D'Uffizi,24/25,2025,0,0.5403446240065897,1,1
937477,Giulio Antonini,24/25,2025,1,0.5403379696958677,1,0
450173,Gaius Makouta,24/25,2025,0,0.5403317040300556,1,1
815028,Panagiotis Anastasopoulos,24/25,2025,1,0.5403262135300462,1,0
902125,Ziad Ouled-Haj-M'hand,24/25,2025,1,0.5403042185758522,1,0
71662,Marco Paixão,24/25,2025,1,0.5403017615288641,1,0
253839,Álvaro Medrán,24/25,2025,0,0.5402945602369232,1,1
704846,Mattia La Marca,24/25,2025,1,0.5402634988378596,1,0
358903,Leroy Kwadwo,24/25,2025,1,0.5402524291217004,1,0
931961,Onur Kaplan,24/25,2025,0,0.5402342398093167,1,1
1038512,Asier Osambela,24/25,2025,1,0.540230532293623,1,0
187860,André Sousa,24/25,2025,0,0.540204613538539,1,1
547754,Ianis Stoica,24/25,2025,1,0.540182637653209,1,0
397099,Jordi Osei-Tutu,24/25,2025,0,0.5401732666102328,1,1
468549,Tamir Glazer,24/25,2025,1,0.5401670148064387,1,0
654173,Brad Young,24/25,2025,1,0.5401624837255742,1,0
613040,Youness Lachhab,24/25,2025,0,0.5401600589144344,1,1
874080,Mason Burstow,24/25,2025,1,0.5401422016926067,1,0
186621,Vasilios Gavriilidis,24/25,2025,0,0.5401073972606156,1,1
244130,Sullay Kaikai,24/25,2025,0,0.5401068196041123,1,1
938678,Leonardo Mendicino,24/25,2025,1,0.5401057800522753,1,0
42004,Deni Alar,24/25,2025,0,0.5400981184190159,1,1
450427,Vasilios Xenopoulos,24/25,2025,0,0.5400636126492727,1,1
293202,Jordi Aláez,24/25,2025,1,0.5400607899922623,1,0
877672,Ali Jasim,24/25,2025,1,0.540042565369391,1,0
394920,Filippo Sgarbi,24/25,2025,1,0.5400347005376567,1,0
388537,Nikolay Prudnikov,24/25,2025,0,0.5400216872683352,1,1
255933,Michael Seaton,24/25,2025,1,0.540013455088243,1,0
696693,Loide Augusto,24/25,2025,1,0.5400081726606923,1,0
344415,Dominik Steczyk,24/25,2025,0,0.540000205972731,1,1
73951,Kehinde Fatai,24/25,2025,1,0.5399974154194621,1,0
975211,Nicolò Allasina,24/25,2025,0,0.5399822772915968,1,1
147540,Ales Cermak,24/25,2025,0,0.5399680965886146,1,1
927870,Niccolò Bianchi,24/25,2025,0,0.5399638279271646,1,1
513441,Diego González,24/25,2025,1,0.5399510074721412,1,0
902702,Jayson Videira,24/25,2025,1,0.5399496175984075,1,0
561647,Kaan Caliskaner,24/25,2025,1,0.5399329746178669,1,0
844637,Marc Pubill,24/25,2025,1,0.5399321780694457,1,0
229004,Moussa Dembélé,24/25,2025,0,0.5399110353328561,1,1
1059439,Paweł Depka,24/25,2025,1,0.5398948889309313,1,0
247813,Anthony Okpotu,24/25,2025,1,0.5398887288257083,1,0
121337,Patrick McEleney,24/25,2025,0,0.5398796994833399,1,1
505657,Tyreik Wright,24/25,2025,0,0.5398651990586019,1,1
682625,David Valero,24/25,2025,0,0.539865133229907,1,1
670841,Junior Robinson,24/25,2025,1,0.5398298442032086,1,0
124416,Patrick Schmidt,24/25,2025,0,0.5398168991160209,1,1
214798,Craig Goodwin,24/25,2025,1,0.5398004581082139,1,0
153897,Arnold Budimbu,24/25,2025,1,0.5397957409995585,1,0
297731,Enrico Bearzotti,24/25,2025,0,0.539789393386454,1,1
501165,Sámuel Major,24/25,2025,1,0.539736802346194,1,0
226026,Xandro Schenk,24/25,2025,1,0.5397357774055662,1,0
253905,Grego Sierra,24/25,2025,0,0.539723228973293,1,1
610878,Jacopo Desogus,24/25,2025,0,0.5397213303960501,1,1
669310,Danylo Goncharuk,24/25,2025,0,0.539718331512497,1,1
398030,Giuseppe Caso,24/25,2025,0,0.5397165395455348,1,1
1180712,Niccolò Bigi,24/25,2025,1,0.53970327263756,1,0
521329,Carlos Redru,24/25,2025,0,0.5396628651163551,1,1
724023,Ondrej Kukucka,24/25,2025,1,0.5396589912250433,1,0
598486,Mário Balbúrdia,24/25,2025,0,0.5396243949709052,1,1
184816,Ahmed Hassan,24/25,2025,1,0.5395960173216051,1,0
520068,Petr Kudakovskiy,24/25,2025,1,0.5395934630401054,1,0
395522,Samuel Essende,24/25,2025,0,0.5395885756357511,1,1
940806,Isaac Mendes,24/25,2025,1,0.5395280267678555,1,0
228940,João Novais,24/25,2025,1,0.5395041164880005,1,0
283286,Robin Bormuth,24/25,2025,1,0.5395008129824675,1,0
621370,Matías Palacios,24/25,2025,0,0.5394934810895595,1,1
1176418,Owen Stirton,24/25,2025,1,0.5394911734926119,1,0
815237,Tony Reitz,24/25,2025,0,0.5394847820606592,1,1
405211,Andrea Giacomazzi,24/25,2025,0,0.5394846961203144,1,1
907318,Charlie McArthur,24/25,2025,0,0.5394772755671963,1,1
495033,Nathan Bishop,24/25,2025,1,0.5394629624239345,1,0
492104,Abdelrahman Boudah,24/25,2025,1,0.5394580472082021,1,0
298743,Stanisa Mandic,24/25,2025,0,0.5394512068782554,1,1
745114,Adrián Flaqué,24/25,2025,0,0.5394489323594938,1,1
244915,Oleksiy Zinkevych,24/25,2025,0,0.5393860660058252,1,1
406935,Terence Vancooten,24/25,2025,0,0.5393618889471207,1,1
331503,Alejandro Viedma,24/25,2025,1,0.5393313306415706,1,0
384060,Tino Kadewere,24/25,2025,1,0.5393278673615431,1,0
562601,Souleymane Anne,24/25,2025,0,0.5393026405876469,1,1
525140,Goduine Koyalipou,24/25,2025,1,0.5393009975165389,1,0
519872,Livan Burcu,24/25,2025,0,0.5392932355979031,1,1
1183220,Andrea Collaro,24/25,2025,1,0.5392931691443926,1,0
810073,Younes El Hannach,24/25,2025,0,0.5392892336421876,1,1
568719,Leonardo Agius,24/25,2025,1,0.5392488171104561,1,0
509116,Babacar Dione,24/25,2025,1,0.5392337734615406,1,0
1063333,Jorge Cabello,24/25,2025,0,0.5392327196552883,1,1
213854,Cedric Gondo,24/25,2025,0,0.5392324430979818,1,1
1033919,Mahamadou Doumbia,24/25,2025,1,0.5392144487874421,1,0
401386,David Tomassini,24/25,2025,0,0.5392065027550479,1,1
315138,Mats Knoester,24/25,2025,0,0.5391751123696231,1,1
337946,Jairo Izquierdo,24/25,2025,1,0.5391735272445098,1,0
16043,Alessandro Albertini,24/25,2025,1,0.5391654767784132,1,0
383153,Kelechi Nwakali,24/25,2025,0,0.539132564152381,1,1
336667,Assim Madibo,24/25,2025,1,0.5391297580045441,1,0
270055,Kiki,24/25,2025,0,0.5391176484136398,1,1
364635,Francesco Mele,24/25,2025,1,0.5391125393357158,1,0
601893,Karl Albers,24/25,2025,1,0.5391097551505619,1,0
570553,Erik Shuranov,24/25,2025,1,0.5391079789929792,1,0
420886,Elisha Sam,24/25,2025,1,0.539105421531102,1,0
672868,Pietro Giordani,24/25,2025,1,0.539053393193428,1,0
171078,Kevin Holt,24/25,2025,1,0.5390391680320039,1,0
595943,Jaden Montnor,24/25,2025,0,0.5390365392366424,1,1
371150,Loïc Bessilé,24/25,2025,0,0.5390198516760806,1,1
1012421,Matija Popović,24/25,2025,1,0.5390023851043695,1,0
1059814,Kelliano,24/25,2025,1,0.5389927417440983,1,0
1020852,Abdulmalik Al-Jaber,24/25,2025,1,0.5389880223975053,1,0
455824,Tommaso Scarrone,24/25,2025,1,0.5389856661300058,1,0
182904,Clément Lenglet,24/25,2025,1,0.5389745793971265,1,0
819083,Gabriele Costa,24/25,2025,1,0.5389318784769475,1,0
538527,Enzo Cabrera,24/25,2025,0,0.5388793153678267,1,1
284058,Kai Brünker,24/25,2025,0,0.5388636315013112,1,1
637469,Zean Dalügge,24/25,2025,1,0.5388529280603394,1,0
291124,Gaëtan Laura,24/25,2025,1,0.5388519352154643,1,0
272999,Miguel Almirón,24/25,2025,0,0.5388508661184526,1,1
705090,Luc Elsner,24/25,2025,0,0.5388464051796634,1,1
76569,Kerim Avcı,24/25,2025,1,0.5388458774469437,1,0
448854,Emmanuel Dennis,24/25,2025,1,0.5388369289844879,1,0
94304,Goran Causic,24/25,2025,0,0.5388269211279949,1,1
1175307,Marcello Carollo,24/25,2025,0,0.538826381515477,1,1
1304196,Eduard Ihnatov,24/25,2025,0,0.538788174707443,1,1
624870,Ed Carlos,24/25,2025,1,0.5387855599053105,1,0
376127,Stefan Kovac,24/25,2025,1,0.5387818116493568,1,0
661711,Jonas Oehmichen,24/25,2025,0,0.5387617275458693,1,1
923536,Andreas Myklebust,24/25,2025,0,0.5387523888674938,1,1
935779,Mario Crasta,24/25,2025,1,0.5387432655450395,1,0
935828,Mohamed Alì Zoma,24/25,2025,1,0.5387178355603037,1,0
291399,Nanu,24/25,2025,1,0.5387022518705082,1,0
396429,Diogo Calila,24/25,2025,0,0.5386671838070483,1,1
743705,Douglas Sequeira,24/25,2025,1,0.5386635362139242,1,0
170914,Thibaut Peyre,24/25,2025,1,0.5385839155937088,1,0
536619,Raúl Sánchez,24/25,2025,1,0.5385833864549251,1,0
304319,Milos Zukanovic,24/25,2025,1,0.5385759101545871,1,0
855134,Skelly Alvero,24/25,2025,0,0.5385756582904856,1,1
155054,Luis Felipe Gallegos,24/25,2025,0,0.5385661580170875,1,1
668996,Joaquín Blázquez,24/25,2025,0,0.5385639277538,1,1
929321,Karim L'Koucha,24/25,2025,1,0.538462780210546,1,0
848657,Luka Lecic,24/25,2025,0,0.5384546318442295,1,1
899271,Idumba Fasika,24/25,2025,1,0.5384477175525049,1,0
907634,Jacopo Cerasani,24/25,2025,1,0.5384246091636404,1,0
324512,Giannis Varkas,24/25,2025,0,0.5383945166815475,1,1
237607,Fabio Maiolo,24/25,2025,0,0.5383856793762332,1,1
507115,Lachlan Brook,24/25,2025,1,0.5383573184431767,1,0
242469,Mario Gargiulo,24/25,2025,1,0.538353388171025,1,0
1049590,Meshak Babanzila,24/25,2025,0,0.5383510529966793,1,1
393739,Tin Matic,24/25,2025,1,0.5383263722235032,1,0
431597,Johannes Sabah,24/25,2025,1,0.5383126725544478,1,0
1045997,Devon Matthews,24/25,2025,0,0.5383048613628281,1,1
241378,Jordy Bruijn,24/25,2025,1,0.5382942694446307,1,0
486597,Matías Nani,24/25,2025,1,0.5382867187489577,1,0
496270,Gianmarco Cangiano,24/25,2025,1,0.5382365031564242,1,0
291739,Milot Rashica,24/25,2025,0,0.5382108782527024,1,1
518348,Kelechi John,24/25,2025,1,0.5382092361685232,1,0
441383,Alex Petkov,24/25,2025,1,0.5382070527126116,1,0
1055082,Andrea Oliviero,24/25,2025,0,0.5381964822696996,1,1
638138,Brais Martínez,24/25,2025,1,0.5381851105392648,1,0
702911,Luis Asué,24/25,2025,1,0.5381828875296005,1,0
339122,Domi Berlanga,24/25,2025,1,0.5381783912374637,1,0
1024171,Taiyu Yamasaki,24/25,2025,0,0.5381581260925333,1,1
667640,Alexandru Borbei,24/25,2025,1,0.5381286764814487,1,0
1280693,Riccardo Bisetto,24/25,2025,1,0.5381219217812827,1,0
1157429,Gu Costa,24/25,2025,1,0.5381215183677384,1,0
357176,Alessandro Tripaldelli,24/25,2025,1,0.5381208762391599,1,0
740159,David Sousa,24/25,2025,1,0.5380962304060939,1,0
580484,Leonardo Petrovic,24/25,2025,1,0.5380718529295273,1,0
408505,Tommaso Panelli,24/25,2025,0,0.5380661372992528,1,1
402963,Georgios Daviotis,24/25,2025,0,0.5380439500418814,1,1
287528,Connor Mahoney,24/25,2025,0,0.5380408018010752,1,1
381209,Rober Sierra,24/25,2025,1,0.5379925975865268,1,0
249963,Adriano Schmidt,24/25,2025,1,0.5379821948545264,1,0
314362,Hayden Coulson,24/25,2025,0,0.5379767260664384,1,1
979766,Mathis Lambourde,24/25,2025,1,0.5379413903529598,1,0
351750,Léo Natel,24/25,2025,1,0.5379305245847895,1,0
187097,Budu Zivzivadze,24/25,2025,0,0.5379249543206582,1,1
528618,Leon Gino Schmidt,24/25,2025,0,0.5379186007979226,1,1
241391,Oussama Idrissi,24/25,2025,0,0.5379068954188252,1,1
90772,Cem Ekinci,24/25,2025,1,0.5379059230012074,1,0
181547,Gonçalo Paciência,24/25,2025,0,0.5379009169791424,1,1
342240,Thijmen Goppel,24/25,2025,1,0.5378994947643027,1,0
627228,Yan Couto,24/25,2025,1,0.5378896152652567,1,0
1307148,Amedeo Vendramini,24/25,2025,1,0.537888586369202,1,0
277646,Stanley Ratifo,24/25,2025,0,0.5378632694291234,1,1
726668,Tadeas Hajovsky,24/25,2025,0,0.5378300560098761,1,1
462977,Benjamín Garré,24/25,2025,0,0.5378008825094583,1,1
642757,Francesco Lo Celso,24/25,2025,0,0.5377994318801951,1,1
854085,Ivan Mensah,24/25,2025,1,0.5377870386661908,1,0
401173,Jadon Sancho,24/25,2025,1,0.5377828129036291,1,0
832656,Elias Egerton,24/25,2025,0,0.5377779682206528,1,1
216464,Carlos Fernández,24/25,2025,1,0.5377638993032018,1,0
631002,Raúl García,24/25,2025,0,0.537729321741992,1,1
748316,Juan Manuel Cruz,24/25,2025,1,0.5377084844371333,1,0
396307,Danilo Quaranta,24/25,2025,1,0.5376921334345213,1,0
294568,Omer Atzili,24/25,2025,0,0.5376785672500846,1,1
574448,Harry Tyrer,24/25,2025,0,0.537677615943715,1,1
718314,Peter Olawale,24/25,2025,1,0.5376718501108172,1,0
718123,Samuel Nongoh,24/25,2025,0,0.5376687834328944,1,1
211251,Darwin Machís,24/25,2025,1,0.537656691822384,1,0
831161,Lautaro Blanco,24/25,2025,0,0.5376384765598771,1,1
354741,Loren Morón,24/25,2025,0,0.5376255433995216,1,1
922892,Baran Moğultay,24/25,2025,1,0.5376056647819084,1,0
636254,Rakip Bregu,24/25,2025,1,0.5376032763954894,1,0
319202,Radu Boboc,24/25,2025,1,0.5375822672738386,1,0
335920,Nils Piwernetz,24/25,2025,0,0.5375744549955237,1,1
500624,Filippo Vandelli,24/25,2025,1,0.5375622020761232,1,0
429873,Lloyd-Addo Kuffour,24/25,2025,1,0.537556921291944,1,0
371370,Ismet Sinani,24/25,2025,1,0.5375396630608636,1,0
662808,Rodney Elongo-Yombo,24/25,2025,1,0.5375394600852333,1,0
818252,Pedro Malheiro,24/25,2025,1,0.5375311232924086,1,0
459452,Riccardo Ladinetti,24/25,2025,0,0.5375163035499027,1,1
606570,Sergio Guerrero,24/25,2025,1,0.5375031009867481,1,0
190941,Ángelo Sagal,24/25,2025,1,0.5375018025372242,1,0
1062258,Gabriel Fernandes,24/25,2025,1,0.5374845722623498,1,0
567196,Cristian Măgerușan,24/25,2025,1,0.5374831959765096,1,0
345586,Kasper Lunding,24/25,2025,0,0.5374772129312179,1,1
736202,Brayan Gil,24/25,2025,0,0.537465885001628,1,1
1208731,Edoardo Cavaliere,24/25,2025,0,0.5374532998911783,1,1
468688,Maximilian Weisbäcker,24/25,2025,1,0.5374487370773937,1,0
262613,Pelle van Amersfoort,24/25,2025,0,0.5374480426470805,1,1
827950,Ousmane Camara,24/25,2025,0,0.5374465950850748,1,1
227347,Valentin Antov,24/25,2025,0,0.5374421792948894,1,1
312760,Andrija Filipovic,24/25,2025,1,0.5373846801701684,1,0
390724,Manuel Ferrini,24/25,2025,0,0.5373760920018821,1,1
664708,Equi Fernández,24/25,2025,1,0.5373607782558839,1,0
371927,Caíque Lemes,24/25,2025,0,0.5373555543918362,1,1
181378,Gaëtan Laborde,24/25,2025,1,0.5373549943106356,1,0
432090,Nicolò Fagioli,24/25,2025,1,0.5373296940805947,1,0
927715,Xiko Gomes,24/25,2025,0,0.5372937074412975,1,1
310527,Paulo Azzi,24/25,2025,1,0.5372718821555312,1,0
343022,Terell Thomas,24/25,2025,0,0.5372690773254041,1,1
94192,Patrick Drewes,24/25,2025,1,0.537267398962109,1,0
772354,Christopher Olsa,24/25,2025,1,0.5372623503293216,1,0
1061742,Rodrigo Mendes,24/25,2025,1,0.5372492758861844,1,0
797754,Ilario Porzi,24/25,2025,1,0.5372408481629187,1,0
1234011,Gabriele Casazza,24/25,2025,1,0.5372390851030369,1,0
406151,Zé Pedro,24/25,2025,1,0.53721441982916,1,0
390726,Matteo Rossini,24/25,2025,0,0.5372052424073283,1,1
908764,Matteo Galassi,24/25,2025,1,0.5371993136886918,1,0
724041,Enock Agyei,24/25,2025,0,0.5371984598528409,1,1
633111,Álex Calatrava,24/25,2025,0,0.5371846698706383,1,1
45529,Said Ahmed Said,24/25,2025,1,0.5371642242211052,1,0
459778,Andrea Ghiggini,24/25,2025,1,0.5371632785077355,1,0
585700,Juan Cruz,24/25,2025,0,0.5371255478752194,1,1
388363,Maximilian Bauer,24/25,2025,0,0.5371236457662043,1,1
240342,Lorenzo Filippini,24/25,2025,1,0.5371085131498263,1,0
624059,Emir Karalic,24/25,2025,1,0.537082450788139,1,0
726120,Simon Simoni,24/25,2025,0,0.5370752233039101,1,1
668328,Lukas Hrdlicka,24/25,2025,0,0.5370744969904728,1,1
223974,Stefan Posch,24/25,2025,1,0.5370609302134263,1,0
648520,Alex Vigo,24/25,2025,0,0.537042863392171,1,1
74642,Mattia Minesso,24/25,2025,0,0.5370156607746457,1,1
1025974,Findlay Marshall,24/25,2025,1,0.5370153510958989,1,0
345098,Tameem Al-Muhaza,24/25,2025,0,0.5370131246768469,1,1
1274871,Gabriele Petrucci,24/25,2025,1,0.537005685765952,1,0
627294,Fer Niño,24/25,2025,0,0.5369483675185321,1,1
598611,Jesús de Miguel,24/25,2025,1,0.5369205788281426,1,0
938677,Tommaso Mancioppi,24/25,2025,0,0.5368974070806694,1,1
724178,Luis Hasa,24/25,2025,1,0.5368898539851478,1,0
159288,Arlind Ajeti,24/25,2025,0,0.5368878391600668,1,1
487830,Christian Dimarco,24/25,2025,1,0.5368634446956196,1,0
1016280,Lukas Sinn,24/25,2025,1,0.5368475349214219,1,0
948933,Jacob MacIntyre,24/25,2025,1,0.5368432318805682,1,0
162961,Valerio Verre,24/25,2025,0,0.5368404267099613,1,1
641665,Robert Starecek,24/25,2025,1,0.5368281807310653,1,0
99345,Ante Vukusic,24/25,2025,0,0.53682613744695,1,1
798040,Niklas Tepe,24/25,2025,0,0.5368238660586259,1,1
552955,Santiago Gimenez,24/25,2025,0,0.5368088520105426,1,1
1250836,Riccardo Ori,24/25,2025,1,0.5367747447028944,1,0
554398,Vasilios Sourlis,24/25,2025,1,0.5367736845930521,1,0
487428,Nikola Tavares,24/25,2025,0,0.5367636667493406,1,1
140803,Anthony Limbombe,24/25,2025,1,0.5367591889740154,1,0
188180,Benjamin Verbic,24/25,2025,0,0.5367585034803587,1,1
166557,Luca Baldassin,24/25,2025,1,0.5367554529767513,1,0
303248,Pedro López,24/25,2025,0,0.5367495629818196,1,1
353609,Titas Krapikas,24/25,2025,1,0.5367357241941755,1,0
73932,Alessio Luciani,24/25,2025,1,0.5367328812249649,1,0
712042,Jacopo Ricco,24/25,2025,1,0.5367272273966495,1,0
634118,Ibaider Garriz,24/25,2025,1,0.5367212019061539,1,0
638631,Elijah Krahn,24/25,2025,0,0.5367025262621898,1,1
238950,Francesco Di Mariano,24/25,2025,1,0.5366934204718138,1,0
1264191,Sicu Camara,24/25,2025,0,0.5366877016548383,1,1
567217,Ebrima Colley,24/25,2025,0,0.5366866531973088,1,1
804711,Ousmane Camara,24/25,2025,0,0.5366854485562375,1,1
632829,Niccolò Pietra,24/25,2025,1,0.5366815986391168,1,0
607224,Hannibal,24/25,2025,0,0.5366669432344314,1,1
444208,Michael Obafemi,24/25,2025,1,0.5366596915321137,1,0
261611,Ali Adnan,24/25,2025,1,0.5366586510157877,1,0
710881,David Ovsonka,24/25,2025,1,0.5366484637099893,1,0
435712,Andrei Cordea,24/25,2025,1,0.5366334748950324,1,0
380191,Ioannis Pittas,24/25,2025,0,0.5366069582634853,1,1
678546,Mexx Meerdink,24/25,2025,0,0.5366013313669156,1,1
596821,Scott Banks,24/25,2025,1,0.536600973705016,1,0
1075574,Amidou Doumbouya,24/25,2025,1,0.5365289780064311,1,0
334570,Stefano Selvatico,24/25,2025,0,0.5365125817390202,1,1
547039,Isaak Davies,24/25,2025,0,0.5365050751859134,1,1
979625,Paulo Vitor,24/25,2025,1,0.5364795274352405,1,0
433993,Andy Scott,24/25,2025,0,0.5364558334787849,1,1
1295593,Nicholas Dmitrovic,24/25,2025,0,0.5364551526599985,1,1
821542,Moussa Baradji,24/25,2025,1,0.5364210598134114,1,0
569288,Elias Bördner,24/25,2025,1,0.5364166933417839,1,0
666551,Maestro,24/25,2025,1,0.5364034630024694,1,0
906254,Chris Forino,24/25,2025,0,0.5364008256961856,1,1
488784,Magnus Kofod Andersen,24/25,2025,0,0.5363964484438513,1,1
342966,Dennis Smarsch,24/25,2025,1,0.5363957930103562,1,0
266809,Nicolás Freire,24/25,2025,0,0.5363903739453482,1,1
62049,Mame Diouf,24/25,2025,0,0.5363373786944519,1,1
710860,Leandro Alves,24/25,2025,0,0.5363229863372222,1,1
440323,Ismael Benktib,24/25,2025,1,0.5363218503821371,1,0
187384,Cristian Buonaiuto,24/25,2025,0,0.5363214942053162,1,1
214770,Borja López,24/25,2025,1,0.536285317330266,1,0
727495,Nikola Iliev,24/25,2025,0,0.5362712785931636,1,1
880533,Spyros Kostopoulos,24/25,2025,0,0.5362706930314044,1,1
620834,Joel Bichsel,24/25,2025,0,0.536240888061063,1,1
417238,Andrey Yordanov,24/25,2025,0,0.5362393478485555,1,1
531783,Rob Atkinson,24/25,2025,0,0.5362330116546267,1,1
135217,Patrick Olsen,24/25,2025,1,0.5362310689223965,1,0
686339,Daniil Polyanskiy,24/25,2025,1,0.5362309932232837,1,0
687309,Aleks Radzhabov,24/25,2025,1,0.5362153623955651,1,0
717885,Marwane Kritta,24/25,2025,0,0.5362036469885745,1,1
704709,Mattia Damiani,24/25,2025,1,0.5361764178137174,1,0
614797,Abdoulaye Sall,24/25,2025,0,0.5361640062542299,1,1
1276321,Ivaylo Nedelchev,24/25,2025,0,0.5361598254439008,1,1
1049803,Domenico Anzelmo,24/25,2025,1,0.5361266173151783,1,0
262097,Birsent Karagaren,24/25,2025,1,0.5361199595122452,1,0
604455,Adar Ratner,24/25,2025,0,0.5361180881033701,1,1
487846,Guillaume Renault,24/25,2025,0,0.5361144473042413,1,1
290701,Georges Douglas Petdji Tsila,24/25,2025,1,0.536075963687409,1,0
898020,Athanasios Dabizas,24/25,2025,1,0.5360298691160406,1,0
567114,Liam Morrison,24/25,2025,0,0.5360188459949207,1,1
504518,Kofi Balmer,24/25,2025,0,0.5360182380551569,1,1
242359,Juan Musso,24/25,2025,1,0.5359658072883999,1,0
568662,Min-gi Kang,24/25,2025,0,0.5359629899628905,1,1
1066953,Mateo Chávez,24/25,2025,1,0.535889858390353,1,0
424736,Can Karatas,24/25,2025,1,0.5358879892403086,1,0
543771,Kristjan Asllani,24/25,2025,1,0.5358548089225486,1,0
196763,Korbinian Burger,24/25,2025,0,0.5358280262737334,1,1
585761,Jonas Arcalean,24/25,2025,1,0.5358158017832799,1,0
282821,Corey Blackett-Taylor,24/25,2025,0,0.535799193707697,1,1
496357,Mehdi Boudjemaa,24/25,2025,0,0.5357977125770006,1,1
462087,Arjen van der Heide,24/25,2025,0,0.535776789025974,1,1
743387,Stanis Idumbo,24/25,2025,1,0.535774277809224,1,0
634374,Macula,24/25,2025,1,0.535770089808351,1,0
335821,George Ganea,24/25,2025,0,0.5357642800200729,1,1
392719,Ben Meyer,24/25,2025,1,0.5357637160426689,1,0
696346,Jay Stansfield,24/25,2025,0,0.5357558714308366,1,1
700503,Santiago Naveda,24/25,2025,0,0.5357519946586495,1,1
148396,Abdoulay Diaby,24/25,2025,1,0.5357288256341645,1,0
923667,Joeri Heerkens,24/25,2025,1,0.5357191487844465,1,0
700405,Ollie Tanner,24/25,2025,0,0.5356914238790738,1,1
397435,Marco Di Lernia,24/25,2025,1,0.5356878599027713,1,0
613968,Evagoras Antoniou,24/25,2025,0,0.5356741854898843,1,1
589481,Matías Basterrechea,24/25,2025,1,0.5356538032674956,1,0
357148,Diogo Queirós,24/25,2025,1,0.5356382118292935,1,0
836223,Norbert Dencinger,24/25,2025,0,0.5356183177117436,1,1
258246,Harun Alpsoy,24/25,2025,1,0.5356125811331286,1,0
932479,Jakob Sieve,24/25,2025,0,0.5355936642317549,1,1
89297,Rodrigo Battaglia,24/25,2025,0,0.5355417033197812,1,1
335221,Dani Martín,24/25,2025,1,0.5355379751202893,1,0
396841,Louis Verstraete,24/25,2025,0,0.5355106555779097,1,1
973575,Guilherme Zimovski,24/25,2025,0,0.5354960255284629,1,1
377851,Mitar Cukovic,24/25,2025,1,0.5354875178414007,1,0
1020652,Chico Gonçalves,24/25,2025,0,0.5354446697227253,1,1
89708,Junior Fernandes,24/25,2025,1,0.5354443864009948,1,0
395685,Gédéon Kalulu,24/25,2025,1,0.5354361665627675,1,0
1121304,Emmanuel Gono,24/25,2025,0,0.5354234888141384,1,1
434981,Toyosi Olusanya,24/25,2025,1,0.5354195591841467,1,0
357996,Davide Grassini,24/25,2025,0,0.5353765585671402,1,1
279923,Roberto Dias,24/25,2025,0,0.535373797730406,1,1
396646,Guy Dahan,24/25,2025,0,0.5353686412461517,1,1
501087,Soufiane Messeguem,24/25,2025,0,0.5353516966190642,1,1
806392,Cheikh Touré,24/25,2025,1,0.5353389152227108,1,0
237144,Stefan Maderer,24/25,2025,0,0.5353224022014154,1,1
704260,Eugenio Fusco,24/25,2025,1,0.5352913111115691,1,0
1147210,Francis Castillo,24/25,2025,1,0.5352254775430412,1,0
501489,Zakaria Sawo,24/25,2025,0,0.5351963614574011,1,1
440880,Simone Menabò,24/25,2025,1,0.5351000167641382,1,0
1153574,Viktorio Valkov,24/25,2025,0,0.5350924909570499,1,1
928630,Finn de Bruin,24/25,2025,0,0.5350727147469775,1,1
692020,Lasse Wilhelm,24/25,2025,0,0.5350702239809357,1,1
297649,Leonardo Rivoira,24/25,2025,0,0.5350409598231809,1,1
50962,András Simon,24/25,2025,0,0.5350375947821269,1,1
465082,Georgi Nikolov,24/25,2025,1,0.5350280912671237,1,0
1175370,Federico Renda,24/25,2025,0,0.5350269266349633,1,1
162038,Raúl de Tomás,24/25,2025,1,0.5350213640661379,1,0
216661,Alexandru Crețu,24/25,2025,1,0.5350185449032434,1,0
315312,Juanma García,24/25,2025,1,0.5350084919735404,1,0
336736,Daniel Lasure,24/25,2025,1,0.5350075736267748,1,0
458165,Giacomo Benedetti,24/25,2025,1,0.5349977116558112,1,0
251896,Jesús Vallejo,24/25,2025,1,0.5349960180705262,1,0
644244,Enis Cokaj,24/25,2025,0,0.5349891639866148,1,1
291120,Adrien Julloux,24/25,2025,0,0.5349803183651338,1,1
1111776,Ibou Sané,24/25,2025,0,0.5349643380048472,1,1
906329,Roger Fernandes,24/25,2025,1,0.5349601822228306,1,0
77001,Rajiv van La Parra,24/25,2025,0,0.5349417828491457,1,1
1082519,Charlys,24/25,2025,1,0.534929308420821,1,0
614811,Joe White,24/25,2025,1,0.534925350587876,1,0
588747,Tim Civeja,24/25,2025,0,0.5349156146998362,1,1
919863,Hristo Petrov,24/25,2025,1,0.5349138417478111,1,0
988243,Noah Maboulou,24/25,2025,1,0.5349080247026969,1,0
693125,Liam Higgins,24/25,2025,0,0.5348970770894563,1,1
572874,Dimitrios Tatsis,24/25,2025,0,0.5348929494315868,1,1
914195,Yutaka Michiwaki,24/25,2025,0,0.534879183623792,1,1
1015829,Tugra Turhan,24/25,2025,1,0.5348723170322977,1,0
461629,Gustavo Assunção,24/25,2025,1,0.5348681293664154,1,0
701819,Daniele Ghilardi,24/25,2025,1,0.5348478654336922,1,0
292032,Pelle Hoppe,24/25,2025,1,0.5348329215939578,1,0
235923,Mattia Muroni,24/25,2025,1,0.5348317497847568,1,0
233782,Aïssa Laïdouni,24/25,2025,0,0.5348290361168734,1,1
557642,Larry-Nana Oellers,24/25,2025,1,0.5348199354925837,1,0
481692,Georgios Vrakas,24/25,2025,1,0.53481608277538,1,0
355791,Fabrizio Brignani,24/25,2025,1,0.5347824303100702,1,0
162056,Gonzalo Melero,24/25,2025,1,0.5347541060563352,1,0
96140,Jorge Correa,24/25,2025,0,0.5347036917490864,1,1
873978,Musa Isah,24/25,2025,0,0.5347015068927515,1,1
283001,Noah Sarenren Bazee,24/25,2025,0,0.534698636120211,1,1
415816,Diallang Jaiyesimi,24/25,2025,0,0.5346835717006094,1,1
410436,Bailey Peacock-Farrell,24/25,2025,1,0.5346834387228646,1,0
335733,Daniel Naumov,24/25,2025,1,0.5346833331300439,1,0
623568,Tilemachos Karampas,24/25,2025,0,0.5346613911050874,1,1
543539,Aly Soumah,24/25,2025,1,0.5346482141711877,1,0
395833,Harry Paton,24/25,2025,1,0.5346194147395597,1,0
1099924,Yael Trepy,24/25,2025,0,0.5345930721411275,1,1
322683,Markus Poom,24/25,2025,0,0.5345837926721749,1,1
253765,Wesley Hoedt,24/25,2025,0,0.5345646509294045,1,1
312341,Luca Ravanelli,24/25,2025,1,0.5345391955508646,1,0
256636,Bence Daru,24/25,2025,1,0.5344530466673071,1,0
548937,Evan Rottier,24/25,2025,0,0.5344480751688903,1,1
329924,Jacob Karlstrøm,24/25,2025,0,0.5344480617310431,1,1
645880,Ifet Djakovac,24/25,2025,0,0.5344401535251309,1,1
460103,Matteo Magliocchetti,24/25,2025,0,0.5344104617516725,1,1
70245,Ignasi Miquel,24/25,2025,1,0.5343737915245155,1,0
878507,Desmond Nketia,24/25,2025,1,0.5343658195676828,1,0
391672,Elias Kratzer,24/25,2025,1,0.5343324786382511,1,0
381963,Mike Tresor,24/25,2025,0,0.53432892443428,1,1
335593,Ben Barclay,24/25,2025,1,0.5343129271125773,1,0
659459,Carney Chukwuemeka,24/25,2025,1,0.5343025828861134,1,0
491026,Alexander Satariano,24/25,2025,1,0.5342740238357283,1,0
411410,Kaloyan Krastev,24/25,2025,1,0.5342539240116537,1,0
703225,Matteo Falasca,24/25,2025,0,0.5342422101724735,1,1
1226717,Andrea Ratti,24/25,2025,0,0.5342139096473759,1,1
628624,Adam Ratajczyk,24/25,2025,0,0.5342129039018897,1,1
875208,Johnny Kenny,24/25,2025,0,0.5342100506531243,1,1
83256,Özkan Yıldırım,24/25,2025,1,0.5342069347918699,1,0
1182170,Lorenzo Tavernini,24/25,2025,1,0.5342043389679799,1,0
536837,Federico Bergonzi,24/25,2025,0,0.5342021179594981,1,1
231792,Christos Gromitsaris,24/25,2025,0,0.5342016392351134,1,1
265072,Simone Auriletto,24/25,2025,0,0.5341968363469729,1,1
129592,Julien De Sart,24/25,2025,0,0.5341863258601888,1,1
295073,Kleton Perntreou,24/25,2025,1,0.5341653524689128,1,0
1182084,Giulio Leo,24/25,2025,1,0.534160667765051,1,0
392966,Nadir Zortea,24/25,2025,1,0.5341543374881965,1,0
379168,Noah Fadiga,24/25,2025,1,0.5341007080041364,1,0
723614,Francesco D'Alessio,24/25,2025,0,0.5340874345668932,1,1
349944,Sérgio Conceição,24/25,2025,1,0.5340815146504821,1,0
548109,Iván Morante,24/25,2025,0,0.5340504427425473,1,1
419999,Guessouma Fofana,24/25,2025,0,0.5340494558443014,1,1
609651,Alexandros Tereziou,24/25,2025,1,0.5340365920642957,1,0
810067,Louis Mouquet,24/25,2025,1,0.53401656137804,1,0
130765,Stuart Armstrong,24/25,2025,1,0.5339994345036438,1,0
337670,Alessio Da Cruz,24/25,2025,1,0.533997325848964,1,0
85928,Danny Lafferty,24/25,2025,0,0.5339621186282217,1,1
802518,Julius Voldby,24/25,2025,1,0.5339558129430587,1,0
390638,Arthur Cabral,24/25,2025,1,0.5339320679794006,1,0
1151753,Ádám Szamosi,24/25,2025,0,0.5339035004144297,1,1
572910,Benjamin Luis,24/25,2025,1,0.5338872441731638,1,0
111819,Neto,24/25,2025,1,0.5338817229166954,1,0
251680,Brandon Thomas,24/25,2025,1,0.5338688351363086,1,0
718668,Tala,24/25,2025,0,0.533832288238804,1,1
817001,Filippo Bertolotti,24/25,2025,0,0.5338043990961799,1,1
124187,Philipp Kühn,24/25,2025,0,0.5337836674891748,1,1
637782,André Amaro,24/25,2025,0,0.5337757826027011,1,1
195215,Thomas Gösweiner,24/25,2025,0,0.5337631602500658,1,1
495722,Devis Vásquez,24/25,2025,1,0.5337608025999739,1,0
592358,Victor Lobry,24/25,2025,0,0.5337411834685298,1,1
456898,Vladan Danilović,24/25,2025,0,0.5337302112960715,1,1
496062,Víctor Griffith,24/25,2025,0,0.5337145807604076,1,1
309923,Jaime Moreno,24/25,2025,0,0.5336778240430006,1,1
1108127,Luciano Maidana,24/25,2025,0,0.5336489389830936,1,1
402733,Gonzalo Montiel,24/25,2025,0,0.5336439224039172,1,1
845581,Nedjeljko Kovinic,24/25,2025,1,0.5336248540817468,1,0
510310,Sivert Mannsverk,24/25,2025,1,0.5335933303161511,1,0
203532,Naby Sarr,24/25,2025,0,0.5335889586740827,1,1
563340,Felipe Santos,24/25,2025,0,0.5335783022114459,1,1
704453,Kevin Bright,24/25,2025,0,0.5335778098806142,1,1
354145,Jorge Carrascal,24/25,2025,1,0.5335692871396305,1,0
293241,Miomir Djurickovic,24/25,2025,1,0.5335634171620152,1,0
1308600,Alessandro Bonora,24/25,2025,1,0.5335523870059459,1,0
334371,Marcos Curado,24/25,2025,0,0.5335516152284153,1,1
435665,Vladyslav Khomutov,24/25,2025,1,0.5335247326889873,1,0
520815,Ousseynou Ba,24/25,2025,0,0.5335076628297845,1,1
168189,Luca Calapai,24/25,2025,1,0.5335040210270656,1,0
287717,Emanuele Ndoj,24/25,2025,1,0.5335004155320877,1,0
1185914,Roberto Sandu,24/25,2025,0,0.5334761441522599,1,1
262608,Adama Traoré,24/25,2025,0,0.5334673131532242,1,1
333092,Josiel Núñez,24/25,2025,1,0.5334380307189206,1,0
416587,Vladan Djekic,24/25,2025,1,0.5334229206680093,1,0
130357,Andrea Schenetti,24/25,2025,1,0.5334133128098596,1,0
707982,Dimitri Jepihhin,24/25,2025,0,0.533381623108719,1,1
1159022,Mateus Lusuardi,24/25,2025,1,0.5333727293079031,1,0
1073078,Fernando Mimbacas,24/25,2025,1,0.5333658211892057,1,0
484389,Kell Watts,24/25,2025,0,0.5333634879849238,1,1
859134,Amine Zouhzouh,24/25,2025,1,0.5333541351983312,1,0
58884,Nacho Fernández,24/25,2025,0,0.5333379112032761,1,1
568156,Antonio Pacheco,24/25,2025,0,0.5332983201352105,1,1
341516,Ponck,24/25,2025,1,0.5332903742361272,1,0
468256,Daniel Penha,24/25,2025,1,0.5332862480740178,1,0
328455,Juriën Gaari,24/25,2025,1,0.5332854606435737,1,0
756811,Manuel Llano,24/25,2025,0,0.533284137430059,1,1
342911,Dimitrios Oungialidis,24/25,2025,0,0.5332783126167814,1,1
235052,Abderrazak Hamdallah,24/25,2025,1,0.5332712251846174,1,0
1059172,Ahmed Ouattara Kossonou,24/25,2025,0,0.5332675562039213,1,1
153664,Khaled Narey,24/25,2025,1,0.5332479622874001,1,0
1004759,Moritz Wiezorrek,24/25,2025,0,0.5332381443373616,1,1
190756,Juan Ramírez,24/25,2025,0,0.5332090022449463,1,1
242882,Higinio Marín,24/25,2025,0,0.5331945628213179,1,1
537171,Semuel Pizzignacco,24/25,2025,0,0.5331736321208244,1,1
435208,Béni Nkololo,24/25,2025,1,0.5331316420770962,1,0
465848,Preslav Borukov,24/25,2025,0,0.5331235685293673,1,1
336644,Cedric Euschen,24/25,2025,0,0.5331212713789768,1,1
35416,David McGoldrick,24/25,2025,1,0.5331193780657594,1,0
382550,Joe Hilton,24/25,2025,0,0.5331188210978751,1,1
1148697,Michal Kovacik,24/25,2025,0,0.5330752435035945,1,1
196095,Luca Waldschmidt,24/25,2025,0,0.5330685542654561,1,1
922977,Petr Mirvald,24/25,2025,1,0.5330612050216981,1,0
1103456,Marcell Nemes,24/25,2025,0,0.5330385893925166,1,1
503854,Joel Grodowski,24/25,2025,0,0.5329907103512721,1,1
808901,Leandro Frroku,24/25,2025,0,0.5329790892752617,1,1
553772,Oleksandr Romanchuk,24/25,2025,1,0.5329778124708908,1,0
461903,João Silva,24/25,2025,0,0.5329774961154257,1,1
472176,Salvatore Boccia,24/25,2025,0,0.5329667921810074,1,1
337043,Leonard Langhans,24/25,2025,0,0.532965169619992,1,1
418173,Djihad Bizimana,24/25,2025,0,0.5329477916800446,1,1
668951,Matías Soulé,24/25,2025,0,0.5329469387485064,1,1
680322,Samuel Nnoshiri,24/25,2025,1,0.5328999485060077,1,0
736340,Mattia Pretato,24/25,2025,0,0.5328885205378903,1,1
134608,Hélder Tavares,24/25,2025,0,0.5328783379241785,1,1
172323,Cameron Howieson,24/25,2025,0,0.5328480856915043,1,1
397257,Luca Giudici,24/25,2025,1,0.5328437377948488,1,0
415525,Kanya Fujimoto,24/25,2025,1,0.5328224753241135,1,0
254683,Giorgio Conrotto,24/25,2025,1,0.5328044103121116,1,0
156715,Marco Thiede,24/25,2025,1,0.5327952741156124,1,0
74230,Pablo Sarabia,24/25,2025,1,0.532793969363384,1,0
602767,Justin Forst,24/25,2025,1,0.5327874616813323,1,0
313477,Paolo Ghiglione,24/25,2025,1,0.5327844283506517,1,0
146680,Andrea Barberis,24/25,2025,1,0.5327820114408429,1,0
1052420,Aboubaka Soumahoro,24/25,2025,0,0.5327761015776081,1,1
993353,Kaloyan Pehlivanov,24/25,2025,0,0.5327700835358877,1,1
966681,Alex Henderson,24/25,2025,0,0.5327657274844241,1,1
195192,Marco Manetta,24/25,2025,1,0.5327223993179271,1,0
854697,Georgi Karakashev,24/25,2025,1,0.5327058840205092,1,0
324321,Bernard Mensah,24/25,2025,1,0.5327040403538806,1,0
503865,Alexander Jensen,24/25,2025,0,0.5326443619521393,1,1
169681,Frederico Venâncio,24/25,2025,0,0.5326404599809571,1,1
149526,Marco Crimi,24/25,2025,1,0.532605909904068,1,0
655525,Yeferson Paz,24/25,2025,0,0.5325946023919669,1,1
528040,Milan Obradovic,24/25,2025,1,0.5325872396814482,1,0
570651,Amiro Amadou,24/25,2025,0,0.5325821495080111,1,1
337812,Julijan Popović,24/25,2025,1,0.5325623912349048,1,0
1163461,Jack Shepherd,24/25,2025,0,0.5325539696830756,1,1
439488,Diego Díaz,24/25,2025,0,0.5325409235241249,1,1
214316,Luciano Vietto,24/25,2025,0,0.5325311976820083,1,1
949343,Davide Avdullari,24/25,2025,1,0.5325151418106308,1,0
164489,Szymon Sobczak,24/25,2025,0,0.5325126900513875,1,1
283214,Mathias Kristensen,24/25,2025,0,0.5324458627296587,1,1
256118,Saber Hraiech,24/25,2025,1,0.5324336926131013,1,0
718232,Abdoulaye Kamara,24/25,2025,1,0.5324232714084212,1,0
491705,Facundo Colidio,24/25,2025,0,0.5324186307840714,1,1
441170,Valentin Rosier,24/25,2025,1,0.5323903976045579,1,0
894688,Joshua Dudock,24/25,2025,1,0.5323872439595932,1,0
624942,Raúl Moro,24/25,2025,1,0.5323769148102148,1,0
815180,Robert Kwasigroch,24/25,2025,1,0.5323734407995572,1,0
829771,Tim Hoops,24/25,2025,1,0.5323722425899643,1,0
923915,Antal Yaakobishvili,24/25,2025,1,0.5323673541514,1,0
1170812,Riccardo Ornaghi,24/25,2025,1,0.5323640045280372,1,0
1146759,Nick Doktorczyk,24/25,2025,0,0.5323638544930827,1,1
1066142,Dominik Pech,24/25,2025,1,0.5323594937682006,1,0
599060,Haik Moussakhanian,24/25,2025,1,0.5323352604242418,1,0
980464,Pedro Igor,24/25,2025,0,0.5323175224834436,1,1
197860,Pedro Rebocho,24/25,2025,0,0.5322958039817226,1,1
448705,Diant Ramaj,24/25,2025,1,0.5322836426307647,1,0
614500,Mattia Sangalli,24/25,2025,0,0.53226534433924,1,1
183836,Dino Hotic,24/25,2025,1,0.5322652807945607,1,0
234286,Mihai Leca,24/25,2025,1,0.5322574613058113,1,0
537375,Simo Bouzaidi,24/25,2025,1,0.5322569432592278,1,0
668552,Darío Sarmiento,24/25,2025,1,0.5322499564605494,1,0
635944,Nico Conesa,24/25,2025,1,0.5322497262389193,1,0
1055871,Paolo De Lucci,24/25,2025,1,0.5322395866659607,1,0
282799,Kaloudis Lemonis,24/25,2025,1,0.5322059509938165,1,0
820375,David Rodríguez,24/25,2025,0,0.5321973231435455,1,1
228917,Jorge Miramón,24/25,2025,0,0.5321972310354464,1,1
210631,Davide Zagnoni,24/25,2025,0,0.532168117456401,1,1
627213,Gabriel Pereira,24/25,2025,0,0.5321557199832079,1,1
386148,Joe Quigley,24/25,2025,1,0.5321547615536129,1,0
696822,Emir Kuhinja,24/25,2025,0,0.5321453831465214,1,1
929715,Connor O'Riordan,24/25,2025,1,0.5321410184738489,1,0
820013,Péter Szalai,24/25,2025,0,0.5321316543867055,1,1
238367,Cassiano,24/25,2025,0,0.5321279047917696,1,1
663128,Luka Damjanovic,24/25,2025,1,0.5321036531495907,1,0
92870,Emanuele Gatto,24/25,2025,1,0.5320986454711772,1,0
318507,Paul Bernardoni,24/25,2025,1,0.5320978232331343,1,0
817028,Angelo Rechichi,24/25,2025,1,0.5320919087205468,1,0
157543,Dimitrios Kourbelis,24/25,2025,0,0.5320861214050358,1,1
916332,Adolfo González,24/25,2025,1,0.5320467590571705,1,0
696687,Hugo Neves,24/25,2025,1,0.5320324179397488,1,0
346309,Morgan Faßbender,24/25,2025,0,0.5320256443186746,1,1
402581,Thomas Rodríguez,24/25,2025,0,0.5320120388813077,1,1
723823,Vlad Rafailă,24/25,2025,1,0.532010568015117,1,0
1241188,Laurenz Pölking,24/25,2025,0,0.5319919988717384,1,1
816897,Lorenzo Podda,24/25,2025,1,0.5319885782737179,1,0
1182169,Roberto Berizzi,24/25,2025,1,0.5319809448833865,1,0
264848,Rúben Lameiras,24/25,2025,0,0.5319744795142151,1,1
493000,Sebastián Villa,24/25,2025,0,0.5319666695604593,1,1
1050212,Nayrobi Vargas,24/25,2025,0,0.5319325175955651,1,1
259183,Serhat Koruk,24/25,2025,0,0.5319306440023518,1,1
117518,Aykut Özer,24/25,2025,1,0.5319295769922556,1,0
516038,Kai Merk,24/25,2025,1,0.5319239968038915,1,0
548802,John Liebelt,24/25,2025,0,0.5319186321887988,1,1
983491,Matteo Corsa,24/25,2025,1,0.5319111317599993,1,0
622258,Lukas Raab,24/25,2025,1,0.5318767114296981,1,0
62750,Giacomo Rosaia,24/25,2025,0,0.531876315793013,1,1
290273,Álvaro Tejero,24/25,2025,1,0.5318760471514686,1,0
287640,Andrea Gemignani,24/25,2025,1,0.5318713485265667,1,0
116772,Niklas Brandt,24/25,2025,1,0.5318514993419565,1,0
433447,Zak Ruggiero,24/25,2025,1,0.5318450801720629,1,0
333516,Sebastian Vasiliadis,24/25,2025,0,0.5318182454648166,1,1
726697,Cristian Devenish,24/25,2025,0,0.531794412130916,1,1
1187297,Nelson Zaba,24/25,2025,1,0.5317761643462396,1,0
394304,Manolo Portanova,24/25,2025,1,0.5317648614605686,1,0
166959,Mustafa Saymak,24/25,2025,0,0.5317564438598305,1,1
319171,Andrea Danzi,24/25,2025,1,0.5317463421110522,1,0
178107,Michael Santos,24/25,2025,0,0.5316683639581269,1,1
341295,Tyler Walker,24/25,2025,1,0.5316583683607071,1,0
467992,Samuele Ricci,24/25,2025,1,0.5316556734298087,1,0
99003,Odise Roshi,24/25,2025,1,0.5316474083811014,1,0
441079,Mauro Cerutti,24/25,2025,1,0.5316261592907073,1,0
1057995,Yao Jean Charles,24/25,2025,0,0.5316186837558952,1,1
369162,Lamar Yarbrough,24/25,2025,0,0.5316180612406948,1,1
199257,László Pekár,24/25,2025,0,0.5316082127153937,1,1
495963,Richie Musaba,24/25,2025,0,0.5315933391322225,1,1
741090,Jonas Rouhi,24/25,2025,0,0.5315830157963971,1,1
567475,Andrea Ceresoli,24/25,2025,1,0.5315774532806365,1,0
118317,Afonso Taira,24/25,2025,1,0.5315345653386354,1,0
334802,Jan Kuchta,24/25,2025,1,0.5315191782763437,1,0
706822,Roshaun Mathurin,24/25,2025,1,0.5315190970145053,1,0
332823,Adrian Justinussen,24/25,2025,0,0.531511178071606,1,1
815346,Nathan Gassama,24/25,2025,0,0.5314963888410907,1,1
318426,Ivan Ignatjev,24/25,2025,1,0.5314942303849757,1,0
264992,Andreas Makris,24/25,2025,0,0.5314843574147826,1,1
988300,Marwan Chafaa,24/25,2025,1,0.5314820680348536,1,0
926995,Amar Diagne,24/25,2025,0,0.5314457043389427,1,1
1164260,Edin Etoski,24/25,2025,0,0.5314381490784662,1,1
496995,Gergő Major,24/25,2025,1,0.531437143828777,1,0
284055,Tim Kießling,24/25,2025,1,0.5314298669040862,1,0
1231367,Filippo Pedone,24/25,2025,1,0.5314125079161258,1,0
448395,Giulio Favale,24/25,2025,0,0.5314105976959134,1,1
839789,Bálint Szabó,24/25,2025,0,0.531402286456124,1,1
645774,Eren Dinkçi,24/25,2025,0,0.5313974564446892,1,1
174733,Omar Colley,24/25,2025,1,0.5313963488411676,1,0
292417,Demarai Gray,24/25,2025,1,0.5313883881657326,1,0
696246,Patrik Mijic,24/25,2025,0,0.5313875553180694,1,1
281791,Damian Węglarz,24/25,2025,0,0.5313805106130981,1,1
255468,Adam Andersson,24/25,2025,1,0.5313747898251203,1,0
910867,Wiktor Matyjewicz,24/25,2025,0,0.5313712440078964,1,1
357987,Leonardo Stanzani,24/25,2025,0,0.5313633235119635,1,1
697144,Burak İnce,24/25,2025,1,0.5313580094795949,1,0
501131,Ali Youssef,24/25,2025,0,0.5313515635723948,1,1
353403,Samuel Moutoussamy,24/25,2025,1,0.531328553551669,1,0
372711,Amine Harit,24/25,2025,1,0.5313177271200189,1,0
486132,Júnior Mendieta,24/25,2025,1,0.5312993926718451,1,0
1295909,Abdul Moro,24/25,2025,0,0.5312984204622156,1,1
158791,Sergio Postigo,24/25,2025,0,0.5312888711407536,1,1
418557,Johan Hove,24/25,2025,0,0.5312860555606816,1,1
124517,Sebastian Kerk,24/25,2025,1,0.5312762063938351,1,0
707329,Tomas Schanelec,24/25,2025,0,0.5312751259088057,1,1
167826,Luca Verna,24/25,2025,1,0.5312728771384367,1,0
620156,Denis Vala,24/25,2025,0,0.5312449522473263,1,1
221984,David Forniés,24/25,2025,0,0.5312434315860296,1,1
1080421,Ieuan Owen,24/25,2025,0,0.5312203629861456,1,1
261056,Giacomo Ricci,24/25,2025,1,0.5311307540203895,1,0
339023,Matty Stevens,24/25,2025,0,0.5311296427200495,1,1
569866,Roberto López,24/25,2025,0,0.5311199450451162,1,1
354664,Junior Flemmings,24/25,2025,0,0.5311097316780354,1,1
909737,Matías Galarza,24/25,2025,0,0.531092931403115,1,1
926193,Luiz Labenz,24/25,2025,1,0.5310664169467244,1,0
524216,Ibrahim Tomiwa,24/25,2025,0,0.5310647997124098,1,1
275020,Héber Pena,24/25,2025,1,0.5310468518950686,1,0
185817,Jizz Hornkamp,24/25,2025,0,0.5310432176258983,1,1
329135,Petar Lela,24/25,2025,1,0.5310413480968917,1,0
366047,Yankuba Jarju,24/25,2025,1,0.5310399683313831,1,0
457620,Vasilios Athanasiou,24/25,2025,1,0.5310380824323513,1,0
807034,Marco Schabauer,24/25,2025,1,0.5310164670886501,1,0
415970,Joe Worrall,24/25,2025,0,0.5309971683656116,1,1
746892,Giuseppe Simone,24/25,2025,0,0.530995312357597,1,1
597165,Samuel Teles,24/25,2025,1,0.5309757442033317,1,0
1229846,Daniel Michel,24/25,2025,1,0.5309405600186575,1,0
433652,Benjamin Kimpioka,24/25,2025,1,0.5309339929242645,1,0
634429,Iker Piedra,24/25,2025,1,0.5309064732868797,1,0
668267,Marcos Leonardo,24/25,2025,0,0.5309023429766125,1,1
947115,Xavi Grande,24/25,2025,1,0.530893049122956,1,0
816590,Uche Obiogumu,24/25,2025,1,0.5308708434104626,1,0
158569,Marco Spinosa,24/25,2025,1,0.530864396984253,1,0
935757,Daniel Holasek,24/25,2025,0,0.5308617105271088,1,1
158120,Ismael Tajouri-Shradi,24/25,2025,1,0.5308597781204586,1,0
214247,Sebastián Gorga,24/25,2025,1,0.5308474426977638,1,0
696164,Tim Oermann,24/25,2025,1,0.5308397465344926,1,0
383008,Daniel Azevedo,24/25,2025,0,0.5308387960651288,1,1
215679,Georges-Kevin N'Koudou,24/25,2025,1,0.5307053017443231,1,0
339982,Bright Gyamfi,24/25,2025,1,0.5307033977702174,1,0
518152,Tobias Peitz,24/25,2025,1,0.5306853759674867,1,0
356474,Leon Augusto,24/25,2025,0,0.5306644761033369,1,1
343332,Stefano Russo,24/25,2025,0,0.5306619823331757,1,1
543382,Mohamed Camara,24/25,2025,0,0.5306409531012681,1,1
340435,Eros De Santis,24/25,2025,1,0.5306373162009492,1,0
1063448,Ilias Elyazidi,24/25,2025,1,0.5306264852217615,1,0
851725,Ivan Tasev,24/25,2025,0,0.5306189333802737,1,1
324803,Nicolas Janvier,24/25,2025,0,0.5306163456889279,1,1
33829,José Fonte,24/25,2025,0,0.5305941568611128,1,1
529315,Alexander Muci,24/25,2025,1,0.5305828774387773,1,0
159838,Yoann Barbet,24/25,2025,0,0.5305822441271636,1,1
84535,Eduardo Salvio,24/25,2025,0,0.5305791815181684,1,1
528245,Dorian Cevis,24/25,2025,0,0.5305615481909043,1,1
157478,Rufat Dadashov,24/25,2025,0,0.5305514885176011,1,1
280387,Vincent Sierro,24/25,2025,1,0.5305309146462088,1,0
994017,Mirco Moretti,24/25,2025,1,0.530525081800365,1,0
1035504,Nikolas Penev,24/25,2025,1,0.5305243923729552,1,0
817521,Maximilian Kinzig,24/25,2025,0,0.5305120361420179,1,1
280088,Juan Gargiulo,24/25,2025,0,0.53050958368185,1,1
658674,Luan Patrick,24/25,2025,1,0.5305011524358533,1,0
240310,Matteo Gaiani,24/25,2025,1,0.5304901140237587,1,0
502062,D'Margio Wright-Phillips,24/25,2025,0,0.5304879500419559,1,1
80197,Salomón Rondón,24/25,2025,1,0.5304713837360344,1,0
800028,Alexandros Kedikoglou,24/25,2025,0,0.5304620298917484,1,1
295024,Samet Akaydin,24/25,2025,0,0.5304535236461754,1,1
461843,Juan Berrocal,24/25,2025,1,0.5304213684920513,1,0
805287,Blaise Tsague,24/25,2025,0,0.5304211539096644,1,1
291423,Giorgio Piacentini,24/25,2025,0,0.530420638866007,1,1
630752,Óli Valur Ómarsson,24/25,2025,0,0.5304172824592777,1,1
450196,Ugochukwu Oduenyi,24/25,2025,1,0.5304047989301743,1,0
421764,Matteo Cardinali,24/25,2025,0,0.5303501716522124,1,1
481344,Alessandro Russo,24/25,2025,1,0.5302706505499298,1,0
961297,Rodrigo Mendoza,24/25,2025,0,0.5302653224666617,1,1
1025744,Rafael Vlăsceanu,24/25,2025,1,0.5302626366924658,1,0
228405,Serhat Kot,24/25,2025,1,0.5302513344172662,1,0
498171,Alexander Ahl-Holmström,24/25,2025,0,0.5302249534699742,1,1
1075876,Alessandro Sassaro,24/25,2025,1,0.5302202227276684,1,0
74297,Gaël Kakuta,24/25,2025,0,0.5302167426849311,1,1
537367,Alfonso Pastor,24/25,2025,1,0.5302102696036854,1,0
1165327,Lorenzo Bosia,24/25,2025,1,0.5301911733075736,1,0
1061527,Bobby Pointon,24/25,2025,0,0.5300993896204347,1,1
684061,Lucas Soares,24/25,2025,0,0.5300600162527513,1,1
626854,Kevin Höög Jansson,24/25,2025,0,0.5300514958708876,1,1
977753,Giuseppe Balzano,24/25,2025,0,0.5300268495845871,1,1
195611,Alexander Siebeck,24/25,2025,0,0.5300079000558668,1,1
549582,Chris Conn-Clarke,24/25,2025,0,0.5299874758248012,1,1
173589,Viktor Klonaridis,24/25,2025,1,0.529981868102971,1,0
535740,Giuseppe Ciocci,24/25,2025,0,0.5299684983410502,1,1
981485,Luis Córdova,24/25,2025,0,0.5299467251568195,1,1
911465,Joshua Krüger,24/25,2025,0,0.5299181003702849,1,1
328573,Barnabás Varga,24/25,2025,0,0.5299097045035146,1,1
1022312,Jure Marinovich,24/25,2025,0,0.5299089588856736,1,1
929467,Kamil Jakubczyk,24/25,2025,0,0.5298982979940575,1,1
1201233,Cade Melrose,24/25,2025,0,0.529879263518137,1,1
531679,Ethan Laird,24/25,2025,0,0.5298580718986483,1,1
393284,Emmanuel Osadebe,24/25,2025,1,0.5298407485647515,1,0
877872,Ben Hughes,24/25,2025,1,0.5298393814112041,1,0
502245,Dion De Neve,24/25,2025,1,0.5298055016892839,1,0
220978,Andrea Gasbarro,24/25,2025,1,0.5297906264817034,1,0
282410,José Carlos Lazo,24/25,2025,0,0.5297855199888267,1,1
730581,Loïc Badé,24/25,2025,1,0.5297667929642131,1,0
1319849,Abdullah Mansour Al-Rashidi,24/25,2025,0,0.5297326376640464,1,1
61694,Neil Etheridge,24/25,2025,0,0.5297263244799731,1,1
970266,Steven Hall,24/25,2025,0,0.5297222234070109,1,1
628463,Adrián Gómez,24/25,2025,1,0.5296968417590423,1,0
470815,Niklas Tauer,24/25,2025,0,0.5296781700581207,1,1
497825,Guillaume Yenoussi,24/25,2025,0,0.5296747796983206,1,1
530166,Stylianos Kokovas,24/25,2025,0,0.5296727670203347,1,1
1124243,Lorenzo Ceppi,24/25,2025,1,0.5296680603954597,1,0
339919,Iliya Yurukov,24/25,2025,1,0.5296574412846338,1,0
501794,Jannik Rochelt,24/25,2025,0,0.5296550562112734,1,1
167228,Raúl Lizoain,24/25,2025,0,0.5296353889618705,1,1
692121,Robert Filip,24/25,2025,1,0.5296297565641228,1,0
666467,Marco Rus,24/25,2025,0,0.5296144806383658,1,1
244930,Hikmet Çiftçi,24/25,2025,0,0.5296039628269341,1,1
265289,Alberto Jiménez,24/25,2025,0,0.5295680807739362,1,1
423436,Santiago Ascacíbar,24/25,2025,0,0.5295586650240154,1,1
250013,Angelo Fulgini,24/25,2025,1,0.5295432876920524,1,0
703007,Andreas Karamanolis,24/25,2025,1,0.5295171475203804,1,0
1049322,Rodrick Tcheuna,24/25,2025,0,0.5295103362084665,1,1
710865,Dominik Csontos,24/25,2025,0,0.5295034089875748,1,1
924759,Luca Lechner,24/25,2025,1,0.5294932020856187,1,0
289228,Eduart Rroca,24/25,2025,0,0.5294838639316478,1,1
700992,Giacomo Ruggeri,24/25,2025,1,0.5294707106045572,1,0
205054,Norbert Gyömbér,24/25,2025,0,0.5294392896739462,1,1
221421,Kleis Bozhanaj,24/25,2025,1,0.5294348495673262,1,0
948047,Francesco Plaia,24/25,2025,1,0.5294276550535449,1,0
113400,Aubrey David,24/25,2025,0,0.5294265981986208,1,1
902200,Jesse Khan,24/25,2025,0,0.5293956063411009,1,1
187329,Sandy Walsh,24/25,2025,1,0.529378648326251,1,0
826528,Federico Gomes Gerth,24/25,2025,1,0.5293746189215747,1,0
245070,Alen Ozbolt,24/25,2025,0,0.5293721941218875,1,1
192731,Jakub Holubek,24/25,2025,0,0.5293077064405474,1,1
193724,Vito Hammershöy-Mistrati,24/25,2025,0,0.5293035150110047,1,1
682719,Simão Rocha,24/25,2025,0,0.5292984016765646,1,1
91949,Trigueira,24/25,2025,0,0.529292380177641,1,1
573133,Charlie McCann,24/25,2025,1,0.5292801772627456,1,0
215213,Aleksandr Vasyutin,24/25,2025,0,0.5292763834848095,1,1
448058,Giannis Papanikolaou,24/25,2025,0,0.5292680624591855,1,1
329324,Johannes Dörfler,24/25,2025,0,0.5292634463748194,1,1
663244,Jota Silva,24/25,2025,1,0.5292517811875117,1,0
365449,Xian Emmers,24/25,2025,1,0.5292506508389305,1,0
565523,Edu Espiau,24/25,2025,1,0.5292369730606589,1,0
808452,Jack Milne,24/25,2025,0,0.5292325412309319,1,1
222007,Bernard Kyere,24/25,2025,1,0.5292294164862924,1,0
593934,Nuno Rodrigues,24/25,2025,0,0.5292282648729822,1,1
172015,Fernando Pacheco,24/25,2025,1,0.5292240835944898,1,0
953514,Jeremy Rebibo,24/25,2025,0,0.5292149822499251,1,1
1069756,Mitchell Bates,24/25,2025,1,0.5292000563344789,1,0
525385,Tobias Dombrowa,24/25,2025,0,0.5291964760335515,1,1
101345,Pasquale Maiorino,24/25,2025,0,0.529195046749729,1,1
1009618,Aljaz Strajnar,24/25,2025,1,0.5291720085819448,1,0
72505,Thomas Meißner,24/25,2025,0,0.5291368382522471,1,1
417346,Jack Harrison,24/25,2025,0,0.5291133023744458,1,1
1168861,Faton Ademi,24/25,2025,0,0.5291059875058479,1,1
486604,Vitezslav Jaros,24/25,2025,1,0.5291053226532728,1,0
655629,Fotis Pseftis,24/25,2025,0,0.529088414377791,1,1
190442,Alan Ruiz,24/25,2025,1,0.5290761300609587,1,0
647323,Hiran Ahmed,24/25,2025,1,0.5290515191542371,1,0
229265,Luca Ferri,24/25,2025,0,0.5290301885423387,1,1
621997,Cieran Slicker,24/25,2025,1,0.5290240090202833,1,0
357868,Benjamin Kabeya,24/25,2025,0,0.5290221727346701,1,1
1182220,Tommaso Scartabelli,24/25,2025,1,0.5290210397477667,1,0
140776,Yannick Carrasco,24/25,2025,0,0.5290169655144862,1,1
1059678,Luca Horst,24/25,2025,1,0.5290079758790623,1,0
289553,Xavier Gies,24/25,2025,1,0.529003734731257,1,0
183720,Anwar El Ghazi,24/25,2025,1,0.5289971612458649,1,0
270988,Ben Purrington,24/25,2025,1,0.5289897759555204,1,0
461505,Ricardo Silva,24/25,2025,1,0.5289794654697034,1,0
673976,Anders Hoff,24/25,2025,0,0.5289724654549273,1,1
654723,Bogdan Shubin,24/25,2025,0,0.5289721314859049,1,1
1218115,Oumar Conté,24/25,2025,1,0.5289580937815637,1,0
1099350,Dan Barton,24/25,2025,1,0.5289440549043877,1,0
199564,Michele Calì,24/25,2025,0,0.528936440367081,1,1
690479,Stefan Vukic,24/25,2025,1,0.5289266320096958,1,0
1055864,Simone Verdosci,24/25,2025,1,0.5289256722001496,1,0
289843,Sean Goss,24/25,2025,0,0.5289251955973168,1,1
452165,Manoubi Haddad,24/25,2025,0,0.5289068086950911,1,1
317742,Nils Lihsek,24/25,2025,1,0.5288959300333163,1,0
253734,Ismael Silva,24/25,2025,0,0.5288947079182268,1,1
744903,Ieltsin Camões,24/25,2025,0,0.5288882502420704,1,1
693342,Martin Achkov,24/25,2025,0,0.5288824338115855,1,1
373876,Robert Ivanov,24/25,2025,1,0.5288756743239154,1,0
704682,Marco Forapani,24/25,2025,0,0.5288721707865626,1,1
885858,Riccardo De Zen,24/25,2025,0,0.5288290970066367,1,1
152733,Onur Bulut,24/25,2025,1,0.5288206351826135,1,0
238809,Florent Hadergjonaj,24/25,2025,0,0.5288055145298195,1,1
460800,Ilian Iliev,24/25,2025,0,0.5287899103211398,1,1
1061660,Selvi Clua,24/25,2025,0,0.5287664965137407,1,1
196435,Saidy Janko,24/25,2025,0,0.5287484918015373,1,1
528515,Maximilian Großer,24/25,2025,0,0.5287327488695106,1,1
318058,Manuel Nicoletti,24/25,2025,1,0.5287264891416339,1,0
538964,Thijs Dallinga,24/25,2025,0,0.5287243280225304,1,1
618805,Iker Bachiller,24/25,2025,1,0.5287238658925972,1,0
664875,Rilind Kabashi,24/25,2025,1,0.5286801330982157,1,0
491946,Paya Pichkah,24/25,2025,0,0.5286590888826519,1,1
975139,Wilmer Olofsson,24/25,2025,1,0.5286494611579222,1,0
169460,Turgay Gemicibaşı,24/25,2025,1,0.5286285681914363,1,0
381706,Arvid Brorsson,24/25,2025,0,0.528589112665139,1,1
345590,Jens Odgaard,24/25,2025,0,0.5285860056623647,1,1
1056392,Jakub Greliak,24/25,2025,1,0.5285756514743213,1,0
666563,Kelvin John,24/25,2025,0,0.5285217627228492,1,1
395740,Samuele Rosano,24/25,2025,0,0.5285144478900791,1,1
339584,Robert Mudrazija,24/25,2025,1,0.5285088109418044,1,0
832326,Romualdas Jansonas,24/25,2025,1,0.528502930605795,1,0
589753,Ilija Masic,24/25,2025,0,0.5284385211954302,1,1
272618,Teddy Bouriaud,24/25,2025,0,0.5284166233964817,1,1
234499,Frédéric Maciel,24/25,2025,1,0.5284008426673931,1,0
75489,Niclas Füllkrug,24/25,2025,0,0.528396533405995,1,1
131357,Pedro Capó,24/25,2025,1,0.5283514249677329,1,0
351216,Manel Royo,24/25,2025,1,0.5283315696505405,1,0
264011,Gergő Rácz,24/25,2025,0,0.5283269942835368,1,1
1159662,Ellis Williams,24/25,2025,0,0.5283185447833312,1,1
734736,Hassimi Fadiga,24/25,2025,1,0.5283100294196645,1,0
411179,Mika Schneider,24/25,2025,0,0.5283059089323016,1,1
402911,Stefano Rossoni,24/25,2025,0,0.5282865574773379,1,1
1056753,Davide Finizio,24/25,2025,1,0.5282789320539345,1,0
339235,Tom McIntyre,24/25,2025,1,0.5282687097796793,1,0
1279326,Othman Faridi,24/25,2025,0,0.5282651869166344,1,1
336974,Makana Baku,24/25,2025,0,0.5282640062026738,1,1
591375,Stiven Plaza,24/25,2025,1,0.5282635373490475,1,0
607914,Johan Kury,24/25,2025,1,0.5282446364981599,1,0
277033,David Brooks,24/25,2025,0,0.5282410908009573,1,1
484703,Michael Liguori,24/25,2025,1,0.5282343280143202,1,0
416380,Ragnar Ache,24/25,2025,1,0.528198008229213,1,0
707550,Fabrizio Cavegn,24/25,2025,1,0.5281969841921705,1,0
750877,Milan Silva Rasmussen,24/25,2025,1,0.5281938660856753,1,0
225963,Lautaro Giannetti,24/25,2025,1,0.5281834709917981,1,0
377042,Michael Folorunsho,24/25,2025,1,0.5281745114102334,1,0
679680,Julian Bell,24/25,2025,1,0.528170671160672,1,0
649765,Ákos Király,24/25,2025,0,0.5281684429300298,1,1
417669,Christos Kountouriotis,24/25,2025,1,0.5281646960754509,1,0
412607,Eoin Toal,24/25,2025,0,0.5281495564191927,1,1
56898,Salvatore Caturano,24/25,2025,1,0.5281427276998623,1,0
458499,Vasilios Tsimopoulos,24/25,2025,0,0.5281183430508942,1,1
272786,Gábor Megyeri,24/25,2025,0,0.5281134848146848,1,1
178469,Michael Krmencik,24/25,2025,0,0.5281074081323316,1,1
369078,Rahil Mammadov,24/25,2025,1,0.5281017184479027,1,0
1008564,Billy van Duijl,24/25,2025,0,0.5281000616900218,1,1
1022491,Stephan Wemakor,24/25,2025,1,0.5280989851972433,1,0
621933,Clemens Steinbauer,24/25,2025,1,0.5280866438601363,1,0
842341,Maxime Estève,24/25,2025,0,0.5280764703351213,1,1
131821,Thomas Lam,24/25,2025,0,0.5280752426357017,1,1
740102,Mateja Djordjević,24/25,2025,1,0.5280742612955845,1,0
645955,Rick,24/25,2025,0,0.5280458654400021,1,1
232296,Ramon Machado,24/25,2025,0,0.528013644770253,1,1
269558,Kwame Bonsu,24/25,2025,1,0.5279822395241951,1,0
951296,Christos Almyras,24/25,2025,1,0.5279736522639059,1,0
524428,Nicolas Galazzi,24/25,2025,1,0.5279350928806493,1,0
710653,Iker Alday,24/25,2025,1,0.5279108773381291,1,0
210178,Pablo Marí,24/25,2025,0,0.5279080881534497,1,1
917120,Tanguy Zoukrou,24/25,2025,0,0.5279013425008128,1,1
929130,Mathijs Menu,24/25,2025,0,0.5278947435656971,1,1
724062,Mario Pejazic,24/25,2025,1,0.5278841608043255,1,0
572299,Iago López,24/25,2025,1,0.5278814578475078,1,0
236734,Axel Werner,24/25,2025,1,0.527846614323562,1,0
624905,Ramón Vila,24/25,2025,1,0.5278093216278926,1,0
631278,Abbas Ibrahim,24/25,2025,0,0.5278056763972682,1,1
189640,Michal Travnik,24/25,2025,0,0.5277912634258914,1,1
646701,Prince Aning,24/25,2025,0,0.5277718556588846,1,1
94964,Bentley Baxter Bahn,24/25,2025,0,0.5277674018158888,1,1
654511,Yuya Yoshimura,24/25,2025,1,0.52775026971273,1,0
203645,Manuel Martic,24/25,2025,1,0.5277446827111816,1,0
457420,Matteo Figoli,24/25,2025,0,0.5277113736504238,1,1
692338,Devin Angleberger,24/25,2025,0,0.5277090677827327,1,1
794115,Che Krabbendam,24/25,2025,1,0.5277064051028711,1,0
526873,Jake Eastwood,24/25,2025,1,0.5276965559230055,1,0
218431,Amir Abedzadeh,24/25,2025,0,0.5276654694766258,1,1
245993,Fabio Ramon Tomassini,24/25,2025,0,0.5276270132556293,1,1
584087,Roni Arabaci,24/25,2025,1,0.5276032587786758,1,0
192239,Ryan Williams,24/25,2025,0,0.5276000846185378,1,1
877257,Mattia Leoncini,24/25,2025,1,0.5275967923278885,1,0
1056273,Edoardo Negri,24/25,2025,1,0.5275949113441322,1,0
196226,Mehmet Kurt,24/25,2025,0,0.5275742075232026,1,1
470375,Mateusz Zukowski,24/25,2025,1,0.527574017312898,1,0
804885,Martin Expérience,24/25,2025,0,0.5275191789396259,1,1
1162160,Maher Carrizo,24/25,2025,0,0.5275113595439809,1,1
810888,Ken Tchouangue,24/25,2025,1,0.5275026911525336,1,0
744278,Benjamín Rojas,24/25,2025,1,0.5275006680809392,1,0
1102496,Aleksandr Shvedchikov,24/25,2025,1,0.5274987668067223,1,0
120029,Džiugas Bartkus,24/25,2025,1,0.5274935388665714,1,0
74228,Marc Muniesa,24/25,2025,0,0.5274676828294894,1,1
326921,Christopher Lannert,24/25,2025,0,0.5274523591603774,1,1
699418,Jakub Kaluzinski,24/25,2025,1,0.5274487349959223,1,0
296281,Milan Vusurovic,24/25,2025,1,0.5274334307641669,1,0
379820,Francesco Mazzavillani,24/25,2025,0,0.5274328329029119,1,1
89086,Aleksandr Kokorin,24/25,2025,0,0.5274121107611395,1,1
1182468,Darius Băncilă,24/25,2025,1,0.5274056068907031,1,0
1035864,Leon Mergner,24/25,2025,0,0.5274007759267966,1,1
721468,Víctor Morales,24/25,2025,1,0.5273878524162903,1,0
463760,Ethan Erhahon,24/25,2025,1,0.5273574811663632,1,0
1175463,Cassiano Bouzon,24/25,2025,1,0.5273464328055274,1,0
1202299,Nadir El Jamali,24/25,2025,0,0.5273447167949694,1,1
404604,Patrik Blahut,24/25,2025,0,0.527326289309646,1,1
956590,Bence Somfalvi,24/25,2025,1,0.5273173848722394,1,0
442493,Kornél Csernik,24/25,2025,1,0.5273106872930297,1,0
643725,Stefano Molinari,24/25,2025,1,0.527300382022064,1,0
297034,Ilya Petrov,24/25,2025,0,0.5272799264423034,1,1
640245,Will Fish,24/25,2025,0,0.5272209481535779,1,1
123579,Torben Rehfeldt,24/25,2025,1,0.5272203849663725,1,0
182877,Anthony Martial,24/25,2025,1,0.527215737443646,1,0
715140,Emerson Rodríguez,24/25,2025,0,0.527203323452096,1,1
882980,Mattia Benvenuto,24/25,2025,1,0.5271946981308884,1,0
283196,Kasper Dolberg,24/25,2025,1,0.527183690735499,1,0
469762,Agustín Cardozo,24/25,2025,0,0.5271802749564516,1,1
481834,Andrea Carboni,24/25,2025,0,0.5271791147719381,1,1
610607,Jakub Surovcik,24/25,2025,0,0.5271727582703006,1,1
653401,Isaak Akritidis,24/25,2025,0,0.5271602072845262,1,1
85908,Luca Dürholtz,24/25,2025,1,0.5271596609425571,1,0
924901,Halid Djankpata,24/25,2025,1,0.5271448046335446,1,0
254487,Jean Luc Assoubre,24/25,2025,1,0.5271289855265667,1,0
78956,Driss Fettouhi,24/25,2025,0,0.5271251851138528,1,1
993228,Josh Lock,24/25,2025,1,0.5271163118490022,1,0
815550,Andrea Bartoccioni,24/25,2025,0,0.5271157741048792,1,1
967523,Aaron Reid,24/25,2025,0,0.5271078824585029,1,1
564049,Steve Seddon,24/25,2025,1,0.5271046573377963,1,0
136641,Dimitrios Diamantakos,24/25,2025,1,0.527098135013035,1,0
56853,Federico Casarini,24/25,2025,0,0.5270857150509071,1,1
124769,Luca Marrone,24/25,2025,0,0.5270804316349195,1,1
434433,Nikola Krstović,24/25,2025,1,0.5270634704071417,1,0
906902,Elliott Nevitt,24/25,2025,0,0.5270453786523405,1,1
530032,Quaresma,24/25,2025,0,0.5270319089060499,1,1
1001554,Berkay Aslan,24/25,2025,1,0.527029863937879,1,0
183538,Ivan Goranov,24/25,2025,1,0.5270259142090583,1,0
596998,Felix Meyer,24/25,2025,0,0.5270228946844133,1,1
597106,Luiz Gustavo,24/25,2025,1,0.527002744005635,1,0
901019,Neil El Aynaoui,24/25,2025,1,0.5269935143482647,1,0
884809,Luke Rahmann,24/25,2025,1,0.5269681441811753,1,0
1046867,Jan Ziolkowski,24/25,2025,1,0.5269636595147122,1,0
729536,Federico Agazzi,24/25,2025,0,0.5269505721026064,1,1
540329,Tomas Frühwald,24/25,2025,0,0.5269425872146519,1,1
316934,Nikola Moro,24/25,2025,0,0.5269410292328847,1,1
540059,Andreas Athanasakopoulos,24/25,2025,1,0.5269158241085573,1,0
386752,Ryan Wintle,24/25,2025,0,0.5269060303764367,1,1
153678,Kingsley Schindler,24/25,2025,1,0.5269055744752086,1,0
836804,Tarek Aggoun,24/25,2025,0,0.5269042500257216,1,1
477930,Rıdvan Yılmaz,24/25,2025,1,0.5268791779258813,1,0
1127727,Simone Pirani,24/25,2025,1,0.5268722422772564,1,0
348546,Konstantinos Tampas,24/25,2025,0,0.5268418555692561,1,1
128509,Dany Carvajal,24/25,2025,0,0.5268235108359353,1,1
420807,Simranjit Thandi,24/25,2025,1,0.5267958317333583,1,0
61887,Federico Macheda,24/25,2025,0,0.5267406962981072,1,1
995010,Santiago Frasson,24/25,2025,0,0.5267309245555312,1,1
393217,Mert Yılmaz,24/25,2025,1,0.5267226605091391,1,0
232418,Ondrej Duda,24/25,2025,1,0.5267148022251078,1,0
814848,Owen Goodman,24/25,2025,1,0.5267056453758986,1,0
349796,Evren Korkmaz,24/25,2025,0,0.5266931444614998,1,1
64804,Thierry Moutinho,24/25,2025,0,0.5266910149108633,1,1
225929,György Hursán,24/25,2025,0,0.5266841836523126,1,1
632872,Francisco Mwepu,24/25,2025,1,0.5266418434014106,1,0
724031,Angelos Angelopoulos,24/25,2025,0,0.5266181877913775,1,1
696022,Maximilian Neutgens,24/25,2025,0,0.5265964798437557,1,1
216179,Stefano Sensi,24/25,2025,1,0.5265896272577151,1,0
436585,Delano Burgzorg,24/25,2025,0,0.5265875082642529,1,1
353396,Dylan Mboumbouni,24/25,2025,1,0.526576126117727,1,0
192467,Lukas Wilton,24/25,2025,0,0.5265738132761608,1,1
1110073,Nilas Yacobi,24/25,2025,1,0.5265667666008766,1,0
603864,Lewis Miller,24/25,2025,1,0.5265634750458473,1,0
526164,Kristian Kirkegaard,24/25,2025,1,0.5265549278937969,1,0
738046,Ismael Mansaray,24/25,2025,1,0.5265487540210207,1,0
937042,Darius Fălcușan,24/25,2025,1,0.5265464519394224,1,0
1004834,George Ilenikhena,24/25,2025,0,0.5265273351239415,1,1
877131,Rosen Marinov,24/25,2025,1,0.5265159058110878,1,0
102037,Jamal Bhuyan,24/25,2025,0,0.5265150556986194,1,1
934386,Pietro Candelari,24/25,2025,0,0.5265131480871553,1,1
285771,Roger Martínez,24/25,2025,0,0.5265077155825465,1,1
1064546,Andres Labie,24/25,2025,1,0.5264994899607213,1,0
373433,Adryelson,24/25,2025,1,0.5264755573747748,1,0
408311,Andrea Delcarro,24/25,2025,0,0.5264590713438334,1,1
975440,Jacob Aboosah,24/25,2025,0,0.5264518033534965,1,1
621122,Matteo Angeli,24/25,2025,0,0.5264464576713107,1,1
548032,Sandali Condé,24/25,2025,0,0.5264380136021607,1,1
520908,Ekin Celebi,24/25,2025,1,0.5264239784629055,1,0
616142,Jonathan Spedalieri,24/25,2025,0,0.5264206925167786,1,1
411371,Tommaso Nobile,24/25,2025,0,0.5263905315947639,1,1
471641,Ángelo Martino,24/25,2025,1,0.526372939351689,1,0
1027421,Ahmed Khatir,24/25,2025,1,0.5263695158368636,1,0
720524,Alexis Chamorro,24/25,2025,0,0.5263686643129705,1,1
120300,Ivan Knezevic,24/25,2025,0,0.5263624864888596,1,1
237669,Dereck Kutesa,24/25,2025,1,0.5263492408201274,1,0
937952,Javier Fernández,24/25,2025,0,0.5263477708120263,1,1
166275,Grigoriy Morozov,24/25,2025,0,0.5263444197859494,1,1
707530,Ardian Bajrami,24/25,2025,1,0.5263318413607708,1,0
151620,Gergő Nagy,24/25,2025,1,0.5263202364380676,1,0
187778,Ádám Viczián,24/25,2025,0,0.5263170152619596,1,1
198067,Filip Helander,24/25,2025,1,0.5263149580511788,1,0
666614,Clement Ikenna,24/25,2025,0,0.5263028611335008,1,1
924110,Efe Korkut,24/25,2025,0,0.5262903428416438,1,1
334297,Kostandin Kariqi,24/25,2025,0,0.5262870321889408,1,1
528834,Jan Shcherbakovski,24/25,2025,1,0.5262859249923121,1,0
875328,Biel,24/25,2025,1,0.526277573344657,1,0
214775,Óliver Torres,24/25,2025,0,0.5262725276945847,1,1
119115,Diego Falcinelli,24/25,2025,1,0.5262543795617711,1,0
158623,Cyrus Christie,24/25,2025,1,0.5262525143634726,1,0
931938,Dimitrios Grammenos,24/25,2025,1,0.5262467944548878,1,0
197476,Alex Redolfi,24/25,2025,1,0.5262456091848332,1,0
917931,Aaron Bayakala,24/25,2025,0,0.5262419693074558,1,1
720037,Dani González,24/25,2025,1,0.5262339614686052,1,0
671057,Rio Dyer,24/25,2025,0,0.5262327202423848,1,1
66736,Lisandro Magallán,24/25,2025,1,0.5262011561902966,1,0
335245,Marc Navarro,24/25,2025,0,0.5261789842647908,1,1
29559,Guillermo Ochoa,24/25,2025,1,0.5261624131301251,1,0
255755,Alex Telles,24/25,2025,0,0.5261303029711702,1,1
459643,Precious Amayah,24/25,2025,0,0.5261275869567201,1,1
401535,Gabriel Batista,24/25,2025,0,0.5261185458899348,1,1
182870,Fidan Aliti,24/25,2025,0,0.5261180161864127,1,1
187353,Milos Degenek,24/25,2025,0,0.5260931425483145,1,1
456844,Adam Roscrow,24/25,2025,0,0.5260841167270708,1,1
339151,Sven Sonnenberg,24/25,2025,0,0.5260765694073658,1,1
961022,Benja Domínguez,24/25,2025,0,0.5260338785541198,1,1
121402,Ahmad Benali,24/25,2025,1,0.5260285346697829,1,0
895906,Dimitrios Laskaris,24/25,2025,0,0.5259538320651768,1,1
700103,Óscar Siafa,24/25,2025,1,0.5259511489142661,1,0
333498,Dino Halilovic,24/25,2025,1,0.5259483769916748,1,0
427572,Zuriko Davitashvili,24/25,2025,0,0.5259456618915349,1,1
257805,Mathias Normann,24/25,2025,1,0.5259400510283306,1,0
655899,Serdar Saatçı,24/25,2025,0,0.5259179673885268,1,1
421118,Cris Montes,24/25,2025,1,0.5258850556142091,1,0
412539,Dimitar Iliev,24/25,2025,0,0.5258525335270764,1,1
632495,Josep Gayá,24/25,2025,1,0.5258491186331513,1,0
390631,Tobias Gunte,24/25,2025,1,0.5258483562179651,1,0
560988,Azzan Al-Tamtami,24/25,2025,1,0.5258465678248809,1,0
343157,Angelos Zioulis,24/25,2025,0,0.525843059818907,1,1
668684,Konstantinos Lampsias,24/25,2025,1,0.5258367293701273,1,0
570059,Nikola Gluscevic,24/25,2025,0,0.5258336655919832,1,1
487603,Domen Gril,24/25,2025,0,0.5258323793862243,1,1
269171,Gökhan Gül,24/25,2025,1,0.525806713228616,1,0
667066,Alessio Guerini,24/25,2025,0,0.5258032133301397,1,1
176553,Aymeric Laporte,24/25,2025,1,0.5258011814667573,1,0
83370,Stefano Scappini,24/25,2025,1,0.525792311217668,1,0
146752,Gianluca Caprari,24/25,2025,0,0.5257834626226303,1,1
395164,José Angulo,24/25,2025,1,0.525783334668158,1,0
570417,Nathan Broome,24/25,2025,1,0.525772998111984,1,0
201654,Barna Kesztyűs,24/25,2025,0,0.5257558138055795,1,1
127182,Thomas Monconduit,24/25,2025,0,0.5257302890520085,1,1
836493,Gonzalo Abrego,24/25,2025,0,0.5257019777380302,1,1
1309985,Gonzalo Casas,24/25,2025,1,0.525696434160753,1,0
83002,Hiroki Sakai,24/25,2025,0,0.5256902798207412,1,1
330560,Alessandro Celli,24/25,2025,0,0.5256625280238204,1,1
1126573,Richard Benko,24/25,2025,1,0.5256619957152597,1,0
426986,Filip Mihailov,24/25,2025,0,0.5256587442986267,1,1
322517,Joël Schmied,24/25,2025,0,0.5256442342170006,1,1
167890,Alberto Masi,24/25,2025,1,0.525627379347922,1,0
281633,Alberto Tentardini,24/25,2025,0,0.5256149068517134,1,1
548511,Federico Botti,24/25,2025,0,0.5256026816645198,1,1
198617,Jan Vondra,24/25,2025,0,0.5255707428128663,1,1
402114,Alessio Di Massimo,24/25,2025,0,0.5255483279811183,1,1
1082269,Josh Gentles,24/25,2025,1,0.5255471379753749,1,0
625838,David Harrington,24/25,2025,0,0.5255286123160909,1,1
434711,Jakov Blagaic,24/25,2025,1,0.5255095823034454,1,0
863829,Alagie Saine,24/25,2025,0,0.5255025547589514,1,1
603564,Bakari Camara,24/25,2025,0,0.5254960109214852,1,1
1048337,Foster Gyamfi,24/25,2025,0,0.525484759056562,1,1
376211,Matías Vargas,24/25,2025,0,0.5254726779947118,1,1
396337,Miguel San Román,24/25,2025,1,0.5254719046114257,1,0
312819,Silvere Ganvoula,24/25,2025,1,0.5254611384678819,1,0
1121945,Martin Georgiev,24/25,2025,0,0.5254498153808032,1,1
120980,Aaron Muirhead,24/25,2025,1,0.5254470085245346,1,0
375770,Gabriel Souza,24/25,2025,0,0.5254377943222687,1,1
931783,David Sellés,24/25,2025,1,0.5254287943028785,1,0
1015405,Patrick Slanina,24/25,2025,0,0.5254045071670965,1,1
147697,Vinícius,24/25,2025,0,0.5253969488876461,1,1
690425,Philip Fahrner,24/25,2025,0,0.52539086851781,1,1
729174,Julius Kliti,24/25,2025,0,0.5253869179976357,1,1
531674,Rúben Rodrigues,24/25,2025,1,0.5253475938994124,1,0
200177,Giuseppe Nicolao,24/25,2025,1,0.5253462188453405,1,0
494283,Enrico Dueñas,24/25,2025,1,0.525346055630946,1,0
1297382,Valerio Conti,24/25,2025,0,0.5253361919121599,1,1
496606,Dominick Zator,24/25,2025,1,0.5253318902025738,1,0
672535,Carmine Cretella,24/25,2025,1,0.5253310757280115,1,0
554859,Unai Marino,24/25,2025,1,0.5253306915875277,1,0
267431,Fabián Noguera,24/25,2025,1,0.5253232281539542,1,0
964633,Tebo Gabriel,24/25,2025,1,0.5253191029933373,1,0
467241,Oleksandr Safronov,24/25,2025,1,0.5253087484160115,1,0
284876,Paolo Fernandes,24/25,2025,1,0.525305161213668,1,0
100722,Lago Júnior,24/25,2025,1,0.525303797164237,1,0
578461,Nikola Borisov,24/25,2025,1,0.5253024513938578,1,0
136643,Giannis Gianniotas,24/25,2025,1,0.5252823372539553,1,0
163654,Kevin García,24/25,2025,0,0.5252803422103508,1,1
487850,Oladapo Afolayan,24/25,2025,0,0.5252443488150176,1,1
579288,Robin Tihi,24/25,2025,0,0.5252416537238606,1,1
565821,Mika Biereth,24/25,2025,0,0.5252255403203486,1,1
279829,Alexandros Anagnostopoulos,24/25,2025,1,0.5251972161535872,1,0
605454,Valdemar Sadrifar,24/25,2025,1,0.5251931505309709,1,0
802214,Melsi Cereni,24/25,2025,1,0.5251910543331313,1,0
728688,Denis Kramar,24/25,2025,0,0.5251811293273065,1,1
334225,Mika Hanraths,24/25,2025,0,0.5251723600368327,1,1
60916,Ryan Dow,24/25,2025,0,0.5251231014205424,1,1
1180000,Jac Norris,24/25,2025,1,0.52511578100324,1,0
199633,Raman Chibsah,24/25,2025,1,0.525108065530098,1,0
947696,Miroslav Kolev,24/25,2025,0,0.5251063709127213,1,1
355369,Jordan,24/25,2025,1,0.5250850116472081,1,0
765232,Roman Yalovenko,24/25,2025,0,0.525070085047364,1,1
169362,Luka Zahovic,24/25,2025,0,0.5250632574975911,1,1
186901,Marek Rodák,24/25,2025,0,0.5250614225387659,1,1
322077,Besard Šabović,24/25,2025,0,0.5250221528183506,1,1
648509,Fourat Soltani,24/25,2025,1,0.5250184308709567,1,0
1139455,Favour Inyeka Ogbu,24/25,2025,0,0.5250136160457205,1,1
439465,Gaizka Larrazabal,24/25,2025,0,0.5250085737058856,1,1
913461,Alessandro Seghetti,24/25,2025,1,0.5250080530329918,1,0
94116,Patrick Göbel,24/25,2025,0,0.5249592332331224,1,1
309414,Frederik Børsting,24/25,2025,1,0.5249428479097191,1,0
21286,Ousmane Pato,24/25,2025,1,0.524942052268737,1,0
934148,Gabriele Perricci,24/25,2025,1,0.5249381775534633,1,0
1170416,Scott Constable,24/25,2025,0,0.5249360076790643,1,1
658874,Seung-bin Kim,24/25,2025,0,0.5249320700740582,1,1
433183,Tommy Doyle,24/25,2025,1,0.5249157973724372,1,0
789738,Yannick Michaelis,24/25,2025,0,0.5249037323065974,1,1
808651,Emirhan Acar,24/25,2025,1,0.5248923052294113,1,0
124932,Francesco De Rose,24/25,2025,0,0.5248529230805001,1,1
61697,Wes Foderingham,24/25,2025,1,0.5248503575691564,1,0
653274,Martin Cocorocchio,24/25,2025,1,0.5248278996987278,1,0
405833,Bruno Silva,24/25,2025,0,0.5248167341990967,1,1
892165,Sergej Levak,24/25,2025,1,0.5247952386582524,1,0
471890,Max Geschwill,24/25,2025,1,0.5247567494243642,1,0
614228,Jaume Villar,24/25,2025,0,0.5247448762563992,1,1
357047,Gautier Larsonneur,24/25,2025,0,0.524727467296775,1,1
734543,Tommaso Lombardi,24/25,2025,0,0.5247267204437535,1,1
67797,Milan Borjan,24/25,2025,0,0.524692120895082,1,1
692036,Marcel Bergmann,24/25,2025,1,0.5246694705666332,1,0
296704,Jaume Valens,24/25,2025,1,0.5246669593336883,1,0
503770,Folarin Balogun,24/25,2025,0,0.5246576382093345,1,1
650472,Blnd Hassan,24/25,2025,1,0.5246363083065737,1,0
281246,Kamil Zapolnik,24/25,2025,0,0.5246350119146751,1,1
188470,Francisco Calvo,24/25,2025,1,0.5246316311581068,1,0
534410,Sikiru Olatunbosun,24/25,2025,1,0.5246197510067308,1,0
615350,Cenk Özkacar,24/25,2025,1,0.5246159053842577,1,0
833268,Alonso Aceves,24/25,2025,0,0.5245953797024756,1,1
836196,Matyas Vojta,24/25,2025,0,0.5245849299498867,1,1
418215,Ricardo Farcaș,24/25,2025,1,0.5245385819294964,1,0
717900,Tommaso Guercio,24/25,2025,0,0.5245166887665647,1,1
856532,Kai McLean,24/25,2025,0,0.5244993686781804,1,1
728262,Julián Palacios,24/25,2025,0,0.5244869551616614,1,1
1046875,Wojciech Jakubik,24/25,2025,0,0.5244835536957327,1,1
503160,Paul Nebel,24/25,2025,0,0.5244811109190392,1,1
343094,Martin Palincsár,24/25,2025,1,0.5244515116849333,1,0
577881,Mohamed Ali Ben Romdhane,24/25,2025,1,0.5244204559623119,1,0
305946,José Gomes,24/25,2025,0,0.5243893070460381,1,1
269870,Mattia Bortolussi,24/25,2025,0,0.5243889946714432,1,1
829249,Justus Götze,24/25,2025,0,0.5243635258205256,1,1
812783,Karlo Lusavec,24/25,2025,0,0.5243576145964604,1,1
315110,Karl Toko Ekambi,24/25,2025,1,0.524352739561274,1,0
885310,Ardit Nuredini,24/25,2025,1,0.5243416143825098,1,0
501007,Marko Bugarin,24/25,2025,0,0.5243369231689744,1,1
452078,Maxwell Gyamfi,24/25,2025,1,0.5243264503505667,1,0
740322,Hassan Aladin,24/25,2025,0,0.5243199293208989,1,1
667515,Ruben Davies,24/25,2025,0,0.5243189113911458,1,1
521475,Bryan Hein,24/25,2025,1,0.524317535326847,1,0
938509,Igor Nikic,24/25,2025,1,0.5243079599601458,1,0
525867,Fraser Horsfall,24/25,2025,1,0.5242629536491435,1,0
184260,Anders Holvad,24/25,2025,0,0.5242626784920319,1,1
207376,Konstantinos Bouloulis,24/25,2025,0,0.5242400661828313,1,1
710497,Stojan Lekovic,24/25,2025,0,0.5242398808968353,1,1
906969,Daniel Gleiber,24/25,2025,1,0.5242271013665677,1,0
690146,Amoro Diedhiou,24/25,2025,0,0.52421320943992,1,1
471135,Richard Krizan,24/25,2025,1,0.5241986910090831,1,0
550580,Shuto Machino,24/25,2025,1,0.5241917955750033,1,0
226005,Franco Fragapane,24/25,2025,0,0.5241911603762665,1,1
453678,James Gibbons,24/25,2025,0,0.5241806893968163,1,1
641553,Alessio Rizza,24/25,2025,0,0.5241653891972111,1,1
433818,Scott Twine,24/25,2025,0,0.5241605199824454,1,1
208116,Curro Sánchez,24/25,2025,0,0.524154149038639,1,1
548590,Najm Shwan,24/25,2025,1,0.5241507598884736,1,0
867909,Harry Vaughan,24/25,2025,0,0.5241502935354281,1,1
489463,Kyogo Furuhashi,24/25,2025,1,0.5241232541224794,1,0
393240,Boyd Reith,24/25,2025,1,0.5241134607194355,1,0
221876,Mikkel Wohlgemuth,24/25,2025,0,0.5241063123771735,1,1
87650,Julian Derstroff,24/25,2025,0,0.5241030942031943,1,1
872170,Gregorio Tanco,24/25,2025,1,0.5240943094416203,1,0
572689,Ivan Milosavljevic,24/25,2025,1,0.5240431548669449,1,0
307939,Alexander Schmidt,24/25,2025,1,0.5240273713695079,1,0
529885,Christian Kouan,24/25,2025,0,0.5240065406055109,1,1
587700,Pascal Kokott,24/25,2025,1,0.523942141709346,1,0
139781,Tom Bradshaw,24/25,2025,0,0.5239352421269077,1,1
538642,Juho Kilo,24/25,2025,0,0.5239003836098409,1,1
374081,Aitor Buñuel,24/25,2025,1,0.5238760992640926,1,0
84711,João Aurélio,24/25,2025,0,0.5238708489134367,1,1
613192,Jens Castrop,24/25,2025,1,0.523868798598399,1,0
1015401,Paul Reverson,24/25,2025,0,0.523852968375539,1,1
1210422,Aboubacar Bassinga,24/25,2025,1,0.5238490507248581,1,0
258032,Yuri Ribeiro,24/25,2025,0,0.523832948683054,1,1
88701,Filippo Perucchini,24/25,2025,1,0.5238235041042121,1,0
278190,Ivan Konovalov,24/25,2025,1,0.5238012189568872,1,0
303308,Cihan Kahraman,24/25,2025,0,0.523796795839696,1,1
394123,Manuel Peretti,24/25,2025,0,0.5237923884722391,1,1
691905,Karim El Abed,24/25,2025,1,0.5237914444863502,1,0
430192,Aarón Rey,24/25,2025,1,0.5237728150549599,1,0
609887,Alex Robertson,24/25,2025,0,0.5237687981310233,1,1
1292591,Jack Nunn,24/25,2025,0,0.5237623574471932,1,1
927608,Diogo Amaro,24/25,2025,0,0.523752479153026,1,1
417515,Mbaye Seck,24/25,2025,0,0.5237476098517101,1,1
648046,Evan Ferguson,24/25,2025,1,0.5237450514419675,1,0
213351,Christian Irobiso,24/25,2025,1,0.5237311177355829,1,0
1182192,Simone Cat Berro,24/25,2025,1,0.5237284977109087,1,0
126705,Martin Sourzac,24/25,2025,0,0.5237232920784707,1,1
1231401,Victor Orakpo,24/25,2025,1,0.5237067318640082,1,0
156721,Luka Milunovic,24/25,2025,1,0.523679029948727,1,0
949961,Bas Huisman,24/25,2025,1,0.5236413922904144,1,0
431185,Giannis Gerolemou,24/25,2025,1,0.5236242370637273,1,0
272845,Laurin von Piechowski,24/25,2025,0,0.5236173668940937,1,1
467623,Lyle Foster,24/25,2025,0,0.5235840742800218,1,1
894162,Aron Gjergji,24/25,2025,0,0.5235791549150373,1,1
381133,Pasqual Verkamp,24/25,2025,0,0.5235704000863333,1,1
237029,Marcell Sobotta,24/25,2025,1,0.5235687815491261,1,0
804906,Sebastiaan Hagedoorn,24/25,2025,0,0.5235628388170913,1,1
119120,Robert Leipertz,24/25,2025,0,0.523557279063828,1,1
352223,Israel Suero,24/25,2025,0,0.5235525385792089,1,1
356236,Tomoki Iwata,24/25,2025,0,0.5235426934974629,1,1
164893,Márk Jagodics,24/25,2025,1,0.5235302048600967,1,0
246836,Momcilo Raspopovic,24/25,2025,1,0.5235215560002037,1,0
515624,Henri Koudossou,24/25,2025,1,0.5235137852317063,1,0
1054933,Daouda Doumbia,24/25,2025,1,0.5235124043267293,1,0
259930,Gabriel Fernández,24/25,2025,0,0.5235017404393663,1,1
1063329,Andrés García,24/25,2025,0,0.5234824783999059,1,1
167505,Danu Spataru,24/25,2025,1,0.5234615741502121,1,0
612143,Kylian Kaïboue,24/25,2025,0,0.523445486016386,1,1
572441,Maximilian Adamski,24/25,2025,0,0.5234022037330978,1,1
500763,Marvin Keller,24/25,2025,0,0.5233987163537998,1,1
990009,Jasper Hartog,24/25,2025,0,0.5233867833067897,1,1
538073,Romain Matthys,24/25,2025,1,0.5233867371896997,1,0
97241,Victor Pálsson,24/25,2025,1,0.5233782321229913,1,0
913019,Vladislav Vasiljev,24/25,2025,1,0.5233703047317034,1,0
1022388,Levente Babós,24/25,2025,1,0.523367629538223,1,0
943161,Fatjon Bunjaku,24/25,2025,1,0.5233643875316782,1,0
1081530,Pharell Kegni,24/25,2025,0,0.5233419587925608,1,1
824737,Mattia Aprea,24/25,2025,1,0.5233416901481217,1,0
236467,Till Schumacher,24/25,2025,0,0.5233384352285626,1,1
1064402,Ander Sánchez,24/25,2025,0,0.5233312477177279,1,1
408494,Lorenzo Zerbato,24/25,2025,0,0.5233307433558354,1,1
335310,Áron Fejős,24/25,2025,1,0.523329425739808,1,0
946394,Mark Mokin,24/25,2025,1,0.5233217674117776,1,0
262861,Sebastián Palacios,24/25,2025,1,0.5233103685229776,1,0
324946,Emanuel Cecchini,24/25,2025,0,0.5232766654955073,1,1
954090,Rayan Lutin,24/25,2025,0,0.5232643489659908,1,1
679903,Ryoya Morishita,24/25,2025,1,0.5232111238627102,1,0
458715,Robson Bambu,24/25,2025,1,0.5231852702605384,1,0
645962,Joep Munsters,24/25,2025,1,0.5231618611970484,1,0
710678,Christian Mutilva,24/25,2025,1,0.5231547990830285,1,0
503161,Denzel Tawiah,24/25,2025,1,0.5231460105414596,1,0
128876,Dávid Kelemen,24/25,2025,0,0.523137060969435,1,1
1157538,Jan Petek,24/25,2025,1,0.5231270316633636,1,0
131789,Roberto Firmino,24/25,2025,1,0.5231233064098468,1,0
934496,Gioele Cardoni,24/25,2025,0,0.5231206882191536,1,1
128905,Josh McEachran,24/25,2025,1,0.5231198354542157,1,0
378532,Jonathan Stöver,24/25,2025,0,0.5231091872395499,1,1
344178,Bence Szabó,24/25,2025,0,0.5231061160180134,1,1
492786,Andrea Allegretto,24/25,2025,0,0.5230994358122043,1,1
177031,Emrah Başsan,24/25,2025,1,0.523081484468432,1,0
621195,Bas Van den Eynden,24/25,2025,1,0.5230620407740898,1,0
199179,Nikolaos Melissas,24/25,2025,1,0.5230564231722167,1,0
363223,Jack Hendry,24/25,2025,0,0.5230385947269598,1,1
392375,Jake Hastie,24/25,2025,0,0.5230365937969778,1,1
505307,Ryan De Havilland,24/25,2025,0,0.5230334380084147,1,1
1079591,Lorenzo Ciarmoli,24/25,2025,1,0.5230165578768955,1,0
540536,Carlos Vicente,24/25,2025,0,0.5229818058142346,1,1
279927,Doru Popadiuc,24/25,2025,1,0.5229450989984675,1,0
223035,Gigli Ndefe,24/25,2025,0,0.5229151840633433,1,1
590630,Jaber Issa,24/25,2025,0,0.5229081613661002,1,1
1309281,Filippo Pedini,24/25,2025,0,0.5229072104307769,1,1
495124,Brian Orosco,24/25,2025,0,0.5229016623649154,1,1
920308,Elison Makolli,24/25,2025,0,0.5228748339508453,1,1
160137,Tom Barkhuizen,24/25,2025,1,0.5228637122726952,1,0
567476,Gabriele Berto,24/25,2025,0,0.5228093618254922,1,1
272698,Mohamed Hamdaoui,24/25,2025,0,0.5228082187577291,1,1
845277,Dominik Biniek,24/25,2025,0,0.5227944360966594,1,1
221309,Óscar Plano,24/25,2025,1,0.5227775750076844,1,0
282365,Juan Cruz Kaprof,24/25,2025,1,0.5227746759393324,1,0
511883,Andronikos Kakoullis,24/25,2025,1,0.5227446226495847,1,0
1299058,Joey Zwaan,24/25,2025,0,0.5227371092455285,1,1
407907,Gelson Dala,24/25,2025,0,0.5227304044831337,1,1
263627,Carlos Vigaray,24/25,2025,1,0.522716329402243,1,0
330210,Dawid Gojny,24/25,2025,0,0.5227125919404187,1,1
675946,Marin Petkov,24/25,2025,0,0.5227068049409773,1,1
728580,Daniel Villaseca,24/25,2025,0,0.5227011544179551,1,1
189483,Issouf Paro,24/25,2025,0,0.5227001325467162,1,1
117720,Nils Winter,24/25,2025,0,0.522692818104397,1,1
196146,Kasim Rabihic,24/25,2025,0,0.5226458985090363,1,1
1348532,Juanma Cordero,24/25,2025,0,0.5226424906599706,1,1
684116,Silas Ostrzinski,24/25,2025,0,0.5226249258362352,1,1
595653,Anton Dowds,24/25,2025,0,0.5226193094275221,1,1
242638,Efthymios Koulouris,24/25,2025,1,0.5225947420184149,1,0
823486,Michael Kayode,24/25,2025,1,0.5225824367563432,1,0
810312,Juri Schüchter,24/25,2025,1,0.5225556253127007,1,0
191188,Alexis Sauvage,24/25,2025,0,0.5225555634903707,1,1
589096,Khalid Mohammed,24/25,2025,1,0.5225525275313607,1,0
969346,Alex Hudok,24/25,2025,0,0.5225253892798211,1,1
587333,Sekou Sylla,24/25,2025,0,0.5224936774754949,1,1
228645,Wout Weghorst,24/25,2025,0,0.5224846752460274,1,1
581000,Eynel Soares,24/25,2025,0,0.5224812519729274,1,1
333494,Jakub Pokorny,24/25,2025,1,0.5224702857722834,1,0
908857,Ágúst Orri Thorsteinsson,24/25,2025,0,0.5224696985812668,1,1
566823,Achraf Dari,24/25,2025,0,0.5224505409379084,1,1
667060,Tommaso Bertini,24/25,2025,1,0.5224227352306082,1,0
911373,Dominik Kovács,24/25,2025,1,0.5224203453647395,1,0
504215,Giovanni Reyna,24/25,2025,1,0.5224152123786334,1,0
308822,José Romo,24/25,2025,1,0.5224125191237862,1,0
1119447,Christopher Bonsu Baah,24/25,2025,1,0.5223952234851607,1,0
559263,Fábio Carvalho,24/25,2025,0,0.5223881722354429,1,1
796298,Calum Scanlon,24/25,2025,0,0.522358621054233,1,1
934034,Dimitrios Metaxas,24/25,2025,0,0.5223280486497633,1,1
359212,Richárd Zsolnai,24/25,2025,1,0.5223273904697004,1,0
391797,Matteo Della Morte,24/25,2025,1,0.5223247282574716,1,0
462328,Alessandro Fabbri,24/25,2025,1,0.5222544643030942,1,0
474838,Brian Plat,24/25,2025,0,0.5222339010979505,1,1
1188665,Tommaso Piacenza,24/25,2025,1,0.522228549852535,1,0
996478,Samuel Hodur,24/25,2025,0,0.5222098793232502,1,1
222332,Lasha Dvali,24/25,2025,1,0.5222032962295812,1,0
531413,Ale Meléndez,24/25,2025,0,0.5221997314736379,1,1
238639,Steve Mounié,24/25,2025,1,0.5221931042216305,1,0
520787,Ruan Teles,24/25,2025,1,0.5221875732916408,1,0
906731,Răzvan Morariu,24/25,2025,0,0.5221791055412357,1,1
986258,Siaka Bakayoko,24/25,2025,0,0.522177695089839,1,1
148941,Domenico Franco,24/25,2025,1,0.522174489219309,1,0
519561,Ole Martin Kolskogen,24/25,2025,0,0.5221591582958225,1,1
1056213,Orazio Pazienza,24/25,2025,0,0.5221440334565037,1,1
1195771,Justin Adozi,24/25,2025,1,0.5221409863223322,1,0
813856,Bence Ominger,24/25,2025,0,0.5221248036618448,1,1
116968,Carlos Izquierdoz,24/25,2025,0,0.5221135070618892,1,1
380478,Victor Braga,24/25,2025,1,0.5221112056127842,1,0
585818,Frantz Pierrot,24/25,2025,1,0.5221024465857014,1,0
142947,Patrik Bacsa,24/25,2025,0,0.5220991874304187,1,1
65841,Josep Antoni,24/25,2025,1,0.5220618564848803,1,0
672449,Zé Pedro,24/25,2025,1,0.522056276436179,1,0
199169,Umberto Germano,24/25,2025,1,0.5220397339027483,1,0
49499,Georginio Wijnaldum,24/25,2025,0,0.5220301286955156,1,1
464530,Theocharis Tsingaras,24/25,2025,0,0.5220291200297253,1,1
351597,Shayne Lavery,24/25,2025,0,0.5220289297996111,1,1
864485,Alexandru Gutium,24/25,2025,1,0.5220250912322687,1,0
486098,Louis Hall,24/25,2025,1,0.522020437661631,1,0
458780,Gianluca Mastromonaco,24/25,2025,0,0.5220177942954207,1,1
550468,Radoslav Zhivkov,24/25,2025,0,0.5220137874140504,1,1
634460,Álex Balboa,24/25,2025,1,0.521997948431018,1,0
1077670,Axel Tape,24/25,2025,1,0.5219939539754446,1,0
425764,Kelsey Mooney,24/25,2025,0,0.5219788738712725,1,1
941120,Yazid Joshan,24/25,2025,0,0.5219658041929391,1,1
260657,Erik Wekesser,24/25,2025,0,0.5219346991888897,1,1
354772,Michaell Chirinos,24/25,2025,0,0.5219102830644421,1,1
8198,Cristiano Ronaldo,24/25,2025,0,0.5219045166122973,1,1
192088,Enis Bytyqi,24/25,2025,0,0.5218915082728407,1,1
1003451,Breno,24/25,2025,1,0.5218608158744833,1,0
282694,Augusto Solari,24/25,2025,1,0.5218566663511651,1,0
699233,Aleksa Puric,24/25,2025,1,0.5218517096749747,1,0
288237,Jérémy Gélin,24/25,2025,1,0.5218406828908733,1,0
410061,Loïc Kouagba,24/25,2025,1,0.5218374092364414,1,0
235413,Jaromir Zmrhal,24/25,2025,0,0.5217947831853651,1,1
614064,Jasper Moon,24/25,2025,0,0.5217904786665435,1,1
168427,Dawid Abramowicz,24/25,2025,1,0.5217518900288343,1,0
319723,Tornike Gaprindashvili,24/25,2025,0,0.5217397348237827,1,1
351181,Yusuf,24/25,2025,0,0.5217366779314556,1,1
633649,Adam Devine,24/25,2025,1,0.521726628545585,1,0
848757,Rayan Atikallah,24/25,2025,0,0.521725780864951,1,1
657155,Sidney Lima,24/25,2025,0,0.5217207673120985,1,1
55605,Hasan Ali Kaldırım,24/25,2025,1,0.5217121526038375,1,0
900172,Stefano Mazzaroppi,24/25,2025,0,0.5217007441965165,1,1
307341,Andrea Trainotti,24/25,2025,0,0.5216933030746614,1,1
286259,Davide Riccardi,24/25,2025,0,0.5216747602456534,1,1
251664,Ivan Toney,24/25,2025,0,0.5216734971974929,1,1
605780,Dawid Kocyla,24/25,2025,0,0.5216447138489283,1,1
888290,Iker Pedernales,24/25,2025,0,0.5216436460172261,1,1
798419,Ferdinand Scholl,24/25,2025,1,0.5216435918834106,1,0
692608,Ben Engdahl,24/25,2025,0,0.5216283084570144,1,1
820807,Francesco Toniolo,24/25,2025,0,0.5216243935278271,1,1
288340,Phillip Tietz,24/25,2025,0,0.521601486463241,1,1
668571,Daniel Kerl,24/25,2025,1,0.5215848270155999,1,0
1193047,Zsombor Szilágyi,24/25,2025,1,0.5215789789234869,1,0
526784,Amadou Ciss,24/25,2025,1,0.5215479271855884,1,0
363227,James Penrice,24/25,2025,1,0.5215467377242928,1,0
691482,Jacopo Fazzini,24/25,2025,1,0.5215462663630684,1,0
1031551,Lorenzo Maasland,24/25,2025,0,0.5215447957822074,1,1
1038310,Rody Junior Effaghe,24/25,2025,0,0.5215316394191937,1,1
910540,Ben Jablonski,24/25,2025,0,0.5215225588235743,1,1
181579,James Ward-Prowse,24/25,2025,0,0.5214768005724227,1,1
408563,Jerome Opoku,24/25,2025,0,0.5214676975883101,1,1
539800,Momodou Jaiteh,24/25,2025,1,0.5214641905882414,1,0
922783,Marios Dervishi,24/25,2025,0,0.5214309138110826,1,1
321976,Matko Kramer,24/25,2025,1,0.5214185925429675,1,0
248393,Peter Olayinka,24/25,2025,0,0.5214142422395386,1,1
1321718,João Gastão,24/25,2025,1,0.5214131732867681,1,0
390304,Federico Ravaglia,24/25,2025,0,0.5213811777591978,1,1
186239,Fabricio Pedrozo,24/25,2025,0,0.5213758513905,1,1
465818,Brian Rodríguez,24/25,2025,0,0.5213145033271076,1,1
207005,Mohamed Bettamer,24/25,2025,1,0.5213019925649501,1,0
226219,Sean Raggett,24/25,2025,0,0.5212877499388773,1,1
296577,Macauley Bonne,24/25,2025,1,0.5212839178224116,1,0
345890,Ruben Hoogenhout,24/25,2025,1,0.5212738705118293,1,0
990637,Zachary Athekame,24/25,2025,1,0.5212702247149714,1,0
1279569,Ivan Tolkachev,24/25,2025,0,0.5212411610629076,1,1
401533,Matheusinho,24/25,2025,1,0.5212049593786054,1,0
518472,Willyan Rocha,24/25,2025,1,0.5211964115706584,1,0
343536,Ikhsan Fandi,24/25,2025,1,0.5211860224840897,1,0
611861,Natan Girma,24/25,2025,0,0.5211791616582456,1,1
809167,Ciaran Gilligan,24/25,2025,0,0.5211774848566733,1,1
713787,Jhoanner Chávez,24/25,2025,0,0.5211569961946477,1,1
199325,Ander Cantero,24/25,2025,0,0.521156424565503,1,1
493038,Maximilian Schütt,24/25,2025,0,0.5211220143553279,1,1
624462,Jan Reichert,24/25,2025,0,0.5211167138905964,1,1
746145,Tomoyuki Doi,24/25,2025,1,0.5211090065023773,1,0
425733,Nikola Stevanovic,24/25,2025,1,0.5211012006947163,1,0
654918,Matteo Dams,24/25,2025,0,0.521100204812182,1,1
995105,Giulio Patrignani,24/25,2025,1,0.5210875076328563,1,0
618021,Djordje Jovicic,24/25,2025,1,0.5210828975609068,1,0
872090,Mouhcine Bouriga,24/25,2025,1,0.5210804727198387,1,0
243106,Husam Kamal,24/25,2025,0,0.5210749579456901,1,1
1226008,Yanis Fetheddine,24/25,2025,1,0.5210625438069755,1,0
878150,Amario Cozier-Duberry,24/25,2025,1,0.5210493431371376,1,0
131102,Jeison Murillo,24/25,2025,0,0.5210404480328145,1,1
951325,Antonio Del Gesso,24/25,2025,1,0.5210172155644686,1,0
963674,Vladimir Ivanov,24/25,2025,0,0.5209924109345797,1,1
1103652,Marius Louër,24/25,2025,0,0.5209703377498172,1,1
720984,Márk Helembai,24/25,2025,1,0.5209249886331819,1,0
893997,Cameron Ferguson,24/25,2025,1,0.5209100853748236,1,0
315867,Gianluca Scamacca,24/25,2025,0,0.5209049097671677,1,1
944095,Olle Samuelsson,24/25,2025,1,0.5208898010174853,1,0
336928,Alessio Milillo,24/25,2025,0,0.5208725672363724,1,1
631349,Shakhboz Umarov,24/25,2025,1,0.5208519483949541,1,0
189650,Tim Receveur,24/25,2025,1,0.5208505008642753,1,0
404995,Davide Diaw,24/25,2025,0,0.5208432928428842,1,1
44948,Fernando Forestieri,24/25,2025,1,0.5208245622211318,1,0
724025,Matej Sin,24/25,2025,1,0.5208157635484514,1,0
223890,Rober Correa,24/25,2025,1,0.5208149120986032,1,0
400653,Jan Matousek,24/25,2025,0,0.5208104845706665,1,1
166326,Peter Leeuwenburgh,24/25,2025,0,0.520809625125891,1,1
275678,Masies Artien,24/25,2025,1,0.5207864988187834,1,0
160671,Manu Molina,24/25,2025,1,0.5207321128384385,1,0
708635,Lorenzo Bernasconi,24/25,2025,0,0.5206897265927142,1,1
633650,Leon King,24/25,2025,1,0.5206785972173472,1,0
1192959,Federico Ottini,24/25,2025,1,0.5206747121721311,1,0
344395,Jorge Fernandes,24/25,2025,0,0.5206728959407568,1,1
315289,Myrto Uzuni,24/25,2025,0,0.520670819798202,1,1
122493,Amir Sayoud,24/25,2025,1,0.5206500794866542,1,0
282897,Kristiyan Malinov,24/25,2025,1,0.5206448376897793,1,0
1111660,Joseph Sabobo,24/25,2025,1,0.5206399962385146,1,0
920309,Fredrik Nissen,24/25,2025,1,0.5206361286468432,1,0
1057584,Jason Anastasini,24/25,2025,0,0.5206293979155552,1,1
272706,James Lawrence,24/25,2025,0,0.5206290225005806,1,1
181768,Hernani,24/25,2025,0,0.520622911896906,1,1
1164001,Andrea Di Vincenzo,24/25,2025,1,0.5206174505661875,1,0
744960,Mohamed Souboul,24/25,2025,0,0.5206092063439066,1,1
463792,Luca Gemello,24/25,2025,0,0.5206075810145327,1,1
610690,Oliver Wright,24/25,2025,1,0.5206044633992815,1,0
440879,Stefano Tuzza,24/25,2025,0,0.520566609827096,1,1
569579,Alessandro Tozzuolo,24/25,2025,1,0.5205646210550811,1,0
160438,Mohamed Elneny,24/25,2025,0,0.5205282305757274,1,1
128105,Peter Zulj,24/25,2025,0,0.5204848018196957,1,1
459127,Andrea Invernizzi,24/25,2025,0,0.5204794081955442,1,1
602792,Florian Wustinger,24/25,2025,0,0.5204533566985585,1,1
449860,Filippo Pirola,24/25,2025,0,0.5204487545533966,1,1
593410,Yahya Kalley,24/25,2025,0,0.5204442808489254,1,1
980939,Wyll Stanway,24/25,2025,0,0.5204284675083458,1,1
327757,Krzysztof Piatek,24/25,2025,1,0.5204138303222438,1,0
369082,Robert Ergas,24/25,2025,1,0.5204137558076722,1,0
1069869,Bruno Franco,24/25,2025,1,0.5203764364906224,1,0
655012,Lucas Stassin,24/25,2025,0,0.5203505042717622,1,1
669933,Jonata Machado,24/25,2025,1,0.5203403856079579,1,0
466820,Xhonatan Lajthia,24/25,2025,0,0.5203171731286114,1,1
594731,Fabio Gruber,24/25,2025,0,0.5203076942740227,1,1
321247,Emiliano Buendía,24/25,2025,0,0.5203039650531495,1,1
795523,Enes Yılmaz,24/25,2025,1,0.5202547542955155,1,0
212216,Jhonatan,24/25,2025,0,0.5202343635766085,1,1
346849,Christoph Klarer,24/25,2025,0,0.5202292731211936,1,1
385923,Brandon Wilson,24/25,2025,0,0.5202229704056585,1,1
510388,Lucas Anacker,24/25,2025,0,0.5202206038454175,1,1
897853,Petar Marinov,24/25,2025,0,0.520203131474489,1,1
432698,Kornelius Normann,24/25,2025,1,0.5202017653469588,1,0
646189,Topi Keskinen,24/25,2025,0,0.5201719293841068,1,1
400485,Adam Ounas,24/25,2025,1,0.520156518430418,1,0
284346,Phillip Menzel,24/25,2025,0,0.5201215764454499,1,1
48280,Edinson Cavani,24/25,2025,0,0.5201056577859574,1,1
232390,Lukas Skovajsa,24/25,2025,0,0.520099981586906,1,1
636888,Udoka Godwin-Malife,24/25,2025,0,0.5200966731810075,1,1
594997,Yohann Magnin,24/25,2025,1,0.5200756898882039,1,0
337922,Esteban Burgos,24/25,2025,0,0.5200705080023841,1,1
237356,Michal Rzuchowski,24/25,2025,0,0.5200532792453774,1,1
103284,Dieumerci Ndongala,24/25,2025,0,0.5200507743478373,1,1
668276,Hugo Novoa,24/25,2025,1,0.5200322686031902,1,0
275937,Emil Viyachki,24/25,2025,0,0.5200113417153335,1,1
258881,Kyle Cameron,24/25,2025,1,0.5199678499753381,1,0
607494,Elario Ghassan,24/25,2025,0,0.5199606492754151,1,1
517402,Bjarne Pudel,24/25,2025,0,0.5199468557775586,1,1
242716,Enzo Basilio,24/25,2025,1,0.5199250199844556,1,0
62270,Danilo Russo,24/25,2025,1,0.5199217665023756,1,0
460347,Giovani Bamba,24/25,2025,1,0.5199195426099423,1,0
627208,Andres Jasson,24/25,2025,0,0.5199010019231578,1,1
660768,Max Thompson,24/25,2025,0,0.5198931164522257,1,1
931916,Dimitrios Retsos,24/25,2025,1,0.5198918368500751,1,0
717241,Aleksandar Buchkov,24/25,2025,0,0.5198839583606005,1,1
607164,Enzo Cornelisse,24/25,2025,1,0.5198786457771596,1,0
295822,Robert Geantă,24/25,2025,1,0.5198559835128723,1,0
796739,Júnior Almeida,24/25,2025,0,0.5198533322990053,1,1
597256,Houssen Abderrahmane,24/25,2025,0,0.5198399745869257,1,1
658530,Jonas Jensen-Abbew,24/25,2025,0,0.5198303610230187,1,1
382204,Martin Koscelník,24/25,2025,0,0.5198242974099778,1,1
603691,Ernestas Juškevičius,24/25,2025,1,0.5198014308222823,1,0
673971,Franklin Sasere,24/25,2025,1,0.5197932574907562,1,0
343388,Norbert Benkő-Bíró,24/25,2025,0,0.5197890240957633,1,1
203123,Haris Tabakovic,24/25,2025,1,0.5197805657874298,1,0
440163,Miguel Mellado,24/25,2025,1,0.5197548460556599,1,0
173750,Nouha Dicko,24/25,2025,0,0.5197246167197997,1,1
315568,Lorenzo Di Livio,24/25,2025,1,0.519721328862021,1,0
464186,Noah Lovisa,24/25,2025,1,0.5197099777786295,1,0
1044395,Marten-Chris Paalberg,24/25,2025,0,0.5197076123229295,1,1
251303,Johannes Eggestein,24/25,2025,1,0.5197035176308052,1,0
500274,Lorenzo Milani,24/25,2025,0,0.5196903918723975,1,1
277179,Angeliño,24/25,2025,0,0.5196875524672894,1,1
940553,Relja Obric,24/25,2025,0,0.5196784989136919,1,1
342787,Ilias Evangelou,24/25,2025,0,0.5196512962776965,1,1
1283297,Liam Russell,24/25,2025,0,0.5196511657983592,1,1
939745,Lorenzo Torriani,24/25,2025,0,0.5196179300320399,1,1
131257,Jonathan Moya,24/25,2025,1,0.5196076260210757,1,0
93753,Calogero Rizzuto,24/25,2025,0,0.5196014646829653,1,1
930021,Justin Faltyn,24/25,2025,0,0.5195963372953736,1,1
392761,Zech Medley,24/25,2025,0,0.519564376121329,1,1
687640,Matteo Sorzi,24/25,2025,0,0.519560275254391,1,1
305521,Mohammadmehdi Mehdikhani,24/25,2025,0,0.5195540932596793,1,1
1073565,Nikola Medojevic,24/25,2025,0,0.5195483038313902,1,1
490760,Tchamba,24/25,2025,0,0.5195364635111442,1,1
612517,Bashir Humphreys,24/25,2025,1,0.5195291102575087,1,0
1133052,Enzo Tacafred,24/25,2025,0,0.5195210538320401,1,1
21101,Milan Petrzela,24/25,2025,1,0.5195157713434604,1,0
908061,Vojtech Hranos,24/25,2025,1,0.5194967707155864,1,0
44118,Marc Pujol,24/25,2025,0,0.5194850057907473,1,1
592927,Péter Törőcsik,24/25,2025,1,0.519477310196566,1,0
195049,Michael Eberwein,24/25,2025,0,0.5194713498812018,1,1
411465,Andrea Rizzo Pinna,24/25,2025,1,0.5194648428963111,1,0
742023,Romildo Del Piage,24/25,2025,1,0.5194642789563783,1,0
1071956,Emmanuel Biumla,24/25,2025,0,0.5194215009129268,1,1
991486,Iván Quivira,24/25,2025,1,0.5194149693718998,1,0
728311,Edmilson Correia,24/25,2025,0,0.5194068756667111,1,1
598893,Dumitru Rogac,24/25,2025,0,0.5193956875138885,1,1
197468,Davide Agazzi,24/25,2025,0,0.5193854676432998,1,1
433168,Nathanael Ogbeta,24/25,2025,1,0.5193667076735043,1,0
624542,Damiano Lazzeri,24/25,2025,0,0.5193633480714837,1,1
1163866,Samad Popoola,24/25,2025,0,0.5193603872778976,1,1
386447,Alessandro Fiordaliso,24/25,2025,1,0.5193592267992864,1,0
536826,Nacho Quintana,24/25,2025,0,0.5193225933803134,1,1
113358,Sofiane Hanni,24/25,2025,0,0.5193208674273627,1,1
1304447,Malik Odeyinka,24/25,2025,1,0.5192933545795048,1,0
530927,Silvian Matei,24/25,2025,1,0.5192367299451629,1,0
1183411,Karel Pérez,24/25,2025,1,0.5192254878840554,1,0
689891,Romoney Crichlow,24/25,2025,1,0.5191293042982807,1,0
895946,Giovanni Perini,24/25,2025,1,0.5191105285511339,1,0
300156,Linas Megelaitis,24/25,2025,1,0.5191044872121697,1,0
165852,Cosimo Chiricò,24/25,2025,1,0.5190695670726998,1,0
162959,Daniele Rugani,24/25,2025,0,0.5190562843560063,1,1
556982,Marcus Dinanga,24/25,2025,0,0.5190312408978636,1,1
407098,Jakub Kaminski,24/25,2025,1,0.5190061909562541,1,0
1050912,Riccardo Rossi,24/25,2025,0,0.5190017500209702,1,1
260416,Lorenzo Paolucci,24/25,2025,0,0.5189997600513122,1,1
293360,Jakub Martinec,24/25,2025,1,0.518962818351804,1,0
123258,Ivan Varone,24/25,2025,1,0.5189628127616264,1,0
447823,Oier Luengo,24/25,2025,0,0.5189614312634548,1,1
250490,Christian Fassnacht,24/25,2025,0,0.5189531250785313,1,1
935019,Danylo Krevsun,24/25,2025,0,0.5189452037792092,1,1
262391,Lluís López,24/25,2025,1,0.5189240599238893,1,0
216375,Felipe Avenatti,24/25,2025,1,0.5189151635516528,1,0
696028,Noah Pesch,24/25,2025,1,0.5189062258202237,1,0
683670,Darragh Power,24/25,2025,0,0.5188931015492433,1,1
56100,Leon Balogun,24/25,2025,1,0.5188758514345871,1,0
284701,Samuel Portugal,24/25,2025,1,0.518870014146831,1,0
286037,Dusan Stevanovic,24/25,2025,1,0.5188528100885196,1,0
1051467,Tommaso Vinzioli,24/25,2025,1,0.5188397943310541,1,0
114341,Anselmo,24/25,2025,1,0.5188165584522075,1,0
924114,Dustin Forkel,24/25,2025,1,0.518815743982451,1,0
670845,Omari Forson,24/25,2025,0,0.518812483967062,1,1
746695,Kamaldeen Sulemana,24/25,2025,1,0.5188122763573287,1,0
488868,Nándor Kóródi,24/25,2025,0,0.5188100202102884,1,1
292357,Georgios Manthatis,24/25,2025,1,0.5188004548066708,1,0
118375,Dardo Miloc,24/25,2025,0,0.5187990831107986,1,1
60410,Marcos Acuña,24/25,2025,0,0.5187939002716594,1,1
212713,Kiko,24/25,2025,0,0.5187909805649438,1,1
817999,Dawyn-Paul Donner,24/25,2025,0,0.5187413859068574,1,1
336756,Miguel Silva,24/25,2025,0,0.5187407903963253,1,1
789018,James Eto'o,24/25,2025,0,0.5187312016142565,1,1
228953,Richard Neudecker,24/25,2025,0,0.5187086237522807,1,1
631258,Alistair Smith,24/25,2025,1,0.5186874529992186,1,0
82112,Julian Riedel,24/25,2025,0,0.5186737724500106,1,1
683895,Emmanuel Agbadou,24/25,2025,0,0.5186713532521895,1,1
471004,Luis Binks,24/25,2025,1,0.5186295247965131,1,0
38998,Marquitos,24/25,2025,0,0.5185982482164638,1,1
286044,Marco Weymans,24/25,2025,0,0.5185770546352293,1,1
983843,Neneca,24/25,2025,1,0.5185684286937107,1,0
435288,Giannis Kosti,24/25,2025,0,0.5185652856218658,1,1
883346,Tommaso Ricordi,24/25,2025,1,0.518510310957773,1,0
1052377,Juraj Badelj,24/25,2025,0,0.5184841429905622,1,1
464402,Dániel Karacs,24/25,2025,0,0.5184812668789358,1,1
926135,Omari Kellyman,24/25,2025,1,0.5184782033780865,1,0
412629,Filip Vasko,24/25,2025,0,0.5184722340258145,1,1
312682,Dudu Nardini,24/25,2025,1,0.5184592912151712,1,0
559319,Kilian Nikièma,24/25,2025,0,0.5183667433594779,1,1
1044735,Filip Mikes,24/25,2025,1,0.5183596104895317,1,0
1129797,Giovanni Di Lelio,24/25,2025,0,0.5183565551695708,1,1
559324,Youri Regeer,24/25,2025,0,0.5183471659825203,1,1
682351,Arthur Györgyi,24/25,2025,1,0.5183277305677725,1,0
336070,Álvaro Casas,24/25,2025,1,0.5182027531886376,1,0
289846,Ashley Fletcher,24/25,2025,0,0.5181977773978191,1,1
892633,Aitor Pérez,24/25,2025,0,0.5181826256008737,1,1
702890,Armando Miculi,24/25,2025,0,0.5181754086412861,1,1
391063,Filippo Chiti,24/25,2025,0,0.5181634413754977,1,1
830841,Leonel Bucca,24/25,2025,1,0.5181562298658122,1,0
724104,Fabio Chiarodia,24/25,2025,0,0.5181492389785973,1,1
1049726,Matteo Colombara,24/25,2025,0,0.5181062697460461,1,1
1000675,Alejo Sarco,24/25,2025,0,0.5181040868223787,1,1
939870,Jef Tchouangue,24/25,2025,0,0.5181036929766115,1,1
323403,Dimitar Velkovski,24/25,2025,0,0.5180776753659797,1,1
346237,Kabongo Tshimanga,24/25,2025,1,0.5180756061141683,1,0
240197,Isaac Donkor,24/25,2025,1,0.5180701243310867,1,0
936745,Ismaël Konaté,24/25,2025,0,0.5180525921839298,1,1
567148,Harry Stone,24/25,2025,0,0.5180517325527051,1,1
867678,Harun Ibrahim,24/25,2025,1,0.5180474174251676,1,0
256718,Sven van Beek,24/25,2025,0,0.5180449043175933,1,1
874081,Karoy Anderson,24/25,2025,0,0.5180208757220321,1,1
507345,Leonidas Stergiou,24/25,2025,0,0.5180184335134634,1,1
1234292,Vincenzo Arzillo,24/25,2025,1,0.5179969828922859,1,0
736048,Arsen Lleshi,24/25,2025,0,0.5179951942047694,1,1
1153628,Yannik Wagner,24/25,2025,0,0.5179787159470107,1,1
214538,Matheus Uribe,24/25,2025,0,0.5179652308640644,1,1
524925,Modibo Sagnan,24/25,2025,1,0.5179564004789198,1,0
711323,Alejandro Parada,24/25,2025,1,0.5179303281793496,1,0
674501,Jonathan Gómez,24/25,2025,1,0.5179068381167561,1,0
1085886,Joe Thomas,24/25,2025,1,0.517826943454626,1,0
192492,Jordan Lefort,24/25,2025,0,0.5178201950389186,1,1
1033045,Michal Willmann,24/25,2025,1,0.5177872875659736,1,0
950400,Ahmad Faqa,24/25,2025,0,0.5177551814702692,1,1
164402,Dioni,24/25,2025,1,0.5177268600588791,1,0
355663,Anass Najah,24/25,2025,1,0.5177248188840987,1,0
1066821,Vasilios Archontakakis,24/25,2025,0,0.5177177463298313,1,1
921065,Yannick Mausehund,24/25,2025,0,0.5177170226762481,1,1
371003,Ante Palaversa,24/25,2025,0,0.5176721233819778,1,1
930165,Andrea Piazza,24/25,2025,0,0.517660228653853,1,1
665971,Jonas Nickisch,24/25,2025,1,0.5176575536610506,1,0
667925,Sebastian Revan,24/25,2025,1,0.5176490276954809,1,0
940740,Ivan Grudko,24/25,2025,0,0.5176412838584072,1,1
367443,Jonas Wendlinger,24/25,2025,0,0.5175698132903629,1,1
251106,Enes Ünal,24/25,2025,0,0.5175376372763462,1,1
920968,Ronaldo Nájera,24/25,2025,0,0.5175028154039473,1,1
875219,Marselino Ferdinan,24/25,2025,1,0.5174896930944717,1,0
735672,Maël de Gevigney,24/25,2025,0,0.5174864776748367,1,1
930152,Enrico Casarotti,24/25,2025,1,0.5174855000446914,1,0
744956,Luke Pearce,24/25,2025,0,0.517480187515228,1,1
392633,Pietro Gecchele,24/25,2025,0,0.5174699586640963,1,1
1050650,Adam Mayor,24/25,2025,1,0.517460469302465,1,0
293367,Nicolás Schiavi,24/25,2025,0,0.5174426603899017,1,1
700182,Facundo Pérez,24/25,2025,1,0.5173962953719173,1,0
287871,Fabrizio Alastra,24/25,2025,0,0.5173770964337745,1,1
25808,Oto John,24/25,2025,0,0.5173755040001176,1,1
178942,Bruno Brígido,24/25,2025,0,0.5173487151173607,1,1
802997,Norman Bassette,24/25,2025,1,0.517337575651478,1,0
612756,Amoah Sam,24/25,2025,0,0.5173242514633433,1,1
611906,Nnamdi Ofoborh,24/25,2025,1,0.5172984761440367,1,0
45717,Nenê,24/25,2025,0,0.5172880966028494,1,1
689892,Ben Jackson,24/25,2025,0,0.5172880177790204,1,1
262704,Michal Reichl,24/25,2025,0,0.5172821575904127,1,1
54534,Agustín Marchesín,24/25,2025,0,0.5172622446443346,1,1
413859,Mael Corboz,24/25,2025,0,0.5172512728631009,1,1
344576,Rayan Raveloson,24/25,2025,0,0.5172412499483714,1,1
288251,Sébastien Salles-Lamonge,24/25,2025,0,0.5172241935934506,1,1
345654,Marlos Moreno,24/25,2025,1,0.5172092124205239,1,0
341227,Juan Miranda,24/25,2025,0,0.517200430843173,1,1
705099,Cornelius Staver,24/25,2025,1,0.5171928572591881,1,0
680906,Mustapha Gbolahan Salami,24/25,2025,0,0.517182078521649,1,1
1004385,Owen Martinez-Jullien,24/25,2025,1,0.5171615350884519,1,0
352607,Darío García,24/25,2025,1,0.5171070678662449,1,0
954687,Francesco Macchi,24/25,2025,1,0.5170931138803606,1,0
503864,Ludvig Henriksen,24/25,2025,0,0.5170917551129397,1,1
411662,Lucas Veríssimo,24/25,2025,1,0.5170901089517488,1,0
578916,Ognjen Gasevic,24/25,2025,1,0.5170493988651295,1,0
95737,Bassel Jradi,24/25,2025,1,0.5170427989740549,1,0
1051905,Kira Yamamoto,24/25,2025,1,0.5170233753013603,1,0
224458,Pyry Soiri,24/25,2025,1,0.5170190971628806,1,0
254968,Dario Marzino,24/25,2025,0,0.5170048982816159,1,1
510329,Hugo Rama,24/25,2025,1,0.5170016302292922,1,0
149231,Fidel,24/25,2025,1,0.5169912864598074,1,0
264302,Dimitar Mitov,24/25,2025,0,0.5169890583726537,1,1
947689,Aseel Al-Harbi,24/25,2025,1,0.5169828528220421,1,0
639237,Vedat Tunc,24/25,2025,0,0.5169780761166661,1,1
486204,Klisman Cake,24/25,2025,0,0.516971217747465,1,1
1191122,Meson Becchio,24/25,2025,1,0.5169563312198181,1,0
395291,Patrick Kurzen,24/25,2025,1,0.5169471341038914,1,0
350322,Emanuele Anastasia,24/25,2025,1,0.5169419745119773,1,0
576739,Valgeir Valgeirsson,24/25,2025,0,0.5169349425543724,1,1
868327,Hristiyan Slavkov,24/25,2025,1,0.5169298245529482,1,0
227314,Nelson Bonilla,24/25,2025,1,0.5169103898946801,1,0
90478,Lukas Van Eenoo,24/25,2025,1,0.516901519073085,1,0
929132,Jeremiah Esajas,24/25,2025,0,0.5168949068589285,1,1
675623,Job Kalisvaart,24/25,2025,1,0.5168797092983952,1,0
467486,Antoine Leautey,24/25,2025,1,0.5168796386398526,1,0
315984,Michael Kelly,24/25,2025,0,0.5168759922319791,1,1
955276,Timi Atiki Egbe,24/25,2025,1,0.5168625074499459,1,0
608534,Edward Bolaños,24/25,2025,0,0.5168487336392789,1,1
250826,Saeed Al-Mowalad,24/25,2025,0,0.5168461456046084,1,1
927768,Lucas Pires,24/25,2025,0,0.5168452374423587,1,1
878885,Rhys Schwank,24/25,2025,0,0.5168417377334174,1,1
1130174,Bennedikt Wüstenhagen,24/25,2025,1,0.5168218024851874,1,0
887638,Davide Bartesaghi,24/25,2025,1,0.5168169191750085,1,0
1052350,Nick Rothweiler,24/25,2025,0,0.5168135069028633,1,1
674136,Joel Senior,24/25,2025,0,0.5167293142669017,1,1
1011936,Kaye Furo,24/25,2025,1,0.5167247150517836,1,0
92488,Paddy Madden,24/25,2025,1,0.5167204802421128,1,0
1082485,Dylan Watret,24/25,2025,0,0.5167198607515286,1,1
751104,Milosz Matysik,24/25,2025,0,0.516704659731717,1,1
1089326,Yuriy Bakalyar,24/25,2025,0,0.5167013512648129,1,1
1091219,Abdoulaye Kanté,24/25,2025,1,0.5166954728002178,1,0
654539,Adrien Truffert,24/25,2025,1,0.5166877233905193,1,0
125342,Ohad Levita,24/25,2025,1,0.5166701616888366,1,0
742163,Joel Bagan,24/25,2025,0,0.5166568711720966,1,1
1172908,Amine Chabane,24/25,2025,0,0.5166556947480487,1,1
541914,Anton Kovalev,24/25,2025,0,0.516649609898555,1,1
195911,João Oliveira,24/25,2025,0,0.5166320252459228,1,1
709407,Dwann Oliveira,24/25,2025,1,0.516624503368866,1,0
61297,Milan Mijatovic,24/25,2025,0,0.5165914356143598,1,1
267753,Nicolás Ibáñez,24/25,2025,0,0.5165832956101943,1,1
199270,Zoltán Medgyes,24/25,2025,0,0.5165678372546804,1,1
401913,Ramiro Macagno,24/25,2025,0,0.5165657412833056,1,1
255359,Valeriy Gorbachik,24/25,2025,1,0.5165628400637915,1,0
129374,Marc Martínez,24/25,2025,1,0.516551312550806,1,0
1285972,Lorenzo Costa,24/25,2025,0,0.516522902676564,1,1
938388,Panagiotis Tsantilas,24/25,2025,0,0.5165104197350363,1,1
435772,Charles De Ketelaere,24/25,2025,0,0.5164760347290831,1,1
257462,Luka Jović,24/25,2025,1,0.5164641150830905,1,0
471055,Marvin Pieringer,24/25,2025,0,0.5164534513807935,1,1
492313,Rodrigo Guth,24/25,2025,1,0.5164342700459884,1,0
332250,Nicolás Oroz,24/25,2025,0,0.5164339193563279,1,1
987505,Alessandro Elia,24/25,2025,1,0.5164091413519348,1,0
548935,Steven van der Sloot,24/25,2025,0,0.5164061614990622,1,1
941420,Jack O'Reilly,24/25,2025,1,0.5163994853230616,1,0
528451,Tobias Bech,24/25,2025,0,0.5163830811236979,1,1
693413,David Idowu,24/25,2025,0,0.5163744067735795,1,1
482792,Simone Rabbi,24/25,2025,0,0.5163581275334685,1,1
832896,Jack Wilkie,24/25,2025,0,0.5163320036742914,1,1
470606,Leighton Clarkson,24/25,2025,0,0.5163169373050781,1,1
978438,Patrik Kristal,24/25,2025,0,0.5162895067202468,1,1
720517,Matías Barboza,24/25,2025,1,0.5162802609833619,1,0
622745,William Mackleyther,24/25,2025,1,0.5162456376977705,1,0
605242,Monju Momuluh,24/25,2025,1,0.5162322077417223,1,0
936739,Dominic Vavassori,24/25,2025,0,0.516228496706451,1,1
223029,Fábio Martins,24/25,2025,1,0.5161892412973622,1,0
1177190,Ye-chan Lee,24/25,2025,0,0.5161856756928767,1,1
610484,Adel Bettaieb,24/25,2025,1,0.516185439490639,1,0
120095,José Campaña,24/25,2025,1,0.5161783827558666,1,0
738514,Tristan Kuijsten,24/25,2025,1,0.5161668097424204,1,0
623119,Styopa Mkrtchyan,24/25,2025,0,0.5161635944837296,1,1
243616,Paschalis Kassos,24/25,2025,1,0.5161553186029141,1,0
422400,Ezequiel Montagna,24/25,2025,1,0.5161257650006417,1,0
113133,Germán Pezzella,24/25,2025,0,0.5161095042728525,1,1
634117,Pablo Valencia,24/25,2025,1,0.5160625216105424,1,0
724532,Sinclair Armstrong,24/25,2025,0,0.5160519128515927,1,1
657962,Leonard Bredol,24/25,2025,0,0.516004703658095,1,1
469828,Mihajlo Neskovic,24/25,2025,0,0.5160005174706606,1,1
336855,Elliot Newby,24/25,2025,0,0.515996424800498,1,1
945498,Elías Benali,24/25,2025,0,0.5159917521716927,1,1
936223,Nicolò Verza,24/25,2025,0,0.5159668618932762,1,1
1070312,Nathan Tronchet,24/25,2025,1,0.5159245064063736,1,0
728321,Petar Karaangelov,24/25,2025,0,0.5159079687282533,1,1
697716,Serginho,24/25,2025,1,0.515872805575434,1,0
1078416,Bradel Kiwa,24/25,2025,0,0.5158676045798071,1,1
338855,Matija Horvat,24/25,2025,0,0.5158426880144954,1,1
45320,Ángel Di María,24/25,2025,1,0.5158275157077751,1,0
381348,Daniel Mancini,24/25,2025,0,0.5158246634681377,1,1
59082,Heinz Lindner,24/25,2025,1,0.5158102272547546,1,0
1073023,Radoslaw Zelezny,24/25,2025,1,0.5158056883186027,1,0
814982,Marc Enke,24/25,2025,1,0.5158031312878006,1,0
477547,Daniil Paroutis,24/25,2025,0,0.5157997185410675,1,1
287564,Giorgio Tumbarello,24/25,2025,1,0.5157749034395873,1,0
275956,Nader Ghandri,24/25,2025,0,0.5157707696752486,1,1
63200,Ashley Barnes,24/25,2025,0,0.5157434642417409,1,1
378872,Kayden Jackson,24/25,2025,0,0.5157300891712625,1,1
124260,Julián Velázquez,24/25,2025,1,0.5157092671802089,1,0
95673,Tom van Weert,24/25,2025,0,0.5156966778809867,1,1
903414,Carlo Faedo,24/25,2025,0,0.5156848477882215,1,1
614498,Fabio Cortinovis,24/25,2025,1,0.5156760181631922,1,0
966649,Connor O'Brien,24/25,2025,0,0.5156704445266768,1,1
453807,Vincent Müller,24/25,2025,0,0.5156636912989204,1,1
927269,Teodor Ivanov,24/25,2025,1,0.5156537238215764,1,0
875253,Duccio Nannini,24/25,2025,1,0.5156461899077204,1,0
607720,Jonas Urbig,24/25,2025,0,0.5156041047544613,1,1
469976,Christopher Operi,24/25,2025,0,0.5155958174094364,1,1
376252,Shane McLoughlin,24/25,2025,1,0.5155926290894074,1,0
745601,Rafael Lubach,24/25,2025,0,0.5155896969988076,1,1
952715,Andrea Zilio,24/25,2025,0,0.5155852281481292,1,1
529357,Aris Sörensen,24/25,2025,0,0.5155768929186777,1,1
196445,Dustin Corea,24/25,2025,1,0.5155295088333173,1,0
1287735,Oscar Vargas,24/25,2025,0,0.5155275614214235,1,1
392773,Alex Cochrane,24/25,2025,0,0.51550907571833,1,1
429287,Olaus Skarsem,24/25,2025,0,0.5155012840000521,1,1
332179,Matteo Pessina,24/25,2025,0,0.5154896613291818,1,1
714144,Radek Lehovec,24/25,2025,0,0.5154839640222864,1,1
939751,Matej Kadlec,24/25,2025,0,0.5154725333984067,1,1
671549,Enes Osmani,24/25,2025,0,0.5154611902386153,1,1
999402,Diego Sia,24/25,2025,0,0.5154409007712973,1,1
534244,Adama Diarrassouba,24/25,2025,0,0.5154294023827338,1,1
457090,Stan van Dijck,24/25,2025,1,0.5154290874200446,1,0
468272,Gustavo Cascardo,24/25,2025,0,0.515422052435433,1,1
335587,Philipp Hanke,24/25,2025,0,0.515421610288126,1,1
392767,Danny Namaso,24/25,2025,1,0.5154079138468636,1,0
190804,Uros Djurdjevic,24/25,2025,0,0.5153878135725518,1,1
908210,Alex King,24/25,2025,1,0.5153847591545868,1,0
188477,Borislav Tsonev,24/25,2025,1,0.5153794602135899,1,0
393904,Filippo Delli Carri,24/25,2025,1,0.5153285791736839,1,0
1031769,Tim Windsheimer,24/25,2025,1,0.5153169912043335,1,0
464535,Zisis Chatzistravos,24/25,2025,1,0.5153102425255494,1,0
468309,Lucas Rosa,24/25,2025,0,0.5153088675601035,1,1
728478,Gavin Molloy,24/25,2025,0,0.5153023149184676,1,1
63491,Andreas Vasilogiannis,24/25,2025,0,0.5152950784960223,1,1
223977,Igor Julião,24/25,2025,0,0.5152945800075639,1,1
590203,Efthymios Pavlakis,24/25,2025,1,0.5152537694101244,1,0
257468,Nemanja Glavcic,24/25,2025,0,0.5152482739805602,1,1
520716,Malte Wengerowski,24/25,2025,0,0.5152461730339997,1,1
908929,Facundo Costantini,24/25,2025,1,0.5151963605874552,1,0
993989,Nikola Velichkovski,24/25,2025,1,0.5151838619644435,1,0
841353,Gojko Petovic,24/25,2025,0,0.5151812716723189,1,1
814966,Agustín Sienra,24/25,2025,1,0.5151800450581822,1,0
59009,Jörg Siebenhandl,24/25,2025,0,0.515151571629453,1,1
51152,Aleksandar Mitrović,24/25,2025,1,0.5151412989100312,1,0
1185019,Benedikt Rottensteiner,24/25,2025,1,0.5151303937896387,1,0
1073217,Vincenzo Lettieri,24/25,2025,0,0.5151088102732886,1,1
1172382,Francesco Limberti,24/25,2025,0,0.5150849795191043,1,1
77563,Samuel Sahin-Radlinger,24/25,2025,0,0.5150772437381512,1,1
932752,Thomas Zouaghi,24/25,2025,1,0.5150755370752749,1,0
159142,Aderllan Santos,24/25,2025,0,0.5150666798770847,1,1
146799,Alberto Brignoli,24/25,2025,0,0.5150589197957227,1,1
476057,Guytho Mijland,24/25,2025,1,0.5150560756587592,1,0
270187,Tomás Sánchez,24/25,2025,0,0.5150560114103653,1,1
741871,Justin Gröger,24/25,2025,0,0.5150365073160748,1,1
371345,Dimitar Sheytanov,24/25,2025,1,0.5150323293540845,1,0
1036636,Ivan Marchev,24/25,2025,0,0.51503187670048,1,1
401583,Julián Chicco,24/25,2025,1,0.5150285801463353,1,0
344605,Boubakary Soumaré,24/25,2025,0,0.5150278753901909,1,1
234006,Keagan Dolly,24/25,2025,1,0.5150000729139698,1,0
700565,Brian Cipenga,24/25,2025,0,0.5149979279248752,1,1
581106,Kristian Arnstad,24/25,2025,0,0.5149931183695107,1,1
665582,David Seger,24/25,2025,1,0.5149910400354393,1,0
268250,Bonifác Csonka,24/25,2025,0,0.5149769936557049,1,1
312932,Eraldo Cinari,24/25,2025,1,0.5149617130337485,1,0
1059479,Stefen Tchamche,24/25,2025,0,0.5149600986106675,1,1
185702,Danny Rose,24/25,2025,0,0.5149590821658585,1,1
928573,Joël van der Wilt,24/25,2025,0,0.5149467911887307,1,1
93633,Stipe Batarilo,24/25,2025,1,0.5149197736332985,1,0
216263,Aymen Souda,24/25,2025,1,0.51490517921521,1,0
321685,Mirza Mustafic,24/25,2025,1,0.5149043976428669,1,0
404688,Waldo Rubio,24/25,2025,1,0.5148956884145506,1,0
817753,Aisar Ahmed,24/25,2025,0,0.5148843732049703,1,1
765068,Pedro Antonio Rodriguez,24/25,2025,0,0.5148767720123388,1,1
1123259,Emanuele Tesauro,24/25,2025,1,0.5148502745216429,1,0
440730,Bence Varga,24/25,2025,1,0.5148459614083095,1,0
322765,Nathan Gartside,24/25,2025,1,0.5148262030086391,1,0
470393,Twan van der Zeeuw,24/25,2025,0,0.5147477020716266,1,1
190222,Sander van de Streek,24/25,2025,0,0.5147423335924154,1,1
787936,Ollie Hulbert,24/25,2025,0,0.5147165374553613,1,1
390719,Oliver Urso,24/25,2025,0,0.5146803190367533,1,1
1035765,Ilyas Ansah,24/25,2025,1,0.5146586647077124,1,0
784551,Petar Malisic,24/25,2025,1,0.5146251745865196,1,0
493983,Pavel Sokol,24/25,2025,1,0.5146249010846486,1,0
913085,Néné Gbamblé,24/25,2025,0,0.5145955219091796,1,1
308371,Mikel Villanueva,24/25,2025,1,0.5145850049788637,1,0
182108,Seba Pérez,24/25,2025,1,0.5145244964100415,1,0
251892,Juan Soriano,24/25,2025,0,0.5145032069858825,1,1
278651,Gerard Valentín,24/25,2025,1,0.5144973458697888,1,0
444523,Lucas Paquetá,24/25,2025,0,0.514474795885277,1,1
218355,Conor Grant,24/25,2025,0,0.514455246571643,1,1
461959,Douglas Aurélio,24/25,2025,0,0.5144291203759779,1,1
702354,Idrissa Thiam,24/25,2025,1,0.5144252987122041,1,0
357225,Mark Shelton,24/25,2025,0,0.5144184339358213,1,1
921431,Adam Kölle,24/25,2025,0,0.5144074576611919,1,1
40792,Manuel Riemann,24/25,2025,1,0.5144003351472541,1,0
620015,Tenton Yenne,24/25,2025,1,0.5143833284053608,1,0
800995,Ro-Zangelo Daal,24/25,2025,0,0.51438161109277,1,1
1254223,Stanislav Yovkov,24/25,2025,0,0.514376583824639,1,1
408247,Daniele Ciappellano,24/25,2025,0,0.5143727573064648,1,1
787907,Benjamin Tahirović,24/25,2025,0,0.5143613293110851,1,1
579263,Augustine Boakye,24/25,2025,0,0.5143234760085508,1,1
976219,Lorenzo Carfora,24/25,2025,0,0.5143101801883364,1,1
258951,Tamás Csilus,24/25,2025,0,0.5143093295854834,1,1
335440,Emil Christensen,24/25,2025,0,0.5143068387032399,1,1
938412,Theofilos Kakadiaris,24/25,2025,0,0.514297633739696,1,1
396085,Marco Ballabio,24/25,2025,0,0.5142967896500461,1,1
309841,Andre Green,24/25,2025,1,0.5142586370059545,1,0
623773,Kristoffer Lund,24/25,2025,1,0.5142344258998702,1,0
595781,Jimmy Suárez,24/25,2025,0,0.5142260234687575,1,1
736041,Haris Mesic,24/25,2025,1,0.5142202173334843,1,0
355501,Amadou Diawara,24/25,2025,1,0.514212501660954,1,0
373191,Flávio,24/25,2025,0,0.5141300401094249,1,1
448557,Lorenzo Meledandri,24/25,2025,1,0.5141171837076772,1,0
1110622,Francesco Nunziata,24/25,2025,1,0.5140661324969368,1,0
1075192,Sergio Carmona,24/25,2025,1,0.514053730689388,1,0
692128,Davide Ferri,24/25,2025,0,0.5140367103057293,1,1
392577,Matteo Rover,24/25,2025,1,0.5140325852172654,1,0
406699,Mosawer Ahadi,24/25,2025,1,0.5140302501160997,1,0
116088,Marius Bülter,24/25,2025,1,0.5140211480592948,1,0
538977,Georginio Rutter,24/25,2025,0,0.5139991890822464,1,1
907464,Tommy Leigh,24/25,2025,0,0.5139818157294515,1,1
109816,Roland Vólent,24/25,2025,0,0.5139421801284665,1,1
352598,Dragan Grivić,24/25,2025,1,0.5139308953367561,1,0
112457,Alessandro Bassoli,24/25,2025,1,0.5139242892599899,1,0
451237,Laurin Tost,24/25,2025,0,0.5139218764435796,1,1
510330,Diego García,24/25,2025,0,0.5139183381200774,1,1
304144,Alen Sherri,24/25,2025,1,0.5139019873974763,1,0
962174,Jacopo Lanzi,24/25,2025,0,0.5138984334857182,1,1
787152,Veit Stange,24/25,2025,0,0.5138978854599612,1,1
396955,Emmanuele Esposito,24/25,2025,0,0.513846958019682,1,1
814002,Luca Sonzogni,24/25,2025,1,0.5138292144864096,1,0
313888,Davíd Kristján Ólafsson,24/25,2025,0,0.5138046361718611,1,1
1058514,Montrell Culbreath,24/25,2025,0,0.5137909716066652,1,1
366213,Miłosz Mleczko,24/25,2025,0,0.5137887104060471,1,1
956694,Benedek Simon,24/25,2025,0,0.5137702944375815,1,1
584254,Maximilian Breunig,24/25,2025,1,0.5137652732310019,1,0
333942,Lion Schweers,24/25,2025,0,0.5137628707017031,1,1
696011,Pierre Nadjombe,24/25,2025,1,0.5137614881703069,1,0
425239,Alessandro Capelli,24/25,2025,0,0.5137339348928971,1,1
910777,Aseel Abed,24/25,2025,1,0.5137276517691195,1,0
955299,Carlo Soldati,24/25,2025,1,0.5137171987405649,1,0
276080,Iván Turrillo,24/25,2025,0,0.5137036177960398,1,1
355468,Primi Férriz,24/25,2025,1,0.5136956753868944,1,0
1230807,Máté Ecseri,24/25,2025,0,0.5136821103624776,1,1
348431,Cazim Suljic,24/25,2025,0,0.5136732329070569,1,1
867611,José de León,24/25,2025,1,0.51367148808991,1,0
1025415,Martin Todorski,24/25,2025,0,0.5136469543488693,1,1
832462,Krisztián Székely,24/25,2025,0,0.5136468042252609,1,1
1011280,Donart Ibraimi,24/25,2025,1,0.5136326091454856,1,0
896424,Samuel John Nwachukwu,24/25,2025,1,0.5136324839893758,1,0
184310,Inters Gui,24/25,2025,1,0.5135875754477546,1,0
391401,Fisnik Zuka,24/25,2025,1,0.5135839451967741,1,0
916429,Kelvin Patrick,24/25,2025,1,0.5135745704501662,1,0
539226,Simone Benincasa,24/25,2025,0,0.5135430543892632,1,1
121265,Toto Nsiala,24/25,2025,0,0.5135033342020127,1,1
716104,Lassana Mendes,24/25,2025,0,0.5134897087467453,1,1
587310,Marc Nielsen,24/25,2025,0,0.5134811170401806,1,1
388795,Oumar Gonzalez,24/25,2025,0,0.5134454262494915,1,1
485729,Fashion Sakala,24/25,2025,0,0.513411039879288,1,1
69392,Adriano Grimaldi,24/25,2025,1,0.5133641533458462,1,0
829299,Max Weiß,24/25,2025,1,0.5133581158520374,1,0
271763,Alibek Aliev,24/25,2025,0,0.5133491096888032,1,1
533506,Lazar Vujanic,24/25,2025,1,0.5133341204565899,1,0
179451,Donald Love,24/25,2025,0,0.5133339466972582,1,1
223053,Quini,24/25,2025,0,0.5133270659840579,1,1
78507,Derrick Tshimanga,24/25,2025,0,0.5133214520882313,1,1
929133,Rio Robbemond,24/25,2025,0,0.5132885283773682,1,1
229194,Aron Bjarnason,24/25,2025,0,0.513263292125337,1,1
163656,Connor Goldson,24/25,2025,0,0.5132581219067359,1,1
441098,Lucas Masoero,24/25,2025,1,0.5132573202096304,1,0
336051,Agus Medina,24/25,2025,0,0.5132481463077321,1,1
119472,Milan Heca,24/25,2025,0,0.5132013416148001,1,1
221907,Romell Quioto,24/25,2025,1,0.5131604022260143,1,0
140757,Daniel Bessa,24/25,2025,1,0.5131603624483633,1,0
78047,Brice Maubleu,24/25,2025,0,0.5131536531723757,1,1
733904,Michalis Patiras,24/25,2025,1,0.5131497258372754,1,0
536697,Amel Mujanic,24/25,2025,0,0.5131252989530233,1,1
999417,Francesco Pinto,24/25,2025,1,0.5130835716999063,1,0
806168,Paul Joly,24/25,2025,1,0.513061473734673,1,0
314341,Chris Willock,24/25,2025,0,0.5130565846036512,1,1
979858,Manuel Conti,24/25,2025,0,0.5130549877972337,1,1
558890,Sergio Gómez,24/25,2025,0,0.5130325373662814,1,1
1193782,Francesco Bochicchio,24/25,2025,1,0.5130261020549007,1,0
158534,Max Power,24/25,2025,1,0.5130123156323937,1,0
74345,Dénes Szakály,24/25,2025,0,0.5129807995241847,1,1
617762,Habib Oueslati,24/25,2025,0,0.5129729951555246,1,1
419597,Iyayi Atiemwen,24/25,2025,1,0.512966742086945,1,0
935476,Nicholas Pluvio,24/25,2025,0,0.5129559355249579,1,1
610400,William Bøving,24/25,2025,1,0.512937502125588,1,0
698741,Marcus Ifill,24/25,2025,0,0.5129310592449877,1,1
125918,Lucas Villafañez,24/25,2025,0,0.5129244645715169,1,1
337383,Andrea Boffelli,24/25,2025,0,0.5129241438143333,1,1
917158,Davide Ziu,24/25,2025,0,0.5129122350072177,1,1
421710,Patryk Szysz,24/25,2025,1,0.5128980220053052,1,0
1185755,Samuele Sina,24/25,2025,1,0.5128912681099678,1,0
289446,Yerry Mina,24/25,2025,0,0.5128794923331301,1,1
552655,Troy Parrott,24/25,2025,0,0.5128607845360509,1,1
156681,Stefan Haudum,24/25,2025,0,0.5128518356463694,1,1
56066,Enzo Pérez,24/25,2025,0,0.5128373469425624,1,1
295331,Isaac Success,24/25,2025,0,0.5128150881214233,1,1
906570,Dennis Azakir,24/25,2025,0,0.5128132306254337,1,1
1168851,Omar Khedr,24/25,2025,0,0.5128075115096588,1,1
894668,Stefan Bukinac,24/25,2025,0,0.5127980757871174,1,1
483742,Antonio Perera,24/25,2025,1,0.5127607731010344,1,0
252641,Pione Sisto,24/25,2025,0,0.5127516346707753,1,1
538678,Macauley Southam-Hales,24/25,2025,1,0.512747470115952,1,0
892127,Kayden Wolff,24/25,2025,0,0.5127319960669487,1,1
345604,Toni Tasev,24/25,2025,1,0.5127276613072348,1,0
733422,Jake Rooney,24/25,2025,1,0.5127203850100684,1,0
572798,Jakub Matousek,24/25,2025,0,0.5126886858870049,1,1
818898,Federico Magro,24/25,2025,1,0.5126849315249732,1,0
1186500,Ricky-Lee Owen,24/25,2025,0,0.5126836425166329,1,1
582406,Marian Smatlak,24/25,2025,0,0.5126486533155874,1,1
611793,James Hill,24/25,2025,0,0.5126479536129355,1,1
180167,Sivert Heltne Nilsen,24/25,2025,0,0.512633151548101,1,1
148817,Szilveszter Hangya,24/25,2025,0,0.5126142009503972,1,1
386442,Alessandro Zanellati,24/25,2025,1,0.5126041436148365,1,0
642521,Leonardo Marchi,24/25,2025,0,0.5126026064220961,1,1
183299,Callum Robinson,24/25,2025,0,0.5125654711949689,1,1
818819,Giuseppe Fares,24/25,2025,0,0.5125550574198472,1,1
577394,Denso Kasius,24/25,2025,0,0.5125399424998772,1,1
1069532,Owen Cuddihy,24/25,2025,0,0.5125210598729957,1,1
347253,Dany Mota,24/25,2025,0,0.5125123615751587,1,1
690852,Kristóf Sármány,24/25,2025,0,0.5124654945035793,1,1
808027,Dorian Chiotti,24/25,2025,1,0.5124492930179991,1,0
1321713,Justin Raviele,24/25,2025,1,0.5124419539858942,1,0
1002454,Ferdinand Riha,24/25,2025,0,0.5124212877947864,1,1
205533,Damien Dussaut,24/25,2025,1,0.5123997678701537,1,0
297198,Christian Ilic,24/25,2025,1,0.5123801563974912,1,0
234866,Rai Marchán,24/25,2025,1,0.5123521122410855,1,0
245030,Milan Gajic,24/25,2025,0,0.5123496174649502,1,1
930772,Corey Hurford,24/25,2025,0,0.5123472749487663,1,1
601143,Nikolas Veratschnig,24/25,2025,0,0.512325571567144,1,1
268957,José Matos,24/25,2025,1,0.5123244928409868,1,0
658115,Abel Bretones,24/25,2025,0,0.5123123986414534,1,1
862363,Abdellah Haimoud,24/25,2025,1,0.5122791226946888,1,0
282144,Marin Pongracic,24/25,2025,0,0.5122731835383588,1,1
929748,Marco Oliva,24/25,2025,1,0.512270977804712,1,0
400871,Kacper Krzepisz,24/25,2025,1,0.5122670072175701,1,0
949493,Ion Ciobanu,24/25,2025,1,0.5122569022555713,1,0
929878,Filip Sidklev,24/25,2025,1,0.5122374182191209,1,0
1173845,Borna Ivanda,24/25,2025,1,0.5121944358547584,1,0
167472,Youssouf M'Changama,24/25,2025,1,0.5121794921612283,1,0
617754,Mylian Jiménez,24/25,2025,1,0.5121244401908065,1,0
929887,Adam Sevinsky,24/25,2025,0,0.5121170525584902,1,1
766538,Ermek Kenzhebaev,24/25,2025,1,0.5121141435763247,1,0
208880,Amor Layouni,24/25,2025,0,0.5121004062755071,1,1
970279,Jacques Ekomié,24/25,2025,0,0.5120982018787453,1,1
404584,Marcus Forss,24/25,2025,1,0.5120815951340789,1,0
181661,Rolando Blackburn,24/25,2025,0,0.5120608067239505,1,1
356024,Rubilio Castillo,24/25,2025,1,0.5120572442677297,1,0
400174,Kristófer Kristinsson,24/25,2025,0,0.5120530582875358,1,1
632349,Jarell Quansah,24/25,2025,1,0.5120473734766882,1,0
289583,Antoine Lejoly,24/25,2025,1,0.5120425778871767,1,0
375791,Bence Pintér,24/25,2025,1,0.5120232353380766,1,0
631410,Vasilios Spinos,24/25,2025,0,0.511974838064486,1,1
315125,Javairô Dilrosun,24/25,2025,1,0.511952997973378,1,0
395120,Stefano Bonaiti,24/25,2025,1,0.511950248849386,1,0
800953,Elisio Widmann,24/25,2025,0,0.5119480980473642,1,1
171696,Marco Perrotta,24/25,2025,0,0.5119403903946146,1,1
487836,Simone Panada,24/25,2025,0,0.5119189332842122,1,1
170927,Simon Falette,24/25,2025,1,0.5119158550143994,1,0
384264,Aden Baldwin,24/25,2025,0,0.5119116334598114,1,1
857297,Ignacio Guerrico,24/25,2025,0,0.5118993971821898,1,1
160357,Mario Sampirisi,24/25,2025,0,0.5118864565086668,1,1
810100,Taylan Bulut,24/25,2025,1,0.5118730449216309,1,0
895458,Adrián Pica,24/25,2025,1,0.5118451690870669,1,0
238407,Alexander Sørloth,24/25,2025,0,0.5118442354934856,1,1
468249,Vitinho,24/25,2025,0,0.5118413178264672,1,1
151213,Ross Callachan,24/25,2025,1,0.5118318440439602,1,0
213035,Amadou Moutari,24/25,2025,1,0.5118311567378442,1,0
1009483,Antonio Bazdaric,24/25,2025,1,0.51179901032676,1,0
204198,Romain Saïss,24/25,2025,0,0.5117986934361065,1,1
947360,Kassoum Ouattara,24/25,2025,0,0.5117982314550008,1,1
88705,Michele Rigione,24/25,2025,0,0.5117920647441901,1,1
216683,Fafà Picault,24/25,2025,0,0.511753756294905,1,1
307183,Sirlord Conteh,24/25,2025,0,0.511726252008268,1,1
909270,Denis Dinev,24/25,2025,1,0.5117140793640877,1,0
1058533,Adam Herdonsson,24/25,2025,0,0.5117109692375111,1,1
422377,Aboubakary Koita,24/25,2025,0,0.5116924445773365,1,1
217139,Santi Canedo,24/25,2025,0,0.5116848287792518,1,1
273872,Joey Breitfeld,24/25,2025,0,0.5116745556083815,1,1
324472,Diego Borghini,24/25,2025,1,0.5116173391908668,1,0
1066823,Konstantinos Roumeliotis,24/25,2025,0,0.5116151922349252,1,1
928056,Jacopo Tarantino,24/25,2025,1,0.5115389757926868,1,0
1048417,Lukas Novotny,24/25,2025,0,0.5115368040333078,1,1
874429,Aron Sasu,24/25,2025,0,0.5115287412658064,1,1
1012534,Yankuba Minteh,24/25,2025,0,0.5115102733728597,1,1
670860,James Beadle,24/25,2025,1,0.5114876815012539,1,0
909482,Luke Kenny,24/25,2025,1,0.511481635876337,1,0
354133,Kevin Varas,24/25,2025,0,0.5114717175289143,1,1
696598,Ibrahim Cissé,24/25,2025,0,0.5114634683339746,1,1
89034,Riccardo Brosco,24/25,2025,0,0.5114558797089912,1,1
444571,Curtis Tilt,24/25,2025,1,0.5114539652513183,1,0
425808,Sebastian Hausner,24/25,2025,0,0.5114500208599393,1,1
511113,Álex Cano,24/25,2025,0,0.5114267228235158,1,1
275512,Emanuel Mammana,24/25,2025,0,0.5114196994962061,1,1
390135,Abbas Yassin Mohamad,24/25,2025,1,0.5114062081031819,1,0
455932,Lars Gindorf,24/25,2025,1,0.5113997496513459,1,0
151568,Xhelil Abdulla,24/25,2025,0,0.5113627536422348,1,1
704338,Paolo Chierichetti,24/25,2025,0,0.5113332156943887,1,1
1134304,Joseph Liteta,24/25,2025,0,0.5113232315532016,1,1
802629,Isaac Ogundere,24/25,2025,0,0.5112808920328006,1,1
340166,Alessio Castro-Montes,24/25,2025,1,0.5112440305220457,1,0
556314,András Pusztai,24/25,2025,0,0.5112304281102394,1,1
330659,Justin Kluivert,24/25,2025,0,0.5112205942311441,1,1
367620,Jacopo Cioce,24/25,2025,0,0.5112150584582468,1,1
1108584,Adam Rasheed,24/25,2025,0,0.51121368110425,1,1
676922,Moussa Sidibé,24/25,2025,1,0.5111935861770689,1,0
337385,Riccardo Gatti,24/25,2025,1,0.5111819997686202,1,0
895905,Dimitrios Kaloskamis,24/25,2025,1,0.5111618431553261,1,0
189100,Sasa Ivkovic,24/25,2025,0,0.5111539048959344,1,1
299561,Adrian Chovan,24/25,2025,0,0.5111252671469141,1,1
633668,Giovanni Fabbian,24/25,2025,0,0.5111219136072662,1,1
875631,Sanders Ngabo,24/25,2025,1,0.5110903818643655,1,0
465844,Stefan Gavrilov,24/25,2025,0,0.5110844814907122,1,1
296359,Félix Eboa Eboa,24/25,2025,0,0.5110802064258261,1,1
118071,Shane McEleney,24/25,2025,0,0.5110589837852288,1,1
509234,Mattéo Ahlinvi,24/25,2025,0,0.5110452525680458,1,1
561899,Abdollah Ali Saei,24/25,2025,0,0.5110225888017798,1,1
601507,Michele Voltan,24/25,2025,0,0.5109933312397087,1,1
625405,Noah Godwin,24/25,2025,1,0.5109931215563269,1,0
129579,Glenn Claes,24/25,2025,1,0.5109764078867446,1,0
867700,Joshua Duffus,24/25,2025,1,0.5109720411022333,1,0
1015825,Elio Rufener,24/25,2025,0,0.5109571650358036,1,1
451164,Damian Hilbrycht,24/25,2025,0,0.5109553326847213,1,1
484160,Alex Sposito,24/25,2025,1,0.5109428372954852,1,0
454238,Tomás Alarcón,24/25,2025,0,0.5109369704961958,1,1
744478,Dominik Pestic,24/25,2025,1,0.5109168877569439,1,0
191895,Rafał Kurzawa,24/25,2025,1,0.5109066306454316,1,0
744729,Tarek Buchmann,24/25,2025,1,0.5108774967836563,1,0
84911,Daniel Genov,24/25,2025,0,0.5108750521974027,1,1
96539,Marc Mateu,24/25,2025,1,0.5108508243754364,1,0
394352,Massimo Bertagnoli,24/25,2025,1,0.510831804515235,1,0
511128,Kellian van der Kaap,24/25,2025,1,0.5108224996796907,1,0
716685,Giannis Ioannidis,24/25,2025,0,0.510821325470894,1,1
818906,Yoan Bornosuzov,24/25,2025,0,0.5107788668869805,1,1
801029,Enoch Mastoras,24/25,2025,0,0.5107492926682475,1,1
163203,Francesco Vassallo,24/25,2025,0,0.51072220111412,1,1
225161,Rúben Neves,24/25,2025,0,0.5107207483252014,1,1
568503,Manuel Holzmann,24/25,2025,0,0.5107107793627756,1,1
287920,Tim Skarke,24/25,2025,0,0.5107087963438064,1,1
288067,Mats Köhlert,24/25,2025,1,0.5106708380151642,1,0
193777,Charlie Raglan,24/25,2025,1,0.5106644613973453,1,0
188888,Sheraldo Becker,24/25,2025,1,0.510656009096885,1,0
943828,Olivier de Nijs,24/25,2025,0,0.5106462977862126,1,1
503619,Andrea Papetti,24/25,2025,1,0.510642383959673,1,0
1001156,Viktor Tatar,24/25,2025,0,0.5106410604142644,1,1
398808,Martin Hongla,24/25,2025,0,0.5106373145746312,1,1
406008,Yan Valery,24/25,2025,0,0.5106365720695858,1,1
987811,Ifeanyi David Nduka,24/25,2025,1,0.5106328929673527,1,0
1098513,Seniko Doua,24/25,2025,0,0.5106154660838802,1,1
332341,Todd Cantwell,24/25,2025,0,0.5106120909892823,1,1
695279,Michal Matus,24/25,2025,1,0.510598278969057,1,0
388139,Mateo Topic,24/25,2025,0,0.5105618094820656,1,1
379980,Meritan Shabani,24/25,2025,1,0.5105472490867098,1,0
121570,Konstantinos Laifis,24/25,2025,0,0.5105459105574669,1,1
60517,Yacine Brahimi,24/25,2025,0,0.5105137997378282,1,1
396488,Giuseppe Coccia,24/25,2025,1,0.5105109759795068,1,0
554463,Gustavo Souza,24/25,2025,1,0.5105098051940196,1,0
781971,Jean-Marie Nadjombe,24/25,2025,1,0.5104978705083685,1,0
45228,Ryan Flynn,24/25,2025,0,0.5104937423187826,1,1
891833,Skye Vink,24/25,2025,0,0.5104662804609937,1,1
331637,Tom Baack,24/25,2025,1,0.5104630684225226,1,0
1056287,Pietro Pinelli,24/25,2025,0,0.5104577620939537,1,1
108468,Benjamin Tiedemann,24/25,2025,1,0.5104468341390371,1,0
261406,Seung-woo Ryu,24/25,2025,1,0.5103895942838017,1,0
160630,Alessandro Ligi,24/25,2025,0,0.5103797819534133,1,1
984136,Callum Stead,24/25,2025,0,0.5103771079097886,1,1
605779,Kewin Komar,24/25,2025,1,0.5103715013089791,1,0
1025179,Gergő Kovács,24/25,2025,0,0.5103684638497079,1,1
577832,Jesper Ceesay,24/25,2025,1,0.5103614598724865,1,0
442816,Fran Gámez,24/25,2025,1,0.5103421217894615,1,0
279472,Nathan Burke,24/25,2025,0,0.5103095253209653,1,1
340339,Jorge Sáenz,24/25,2025,0,0.5102903947388117,1,1
340415,Tomi Horvat,24/25,2025,0,0.5102834515526186,1,1
946971,Marin Prekodravac,24/25,2025,1,0.5102817041398752,1,0
1012731,Luis Balbo,24/25,2025,0,0.5102811070675745,1,1
170962,Nicolas Saint-Ruf,24/25,2025,0,0.5102746073621675,1,1
403437,Ciaran Kelly,24/25,2025,0,0.5102653121779572,1,1
229657,Jamal Arago,24/25,2025,0,0.5102532803154889,1,1
480955,Miguel Atienza,24/25,2025,0,0.5102472278029235,1,1
265176,Phil Neumann,24/25,2025,1,0.5102453145959468,1,0
494847,Lovro Majkic,24/25,2025,1,0.510219769280155,1,0
646698,Gabriel Misehouy,24/25,2025,1,0.5101902935699331,1,0
1049728,Nicolas Previtali,24/25,2025,0,0.5101788293785586,1,1
1066822,Georgios Botopoulos,24/25,2025,0,0.5101744710916796,1,1
696656,Rodri Andrade,24/25,2025,0,0.5101581341938108,1,1
631472,Bruno Langa,24/25,2025,1,0.5101567084476119,1,0
592116,Yuki Ohashi,24/25,2025,0,0.5101566897537265,1,1
535670,Colm Whelan,24/25,2025,0,0.5101546595060819,1,1
182932,Davy Klaassen,24/25,2025,0,0.5101256651915232,1,1
204654,Bashkim Velija,24/25,2025,1,0.5101170282543541,1,0
249210,Rubén Gálvez,24/25,2025,1,0.510106838384824,1,0
1218877,Mustafa Owaid,24/25,2025,1,0.5100997506556136,1,0
820148,Emre Uzun,24/25,2025,1,0.5100983362117967,1,0
538253,Simão,24/25,2025,0,0.5100894918080601,1,1
179471,Curtis Good,24/25,2025,0,0.5100747550554433,1,1
334804,Kenny Dougall,24/25,2025,0,0.510058286631498,1,1
686977,Justin Seven,24/25,2025,0,0.5100496077935771,1,1
94295,Jonas Thorsen,24/25,2025,0,0.510043440544106,1,1
111073,Ryan Allsop,24/25,2025,0,0.5100063648586726,1,1
84751,Luca Martinelli,24/25,2025,0,0.510003101155393,1,1
334526,Denis Zakaria,24/25,2025,0,0.5099804738328649,1,1
212746,Alexandru Băluță,24/25,2025,1,0.5099725104513537,1,0
340032,Christophe Nduwarugira,24/25,2025,0,0.5099677853802337,1,1
263482,Michael Olunga,24/25,2025,1,0.5099389109658093,1,0
371141,Stanley Nsoki,24/25,2025,1,0.5099206846691586,1,0
397401,Emanuele Boveri,24/25,2025,0,0.5099162339179854,1,1
629531,Artem Bilyi,24/25,2025,1,0.5098951318087687,1,0
563614,Tidiane Keita,24/25,2025,1,0.5098881735650695,1,0
1005240,Christian Mawissa,24/25,2025,0,0.5098861832446788,1,1
345760,David Turnbull,24/25,2025,0,0.5098682650903316,1,1
739076,Aboubacar Lô,24/25,2025,1,0.509867096339521,1,0
454121,Galeno,24/25,2025,0,0.5098596244051433,1,1
341126,Umberto De Lucia,24/25,2025,0,0.5098596032340688,1,1
1113024,Vasilije Markovic,24/25,2025,0,0.5098591825627232,1,1
339328,Owen Wijndal,24/25,2025,0,0.5098581433878021,1,1
354482,Amir Murillo,24/25,2025,0,0.5098390200317671,1,1
714488,Daniel Monga,24/25,2025,0,0.5098212558953374,1,1
1073176,Oumar Pona,24/25,2025,0,0.5098058219354127,1,1
456331,Sion Bradley,24/25,2025,1,0.5097880409697453,1,0
296897,Patrick Sontheimer,24/25,2025,0,0.5097752139249114,1,1
323611,Sigitas Olberkis,24/25,2025,0,0.509747607899791,1,1
962154,Albert Navarro,24/25,2025,0,0.5097259786726109,1,1
426281,Josh Earl,24/25,2025,0,0.5097207127589327,1,1
332593,Patrick Andrade,24/25,2025,1,0.5097055032926486,1,0
583058,Alvyn Sanches,24/25,2025,1,0.50968078370582,1,0
289267,Adrián Lapeña,24/25,2025,0,0.5096655570245343,1,1
160525,Antoni Sarcevic,24/25,2025,0,0.5096574427333254,1,1
705080,Mattia Codromaz,24/25,2025,0,0.5096372698669162,1,1
1166025,Vojtech Novak,24/25,2025,0,0.509635124697526,1,1
126321,Carl Jenkinson,24/25,2025,0,0.5096288756663705,1,1
872502,Mattia Alessio,24/25,2025,0,0.5096084548173521,1,1
453016,Anthony Caci,24/25,2025,0,0.5095939880328725,1,1
738474,David Kalokoh,24/25,2025,0,0.50957273532512,1,1
814468,Matteo Polizzi,24/25,2025,1,0.5095452319566512,1,0
846543,Noa Zuliani,24/25,2025,1,0.5095397551116844,1,0
88917,Ian Mackay,24/25,2025,1,0.5094597761460521,1,0
806793,Clément Akpa,24/25,2025,0,0.509439213061159,1,1
384664,Maciej Wolski,24/25,2025,0,0.5094203930994549,1,1
740578,Arsen Vitarigov,24/25,2025,0,0.5094089919192004,1,1
129314,Kristian Álvarez,24/25,2025,1,0.5093346531191213,1,0
112632,Raphael Augusto,24/25,2025,1,0.5093211268188892,1,0
214666,Connor Roberts,24/25,2025,0,0.5093210179895632,1,1
696613,Gabriele Pagliai,24/25,2025,1,0.5093046740060775,1,0
241402,Rewan Amin,24/25,2025,0,0.509304578602329,1,1
1011139,Jaden Dixon,24/25,2025,0,0.5092683882771004,1,1
128886,András Horváth,24/25,2025,0,0.5092338186582439,1,1
244940,Salih Özcan,24/25,2025,0,0.5092196197719981,1,1
535927,Luke McNally,24/25,2025,0,0.5091981985531149,1,1
150788,Yahya Al-Shehri,24/25,2025,0,0.5091943640039844,1,1
1318390,Niccolò Mennini,24/25,2025,1,0.5091935687649738,1,0
231289,Otávio,24/25,2025,1,0.5091811647011777,1,0
418561,Kristoffer Klaesson,24/25,2025,0,0.5091719199823702,1,1
419120,Paulo Vítor,24/25,2025,1,0.5091712253980714,1,0
1162365,Bandar Darwish,24/25,2025,0,0.5091373064628933,1,1
498048,Julián Guevara,24/25,2025,0,0.5090935320319689,1,1
897478,Etienne Borie,24/25,2025,0,0.509092097981938,1,1
1065861,Ernesto Ballabile,24/25,2025,1,0.5090866215119875,1,0
99348,Antonio Amaro,24/25,2025,1,0.5090782581573795,1,0
485533,Máté Fekete,24/25,2025,0,0.5090752491521402,1,1
959193,Dagoberto Espinoza,24/25,2025,0,0.5090398538608938,1,1
484215,Toby Sibbick,24/25,2025,1,0.5090344329945596,1,0
51569,Sasa Strujic,24/25,2025,0,0.5090265477639541,1,1
340322,Nathan Tella,24/25,2025,0,0.5090182305291646,1,1
1076170,Denis Kala,24/25,2025,0,0.5089978324985397,1,1
483385,Nicke Kabamba,24/25,2025,0,0.5089956542595665,1,1
1003925,Henrijs Auseklis,24/25,2025,0,0.5089788620309436,1,1
138850,Stefan Drazic,24/25,2025,0,0.5089395918507528,1,1
929257,Joonas Frenzel,24/25,2025,0,0.5089284799646507,1,1
386833,Guido Variola,24/25,2025,0,0.5089268220817219,1,1
242497,Pere Pons,24/25,2025,0,0.5089085826834769,1,1
157539,Konstantinos Fortounis,24/25,2025,0,0.5089001866961983,1,1
242668,Paschalis Staikos,24/25,2025,1,0.5088814265175313,1,0
188478,Radoslav Tsonev,24/25,2025,1,0.5088541131239338,1,0
287764,Luca Procacci,24/25,2025,0,0.5088384684491385,1,1
73269,Javier Matilla,24/25,2025,0,0.5088329218198383,1,1
392048,Erald Lakti,24/25,2025,0,0.5087900046301437,1,1
146164,Max Meyer,24/25,2025,0,0.508788323455211,1,1
284884,Óscar Rodríguez,24/25,2025,1,0.5087470186801312,1,0
77809,Julian Korb,24/25,2025,0,0.5087439330284933,1,1
1106292,Yassin Hamdi,24/25,2025,0,0.5086756230497923,1,1
598153,Dimitrios Tsakmakis,24/25,2025,0,0.5086725632189926,1,1
810833,Arda Süne,24/25,2025,0,0.5086721684503526,1,1
922772,Charalampos Kallanxhi,24/25,2025,0,0.5086716337893623,1,1
347594,Florian Miguel,24/25,2025,0,0.5086555547756214,1,1
197745,Riccardo Fiamozzi,24/25,2025,1,0.5086529980139396,1,0
278309,Simone Russini,24/25,2025,0,0.5086370350414402,1,1
656159,Julius Madsen,24/25,2025,0,0.5086301669136808,1,1
649568,Pavel Juroska,24/25,2025,0,0.5085916736590356,1,1
543093,Josh Neufville,24/25,2025,1,0.5085820275360057,1,0
802205,Danilo Bajraktari,24/25,2025,0,0.5085816334688215,1,1
915897,Petar Markovic,24/25,2025,0,0.5085809473799145,1,1
924030,Lucas Beetz,24/25,2025,0,0.5085657869105643,1,1
278205,Viktor Ergin,24/25,2025,1,0.5085236688817409,1,0
132779,Branko Pauljevic,24/25,2025,0,0.5085132231018281,1,1
357858,Marc Tsoungui,24/25,2025,1,0.5084749465841659,1,0
1250341,Diego Deisadze,24/25,2025,0,0.5084661762506424,1,1
255119,Elias Dolah,24/25,2025,1,0.5084626947489975,1,0
619884,Emil Engqvist,24/25,2025,0,0.5084612826273431,1,1
282700,Enric Franquesa,24/25,2025,0,0.5083851192950423,1,1
209291,Jack Bonham,24/25,2025,0,0.5083810878902952,1,1
837050,Rob Apter,24/25,2025,1,0.5083685605196356,1,0
983248,Callan McKenna,24/25,2025,0,0.5083680248312279,1,1
670119,Victor Loturi,24/25,2025,0,0.5083635987549221,1,1
179863,Andreas Naumann,24/25,2025,0,0.5083546197062259,1,1
166237,Leandro Paredes,24/25,2025,1,0.5083513451216959,1,0
805601,Ben Margetson,24/25,2025,0,0.5082852982028137,1,1
481675,Christos Mandas,24/25,2025,0,0.5082805660739672,1,1
432116,Noah Lewis,24/25,2025,0,0.5082803373472854,1,1
1056226,Aristidis Andrikopoulos,24/25,2025,1,0.5082626649531128,1,0
1118150,Emmanuel Uchenna,24/25,2025,0,0.5082198685408389,1,1
586855,Loreintz Rosier,24/25,2025,1,0.5082152093051225,1,0
906339,Antonio Jozanovic,24/25,2025,1,0.5082049749888679,1,0
665552,Denis Dziuba,24/25,2025,1,0.5081992868329824,1,0
727585,Joel Torrance,24/25,2025,0,0.5081990040244344,1,1
73700,Nikolaos Kaltsas,24/25,2025,0,0.5081680058187211,1,1
624569,Samuel Attah Kumi,24/25,2025,0,0.5081618152822879,1,1
453870,Benedict Hollerbach,24/25,2025,1,0.5081318224037671,1,0
906598,Jason Amann,24/25,2025,0,0.5081245731264337,1,1
373301,Silva,24/25,2025,1,0.5081034852138397,1,0
829838,Hennes Behrens,24/25,2025,0,0.5081024741679611,1,1
346073,Justin Bretgeld,24/25,2025,0,0.5080765938189419,1,1
135853,Manuel Lanzini,24/25,2025,1,0.5080713859317609,1,0
213947,Farid Abderrahmane,24/25,2025,0,0.5080656813117448,1,1
860658,Holger Bux,24/25,2025,0,0.5080364815273407,1,1
331214,Brice Wembangomo,24/25,2025,0,0.5080363679183735,1,1
84377,Jonatan Gómez,24/25,2025,1,0.5080322530167477,1,0
273945,Miroslav Bogosavac,24/25,2025,0,0.5080292797817542,1,1
648886,Samuel Loric,24/25,2025,0,0.5079906319374893,1,1
333851,Ákos Sigér,24/25,2025,0,0.507980966009561,1,1
353634,Robert Ljubicic,24/25,2025,0,0.5079781421957277,1,1
395118,Pietro Fusi,24/25,2025,0,0.5079316125127759,1,1
315777,Matthew Olosunde,24/25,2025,1,0.5078904714898912,1,0
559333,Kian Fitz-Jim,24/25,2025,0,0.5078621957452581,1,1
554903,Mateo Retegui,24/25,2025,1,0.5078406789811347,1,0
647548,Anthony Walker,24/25,2025,1,0.5078276967616356,1,0
461484,Frederik Ibsen,24/25,2025,0,0.5078148637641736,1,1
669569,Nicolo Baldani,24/25,2025,0,0.5078080610976516,1,1
906315,Hugo Cuenca,24/25,2025,0,0.5078039399101809,1,1
863207,Martin Stoychev,24/25,2025,0,0.5077665683753345,1,1
713355,Samuel Calderoni,24/25,2025,1,0.5077554045987355,1,0
748541,Joeri Oud,24/25,2025,0,0.5077535920118823,1,1
642967,Brayan Vera,24/25,2025,0,0.5077049096992982,1,1
659270,Lendrit Shala,24/25,2025,0,0.5077030839829832,1,1
866888,José Matos,24/25,2025,1,0.5077011198887061,1,0
946730,Klahos Zani,24/25,2025,1,0.5076622972144016,1,0
912455,Simon Walde,24/25,2025,0,0.5076342120437786,1,1
158795,David Timor,24/25,2025,1,0.5076326672636987,1,0
883007,Filippo Mane,24/25,2025,0,0.5076324548743413,1,1
911531,Alexis Golfinos,24/25,2025,1,0.5076081461900832,1,0
983810,Senan Mullen,24/25,2025,1,0.507599974584169,1,0
51227,Dame Traoré,24/25,2025,0,0.5075827660285316,1,1
838221,Dudu Hatamoto,24/25,2025,1,0.5075632591458923,1,0
884820,Almugera Kabar,24/25,2025,0,0.5075462059058877,1,1
846358,Kerr Smith,24/25,2025,1,0.5075268724466004,1,0
903202,Jordi Jaku,24/25,2025,0,0.5075082254959723,1,1
282422,Mumo Muñoz,24/25,2025,0,0.5074661440249725,1,1
405670,Yannik Engelhardt,24/25,2025,1,0.507462408058675,1,0
145707,Danilo,24/25,2025,0,0.5074501291140385,1,1
220755,Matthew Pennington,24/25,2025,1,0.5074384583568853,1,0
574772,Lázaro,24/25,2025,1,0.5074232645732089,1,0
935822,Vladyslav Nagrudnyi,24/25,2025,1,0.5074141311705763,1,0
1073748,Kacper Potulski,24/25,2025,1,0.5074106304411261,1,0
234761,Danny Bejarano,24/25,2025,1,0.5073914019878843,1,0
765110,Jakub Tosnar,24/25,2025,0,0.5073899798907096,1,1
251836,Robert Taylor,24/25,2025,0,0.5073630567265421,1,1
313691,Brayan Riascos,24/25,2025,0,0.507356938931929,1,1
849520,Santiago Castro,24/25,2025,0,0.5073569030579864,1,1
358166,Eldor Shomurodov,24/25,2025,1,0.5073422296843995,1,0
1162101,Egor Grivenev,24/25,2025,0,0.507317144751429,1,1
434109,Fabian Windhager,24/25,2025,0,0.5073151543696519,1,1
325443,Viktor Gyökeres,24/25,2025,1,0.5073012010919326,1,0
675878,Cristian,24/25,2025,0,0.5072848780114556,1,1
400050,Keve Tóth,24/25,2025,0,0.5072476097366464,1,1
323754,Wilhelm Nilsson,24/25,2025,0,0.507242175356373,1,1
731899,Álvaro Zamora,24/25,2025,1,0.5072389788393795,1,0
1192068,Tommaso Nucifero,24/25,2025,1,0.507238472022661,1,0
354476,Diogo Tomas,24/25,2025,0,0.5072279367898426,1,1
265078,Patrick Cutrone,24/25,2025,1,0.5072225831434037,1,0
167792,Nicolò Bianchi,24/25,2025,1,0.5072185780209928,1,0
218140,George Honeyman,24/25,2025,1,0.5071936840949827,1,0
410696,Anthony Landázuri,24/25,2025,0,0.5071904741988873,1,1
74960,Martin Dúbravka,24/25,2025,1,0.5071741050493989,1,0
293785,Aidan McAdams,24/25,2025,0,0.5071727991954129,1,1
681935,Jonas Kühl,24/25,2025,0,0.5071210588881033,1,1
78818,Dario Dumic,24/25,2025,0,0.5071183465066954,1,1
708267,Nassim Benaissa,24/25,2025,1,0.5071050895985927,1,0
745299,Tom Kerssens,24/25,2025,1,0.507050183982007,1,0
205878,Charlie Telfer,24/25,2025,1,0.5070493689293151,1,0
174247,Luke McCullough,24/25,2025,0,0.5070034944328881,1,1
268742,Márton Lorentz,24/25,2025,1,0.5069880273207851,1,0
223668,Kevin Fery,24/25,2025,0,0.5069866082775675,1,1
154396,Danilo Soares,24/25,2025,0,0.5069830504590224,1,1
71019,Bartosz Salamon,24/25,2025,1,0.5069824846367825,1,0
507479,Darian Males,24/25,2025,0,0.5069646850587909,1,1
874041,Kamarl Grant,24/25,2025,0,0.5069518819830103,1,1
500782,Willy Vogt,24/25,2025,1,0.5069486525580156,1,0
636417,Konstantinos Dionellis,24/25,2025,1,0.5068783585180325,1,0
66501,Robbie Willmott,24/25,2025,0,0.5068760327233147,1,1
164830,Márió Németh,24/25,2025,0,0.5068720804185449,1,1
597804,Jonas Kersken,24/25,2025,0,0.5068706333023629,1,1
153306,Bartosz Kopacz,24/25,2025,0,0.5068269355925638,1,1
912438,Tim Müller,24/25,2025,0,0.5068073890200705,1,1
100001,Carlos Auzqui,24/25,2025,0,0.5068010030579619,1,1
126953,Bojan Zogovic,24/25,2025,0,0.5067932678627524,1,1
203654,Tozé,24/25,2025,0,0.5067300983554773,1,1
127610,Mexer,24/25,2025,1,0.5067047933345101,1,0
643574,Kaishu Sano,24/25,2025,0,0.5066952559229246,1,1
77825,Etrit Berisha,24/25,2025,0,0.5066909231634646,1,1
152093,Anderson Correia,24/25,2025,0,0.5066834042475847,1,1
633655,Chris Mochrie,24/25,2025,0,0.5066424690151127,1,1
537706,Lucas Fox,24/25,2025,0,0.506640226664597,1,1
929128,Koen Schilder,24/25,2025,0,0.5066193611229786,1,1
509423,Jack Armer,24/25,2025,0,0.5066040347385729,1,1
146603,Roland Baracskai,24/25,2025,0,0.506600755666281,1,1
463030,Markus Kaasa,24/25,2025,1,0.5065888782881144,1,0
349570,Diney Borges,24/25,2025,0,0.5065557157374726,1,1
208022,Giovanni Zarfino,24/25,2025,1,0.5065482261115289,1,0
103427,Chris Smalling,24/25,2025,0,0.5065409945740149,1,1
936027,Alessandro Pavanati,24/25,2025,0,0.5065378714721047,1,1
581330,Eiran Cashin,24/25,2025,1,0.5064916896438251,1,0
1049599,Michele Scienza,24/25,2025,1,0.5064731196587536,1,0
415383,Hervé Koffi,24/25,2025,1,0.5064661059501645,1,0
569366,Enzo Millot,24/25,2025,1,0.5064574213311457,1,0
918811,Mattia Fortin,24/25,2025,1,0.5064564912346275,1,0
409533,Nick Shinton,24/25,2025,0,0.5064232035846697,1,1
358948,Bright Osayi-Samuel,24/25,2025,1,0.5063615092666426,1,0
666167,Nicolas Ortegel,24/25,2025,1,0.5063463502443666,1,0
158946,Erdoğan Yeşilyurt,24/25,2025,0,0.5063177435622961,1,1
185195,Nikko Boxall,24/25,2025,0,0.5063163131270815,1,1
270609,Róbert Kővári,24/25,2025,0,0.506300075418143,1,1
342012,Rody de Boer,24/25,2025,0,0.5062583214229294,1,1
963139,Francisco Perruzzi,24/25,2025,0,0.506246360739507,1,1
720932,Egor Parkhomenko,24/25,2025,1,0.5062378247524314,1,0
740558,Roman Horak,24/25,2025,0,0.5062099853934363,1,1
323167,Matteo Gabbia,24/25,2025,0,0.5061990118135675,1,1
207302,Sergio Rico,24/25,2025,0,0.5061446673727726,1,1
281900,Paolo Bartolomei,24/25,2025,0,0.506125181868404,1,1
205809,Marcus Rohdén,24/25,2025,0,0.5061226887963806,1,1
1099543,Andrew Buah,24/25,2025,1,0.5061198464680877,1,0
1061820,Lorenzo Venturino,24/25,2025,0,0.5061195874166561,1,1
745075,David Preu,24/25,2025,0,0.5060868261723198,1,1
1269895,Andrea Giardino,24/25,2025,1,0.5060748588650962,1,0
383810,Arnau Campeny,24/25,2025,0,0.506063713217418,1,1
113890,David Mitchell,24/25,2025,1,0.5060477805720728,1,0
121257,Adam Forshaw,24/25,2025,0,0.5060327926544598,1,1
321579,Jake Beesley,24/25,2025,1,0.5060226267675625,1,0
1046692,Ólafur Hjaltason,24/25,2025,0,0.5060080143542626,1,1
9273,Tobias Duffner,24/25,2025,0,0.5059935059473489,1,1
51510,Ángel Rodríguez,24/25,2025,1,0.5059865356539632,1,0
135747,Luca Lezzerini,24/25,2025,1,0.5059850243096838,1,0
401855,Dylan Fox,24/25,2025,0,0.5059598967963693,1,1
84840,Bence Somodi,24/25,2025,0,0.5059494526877536,1,1
111811,Florent Hanin,24/25,2025,0,0.5059393302876818,1,1
223727,Godswill Ekpolo,24/25,2025,0,0.5059084581272397,1,1
378520,Fernán Faerron,24/25,2025,1,0.505898560765475,1,0
148812,Aurél Farkas,24/25,2025,0,0.5058908299176688,1,1
139576,Édson Rivera,24/25,2025,0,0.5058779799115561,1,1
934317,Maxim Dal,24/25,2025,1,0.5058732031353974,1,0
1045159,Daniel Barat,24/25,2025,0,0.505868719606623,1,1
431422,Nathan Trott,24/25,2025,1,0.5058466360702439,1,0
90800,Diego Rodríguez,24/25,2025,0,0.5058169076924455,1,1
469669,Yvan Neyou,24/25,2025,1,0.5058159283572243,1,0
357156,Diogo Leite,24/25,2025,0,0.505806951779194,1,1
464469,Torbjørn Heggem,24/25,2025,1,0.5057958852504713,1,0
734348,Hernán Zazas,24/25,2025,1,0.505787353162177,1,0
689022,Nadir Ajanovic,24/25,2025,0,0.505783406667852,1,1
393436,Aly Abeid,24/25,2025,0,0.5057724480534066,1,1
454567,Orkun Kökçü,24/25,2025,1,0.5057283905237656,1,0
142990,Stefano Scognamillo,24/25,2025,1,0.505723134769703,1,0
58382,Kristian Böhnlein,24/25,2025,0,0.5056731265889739,1,1
765105,Roman Mokrovics,24/25,2025,0,0.5056729500513066,1,1
695877,Denis Ciobanu,24/25,2025,0,0.5056069343144385,1,1
1177641,Samuel Bockay,24/25,2025,1,0.5055681863116589,1,0
541628,Oliver Sonne,24/25,2025,0,0.5055607823443609,1,1
741352,Dmitriy Lutik,24/25,2025,0,0.505560041387644,1,1
967658,Augusto Bando,24/25,2025,0,0.5055046511896228,1,1
438311,Victor Stina,24/25,2025,1,0.5055013611703345,1,0
226006,Emanuel Insúa,24/25,2025,1,0.5054595214893666,1,0
728722,Julius Lindberg,24/25,2025,0,0.5054374392489177,1,1
166591,Rodrigo Rey,24/25,2025,0,0.5054132393051252,1,1
182185,Milan Rundic,24/25,2025,1,0.50536876264074,1,0
342018,Tennai Watson,24/25,2025,1,0.505351210055683,1,0
402970,Dimitrios Stavropoulos,24/25,2025,0,0.5053284265459707,1,1
319306,Lewis Thomas,24/25,2025,0,0.5052985483048216,1,1
542796,Mathias Jørgensen,24/25,2025,1,0.5052603692373925,1,0
951643,Zakhar Gitselev,24/25,2025,0,0.5052455075080895,1,1
276768,Nolan Mbemba,24/25,2025,1,0.5052380770883015,1,0
80435,Korey Smith,24/25,2025,0,0.5052323302441486,1,1
878160,Reuell Walters,24/25,2025,0,0.5052142642330413,1,1
724711,Matyas Jedlicka,24/25,2025,0,0.5052138294714067,1,1
396167,Charlie Scott,24/25,2025,0,0.5051447111496086,1,1
939804,Keno-Miguel Meyer,24/25,2025,1,0.5051401385377386,1,0
269677,Vladyslav Krayev,24/25,2025,0,0.5051263618735296,1,1
599074,Kristiyan Peshov,24/25,2025,1,0.5050970069323668,1,0
942065,Julian Oerip,24/25,2025,0,0.5050969901882519,1,1
343537,Artem Dovbyk,24/25,2025,0,0.5050812594519569,1,1
440755,Benny,24/25,2025,1,0.5050705525565797,1,0
467151,Mahmoud Jaber,24/25,2025,1,0.5050649363185588,1,0
177821,Daryl van Mieghem,24/25,2025,0,0.5050511521727024,1,1
284177,Tim Handwerker,24/25,2025,1,0.5050296121663153,1,0
220848,Yannick Gomis,24/25,2025,0,0.5050274494788259,1,1
559327,Youri Baas,24/25,2025,0,0.5050238100962869,1,1
461477,Tyler Walton,24/25,2025,0,0.5050037193209097,1,1
177779,Janik Haberer,24/25,2025,0,0.5049917887420894,1,1
267486,Bruno Lulaj,24/25,2025,0,0.5049840340687443,1,1
911757,Liam Bennett,24/25,2025,0,0.5049837841244718,1,1
551686,Khalid Muneer,24/25,2025,0,0.5049550827368214,1,1
192855,Mehdi Khalil,24/25,2025,0,0.5049404479297376,1,1
234888,Georgios Athanasiadis,24/25,2025,1,0.504894099537466,1,0
152695,Martin Sindelar,24/25,2025,0,0.5048913617516068,1,1
67886,Paulo Victor,24/25,2025,1,0.5048883456997437,1,0
357992,Raoul Bellanova,24/25,2025,0,0.5048757469652843,1,1
197830,Josh Sheehan,24/25,2025,0,0.5048612093270648,1,1
461619,Fernando Medrano,24/25,2025,1,0.5048582816774908,1,0
732743,Sam Long,24/25,2025,0,0.5048480496502353,1,1
225693,Fabinho,24/25,2025,0,0.5048454589584198,1,1
346181,Oli Hawkins,24/25,2025,1,0.5048312293274484,1,0
408288,Jesús Ruiz,24/25,2025,1,0.5048067040769708,1,0
467434,Rocco Reitz,24/25,2025,0,0.5047918098557315,1,1
946393,Nikolay Sotnikov,24/25,2025,0,0.5047868927522334,1,1
293771,Evgeniy Yablonskiy,24/25,2025,0,0.5047720766922422,1,1
1123382,Elio Trochen,24/25,2025,0,0.5047657290312092,1,1
150462,Alessandro Salvi,24/25,2025,0,0.5047531582250684,1,1
896732,Damian van der Vaart,24/25,2025,0,0.5046937704954678,1,1
213510,Jota,24/25,2025,0,0.5046837828023135,1,1
223972,Patrick Pentz,24/25,2025,0,0.5046542045178019,1,1
1108145,Cheick Oumar Konaté,24/25,2025,0,0.5046389051615631,1,1
473050,Kevin Schade,24/25,2025,0,0.5046360362680322,1,1
1109887,Filip Kaczmarek,24/25,2025,0,0.5046346395575747,1,1
196785,Emanuel Taffertshofer,24/25,2025,1,0.5046344368863942,1,0
407491,Luka Gugeshashvili,24/25,2025,1,0.5046301526619946,1,0
604008,Emam Ashour,24/25,2025,0,0.50462744878855,1,1
682225,Ahmad Assaf,24/25,2025,1,0.5045725392196461,1,0
468036,Dimitris Emmanouilidis,24/25,2025,1,0.5045427547556793,1,0
633624,Cole McKinnon,24/25,2025,1,0.5045287121683699,1,0
129558,Sam Walker,24/25,2025,0,0.5044636899020409,1,1
344969,Davor Zdravkovski,24/25,2025,1,0.5044520108413959,1,0
140444,Andrea Montanari,24/25,2025,0,0.5044262485440659,1,1
426428,Paulo Mendes,24/25,2025,0,0.5044141774651814,1,1
222209,Thomas Strakosha,24/25,2025,0,0.504360425689195,1,1
1106982,Seydou Sano,24/25,2025,0,0.5043569824772605,1,1
384553,Luca Kilian,24/25,2025,0,0.5042916939266459,1,1
290533,Yann Bodiger,24/25,2025,1,0.504265539787618,1,0
655177,Zeno Ibsen Rossi,24/25,2025,0,0.5042431688305088,1,1
902987,Mats Seiler,24/25,2025,0,0.5042167769546564,1,1
134327,Fabio Benedetto,24/25,2025,0,0.504208967706624,1,1
1175942,Davide Chiandussi,24/25,2025,1,0.5042057563814655,1,0
580027,Luca Connell,24/25,2025,0,0.5041953696055446,1,1
531288,Mathew Jones,24/25,2025,0,0.504172362992423,1,1
1077175,Honest Ahanor,24/25,2025,1,0.5041703332781876,1,0
347885,Fabio Morselli,24/25,2025,0,0.50416803990274,1,1
421769,Davide Ghislandi,24/25,2025,0,0.504154837729579,1,1
615618,Santiago Eneme,24/25,2025,1,0.5041242794905697,1,0
1055084,Nicolò Tordiglione,24/25,2025,1,0.5041175278307342,1,0
344381,Christopher Nkunku,24/25,2025,1,0.5040999117320077,1,0
234249,Federico Andrada,24/25,2025,1,0.5040980014653034,1,0
413268,Kevin Yakob,24/25,2025,0,0.504071888859797,1,1
118997,Aitor Fernández,24/25,2025,0,0.5040209931679058,1,1
832898,Simon Polasek,24/25,2025,1,0.5040051245126641,1,0
51730,Jamie Murphy,24/25,2025,0,0.5039664075492192,1,1
624266,Ross McCausland,24/25,2025,1,0.5039566167213033,1,0
593917,Ramin Alii,24/25,2025,1,0.5039192509990228,1,0
73846,Paul-José Mpoku,24/25,2025,1,0.5039178348479941,1,0
332069,Philip Rejnhold,24/25,2025,1,0.5038938136516087,1,0
267497,Kristi Qose,24/25,2025,0,0.5038872278302399,1,1
898127,Fedor Lapoukhov,24/25,2025,0,0.503875802344115,1,1
289432,Dylan Batubinsika,24/25,2025,0,0.5037985681581515,1,1
584065,Marc Richter,24/25,2025,1,0.5037907470600502,1,0
1146719,Yasin Belhadj,24/25,2025,0,0.5037838617476541,1,1
385614,Andrzej Trubeha,24/25,2025,0,0.5037409289071683,1,1
414799,Lewis Strapp,24/25,2025,0,0.5037249911538306,1,1
685145,Filip Bundgaard,24/25,2025,0,0.5037093813554172,1,1
74741,Dragan Mihajlovic,24/25,2025,0,0.5037075949058936,1,1
373373,Lucas Martínez Quarta,24/25,2025,0,0.5036955537647796,1,1
397444,Marco Mosca,24/25,2025,1,0.5036807010792954,1,0
491702,Nacho Pais,24/25,2025,1,0.503679285075829,1,0
260557,Slavko Damjanovic,24/25,2025,1,0.5036273402375533,1,0
883122,Anas Haj Mohamed,24/25,2025,1,0.5036272764741879,1,0
291359,Tom Lang,24/25,2025,0,0.5035457792260727,1,1
256120,Wilfrid Kaptoum,24/25,2025,1,0.5035237053877264,1,0
322754,Joe Crowe,24/25,2025,0,0.5034962750706679,1,1
392281,Matteo Di Giovanni,24/25,2025,0,0.5034717677782901,1,1
1075575,Marius Courcoul,24/25,2025,0,0.5034705114269731,1,1
1001788,Ibrahim Fofana,24/25,2025,0,0.5034549756900735,1,1
392710,Lennard Maloney,24/25,2025,0,0.5034386640062,1,1
724034,Athanasios Karamanis,24/25,2025,0,0.5034222097372769,1,1
490609,Lasse Rieß,24/25,2025,0,0.5034139161611516,1,1
1116267,Kristian Mandic,24/25,2025,1,0.5034037192253632,1,0
911955,Morgan Owen,24/25,2025,0,0.5034015140599881,1,1
990259,Christos Kosidis,24/25,2025,0,0.5033970007507466,1,1
979578,Jonathan Flensborg,24/25,2025,0,0.5033923578120454,1,1
929743,Matteo Zazza,24/25,2025,1,0.5033780586209825,1,0
361074,Peer Koopmeiners,24/25,2025,0,0.5033763128967934,1,1
981693,Don-Angelo Konadu,24/25,2025,0,0.50336373548881,1,1
85164,Andre Hoffmann,24/25,2025,1,0.5033424144598652,1,0
110036,Dominique Heintz,24/25,2025,0,0.5033245818832233,1,1
748804,Mika Godts,24/25,2025,0,0.5033141898155591,1,1
74463,Dániel Póser,24/25,2025,0,0.50328472274162,1,1
344971,Nehar Sadiki,24/25,2025,1,0.503244930619036,1,0
750903,Jaouen Hadjam,24/25,2025,0,0.5032393823588727,1,1
315511,Arkadiusz Kasperkiewicz,24/25,2025,0,0.5032362517755129,1,1
428563,Lewis Ferguson,24/25,2025,0,0.50322993758448,1,1
244997,Arne Sicker,24/25,2025,1,0.5031838613859256,1,0
146099,Remi Mulumba,24/25,2025,0,0.5031506414938762,1,1
277137,Renato Tapia,24/25,2025,1,0.5031473671696798,1,0
1318491,Samuele Dimatteo,24/25,2025,1,0.5031308003586321,1,0
1171293,Joshua Vuillermoz,24/25,2025,1,0.5031237417002432,1,0
800948,Jan-Carlo Simić,24/25,2025,1,0.5031194178644376,1,0
175722,Eric Dier,24/25,2025,1,0.5031113338510196,1,0
229007,Lyes Houri,24/25,2025,0,0.5031100022588357,1,1
77363,Jovan Nikolic,24/25,2025,0,0.5030500083490844,1,1
741257,Álex Jiménez,24/25,2025,1,0.5030407925778282,1,0
297583,Woo-yeong Jeong,24/25,2025,1,0.5030065585812895,1,0
901801,Michalis Panagidis,24/25,2025,0,0.502976952383962,1,1
340879,Merih Demiral,24/25,2025,0,0.5029311930593171,1,1
485585,Ian Maatsen,24/25,2025,0,0.5029162091057087,1,1
542469,Lumbardh Dellova,24/25,2025,0,0.5028661423352924,1,1
419723,Elias Cobbaut,24/25,2025,0,0.502826427784827,1,1
112663,Eliran Atar,24/25,2025,0,0.5028081336642827,1,1
221611,Paulo Otávio,24/25,2025,0,0.5027593042190966,1,1
212804,Florian Tardieu,24/25,2025,0,0.5027367834648091,1,1
934621,Roman Doulashi,24/25,2025,1,0.5027154844246364,1,0
610570,Julián Bartolo,24/25,2025,0,0.502710114546848,1,1
247596,Kenneth Paal,24/25,2025,1,0.502708947468364,1,0
392563,Alessandro Di Munno,24/25,2025,1,0.5026693976420745,1,0
334822,David Lischka,24/25,2025,0,0.5026638447696986,1,1
1018784,Adrian Svanbäck,24/25,2025,1,0.502632074728492,1,0
376232,Bassam Al-Rawi,24/25,2025,0,0.5026037003979142,1,1
713404,Daniel Piscaglia,24/25,2025,0,0.5025985075978844,1,1
651843,Nick Perc,24/25,2025,0,0.5025883047067816,1,1
627408,Edwin Rodríguez,24/25,2025,0,0.5025733711663518,1,1
1198833,Sergio Aragoneses,24/25,2025,1,0.5024939965764632,1,0
479202,Ryan Sears,24/25,2025,0,0.5024877809306919,1,1
1058399,Maximilian Ibrahimović,24/25,2025,1,0.5024775311913882,1,0
399473,Luke Thomas,24/25,2025,0,0.5024753692813924,1,1
974564,Winners Osawe,24/25,2025,0,0.5024452877973318,1,1
171424,Riyad Mahrez,24/25,2025,0,0.5024263031004544,1,1
1056224,Dimitri Valkanis,24/25,2025,1,0.5023858417883611,1,0
419571,Myer Bevan,24/25,2025,0,0.5023643439870472,1,1
193151,Abdullah Al-Hafith,24/25,2025,1,0.5023564527640352,1,0
469718,Gerardo Arteaga,24/25,2025,0,0.5023355957245927,1,1
164729,Panagiotis Tsintotas,24/25,2025,0,0.5023279577354222,1,1
65072,Juan Manuel Insaurralde,24/25,2025,0,0.5022965492406876,1,1
881260,Jassem Koleilat,24/25,2025,0,0.5022558555186353,1,1
227073,Patrik Kelemen,24/25,2025,0,0.5022320407380484,1,1
1123927,Tommaso Lagomarsino,24/25,2025,1,0.5022187993682375,1,0
72638,Yohandry Orozco,24/25,2025,1,0.5022001273804816,1,0
615930,Matei Ilie,24/25,2025,0,0.5021859608604957,1,1
44666,Michele Rinaldi,24/25,2025,0,0.5021661942528229,1,1
1020729,Teymur Charyyev,24/25,2025,0,0.5021597983890632,1,1
533632,Mads Frøkjær,24/25,2025,0,0.5021345110661858,1,1
49501,Elias Kachunga,24/25,2025,0,0.502134203424496,1,1
149516,Atınç Nukan,24/25,2025,0,0.5021280153661324,1,1
476353,Thalis,24/25,2025,0,0.5021168494596885,1,1
914370,Josh Woods,24/25,2025,0,0.5021037199028467,1,1
572879,Stavros Pilios,24/25,2025,0,0.5020879182433975,1,1
655300,Patrik Vydra,24/25,2025,0,0.5020689978405202,1,1
704553,Eugenio Pizzuto,24/25,2025,0,0.5020311106885864,1,1
530881,Oludare Olufunwa,24/25,2025,0,0.5020220676350498,1,1
738481,Emmanuel van de Blaak,24/25,2025,1,0.5020110939692725,1,0
158106,Peter Michorl,24/25,2025,0,0.5019672967948668,1,1
541231,Sepp van den Berg,24/25,2025,0,0.5019667864491449,1,1
657723,Idris Odutayo,24/25,2025,0,0.5019469229678475,1,1
68327,Jay O'Shea,24/25,2025,0,0.5019043439714761,1,1
1004062,Frederik Emmery,24/25,2025,0,0.5018999587121938,1,1
292740,Latyr Fall,24/25,2025,1,0.5018970471864429,1,0
855256,Alex Scott,24/25,2025,0,0.5018643096611288,1,1
695644,Jean Hugonet,24/25,2025,0,0.5018553253671587,1,1
710677,Iker Muñoz,24/25,2025,0,0.5018356545917922,1,1
131664,Abdul Ajagun,24/25,2025,1,0.5018356518598882,1,0
696893,Richard Taylor,24/25,2025,1,0.5018116653601943,1,0
1070284,Emerick Lopes,24/25,2025,1,0.5018047951363388,1,0
40617,Sam Hutchinson,24/25,2025,0,0.5017972955166121,1,1
1134119,Digne Kaelas Pounga,24/25,2025,0,0.5017774744713634,1,1
867033,Facundo Queiroz,24/25,2025,1,0.5017637513304226,1,0
466587,Michal Zapletal,24/25,2025,0,0.5017440134798733,1,1
742521,Jhon Solís,24/25,2025,0,0.501728711428989,1,1
64134,Néstor Araújo,24/25,2025,0,0.5017157500578681,1,1
742201,Giuliano Simeone,24/25,2025,0,0.5017002499035476,1,1
808509,Danilo,24/25,2025,1,0.5016889042129634,1,0
447661,Douglas Luiz,24/25,2025,1,0.5016464344027031,1,0
297277,Aidan Wilson,24/25,2025,0,0.5016447804654042,1,1
134192,Will Richards,24/25,2025,0,0.5016280368605107,1,1
395230,Hakim Guenouche,24/25,2025,0,0.5016269970773664,1,1
1185001,Simone Tarolli,24/25,2025,1,0.5016190723840682,1,0
835373,André Escobar,24/25,2025,0,0.5016118442717199,1,1
667251,Hugo Bolin,24/25,2025,0,0.5015834963133378,1,1
118022,Younès Belhanda,24/25,2025,0,0.5015717264227467,1,1
147462,Alexander Callens,24/25,2025,0,0.501534040660004,1,1
829874,Lilian Raolisoa,24/25,2025,0,0.5015164370623404,1,1
483046,Josip Stanisic,24/25,2025,0,0.5015099144282508,1,1
829279,Kimi Merk,24/25,2025,1,0.5015078395248784,1,0
121532,Kostakis Artymatas,24/25,2025,0,0.5014779591399642,1,1
387129,Róber Pier,24/25,2025,1,0.5014667915105033,1,0
622031,Tommaso De Nipoti,24/25,2025,1,0.5014648322855684,1,0
998101,Alex Tóth,24/25,2025,0,0.5014441762106356,1,1
293134,Mikkel Kallesøe,24/25,2025,1,0.5014306765941667,1,0
364233,Sidy Sarr,24/25,2025,1,0.501415897989228,1,0
1318477,Farès Ben Rahem,24/25,2025,1,0.5013779103220737,1,0
1062513,Karlson Nwanege,24/25,2025,1,0.5013698581292148,1,0
142208,Emil Bergström,24/25,2025,1,0.5013620237021124,1,0
613085,Tobías Reinhart,24/25,2025,0,0.5013278876620124,1,1
335177,Farrend Rawson,24/25,2025,0,0.5013165132034224,1,1
982267,Ibrahim Sulemana,24/25,2025,1,0.5013137278543055,1,0
1004786,Mohammed Umar,24/25,2025,0,0.501261774392122,1,1
446248,Shaquille Pinas,24/25,2025,1,0.5012587993356022,1,0
427633,Chadrack Muzungu,24/25,2025,1,0.5012405729067534,1,0
928621,Franco González,24/25,2025,1,0.5012278788743317,1,0
186481,Matthew Clarke,24/25,2025,1,0.5011915778061703,1,0
442531,Edouard Mendy,24/25,2025,0,0.5011869656160614,1,1
388058,Benjamin Goller,24/25,2025,1,0.5011787092010433,1,0
915283,Masrur Kiyomidinov,24/25,2025,1,0.5011711731624124,1,0
205006,Rick Karsdorp,24/25,2025,1,0.5011687145966299,1,0
485706,Amadou Onana,24/25,2025,0,0.5011671104358271,1,1
929909,San-Luca Spitali,24/25,2025,0,0.5011177997210362,1,1
528632,Wanderson,24/25,2025,0,0.501113149957316,1,1
102132,Nicklas Helenius,24/25,2025,0,0.5010675068857228,1,1
934651,Leon Çalışkan,24/25,2025,1,0.5010536165394153,1,0
452447,Maciej Ambrosiewicz,24/25,2025,0,0.5010410544592242,1,1
59377,David de Gea,24/25,2025,0,0.5010100573572588,1,1
528387,Dato Chertkoev,24/25,2025,0,0.501001211548393,1,1
342223,Kévin Appin,24/25,2025,0,0.5009974153173482,1,1
260041,Josef Kvida,24/25,2025,0,0.500995454856677,1,1
1049757,Lorenzo Viano,24/25,2025,1,0.5009578113631443,1,0
467537,Callum Roberts,24/25,2025,1,0.5009427216695916,1,0
182682,Lefteris Choutesiotis,24/25,2025,0,0.5009305111749305,1,1
710671,Adama Boiro,24/25,2025,0,0.5009196821689224,1,1
1042216,Tibor Jager,24/25,2025,1,0.5009189888004638,1,0
436176,Takuto Yasuoka,24/25,2025,0,0.500904151476883,1,1
874376,Brooklyn Ilunga,24/25,2025,0,0.5008800809970657,1,1
560903,Patrick William,24/25,2025,0,0.5008589313640098,1,1
960941,Jacopo Bacci,24/25,2025,0,0.5008309236406187,1,1
1046151,Jusuf Ugljanin,24/25,2025,1,0.5008004643853999,1,0
356099,Cristián Borja,24/25,2025,0,0.5007978338809994,1,1
130353,Hördur Magnússon,24/25,2025,1,0.5007966837803817,1,0
257235,Ahmad Moein Doozandeh,24/25,2025,0,0.5007674087372809,1,1
859035,Kees Smit,24/25,2025,0,0.5007664800852786,1,1
159977,Plamen Krachunov,24/25,2025,0,0.5007526236348457,1,1
903706,Albion Rrahmani,24/25,2025,0,0.5007454870035042,1,1
796213,Nelson Weiper,24/25,2025,0,0.500744747491778,1,1
538810,Chris Ramos,24/25,2025,1,0.5007394616151176,1,0
955193,Petr Zika,24/25,2025,0,0.5007229140409593,1,1
273438,Danilo Barbosa,24/25,2025,1,0.5006948304397463,1,0
947639,Olawale Farayola,24/25,2025,1,0.5006803158932576,1,0
808320,Andreas Maarup,24/25,2025,1,0.5006647307147861,1,0
420179,Gianluca Saro,24/25,2025,1,0.5006317640546588,1,0
586059,Will Hondermarck,24/25,2025,1,0.5006317103463102,1,0
1074574,Garabet Takesian,24/25,2025,1,0.500606309164375,1,0
1030192,Gil Ebner,24/25,2025,1,0.5005658823031561,1,0
484572,Anass Nouader,24/25,2025,1,0.5005590312069563,1,0
228948,Thilo Kehrer,24/25,2025,0,0.5005584781554232,1,1
374213,Jari Vlak,24/25,2025,0,0.5005439927607601,1,1
649053,Ashley Charles,24/25,2025,0,0.5005418878980389,1,1
595936,Misha Engel,24/25,2025,1,0.5005386256226994,1,0
167470,Mattia Maita,24/25,2025,1,0.500534073687567,1,0
908128,Mark Krasnov,24/25,2025,1,0.500512798083684,1,0
66106,Sergio Canales,24/25,2025,0,0.5004926280928077,1,1
146660,Ronaldo,24/25,2025,1,0.5004844748629769,1,0
559800,Oliver Casey,24/25,2025,0,0.5004797132410244,1,1
901026,Claudio Panzarino,24/25,2025,0,0.5004768681024399,1,1
1007809,Daniel Skaarud,24/25,2025,0,0.5004674634713683,1,1
283497,Mathias Honsak,24/25,2025,0,0.5004465737040262,1,1
38340,Ivelin Popov,24/25,2025,1,0.5004446020073541,1,0
763182,Josué Casimir,24/25,2025,1,0.5003890246936751,1,0
985717,Taylan Harris,24/25,2025,1,0.5003494543814371,1,0
1129198,Eivind Helland,24/25,2025,0,0.5003061043167398,1,1
240158,Francesco Vicari,24/25,2025,0,0.5002999590288705,1,1
280982,Eoghan O'Connell,24/25,2025,1,0.5002807362037595,1,0
394435,Sheriff Sinyan,24/25,2025,0,0.5002689385523643,1,1
454321,Jorge Benguché,24/25,2025,0,0.5002633971336394,1,1
356106,Diego Gregori,24/25,2025,0,0.5002469306499856,1,1
807318,Ryan Finnigan,24/25,2025,1,0.5002035252688909,1,0
704147,Dean McMaster,24/25,2025,0,0.5001960592024699,1,1
268113,Sean Klaiber,24/25,2025,0,0.5001864186667535,1,1
1270432,Hunor Kuzma,24/25,2025,0,0.5001694173673377,1,1
623561,Triantafyllos Tsapras,24/25,2025,0,0.5001647203979435,1,1
656179,Gustav Højbjerg,24/25,2025,0,0.500155495540239,1,1
230457,Bruno Gaspar,24/25,2025,1,0.5001425278135692,1,0
719382,Matteo Waem,24/25,2025,0,0.5001300461680067,1,1
974581,Cenny Neumann,24/25,2025,1,0.5000956879876273,1,0
140914,Thomas O'Brien,24/25,2025,0,0.5000852406116398,1,1
930571,Oscar Gloukh,24/25,2025,1,0.5000459470840922,1,0
93128,Kalidou Koulibaly,24/25,2025,0,0.5000302471283945,1,1
931828,Tom Walters,24/25,2025,0,0.5000139893352696,1,1
255361,Nikita Kaplenko,24/25,2025,1,0.5000086505350374,1,0
418651,Yahia Fofana,24/25,2025,1,0.49994038568413685,0,1
697280,George Earthy,24/25,2025,0,0.4999318105547934,0,0
555194,Mathías Tomás,24/25,2025,1,0.4999150205629264,0,1
562409,Afeez Aremu,24/25,2025,0,0.4998990094638379,0,0
524481,Roger Ibañez,24/25,2025,0,0.49989494063998613,0,0
912743,Zhivko Dimitrov,24/25,2025,1,0.4998867243800186,0,1
820367,Pavel Georgiev,24/25,2025,0,0.4998598172426827,0,0
179548,Stavros Petavrakis,24/25,2025,1,0.49985372021457875,0,1
601819,Stefano Pennati,24/25,2025,0,0.4998381555329227,0,0
1030201,Noel Kaiser,24/25,2025,1,0.4998302370713369,0,1
830382,Klaidher Macedo,24/25,2025,1,0.4998021200426572,0,1
918969,Lamine Camara,24/25,2025,0,0.4997969379595659,0,0
486665,Marek Polasek,24/25,2025,1,0.4997702739640988,0,1
185691,Konstantinos Triantafyllopoulos,24/25,2025,0,0.49975529041942207,0,0
442329,Daniel Celea,24/25,2025,1,0.49969529367208054,0,1
138055,Haris Belkebla,24/25,2025,0,0.49963174411162914,0,0
617021,Ben Old,24/25,2025,0,0.49962684814184494,0,0
504616,Tom Price,24/25,2025,0,0.49957856861696476,0,0
580747,Yvann Maçon,24/25,2025,0,0.4995771572449583,0,0
1049834,Stephen Nenè,24/25,2025,1,0.4995768755029084,0,1
189521,Jorman Aguilar,24/25,2025,1,0.499531399053633,0,1
395695,Elisha Owusu,24/25,2025,0,0.49951263844527205,0,0
48226,Sam Foley,24/25,2025,0,0.499495121822268,0,0
351727,Dmitriy Bessmertnyi,24/25,2025,1,0.4994903891513475,0,1
330795,Caniggia Elva,24/25,2025,0,0.4994507152187474,0,0
1111839,Sainey Sanyang,24/25,2025,0,0.49943501043275823,0,0
322293,Felix Beijmo,24/25,2025,0,0.49940041515468514,0,0
499574,Petr Mikulec,24/25,2025,0,0.49934716486077085,0,0
937207,Lennart Pohlmann,24/25,2025,1,0.49929503349328525,0,1
1009658,Julio Soler,24/25,2025,0,0.4992885295361995,0,0
284270,Moritz Nicolas,24/25,2025,0,0.4992601006817114,0,0
461019,Samuele Birindelli,24/25,2025,0,0.4992557616181906,0,0
270541,Serhou Guirassy,24/25,2025,0,0.499245131430242,0,0
418615,Lucas França,24/25,2025,0,0.4992138721090611,0,0
932737,Enea Pitti,24/25,2025,1,0.49917684825059816,0,1
220878,Issiaga Sylla,24/25,2025,1,0.49915270924089566,0,1
385394,Alberto Dossena,24/25,2025,0,0.4991070265404843,0,0
106872,Kevin Stöger,24/25,2025,0,0.499092391150999,0,0
936665,Don O'Niel,24/25,2025,0,0.4990879243930969,0,0
531253,Luke Cooper,24/25,2025,0,0.49907268081177475,0,0
221446,Lee Evans,24/25,2025,0,0.4990439794729857,0,0
705341,Silvio Brustolin,24/25,2025,0,0.49903176934973686,0,0
448628,Javi Galán,24/25,2025,0,0.49901515199570157,0,0
525850,Kane Smith,24/25,2025,1,0.49900072143708113,0,1
353147,Dennis Adeniran,24/25,2025,1,0.4990005537250645,0,1
332866,Shaun Want,24/25,2025,1,0.498975786842055,0,1
49637,Shaun Whalley,24/25,2025,0,0.4989650696547061,0,0
543501,Ibrahim Sadiq,24/25,2025,0,0.4989121524595177,0,0
702441,Sinaly Diomandé,24/25,2025,0,0.49890015793623643,0,0
640492,Faissal Zangré,24/25,2025,1,0.4988935733336625,0,1
111038,Dennis Appiah,24/25,2025,0,0.49888896010008155,0,0
210711,Julián Montenegro,24/25,2025,0,0.4988723391750068,0,0
341466,Tobias Mölgaard,24/25,2025,0,0.4988625565482948,0,0
557939,Neto Borges,24/25,2025,1,0.498835486108527,0,1
823075,Lewis Rees,24/25,2025,0,0.49879074838190396,0,0
551147,Clench Loufilou,24/25,2025,0,0.4987901030373417,0,0
379315,Edgaras Utkus,24/25,2025,0,0.4987660342692133,0,0
1009463,Niklas Swider,24/25,2025,0,0.49875974663882583,0,0
925505,Giovanni Giunti,24/25,2025,0,0.49870555449957116,0,0
1013797,Ondrej Penxa,24/25,2025,0,0.4986803216614719,0,0
442891,Martin Terrier,24/25,2025,0,0.49867799737198626,0,0
1017689,Kristiyan Valkov,24/25,2025,0,0.4986511913850053,0,0
538168,Soumaila Ouattara,24/25,2025,1,0.49864628446647563,0,1
921521,Dylan MacDonald,24/25,2025,0,0.4986139024535684,0,0
315968,James Jones,24/25,2025,0,0.49852718879014,0,0
211397,Miguel Borja,24/25,2025,0,0.4985160309622372,0,0
73090,Vid Belec,24/25,2025,0,0.49850632787952787,0,0
340700,Ivan Prtajin,24/25,2025,1,0.49847745036620095,0,1
996327,Dmitriy Denisenko,24/25,2025,0,0.4984305218493037,0,0
459763,Marco Carnesecchi,24/25,2025,0,0.4983618666951993,0,0
1314528,Ilan Daf,24/25,2025,0,0.4983566597430097,0,0
569035,Fahad Bayo,24/25,2025,1,0.49835062774634137,0,1
237141,Benedikt Kirsch,24/25,2025,0,0.4983429810368428,0,0
509247,Euan Henderson,24/25,2025,1,0.4983343115848251,0,1
988986,Lorenzo Biagioni,24/25,2025,1,0.4983042554495097,0,1
396678,Alfie Kilgour,24/25,2025,1,0.4982538986409667,0,1
524081,Nicolai Vallys,24/25,2025,0,0.4981963953621608,0,0
531214,Adis Jasic,24/25,2025,1,0.49819562911725257,0,1
644158,Lucas Silva,24/25,2025,0,0.49818093269641045,0,0
667287,Yasin Ayari,24/25,2025,0,0.49816871587250594,0,0
546543,Darwin Núñez,24/25,2025,1,0.49812934447348484,0,1
366458,Kalle Joelsson,24/25,2025,0,0.4981255999921666,0,0
866609,Luke Gauer,24/25,2025,0,0.4981214598887189,0,0
326029,Donyell Malen,24/25,2025,0,0.49812071632135757,0,0
924087,Mika Haas,24/25,2025,0,0.49812005768594947,0,0
241310,Neluț Roșu,24/25,2025,1,0.4981170027586227,0,1
515581,Aidan Steele,24/25,2025,1,0.4980985571107013,0,1
502893,Denzel Jubitana,24/25,2025,0,0.4980913401710588,0,0
386792,Stefan Korsch,24/25,2025,0,0.49808467433104503,0,0
494586,Mickaël Nadé,24/25,2025,0,0.4979863589377781,0,0
994604,Matai Akinmboni,24/25,2025,0,0.4979087216559746,0,0
364245,Jordan Teze,24/25,2025,0,0.49789917060849037,0,0
919831,Daniel Nikolov,24/25,2025,1,0.4978885953598216,0,1
858491,Alexandru Capac,24/25,2025,1,0.49787784351310277,0,1
284959,Marc Roberts,24/25,2025,0,0.4978507426388524,0,0
240892,Bongani Zungu,24/25,2025,0,0.49782865287699435,0,0
815567,Andrea Mazza,24/25,2025,1,0.4977981422618498,0,1
175449,Moi Gómez,24/25,2025,0,0.4977732352106648,0,0
711337,Evanilson,24/25,2025,0,0.49775942183941746,0,0
1211929,Iaia Manco Danfa,24/25,2025,1,0.49775770704739736,0,1
739443,Igor Thiago,24/25,2025,0,0.4977558000434457,0,0
295868,Dragoș Nedelcu,24/25,2025,1,0.49769873057559627,0,1
127076,Jérôme Roussillon,24/25,2025,1,0.49768124771117517,0,1
323704,Malcom,24/25,2025,0,0.4976719676200535,0,0
531065,Oussama El Azzouzi,24/25,2025,1,0.4976551002568846,0,1
106987,Marcel Sabitzer,24/25,2025,0,0.4976420715616581,0,0
107267,Djamal Ziane,24/25,2025,0,0.4976228129524615,0,0
405982,Idris Kanu,24/25,2025,0,0.49758497596970624,0,0
624293,Ayman Abdelrahman,24/25,2025,0,0.4975832012547205,0,0
370683,Andreas Hanche-Olsen,24/25,2025,0,0.49756310425433015,0,0
990008,Wassim Bouziane,24/25,2025,1,0.49754310026135434,0,1
1255577,Francesco Tumiatti,24/25,2025,0,0.4975352385513931,0,0
179462,Emiljano Musta,24/25,2025,0,0.49753274275600745,0,0
565168,Aleksandr Mikhalenko,24/25,2025,0,0.4975277753448853,0,0
628712,Simeon Chatov,24/25,2025,0,0.4975240080539114,0,0
404257,Veljko Nikolic,24/25,2025,0,0.4975185055446124,0,0
486624,Musa Barrow,24/25,2025,0,0.49751213093835994,0,0
980036,Matheus Sampaio,24/25,2025,0,0.4974730169495286,0,0
956605,Zsombor Petroff,24/25,2025,0,0.49745699850727354,0,0
1061825,Mattia Esposito,24/25,2025,1,0.49744191001442506,0,1
72776,Hugo Marques,24/25,2025,0,0.49743644572756474,0,0
466806,Álvaro Sanz,24/25,2025,1,0.4974241758435865,0,1
918867,Zack Clarke,24/25,2025,1,0.4973510620810246,0,1
1042715,Karse,24/25,2025,1,0.49725926229978606,0,1
379869,Arthur Desmas,24/25,2025,1,0.4972443467367065,0,1
148252,Remo Freuler,24/25,2025,0,0.4972399725632558,0,0
87422,Valentin Roberge,24/25,2025,0,0.4972313183556662,0,0
1040792,Muhammad Huzaifa,24/25,2025,0,0.4972281863818489,0,0
340289,Alessandro Dalmasso,24/25,2025,0,0.49719206511628966,0,0
251322,Philipp Köhn,24/25,2025,0,0.49717536404387,0,0
666923,Momo Touré,24/25,2025,1,0.49717316193315125,0,1
416108,Youcef Atal,24/25,2025,0,0.4971603895369523,0,0
447221,Hamza Mendyl,24/25,2025,0,0.497139168182497,0,0
99343,Ander Herrera,24/25,2025,0,0.4971059947915814,0,0
171033,Anatoli Gospodinov,24/25,2025,0,0.49708870195928284,0,0
354702,Jassim Al-Jalabi,24/25,2025,1,0.49708623810451913,0,1
240237,Behar Ramadani,24/25,2025,0,0.497067499942535,0,0
364135,Moise Kean,24/25,2025,0,0.4970348688770911,0,0
923759,Valentin Atangana,24/25,2025,1,0.49703235178891525,0,1
606026,Albie Morgan,24/25,2025,0,0.49701911290512624,0,0
388409,Philipp Sander,24/25,2025,0,0.4970141106503192,0,0
95795,Václav Hladký,24/25,2025,0,0.4969862858883152,0,0
163295,Ali Fathi,24/25,2025,0,0.49698285385986435,0,0
238868,Rubén Peña,24/25,2025,1,0.49696078292544416,0,1
425795,Callum Maycock,24/25,2025,0,0.4969551646268228,0,0
231471,Theofanis Tzandaris,24/25,2025,0,0.4969327005475647,0,0
377605,Hamdou El Houni,24/25,2025,0,0.49688615515830425,0,0
938946,Ayoub Chaikhoun,24/25,2025,1,0.49687965041251725,0,1
822917,Adam Davies,24/25,2025,0,0.4968627382852377,0,0
249046,Stefano Negro,24/25,2025,1,0.4968590801695471,0,1
197299,Francesco Belli,24/25,2025,0,0.49681008266688775,0,0
371436,Francisco Sierralta,24/25,2025,1,0.49680925649873936,0,1
930751,Iacopo Casani,24/25,2025,1,0.49679125931605844,0,1
1067439,Fritz Fleck,24/25,2025,0,0.4967735689953306,0,0
695422,Théo De Percin,24/25,2025,0,0.4967525958316954,0,0
772349,Fabian Feiner,24/25,2025,0,0.49674371881792173,0,0
488626,Jesús Areso,24/25,2025,1,0.496701474608962,0,1
962149,Ousmane Diallo,24/25,2025,0,0.49669680061627636,0,0
1175271,Francesco Fazio,24/25,2025,1,0.4966869204738826,0,1
905011,Ibrahim Maza,24/25,2025,1,0.496677341349629,0,1
124173,Fabrizio Poli,24/25,2025,1,0.49667664943328904,0,1
586746,Marios Vichos,24/25,2025,0,0.4966694775147978,0,0
470241,Andreas Chrysostomou,24/25,2025,0,0.49666403720016566,0,0
897668,Giacomo Gabbiani,24/25,2025,1,0.4966433481192674,0,1
211345,Mansur,24/25,2025,0,0.4966176246475849,0,0
410222,Ousseynou Thioune,24/25,2025,1,0.4965907722884932,0,1
183313,Michael Gonçalves,24/25,2025,1,0.49656707353153917,0,1
887738,Zylyf Muça,24/25,2025,1,0.4965665619226709,0,1
445241,Roberto Iezzi,24/25,2025,1,0.49655650811125024,0,1
341882,Andy Cannon,24/25,2025,0,0.49655161585229185,0,0
364409,Gabriel Osho,24/25,2025,1,0.49653678933647966,0,1
332705,Tyler Adams,24/25,2025,0,0.49652207363079714,0,0
1036552,Egor Kress,24/25,2025,0,0.4964956683136585,0,0
342046,Axel Tuanzebe,24/25,2025,1,0.49649183613146886,0,1
125020,José Luis Palomino,24/25,2025,1,0.4964482173045338,0,1
250686,Bjørn Johnsen,24/25,2025,0,0.49643596929480965,0,0
199976,Marco Sportiello,24/25,2025,1,0.4963803763739372,0,1
548347,Melvin Zinga,24/25,2025,0,0.4963445058265158,0,0
496094,Karim Adeyemi,24/25,2025,0,0.4962852094869797,0,0
188640,Augustine Okrah,24/25,2025,0,0.4962016581682058,0,0
278761,Kürsad Sürmeli,24/25,2025,1,0.4961933822264652,0,1
928046,Giulio Misitano,24/25,2025,1,0.4961900868491406,0,1
547006,Keenan Patten,24/25,2025,0,0.49618965373586366,0,0
312245,Ryan Moon,24/25,2025,1,0.4961787860378171,0,1
476344,Emerson Royal,24/25,2025,1,0.4961679196816935,0,1
333859,Lubambo Musonda,24/25,2025,0,0.49613489807294503,0,0
954271,Bendegúz Lehoczki,24/25,2025,1,0.4961334133289146,0,1
574671,Strahinja Pavlović,24/25,2025,0,0.49613336415282777,0,0
809498,Luca Kerber,24/25,2025,0,0.49612668392454634,0,0
926931,Emanuel Marincău,24/25,2025,1,0.4961053398114391,0,1
610417,Andrew,24/25,2025,0,0.4960888867258825,0,0
235931,Alessandro Deiola,24/25,2025,0,0.4960117015692301,0,0
584490,Giannis Tsivelekidis,24/25,2025,1,0.4960087045724333,0,1
681693,Pedro Henrique,24/25,2025,1,0.4959973366472666,0,1
1025410,Zakaria Ouazane,24/25,2025,0,0.4959509541486906,0,0
272636,Harold Moukoudi,24/25,2025,0,0.49592688431795257,0,0
406040,Ademola Lookman,24/25,2025,0,0.49592190772561623,0,0
658536,Simon Adingra,24/25,2025,1,0.4959209983733871,0,1
800988,Benjamin Boakye,24/25,2025,1,0.49592060220873835,0,1
217593,Todor Nedelev,24/25,2025,1,0.4959125504375022,0,1
915269,Vladislav Drapeza,24/25,2025,1,0.49591147252559525,0,1
232454,Nadiem Amiri,24/25,2025,0,0.49589461754221037,0,0
293325,Emil Riis,24/25,2025,1,0.49584853105812193,0,1
568333,Adam Obert,24/25,2025,0,0.49584697715471426,0,0
82361,Christian Mathenia,24/25,2025,0,0.49584628153690363,0,0
63821,Aron Gunnarsson,24/25,2025,0,0.4958295661367572,0,0
82657,Christopher Braun,24/25,2025,0,0.4957616532145939,0,0
191903,Ferjani Sassi,24/25,2025,0,0.49572232714978315,0,0
751701,Kian Jenkins,24/25,2025,0,0.49568458776851104,0,0
918149,Kassim Hadji,24/25,2025,0,0.49562183361524426,0,0
536460,Andrea Ghezzi,24/25,2025,0,0.4956192192019214,0,0
160624,Nils Brüning,24/25,2025,1,0.495594321635531,0,1
852739,Rei Zaimi,24/25,2025,1,0.4955836348170979,0,1
229006,Franck Honorat,24/25,2025,0,0.49557742408643246,0,0
148215,Nicky Devlin,24/25,2025,0,0.495529206325707,0,0
196792,Julian Weigl,24/25,2025,1,0.49552498994721256,0,1
1001546,Jerome Kortebusch,24/25,2025,1,0.4955098392698091,0,1
989112,Veljko Milosavljevic,24/25,2025,1,0.4955038952580203,0,1
891869,Leonardo Colombo,24/25,2025,0,0.49549065445596646,0,0
743496,Kévin Danois,24/25,2025,0,0.4954828829488349,0,0
429892,Davíd Ingvarsson,24/25,2025,0,0.4954706795442097,0,0
1200313,Clayton Diandy,24/25,2025,0,0.4954573547236574,0,0
200512,Sadio Mané,24/25,2025,0,0.4954386346982373,0,0
181373,Antoine Conte,24/25,2025,0,0.4953966084204194,0,0
1054332,Riccardo Bordoni,24/25,2025,1,0.49539083732546,0,1
124507,Fabian Menig,24/25,2025,0,0.4953821830689865,0,0
979199,Yoël van den Ban,24/25,2025,1,0.49537410959967115,0,1
548111,Álex Baena,24/25,2025,1,0.4953730607264318,0,1
110928,Lorenzo Crisetig,24/25,2025,0,0.4953449397248387,0,0
624690,Manu Koné,24/25,2025,0,0.49525147586579316,0,0
640556,Rav van den Berg,24/25,2025,1,0.4952464693662513,0,1
315254,Mees de Wit,24/25,2025,0,0.4952097314477998,0,0
547985,Fabiano Parisi,24/25,2025,0,0.49518724782390466,0,0
167685,Alessandro Micai,24/25,2025,1,0.49516502600862605,0,1
334042,Orbelín Pineda,24/25,2025,0,0.4951461030024054,0,0
637273,Mohammed Kamara,24/25,2025,0,0.49514023190286355,0,0
586744,Panagiotis Liagas,24/25,2025,0,0.4951287638027477,0,0
484367,Theocharis Iliadis,24/25,2025,0,0.4950801545133452,0,0
1012513,Gracien Deseri,24/25,2025,1,0.49507488514619896,0,1
339751,Pavel Zabelin,24/25,2025,1,0.49500155234510895,0,1
537602,João Mário,24/25,2025,1,0.4950015292799793,0,1
343794,Gustavo Santos,24/25,2025,0,0.4949990277804632,0,0
855299,Ben Krauhaus,24/25,2025,1,0.4949958272819498,0,1
203510,Yuriy Kovalev,24/25,2025,0,0.4949678209580522,0,0
344569,Vladislav Kabachevskiy,24/25,2025,1,0.49493473514537906,0,1
1182739,Severin Nioule,24/25,2025,0,0.49489872923055933,0,0
529512,Kristo Hussar,24/25,2025,0,0.49489392029700646,0,0
926839,Ivan Sulev,24/25,2025,0,0.4948774908662539,0,0
566723,Michael Olise,24/25,2025,0,0.49482179065065823,0,0
1131037,Samuel Konney,24/25,2025,1,0.4947901502134285,0,1
1174855,Dominik Hegedus,24/25,2025,0,0.49478326967095076,0,0
614992,Fotis Kotsonis,24/25,2025,1,0.49477007874395923,0,1
184573,Victor Lindelöf,24/25,2025,1,0.494700153631736,0,1
89654,Edisson Jordanov,24/25,2025,1,0.49461786650677575,0,1
523363,Kaio,24/25,2025,1,0.494606090021202,0,1
1010150,Adam Bakoune,24/25,2025,1,0.4945349266352514,0,1
354507,Roberto Domínguez,24/25,2025,0,0.4945224478467101,0,0
173146,Gurpreet Singh Sandhu,24/25,2025,0,0.49443840699443353,0,0
397392,Riccardo Gemelli,24/25,2025,0,0.49439199886190266,0,0
237679,Tobias Schättin,24/25,2025,1,0.4943708389855932,0,1
226151,Sean Kelly,24/25,2025,1,0.4943506155596633,0,1
321482,Mikko Pitkänen,24/25,2025,0,0.49425105568511574,0,0
904790,Mark Verkuijl,24/25,2025,0,0.49423334858200896,0,0
134424,Nick Powell,24/25,2025,1,0.4942146259015133,0,1
569140,Lassine Sinayoko,24/25,2025,0,0.4941679718826378,0,0
146710,Martin Frydek,24/25,2025,0,0.494156885467101,0,0
694928,Samuel Lino,24/25,2025,1,0.49414799086719313,0,1
205792,Jordanco Naumoski,24/25,2025,0,0.4941433519272322,0,0
503075,Isak Hien,24/25,2025,0,0.49413960484731234,0,0
833093,Asparuh Smilkov,24/25,2025,0,0.494138355503841,0,0
1023191,George Hemmings,24/25,2025,0,0.4941066300081487,0,0
199704,Yunis Abdelhamid,24/25,2025,1,0.4940980297681123,0,1
311730,Tarek Salman,24/25,2025,0,0.4940861845052828,0,0
147131,Javier Cabrera,24/25,2025,0,0.49407122665221076,0,0
36139,Dušan Tadić,24/25,2025,1,0.49405206023513604,0,1
1105532,Jorthy Mokio,24/25,2025,0,0.494051389242907,0,0
472249,Jan Thielmann,24/25,2025,0,0.4940371081836531,0,0
634131,Aimar Oroz,24/25,2025,0,0.49401094029602205,0,0
578392,Maximilian Beier,24/25,2025,0,0.49396644116145866,0,0
412529,Lukas Giessing,24/25,2025,0,0.49396127973765885,0,0
944331,Youssoupha Niang,24/25,2025,0,0.49395914221708165,0,0
488869,Martin Janacek,24/25,2025,1,0.4939565664050345,0,1
115333,Juanpe,24/25,2025,1,0.49391795820316453,0,1
456807,Will Fuller,24/25,2025,0,0.49390000513980065,0,0
100980,Mads Fenger,24/25,2025,0,0.49386407124085613,0,0
1023784,Robert Kampa,24/25,2025,0,0.4938552539543497,0,0
83119,Reinhold Ranftl,24/25,2025,0,0.4938276581903141,0,0
986324,Bodin Tomasevic,24/25,2025,0,0.49382097590065127,0,0
1035971,Antoni Franke,24/25,2025,0,0.49379332821378424,0,0
924115,Tim Janisch,24/25,2025,0,0.4937622399563992,0,0
282689,Seung-ho Paik,24/25,2025,0,0.4937339659519037,0,0
243725,Olivier Kemen,24/25,2025,0,0.4937085741449541,0,0
451889,Sho Yamamoto,24/25,2025,0,0.4936857534625015,0,0
367405,Andreas Heimer,24/25,2025,0,0.49365555889158214,0,0
503987,Noni Madueke,24/25,2025,1,0.4936316420242963,0,1
1269524,Daniil Kulikov,24/25,2025,0,0.49361519713349244,0,0
580329,Elvis Baffour,24/25,2025,0,0.49357233046535043,0,0
445623,Cem Üstündag,24/25,2025,1,0.4935263167375132,0,1
230552,Diego Laxalt,24/25,2025,1,0.49350117819130274,0,1
823231,Dango Ouattara,24/25,2025,1,0.4934895586247446,0,1
1049862,Samuele Capolupo,24/25,2025,0,0.493479960452464,0,0
141224,Mohamed Ibrahim,24/25,2025,0,0.4934580114817507,0,0
261504,Aleix García,24/25,2025,0,0.49344598383774013,0,0
371686,Carlens Arcus,24/25,2025,0,0.4934420089948648,0,0
667521,Cian Ashford,24/25,2025,0,0.4934298234261448,0,0
297373,Mike Hauptmeijer,24/25,2025,1,0.493419155089472,0,1
478347,Marian Huja,24/25,2025,1,0.4934060057865852,0,1
1045312,Harri John,24/25,2025,1,0.4933890335728563,0,1
52570,Fraser Forster,24/25,2025,1,0.4933875789128327,0,1
183298,Chris Long,24/25,2025,1,0.4933793808907398,0,1
569598,Youssouf Fofana,24/25,2025,0,0.4933592128615161,0,0
555500,Jorge Herrando,24/25,2025,0,0.4933497672081051,0,0
233656,Marek Havlík,24/25,2025,0,0.49334296778099185,0,0
1055878,Deacon van der Klaauw,24/25,2025,1,0.4932885298102268,0,1
135490,Lindsay Rose,24/25,2025,0,0.4932846463422418,0,0
365175,Benson Sakala,24/25,2025,1,0.493283936974759,0,1
547044,Ryan Bevan,24/25,2025,0,0.4932713614953654,0,0
479643,Alexandre Penetra,24/25,2025,0,0.49325742699844133,0,0
1251246,Moritz Busch,24/25,2025,0,0.4932358780710576,0,0
118847,Dominik Kohr,24/25,2025,0,0.4932150013891393,0,0
795274,Mayckel Lahdo,24/25,2025,1,0.4932055664574971,0,1
289255,Andoni Gorosabel,24/25,2025,0,0.493201041134818,0,0
524210,Sean McLoughlin,24/25,2025,1,0.49319395839897834,0,1
262554,Clifford Aboagye,24/25,2025,1,0.4931730353522543,0,1
1306916,Luca Maffei,24/25,2025,1,0.49313881042904484,0,1
776890,Nicolas Jackson,24/25,2025,1,0.49310533190419903,0,1
251302,Niklas Dorsch,24/25,2025,0,0.49301792462890914,0,0
386685,Matheo Raab,24/25,2025,1,0.4930016088519866,0,1
533060,Anderson Cruz,24/25,2025,0,0.4929822543343753,0,0
684173,Ryan Glover,24/25,2025,0,0.49296530200919925,0,0
107219,Leart Paçarada,24/25,2025,1,0.4929613627849097,0,1
980134,Maksim Samotoy,24/25,2025,0,0.4929449366768347,0,0
952770,Strahinja Stojkovic,24/25,2025,1,0.49291578934500924,0,1
122676,Robert Zulj,24/25,2025,1,0.4929144216386995,0,1
993537,Johnbosco Samuel Kalu,24/25,2025,1,0.4929059893319828,0,1
456523,Eder González,24/25,2025,0,0.4929058318580451,0,0
79045,Jeroen Zoet,24/25,2025,0,0.4929058092942897,0,0
1124805,Noel Jakac,24/25,2025,1,0.4928935546178051,0,1
136514,Charalampos Lykogiannis,24/25,2025,0,0.4928778801901489,0,0
59032,Aleksandar Dragovic,24/25,2025,0,0.4928390970722619,0,0
284342,Conan Ledesma,24/25,2025,0,0.4928067837333998,0,0
856406,Noah Madsen,24/25,2025,0,0.4927985286698877,0,0
206050,Paulo Dybala,24/25,2025,0,0.4927765783358105,0,0
683101,Saverio Domanico,24/25,2025,0,0.4927582606228043,0,0
56682,Andrea Signorini,24/25,2025,0,0.49273514018250353,0,0
523606,Cleylton,24/25,2025,0,0.49270633189065277,0,0
294808,Franck Kessié,24/25,2025,0,0.4927019032840329,0,0
707602,Edgar Piloyan,24/25,2025,1,0.49268559931298966,0,1
603471,Danilo Spoljaric,24/25,2025,0,0.49268143728380787,0,0
182875,Jean-Charles Castelletto,24/25,2025,1,0.4926677106199211,0,1
936750,Pietro Tornaghi,24/25,2025,0,0.4926466241250581,0,0
1182963,Matteo Enza,24/25,2025,1,0.492630381334727,0,1
143039,Damjan Djokovic,24/25,2025,0,0.49256843155937635,0,0
1304289,Amin Ziblim,24/25,2025,1,0.49255617712411426,0,1
964204,Gavin Gallagher,24/25,2025,0,0.4925470449972553,0,0
826795,Dariusz Stalmach,24/25,2025,0,0.4925238688325059,0,0
563963,Mohammed Salisu,24/25,2025,0,0.49250487413512795,0,0
925986,Vladislav Ignatjev,24/25,2025,0,0.49247489986135057,0,0
1123842,Alexander Zenti,24/25,2025,1,0.4924706134847679,0,1
39161,Robert Garrett,24/25,2025,0,0.492464165570307,0,0
287635,Assane Dioussé,24/25,2025,0,0.49245141543617543,0,0
344001,Kelland Absalom,24/25,2025,0,0.4924103443019976,0,0
597000,Eric Martel,24/25,2025,0,0.49240164150639854,0,0
657575,Abubakr Barry,24/25,2025,0,0.4923971344171424,0,0
912541,Rhys Armstrong,24/25,2025,0,0.492362475041004,0,0
798043,Tom Rothe,24/25,2025,0,0.492355780904851,0,0
580070,Matheus Freitas,24/25,2025,1,0.49234424534347143,0,1
701055,Anton Gaaei,24/25,2025,0,0.4923327969592863,0,0
206927,Jakub Habusta,24/25,2025,0,0.4922736488229384,0,0
625047,Beñat Prados,24/25,2025,0,0.49224124530622815,0,0
431581,Edoardo Duca,24/25,2025,1,0.4922362299998856,0,1
938672,Pietro Asiatico,24/25,2025,1,0.4922179966240601,0,1
1084760,Marto Boychev,24/25,2025,0,0.4922132794508484,0,0
807688,Yassin Belkhdim,24/25,2025,0,0.4921744382524952,0,0
292808,Wout Faes,24/25,2025,0,0.4921727761522989,0,0
929742,Marco Nazzaro,24/25,2025,1,0.4921560631667983,0,1
614480,Luca Zanetti,24/25,2025,0,0.4921366223278574,0,0
521928,Luca Sirch,24/25,2025,0,0.4921359573272817,0,0
804936,Eskil Edh,24/25,2025,0,0.4921006573949645,0,0
987366,Aaron Bouwman,24/25,2025,0,0.4919452692970537,0,0
862146,Artem Zimin,24/25,2025,0,0.49191142031679636,0,0
1103543,Clarence Corallo,24/25,2025,1,0.4918779043507707,0,1
515613,Marko Divković,24/25,2025,0,0.4918062561533077,0,0
754634,Axel Henriksson,24/25,2025,1,0.49179011394732697,0,1
83983,Lucas Mendes,24/25,2025,0,0.4917778584445953,0,0
459300,Axel Desjardins,24/25,2025,1,0.4917245536985871,0,1
176936,Julián Cuesta,24/25,2025,1,0.49171794734278235,0,1
223197,Marius Lode,24/25,2025,0,0.49169848438270414,0,0
284010,Robin Hack,24/25,2025,0,0.4916965009002891,0,0
1270796,Christ Tapé,24/25,2025,0,0.491655462738233,0,0
931376,Ondrej Lilling,24/25,2025,0,0.4916519748648208,0,0
1075147,Lennart Karl,24/25,2025,1,0.49159462595554904,0,1
281252,Mads Thychosen,24/25,2025,0,0.49158097526880984,0,0
1054319,Davide Biz,24/25,2025,1,0.49155801248109354,0,1
486464,Max Bird,24/25,2025,0,0.4915346913613013,0,0
834752,Unai Gómez,24/25,2025,0,0.49153464724924495,0,0
898356,Alessandro Berretta,24/25,2025,1,0.4914856424262943,0,1
399434,Marcus Tavernier,24/25,2025,0,0.4914791596892202,0,0
720934,Ivan Mikhnyuk,24/25,2025,0,0.4914581581815837,0,0
463605,Bafodé Diakité,24/25,2025,1,0.4914554310037321,0,1
291286,Liam Walsh,24/25,2025,1,0.49144985330017815,0,1
764543,Luka Lukovic,24/25,2025,1,0.49142589648112345,0,1
1171668,Malthe Kjølby,24/25,2025,1,0.4914155695421466,0,1
225676,Adam Lundkvist,24/25,2025,0,0.4913860658876302,0,0
796726,Renato Júnior,24/25,2025,1,0.4913768404333576,0,1
85960,Manuel Zeitz,24/25,2025,0,0.4913716541747569,0,0
1013793,Lukas Moudry,24/25,2025,0,0.4913458713826958,0,0
136109,Alexei Koselev,24/25,2025,0,0.4913356529776257,0,0
124884,Marco Bizot,24/25,2025,1,0.4912673613363033,0,1
1059719,Filippo Galafassi,24/25,2025,0,0.4912438226602771,0,0
95950,Graeme Shinnie,24/25,2025,0,0.49122485235988655,0,0
53200,Eli Sabiá,24/25,2025,1,0.4912173588696758,0,1
451848,Geoffrey Acheampong,24/25,2025,1,0.491181827089048,0,1
1000698,Kirill Parmonov,24/25,2025,0,0.4911534632200526,0,0
346629,Isi Manellari,24/25,2025,1,0.4910662407938375,0,1
689505,Johnny Cardoso,24/25,2025,1,0.4910558652288904,0,1
957241,Elijah Dijkstra,24/25,2025,0,0.49105196548671726,0,0
814349,Nicholas Fantoni,24/25,2025,0,0.49100974988971086,0,0
1110070,Matthias Wamu Oyatambwe,24/25,2025,1,0.4909661999745153,0,1
423967,Michel Termanini,24/25,2025,1,0.49084929865996174,0,1
34296,Athanasios Papageorgiou,24/25,2025,0,0.4908170264674604,0,0
270051,Andrei Girotto,24/25,2025,0,0.49080182431584185,0,0
65001,Armend Alimi,24/25,2025,1,0.49078435821844874,0,1
735710,Bjarne Kasper,24/25,2025,1,0.4907148532582983,0,1
170903,Steeve Yago,24/25,2025,0,0.4906749442154762,0,0
281404,Kenedy,24/25,2025,1,0.4906220812713389,0,1
1047127,Luc Dabrowski,24/25,2025,1,0.49055550419493216,0,1
116471,Hobie Verhulst,24/25,2025,0,0.49055031677648636,0,0
344968,Milan Ristovski,24/25,2025,0,0.4905338311410605,0,0
443322,Erik Nissen,24/25,2025,0,0.4905319863505129,0,0
1285737,Nicolò Lazzaro,24/25,2025,1,0.49047130682814866,0,1
94201,Robin Knoche,24/25,2025,0,0.4904669004302593,0,0
933658,Seb Osment,24/25,2025,1,0.4904514449832677,0,1
131745,Nikolai Alho,24/25,2025,0,0.4904385797745314,0,0
1015248,Ivaylo Videv,24/25,2025,1,0.49039027014386194,0,1
1329955,Osian Ellis,24/25,2025,0,0.4903729809804483,0,0
162272,Rhys Wilson,24/25,2025,0,0.4903498980446391,0,0
481091,Silas Gnaka,24/25,2025,0,0.4903409413365565,0,0
510761,Bryan Barrios,24/25,2025,0,0.49032779410583877,0,0
919620,Joseph Nduquidi,24/25,2025,1,0.490284948848989,0,1
318508,Olivier Boscagli,24/25,2025,1,0.4902710359606461,0,1
1046491,Alessandro Grano,24/25,2025,1,0.49023224537491267,0,1
325994,Rasmus Lauritsen,24/25,2025,0,0.4902183722913205,0,0
112302,Roberto Pereyra,24/25,2025,0,0.49019324911109236,0,0
955427,Henry Camara,24/25,2025,0,0.49018644758566715,0,0
1109255,Skander Tahri,24/25,2025,0,0.4901583124108634,0,0
908676,Amath Cissé,24/25,2025,1,0.49014361685759683,0,1
496650,George Ratcliffe,24/25,2025,1,0.4901273300416524,0,1
334207,Maxim Leitsch,24/25,2025,0,0.49011724311909216,0,0
623100,Sam Snaith,24/25,2025,1,0.4900976862270516,0,1
406640,Felix Nmecha,24/25,2025,0,0.49008970695485865,0,0
212430,Diamantis Chouchoumis,24/25,2025,1,0.4900007680317095,0,1
1009332,Kemal Çırpan,24/25,2025,1,0.4899948538504667,0,1
1136742,Nikita Ovsyanik,24/25,2025,0,0.48999258406622903,0,0
530173,Julian Niehues,24/25,2025,0,0.4899737356620059,0,0
449796,Alejandro Catena,24/25,2025,0,0.4899361808464814,0,0
342702,Michel Vlap,24/25,2025,1,0.4899098982977055,0,1
1048011,Samuel Ardau,24/25,2025,1,0.48987884787251157,0,1
1034079,Gabriel Zlatanov,24/25,2025,0,0.4898644301345141,0,0
357162,Florentino,24/25,2025,1,0.4897853779687359,0,1
278501,Paul Mullin,24/25,2025,1,0.48974661230153754,0,1
418219,Vladimir Screciu,24/25,2025,0,0.48973966286038917,0,0
324214,Vasile Mogoș,24/25,2025,0,0.48973328917537456,0,0
717244,Dimitar Ivanov,24/25,2025,0,0.4897257238903281,0,0
202886,Ruben Loftus-Cheek,24/25,2025,0,0.48970307556918774,0,0
307664,Marko Raguz,24/25,2025,0,0.48970142399789185,0,0
125103,Marvin Ducksch,24/25,2025,1,0.4896930936639483,0,1
137745,Marçal,24/25,2025,0,0.48968316152248564,0,0
768621,Oluwasegun Olalere,24/25,2025,0,0.48965290935483996,0,0
460216,Jack Earing,24/25,2025,1,0.4896488789590015,0,1
877215,David Toure,24/25,2025,1,0.4896025753041176,0,1
138392,Ivan Buonocunto,24/25,2025,0,0.4895793842930489,0,0
271773,Franz Brorsson,24/25,2025,1,0.48956848259166225,0,1
933683,Simone Pieraccini,24/25,2025,1,0.4895275722706857,0,1
776880,Lev Lenssen,24/25,2025,1,0.4895172923932585,0,1
469050,Nathan Collins,24/25,2025,0,0.4895048789482678,0,0
793243,Tim Hartzell,24/25,2025,0,0.48942655034178756,0,0
916165,Jan Stein,24/25,2025,1,0.48942032000987695,0,1
368482,Riccardo Orsolini,24/25,2025,0,0.4893877133436722,0,0
251813,Niclas Eliasson,24/25,2025,0,0.4893823936333974,0,0
310645,Taher Mohamed,24/25,2025,0,0.4893415757972837,0,0
221316,Lucas Vázquez,24/25,2025,1,0.4893294668158228,0,1
463753,Harry Cochrane,24/25,2025,1,0.4893093488828245,0,1
64793,Leonardo Pavoletti,24/25,2025,0,0.48930600011952824,0,0
356325,Leon Schneider,24/25,2025,0,0.4892914345297683,0,0
361772,Dino Besirovic,24/25,2025,0,0.48924902097861006,0,0
337092,Tim Siersleben,24/25,2025,0,0.4892277336061816,0,0
935509,Gianluca Rossi,24/25,2025,1,0.48919392625444563,0,1
131978,Ross Barkley,24/25,2025,0,0.4891639452782562,0,0
7161,Jonas Hofmann,24/25,2025,0,0.4891010133942474,0,0
401383,Davide Colonna,24/25,2025,1,0.4890974845984053,0,1
1069538,Jake Morris,24/25,2025,0,0.48908048900762663,0,0
787151,Lukas Ullrich,24/25,2025,0,0.4890796991079834,0,0
789045,Igor Milioransa,24/25,2025,0,0.4890650326573543,0,0
266302,Sergej Milinković-Savić,24/25,2025,0,0.4890528863974738,0,0
179757,Maximiliano Olivera,24/25,2025,0,0.4890406209709593,0,0
612810,Guus Beaumont,24/25,2025,0,0.48899957186482823,0,0
625120,Pavel Prishivalko,24/25,2025,0,0.4889824338767341,0,0
541555,Enzo Boyomo,24/25,2025,0,0.4889412532225122,0,0
1048013,Nicola Grandu,24/25,2025,0,0.4888769820828432,0,0
187847,Yassine Benzia,24/25,2025,1,0.4888361622566059,0,1
399776,Pau Torres,24/25,2025,0,0.48883251358700636,0,0
122842,Joel Edwards,24/25,2025,0,0.4888290453318469,0,0
935036,Bogdan Budko,24/25,2025,1,0.4887262691852586,0,1
181498,George Evans,24/25,2025,1,0.4887203059851282,0,1
930150,Tommaso Ebone,24/25,2025,1,0.4886898885428305,0,1
328985,Matteo Marotta,24/25,2025,0,0.48867512736140717,0,0
897423,David Odogu,24/25,2025,1,0.48866303043945986,0,1
646750,Cristhian Mosquera,24/25,2025,1,0.4886502257738034,0,1
307658,Tin Plavotic,24/25,2025,0,0.4886300852660052,0,0
1186267,Steliyan Stoyanov,24/25,2025,1,0.4886293387730533,0,1
800874,Sino Absamadov,24/25,2025,1,0.4886019229670732,0,1
289847,Aris Vaporakis,24/25,2025,0,0.4885719315951772,0,0
798050,Gavin Beavers,24/25,2025,0,0.48856879985745055,0,0
725352,Endri Muhameti,24/25,2025,1,0.48855426522173684,0,1
295703,Ilya Rashchenya,24/25,2025,0,0.4884944597973769,0,0
181612,Tomas Huk,24/25,2025,1,0.48848813294073445,0,1
274839,Wilfred Ndidi,24/25,2025,1,0.48848798210585975,0,1
424013,Lewis McGrattan,24/25,2025,0,0.48848121827557794,0,0
262749,David Raya,24/25,2025,0,0.4884765758517506,0,0
76158,Alexander Meyer,24/25,2025,0,0.4884726695871254,0,0
254280,Reuben Acquah,24/25,2025,1,0.4884374342555542,0,1
198709,Cédric Hountondji,24/25,2025,1,0.4884301742114345,0,1
763953,Egor Osipov,24/25,2025,0,0.488346718619583,0,0
125781,Antoine Griezmann,24/25,2025,0,0.48833730878267884,0,0
846848,Dixon Kabongo,24/25,2025,0,0.48833334037221343,0,0
255838,Patrick Ciurria,24/25,2025,0,0.48830249230997963,0,0
246278,Ángel García,24/25,2025,0,0.4882986758189896,0,0
503991,Yunus Musah,24/25,2025,1,0.48829363473692117,0,1
1065043,Pontus Dahbo,24/25,2025,0,0.4882588488967763,0,0
533783,Maks Ebong,24/25,2025,0,0.4882456229705801,0,0
803401,Ryan Andrews,24/25,2025,1,0.4882360905613813,0,1
1015874,Kjartan Már Kjartansson,24/25,2025,1,0.4882347221608093,0,1
1010466,Lucas Bretón,24/25,2025,1,0.48822772149933913,0,1
1061046,Keeto Thermoncy,24/25,2025,0,0.48821590438820445,0,0
574191,Yassir Atty,24/25,2025,0,0.488206078587145,0,0
119085,Loris Benito,24/25,2025,0,0.48815964767249964,0,0
214131,Artem Soroko,24/25,2025,0,0.4881551902342918,0,0
250028,Ivan Ljubic,24/25,2025,1,0.4881416547461032,0,1
527270,Falko Michel,24/25,2025,0,0.48811130521692786,0,0
314381,Adam Phillips,24/25,2025,0,0.4881084138187064,0,0
93315,Henrik Dalsgaard,24/25,2025,0,0.48806869176563966,0,0
47594,Zlatan Alomerovic,24/25,2025,0,0.4880510767676448,0,0
731174,Aleksandr Kuchinskiy,24/25,2025,0,0.4880292694897821,0,0
604796,Carlitos,24/25,2025,0,0.4880198861347509,0,0
554234,Joel Randall,24/25,2025,0,0.4880141763807791,0,0
460625,Konstantinos Balogiannis,24/25,2025,0,0.4879916842797647,0,0
185164,Jacob Barrett Laursen,24/25,2025,0,0.4879811568143286,0,0
148355,Jens Jönsson,24/25,2025,0,0.487857016927357,0,0
215118,Calum Chambers,24/25,2025,0,0.48777218134054495,0,0
1061040,Devran Bozardiç,24/25,2025,1,0.48776979329914205,0,1
207834,Yassine Bounou,24/25,2025,0,0.48771608882193374,0,0
249157,Fredrik Jensen,24/25,2025,1,0.4877093646213591,0,1
448468,Jefferson Encada,24/25,2025,1,0.487633690890832,0,1
1281876,Yulian Iliev,24/25,2025,0,0.487617338782656,0,0
578804,Sven Mijnans,24/25,2025,0,0.4876105669492434,0,0
102558,Marco Verratti,24/25,2025,1,0.487603121553484,0,1
1009441,Felipe Chávez,24/25,2025,0,0.4876030043054274,0,0
205586,Tokmac Chol Nguen,24/25,2025,0,0.4875836427836438,0,0
125165,Jesús Corona,24/25,2025,0,0.48756243178464254,0,0
391903,Emir Azemovic,24/25,2025,0,0.48748342570854525,0,0
745611,Joshua Uwakhonye,24/25,2025,0,0.4874825547670798,0,0
289713,Mamadou Fall,24/25,2025,0,0.4874817731480073,0,0
487847,Omar Bugiel,24/25,2025,0,0.4874537971634636,0,0
314241,Josh Laurent,24/25,2025,0,0.48743742508007726,0,0
433049,Youssef En-Nesyri,24/25,2025,0,0.48743434135346886,0,0
538389,Denis Sadovskiy,24/25,2025,1,0.48741640932928354,0,1
246200,William Popp,24/25,2025,1,0.4873829499576702,0,1
374421,Marvin Lorch,24/25,2025,0,0.48737920876690777,0,0
336663,Jassem Mohammed,24/25,2025,0,0.48735176155238197,0,0
696012,Mikail Özkan,24/25,2025,0,0.48732080273451733,0,0
672607,Adam Senior,24/25,2025,1,0.4873131618945868,0,1
592387,Sebastian Sebulonsen,24/25,2025,1,0.4873091070144459,0,1
1299824,Stijn Middendorp,24/25,2025,0,0.4873018296349333,0,0
745595,Marlon Ubani,24/25,2025,1,0.48727958931751575,0,1
660544,Marcel Ratnik,24/25,2025,1,0.4872145833347589,0,1
182722,Bruno Varela,24/25,2025,1,0.48720702649757336,0,1
121032,Aaron Taylor-Sinclair,24/25,2025,0,0.48719675827344494,0,0
170986,Raphaël Guerreiro,24/25,2025,0,0.4871735399997656,0,0
626474,Rubin Colwill,24/25,2025,0,0.4871709622472575,0,0
321239,Everton,24/25,2025,0,0.48715932269362733,0,0
299471,Ryan Johnson,24/25,2025,0,0.48713326650631655,0,0
484992,Aïmen Moueffek,24/25,2025,0,0.48708376409130966,0,0
1152979,Levin Chiumento,24/25,2025,0,0.4870508166212134,0,0
162063,Salva Ruiz,24/25,2025,0,0.4870244638637271,0,0
38232,Jonathan McDonald,24/25,2025,0,0.4870140518189948,0,0
90317,Daniel Batz,24/25,2025,0,0.4870079842901022,0,0
145070,Ovays Azizi,24/25,2025,1,0.48700007937126516,0,1
818131,Fabio Cariolato,24/25,2025,0,0.4869759105890022,0,0
934998,Abdou M'bark El Id,24/25,2025,0,0.48696754827104627,0,0
979850,Andrea Cogoni,24/25,2025,0,0.48696094202915713,0,0
938373,Kiyani Zeggen,24/25,2025,0,0.48695714221707087,0,0
338670,Mile Svilar,24/25,2025,0,0.4868949112190535,0,0
1130619,Jónatan Gudni Arnarsson,24/25,2025,0,0.4868520444312032,0,0
327126,Anuar,24/25,2025,1,0.48681550086537007,0,1
990883,Nick Cherny,24/25,2025,0,0.4868034009473981,0,0
1143676,Luca Messori,24/25,2025,0,0.48679661787173806,0,0
290552,Qazim Laci,24/25,2025,1,0.4867884935421971,0,1
85906,Danny da Costa,24/25,2025,0,0.4865604628086292,0,0
90035,Kristinn Jónsson,24/25,2025,0,0.4865021510918772,0,0
448844,Carlos Neva,24/25,2025,1,0.4864847795164495,0,1
353892,Hiroki Ito,24/25,2025,0,0.486446425987306,0,0
703822,Ties Oostra,24/25,2025,1,0.4864436647305277,0,1
351441,Atanas Chernev,24/25,2025,1,0.4864036625214828,0,1
1268640,Petko Panayotov,24/25,2025,0,0.4863820769055436,0,0
536342,Francesco Amatucci,24/25,2025,0,0.48635491782463913,0,0
395973,Nikita Golub,24/25,2025,0,0.4862904268782072,0,0
404387,Joe Lewis,24/25,2025,0,0.4862777076702459,0,0
74952,Tomas Tujvel,24/25,2025,0,0.48624219332985935,0,0
158863,Iñigo Martínez,24/25,2025,1,0.48622306503097057,0,1
940411,Nóel Atli Arnórsson,24/25,2025,0,0.48621476197799646,0,0
1121944,Lachezar Ivanov,24/25,2025,0,0.4861298326289485,0,0
1025408,Tijn Peters,24/25,2025,0,0.48611086333885634,0,0
525131,Yacine Bourhane,24/25,2025,1,0.4861059111561329,0,1
731138,Aleksey Abramov,24/25,2025,0,0.48606563230493766,0,0
494350,Yaw Annor,24/25,2025,0,0.4860504550783282,0,0
928748,Áron Papp,24/25,2025,0,0.4860003519342639,0,0
576430,Dmitriy Kaplunov,24/25,2025,0,0.48596960136684925,0,0
988406,Kasper Boogaard,24/25,2025,0,0.48595987038755484,0,0
242606,Josh Cullen,24/25,2025,0,0.48594528322499647,0,0
176422,Adrià Gallego,24/25,2025,1,0.48593776837019836,0,1
235275,Jordi Vanlerberghe,24/25,2025,0,0.48593348878738424,0,0
228727,Pedro Miguel,24/25,2025,0,0.4859284683252881,0,0
351809,Robin Le Normand,24/25,2025,0,0.48585622756782065,0,0
124895,Bart Schenkeveld,24/25,2025,1,0.48580986263071774,0,1
978808,Georgi Chorbadzhiyski,24/25,2025,0,0.4857609169021708,0,0
234068,Maximilian Pommer,24/25,2025,0,0.48570087922893407,0,0
454863,András Schäfer,24/25,2025,0,0.4856869652625544,0,0
552939,Alessio Buttaro,24/25,2025,1,0.4856540919854374,0,1
1262393,Gabriel Rafele,24/25,2025,1,0.48564726341024594,0,1
1372149,Gibril Sosseh,24/25,2025,0,0.4855455925900886,0,0
1197188,Abdulatif Hammody,24/25,2025,0,0.48544092026774216,0,0
166317,Milan Lutonsky,24/25,2025,0,0.4854394309225904,0,0
977464,Arthur,24/25,2025,0,0.48542279302185704,0,0
1100752,Vasil Kaymakanov,24/25,2025,0,0.4853879798787316,0,0
182323,Lucas Lima,24/25,2025,1,0.4853529418973136,0,1
482364,Leard Sadriu,24/25,2025,1,0.4852785097409743,0,1
21327,Ron-Robert Zieler,24/25,2025,1,0.48523510254316826,0,1
363720,Kai Westerhoff,24/25,2025,0,0.48523388682699364,0,0
1056315,Davide Lazzaro,24/25,2025,1,0.48520253562564136,0,1
890532,Fayssal Harchaoui,24/25,2025,0,0.4851927713644771,0,0
109855,Tim Paterok,24/25,2025,0,0.4851918080599549,0,0
1030197,Joel Skowronek,24/25,2025,1,0.4850321209536971,0,1
270393,Robert Skov,24/25,2025,0,0.48500732278949354,0,0
608172,Ardon Jashari,24/25,2025,1,0.48500020146956063,0,1
944335,Justin von der Hitz,24/25,2025,1,0.4849886551410709,0,1
371149,Evan Ndicka,24/25,2025,0,0.48498368275295445,0,0
247672,Rodrigo Gómez,24/25,2025,0,0.48492279122675136,0,0
379249,Matheus Reis,24/25,2025,0,0.4848607346963039,0,0
312678,Léo Duarte,24/25,2025,0,0.4848597960290335,0,0
128909,Jack Robinson,24/25,2025,1,0.48484799245211047,0,1
601113,Filip Ristanic,24/25,2025,0,0.4848184818713204,0,0
514285,Quilindschy Hartman,24/25,2025,1,0.4847362989699357,0,1
337062,Ben Thompson,24/25,2025,0,0.4846878200835014,0,0
425400,Farid El Melali,24/25,2025,1,0.48467543802510077,0,1
692737,Aljoscha Kemlein,24/25,2025,0,0.48465462509991897,0,0
313719,George Oakley,24/25,2025,0,0.4846089634083999,0,0
363205,Gabriel Jesus,24/25,2025,0,0.48456588257076316,0,0
865324,Lizandro Claros,24/25,2025,0,0.4845647370850274,0,0
671108,Kota Takai,24/25,2025,1,0.4845536145164319,0,1
432895,Pedro,24/25,2025,0,0.4845207204698527,0,0
558133,Kyle Harrison,24/25,2025,1,0.48449837314723454,0,1
1295724,Francesco Maiolo,24/25,2025,1,0.48447341471076794,0,1
320403,Mark Sykes,24/25,2025,0,0.4844590369120346,0,0
557407,Devyne Rensch,24/25,2025,0,0.48443281364631,0,0
1170814,Mirko Personeni,24/25,2025,1,0.4844278599911842,0,1
1118293,Fynn Schenten,24/25,2025,0,0.48440892543381076,0,0
525113,Jérémy Mellot,24/25,2025,1,0.48440308938737997,0,1
897492,Nick Zimmermann,24/25,2025,0,0.48439540813505366,0,0
334999,Finn Becker,24/25,2025,1,0.4843938781821346,0,1
185181,Michel Lieder,24/25,2025,0,0.48439375125230866,0,0
282954,Frederik Brandhof,24/25,2025,1,0.4843295839209919,0,1
514370,Jubril Okedina,24/25,2025,1,0.4843083222534644,0,1
399668,Yuriy Lovets,24/25,2025,0,0.4842948325938709,0,0
341481,Lorenzo Libutti,24/25,2025,0,0.4842895063109964,0,0
1308605,Giovanni Severino,24/25,2025,1,0.484285994512753,0,1
415381,Mats Wieffer,24/25,2025,0,0.484243002281481,0,0
793721,Louis Schmidt,24/25,2025,0,0.4841623033313732,0,0
350532,Jakub Westendorf,24/25,2025,0,0.4841535110358569,0,0
1009446,Tyler Meiser,24/25,2025,1,0.4841315735242713,0,1
423440,Martín Zubimendi,24/25,2025,1,0.4840885054471507,0,1
334186,Fabian Kunze,24/25,2025,1,0.48407692130574065,0,1
285944,Tarek Chahed,24/25,2025,0,0.48401321975277484,0,0
159139,Philipp Wiesinger,24/25,2025,0,0.48399523920768134,0,0
217273,Irfan Sahman,24/25,2025,0,0.48397184541620836,0,0
314205,Danny Collinge,24/25,2025,0,0.48395185919076994,0,0
235783,Dom Thomas,24/25,2025,1,0.4839024514088224,0,1
1177810,Valdemar Møller,24/25,2025,0,0.4838762040663682,0,0
644401,Keane Lewis-Potter,24/25,2025,0,0.48386827881535044,0,0
391788,CJ Hamilton,24/25,2025,0,0.4837890990581967,0,0
629588,Nathan Ngoumou,24/25,2025,0,0.48372394502065835,0,0
1190206,Hari Thomas,24/25,2025,0,0.483666908425829,0,0
215864,Mijat Gacinovic,24/25,2025,0,0.48364943457480347,0,0
1035852,Magnus Baars,24/25,2025,1,0.4835941949407742,0,1
273669,Adrian Beck,24/25,2025,0,0.4835799810048306,0,0
635371,Daniël Deen,24/25,2025,0,0.48349379117028446,0,0
926301,Tiago Pereira Cardoso,24/25,2025,0,0.4834895821616172,0,0
999387,Christian Roseti,24/25,2025,1,0.4834603408468986,0,1
330179,Gianluca Esposito,24/25,2025,0,0.48345000754029804,0,0
250768,Ross White,24/25,2025,0,0.4834362976095937,0,0
116881,Andrey Zaleskiy,24/25,2025,0,0.48343518735477353,0,0
214532,Pierrick Capelle,24/25,2025,0,0.4834145169300544,0,0
718303,Ernest Poku,24/25,2025,1,0.48340078573957573,0,1
812987,Nick Meier,24/25,2025,1,0.48336187351421717,0,1
897408,Luis Hauer,24/25,2025,0,0.48333911972693744,0,0
196304,John Owen,24/25,2025,1,0.4832464661191967,0,1
404418,Dávid Hancko,24/25,2025,1,0.483235581397628,0,1
354742,Pepe Castaño,24/25,2025,0,0.4832285344105849,0,0
531229,Sam Jones,24/25,2025,0,0.48318259313327305,0,0
694236,Craig Ross,24/25,2025,1,0.4831803724062059,0,1
469781,Marcos Senesi,24/25,2025,0,0.4831469237590167,0,0
875334,Semih Kılıçsoy,24/25,2025,1,0.48314332548767075,0,1
308279,Rolando Mandragora,24/25,2025,0,0.4830723174962128,0,0
383042,Gemelson Vieira,24/25,2025,0,0.48303878801374056,0,0
717411,Yegor Yarmolyuk,24/25,2025,0,0.4830349198663279,0,0
882721,Matteo Agrimi,24/25,2025,0,0.4829963525742613,0,0
775605,Pablo Barrios,24/25,2025,0,0.4829866435673545,0,0
322989,Kaan Kairinen,24/25,2025,0,0.4829751393379385,0,0
966905,Marco Ladisa,24/25,2025,0,0.48292623584048094,0,0
273937,Avdo Spahic,24/25,2025,0,0.4829215883069754,0,0
448027,Florian Kleinhansl,24/25,2025,0,0.4828628747480616,0,0
387047,Danilho Doekhi,24/25,2025,0,0.4828175748606141,0,0
816578,Pascal Fuchs,24/25,2025,0,0.48280669925172665,0,0
221687,Alex Gilliead,24/25,2025,1,0.482803363801558,0,1
101213,Pedro Obiang,24/25,2025,1,0.4827281701979868,0,1
687383,Iwan Lewis,24/25,2025,1,0.48272299776894056,0,1
182313,Badra Ali Sangaré,24/25,2025,1,0.48271707806177166,0,1
156617,Marcelo Brozović,24/25,2025,0,0.4825734317566117,0,0
784862,Eryk Kobza,24/25,2025,0,0.48252632525548267,0,0
1069757,Jasper Payne,24/25,2025,1,0.4825005326698718,0,1
847579,Isaac Heath,24/25,2025,1,0.48246188247339605,0,1
139751,Filip Stojkovic,24/25,2025,1,0.4824518412875985,0,1
315779,Christian Pulisic,24/25,2025,0,0.4824347014725821,0,0
199248,Bryan Cristante,24/25,2025,0,0.4824215289111629,0,0
97567,Roman Bezus,24/25,2025,1,0.4824198337230169,0,1
203938,Branco van den Boomen,24/25,2025,0,0.4824040446688187,0,0
775048,Omar Mohamedhoesein,24/25,2025,0,0.48234566485102903,0,0
819798,Jacob Andersen,24/25,2025,0,0.4823342952731316,0,0
170838,Salih Uçan,24/25,2025,0,0.48229310462130676,0,0
1025412,Ryan van de Pavert,24/25,2025,0,0.4822760818744634,0,0
309400,Kai Havertz,24/25,2025,0,0.4822347159649119,0,0
227084,Benedikt Gimber,24/25,2025,0,0.4822345195803477,0,0
1005997,Nicolò Baldo,24/25,2025,0,0.4822084547325547,0,0
356396,Joe Wright,24/25,2025,1,0.48205231292891343,0,1
185467,Jake Reeves,24/25,2025,0,0.48198357199175557,0,0
413565,Jhon Lucumí,24/25,2025,0,0.48186638929785575,0,0
451241,Marco Bauer,24/25,2025,0,0.481817198948027,0,0
234733,Panagiotis Deligiannidis,24/25,2025,1,0.4818133508855909,0,1
239941,Lukas Haraslin,24/25,2025,0,0.48173689291154914,0,0
768911,Ivan Sanko,24/25,2025,0,0.4816988182744846,0,0
135492,Youssouf Sabaly,24/25,2025,1,0.4816539532121219,0,1
75921,Christopher Trimmel,24/25,2025,0,0.48158378102054533,0,0
251309,Dennis Geiger,24/25,2025,0,0.4815731305935005,0,0
470242,Michalis Ioannou,24/25,2025,0,0.4815516710828984,0,0
332826,Hannes Agnarsson,24/25,2025,0,0.48151507265292615,0,0
340918,Caoimhín Kelleher,24/25,2025,1,0.4815107337324244,0,1
379892,Diego Campos,24/25,2025,0,0.4815099005601247,0,0
222813,Marko Grujić,24/25,2025,1,0.48146179071236794,0,1
951099,Ron Schweizer,24/25,2025,0,0.4814148459672961,0,0
344844,Mouhammed-Ali Dhaini,24/25,2025,0,0.4814014090187456,0,0
908314,Valentin Kostov,24/25,2025,0,0.48136593250085,0,0
733438,Seiya Maikuma,24/25,2025,0,0.4813376634460162,0,0
359693,James Tilley,24/25,2025,1,0.4813184876058519,0,1
683620,Antoni Milambo,24/25,2025,1,0.4813144068829312,0,1
339832,Atanas Karachorov,24/25,2025,0,0.4812829260780862,0,0
576024,Julián Alvarez,24/25,2025,0,0.4812667085716734,0,0
740550,Vladislav Davydov,24/25,2025,0,0.48126565894905726,0,0
792380,Aleksandar Pavlovic,24/25,2025,0,0.48124173506735096,0,0
64601,Sunil Chhetri,24/25,2025,0,0.48111366833364855,0,0
616631,Matteo Ruggeri,24/25,2025,1,0.4810885077344169,0,1
247915,Jonas Omlin,24/25,2025,0,0.48107659073903136,0,0
410787,Joël Monteiro,24/25,2025,0,0.4810731201208917,0,0
227089,Matthias Köbbing,24/25,2025,0,0.48105204884794034,0,0
199221,Andreas Linde,24/25,2025,0,0.48102814027693863,0,0
652054,Martin Vitík,24/25,2025,1,0.48102198949756675,0,1
369111,Georgios Tzovaras,24/25,2025,0,0.4808634792375018,0,0
502821,Riccardo Calafiori,24/25,2025,0,0.4808532345742476,0,0
161057,Carl Klaus,24/25,2025,0,0.48082275362564353,0,0
1083113,Gianni Vadacca,24/25,2025,1,0.48082219933209114,0,1
255163,Dominic Smith,24/25,2025,1,0.4807633018245839,0,1
1290144,Gennaro Di Somma,24/25,2025,1,0.48073723662884466,0,1
567931,Jan-Luca Warm,24/25,2025,0,0.48070873378582074,0,0
397171,Gideon Mensah,24/25,2025,0,0.4806551638977857,0,0
358512,Ibrahima Conté,24/25,2025,1,0.48064428795038083,0,1
94005,Sead Kolasinac,24/25,2025,0,0.48059730503246206,0,0
1184961,Filippo Piva,24/25,2025,1,0.48057821848507104,0,1
329365,Luca Köbele,24/25,2025,0,0.4804104410269848,0,0
826724,Danila Sokol,24/25,2025,0,0.4804076965413291,0,0
796297,Jobe Bellingham,24/25,2025,1,0.48037679081562973,0,1
550466,Ivan Turitsov,24/25,2025,0,0.48035609784132577,0,0
19483,Tobias Müller,24/25,2025,0,0.4803474799887387,0,0
139352,Gus Ledes,24/25,2025,0,0.4802000505305826,0,0
920310,Taha Ayari,24/25,2025,0,0.48015509042130106,0,0
671649,Álvaro Djaló,24/25,2025,1,0.4800216859731064,0,1
12778,David Hutton,24/25,2025,0,0.4799836117999675,0,0
934136,Francesco Minerva,24/25,2025,1,0.4799627382108849,0,1
415902,Niclas Müller,24/25,2025,0,0.47994242220898997,0,0
102017,Jorginho,24/25,2025,1,0.4799073393281417,0,1
938729,Mikel Jauregizar,24/25,2025,0,0.479890129721666,0,0
989508,Victor Gonçalves Andersson,24/25,2025,0,0.47985241423859626,0,0
240244,Cristian Dell'Orco,24/25,2025,0,0.479807525179696,0,0
1005965,Paul Hainke,24/25,2025,0,0.4796986294801738,0,0
60220,Matej Delac,24/25,2025,0,0.4796920831997872,0,0
1054169,Giulio Scuderi,24/25,2025,1,0.47961319853225726,0,1
450945,Ivan Zhestkin,24/25,2025,0,0.4795646099888603,0,0
193033,Tim Kleindienst,24/25,2025,0,0.4795571334430679,0,0
243104,Mohamed Al-Bakri,24/25,2025,0,0.47954958075357096,0,0
86793,Gabriele Angella,24/25,2025,0,0.47952997436494194,0,0
129554,Steven Berghuis,24/25,2025,0,0.4795259087274193,0,0
192077,Scott McMann,24/25,2025,0,0.47952431555882724,0,0
164262,Dávid Kovács,24/25,2025,0,0.4793921515281919,0,0
822959,Tom Bischof,24/25,2025,1,0.4792750804763911,0,1
61617,Paolo Rozzio,24/25,2025,0,0.47923331484069326,0,0
268216,Marcus Mathisen,24/25,2025,0,0.4791937219639713,0,0
684519,Gerasimos Mitoglou,24/25,2025,0,0.47916709609477454,0,0
552425,Jon Moncayola,24/25,2025,0,0.47912650836917475,0,0
174344,Fayçal Fajr,24/25,2025,1,0.4791021663544416,0,1
954265,Lorenzo Riccio,24/25,2025,0,0.47909843181811634,0,0
464220,Botond Nándori,24/25,2025,0,0.47902842540917656,0,0
1081951,Ilian Antonov,24/25,2025,0,0.47902399138836427,0,0
952216,Samuel Kuffour,24/25,2025,0,0.47899425175757415,0,0
114060,Enric Gallego,24/25,2025,0,0.4789937572637357,0,0
894159,Klevi Totoshi,24/25,2025,0,0.4789452008106082,0,0
335103,Linton Maina,24/25,2025,0,0.47894109869517004,0,0
293614,Nikolay Minkov,24/25,2025,0,0.47887565366454,0,0
258914,Brad Collins,24/25,2025,1,0.47882144265119203,0,1
165793,Takumi Minamino,24/25,2025,0,0.478815995444074,0,0
355157,Arsen Kasa,24/25,2025,0,0.4787886060135422,0,0
591949,Aaron Hickey,24/25,2025,0,0.4787194233102083,0,0
396517,Fuseini Zackaria,24/25,2025,1,0.47863807019379295,0,1
929966,Nico Vidic,24/25,2025,0,0.478635104490491,0,0
340205,Gorka Guruzeta,24/25,2025,0,0.4786209079682721,0,0
1058353,Andrea Natali,24/25,2025,1,0.47861954280463986,0,1
818892,Nicola Bagnolini,24/25,2025,1,0.47861467743894337,0,1
392569,Gabriele Zappa,24/25,2025,0,0.4785562211309783,0,0
1043003,Yasin Özcan,24/25,2025,1,0.47851719701423717,0,1
934461,Federico Chinetti,24/25,2025,1,0.4784823572785592,0,1
889435,Obed Vargas,24/25,2025,0,0.47842239901773015,0,0
249580,Marin Orlinov,24/25,2025,0,0.47834071308015524,0,0
973085,Carlos Baleba,24/25,2025,0,0.478279999701183,0,0
308388,Kyle Dempsey,24/25,2025,0,0.4782139109463145,0,0
1104610,Nikita Neskoromnyi,24/25,2025,0,0.478212094296159,0,0
565093,Bart Verbruggen,24/25,2025,0,0.478198592630413,0,0
90451,Iván Marcone,24/25,2025,0,0.47816431944044646,0,0
806948,Frank Feller,24/25,2025,0,0.478155572224485,0,0
193004,Waldemar Anton,24/25,2025,0,0.47814364611674365,0,0
576040,Elvis Sakyi,24/25,2025,1,0.4781341278792533,0,1
1056171,Alessandro Bassino,24/25,2025,0,0.4780690671817359,0,0
380350,Igor Julio,24/25,2025,1,0.477988873870378,0,1
1059771,Filippo Vertua,24/25,2025,1,0.47795734948644103,0,1
247661,Gideon Jung,24/25,2025,1,0.47789025122435447,0,1
740753,Gleb Vershinin,24/25,2025,0,0.47786176726813795,0,0
313359,Alexis Pérez,24/25,2025,1,0.4778592381827926,0,1
617141,Pavel Seleznev,24/25,2025,0,0.47784825215099214,0,0
70639,Petr Reinberk,24/25,2025,0,0.4778468626854345,0,0
470267,Pavel Gorbach,24/25,2025,0,0.4778406014836478,0,0
1189343,Giandomenico Panaro,24/25,2025,1,0.47780870418444626,0,1
264913,Adam Mitchell,24/25,2025,0,0.47779414752837757,0,0
140461,Artem Rakhmanov,24/25,2025,1,0.4777803107208741,0,1
532776,Amine Adli,24/25,2025,1,0.47777143500260166,0,1
1115586,Vaclav Zahradnicek,24/25,2025,0,0.47775475938788453,0,0
139435,Dani Rodríguez,24/25,2025,0,0.4777480401267896,0,0
571604,Giorgio Scalvini,24/25,2025,0,0.47774393163135787,0,0
229949,Ary Papel,24/25,2025,0,0.47773924646623217,0,0
586712,Symeon Papadopoulos,24/25,2025,1,0.47773483226001434,0,1
1124448,Ivan Oreshkevich,24/25,2025,0,0.47769220924161593,0,0
1115746,Kirill Malykh,24/25,2025,0,0.47768204473219783,0,0
1170825,Riccardo Finazzi,24/25,2025,1,0.477657894208196,0,1
836066,Bledar Lila,24/25,2025,0,0.47764638880385546,0,0
936502,Matteo Zamarian,24/25,2025,1,0.4776292115047481,0,1
1187269,Alessio Pesoli,24/25,2025,1,0.47762805333302844,0,1
624751,Lyall Cameron,24/25,2025,1,0.4776277426390062,0,1
1056227,Leonard Muca,24/25,2025,1,0.47755693668053945,0,1
357164,Rafael Leão,24/25,2025,0,0.4775536878236035,0,0
819211,Ethan Butera,24/25,2025,0,0.47754949945603786,0,0
204960,Ibou Touray,24/25,2025,1,0.47748896701889637,0,1
724099,Claudio Turi,24/25,2025,1,0.47745411796662346,0,1
191850,Kosmas Gezos,24/25,2025,1,0.4774449004215493,0,1
203125,Gregory Wüthrich,24/25,2025,1,0.47742203952399254,0,1
355816,Ko Itakura,24/25,2025,1,0.47739004032996585,0,1
1003307,Egor Bozhko,24/25,2025,0,0.47733782742359143,0,0
278690,Michał Marcjanik,24/25,2025,0,0.47733457364438947,0,0
1073208,Ştefan Senciuc,24/25,2025,1,0.4773138669853466,0,1
820393,Hamza Alaa,24/25,2025,1,0.4772785708728479,0,1
216399,Philipp Hercher,24/25,2025,0,0.47727383653425365,0,0
160929,Marvin Schwäbe,24/25,2025,0,0.4772526906167971,0,0
646704,Maxim Dekker,24/25,2025,0,0.4772166225932706,0,0
146937,Francesco Lisi,24/25,2025,0,0.4771808216535503,0,0
507486,Simon Sohm,24/25,2025,1,0.4771665643601836,0,1
194218,Yeltsin Tejeda,24/25,2025,0,0.4771339844677301,0,0
503743,Morgan Rogers,24/25,2025,0,0.47711913281942664,0,0
597432,Leopold Querfeld,24/25,2025,0,0.4771163211282162,0,0
1307101,Andrea Cirillo,24/25,2025,1,0.4771159692713136,0,1
974387,Jude Bonnar,24/25,2025,1,0.47709837725311827,0,1
170911,Donovan Léon,24/25,2025,0,0.4769471742303505,0,0
166601,Niklas Süle,24/25,2025,0,0.47678325747384764,0,0
1001936,Paul Walters,24/25,2025,0,0.47677585993753147,0,0
632912,Salah Zakaria,24/25,2025,0,0.47676365170090274,0,0
565822,Harvey Elliott,24/25,2025,1,0.47672440494502816,0,1
278332,Florian Neuhaus,24/25,2025,0,0.47672102591609655,0,0
422401,Milton Valenzuela,24/25,2025,1,0.476713133379003,0,1
1042816,Matteo Marini,24/25,2025,0,0.4767049967831546,0,0
751033,Pierrick Moulin,24/25,2025,1,0.47669522689465593,0,1
253210,Nicolai Poulsen,24/25,2025,0,0.4766729676734803,0,0
689358,János Takács,24/25,2025,1,0.476631442524899,0,1
503781,John Buckley,24/25,2025,1,0.4765472130797529,0,1
938676,Filippo Scotti,24/25,2025,0,0.4763941463114324,0,0
976203,Francesco Rucci,24/25,2025,1,0.4763859269387436,0,1
457221,Lucas Robertone,24/25,2025,0,0.47632664783033174,0,0
234033,Tobias Trautner,24/25,2025,0,0.4763015027495958,0,0
338424,Mikel Merino,24/25,2025,0,0.4762794571251568,0,0
339510,Tihomir Kostadinov,24/25,2025,1,0.4762480227097195,0,1
611305,Nicola Gori,24/25,2025,0,0.47621472265126724,0,0
406634,Matt O'Riley,24/25,2025,1,0.47618785389000756,0,1
459577,Gabriele Perretta,24/25,2025,0,0.4760978119051236,0,0
1056025,Marco Fastiggi,24/25,2025,1,0.4760924421353701,0,1
361124,Joey Jacobs,24/25,2025,0,0.4760585324835287,0,0
124548,Bebeto,24/25,2025,0,0.47603946810014414,0,0
59434,Artem Putivtsev,24/25,2025,0,0.4760379346628527,0,0
1207547,Pier Francesco Galiano,24/25,2025,1,0.47596209627149305,0,1
702447,Nick Twisk,24/25,2025,0,0.4759119395623871,0,0
394327,Boubacar Kamara,24/25,2025,0,0.47590502641364985,0,0
508398,Jordan Brown,24/25,2025,1,0.4758433648941133,0,1
141099,Vlastimil Danicek,24/25,2025,0,0.4757423636447902,0,0
813137,Niccolò Pisilli,24/25,2025,0,0.47573976294946285,0,0
135824,Ryan De Vries,24/25,2025,0,0.47572001280391474,0,0
1370672,Modou Seye,24/25,2025,0,0.47566422380893203,0,0
927347,Kiril Georgiev,24/25,2025,0,0.47563657203011434,0,0
66497,Michael Morrison,24/25,2025,0,0.4755360629856954,0,0
94529,Stephan El Shaarawy,24/25,2025,0,0.47553405376280455,0,0
1086319,Lucio Bonofiglio,24/25,2025,1,0.47552636439281265,0,1
88680,Luca Caldirola,24/25,2025,1,0.47551011738834065,0,1
213260,Rubén García,24/25,2025,0,0.4754547120537098,0,0
401529,Dodô,24/25,2025,0,0.4754139761740409,0,0
196446,Liam Dick,24/25,2025,1,0.4753920012607503,0,1
385185,Rico Wehrle,24/25,2025,0,0.47537373625300877,0,0
257437,Rob Dickie,24/25,2025,0,0.47527975443656945,0,0
71834,Aitor Sanz,24/25,2025,0,0.47527726040652557,0,0
143798,Pavel Kaderabek,24/25,2025,1,0.47521652571560963,0,1
1115375,Sergey Kruzhilin,24/25,2025,0,0.47513241257383376,0,0
892482,Alessandro Scacchetti,24/25,2025,1,0.47510021795467927,0,1
228750,Alessandro Golinucci,24/25,2025,0,0.4750638369989406,0,0
1180811,Adam Baallal,24/25,2025,0,0.47500312777343623,0,0
934507,Thomas Savalli,24/25,2025,1,0.47499540975612625,0,1
63463,Daniel Wass,24/25,2025,0,0.4749938525884388,0,0
193082,Alejandro Grimaldo,24/25,2025,0,0.4749729908485784,0,0
688560,Nick McAllister,24/25,2025,0,0.47495278024334187,0,0
46083,Domagoj Vida,24/25,2025,0,0.474925984696479,0,0
33571,Lorenzo De Silvestri,24/25,2025,0,0.47490158871518884,0,0
926935,Fritz Engel,24/25,2025,1,0.4748109061462676,0,1
474152,Valeriy Potorocha,24/25,2025,1,0.47477001778551386,0,1
1070713,Kevin Lekaj,24/25,2025,1,0.4747405348918496,0,1
1088420,Michele Sasso,24/25,2025,1,0.4747136453306484,0,1
78570,Anthony Moris,24/25,2025,1,0.47469863405289364,0,1
645686,Lamare Bogarde,24/25,2025,0,0.4746846358548064,0,0
614623,Alexandru Oroian,24/25,2025,0,0.47463951608517346,0,0
61651,Jordan Henderson,24/25,2025,1,0.4746064421179143,0,1
1111063,Sean Steur,24/25,2025,0,0.47458508434633,0,0
1153630,Tobias Weigel,24/25,2025,0,0.4745648803664174,0,0
125714,Mark Flekken,24/25,2025,1,0.47456378011741035,0,1
198768,Heini Vatnsdal,24/25,2025,0,0.4745119103978043,0,0
281773,José León,24/25,2025,0,0.4744595550149727,0,0
166683,Mamadou Sylla,24/25,2025,1,0.47445244209409415,0,1
443612,Yuri Matias,24/25,2025,1,0.47441741890941663,0,1
1047410,Justin Lukas,24/25,2025,1,0.4743885617996205,0,1
942497,Jahmai Simpson-Pusey,24/25,2025,1,0.47432980192214347,0,1
1054346,Antonio Delaj,24/25,2025,1,0.47429528515580793,0,1
80894,Lukasz Skorupski,24/25,2025,0,0.474268996860948,0,0
274175,Solomon Udo,24/25,2025,1,0.4742405339484746,0,1
320722,Zizo,24/25,2025,1,0.4742389071043179,0,1
124415,Hasan Pepic,24/25,2025,0,0.4742077733888894,0,0
328847,Daniele Pinto,24/25,2025,0,0.47418742292504645,0,0
223967,Konrad Laimer,24/25,2025,0,0.47418552131708697,0,0
337082,Julian Krahl,24/25,2025,0,0.4741675667140537,0,0
748839,Phil Mooney,24/25,2025,0,0.4740903277114367,0,0
425268,Liam Coyle,24/25,2025,0,0.47406044213435117,0,0
987355,Lucas Jetten,24/25,2025,0,0.4738144938854701,0,0
177960,Hamza Barry,24/25,2025,1,0.4737967596518658,0,1
912447,Florian Dimmer,24/25,2025,0,0.4736543260189245,0,0
420064,Caio Henrique,24/25,2025,0,0.47365143722335945,0,0
563662,Jacopo Muggeo,24/25,2025,0,0.47357349253646486,0,0
957822,Eddy Kouadio,24/25,2025,0,0.47355304799744324,0,0
476599,Alex Passaniti,24/25,2025,0,0.47354207326322456,0,0
894517,Dren Terrnava,24/25,2025,1,0.47352522167576455,0,1
948936,Kyle Ure,24/25,2025,1,0.4734929911033058,0,1
625124,Sergey Sazonchik,24/25,2025,0,0.473485597586503,0,0
1123649,Pavel Dubovskiy,24/25,2025,0,0.473344179843911,0,0
205938,Mario Pašalić,24/25,2025,0,0.4733073184736982,0,0
435500,Sergio González,24/25,2025,1,0.473281755911422,0,1
970683,Piotr Pardel,24/25,2025,0,0.4731986392396346,0,0
936689,Davide Collu,24/25,2025,1,0.4730416544966578,0,1
81800,Jan Kovarik,24/25,2025,0,0.47298547284647413,0,0
70019,Seamus Conneely,24/25,2025,0,0.47291325756689856,0,0
144028,Leandro Trossard,24/25,2025,0,0.4728476975687549,0,0
602854,Dmitriy Krivosheev,24/25,2025,0,0.472810981401077,0,0
986892,Max Lippert,24/25,2025,1,0.4727943912747324,0,1
562077,Yuriy Kozlov,24/25,2025,0,0.4726822635804716,0,0
94603,Patrick Bauer,24/25,2025,1,0.4725397656946323,0,1
503780,Hayden Carter,24/25,2025,0,0.4725073883761068,0,0
646669,Jamal Gonzaga,24/25,2025,1,0.47242621943447033,0,1
324633,Abdulmajeed Al-Sulayhim,24/25,2025,1,0.47240193924371027,0,1
470882,Fuad Sule,24/25,2025,1,0.47237132435068135,0,1
914505,Tommaso Duca,24/25,2025,1,0.4723444095068451,0,1
483916,Lazaros Rota,24/25,2025,0,0.4722921914954021,0,0
44017,Javi Martínez,24/25,2025,1,0.4722710490134365,0,1
283233,Jacob Rasmussen,24/25,2025,1,0.47223894958566975,0,1
22860,Jesper Hansen,24/25,2025,0,0.4722354691362355,0,0
412474,Frankie Musonda,24/25,2025,1,0.47221596681160494,0,1
1088697,Jinairo Johnson,24/25,2025,0,0.47218703654211186,0,0
213670,Lucas Torró,24/25,2025,0,0.47211235400335366,0,0
369316,Ferdi Kadıoğlu,24/25,2025,0,0.47210513027725237,0,0
97616,Sotirios Papagiannopoulos,24/25,2025,0,0.47209771289071484,0,0
344354,Omar Sowunmi,24/25,2025,0,0.47207449368734494,0,0
1025800,Jonas Feddersen,24/25,2025,0,0.471975768275773,0,0
362977,Josip Juranovic,24/25,2025,0,0.4719644892476488,0,0
490426,Krépin Diatta,24/25,2025,0,0.4719386435455734,0,0
897658,Daniele Triacca,24/25,2025,1,0.4719046095637977,0,1
709767,Ji-soo Kim,24/25,2025,1,0.47189931476517016,0,1
377607,Muaid Ellafi,24/25,2025,0,0.471877745812729,0,0
1118395,Pavel Kotlyarov,24/25,2025,0,0.47183549948760584,0,0
882964,Claudio Parlato,24/25,2025,1,0.47179084965992973,0,1
704772,Rome-Jayden Owusu-Oduro,24/25,2025,0,0.471770441533828,0,0
410221,Pape Seydou,24/25,2025,0,0.4717108061816655,0,0
1116190,Daniel Richter,24/25,2025,1,0.47171025224547797,0,1
73564,Jason Steele,24/25,2025,0,0.4716902056955966,0,0
741136,Maksim Vospukov,24/25,2025,0,0.47160331193492727,0,0
339808,Theo Hernández,24/25,2025,1,0.4715221582005803,0,1
123551,Sam Morsy,24/25,2025,1,0.47147612994996024,0,1
106270,Florian Kainz,24/25,2025,0,0.47141432555735935,0,0
293569,Josh Brownhill,24/25,2025,1,0.47140297374836887,0,1
345778,Rilind Neziri,24/25,2025,0,0.4713536362705331,0,0
210348,Sondre Tronstad,24/25,2025,0,0.47131456989825826,0,0
349599,Pervis Estupiñán,24/25,2025,1,0.4712741633286342,0,1
300168,Mikel Vesga,24/25,2025,0,0.47114423954343937,0,0
685160,Mark McKenzie,24/25,2025,0,0.4710925243011674,0,0
540941,Mikkel Damsgaard,24/25,2025,0,0.47091425136797227,0,0
143559,Matija Nastasić,24/25,2025,1,0.470855585167544,0,1
107205,Connor Krempicki,24/25,2025,0,0.4708449013879515,0,0
948735,Mattia Rizzo,24/25,2025,1,0.47075291575425826,0,1
446625,Alexander Nollenberger,24/25,2025,0,0.4706800314759704,0,0
445616,Gift Links,24/25,2025,0,0.4706256225697342,0,0
185869,Grant Smith,24/25,2025,0,0.4705631521059537,0,0
293084,Johannes Handl,24/25,2025,0,0.4705421529593075,0,0
160963,Robin Zentner,24/25,2025,0,0.47045251011081396,0,0
151636,Marlon Ritter,24/25,2025,0,0.4704406557611023,0,0
289683,Frederik Tingager,24/25,2025,0,0.47035286986735364,0,0
735984,Lucas Shlimon,24/25,2025,1,0.470245820828892,0,1
591916,Aitor Paredes,24/25,2025,0,0.4700671024005021,0,0
152419,David Gold,24/25,2025,0,0.47006419743915323,0,0
354061,Lukas Malicsek,24/25,2025,0,0.47003899672260907,0,0
801425,Sam Bell,24/25,2025,1,0.47003207626620847,0,1
157167,Hrvoje Milicevic,24/25,2025,0,0.46997530522295317,0,0
607854,Éderson,24/25,2025,0,0.4699206200983628,0,0
122243,Niall Canavan,24/25,2025,0,0.46980602544323297,0,0
74300,Luka Milivojevic,24/25,2025,1,0.4697500826736519,0,1
542690,Frederik Alves,24/25,2025,0,0.4697280045113315,0,0
462353,Yousef Hassan,24/25,2025,1,0.46971372348678075,0,1
198607,Lukas Hulka,24/25,2025,0,0.46960719726145866,0,0
338070,Konstantinos Tsimikas,24/25,2025,1,0.46956271096386115,0,1
168989,Silvan Widmer,24/25,2025,0,0.46953077628265666,0,0
424042,Nahuel Molina,24/25,2025,0,0.46946409164570063,0,0
285179,Vincent Atinga,24/25,2025,0,0.46945176088437174,0,0
298575,Kike Barja,24/25,2025,0,0.4694434738195898,0,0
1185190,Tino Kusanovic,24/25,2025,1,0.4693074559668698,0,1
1070408,Mylo van der Lans,24/25,2025,0,0.46921672289818483,0,0
61841,Adam Smith,24/25,2025,0,0.46920728894990305,0,0
959620,Dillon Berko,24/25,2025,0,0.4691885337053044,0,0
1051736,Marco Taramelli,24/25,2025,1,0.469188119100171,0,1
1155804,Emre Ünüvar,24/25,2025,0,0.46914328222148954,0,0
243714,Kingsley Coman,24/25,2025,1,0.46908723936293456,0,1
82873,Pascal Groß,24/25,2025,0,0.46905222622455833,0,0
1102070,Kiani Inge,24/25,2025,1,0.4690392489404101,0,1
344695,Dayot Upamecano,24/25,2025,0,0.4690168656268184,0,0
335795,András Hársfalvi,24/25,2025,1,0.4689980886003897,0,1
633463,Adam Randell,24/25,2025,1,0.4689265323751629,0,1
931668,Elias Benkara,24/25,2025,0,0.46869839209612507,0,0
388198,Nico Schlotterbeck,24/25,2025,0,0.4686423224782384,0,0
184534,Alexander Ludwig,24/25,2025,0,0.4685952977754335,0,0
1170813,Javison Idele,24/25,2025,0,0.4685819706513865,0,0
314820,Keiran Williams,24/25,2025,0,0.46846807970555565,0,0
126634,Francesco Rossi,24/25,2025,0,0.46846364153791076,0,0
810895,Eliesse Ben Seghir,24/25,2025,1,0.4683699497996908,0,1
286297,Lorenzo Pellegrini,24/25,2025,0,0.4682880344307939,0,0
43300,Ciprian Deac,24/25,2025,0,0.46827702661461096,0,0
186477,Herbert Bockhorn,24/25,2025,0,0.46823360926050317,0,0
225452,Patrick Roberts,24/25,2025,1,0.468154959413127,0,1
530780,Jason Knight,24/25,2025,0,0.468144445753179,0,0
547382,Cameron Pring,24/25,2025,0,0.46808492133500446,0,0
127573,Phillipp Mwene,24/25,2025,0,0.46804387968560557,0,0
927933,Velizar-Iliya Iliev,24/25,2025,1,0.4679536450215407,0,1
420811,George Tanner,24/25,2025,0,0.4679533404797446,0,0
965940,Zack Nelson,24/25,2025,0,0.46787875918919003,0,0
251075,Zeki Çelik,24/25,2025,0,0.46781459557384286,0,0
172623,Ramy Rabia,24/25,2025,1,0.46776952108667275,0,1
188077,Ryan Christie,24/25,2025,0,0.46772291213100486,0,0
1261750,Matteo Vitrotti,24/25,2025,1,0.46772279913288184,0,1
148367,Christian Nørgaard,24/25,2025,1,0.4677112575785652,0,1
927263,Riccardo Campedelli,24/25,2025,1,0.46770987726477337,0,1
1002758,Giacomo Maucci,24/25,2025,1,0.46765148246471844,0,1
671438,Aristot Tambwe-Kasengele,24/25,2025,1,0.46756608494305435,0,1
171731,Semen Shestilovskiy,24/25,2025,0,0.4674790836671077,0,0
370789,Julian Ryerson,24/25,2025,0,0.46742927499518183,0,0
897921,Lorenzo Menegazzo,24/25,2025,1,0.46742455361092206,0,1
670144,José Gallegos,24/25,2025,1,0.4673687063089787,0,1
1058791,Andreas Redkin,24/25,2025,0,0.46731287588216264,0,0
996897,Diego Gómez,24/25,2025,0,0.46730901493624905,0,0
895937,Marco Palestra,24/25,2025,1,0.46716281487969724,0,1
126751,Iñigo Ruiz de Galarreta,24/25,2025,0,0.4671244508267162,0,0
291397,Samba Camara,24/25,2025,1,0.4670315507509866,0,1
1175183,Peterson Paul,24/25,2025,0,0.46696396732113,0,0
897418,Yannik Dasbach,24/25,2025,0,0.46693686116001876,0,0
927251,Gianmarco Castorri,24/25,2025,1,0.4668458926974087,0,1
169687,Nikolaos Papadopoulos,24/25,2025,0,0.4668110520664778,0,0
511876,Giorgos Naoum,24/25,2025,0,0.46678124341484,0,0
248738,Sergio Herrera,24/25,2025,0,0.4666752901151337,0,0
205849,Gjoko Zajkov,24/25,2025,1,0.46665058711933843,0,1
417972,Kei Hirose,24/25,2025,0,0.4666445552911154,0,0
765972,Zepiqueno Redmond,24/25,2025,1,0.4665664249531602,0,1
377606,Mohamed Al-Shebli,24/25,2025,0,0.46651869850779015,0,0
271335,Fabiano,24/25,2025,0,0.46651766553241564,0,0
236997,Tiago Silva,24/25,2025,1,0.4664877718678206,0,1
303254,Fikayo Tomori,24/25,2025,0,0.46647772054635606,0,0
90044,Kristinn Steindórsson,24/25,2025,0,0.46644618574061253,0,0
269093,Manfred Fischer,24/25,2025,0,0.4663447436110729,0,0
282411,Marcos Llorente,24/25,2025,0,0.46632886589391576,0,0
82350,Stefan Bell,24/25,2025,0,0.4662037319087778,0,0
151583,Daniel Heber,24/25,2025,0,0.4661677189868873,0,0
946385,Arseniy Skopets,24/25,2025,0,0.46612481805526074,0,0
236981,Timo Hübers,24/25,2025,0,0.4660989514392426,0,0
899542,Lorenzo Romani,24/25,2025,1,0.46606486294847266,0,1
284732,Ramy Bensebaini,24/25,2025,0,0.46601155535711675,0,0
254965,Sandro Lauper,24/25,2025,0,0.46587504294320153,0,0
192169,Jonas Föhrenbach,24/25,2025,0,0.46576550294753805,0,0
746712,Pietro Comuzzo,24/25,2025,0,0.4656914576157422,0,0
442248,Ethan Pinnock,24/25,2025,0,0.4655653112440903,0,0
483640,Jan Koudelka,24/25,2025,0,0.46556125263564346,0,0
260846,Asger Sörensen,24/25,2025,0,0.4655288764948092,0,0
345758,Jamie Barjonas,24/25,2025,1,0.4655013756812832,0,1
256448,Gianluca Mancini,24/25,2025,0,0.46546333488143715,0,0
371001,Josip Sutalo,24/25,2025,0,0.4653897946323162,0,0
203853,Oleksandr Zinchenko,24/25,2025,1,0.4653685817178601,0,1
209570,Alex Gammond,24/25,2025,0,0.46530406359895454,0,0
894456,Dachi Lordkipanidze,24/25,2025,0,0.4651780019871131,0,0
648893,István Pekár,24/25,2025,0,0.4651620510842069,0,0
929746,Leonardo Di Tommaso,24/25,2025,1,0.4650700187623373,0,1
282095,Viktor Karl Einarsson,24/25,2025,0,0.4650305811684212,0,0
3333,James Milner,24/25,2025,0,0.4648997263800781,0,0
719230,Alex Szabó,24/25,2025,0,0.4648581268953466,0,0
117478,Marnon Busch,24/25,2025,0,0.4647491667332298,0,0
387626,Leon Bailey,24/25,2025,1,0.4646472584921138,0,1
1249656,Amoako Minta,24/25,2025,1,0.4644842926005415,0,1
918957,Davide Renzetti,24/25,2025,1,0.46436758606199646,0,1
675278,Eric Kahl,24/25,2025,0,0.4643186492223271,0,0
429915,Maxim De Cuyper,24/25,2025,1,0.46427884835419747,0,1
52490,Kevin Sommer,24/25,2025,0,0.46426902812812404,0,0
229909,Tobias Kordick,24/25,2025,1,0.46423682072728034,0,1
420243,Jurriën Timber,24/25,2025,0,0.46422377827142364,0,0
326230,Ryan Hedges,24/25,2025,0,0.4641446128775146,0,0
104223,Jordy Clasie,24/25,2025,0,0.4641384027221334,0,0
925221,Elion Jashari,24/25,2025,1,0.46400213082417346,0,1
480692,Luis Díaz,24/25,2025,1,0.46399474218159914,0,1
796169,Márk Hodonicki,24/25,2025,0,0.4639869744264042,0,0
159088,Robert Andrich,24/25,2025,0,0.4639245985831992,0,0
503482,Min-jae Kim,24/25,2025,0,0.46387837024435336,0,0
85543,Niklas Lomb,24/25,2025,0,0.4638531051057844,0,0
183365,Höskuldur Gunnlaugsson,24/25,2025,0,0.4638206482542756,0,0
388294,Omar Traoré,24/25,2025,0,0.46379957534272004,0,0
328658,Kristoffer Ajer,24/25,2025,0,0.46376727633545367,0,0
270171,Vitaly Janelt,24/25,2025,0,0.4637549334544555,0,0
1048080,Federico Simonetto,24/25,2025,0,0.46364879434309086,0,0
51349,Mikkel Rygaard,24/25,2025,0,0.4634751939272693,0,0
932763,Alessandro Di Bitonto,24/25,2025,1,0.46342131088558747,0,1
479999,Eberechi Eze,24/25,2025,1,0.4634123297392364,0,1
531236,Callum Sainty,24/25,2025,0,0.4633474310193104,0,0
932733,Leonardo Baroncelli,24/25,2025,1,0.46334742222794073,0,1
62351,Abdoulaye Bamba,24/25,2025,0,0.46324242421862966,0,0
608165,Ben Dempsey,24/25,2025,0,0.4631501815317056,0,0
1108253,Dimitar Papazov,24/25,2025,0,0.4629343480301128,0,0
1055876,Jesper Zwart,24/25,2025,1,0.4626672566344288,0,1
196231,Marvin Friedrich,24/25,2025,0,0.4626395008818124,0,0
112583,Diego Michiels,24/25,2025,0,0.4624781768469767,0,0
335209,Kevin Diks,24/25,2025,1,0.4623726174756847,0,1
571020,Oihan Sancet,24/25,2025,0,0.46225937229189856,0,0
242086,Patrik Schick,24/25,2025,0,0.46218084779966384,0,0
933205,Tibor Szabó,24/25,2025,0,0.46203375463404767,0,0
504153,Joe Scally,24/25,2025,0,0.46196197019848123,0,0
268185,Joe Williams,24/25,2025,0,0.46191145054580157,0,0
156937,Johan Hammar,24/25,2025,0,0.4618854912699037,0,0
249565,Youri Tielemans,24/25,2025,0,0.4618808973855793,0,0
940915,Alexéi Rojas,24/25,2025,0,0.46179375233279263,0,0
354456,Aynsley Pears,24/25,2025,0,0.4617596237711476,0,0
732241,Luis Bates,24/25,2025,0,0.46175761760679296,0,0
394033,Stefan Schimmer,24/25,2025,0,0.4617016693309632,0,0
1183953,Luca Gobbo,24/25,2025,0,0.46169050566186287,0,0
128011,Petros Mantalos,24/25,2025,0,0.4614545061526771,0,0
346561,Luca Ranieri,24/25,2025,0,0.46141997741535645,0,0
132098,Harry Kane,24/25,2025,0,0.4613881636337565,0,0
124410,Rani Khedira,24/25,2025,0,0.46132287530519495,0,0
1141179,Mussa Kaba,24/25,2025,0,0.461245870219965,0,0
40680,Sven Ulreich,24/25,2025,0,0.46105541155404733,0,0
375790,Dávid Mészáros,24/25,2025,0,0.4610230764797044,0,0
1017396,Simeon Turlakov,24/25,2025,1,0.46095623993891865,0,1
533877,Martin Vanak,24/25,2025,1,0.460837200672555,0,1
635803,Oluwatobiloba Alagbe,24/25,2025,0,0.4608060437537313,0,0
159471,Serge Gnabry,24/25,2025,0,0.46076420917334454,0,0
235840,Pedro Pinto,24/25,2025,1,0.46073635362638526,0,1
425334,Matty Cash,24/25,2025,0,0.46063103046546966,0,0
427868,Dan Jefferies,24/25,2025,1,0.4604925088115715,0,1
182906,Mike Maignan,24/25,2025,0,0.4604153208051647,0,0
31653,Tobias Sippel,24/25,2025,0,0.46040959733168035,0,0
286328,Scott Stewart,24/25,2025,0,0.46020180624778867,0,0
192635,Nico Elvedi,24/25,2025,0,0.46008496656592407,0,0
894470,Davide Baroncioni,24/25,2025,0,0.4600035630116871,0,0
504148,Tariq Lamptey,24/25,2025,1,0.4599876027398789,0,1
173859,Davide Zappacosta,24/25,2025,0,0.45994100756369105,0,0
566857,Semih Sahin,24/25,2025,1,0.45991169260411996,0,1
933830,Chalpan Abdulnasir,24/25,2025,0,0.45985376290458174,0,0
741545,Daniel Armstrong,24/25,2025,0,0.4598381896090922,0,0
169497,Juan Cruz,24/25,2025,0,0.4595441939916273,0,0
212912,Nader Matar,24/25,2025,0,0.45948132883419446,0,0
392378,Darren Thomas,24/25,2025,0,0.4594506809864471,0,0
1186932,Edoardo Zanchi,24/25,2025,0,0.45923457499999143,0,0
250845,José María Giménez,24/25,2025,0,0.459152657218898,0,0
1082133,Csongor Komáromi,24/25,2025,0,0.4590085246947051,0,0
504849,Kaoru Mitoma,24/25,2025,0,0.4589817153935065,0,0
932740,Jonas Harder,24/25,2025,1,0.4588825793910583,0,1
1216188,Alessandro Panza,24/25,2025,1,0.4588757520781152,0,1
581357,Jan Schöppner,24/25,2025,0,0.4588700279662317,0,0
167393,James Husband,24/25,2025,0,0.45885959160218365,0,0
1048147,Federico Cassa,24/25,2025,0,0.458842425595973,0,0
106128,Aron Giacomoni,24/25,2025,0,0.45876039248304806,0,0
1015875,Tómas Johannessen,24/25,2025,1,0.45853418953003444,0,1
267328,Danny Gosset,24/25,2025,0,0.4585271633430913,0,0
338425,Álex Berenguer,24/25,2025,0,0.4585146709199226,0,0
209212,Solly March,24/25,2025,0,0.458478178461714,0,0
646707,Wouter Goes,24/25,2025,0,0.45829839090991553,0,0
456838,Eliot Evans,24/25,2025,0,0.45829216364925446,0,0
295764,Aschraf El Mahdioui,24/25,2025,0,0.4580396619153663,0,0
27992,Luka Modrić,24/25,2025,1,0.45782617718887814,0,1
580195,Jamal Musiala,24/25,2025,0,0.45777856611658185,0,0
257477,Milos Zlatkovic,24/25,2025,1,0.45727185398800135,0,1
118244,Sean McGinty,24/25,2025,1,0.45714721495722654,0,1
23523,Thomas Mikkelsen,24/25,2025,0,0.457077714062988,0,0
807418,Jude Arthurs,24/25,2025,0,0.4570351426031693,0,0
1043566,Josiah Uwakhonye,24/25,2025,0,0.4569692627592089,0,0
927953,Bradley Mayo,24/25,2025,0,0.4569611337224043,0,0
655488,Gabriel Martinelli,24/25,2025,0,0.4569469420472796,0,0
69511,Patrick Mortensen,24/25,2025,0,0.4567785722716141,0,0
319859,Mathias Jensen,24/25,2025,0,0.45674692585675075,0,0
44698,Mário Camora,24/25,2025,0,0.45670714149174624,0,0
46413,Ante Budimir,24/25,2025,0,0.456536245957399,0,0
866247,Tommaso Rubino,24/25,2025,1,0.45641846593626345,0,1
339556,Rico Henry,24/25,2025,0,0.4563934912676435,0,0
121137,Stuart Bannigan,24/25,2025,1,0.456349406378985,0,1
704191,Andrea Cecchetto,24/25,2025,0,0.45630700004050406,0,0
741097,Irving Gudiño,24/25,2025,1,0.4562484201285678,0,1
932741,Mattia Ievoli,24/25,2025,1,0.45615116389085897,0,1
212198,Vaná Alves,24/25,2025,0,0.45612048210314793,0,0
52377,Adrian Cieslewicz,24/25,2025,0,0.455735977780414,0,0
126664,Lucas Digne,24/25,2025,0,0.45546974828341413,0,0
196147,Kenny-Prince Redondo,24/25,2025,0,0.4553814696427121,0,0
999365,Mattia Piermarini,24/25,2025,1,0.455264158527183,0,1
416809,Daniel Hanslik,24/25,2025,0,0.4549683026757798,0,0
862733,Freddy Bomo,24/25,2025,1,0.4548693594637562,0,1
253677,Tyrone Mings,24/25,2025,0,0.45485216984520066,0,0
249089,Lewis Cook,24/25,2025,0,0.45466514706653993,0,0
433177,Bukayo Saka,24/25,2025,0,0.4545898176724397,0,0
709187,Nico Williams,24/25,2025,0,0.4544089696772941,0,0
262396,Unai Simón,24/25,2025,0,0.45415565596857665,0,0
67063,Danny Welbeck,24/25,2025,0,0.4541260071201582,0,0
786795,Mesut Yusuf,24/25,2025,0,0.4541103119964029,0,0
576737,Firza Andika,24/25,2025,1,0.4539965712608176,0,1
335721,Ben White,24/25,2025,0,0.45395083301453704,0,0
161072,Baris Atik,24/25,2025,0,0.45394427727987874,0,0
100131,William Carvalho,24/25,2025,1,0.4538857894165338,0,1
237846,Edmílson Junior,24/25,2025,0,0.4538342442945292,0,0
165513,Berat Djimsiti,24/25,2025,0,0.4535689619735394,0,0
191792,Craig Watson,24/25,2025,1,0.4534447538640373,0,1
357662,Declan Rice,24/25,2025,0,0.4534258955299574,0,0
255488,Yeray Álvarez,24/25,2025,0,0.453291465120307,0,0
627658,Eldin Dzogovic,24/25,2025,0,0.453104807072054,0,0
392131,Simon Asta,24/25,2025,1,0.4530878256077865,0,1
495666,William Saliba,24/25,2025,0,0.4530184755538438,0,0
74229,Koke,24/25,2025,0,0.4525394732667996,0,0
401578,Exequiel Palacios,24/25,2025,0,0.45245562023675073,0,0
375095,Michael Cheek,24/25,2025,0,0.452443175824831,0,0
1100514,Yulian Gilov,24/25,2025,0,0.4523011032341371,0,0
992569,Massimo Pessina,24/25,2025,0,0.4522781721476116,0,0
455600,Corey Whitely,24/25,2025,0,0.4518292160809593,0,0
115382,Guilherme,24/25,2025,0,0.4518230900492031,0,0
742274,Christian Intsoen,24/25,2025,0,0.4518216069102785,0,0
662065,Stanislav Lomako,24/25,2025,1,0.4516433119180404,0,1
345095,Almoez Ali,24/25,2025,0,0.4515353224472935,0,0
62112,Byron Webster,24/25,2025,0,0.4513104260700905,0,0
148153,Lewis Dunk,24/25,2025,0,0.45126515471178275,0,0
255501,Iñigo Lekue,24/25,2025,0,0.4512508501962529,0,0
257814,Gregor Kobel,24/25,2025,0,0.45105809160368343,0,0
1041292,Osian Evans,24/25,2025,1,0.4509141425584279,0,1
322677,Perry Ng,24/25,2025,0,0.44983860535939174,0,0
133179,Marten de Roon,24/25,2025,0,0.4496917041456922,0,0
111195,Joël Veltman,24/25,2025,0,0.44965397745307256,0,0
75890,Kristoffer Nordfeldt,24/25,2025,0,0.44953404357403487,0,0
543537,Seydouba Cissé,24/25,2025,0,0.4491095890431821,0,0
176182,Luca Maniero,24/25,2025,0,0.4490519854611399,0,0
940769,Artem Zhevnerenko,24/25,2025,0,0.44891597249937243,0,0
336665,Sultan Al-Brake,24/25,2025,0,0.44858522264860917,0,0
336646,Akram Afif,24/25,2025,0,0.4485582049250504,0,0
64303,Tomas Frystak,24/25,2025,0,0.4484695290833949,0,0
133731,Patrick Mainka,24/25,2025,0,0.4482661816283632,0,0
1078216,Dennis Krpalek,24/25,2025,0,0.4482206675073262,0,0
576314,Jan Paul van Hecke,24/25,2025,0,0.44781487265830777,0,0
17259,Manuel Neuer,24/25,2025,0,0.4474960483569453,0,0
147993,Florin Bejan,24/25,2025,0,0.4474328315606034,0,0
212847,Adam Webster,24/25,2025,0,0.4473916463711852,0,0
123550,Jamie Grimes,24/25,2025,0,0.4472127047144198,0,0
193116,John McGinn,24/25,2025,0,0.44704905810990153,0,0
96254,Pietro Terracciano,24/25,2025,1,0.4468113379831324,0,1
121483,Jan Oblak,24/25,2025,0,0.44677253969610137,0,0
48015,Lukas Hradecky,24/25,2025,1,0.44674590825249233,0,1
867688,Jack Hinshelwood,24/25,2025,0,0.44666407221308724,0,0
818246,Noah Kruth,24/25,2025,0,0.44664548084681455,0,0
60445,Jonathan dos Santos,24/25,2025,0,0.4465336464565551,0,0
524000,Dani Vivian,24/25,2025,0,0.4463897910704708,0,0
1202361,Bradley Burrowes,24/25,2025,0,0.44568981768183313,0,0
424204,Alphonso Davies,24/25,2025,0,0.4455569430873085,0,0
331560,Takehiro Tomiyasu,24/25,2025,1,0.4454232311105026,0,1
153084,Leon Goretzka,24/25,2025,0,0.44487537958763046,0,0
199453,Sebastian Osigwe,24/25,2025,1,0.44487301585253014,0,1
723009,Jordy de Beer,24/25,2025,0,0.4448726257479343,0,0
324358,Ollie Watkins,24/25,2025,0,0.4447422104691013,0,0
167480,Nicola Pavan,24/25,2025,0,0.4444984705613563,0,0
890721,Myles Lewis-Skelly,24/25,2025,0,0.44441210108172186,0,0
1260549,Samuele Piro,24/25,2025,1,0.4440459665906397,0,1
255508,Iñaki Williams,24/25,2025,0,0.4438824150660352,0,0
1100501,Bozhidar Petrov,24/25,2025,0,0.4437375951680615,0,0
1287831,Giannis Spandonidis,24/25,2025,0,0.4437245426354193,0,0
413403,Ezri Konsa,24/25,2025,0,0.44352552169970344,0,0
111873,Emiliano Martínez,24/25,2025,0,0.4424805007903665,0,0
316264,Martin Ødegaard,24/25,2025,0,0.44155342886329596,0,0
1268641,Alesandro Nikolov,24/25,2025,0,0.4414479020790278,0,0
386505,James Brophy,24/25,2025,0,0.4412435068512629,0,0
875153,Klevis Kasa,24/25,2025,0,0.4412243387048458,0,0
61812,Yuri Berchiche,24/25,2025,0,0.44089572313135184,0,0
161056,Joshua Kimmich,24/25,2025,0,0.44038672508792664,0,0
884818,Robin Lisewski,24/25,2025,1,0.4399675332567715,0,1
196357,Jonathan Tah,24/25,2025,1,0.43982251497580827,0,1
119296,Emre Can,24/25,2025,0,0.43979101652191505,0,0
1172422,Filip Öhman,24/25,2025,0,0.439387710879804,0,0
954016,Edoardo Scquizzato,24/25,2025,0,0.43892895581139973,0,0
222385,Karim Boudiaf,24/25,2025,0,0.4388202844751723,0,0
726717,Konstantinos Pomonis,24/25,2025,1,0.43859997171493614,0,1
1058392,Lorenzo Grilli,24/25,2025,0,0.43859134513798653,0,0
1152976,Eric Porstner,24/25,2025,1,0.4384726011766433,0,1
331963,Filip Panák,24/25,2025,0,0.43828616129686404,0,0
107775,Frederik Rönnow,24/25,2025,0,0.4382235507114414,0,0
599331,Andrés Sánchez,24/25,2025,0,0.43815325384493564,0,0
118050,Aleksandr Skshinetskiy,24/25,2025,0,0.43807767544312165,0,0
921662,Charlie Tasker,24/25,2025,0,0.4380759632883357,0,0
163606,Alessio Vita,24/25,2025,0,0.43687079673465007,0,0
280283,Raphael Silva,24/25,2025,1,0.43669422557497434,0,1
435338,Gabriel Magalhães,24/25,2025,0,0.4363999135938985,0,0
238722,Dominik Reimann,24/25,2025,0,0.43590742083762746,0,0
307511,Mirko Kos,24/25,2025,0,0.43566805339674763,0,0
564545,Edmond Tapsoba,24/25,2025,0,0.4355873240222399,0,0
797802,Nikita Sokolovskiy,24/25,2025,0,0.4353713938379558,0,0
187492,Julian Brandt,24/25,2025,0,0.4351786227495713,0,0
265592,Mitch Pinnock,24/25,2025,1,0.43479614353694385,0,1
648458,Emmanuel Sarpong,24/25,2025,0,0.4340268553161556,0,0
997908,Mattia Arrigoni,24/25,2025,0,0.43391045914273424,0,0
1226502,Evan Mooney,24/25,2025,0,0.4321721064851479,0,0
659570,Vladislav Solanovich,24/25,2025,0,0.4317963799456547,0,0
659813,Piero Hincapié,24/25,2025,1,0.43116636535247066,0,1
1058394,Pietro Parmiggiani,24/25,2025,1,0.43107561418060747,0,1
936755,Alberto Manzoni,24/25,2025,0,0.43086540978471743,0,0
686692,Gruff John,24/25,2025,1,0.43039022268154864,0,1
903218,Gabriel Ramaj,24/25,2025,0,0.43038815866402813,0,0
308989,Sergio González,24/25,2025,1,0.43015425365729776,0,1
964471,Andrea Torriani,24/25,2025,0,0.42983734739129137,0,0
246424,Elbis,24/25,2025,1,0.42878540180949404,0,1
731130,Nikita Patsenko,24/25,2025,0,0.42721873590093945,0,0
997909,Tommaso Ravaglioli,24/25,2025,1,0.42690141466376164,0,1
1055079,Luca Lai,24/25,2025,0,0.426812846827587,0,0
1055070,Luca Nesi,24/25,2025,0,0.42656766766784404,0,0
121267,Connor Roberts,24/25,2025,1,0.4252889487621501,0,1
202764,Mohamed El-Munir,24/25,2025,0,0.4252706248319447,0,0
201731,Lukas Wedl,24/25,2025,0,0.42416712356332714,0,0
1048145,Andrea Bonanomi,24/25,2025,0,0.4241637915819667,0,0
936753,Pietro Comi,24/25,2025,0,0.4238929312393822,0,0
942091,Filippo Mencaraglia,24/25,2025,0,0.42318354838111905,0,0
314398,Jae-sung Lee,24/25,2025,0,0.4229559427089461,0,0
288311,Ibrahim Blati Touré,24/25,2025,0,0.42219493848673634,0,0
748720,Unknown Player,24/25,2025,1,0.4156253312088011,0,1
546213,Tuta,24/25,2025,1,0.4120334568145784,0,1
1067168,Harry Howell,24/25,2025,0,0.4119525177617038,0,0
55000,Unknown Player,24/25,2025,1,0.41169993647995246,0,1
1070979,Wael Mohya,24/25,2025,1,0.40692764916036855,0,1
1259900,Eyyüb Yasar,24/25,2025,0,0.40383486342213165,0,0
816502,Unknown Player,24/25,2025,1,0.394513888421148,0,1
457235,Unknown Player,24/25,2025,0,0.39294952752742124,0,0
159883,Unknown Player,24/25,2025,0,0.39102531899542775,0,0
1178213,Federico Steffanoni,24/25,2025,0,0.38938380215674007,0,0
441264,Unknown Player,24/25,2025,0,0.38674378240069235,0,0
1131973,Jack Porter,24/25,2025,0,0.3854058994717723,0,0
542458,Unknown Player,24/25,2025,1,0.3846548749692801,0,1
226971,Unknown Player,24/25,2025,1,0.3830859030991888,0,1
240190,Unknown Player,24/25,2025,0,0.3830334908164421,0,0
393607,Unknown Player,24/25,2025,0,0.3815595244669252,0,0
577381,Unknown Player,24/25,2025,1,0.3779615592162317,0,1
215167,Unknown Player,24/25,2025,1,0.3770987085196239,0,1
696348,Unknown Player,24/25,2025,1,0.37641080383446623,0,1
615966,Unknown Player,24/25,2025,0,0.37195642721881267,0,0
346528,Unknown Player,24/25,2025,0,0.36794475650378305,0,0
496649,Unknown Player,24/25,2025,0,0.36477666561458133,0,0
284604,Unknown Player,24/25,2025,0,0.362236214644112,0,0
593381,Unknown Player,24/25,2025,0,0.35943424119020395,0,0
566879,Unknown Player,24/25,2025,0,0.3349530554877335,0,0
1027446,Unknown Player,24/25,2025,0,0.3332842331813603,0,0
935517,Unknown Player,24/25,2025,0,0.3331340488906318,0,0
631093,Unknown Player,24/25,2025,0,0.3329591373350823,0,0
895667,Unknown Player,24/25,2025,0,0.33233968473126807,0,0
457442,Unknown Player,24/25,2025,0,0.33184034856304917,0,0
1048151,Unknown Player,24/25,2025,0,0.3312279728154652,0,0
1279791,Unknown Player,24/25,2025,0,0.331017044021462,0,0
507354,Unknown Player,24/25,2025,0,0.33033149539474477,0,0
376083,Unknown Player,24/25,2025,0,0.3300588939992883,0,0
942414,Unknown Player,24/25,2025,0,0.32932098467934023,0,0
1175145,Unknown Player,24/25,2025,0,0.3292933137262268,0,0
457875,Unknown Player,24/25,2025,0,0.3282736538866266,0,0
446708,Unknown Player,24/25,2025,0,0.3282021437009311,0,0
741501,Unknown Player,24/25,2025,0,0.3273217704641907,0,0
636390,Unknown Player,24/25,2025,0,0.32717653887735065,0,0
457778,Unknown Player,24/25,2025,0,0.3271669160412512,0,0
631094,Unknown Player,24/25,2025,0,0.3271241288609744,0,0
512111,Unknown Player,24/25,2025,0,0.32708662906232105,0,0
708080,Unknown Player,24/25,2025,0,0.3270498225176664,0,0
187364,Unknown Player,24/25,2025,0,0.32611270807745363,0,0
199736,Unknown Player,24/25,2025,0,0.3260212617221597,0,0
1166976,Unknown Player,24/25,2025,0,0.32598024663770314,0,0
599115,Unknown Player,24/25,2025,0,0.3259712119858849,0,0
265132,Unknown Player,24/25,2025,0,0.3255676500231302,0,0
423608,Unknown Player,24/25,2025,0,0.3253322382916509,0,0
872742,Unknown Player,24/25,2025,0,0.32500865328230755,0,0
1214452,Unknown Player,24/25,2025,0,0.3248405240804038,0,0
435501,Unknown Player,24/25,2025,0,0.32468998628811074,0,0
815583,Unknown Player,24/25,2025,0,0.3246377306310299,0,0
630985,Unknown Player,24/25,2025,0,0.3246170234453192,0,0
636712,Unknown Player,24/25,2025,0,0.32458937050082304,0,0
1057582,Unknown Player,24/25,2025,0,0.32435897067063546,0,0
691476,Unknown Player,24/25,2025,0,0.32432643461453237,0,0
383165,Unknown Player,24/25,2025,0,0.3240332695094861,0,0
808213,Unknown Player,24/25,2025,0,0.32400735943201453,0,0
1043709,Unknown Player,24/25,2025,0,0.323644231462205,0,0
980242,Unknown Player,24/25,2025,0,0.32349678490268147,0,0
635324,Unknown Player,24/25,2025,0,0.32347464465421516,0,0
116231,Unknown Player,24/25,2025,0,0.3234692439675113,0,0
241471,Unknown Player,24/25,2025,0,0.3234395673702389,0,0
1120251,Unknown Player,24/25,2025,0,0.32341139091494847,0,0
1200586,Unknown Player,24/25,2025,0,0.32339192340498746,0,0
1064920,Unknown Player,24/25,2025,0,0.3232264068827671,0,0
998196,Unknown Player,24/25,2025,0,0.32319135876075916,0,0
601166,Unknown Player,24/25,2025,0,0.32292254158945,0,0
1196829,Unknown Player,24/25,2025,0,0.3226627444566664,0,0
336931,Unknown Player,24/25,2025,0,0.3223231716442869,0,0
967889,Unknown Player,24/25,2025,0,0.3222251282471342,0,0
949275,Unknown Player,24/25,2025,0,0.3221987846434365,0,0
1277787,Unknown Player,24/25,2025,0,0.3221360785430887,0,0
163628,Unknown Player,24/25,2025,0,0.32205289128294395,0,0
223997,Unknown Player,24/25,2025,0,0.322044811277553,0,0
445037,Unknown Player,24/25,2025,0,0.32201959924669293,0,0
394844,Unknown Player,24/25,2025,0,0.32192997871389617,0,0
644159,Unknown Player,24/25,2025,0,0.32190684206013437,0,0
537143,Unknown Player,24/25,2025,0,0.3217168155182673,0,0
459374,Unknown Player,24/25,2025,0,0.321639942518757,0,0
145840,Unknown Player,24/25,2025,0,0.3215815179827416,0,0
792548,Unknown Player,24/25,2025,0,0.321539696201743,0,0
943636,Unknown Player,24/25,2025,0,0.3215274681635199,0,0
166661,Unknown Player,24/25,2025,0,0.3214589860034311,0,0
1059299,Unknown Player,24/25,2025,0,0.3214207602344988,0,0
637013,Unknown Player,24/25,2025,0,0.32127418568863053,0,0
711633,Unknown Player,24/25,2025,0,0.3211283532167759,0,0
504969,Unknown Player,24/25,2025,0,0.3204973110743518,0,0
574806,Unknown Player,24/25,2025,0,0.3204402111727761,0,0
537371,Unknown Player,24/25,2025,0,0.3202164094691815,0,0
1107973,Unknown Player,24/25,2025,0,0.32018363123704136,0,0
200615,Unknown Player,24/25,2025,0,0.3200506247905773,0,0
463178,Unknown Player,24/25,2025,0,0.3196744458857669,0,0
666168,Unknown Player,24/25,2025,0,0.31952345570846913,0,0
185551,Unknown Player,24/25,2025,0,0.3193658379162481,0,0
611498,Unknown Player,24/25,2025,0,0.3192506652623373,0,0
934796,Unknown Player,24/25,2025,0,0.3190835640319383,0,0
200195,Unknown Player,24/25,2025,0,0.31893608304880156,0,0
198104,Unknown Player,24/25,2025,0,0.31889772649243814,0,0
661150,Unknown Player,24/25,2025,0,0.3188540170065642,0,0
1317650,Unknown Player,24/25,2025,0,0.31879004900966995,0,0
458816,Unknown Player,24/25,2025,0,0.31874774086225605,0,0
1175538,Unknown Player,24/25,2025,0,0.3186699973860739,0,0
288716,Unknown Player,24/25,2025,0,0.3186425194964455,0,0
706797,Unknown Player,24/25,2025,0,0.3185618161152448,0,0
90681,Unknown Player,24/25,2025,0,0.31850101977060413,0,0
938105,Unknown Player,24/25,2025,0,0.31832274853139303,0,0
138144,Unknown Player,24/25,2025,0,0.3182181487702174,0,0
678447,Unknown Player,24/25,2025,0,0.31771366729450856,0,0
796435,Unknown Player,24/25,2025,0,0.31756889036244057,0,0
552927,Unknown Player,24/25,2025,0,0.31751478326254473,0,0
354678,Unknown Player,24/25,2025,0,0.3174863522769803,0,0
703767,Unknown Player,24/25,2025,0,0.3174352516188004,0,0
1154305,Unknown Player,24/25,2025,0,0.31727618978961003,0,0
780941,Unknown Player,24/25,2025,0,0.31723810322997537,0,0
1104136,Unknown Player,24/25,2025,0,0.3170752179427876,0,0
948278,Unknown Player,24/25,2025,0,0.3169662423679043,0,0
1277195,Unknown Player,24/25,2025,0,0.3169568082364507,0,0
924800,Unknown Player,24/25,2025,0,0.3168077630993395,0,0
329668,Unknown Player,24/25,2025,0,0.3165372888592511,0,0
702326,Unknown Player,24/25,2025,0,0.31648836826309024,0,0
189231,Unknown Player,24/25,2025,0,0.31644630525801193,0,0
945760,Unknown Player,24/25,2025,0,0.31636966420213536,0,0
459482,Unknown Player,24/25,2025,0,0.3163562585020375,0,0
511025,Unknown Player,24/25,2025,0,0.31626258035079957,0,0
646404,Unknown Player,24/25,2025,0,0.3162534046765942,0,0
1176544,Unknown Player,24/25,2025,0,0.3161361563290837,0,0
202914,Unknown Player,24/25,2025,0,0.3159727097308913,0,0
537599,Unknown Player,24/25,2025,0,0.3159600631456409,0,0
200062,Unknown Player,24/25,2025,0,0.3158796313680177,0,0
824312,Unknown Player,24/25,2025,0,0.31571621812482736,0,0
321234,Unknown Player,24/25,2025,0,0.31560405494255017,0,0
377576,Unknown Player,24/25,2025,0,0.31553857669067537,0,0
849632,Unknown Player,24/25,2025,0,0.31551213262494937,0,0
229003,Unknown Player,24/25,2025,0,0.31536172151069747,0,0
427576,Unknown Player,24/25,2025,0,0.315360812810599,0,0
664622,Unknown Player,24/25,2025,0,0.31530627327355293,0,0
375320,Unknown Player,24/25,2025,0,0.31525431039814994,0,0
820285,Unknown Player,24/25,2025,0,0.31521197605632034,0,0
803839,Unknown Player,24/25,2025,0,0.3151780613802982,0,0
1090830,Unknown Player,24/25,2025,0,0.31507872491837735,0,0
213911,Unknown Player,24/25,2025,0,0.31507242919189704,0,0
702167,Unknown Player,24/25,2025,0,0.31506917799519507,0,0
1064116,Unknown Player,24/25,2025,0,0.3149701374473868,0,0
992501,Unknown Player,24/25,2025,0,0.31491652583873936,0,0
815523,Unknown Player,24/25,2025,0,0.3148313863179379,0,0
796678,Unknown Player,24/25,2025,0,0.3147746766416806,0,0
1027253,Unknown Player,24/25,2025,0,0.31475963827468584,0,0
388121,Unknown Player,24/25,2025,0,0.31474825406139073,0,0
135872,Unknown Player,24/25,2025,0,0.3144728715504977,0,0
1136532,Unknown Player,24/25,2025,0,0.3143554310882368,0,0
543103,Unknown Player,24/25,2025,0,0.3142963717509296,0,0
1062847,Unknown Player,24/25,2025,0,0.31428650632128824,0,0
1175205,Unknown Player,24/25,2025,0,0.3142799400919101,0,0
336959,Unknown Player,24/25,2025,0,0.3142341748481374,0,0
636120,Unknown Player,24/25,2025,0,0.31407323481156524,0,0
56609,Unknown Player,24/25,2025,0,0.3138949488159717,0,0
636686,Unknown Player,24/25,2025,0,0.313887281241302,0,0
1184913,Unknown Player,24/25,2025,0,0.31387919271467435,0,0
195762,Unknown Player,24/25,2025,0,0.3137685905049031,0,0
334341,Unknown Player,24/25,2025,0,0.31373261236174155,0,0
890368,Unknown Player,24/25,2025,0,0.3137225442092492,0,0
1079186,Unknown Player,24/25,2025,0,0.3135967543331706,0,0
160350,Unknown Player,24/25,2025,0,0.31357001180730676,0,0
56223,Unknown Player,24/25,2025,0,0.31348093496392,0,0
197272,Unknown Player,24/25,2025,0,0.31343652776542136,0,0
1187524,Unknown Player,24/25,2025,0,0.3134217696688673,0,0
942988,Unknown Player,24/25,2025,0,0.31339552892815326,0,0
163264,Unknown Player,24/25,2025,0,0.3133145982339871,0,0
638582,Unknown Player,24/25,2025,0,0.3133071148391873,0,0
617905,Unknown Player,24/25,2025,0,0.31322554488630316,0,0
874947,Unknown Player,24/25,2025,0,0.3132074583061588,0,0
545567,Unknown Player,24/25,2025,0,0.3131036295304743,0,0
163243,Unknown Player,24/25,2025,0,0.3130997292664611,0,0
399936,Unknown Player,24/25,2025,0,0.3130402527229675,0,0
745960,Unknown Player,24/25,2025,0,0.3130181630014373,0,0
156575,Unknown Player,24/25,2025,0,0.31288918811581223,0,0
217145,Unknown Player,24/25,2025,0,0.31283868068786064,0,0
824128,Unknown Player,24/25,2025,0,0.3127849186544249,0,0
610889,Unknown Player,24/25,2025,0,0.31259036525772793,0,0
818544,Unknown Player,24/25,2025,0,0.31229675790528477,0,0
1105549,Unknown Player,24/25,2025,0,0.3121738300405083,0,0
458739,Unknown Player,24/25,2025,0,0.3120708030973203,0,0
355630,Unknown Player,24/25,2025,0,0.311984389604147,0,0
1176866,Unknown Player,24/25,2025,0,0.31197380323231455,0,0
431698,Unknown Player,24/25,2025,0,0.31195127174459025,0,0
297443,Unknown Player,24/25,2025,0,0.3118965168060525,0,0
598098,Unknown Player,24/25,2025,0,0.31189296940285566,0,0
921203,Unknown Player,24/25,2025,0,0.3118384426411843,0,0
698536,Unknown Player,24/25,2025,0,0.31179434671174583,0,0
1095546,Unknown Player,24/25,2025,0,0.31168732480765515,0,0
241380,Unknown Player,24/25,2025,0,0.31160582201510467,0,0
1188666,Unknown Player,24/25,2025,0,0.3115891763106201,0,0
449443,Unknown Player,24/25,2025,0,0.31111474833915986,0,0
883214,Unknown Player,24/25,2025,0,0.31104848704888016,0,0
571422,Unknown Player,24/25,2025,0,0.31104477948801634,0,0
595901,Unknown Player,24/25,2025,0,0.31103587129228416,0,0
1064471,Unknown Player,24/25,2025,0,0.3110282021351492,0,0
163649,Unknown Player,24/25,2025,0,0.3110243941571519,0,0
709215,Unknown Player,24/25,2025,0,0.31096709181135707,0,0
549384,Unknown Player,24/25,2025,0,0.31092697235571015,0,0
1180701,Unknown Player,24/25,2025,0,0.31090270258027397,0,0
463339,Unknown Player,24/25,2025,0,0.31075357672315873,0,0
325602,Unknown Player,24/25,2025,0,0.3106687456320244,0,0
617928,Unknown Player,24/25,2025,0,0.3106579893267265,0,0
433358,Unknown Player,24/25,2025,0,0.31058874582494966,0,0
858324,Unknown Player,24/25,2025,0,0.31050542089802996,0,0
593357,Unknown Player,24/25,2025,0,0.31045311831409195,0,0
226169,Unknown Player,24/25,2025,0,0.3104489333728255,0,0
60551,Unknown Player,24/25,2025,0,0.3103796416474655,0,0
439341,Unknown Player,24/25,2025,0,0.31033170543189054,0,0
718177,Unknown Player,24/25,2025,0,0.3102475175350056,0,0
531437,Unknown Player,24/25,2025,0,0.31020476372275985,0,0
213988,Unknown Player,24/25,2025,0,0.31018600149212705,0,0
287710,Unknown Player,24/25,2025,0,0.3101419769589144,0,0
705159,Unknown Player,24/25,2025,0,0.3100401363143879,0,0
649726,Unknown Player,24/25,2025,0,0.30998218675359135,0,0
638262,Unknown Player,24/25,2025,0,0.30994830776809884,0,0
576027,Unknown Player,24/25,2025,0,0.30992513573209,0,0
963675,Unknown Player,24/25,2025,0,0.30989713404064856,0,0
892932,Unknown Player,24/25,2025,0,0.30974846969470743,0,0
277381,Unknown Player,24/25,2025,0,0.30973702682552345,0,0
284321,Unknown Player,24/25,2025,0,0.3097053102182494,0,0
711381,Unknown Player,24/25,2025,0,0.3096071044138828,0,0
595530,Unknown Player,24/25,2025,0,0.30955257744540576,0,0
374089,Unknown Player,24/25,2025,0,0.3095245483371966,0,0
711383,Unknown Player,24/25,2025,0,0.3094892846281584,0,0
312208,Unknown Player,24/25,2025,0,0.3093262819389237,0,0
550492,Unknown Player,24/25,2025,0,0.30929758260949347,0,0
440312,Unknown Player,24/25,2025,0,0.30928478525082076,0,0
84766,Unknown Player,24/25,2025,0,0.3092708199926096,0,0
719987,Unknown Player,24/25,2025,0,0.3092172741801467,0,0
885179,Unknown Player,24/25,2025,0,0.30917191038798064,0,0
333923,Unknown Player,24/25,2025,0,0.30916713793847406,0,0
597083,Unknown Player,24/25,2025,0,0.3091338318296639,0,0
1068102,Unknown Player,24/25,2025,0,0.3090398003285693,0,0
632904,Unknown Player,24/25,2025,0,0.30897078673824574,0,0
730406,Unknown Player,24/25,2025,0,0.3089150520924521,0,0
229012,Unknown Player,24/25,2025,0,0.30889488391791564,0,0
457675,Unknown Player,24/25,2025,0,0.30888084258570375,0,0
149931,Unknown Player,24/25,2025,0,0.30884656534616717,0,0
1003088,Unknown Player,24/25,2025,0,0.30879121671254556,0,0
941155,Unknown Player,24/25,2025,0,0.3087883098013812,0,0
213975,Unknown Player,24/25,2025,0,0.3087374329297417,0,0
1064391,Unknown Player,24/25,2025,0,0.3087329169961026,0,0
1013853,Unknown Player,24/25,2025,0,0.3087005855941816,0,0
1073288,Unknown Player,24/25,2025,0,0.3086395979455075,0,0
542336,Unknown Player,24/25,2025,0,0.3085577799390799,0,0
91241,Unknown Player,24/25,2025,0,0.3084722142305192,0,0
183383,Unknown Player,24/25,2025,0,0.30843734445979776,0,0
370704,Unknown Player,24/25,2025,0,0.3083565118989146,0,0
183198,Unknown Player,24/25,2025,0,0.30828087521127306,0,0
666588,Unknown Player,24/25,2025,0,0.30824303957882804,0,0
1163778,Unknown Player,24/25,2025,0,0.308196318349526,0,0
384789,Unknown Player,24/25,2025,0,0.30815185890217844,0,0
895591,Unknown Player,24/25,2025,0,0.3081463034076414,0,0
623036,Unknown Player,24/25,2025,0,0.30808028267572835,0,0
991773,Unknown Player,24/25,2025,0,0.3080535775567533,0,0
617698,Unknown Player,24/25,2025,0,0.30805055004153203,0,0
284306,Unknown Player,24/25,2025,0,0.3080309398479573,0,0
191745,Unknown Player,24/25,2025,0,0.30799206004094803,0,0
895335,Unknown Player,24/25,2025,0,0.3079465288348725,0,0
693037,Unknown Player,24/25,2025,0,0.3079067963846905,0,0
580142,Unknown Player,24/25,2025,0,0.30783641464873274,0,0
823762,Unknown Player,24/25,2025,0,0.30771948813466926,0,0
757905,Unknown Player,24/25,2025,0,0.30766472855211513,0,0
591957,Unknown Player,24/25,2025,0,0.3076235252214502,0,0
138295,Unknown Player,24/25,2025,0,0.3076092709003186,0,0
20137,Unknown Player,24/25,2025,0,0.3075995280204394,0,0
355444,Unknown Player,24/25,2025,0,0.30757412801071515,0,0
547534,Unknown Player,24/25,2025,0,0.3075390068032237,0,0
945709,Unknown Player,24/25,2025,0,0.3074828425818431,0,0
926530,Unknown Player,24/25,2025,0,0.30745107525042836,0,0
304042,Unknown Player,24/25,2025,0,0.3074175062652915,0,0
79510,Unknown Player,24/25,2025,0,0.30741121427690143,0,0
1147403,Unknown Player,24/25,2025,0,0.3074096347684504,0,0
940220,Unknown Player,24/25,2025,0,0.3073551320911665,0,0
200167,Unknown Player,24/25,2025,0,0.3073294018509065,0,0
692463,Unknown Player,24/25,2025,0,0.3072876945186424,0,0
890421,Unknown Player,24/25,2025,0,0.30724631794544344,0,0
796307,Unknown Player,24/25,2025,0,0.30718539432174957,0,0
207561,Unknown Player,24/25,2025,0,0.3070757628174604,0,0
520947,Unknown Player,24/25,2025,0,0.3070644450562273,0,0
719672,Unknown Player,24/25,2025,0,0.3070487184031659,0,0
354666,Unknown Player,24/25,2025,0,0.3070192161952524,0,0
549313,Unknown Player,24/25,2025,0,0.3069907415200683,0,0
487346,Unknown Player,24/25,2025,0,0.30691238890837325,0,0
601405,Unknown Player,24/25,2025,0,0.30688394473772374,0,0
379711,Unknown Player,24/25,2025,0,0.30686618187005393,0,0
860694,Unknown Player,24/25,2025,0,0.30684154063839536,0,0
635347,Unknown Player,24/25,2025,0,0.3068130400208746,0,0
230826,Unknown Player,24/25,2025,0,0.3067800973221334,0,0
1326685,Unknown Player,24/25,2025,0,0.30676457728184375,0,0
581326,Unknown Player,24/25,2025,0,0.3067166175146252,0,0
547248,Unknown Player,24/25,2025,0,0.30670134606126587,0,0
195720,Unknown Player,24/25,2025,0,0.3066148116995246,0,0
1300301,Unknown Player,24/25,2025,0,0.3064738713827726,0,0
11111,Unknown Player,24/25,2025,0,0.3064576266200663,0,0
818546,Unknown Player,24/25,2025,0,0.30644050782559046,0,0
912468,Unknown Player,24/25,2025,0,0.3063632162684231,0,0
1182452,Unknown Player,24/25,2025,0,0.30635139816628193,0,0
199767,Unknown Player,24/25,2025,0,0.3063039500111458,0,0
208077,Unknown Player,24/25,2025,0,0.3063027206095395,0,0
1082850,Unknown Player,24/25,2025,0,0.30627803025302563,0,0
1110023,Unknown Player,24/25,2025,0,0.30620024266902907,0,0
832821,Unknown Player,24/25,2025,0,0.30619195360985496,0,0
986733,Unknown Player,24/25,2025,0,0.30616086546946153,0,0
107444,Unknown Player,24/25,2025,0,0.3061429348966697,0,0
1042499,Unknown Player,24/25,2025,0,0.3061258813359002,0,0
738477,Unknown Player,24/25,2025,0,0.3060818798343847,0,0
534082,Unknown Player,24/25,2025,0,0.3060578679719605,0,0
799418,Unknown Player,24/25,2025,0,0.3059750058666829,0,0
841107,Unknown Player,24/25,2025,0,0.30595749921341986,0,0
1084447,Unknown Player,24/25,2025,0,0.3059479369354826,0,0
1055221,Unknown Player,24/25,2025,0,0.30585715537579444,0,0
1047101,Unknown Player,24/25,2025,0,0.3058310229133329,0,0
126161,Unknown Player,24/25,2025,1,0.3057501320644031,0,1
567102,Unknown Player,24/25,2025,0,0.30569419762079375,0,0
358874,Unknown Player,24/25,2025,0,0.3056583758110076,0,0
103890,Unknown Player,24/25,2025,0,0.3056304509728256,0,0
404268,Unknown Player,24/25,2025,0,0.3056065104622562,0,0
167904,Unknown Player,24/25,2025,0,0.30559531593830547,0,0
652698,Unknown Player,24/25,2025,0,0.3055842614397001,0,0
536081,Unknown Player,24/25,2025,0,0.30552088792472304,0,0
1197868,Unknown Player,24/25,2025,0,0.3055138250209258,0,0
534166,Unknown Player,24/25,2025,0,0.30526486953900367,0,0
1077728,Unknown Player,24/25,2025,0,0.3052128591720692,0,0
1087052,Unknown Player,24/25,2025,0,0.3051434075043103,0,0
346562,Unknown Player,24/25,2025,0,0.3050736332954857,0,0
1380598,Unknown Player,24/25,2025,0,0.3050620757127914,0,0
821350,Unknown Player,24/25,2025,0,0.3049929873482724,0,0
1047098,Unknown Player,24/25,2025,0,0.3049524005497196,0,0
623040,Unknown Player,24/25,2025,0,0.30485654898346437,0,0
405682,Unknown Player,24/25,2025,0,0.3048528598783111,0,0
392444,Unknown Player,24/25,2025,0,0.3048354762518265,0,0
24846,Unknown Player,24/25,2025,0,0.30481649877346795,0,0
780136,Unknown Player,24/25,2025,0,0.30477943236275756,0,0
287752,Unknown Player,24/25,2025,0,0.3047741825667631,0,0
335740,Unknown Player,24/25,2025,0,0.30476142561498326,0,0
1202991,Unknown Player,24/25,2025,0,0.3047002823500554,0,0
672836,Unknown Player,24/25,2025,0,0.30465418360624075,0,0
815529,Unknown Player,24/25,2025,0,0.30465194722435046,0,0
1105972,Unknown Player,24/25,2025,0,0.30457973021676316,0,0
1202384,Unknown Player,24/25,2025,0,0.3045702801895331,0,0
285322,Unknown Player,24/25,2025,0,0.30455000305520114,0,0
293194,Unknown Player,24/25,2025,0,0.3045064846314304,0,0
720532,Unknown Player,24/25,2025,0,0.30437799538170746,0,0
240252,Unknown Player,24/25,2025,0,0.30435562133791766,0,0
197981,Unknown Player,24/25,2025,0,0.3043525987456137,0,0
515112,Unknown Player,24/25,2025,1,0.30430319332447325,0,1
1079183,Unknown Player,24/25,2025,0,0.304284258561784,0,0
303766,Unknown Player,24/25,2025,0,0.30426677126516694,0,0
741267,Unknown Player,24/25,2025,0,0.3042473762998036,0,0
525576,Unknown Player,24/25,2025,0,0.3042209613854579,0,0
818422,Unknown Player,24/25,2025,0,0.30417610476612966,0,0
160560,Unknown Player,24/25,2025,0,0.30416091115700794,0,0
533321,Unknown Player,24/25,2025,0,0.3041536158371489,0,0
146618,Unknown Player,24/25,2025,0,0.3041395957540589,0,0
991458,Unknown Player,24/25,2025,0,0.30407423137871914,0,0
936571,Unknown Player,24/25,2025,0,0.30406401459769156,0,0
453508,Unknown Player,24/25,2025,0,0.3039837524267571,0,0
253341,Unknown Player,24/25,2025,0,0.30396162065439064,0,0
224044,Unknown Player,24/25,2025,0,0.30394792204057686,0,0
1020544,Unknown Player,24/25,2025,0,0.3039424070765634,0,0
279144,Unknown Player,24/25,2025,0,0.3038852257904629,0,0
939374,Unknown Player,24/25,2025,0,0.3038792839677288,0,0
613533,Unknown Player,24/25,2025,0,0.3038697073296308,0,0
539631,Unknown Player,24/25,2025,0,0.3038121780890708,0,0
1205311,Unknown Player,24/25,2025,0,0.30376862419087974,0,0
217576,Unknown Player,24/25,2025,0,0.3037097464436242,0,0
628308,Unknown Player,24/25,2025,0,0.30370867824606657,0,0
113797,Unknown Player,24/25,2025,0,0.30370719617047653,0,0
975729,Unknown Player,24/25,2025,0,0.3036734572256303,0,0
176412,Unknown Player,24/25,2025,0,0.30351366809910646,0,0
724112,Unknown Player,24/25,2025,0,0.30351053377195947,0,0
373916,Unknown Player,24/25,2025,0,0.3033580075340666,0,0
1233680,Unknown Player,24/25,2025,0,0.30331826516192406,0,0
393487,Unknown Player,24/25,2025,0,0.303263938972696,0,0
677382,Unknown Player,24/25,2025,0,0.3032102253951878,0,0
418218,Unknown Player,24/25,2025,0,0.30320516628328975,0,0
924790,Unknown Player,24/25,2025,0,0.3031872592774234,0,0
416699,Unknown Player,24/25,2025,0,0.30306967456220674,0,0
761482,Unknown Player,24/25,2025,0,0.30305023893208904,0,0
508780,Unknown Player,24/25,2025,0,0.30304690920934724,0,0
821522,Unknown Player,24/25,2025,0,0.3030129610280482,0,0
438682,Unknown Player,24/25,2025,0,0.30299869066082563,0,0
1060962,Unknown Player,24/25,2025,0,0.30299446299789756,0,0
259464,Unknown Player,24/25,2025,0,0.3029645161679552,0,0
860078,Unknown Player,24/25,2025,0,0.3029405096136129,0,0
113130,Unknown Player,24/25,2025,0,0.3029354069438661,0,0
412366,Unknown Player,24/25,2025,0,0.3029340470622624,0,0
54217,Unknown Player,24/25,2025,0,0.3028598703181233,0,0
883540,Unknown Player,24/25,2025,0,0.3028305134005041,0,0
706332,Unknown Player,24/25,2025,0,0.30281886568702376,0,0
1369810,Unknown Player,24/25,2025,0,0.302814352289146,0,0
374418,Unknown Player,24/25,2025,0,0.3027722639580479,0,0
1291073,Unknown Player,24/25,2025,0,0.3027400387521274,0,0
1038851,Unknown Player,24/25,2025,0,0.3027324938202354,0,0
738492,Unknown Player,24/25,2025,0,0.30267167122782673,0,0
847283,Unknown Player,24/25,2025,0,0.3026338322185604,0,0
343153,Unknown Player,24/25,2025,0,0.3025965832653935,0,0
1060893,Unknown Player,24/25,2025,0,0.30256512530933904,0,0
818880,Unknown Player,24/25,2025,0,0.30252501811104876,0,0
505548,Unknown Player,24/25,2025,0,0.3025183265452604,0,0
669219,Unknown Player,24/25,2025,0,0.302512396424571,0,0
1175284,Unknown Player,24/25,2025,0,0.30243129351088743,0,0
831992,Unknown Player,24/25,2025,0,0.30237121333693895,0,0
589911,Unknown Player,24/25,2025,0,0.3023709935650884,0,0
657479,Unknown Player,24/25,2025,0,0.3023549911600902,0,0
912525,Unknown Player,24/25,2025,0,0.3022908050241476,0,0
1006411,Unknown Player,24/25,2025,0,0.30220278809987544,0,0
168088,Unknown Player,24/25,2025,0,0.302168787869641,0,0
287651,Unknown Player,24/25,2025,0,0.3021376515286458,0,0
353479,Unknown Player,24/25,2025,0,0.30212188557106073,0,0
1099555,Unknown Player,24/25,2025,0,0.3020683734132539,0,0
678371,Unknown Player,24/25,2025,0,0.30201105161470776,0,0
939344,Unknown Player,24/25,2025,0,0.3019243285393767,0,0
536506,Unknown Player,24/25,2025,0,0.30188067938933305,0,0
195456,Unknown Player,24/25,2025,0,0.30185900968164087,0,0
890232,Unknown Player,24/25,2025,0,0.3017934742991059,0,0
237204,Unknown Player,24/25,2025,0,0.30177389551616096,0,0
175445,Unknown Player,24/25,2025,0,0.3017708326416881,0,0
314773,Unknown Player,24/25,2025,0,0.3017014888970696,0,0
358738,Unknown Player,24/25,2025,0,0.30168534194811175,0,0
422052,Unknown Player,24/25,2025,0,0.30164953533745936,0,0
391237,Unknown Player,24/25,2025,0,0.3016407313551374,0,0
1176433,Unknown Player,24/25,2025,0,0.3016328959067923,0,0
46552,Unknown Player,24/25,2025,0,0.30163161340057476,0,0
832992,Unknown Player,24/25,2025,0,0.30157217537690384,0,0
314297,Unknown Player,24/25,2025,0,0.30150093155911395,0,0
743597,Unknown Player,24/25,2025,0,0.3014615071837601,0,0
197751,Unknown Player,24/25,2025,0,0.3014552886343043,0,0
812397,Unknown Player,24/25,2025,0,0.3014205718188362,0,0
839807,Unknown Player,24/25,2025,0,0.3013792554207165,0,0
677958,Unknown Player,24/25,2025,0,0.30137695065906284,0,0
700078,Unknown Player,24/25,2025,0,0.30136576424339584,0,0
222977,Unknown Player,24/25,2025,0,0.301244885666229,0,0
143045,Unknown Player,24/25,2025,0,0.3011318622066016,0,0
727081,Unknown Player,24/25,2025,0,0.3011010617784119,0,0
131101,Unknown Player,24/25,2025,0,0.30108668905442587,0,0
795437,Unknown Player,24/25,2025,0,0.3009778926227031,0,0
719683,Unknown Player,24/25,2025,0,0.30096173844986496,0,0
967813,Unknown Player,24/25,2025,0,0.3008941767549189,0,0
503684,Unknown Player,24/25,2025,0,0.3008593832921235,0,0
613449,Unknown Player,24/25,2025,0,0.3008162912485291,0,0
325896,Unknown Player,24/25,2025,0,0.3008138495668267,0,0
808428,Unknown Player,24/25,2025,0,0.30073632527717303,0,0
1208182,Unknown Player,24/25,2025,0,0.3007151283761067,0,0
167874,Unknown Player,24/25,2025,0,0.3007064500374195,0,0
402580,Unknown Player,24/25,2025,0,0.3006946351269908,0,0
724881,Unknown Player,24/25,2025,0,0.3006885094910408,0,0
948958,Unknown Player,24/25,2025,0,0.3006665177199064,0,0
692208,Unknown Player,24/25,2025,0,0.30064914425663414,0,0
349715,Unknown Player,24/25,2025,0,0.3006489074788785,0,0
823992,Unknown Player,24/25,2025,0,0.3006362234685629,0,0
987442,Unknown Player,24/25,2025,0,0.3006243196943385,0,0
148372,Unknown Player,24/25,2025,0,0.3005969102624873,0,0
370863,Unknown Player,24/25,2025,0,0.30057467568425095,0,0
925105,Unknown Player,24/25,2025,0,0.30049243862516484,0,0
778540,Unknown Player,24/25,2025,0,0.30048744700402236,0,0
1337321,Unknown Player,24/25,2025,0,0.3003991934455087,0,0
959241,Unknown Player,24/25,2025,0,0.3003852560898924,0,0
635904,Unknown Player,24/25,2025,0,0.30036354403444016,0,0
199070,Unknown Player,24/25,2025,0,0.3003357973777629,0,0
1054931,Unknown Player,24/25,2025,0,0.3003159041645265,0,0
972367,Unknown Player,24/25,2025,0,0.30025820040415474,0,0
1061035,Unknown Player,24/25,2025,0,0.3002023242817329,0,0
746974,Unknown Player,24/25,2025,0,0.3002023096864469,0,0
676266,Unknown Player,24/25,2025,0,0.3001737540053107,0,0
185401,Unknown Player,24/25,2025,0,0.300163203743751,0,0
615917,Unknown Player,24/25,2025,0,0.3000505233650507,0,0
975138,Unknown Player,24/25,2025,0,0.29997939876719243,0,0
817330,Unknown Player,24/25,2025,0,0.2999763204229295,0,0
981399,Unknown Player,24/25,2025,0,0.2999705065855197,0,0
30677,Unknown Player,24/25,2025,0,0.2999066882150695,0,0
457448,Unknown Player,24/25,2025,0,0.29987816211480073,0,0
819369,Unknown Player,24/25,2025,0,0.29987388628018463,0,0
604616,Unknown Player,24/25,2025,0,0.299868350298413,0,0
838771,Unknown Player,24/25,2025,0,0.29983977867078243,0,0
1055346,Unknown Player,24/25,2025,0,0.2997806256974224,0,0
93935,Unknown Player,24/25,2025,0,0.29973082057703454,0,0
1087262,Unknown Player,24/25,2025,0,0.2997000905337348,0,0
199896,Unknown Player,24/25,2025,0,0.29967979788084764,0,0
348768,Unknown Player,24/25,2025,0,0.29962997913326145,0,0
559335,Unknown Player,24/25,2025,0,0.29959644136548236,0,0
558269,Unknown Player,24/25,2025,0,0.29955960837666595,0,0
87854,Unknown Player,24/25,2025,0,0.2994883421458386,0,0
421871,Unknown Player,24/25,2025,0,0.2993038865955795,0,0
797734,Unknown Player,24/25,2025,0,0.29925544534917864,0,0
496996,Unknown Player,24/25,2025,0,0.29923420265936124,0,0
386574,Unknown Player,24/25,2025,0,0.29916893589344123,0,0
465606,Unknown Player,24/25,2025,0,0.2991252150058572,0,0
321071,Unknown Player,24/25,2025,0,0.2991247092806021,0,0
125561,Unknown Player,24/25,2025,0,0.29897111306650764,0,0
1068318,Unknown Player,24/25,2025,0,0.2989176072609482,0,0
396106,Unknown Player,24/25,2025,0,0.29889181827823624,0,0
82011,Unknown Player,24/25,2025,0,0.2988820072202914,0,0
175323,Unknown Player,24/25,2025,0,0.2988554406681543,0,0
567465,Unknown Player,24/25,2025,0,0.2988272584596434,0,0
461937,Unknown Player,24/25,2025,0,0.29877215006971114,0,0
638666,Unknown Player,24/25,2025,0,0.2987450512278856,0,0
1225835,Unknown Player,24/25,2025,0,0.2986345025220867,0,0
580560,Unknown Player,24/25,2025,0,0.29860312195198585,0,0
378482,Unknown Player,24/25,2025,0,0.2985628014954607,0,0
458777,Unknown Player,24/25,2025,0,0.29839834073218807,0,0
471692,Unknown Player,24/25,2025,0,0.29836135665908,0,0
723010,Unknown Player,24/25,2025,0,0.29820563934624156,0,0
195628,Unknown Player,24/25,2025,0,0.2980996703485512,0,0
1048452,Unknown Player,24/25,2025,0,0.2980651881136582,0,0
459102,Unknown Player,24/25,2025,0,0.29804891850510284,0,0
435778,Unknown Player,24/25,2025,0,0.2980248412608945,0,0
426084,Unknown Player,24/25,2025,0,0.29800258151005843,0,0
389841,Unknown Player,24/25,2025,0,0.29800080673122226,0,0
599593,Unknown Player,24/25,2025,0,0.29797979966657284,0,0
226964,Unknown Player,24/25,2025,0,0.297946482287031,0,0
559172,Unknown Player,24/25,2025,0,0.2978928333134121,0,0
343213,Unknown Player,24/25,2025,0,0.29786468453385284,0,0
347138,Unknown Player,24/25,2025,0,0.2978103592466769,0,0
899819,Unknown Player,24/25,2025,0,0.29776613452404666,0,0
583920,Unknown Player,24/25,2025,0,0.29771791172926015,0,0
943893,Unknown Player,24/25,2025,0,0.297586973247344,0,0
221624,Unknown Player,24/25,2025,0,0.29750780484076894,0,0
168959,Unknown Player,24/25,2025,0,0.29750780484076894,0,0
217357,Unknown Player,24/25,2025,0,0.29749906423451195,0,0
650224,Unknown Player,24/25,2025,0,0.297452437678997,0,0
595273,Unknown Player,24/25,2025,0,0.2974306248909258,0,0
818237,Unknown Player,24/25,2025,0,0.29740934286033244,0,0
587606,Unknown Player,24/25,2025,0,0.297379913465507,0,0
816006,Unknown Player,24/25,2025,0,0.2973390070295473,0,0
140559,Unknown Player,24/25,2025,0,0.2973340369003352,0,0
535469,Unknown Player,24/25,2025,0,0.2973113781154434,0,0
205503,Unknown Player,24/25,2025,0,0.2972714664707949,0,0
979754,Unknown Player,24/25,2025,0,0.2972712367750156,0,0
299189,Unknown Player,24/25,2025,0,0.29717378221018215,0,0
324806,Unknown Player,24/25,2025,0,0.2971342583117094,0,0
499604,Unknown Player,24/25,2025,0,0.2971262780430962,0,0
837269,Unknown Player,24/25,2025,0,0.2970167922985983,0,0
363466,Unknown Player,24/25,2025,0,0.29701029811504054,0,0
878102,Unknown Player,24/25,2025,0,0.29701029811504054,0,0
1040077,Unknown Player,24/25,2025,0,0.2970092199494265,0,0
287663,Unknown Player,24/25,2025,0,0.2968823488207131,0,0
443778,Unknown Player,24/25,2025,0,0.29681114870607883,0,0
104555,Unknown Player,24/25,2025,0,0.29679163366984934,0,0
349712,Unknown Player,24/25,2025,0,0.29670801233535843,0,0
911810,Unknown Player,24/25,2025,0,0.29667695842531955,0,0
199583,Unknown Player,24/25,2025,0,0.296673435927516,0,0
594227,Unknown Player,24/25,2025,0,0.2966457674977108,0,0
663939,Unknown Player,24/25,2025,0,0.2965547919383981,0,0
220496,Unknown Player,24/25,2025,0,0.2964940758282884,0,0
923121,Unknown Player,24/25,2025,0,0.296463627744026,0,0
511545,Unknown Player,24/25,2025,0,0.2964631626254571,0,0
229817,Unknown Player,24/25,2025,0,0.29640346523792704,0,0
537232,Unknown Player,24/25,2025,0,0.29635661823250686,0,0
718547,Unknown Player,24/25,2025,0,0.2963506075816275,0,0
1127243,Unknown Player,24/25,2025,0,0.29630369818057584,0,0
862989,Unknown Player,24/25,2025,0,0.29623279020332294,0,0
679050,Unknown Player,24/25,2025,0,0.296181864822539,0,0
981713,Unknown Player,24/25,2025,0,0.29612907948340683,0,0
854537,Unknown Player,24/25,2025,0,0.29610938846050144,0,0
333370,Unknown Player,24/25,2025,0,0.2959969976360375,0,0
1299566,Unknown Player,24/25,2025,0,0.2959487350611158,0,0
643707,Unknown Player,24/25,2025,0,0.29593911151158475,0,0
998205,Unknown Player,24/25,2025,0,0.2959180518264428,0,0
1113634,Unknown Player,24/25,2025,0,0.2959012520068978,0,0
519651,Unknown Player,24/25,2025,0,0.29576458947509565,0,0
1073654,Unknown Player,24/25,2025,0,0.29572533413601804,0,0
345083,Unknown Player,24/25,2025,0,0.2955982292942044,0,0
1105529,Unknown Player,24/25,2025,0,0.29558313392670815,0,0
110822,Unknown Player,24/25,2025,0,0.2955522948905122,0,0
579089,Unknown Player,24/25,2025,0,0.29543762171757565,0,0
1285176,Unknown Player,24/25,2025,0,0.29542436828716145,0,0
285913,Unknown Player,24/25,2025,0,0.29541039669080177,0,0
166315,Unknown Player,24/25,2025,0,0.2953339109381573,0,0
676411,Unknown Player,24/25,2025,0,0.2953229055344805,0,0
1187470,Unknown Player,24/25,2025,0,0.2953138942819427,0,0
94037,Unknown Player,24/25,2025,0,0.2953011117524406,0,0
375044,Unknown Player,24/25,2025,0,0.29527515449867153,0,0
886909,Unknown Player,24/25,2025,0,0.2952496661604541,0,0
542456,Unknown Player,24/25,2025,0,0.29522108423646043,0,0
809986,Unknown Player,24/25,2025,0,0.2951488544663255,0,0
559320,Unknown Player,24/25,2025,0,0.2950857094579156,0,0
175828,Unknown Player,24/25,2025,0,0.29499308057885115,0,0
745178,Unknown Player,24/25,2025,0,0.2949749039931834,0,0
521956,Unknown Player,24/25,2025,0,0.2949518831329309,0,0
646699,Unknown Player,24/25,2025,0,0.2948679529768052,0,0
508941,Unknown Player,24/25,2025,0,0.29473120189628416,0,0
1130743,Unknown Player,24/25,2025,0,0.29469307055715277,0,0
1231993,Unknown Player,24/25,2025,0,0.2946829585393646,0,0
548671,Unknown Player,24/25,2025,0,0.29462745498929893,0,0
928051,Unknown Player,24/25,2025,0,0.2945651506723145,0,0
1040079,Unknown Player,24/25,2025,0,0.29454460922572606,0,0
399990,Unknown Player,24/25,2025,0,0.29448663588491936,0,0
165007,Unknown Player,24/25,2025,0,0.2943664907075119,0,0
581701,Unknown Player,24/25,2025,0,0.29436441855254614,0,0
528892,Unknown Player,24/25,2025,0,0.29431341842446157,0,0
452477,Unknown Player,24/25,2025,0,0.29431080071871324,0,0
418144,Unknown Player,24/25,2025,0,0.29427876175705886,0,0
617632,Unknown Player,24/25,2025,0,0.29422761854874746,0,0
629005,Unknown Player,24/25,2025,0,0.2942186975054046,0,0
335591,Unknown Player,24/25,2025,0,0.2941663132772378,0,0
937543,Unknown Player,24/25,2025,0,0.2941577886923941,0,0
167900,Unknown Player,24/25,2025,0,0.2940916477859876,0,0
1004327,Unknown Player,24/25,2025,0,0.2940738314647822,0,0
347481,Unknown Player,24/25,2025,0,0.2940467969507751,0,0
453704,Unknown Player,24/25,2025,0,0.29392906165781585,0,0
560725,Unknown Player,24/25,2025,0,0.2938677524879799,0,0
156566,Unknown Player,24/25,2025,0,0.2937895051199661,0,0
963786,Unknown Player,24/25,2025,0,0.29375981244379373,0,0
72121,Unknown Player,24/25,2025,0,0.29367266330770564,0,0
912443,Unknown Player,24/25,2025,0,0.2935570887613942,0,0
565911,Unknown Player,24/25,2025,0,0.2934602774878899,0,0
1048199,Unknown Player,24/25,2025,0,0.29342308193068123,0,0
1120173,Unknown Player,24/25,2025,0,0.29339702338249407,0,0
1147623,Unknown Player,24/25,2025,0,0.2933852527699099,0,0
599675,Unknown Player,24/25,2025,0,0.2933532388262803,0,0
271281,Unknown Player,24/25,2025,0,0.2931951480343731,0,0
98512,Unknown Player,24/25,2025,0,0.2931732236005979,0,0
1159786,Unknown Player,24/25,2025,0,0.2931394345402802,0,0
175446,Unknown Player,24/25,2025,0,0.29312337243919767,0,0
369267,Unknown Player,24/25,2025,0,0.2930761977893708,0,0
293002,Unknown Player,24/25,2025,0,0.29304658320734084,0,0
473201,Unknown Player,24/25,2025,0,0.29300207651950216,0,0
459697,Unknown Player,24/25,2025,0,0.29299122066004396,0,0
397115,Unknown Player,24/25,2025,0,0.29291971202669054,0,0
1078795,Unknown Player,24/25,2025,0,0.29288213594700957,0,0
908768,Unknown Player,24/25,2025,0,0.2927860969275207,0,0
263856,Unknown Player,24/25,2025,0,0.2927423909984145,0,0
1084065,Unknown Player,24/25,2025,0,0.29267470087649783,0,0
22686,Unknown Player,24/25,2025,0,0.29267160566182016,0,0
102427,Unknown Player,24/25,2025,0,0.29263977704897465,0,0
277972,Unknown Player,24/25,2025,0,0.2926277655989733,0,0
928032,Unknown Player,24/25,2025,0,0.29260161913755506,0,0
163053,Unknown Player,24/25,2025,0,0.2925224557518774,0,0
400104,Unknown Player,24/25,2025,0,0.2925141481224079,0,0
343599,Unknown Player,24/25,2025,0,0.29243795812784473,0,0
389804,Unknown Player,24/25,2025,0,0.2923755237962284,0,0
463790,Unknown Player,24/25,2025,0,0.2923391970114126,0,0
197791,Unknown Player,24/25,2025,0,0.292249603526947,0,0
187673,Unknown Player,24/25,2025,0,0.29220869369986807,0,0
401437,Unknown Player,24/25,2025,0,0.292107687506118,0,0
76163,Unknown Player,24/25,2025,0,0.29199486016026815,0,0
646672,Unknown Player,24/25,2025,0,0.2919370339818959,0,0
423614,Unknown Player,24/25,2025,0,0.29182939381705475,0,0
134883,Unknown Player,24/25,2025,0,0.2918123696613044,0,0
1178393,Unknown Player,24/25,2025,0,0.29181066973404785,0,0
568157,Unknown Player,24/25,2025,0,0.2918017365857541,0,0
612093,Unknown Player,24/25,2025,0,0.291782603223219,0,0
670717,Unknown Player,24/25,2025,0,0.29176842459874397,0,0
364711,Unknown Player,24/25,2025,0,0.29168028387348843,0,0
717957,Unknown Player,24/25,2025,0,0.29157577767927495,0,0
215902,Unknown Player,24/25,2025,0,0.2915268666867181,0,0
351843,Unknown Player,24/25,2025,0,0.2915261894615824,0,0
708099,Unknown Player,24/25,2025,0,0.2915242768907901,0,0
871339,Unknown Player,24/25,2025,0,0.2914755801212882,0,0
237125,Unknown Player,24/25,2025,0,0.2912882588466685,0,0
335765,Unknown Player,24/25,2025,0,0.29121297245586497,0,0
279473,Unknown Player,24/25,2025,0,0.2911945114159614,0,0
63596,Unknown Player,24/25,2025,0,0.2911915043892058,0,0
303116,Unknown Player,24/25,2025,0,0.2911610610310086,0,0
847279,Unknown Player,24/25,2025,0,0.2911438114782951,0,0
385084,Unknown Player,24/25,2025,0,0.29112252084841794,0,0
566965,Unknown Player,24/25,2025,0,0.291055020338908,0,0
916497,Unknown Player,24/25,2025,0,0.29089677771664774,0,0
579280,Unknown Player,24/25,2025,0,0.29082762684554914,0,0
297370,Unknown Player,24/25,2025,0,0.29082762684554914,0,0
266795,Unknown Player,24/25,2025,0,0.29081501337108745,0,0
923838,Unknown Player,24/25,2025,0,0.2907877046787941,0,0
824052,Unknown Player,24/25,2025,0,0.2907603664586737,0,0
812996,Unknown Player,24/25,2025,0,0.29071365136109706,0,0
1185046,Unknown Player,24/25,2025,0,0.29065032807488866,0,0
277635,Unknown Player,24/25,2025,0,0.29064442300793286,0,0
743381,Unknown Player,24/25,2025,0,0.29064127611553575,0,0
287230,Unknown Player,24/25,2025,0,0.290602611701728,0,0
70627,Unknown Player,24/25,2025,0,0.2905020310490891,0,0
205436,Unknown Player,24/25,2025,0,0.2904889680163033,0,0
990202,Unknown Player,24/25,2025,0,0.2904438250710643,0,0
689637,Unknown Player,24/25,2025,0,0.29043965159310614,0,0
300536,Unknown Player,24/25,2025,0,0.29039019774024555,0,0
908760,Unknown Player,24/25,2025,0,0.2903688825184165,0,0
728861,Unknown Player,24/25,2025,0,0.29033562797654633,0,0
620696,Unknown Player,24/25,2025,0,0.2902365087747965,0,0
395805,Unknown Player,24/25,2025,0,0.2901256278923124,0,0
930756,Unknown Player,24/25,2025,0,0.29009642043529493,0,0
993645,Unknown Player,24/25,2025,0,0.29009026187942105,0,0
183166,Unknown Player,24/25,2025,0,0.28992334615055404,0,0
280978,Unknown Player,24/25,2025,0,0.2897308282491756,0,0
628451,Unknown Player,24/25,2025,0,0.289653896038738,0,0
145553,Unknown Player,24/25,2025,0,0.28965216749208633,0,0
571827,Unknown Player,24/25,2025,0,0.2894912681341148,0,0
512690,Unknown Player,24/25,2025,0,0.28946349013187356,0,0
85370,Unknown Player,24/25,2025,0,0.289426492309769,0,0
911923,Unknown Player,24/25,2025,0,0.28941154703033684,0,0
106676,Unknown Player,24/25,2025,0,0.28940328098988255,0,0
550446,Unknown Player,24/25,2025,0,0.28935487457149867,0,0
107612,Unknown Player,24/25,2025,0,0.28933792320042234,0,0
897651,Unknown Player,24/25,2025,0,0.28927719792482537,0,0
910905,Unknown Player,24/25,2025,0,0.28926782201210455,0,0
303477,Unknown Player,24/25,2025,0,0.289238851511745,0,0
743600,Unknown Player,24/25,2025,0,0.28923239659090866,0,0
717329,Unknown Player,24/25,2025,0,0.2891908658705421,0,0
257751,Unknown Player,24/25,2025,0,0.28914265414021567,0,0
180215,Unknown Player,24/25,2025,0,0.28909467480622797,0,0
820999,Unknown Player,24/25,2025,0,0.28905538866424063,0,0
866241,Unknown Player,24/25,2025,0,0.2890072192397114,0,0
631221,Unknown Player,24/25,2025,0,0.2889960260184203,0,0
656316,Unknown Player,24/25,2025,0,0.28885265221367185,0,0
282724,Unknown Player,24/25,2025,0,0.28877440174078367,0,0
443989,Unknown Player,24/25,2025,0,0.28874269993133417,0,0
1296419,Unknown Player,24/25,2025,0,0.28872489625036785,0,0
431190,Unknown Player,24/25,2025,0,0.28864999233961613,0,0
527211,Unknown Player,24/25,2025,0,0.2886368571627965,0,0
745728,Unknown Player,24/25,2025,0,0.28847513106693107,0,0
198981,Unknown Player,24/25,2025,0,0.2883542118163581,0,0
889540,Unknown Player,24/25,2025,0,0.2883403799521529,0,0
463603,Unknown Player,24/25,2025,0,0.2882485509924079,0,0
496644,Unknown Player,24/25,2025,0,0.2880853819492495,0,0
845563,Unknown Player,24/25,2025,0,0.2880413406682916,0,0
358664,Unknown Player,24/25,2025,0,0.28772753421299685,0,0
633492,Unknown Player,24/25,2025,0,0.28757824160036816,0,0
659331,Unknown Player,24/25,2025,0,0.2875497753248849,0,0
724068,Unknown Player,24/25,2025,0,0.28743396648279185,0,0
1004708,Unknown Player,24/25,2025,0,0.28741638816300763,0,0
646353,Unknown Player,24/25,2025,0,0.28730423327416915,0,0
533354,Unknown Player,24/25,2025,0,0.2871939041600524,0,0
125786,Unknown Player,24/25,2025,0,0.28716378486377514,0,0
668547,Unknown Player,24/25,2025,0,0.28715745311867114,0,0
104688,Unknown Player,24/25,2025,0,0.2870957109709466,0,0
379743,Unknown Player,24/25,2025,0,0.2869811732305039,0,0
195335,Unknown Player,24/25,2025,0,0.286915374754491,0,0
212391,Unknown Player,24/25,2025,0,0.2868936115095377,0,0
500689,Unknown Player,24/25,2025,0,0.2868725305739139,0,0
547041,Unknown Player,24/25,2025,0,0.28672463470544407,0,0
456111,Unknown Player,24/25,2025,0,0.2866844859490571,0,0
988979,Unknown Player,24/25,2025,0,0.28665155955515376,0,0
447216,Unknown Player,24/25,2025,0,0.286497511809215,0,0
422929,Unknown Player,24/25,2025,0,0.28648356740180786,0,0
358505,Unknown Player,24/25,2025,0,0.2864329093047984,0,0
563754,Unknown Player,24/25,2025,0,0.2864185617630014,0,0
568148,Unknown Player,24/25,2025,0,0.28633963413743546,0,0
340691,Unknown Player,24/25,2025,0,0.28628569514918883,0,0
220491,Unknown Player,24/25,2025,0,0.2860346571883515,0,0
988977,Unknown Player,24/25,2025,0,0.2859807360084787,0,0
429983,Unknown Player,24/25,2025,0,0.2859576955628369,0,0
227618,Unknown Player,24/25,2025,0,0.2858748799017022,0,0
539677,Unknown Player,24/25,2025,0,0.2857517325713328,0,0
626888,Unknown Player,24/25,2025,0,0.28565997580381414,0,0
388171,Unknown Player,24/25,2025,0,0.28560062564314487,0,0
297194,Unknown Player,24/25,2025,0,0.2854985677709381,0,0
1126888,Unknown Player,24/25,2025,0,0.2854241077433336,0,0
237100,Unknown Player,24/25,2025,0,0.2852942016077443,0,0
475149,Unknown Player,24/25,2025,0,0.2852838241156333,0,0
289117,Unknown Player,24/25,2025,0,0.2852226354432612,0,0
334705,Unknown Player,24/25,2025,0,0.2851909879921407,0,0
58088,Unknown Player,24/25,2025,0,0.2850851083438447,0,0
457528,Unknown Player,24/25,2025,0,0.284946824294041,0,0
43484,Unknown Player,24/25,2025,0,0.2848799050079861,0,0
747267,Unknown Player,24/25,2025,0,0.28486732863955166,0,0
286375,Unknown Player,24/25,2025,0,0.28464721387164027,0,0
160938,Unknown Player,24/25,2025,0,0.2846206840992895,0,0
1058396,Unknown Player,24/25,2025,0,0.2845138279714181,0,0
443542,Unknown Player,24/25,2025,0,0.28445632644397645,0,0
438927,Unknown Player,24/25,2025,0,0.28435431066878397,0,0
475949,Unknown Player,24/25,2025,0,0.2842687969241437,0,0
329145,Unknown Player,24/25,2025,0,0.2841801394387439,0,0
250543,Unknown Player,24/25,2025,0,0.28416011863257973,0,0
340870,Unknown Player,24/25,2025,0,0.2840802637719782,0,0
89733,Unknown Player,24/25,2025,0,0.2839305554590973,0,0
499758,Unknown Player,24/25,2025,0,0.2838416537304852,0,0
259916,Unknown Player,24/25,2025,0,0.283802560785659,0,0
403151,Unknown Player,24/25,2025,0,0.2836494974735393,0,0
271455,Unknown Player,24/25,2025,0,0.28352060500420856,0,0
358250,Unknown Player,24/25,2025,0,0.28340290518878497,0,0
217094,Unknown Player,24/25,2025,0,0.2833656096717333,0,0
267113,Unknown Player,24/25,2025,0,0.2833600510216975,0,0
543387,Unknown Player,24/25,2025,0,0.2833490872480262,0,0
294388,Unknown Player,24/25,2025,0,0.2830204411811826,0,0
967319,Unknown Player,24/25,2025,0,0.2830123042807888,0,0
533568,Unknown Player,24/25,2025,0,0.28300908774172173,0,0
302371,Unknown Player,24/25,2025,0,0.28296580016663625,0,0
599231,Unknown Player,24/25,2025,0,0.2829068129860193,0,0
458187,Unknown Player,24/25,2025,0,0.28287391910532805,0,0
289257,Unknown Player,24/25,2025,0,0.2828333983476067,0,0
785353,Unknown Player,24/25,2025,0,0.28276019784404416,0,0
342288,Unknown Player,24/25,2025,0,0.2827254578481947,0,0
948294,Unknown Player,24/25,2025,0,0.2826851167887699,0,0
540690,Unknown Player,24/25,2025,0,0.28267927847017055,0,0
85383,Unknown Player,24/25,2025,0,0.2826382998292928,0,0
747258,Unknown Player,24/25,2025,0,0.28262285709562557,0,0
395237,Unknown Player,24/25,2025,0,0.2825725516364873,0,0
104564,Unknown Player,24/25,2025,0,0.28248510157862666,0,0
258878,Unknown Player,24/25,2025,0,0.28219496538585737,0,0
544148,Unknown Player,24/25,2025,0,0.28212426746526603,0,0
419025,Unknown Player,24/25,2025,0,0.2817825558934539,0,0
745952,Unknown Player,24/25,2025,0,0.2817038334414602,0,0
451677,Unknown Player,24/25,2025,0,0.28164221162033004,0,0
169368,Unknown Player,24/25,2025,0,0.28156874720494957,0,0
341049,Unknown Player,24/25,2025,0,0.2814622508489956,0,0
636093,Unknown Player,24/25,2025,0,0.2811232146261964,0,0
342195,Unknown Player,24/25,2025,0,0.2810618444736631,0,0
713479,Unknown Player,24/25,2025,0,0.2805746447305924,0,0
623519,Unknown Player,24/25,2025,0,0.28055685905347666,0,0
487465,Unknown Player,24/25,2025,0,0.28043319081740464,0,0
85177,Unknown Player,24/25,2025,0,0.28021018966037536,0,0
811779,Unknown Player,24/25,2025,0,0.2800920567617882,0,0
16911,Unknown Player,24/25,2025,0,0.27976321482339306,0,0
648195,Unknown Player,24/25,2025,0,0.2794027976965828,0,0
470607,Unknown Player,24/25,2025,0,0.279164526722351,0,0
699783,Unknown Player,24/25,2025,0,0.2790198629470199,0,0
249102,Unknown Player,24/25,2025,0,0.2789440700681679,0,0
236168,Unknown Player,24/25,2025,0,0.2788458966236212,0,0
892221,Unknown Player,24/25,2025,0,0.278794199833567,0,0
126225,Unknown Player,24/25,2025,0,0.2787890013279912,0,0
278092,Unknown Player,24/25,2025,0,0.2787522103834727,0,0
420931,Unknown Player,24/25,2025,0,0.2786993663314258,0,0
257727,Unknown Player,24/25,2025,0,0.2785305978794815,0,0
289433,Unknown Player,24/25,2025,0,0.27834828571284387,0,0
372802,Unknown Player,24/25,2025,0,0.2783472392130317,0,0
540378,Unknown Player,24/25,2025,0,0.2782743079553845,0,0
50219,Unknown Player,24/25,2025,0,0.2782246555054577,0,0
617074,Unknown Player,24/25,2025,0,0.27815976034097,0,0
568177,Unknown Player,24/25,2025,0,0.27814255429351564,0,0
764859,Unknown Player,24/25,2025,0,0.2780018380213348,0,0
545647,Unknown Player,24/25,2025,0,0.27782933370513924,0,0
468264,Unknown Player,24/25,2025,0,0.2778290284195874,0,0
637446,Unknown Player,24/25,2025,0,0.27745901992865046,0,0
466807,Unknown Player,24/25,2025,0,0.2773186694865038,0,0
137576,Unknown Player,24/25,2025,0,0.27658477609627347,0,0
524008,Unknown Player,24/25,2025,0,0.27657006943975293,0,0
527329,Unknown Player,24/25,2025,0,0.2764835612908161,0,0
664581,Unknown Player,24/25,2025,0,0.27594127747237757,0,0
356141,Unknown Player,24/25,2025,0,0.2757887766985744,0,0
369563,Unknown Player,24/25,2025,0,0.2757359636161926,0,0
626724,Unknown Player,24/25,2025,0,0.275642512092135,0,0
908229,Unknown Player,24/25,2025,0,0.2756055073062961,0,0
77757,Unknown Player,24/25,2025,0,0.27521130851970016,0,0
434224,Unknown Player,24/25,2025,0,0.27507190312342433,0,0
207014,Unknown Player,24/25,2025,0,0.27487692514525464,0,0
420002,Unknown Player,24/25,2025,0,0.2744769978878098,0,0
265471,Unknown Player,24/25,2025,0,0.27440450469324695,0,0
246963,Unknown Player,24/25,2025,0,0.27410772448976717,0,0
892929,Unknown Player,24/25,2025,0,0.27375594546262094,0,0
617408,Unknown Player,24/25,2025,0,0.2733201540361509,0,0
493003,Unknown Player,24/25,2025,0,0.27312400663148695,0,0
492955,Unknown Player,24/25,2025,0,0.27302976392649625,0,0
466637,Unknown Player,24/25,2025,0,0.27279856056390206,0,0
403692,Unknown Player,24/25,2025,0,0.27236111141334135,0,0
662476,Unknown Player,24/25,2025,0,0.271709991569948,0,0
331505,Unknown Player,24/25,2025,0,0.27135535625984797,0,0
120977,Unknown Player,24/25,2025,0,0.27107810570638197,0,0
618903,Unknown Player,24/25,2025,0,0.27072621320530094,0,0
788283,Unknown Player,24/25,2025,0,0.2684082340449564,0,0
