player_id,player_name,season_name,summer_year,target,transfer_probability,predicted_label,is_error
965038,Jaime Escobar,24/25,2025,1,0.6557937406996303,1,0
1065246,Sergio Huecas,24/25,2025,0,0.6509832002587446,1,1
1055223,Isi Angulo,24/25,2025,1,0.6491803115283795,1,0
659713,Gerson Sousa,24/25,2025,1,0.6448946324130267,1,0
927107,Ni,24/25,2025,1,0.6433704813567059,1,0
585536,Jonny Arriba,24/25,2025,1,0.6432304214853387,1,0
704175,Alessandro Orfei,24/25,2025,1,0.6405345827886925,1,0
946275,Ian Forns,24/25,2025,1,0.640188656382804,1,0
1088323,Javi Sola,24/25,2025,0,0.639925125219074,1,1
1334837,Jacobo de Oro,24/25,2025,0,0.6398770298410251,1,1
741295,Enrique Herrero,24/25,2025,0,0.6385356445856502,1,1
1055075,Flavio Ferrari,24/25,2025,0,0.6371297095615504,1,1
658546,Daniele Bolcano,24/25,2025,1,0.6362405050994726,1,0
715819,Kensly Vázquez,24/25,2025,1,0.6357545230011753,1,0
398742,Tommaso Spaviero,24/25,2025,1,0.6349721770863218,1,0
783419,Álvaro García,24/25,2025,1,0.634518231945608,1,0
543725,Ákos Zuigéber,24/25,2025,1,0.6339062268367398,1,0
1045767,Pablo Muñoz,24/25,2025,1,0.6338818830809418,1,0
881542,Nene,24/25,2025,1,0.6333391531669776,1,0
979083,David López,24/25,2025,1,0.6327705418199482,1,0
660878,Luca Bacchin,24/25,2025,0,0.6320196415839652,1,1
284000,Carlos Júnior,24/25,2025,0,0.6317927062934984,1,1
897617,Alessandro Torri,24/25,2025,1,0.6317924657867844,1,0
870093,Pablo García,24/25,2025,1,0.631430972846852,1,0
884158,Saúl del Cerro,24/25,2025,0,0.6313356707968119,1,1
1026659,Ale Morales,24/25,2025,1,0.6312629366245381,1,0
567489,Cuba,24/25,2025,1,0.6312122400039366,1,0
1257776,Javi Tejedor,24/25,2025,0,0.6304728008638341,1,1
676422,Samuele Sorrentino,24/25,2025,1,0.6295196197826458,1,0
1068762,Dawda Dambelleh,24/25,2025,1,0.6291871514916387,1,0
1065763,Jorge González,24/25,2025,0,0.6291833334786461,1,1
704423,Mattia Florio,24/25,2025,1,0.6286971045860833,1,0
589768,Ton Ripoll,24/25,2025,0,0.6284750517504173,1,1
1041218,Asier Pérez,24/25,2025,1,0.6284228943650082,1,0
1041934,Jeremy Jorge,24/25,2025,1,0.6283661762931225,1,0
1168222,Malek El Mala,24/25,2025,0,0.6277897425794232,1,1
625066,Alejandro Ibarrondo,24/25,2025,1,0.6275083256190905,1,0
931677,Miguel Carvalho,24/25,2025,1,0.6270642353918903,1,0
1035300,Giovanni Cogo,24/25,2025,1,0.6262847575880263,1,0
935809,Tommaso Bocci,24/25,2025,1,0.6262168211279306,1,0
1205018,Christian Iaiunese,24/25,2025,1,0.6261534913276764,1,0
926854,Noel López,24/25,2025,1,0.6260121723281539,1,0
860998,Azarias Londoño,24/25,2025,0,0.6250017402478799,1,1
1171468,Ángel Gómez,24/25,2025,1,0.6249674514557996,1,0
709377,Andrés Campos,24/25,2025,1,0.6248945150080382,1,0
635937,Fran Moreno,24/25,2025,1,0.6240746174575857,1,0
1125701,Yago Rodríguez,24/25,2025,0,0.6238227527597947,1,1
710679,Iker Benito,24/25,2025,0,0.6237955697513636,1,1
641204,Mohamed Ayman Sanat,24/25,2025,1,0.623699809367151,1,0
1064601,Edu Llorente,24/25,2025,1,0.6235729275199414,1,0
629383,Dani Garrido,24/25,2025,1,0.6235690574974275,1,0
818083,Rodrigo Guedes,24/25,2025,1,0.6234512989855867,1,0
895560,Manuel Esposito,24/25,2025,0,0.6233349728385454,1,1
610622,Urko Izeta,24/25,2025,0,0.6230216119251144,1,1
817270,Alberto Centis,24/25,2025,1,0.6230189270904326,1,0
1054922,Nico Njalla,24/25,2025,1,0.6226066420164843,1,0
951571,Bertony Renelus,24/25,2025,1,0.6225613161933471,1,0
1168219,Said El Mala,24/25,2025,0,0.6224176874642217,1,1
884850,Antonio Toral,24/25,2025,1,0.6224054399215793,1,0
817150,Fabio Abiuso,24/25,2025,1,0.6220219431863656,1,0
709962,Pol Muñoz,24/25,2025,1,0.6218805420609167,1,0
568154,Lucas Cañizares,24/25,2025,1,0.6217603613823851,1,0
455348,Víctor San Bartolomé,24/25,2025,1,0.6211579665597665,1,0
949077,Álex Alemán,24/25,2025,1,0.6211549961319033,1,0
1054429,Carlos Guirao,24/25,2025,0,0.6209898073755592,1,1
1171530,Iker Galindo,24/25,2025,1,0.620880429935027,1,0
930891,Darío Germil,24/25,2025,1,0.6208601248192793,1,0
1037696,Thomas Orfeini,24/25,2025,0,0.6206094521382269,1,1
982894,Eric Iglesias,24/25,2025,1,0.6201430316939962,1,0
783882,César Gómez,24/25,2025,1,0.6200127008909025,1,0
602156,Guillem Molina,24/25,2025,1,0.6198666544535208,1,0
1153922,Dylan Iglesias,24/25,2025,1,0.6198346155385596,1,0
979760,Rayan Bamba,24/25,2025,1,0.6197827204937507,1,0
780818,Josan Gordo,24/25,2025,1,0.6197021743960203,1,0
933054,Enrico Morri,24/25,2025,1,0.6195030976806849,1,0
543779,Patrik Posztobányi,24/25,2025,1,0.6194450256083438,1,0
1066186,Víctor Mingo,24/25,2025,1,0.6194285470771816,1,0
1238259,Pau Fernández,24/25,2025,0,0.6193449003903475,1,1
420460,Giovanni Bruzzaniti,24/25,2025,1,0.6193421306540167,1,0
266217,Cristian Bunino,24/25,2025,1,0.6191954897011036,1,0
341019,Güven Yalçın,24/25,2025,1,0.6189623217776453,1,0
627215,Gabriel Noga,24/25,2025,1,0.6188957713965789,1,0
340067,King Udoh,24/25,2025,1,0.6188674624000292,1,0
1050738,Riccardo Rebaudo,24/25,2025,0,0.6186630704312545,1,1
1056096,Eghosa Bello,24/25,2025,1,0.6186176814933185,1,0
464899,Alex Escardó,24/25,2025,1,0.6186166849945001,1,0
1041169,Tomás Silva,24/25,2025,0,0.6184416138020471,1,1
685793,Raúl Pesca,24/25,2025,1,0.6184334028880685,1,0
522719,Samuel Obeng,24/25,2025,1,0.6183438821999266,1,0
1157868,Ricardo Solbes,24/25,2025,1,0.6183259186614346,1,0
948271,Borja Alonso,24/25,2025,1,0.6181735225957471,1,0
629039,Luka Reischl,24/25,2025,1,0.6180619324539668,1,0
718203,Manu Rico,24/25,2025,0,0.6180423364607893,1,1
814434,Gian Marco Fantoni,24/25,2025,1,0.6179864634698138,1,0
789792,Sergi Molina,24/25,2025,1,0.6172988260199191,1,0
711375,Asier Teijeira,24/25,2025,1,0.617238503262419,1,0
174694,Rony Lopes,24/25,2025,1,0.6172310877911025,1,0
538971,Naouirou Ahamada,24/25,2025,0,0.6169106801717217,1,1
709381,Iván Ramos,24/25,2025,1,0.616792277597105,1,0
1060923,Oussama Boukir,24/25,2025,1,0.616662850375306,1,0
919756,Karim Hüneburg,24/25,2025,1,0.6166291241896127,1,0
1107626,Federico Giugno,24/25,2025,0,0.6164226116766908,1,1
569368,Kelian Nsona,24/25,2025,1,0.6163636338899007,1,0
646744,Carlos Alemán,24/25,2025,1,0.6160429510381142,1,0
926643,Fernando Lesme,24/25,2025,1,0.6160279162283864,1,0
1137322,Álex Lizancos,24/25,2025,1,0.6159255426176261,1,0
1066093,Guillermo Macho,24/25,2025,1,0.6158450123701934,1,0
636127,Chus Villar,24/25,2025,1,0.615774316405253,1,0
937289,Simone Bonetti,24/25,2025,1,0.6156247960914205,1,0
696619,Mattia Gaddini,24/25,2025,1,0.6154896763261474,1,0
821105,Davide Franzini,24/25,2025,1,0.6154633498915467,1,0
1118034,Hammam Al-Hammami,24/25,2025,1,0.6154421910654839,1,0
888267,Ariel Herrero,24/25,2025,1,0.6151903058804477,1,0
961902,Neco Celorio,24/25,2025,1,0.615145470678567,1,0
534174,Samuele Vianni,24/25,2025,1,0.6145984116701402,1,0
929799,Lorenzo Catania,24/25,2025,1,0.6145800292989694,1,0
446101,Fermín Ruiz,24/25,2025,1,0.6145704720887537,1,0
707608,Victor Valverde,24/25,2025,1,0.6145673382351766,1,0
935740,Mattias Bonafede,24/25,2025,1,0.614562895746887,1,0
646737,Marcos Denia,24/25,2025,1,0.6145184045056866,1,0
678088,Luca Wollschläger,24/25,2025,1,0.6142277167266288,1,0
783885,Iván Fernández,24/25,2025,1,0.6139784657467224,1,0
460602,Franck Djoulou,24/25,2025,1,0.6139433665398693,1,0
980866,Talles Wander,24/25,2025,1,0.6138512469674896,1,0
476531,Joan Piera,24/25,2025,1,0.6138355756204965,1,0
435337,Alfredo Sualdea,24/25,2025,1,0.61369909898612,1,0
955357,Junior Kroupi,24/25,2025,0,0.61360912715225,1,1
470128,Sam Dalby,24/25,2025,1,0.6136059759194185,1,0
134983,Andrea La Mantia,24/25,2025,1,0.613585395118588,1,0
724036,Apostolos Christopoulos,24/25,2025,0,0.6135416605225423,1,1
701052,Bilal Kandoussi,24/25,2025,1,0.6135295444320061,1,0
572686,Pol Prats,24/25,2025,1,0.6134832297153621,1,0
458134,Davide Barosi,24/25,2025,0,0.6134722895270657,1,1
315859,Gabriele Gori,24/25,2025,1,0.6133724038825323,1,0
231590,Braydon Manu,24/25,2025,0,0.6133716162978138,1,1
709997,Lorenzo Aguado,24/25,2025,1,0.6133241297807727,1,0
524011,David Nates,24/25,2025,1,0.6132314099949057,1,0
1056968,David Arredondo,24/25,2025,0,0.6132145939859355,1,1
481623,João Ferreira,24/25,2025,1,0.6130818743463557,1,0
282722,Álex Collado,24/25,2025,1,0.6130786279553342,1,0
1065761,Guilherme Neiva,24/25,2025,1,0.6128131108245671,1,0
349873,Juan Hernández,24/25,2025,1,0.6127331715282656,1,0
692207,Dani Cervera,24/25,2025,1,0.6126835352325058,1,0
420513,Lorenzo Babbi,24/25,2025,1,0.6126822128262273,1,0
973703,Brenner,24/25,2025,1,0.6126340800029684,1,0
818586,Alessandro Carnevale,24/25,2025,0,0.6125565311758355,1,1
315856,Christian Capone,24/25,2025,1,0.6125297499565794,1,0
1123059,Pochito,24/25,2025,1,0.612502097011998,1,0
818461,Marco Bevilacqua,24/25,2025,1,0.6124886490527999,1,0
816135,Pedro Lima,24/25,2025,1,0.6123162507192955,1,0
1031968,Carlos Arauz,24/25,2025,1,0.6122957077622307,1,0
815536,Edoardo Furini,24/25,2025,0,0.6121963858050605,1,1
229256,Guille Andrés,24/25,2025,1,0.6121877516649855,1,0
669517,David Ruiz,24/25,2025,1,0.6121739557834491,1,0
650999,Federico Accornero,24/25,2025,1,0.6121292706758985,1,0
938726,Miguel Barandalla,24/25,2025,0,0.6121083645969811,1,1
1215994,Stefano Codraro,24/25,2025,1,0.6121074022471833,1,0
979324,Eder García,24/25,2025,1,0.612071730459507,1,0
1052283,Darling Bladi,24/25,2025,1,0.6120504929960376,1,0
998321,Johan Bångsbo,24/25,2025,1,0.6120370148720955,1,0
708928,Sergio Chinchilla,24/25,2025,1,0.612014912761581,1,0
947449,Victor Lázaro,24/25,2025,1,0.6120069787035951,1,0
613727,Lorenzo Lombardi,24/25,2025,1,0.6119797684382535,1,0
818507,Andrea Sorrentino,24/25,2025,1,0.6119742922137746,1,0
255995,Mario González,24/25,2025,1,0.6119171906845485,1,0
1055874,Manex Gibelalde,24/25,2025,1,0.611674821791846,1,0
391066,Giuseppe Montaperto,24/25,2025,1,0.6114546879009924,1,0
357163,Filipe Soares,24/25,2025,1,0.6113675886031853,1,0
897645,Thomas Brahja,24/25,2025,1,0.6113297809249116,1,0
931782,Juanmi Durán,24/25,2025,1,0.6111056883141224,1,0
1056970,Asier Hierro,24/25,2025,0,0.611045674514391,1,1
937557,Francesco Costantini,24/25,2025,1,0.610982252427002,1,0
704719,Christian Maianti,24/25,2025,1,0.6109593465488419,1,0
607729,Jean-Pierre Tiéhi,24/25,2025,1,0.6108553338927751,1,0
872380,Felix Afena-Gyan,24/25,2025,1,0.6108449132652657,1,0
901736,Mario Sesè,24/25,2025,1,0.6105712444000047,1,0
348532,Georgios Xenitidis,24/25,2025,1,0.6104241029575095,1,0
463666,Antoine Baroan,24/25,2025,1,0.6104145250344042,1,0
711445,Gioacchino Catania,24/25,2025,1,0.610390128749978,1,0
1114721,Brais Penela,24/25,2025,1,0.6103811709482684,1,0
1103113,Daniele Balba,24/25,2025,1,0.6103665115800905,1,0
705401,Javi López,24/25,2025,1,0.610348456370668,1,0
1226103,Tijan Sonha,24/25,2025,1,0.6103092539660228,1,0
1043030,Guga,24/25,2025,0,0.6102918655027882,1,1
744934,Mathieu Patouillet,24/25,2025,1,0.6101975294100006,1,0
442767,Iñigo Muñoz,24/25,2025,1,0.61017663049713,1,0
834737,Adri Miranda,24/25,2025,1,0.6101400953416183,1,0
1019528,Charbel Wehbe,24/25,2025,1,0.6101143860761247,1,0
607779,Sergio Moreno,24/25,2025,1,0.6101111407247564,1,0
646823,Mario Camero,24/25,2025,1,0.6100750228154781,1,0
531274,Diego Fuoli,24/25,2025,1,0.6100054575385466,1,0
1054934,Maroan Sannadi,24/25,2025,0,0.6100032390979276,1,1
632502,Adri Montalban,24/25,2025,1,0.6099835958365742,1,0
466813,Miguelete,24/25,2025,0,0.6098710193177026,1,1
934208,Diego Voncina,24/25,2025,1,0.6098593026296556,1,0
935231,Víctor Muñoz,24/25,2025,1,0.6097983233080352,1,0
1296397,Leonardo Ferrario,24/25,2025,0,0.6097744912454917,1,1
704832,Sebastiano Bianchi,24/25,2025,1,0.6097690614597252,1,0
1225848,Álex Monerris,24/25,2025,1,0.609754232124193,1,0
910615,Francesco Pistolesi,24/25,2025,1,0.6096105963197708,1,0
924776,Mattia Bifini,24/25,2025,1,0.6095385814343525,1,0
556059,Marino Illescas,24/25,2025,1,0.6094910772751437,1,0
1030374,Alberto Ulloa,24/25,2025,1,0.609439987005339,1,0
713637,David Santisteban,24/25,2025,1,0.609320496471124,1,0
711371,Igor Irazu,24/25,2025,1,0.6093126626616943,1,0
700997,Matteo Sementa,24/25,2025,1,0.6091699289985624,1,0
713357,Filippo Palazzino,24/25,2025,0,0.6091622248895228,1,1
1059772,Mattia Parente,24/25,2025,1,0.6088983116493095,1,0
392968,Marco Bertoli,24/25,2025,1,0.6088904916633914,1,0
708001,Guille Perero,24/25,2025,1,0.608880702169402,1,0
554814,Diego Gómez,24/25,2025,1,0.6088591858167755,1,0
568007,Ben Knight,24/25,2025,1,0.6088374994203631,1,0
727865,Alberto Basso Ricci,24/25,2025,1,0.608826165180654,1,0
815495,Daniel Matteucci,24/25,2025,0,0.6088031394505947,1,1
853299,Rafa Llorente,24/25,2025,0,0.6087621448739539,1,1
566927,Giovanni Corradini,24/25,2025,1,0.6087608997039881,1,0
735342,Athanasios Prodromitis,24/25,2025,1,0.6087385441815688,1,0
719426,Chemseddine Bekkouche,24/25,2025,1,0.6086914385176461,1,0
331375,Kike Fabra,24/25,2025,1,0.6085009967379219,1,0
796892,Samuel Ntamack,24/25,2025,1,0.6084377398637344,1,0
636387,Álex Pérez,24/25,2025,1,0.6083733658340035,1,0
1250522,Javi Morcillo,24/25,2025,1,0.6083595702541739,1,0
455340,Jonatan González,24/25,2025,0,0.6083378874759736,1,1
854484,Dylann Kam,24/25,2025,1,0.6083377843592627,1,0
396323,Rubén del Valle,24/25,2025,1,0.608301475863465,1,0
1078985,Rafaël De Palmas,24/25,2025,0,0.608159291703288,1,1
959789,Gabriel Henin,24/25,2025,1,0.6080799551953501,1,0
258835,Ricardo Gomes,24/25,2025,1,0.6080641547992705,1,0
1099652,Patrick Ouotro,24/25,2025,1,0.6080068363410273,1,0
642270,Michelangelo Nieri,24/25,2025,1,0.6079047051891858,1,0
1056169,Lorenzo Giorgi,24/25,2025,1,0.6078285075605675,1,0
834485,Unai Egiluz,24/25,2025,0,0.6076664420708425,1,1
935738,Antonio Coppola,24/25,2025,0,0.6075245610464488,1,1
296429,Manuel Wintzheimer,24/25,2025,1,0.6074794906408023,1,0
398270,Chris Gueye,24/25,2025,1,0.6074728269778,1,0
718036,Ato,24/25,2025,1,0.6074040797998606,1,0
531973,Gianluigi Sueva,24/25,2025,1,0.6073535858488985,1,0
806955,Dario Sits,24/25,2025,1,0.6073177034841575,1,0
830890,Marvin Senaya,24/25,2025,1,0.607207956960259,1,0
715635,Alex Rodríguez,24/25,2025,1,0.6071885529841191,1,0
787136,Tommaso Carcani,24/25,2025,0,0.6070931367034489,1,1
710470,Hosine Bility,24/25,2025,1,0.6070505931325824,1,0
1124149,Jaime Requés,24/25,2025,1,0.6069657238162562,1,0
534372,Javi Martín,24/25,2025,1,0.6069437928157623,1,0
566791,Ahmed Abdelkader,24/25,2025,0,0.6069290370132873,1,1
587458,Kevin Agudelo,24/25,2025,0,0.6069103640310509,1,1
297064,Francesco Bonfiglio,24/25,2025,1,0.6068825773769849,1,0
391787,Alessandro Romairone,24/25,2025,1,0.6068587768830921,1,0
932354,Víctor Rodríguez,24/25,2025,1,0.6067894596847287,1,0
669915,Filippo Distefano,24/25,2025,1,0.6067250148766331,1,0
576028,Thiago Almada,24/25,2025,1,0.6067215472863203,1,0
782632,Jibril Othman,24/25,2025,0,0.6067069972499337,1,1
1143878,Miguel Prieto,24/25,2025,1,0.6066494973781752,1,0
818150,Lorenzo Chiarella,24/25,2025,1,0.6066330758913843,1,0
1296876,Marc Domènech,24/25,2025,0,0.606614596266667,1,1
704230,Edoardo Bernardi,24/25,2025,1,0.6066071804778195,1,0
632929,Iván Castillo,24/25,2025,1,0.6066001475335342,1,0
210683,Juanma Acevedo,24/25,2025,1,0.6065636032347432,1,0
988862,Moustapha Cissé,24/25,2025,0,0.6064895393593506,1,1
688747,Juanjo Sánchez,24/25,2025,1,0.6064589234226497,1,0
599153,Iñigo Alayeto,24/25,2025,0,0.6064280402631017,1,1
636359,Iván Serrano,24/25,2025,1,0.6063707298871258,1,0
59615,Alessandro De Respinis,24/25,2025,1,0.6063626946816556,1,0
872176,Matija Krivokapic,24/25,2025,1,0.6062781416844918,1,0
1058982,Nicolò Sancinito,24/25,2025,1,0.6061511860235509,1,0
993516,Álvaro Domínguez,24/25,2025,1,0.6060830942502828,1,0
1160320,Oscar Moreso,24/25,2025,1,0.606040723339964,1,0
935782,Francesco Vallarelli,24/25,2025,1,0.6060177956742792,1,0
511016,Javi Sánchez,24/25,2025,0,0.6059814853782606,1,1
340425,Zan Medved,24/25,2025,1,0.6059763408683375,1,0
409896,Chinaecherem Ibe,24/25,2025,1,0.6059458984573672,1,0
102413,Luca Zamparo,24/25,2025,1,0.6059047181778366,1,0
174915,Islam Slimani,24/25,2025,1,0.6058712137897595,1,0
882765,Alessandro Borgo,24/25,2025,0,0.6057806123425049,1,1
723498,Daniel Hais,24/25,2025,1,0.605755377114946,1,0
623718,Konstantinos Roukounakis,24/25,2025,1,0.6057388007032799,1,0
699198,Carlos Cano,24/25,2025,1,0.6055987871048885,1,0
339780,Svetoslav Kovachev,24/25,2025,1,0.6054913987846682,1,0
459180,Riccardo Spaltro,24/25,2025,1,0.6054117425375988,1,0
839905,Kevin Sánchez,24/25,2025,1,0.605400209036086,1,0
725201,Nacho Pastor,24/25,2025,1,0.6053836165910786,1,0
911126,Cristian Pecci,24/25,2025,0,0.6053513844187144,1,1
461726,Alessandro Martina,24/25,2025,1,0.6052503125424634,1,0
892926,Leandro Antonetti,24/25,2025,1,0.605238559099674,1,0
1148854,Jon Arruabarrena,24/25,2025,1,0.6051639555998852,1,0
435808,Lazare Amani,24/25,2025,1,0.6049829909751381,1,0
226812,Gorka Santamaría,24/25,2025,1,0.6049741936525829,1,0
903188,Dejvi Metaj,24/25,2025,1,0.6049615431358124,1,0
338288,Alex Valiño,24/25,2025,0,0.6049459353409831,1,1
1101361,Andrea Toldo,24/25,2025,1,0.6049134010791665,1,0
1157383,Angelo Traini,24/25,2025,1,0.6048847321509334,1,0
1053214,Alessandro De Luca,24/25,2025,1,0.6047133354530452,1,0
1151630,Álex Rubio,24/25,2025,1,0.6046805660392276,1,0
1154990,Miguel Pérez,24/25,2025,1,0.604572559875479,1,0
827570,Luis Navarro,24/25,2025,1,0.6045444334007739,1,0
956708,Loup-Diwan Gueho,24/25,2025,1,0.6045130080848466,1,0
409571,Mattia Mencagli,24/25,2025,1,0.6045032501355045,1,0
891971,João Marques,24/25,2025,0,0.6044569082316342,1,1
796216,Emmanuel Gyamfi,24/25,2025,1,0.6044441398705572,1,0
627276,Antonio Leal,24/25,2025,1,0.6043919295330966,1,0
932738,Emanuele Sichi,24/25,2025,1,0.6043143141497057,1,0
632499,Pablo Gálvez,24/25,2025,0,0.6043026876145514,1,1
1049439,Alessio Porzio,24/25,2025,0,0.6042794489697701,1,1
412927,Álvaro Arnedo,24/25,2025,1,0.6041427023408578,1,0
636360,Javi Moreno,24/25,2025,0,0.6041411875178553,1,1
935996,Luan,24/25,2025,1,0.6041070637216014,1,0
395842,Franklyn Akammadu,24/25,2025,1,0.6039500193439573,1,0
568153,Cristian Delgado,24/25,2025,0,0.6039231983554572,1,1
543051,Billal Brahimi,24/25,2025,1,0.6038874581629275,1,0
364136,Lorenzo Gavioli,24/25,2025,1,0.6038437562856714,1,0
536158,David Ballarín,24/25,2025,1,0.6038143707337036,1,0
670402,Dennis Ozara,24/25,2025,1,0.6037894079954914,1,0
199375,Víctor Ruiz,24/25,2025,1,0.6036446906082837,1,0
1291792,Agustín Juarez,24/25,2025,1,0.6036213203825611,1,0
397411,Mirco Vassallo,24/25,2025,1,0.6035198102835989,1,0
830912,Balázs Varga,24/25,2025,1,0.6035142802976028,1,0
1125758,Alex Aguado,24/25,2025,0,0.6035000536464651,1,1
1055133,Óscar Gonpi,24/25,2025,1,0.6034480147426283,1,0
706170,Fernando Romero,24/25,2025,1,0.6034313750341934,1,0
412952,Nigel Thomas,24/25,2025,1,0.6034256673971049,1,0
632893,Javi Hernández,24/25,2025,1,0.6034054892698233,1,0
628494,Carlos García,24/25,2025,1,0.6033582423518701,1,0
475736,Loren Fernández,24/25,2025,1,0.6033477042389429,1,0
1065441,Carlos Lumbreras,24/25,2025,0,0.6033469367074236,1,1
993666,Mouhamed Diallo,24/25,2025,0,0.6033402506527596,1,1
961075,Glenn McConnell,24/25,2025,0,0.6033396721611016,1,1
614195,Dani Plomer,24/25,2025,1,0.6032793024835564,1,0
626962,Ewan Urain,24/25,2025,1,0.6032588234825427,1,0
1061262,Pedro Augusto,24/25,2025,1,0.6032585473073162,1,0
887254,Edu Gallardo,24/25,2025,0,0.6031863047453202,1,1
636297,Joel Jiménez,24/25,2025,1,0.603153421943838,1,0
843931,Timipere Johnson Eboh,24/25,2025,1,0.60313022246042,1,0
610383,Filippo Frison,24/25,2025,1,0.6030557147674823,1,0
937224,Rubén Catalá,24/25,2025,1,0.6030244229340759,1,0
628612,Aleix Roig,24/25,2025,1,0.602836789876058,1,0
698721,Álvaro Cortés,24/25,2025,1,0.6027981339273968,1,0
767258,Juanan Aguilera,24/25,2025,0,0.6027827341809234,1,1
708634,Andrea Arpini,24/25,2025,0,0.602758898595527,1,1
945701,Dani Clavijo,24/25,2025,0,0.6027576346483088,1,1
399779,Chuca,24/25,2025,1,0.602744172528505,1,0
566572,Oğuzhan Matur,24/25,2025,0,0.6027028743044995,1,1
395544,Pietro Tribelli,24/25,2025,0,0.602693247891671,1,1
924308,Matteo Gualandris,24/25,2025,1,0.6025336135254554,1,0
1052854,Axl Van Himbeeck,24/25,2025,0,0.6025226201280954,1,1
845313,Osman Foyo,24/25,2025,0,0.6025004448890114,1,1
665348,Paolo Capogna,24/25,2025,1,0.6024960189109647,1,0
408253,Mattia Mauri,24/25,2025,1,0.6024719227415262,1,0
918449,Matteo Schablas,24/25,2025,0,0.6024653107301163,1,1
1019145,Omar Ouhdadi,24/25,2025,1,0.6024587963510872,1,0
1064128,Víctor Sala,24/25,2025,1,0.6024536693298186,1,0
844755,Ekhiotz Orobio,24/25,2025,1,0.6024484931665937,1,0
549018,João Dias,24/25,2025,1,0.6024431621073654,1,0
825708,Josu Gallastegui,24/25,2025,1,0.6024389156073529,1,0
633329,Adrián Garrido,24/25,2025,1,0.6024209334607927,1,0
400644,Jeredy Hilterman,24/25,2025,0,0.6023502763678154,1,1
1329019,Alessandro Ghisleri,24/25,2025,1,0.6023400278969431,1,0
634268,Javier Albín,24/25,2025,1,0.602334927132603,1,0
964672,Mattia Gallo,24/25,2025,1,0.6023098952097653,1,0
1056958,Aser Palacios,24/25,2025,0,0.6023086899847218,1,1
1108739,Riccardo Pavesi,24/25,2025,0,0.6022993915250118,1,1
520395,Iago Novo,24/25,2025,1,0.6022839899441628,1,0
720411,Roan Riera,24/25,2025,1,0.6021900257472156,1,0
940135,Christos Papadopoulos,24/25,2025,1,0.6021523558422603,1,0
509144,Alessio Pertosa,24/25,2025,1,0.6021207505990259,1,0
794777,Nicolas Milanovic,24/25,2025,1,0.6021179399535528,1,0
946282,Isaac Obeng,24/25,2025,1,0.6021016836703732,1,0
617720,Enrico Rossi,24/25,2025,1,0.6020669623578926,1,0
596880,Jesús Cambil,24/25,2025,1,0.6020657865568854,1,0
1057696,Jesús Ares,24/25,2025,1,0.6020582141283347,1,0
287870,Giuseppe Tedesco,24/25,2025,1,0.6020335869533403,1,0
644557,Willi Reincke,24/25,2025,1,0.6020158608033644,1,0
257456,Chico Geraldes,24/25,2025,1,0.6019113262326259,1,0
394777,Isaia Lattarulo,24/25,2025,1,0.6018682771733033,1,0
953857,Jesse Bal,24/25,2025,1,0.6018547066784391,1,0
1151716,Mounir Jebbar,24/25,2025,1,0.6018402869401553,1,0
882772,Álvaro Bastida,24/25,2025,1,0.6018210403414641,1,0
635570,Ander Dufur,24/25,2025,1,0.6018124664072932,1,0
784722,Jaume Tovar,24/25,2025,0,0.601771163836758,1,1
590841,Migouel Alfarela,24/25,2025,1,0.6017211582503317,1,0
601823,Davide Pirola,24/25,2025,0,0.601716450628245,1,1
227974,Ba-Muaka Simakala,24/25,2025,1,0.6017142789730572,1,0
369171,Niall Ennis,24/25,2025,1,0.6016567813700673,1,0
396682,Luca Gagliano,24/25,2025,1,0.6016201503712659,1,0
1285016,Francesco Iuliano,24/25,2025,1,0.6015222629542772,1,0
935499,Lucas Pérez,24/25,2025,1,0.6014451000521652,1,0
634772,David Hernández,24/25,2025,1,0.6014318136475584,1,0
898293,Yuri Maset,24/25,2025,1,0.6013955903586811,1,0
634110,Pablo Santiago,24/25,2025,1,0.6013514678345095,1,0
229337,Samuele Neglia,24/25,2025,1,0.6013401492931059,1,0
662327,Diego Rosa,24/25,2025,1,0.6012747392174042,1,0
1054284,Riccardo Vesprini,24/25,2025,1,0.6012706110519832,1,0
834754,Ibai Sanz,24/25,2025,0,0.6012254576212104,1,1
631055,Alberto Quintana,24/25,2025,1,0.6012007398109721,1,0
1172592,Simão Silva,24/25,2025,0,0.6011977718262006,1,1
623640,Frixos Grivas,24/25,2025,1,0.6011844945315068,1,0
65262,Rubén Martínez,24/25,2025,0,0.6011541179007781,1,1
610369,Luis Hernáiz,24/25,2025,1,0.6011520210360817,1,0
715690,Sergio Navarro,24/25,2025,0,0.6011094438536887,1,1
295420,Steven Prieto,24/25,2025,1,0.6010932728598196,1,0
815652,Tiago Morais,24/25,2025,1,0.6010412999683994,1,0
1120307,Destiny Ilahude,24/25,2025,0,0.6009984849692817,1,1
743327,Tamir Berman,24/25,2025,1,0.6009893803832629,1,0
596884,Adrián Butzke,24/25,2025,1,0.6009209484113573,1,0
982018,Yerai Dávila,24/25,2025,1,0.6009170240150316,1,0
1065273,Sergio Pascual,24/25,2025,1,0.6009160620251903,1,0
876626,Finn Delap,24/25,2025,0,0.6008917450555048,1,1
667061,Simone Maglieri,24/25,2025,1,0.6008674658659563,1,0
625338,Marcos Bautista,24/25,2025,1,0.6008583235043853,1,0
733575,Ilies Faure,24/25,2025,1,0.6008401264774217,1,0
575212,Isaac Fletcher,24/25,2025,0,0.6008254492549336,1,1
1158757,Alejandro Herranz,24/25,2025,1,0.6007713742014577,1,0
341497,Antonio Martiniello,24/25,2025,1,0.6007712630929017,1,0
821044,Francesco Pio Cucciniello,24/25,2025,1,0.6006889829289359,1,0
729155,Eren Öztürk,24/25,2025,1,0.6006642741565893,1,0
1065779,Raúl Sanchís,24/25,2025,1,0.6006241967087896,1,0
344806,Lubomir Tupta,24/25,2025,1,0.6006174461082734,1,0
397320,Luigi Palumbo,24/25,2025,1,0.6006096818200893,1,0
717960,Luis Sánchez,24/25,2025,0,0.6005200232656057,1,1
715636,Iván López,24/25,2025,1,0.6004412152371102,1,0
668277,Alan Godoy,24/25,2025,1,0.6004212801878186,1,0
1048582,Darius Fustos,24/25,2025,1,0.6003980849920286,1,0
780908,Elmer Cardoza,24/25,2025,0,0.6003699694537421,1,1
533110,Álex Pachón,24/25,2025,1,0.6003384211939489,1,0
628466,Isaiah Navarro,24/25,2025,0,0.6002772276153358,1,1
805479,Jesús Clemente,24/25,2025,1,0.6002707381835579,1,0
488273,Aleksandr Sapovalov,24/25,2025,0,0.6002361192054158,1,1
861707,Tiko Iniesta,24/25,2025,1,0.6002200708505961,1,0
685807,Luís dos Santos,24/25,2025,1,0.6001437159806084,1,0
417830,Antonio Ferrara,24/25,2025,1,0.6001115511692092,1,0
1006089,Francesco Bova,24/25,2025,0,0.6000544518866149,1,1
1044645,Alejandro Palop,24/25,2025,1,0.6000153376290087,1,0
115133,Ivan Pesic,24/25,2025,1,0.5999836601804497,1,0
541867,Pitu Doncel,24/25,2025,0,0.5999706958857302,1,1
636392,Dani Vidal,24/25,2025,1,0.5999128820982381,1,0
454625,Matías Cóccaro,24/25,2025,0,0.5999001592939595,1,1
1172731,Ismael Issa Algueche,24/25,2025,0,0.5998621987904307,1,1
512489,David Fondarella,24/25,2025,1,0.5997778646558232,1,0
999735,Leonardo Barsotti,24/25,2025,1,0.5996955262651282,1,0
707456,Fallou Sene,24/25,2025,1,0.5995406139279066,1,0
542570,Roberto Pierno,24/25,2025,1,0.5995156526974225,1,0
1094415,Mohamed Hamdoune,24/25,2025,1,0.5995104220580354,1,0
820685,Alessandro Marcucci,24/25,2025,1,0.5994679182318275,1,0
668183,Nico Serrano,24/25,2025,0,0.599399521487802,1,1
672024,Georgios Papadopoulos,24/25,2025,1,0.5993917482941207,1,0
338401,Ulrich Nnomo,24/25,2025,0,0.5993756961813148,1,1
260801,Eugenio Isnaldo,24/25,2025,1,0.5993589325247267,1,0
888182,Jorge Rastrojo,24/25,2025,1,0.5993513282518456,1,0
1101344,Emanuele Zanaboni,24/25,2025,1,0.5993116471644582,1,0
336370,Jesaja Herrmann,24/25,2025,1,0.5992918091892654,1,0
823893,Giovanni Zito,24/25,2025,1,0.5992843885285756,1,0
885226,Riyad Idrissi,24/25,2025,0,0.5992821421755957,1,1
824887,Valentin Haberkon,24/25,2025,1,0.5992179876878811,1,0
935088,Dani García,24/25,2025,1,0.5992010977469152,1,0
961985,Borja Calvo,24/25,2025,1,0.5991442369485847,1,0
138816,Alessio Curcio,24/25,2025,1,0.599125064306159,1,0
110475,Dario Del Fabro,24/25,2025,1,0.5991029729891628,1,0
717640,Álex Altube,24/25,2025,1,0.5990464631408389,1,0
746553,Reyes Cleary,24/25,2025,1,0.5990370669136734,1,0
929978,Andrea Agostini,24/25,2025,0,0.5989547673745012,1,1
538918,Sebastiano Esposito,24/25,2025,1,0.5989345936813374,1,0
539795,Bryan Okoh,24/25,2025,1,0.5989188869971629,1,0
1107994,Gabriel Obekpa,24/25,2025,0,0.5989117898930867,1,1
632708,Willy Ibáñez,24/25,2025,1,0.5989013145439908,1,0
455275,Javi Soler,24/25,2025,1,0.5988986622241512,1,0
707575,Joan Salvá,24/25,2025,1,0.5988694794938381,1,0
668275,Néstor Lucas,24/25,2025,1,0.5988487910382366,1,0
933059,Tommaso Raineri,24/25,2025,1,0.5987692958055851,1,0
416371,Davide Zugaro,24/25,2025,1,0.5987085980873433,1,0
361500,Isma Aizpiri,24/25,2025,1,0.5986904646793182,1,0
1055547,Unax Álvarez,24/25,2025,0,0.5986865353405532,1,1
1056956,Mikel Santos,24/25,2025,0,0.5986813402964053,1,1
891919,Jaime González,24/25,2025,1,0.5986717970037823,1,0
963150,Moi Parra,24/25,2025,0,0.5986420209907376,1,1
1064660,Álvaro Calado,24/25,2025,0,0.5986319375830937,1,1
548187,Alejandro Pérez,24/25,2025,1,0.5986317649881892,1,0
936696,Giuseppe Ferrante,24/25,2025,1,0.598571325038571,1,0
702662,Adrián Verde,24/25,2025,1,0.5985686630999961,1,0
338107,Simone Rossetti,24/25,2025,0,0.598542394823045,1,1
783873,Álvaro López,24/25,2025,0,0.5985095429063118,1,1
958647,Ümit Akdağ,24/25,2025,0,0.5984643929680232,1,1
891922,Joel Priego,24/25,2025,1,0.5984187147085969,1,0
936714,Mariano Nichele,24/25,2025,1,0.5983785296789739,1,0
690889,Máté Kotula,24/25,2025,1,0.5983535363276627,1,0
391346,Julio Gracia,24/25,2025,0,0.5982979969649658,1,1
258287,Patrik Pinte,24/25,2025,1,0.598284710462417,1,0
395875,Simone Ferrari,24/25,2025,1,0.5982771144863063,1,0
408287,Leonardo Moraschi,24/25,2025,1,0.5982291653927995,1,0
634598,Javi Alonso,24/25,2025,0,0.5982199309448301,1,1
904145,Guillem Naranjo,24/25,2025,1,0.5981832837225312,1,0
733235,Goma,24/25,2025,0,0.5981674882030833,1,1
1055933,Daniel Babaj,24/25,2025,1,0.5981149617197901,1,0
864465,Giacomo Venturini,24/25,2025,1,0.5981113547436014,1,0
497566,Goyo Medina,24/25,2025,1,0.5980473214939513,1,0
611174,Jofre Cherta,24/25,2025,1,0.5980207568708897,1,0
1114719,Mario Cantero,24/25,2025,0,0.5980023039894136,1,1
610909,Oriol Martí,24/25,2025,1,0.5979796660820033,1,0
699632,Abraham Marcus,24/25,2025,1,0.5979553945359972,1,0
1188539,Giuseppe Coppola,24/25,2025,0,0.5978656336271013,1,1
1181800,Davide Lauritano,24/25,2025,1,0.5978372435217829,1,0
745368,Filippo Puletto,24/25,2025,1,0.5978281437268959,1,0
927904,Ethan Bouah,24/25,2025,1,0.597814071626166,1,0
309180,Jan Mlakar,24/25,2025,1,0.5977972060306874,1,0
686808,Pietro Carcani,24/25,2025,1,0.5977411511804482,1,0
745493,Umberto De Luca,24/25,2025,0,0.5977237229311974,1,1
532908,Matteo Bongiorni,24/25,2025,1,0.5977085508387007,1,0
983138,Mattia Maffei,24/25,2025,1,0.5976464459887981,1,0
1283657,Edoardo Pierfederici,24/25,2025,1,0.5976015870484649,1,0
456647,Francesco Rillo,24/25,2025,0,0.5975880616659847,1,1
546627,Jacopo Pellegrini,24/25,2025,1,0.5975700984366785,1,0
704234,Diego Fornari,24/25,2025,1,0.597544939545533,1,0
268249,Isma Cerro,24/25,2025,1,0.5975356482193718,1,0
1067111,Alassan Manjam,24/25,2025,0,0.5975149806904712,1,1
701348,Gabriel Santoni,24/25,2025,0,0.5974986042212144,1,1
610649,Ryan Alebiosu,24/25,2025,1,0.5974965963306184,1,0
1034123,Enrico Rovinelli,24/25,2025,0,0.5974956408981357,1,1
419128,Bryan Mecca,24/25,2025,1,0.5974596388111877,1,0
309977,Samuel Ballet,24/25,2025,1,0.597458225185524,1,0
634259,Javier Vicario,24/25,2025,1,0.5974427781223579,1,0
715640,Juan Durán,24/25,2025,1,0.5974138731573332,1,0
600823,Daniele Favale,24/25,2025,1,0.5973365489368437,1,0
201734,Mamadou Kanoute,24/25,2025,0,0.5972842113702991,1,1
625881,Eneko Delgado,24/25,2025,1,0.5972726715849812,1,0
507351,Abdoul Guiebre,24/25,2025,1,0.5971531132238801,1,0
601058,Simeon Petrov,24/25,2025,1,0.5971258431925738,1,0
1173024,Nathan Fernandes,24/25,2025,0,0.5971098540634474,1,1
565242,José Manuel Raigal,24/25,2025,1,0.5970861709752108,1,0
1198739,Joaco Peñalver,24/25,2025,1,0.5970843408788832,1,0
510965,Ale Hernández,24/25,2025,1,0.5970650973204513,1,0
956126,Ian Olivera,24/25,2025,1,0.5970465147886204,1,0
827984,Mariano Carmona,24/25,2025,1,0.5970317074808229,1,0
951437,Lorenzo Boncompagni,24/25,2025,0,0.5969801562041163,1,1
1281601,Leonardo Tassi,24/25,2025,1,0.5969203415898175,1,0
1105883,Edoardo Caporello,24/25,2025,1,0.5969172417728337,1,0
635344,Abraham del Moral,24/25,2025,1,0.5968089179413555,1,0
924309,Samuele Zanini,24/25,2025,1,0.596790462192182,1,0
448835,Gaizka Campos,24/25,2025,1,0.5967767020696926,1,0
397448,Andrea Procaccio,24/25,2025,0,0.5967289255828677,1,1
456938,Javi Avilés,24/25,2025,0,0.5967086729194034,1,1
1062967,Jon Merino,24/25,2025,1,0.5966890241057399,1,0
1065454,Unai Santos,24/25,2025,0,0.5965817153994805,1,1
1147892,Pau Palacín,24/25,2025,1,0.5965229178951856,1,0
971006,Ayoub El Battioui,24/25,2025,1,0.5965029284039288,1,0
809180,Teddy Averlant,24/25,2025,1,0.5964924627159376,1,0
708496,Miguel Ángel Sanz,24/25,2025,1,0.5964599227614451,1,0
152975,Aleix Coch,24/25,2025,0,0.5964085615277299,1,1
705881,Mikel Serrano,24/25,2025,1,0.5964049578334407,1,0
548729,Zeki Amdouni,24/25,2025,0,0.5963869139037079,1,1
614719,Nicola Greco,24/25,2025,1,0.5963250855398612,1,0
709998,Lucas Alcázar,24/25,2025,1,0.5963054361938444,1,0
786438,Jony Álamo,24/25,2025,1,0.5962960083369757,1,0
344869,Simon Banza,24/25,2025,0,0.5962867756953144,1,1
939765,José Melro,24/25,2025,0,0.5962384317782059,1,1
373538,Daniel Zinon Kouko,24/25,2025,1,0.5962265021231423,1,0
247366,Marcos Mauro,24/25,2025,0,0.5962204371608422,1,1
396108,Juanmi Carrión,24/25,2025,1,0.5961485275754296,1,0
512123,Guillermo Alonso,24/25,2025,1,0.5961105275827918,1,0
634430,Israel Salazar,24/25,2025,1,0.5961071474301696,1,0
617645,Luigi Gianfreda,24/25,2025,1,0.596104948111065,1,0
175416,Cristiano Ingretolli,24/25,2025,0,0.5960761889178202,1,1
910682,Dennis Gaustad,24/25,2025,1,0.5960637541377805,1,0
677139,Yusri El Kandoussi,24/25,2025,1,0.5960567340348789,1,0
541646,Diego Barri,24/25,2025,1,0.5960503396302849,1,0
290412,Francesco Bigotto,24/25,2025,0,0.5960316402984169,1,1
340345,Borja San Emeterio,24/25,2025,0,0.5960174548776853,1,1
711635,Alexandro Fernández,24/25,2025,1,0.596003391281646,1,0
468314,Caio Lopes,24/25,2025,1,0.5959765436847797,1,0
381752,Alfonso Candelas,24/25,2025,0,0.595927258491232,1,1
976159,Curro Bonilla,24/25,2025,1,0.5958252354170112,1,0
610370,Fran Pérez,24/25,2025,1,0.5958131710724631,1,0
631068,Mike Cevallos,24/25,2025,1,0.595770874543068,1,0
1048316,Kareem Ben-Kmayal,24/25,2025,1,0.5957521320066593,1,0
691486,Filippo Di Natale,24/25,2025,1,0.5957344859396467,1,0
632915,Carlos Sánchez,24/25,2025,0,0.5956968832626109,1,1
606572,Rubén Sanchidrián,24/25,2025,1,0.5956831933443895,1,0
513057,Javi Bueno,24/25,2025,1,0.5956642616259992,1,0
533355,Adrià Gené,24/25,2025,1,0.5956633035163518,1,0
937710,Edward Cedeño,24/25,2025,1,0.5956386185253854,1,0
154819,Kwasi Wriedt,24/25,2025,1,0.5956023560414682,1,0
455374,Gianluca Bassano,24/25,2025,1,0.5956021858624944,1,0
1041547,Juan Cruz Cerrudo,24/25,2025,1,0.5955719507628454,1,0
998686,José Naranjo,24/25,2025,1,0.5955670223769399,1,0
396114,Víctor Morillo,24/25,2025,1,0.5955452405258239,1,0
542720,Alessandro De Luca,24/25,2025,1,0.595529189139419,1,0
709182,Beñat de Jesús,24/25,2025,0,0.5954780439391059,1,1
187290,Kevin Brobbey,24/25,2025,1,0.5954623490394804,1,0
634106,Urko Collado,24/25,2025,0,0.5954466522113265,1,1
392576,Jani Atanasov,24/25,2025,1,0.5954158513297055,1,0
567026,Anton Efremov,24/25,2025,1,0.5954010572786612,1,0
624347,Nikola Janjic,24/25,2025,1,0.5953955232800427,1,0
1028507,Óscar Vacas,24/25,2025,1,0.5953554328036099,1,0
826225,Gonzalo Calçada,24/25,2025,1,0.5953389600053414,1,0
313113,Álex López,24/25,2025,0,0.5952537234167271,1,1
540887,Enrico Oviszach,24/25,2025,1,0.5952358487023198,1,0
577741,Mattia Matese,24/25,2025,1,0.5952145728662087,1,0
391138,Gioacchino Carullo,24/25,2025,1,0.5951815820324708,1,0
917015,Fabio Torsiello,24/25,2025,1,0.5951588354809776,1,0
1060196,Claudio Giardino,24/25,2025,1,0.5951005056731272,1,0
938662,Elias Franco,24/25,2025,1,0.5950993312633991,1,0
704593,Galymzhan Kenzhebek,24/25,2025,1,0.5950935452925108,1,0
455924,Davide Cortinovis,24/25,2025,1,0.5950929699619539,1,0
529142,Daouda Beleme,24/25,2025,1,0.5950827679910945,1,0
834756,Julen Lartitegi,24/25,2025,1,0.5950689962008172,1,0
1226095,Miguel Ángel Abad,24/25,2025,0,0.5950667783839771,1,1
723771,Amadou Sarr,24/25,2025,1,0.595064067648237,1,0
517729,Jaume Pascual,24/25,2025,1,0.5950328599733662,1,0
860746,Pablo Álvarez,24/25,2025,1,0.5949729647200537,1,0
421869,Nicholas Rizzo,24/25,2025,1,0.5949509348276646,1,0
1052726,Edu Sánchez,24/25,2025,1,0.5949411388433332,1,0
355924,Luca Sparandeo,24/25,2025,1,0.5949070781718375,1,0
936733,Filippo Illipronti,24/25,2025,1,0.59488657456635,1,0
1056144,Francesco Di Biagio,24/25,2025,1,0.5948081527379919,1,0
457107,Ángel López,24/25,2025,1,0.5948020191617052,1,0
555076,Romain Faivre,24/25,2025,1,0.5947947861967091,1,0
491447,Alessio Rasi,24/25,2025,0,0.594723221789292,1,1
251882,Xiker Ozerinjauregi,24/25,2025,1,0.5946474665071009,1,0
784911,Diego Gutiérrez,24/25,2025,1,0.5946255150579701,1,0
860051,Ayoub Amraoui,24/25,2025,1,0.5946169536758841,1,0
254039,José Antonio Caro,24/25,2025,0,0.5946104033004164,1,1
456157,Matteo Fracassini,24/25,2025,0,0.5945400798934652,1,1
726669,Lubos Prazenka,24/25,2025,1,0.5945272073481456,1,0
724103,Michele Casali,24/25,2025,1,0.5945115921867734,1,0
935842,Alexandr Urban,24/25,2025,1,0.5944406418936338,1,0
815677,Vinicius Mello,24/25,2025,0,0.5944078696014242,1,1
668211,Marcos Sánchez,24/25,2025,1,0.5943896701375103,1,0
1032447,Julio Cabrera,24/25,2025,0,0.5943529539229284,1,1
1120228,Endika Buján,24/25,2025,0,0.5943416033812704,1,1
336963,Paolo Grillo,24/25,2025,0,0.5942842016672643,1,1
727697,Nico Grimbs,24/25,2025,1,0.5942625290383174,1,0
383114,Gorka Pérez,24/25,2025,1,0.5941998047689108,1,0
820694,Jacopo Atzeni,24/25,2025,1,0.594199360178428,1,0
541035,Javi Duarte,24/25,2025,1,0.5941935623766254,1,0
1074917,Jonathan Silva,24/25,2025,1,0.5941761613533108,1,0
627293,Manín Gonzaga,24/25,2025,0,0.594158287774256,1,1
398945,Miloš Bočić,24/25,2025,1,0.5941574171637813,1,0
973690,Luca Lohr,24/25,2025,1,0.5940645020289647,1,0
766764,Dani Lidueña,24/25,2025,1,0.5940602582803552,1,0
352898,João Amaral,24/25,2025,1,0.5940228878842296,1,0
738112,Luca Moro,24/25,2025,0,0.5939589984551408,1,1
1179482,Iker Luque,24/25,2025,0,0.5939552831454646,1,1
533222,Luca Maffioletti,24/25,2025,1,0.593952549482481,1,0
520438,Abdelmounaim Boutouil,24/25,2025,1,0.593947529518037,1,0
875860,David Amigo,24/25,2025,0,0.5939067252904823,1,1
908946,Niklas Castelle,24/25,2025,1,0.5938997803459934,1,0
639640,Genny Rondinella,24/25,2025,1,0.5938682674245511,1,0
682588,Mateo Mejía,24/25,2025,1,0.5938302334790234,1,0
976828,Matteo Di Paola,24/25,2025,1,0.5938204771772894,1,0
651269,Armin Gigovic,24/25,2025,1,0.5937863702652552,1,0
914880,Matteo Brezzo,24/25,2025,1,0.593782463953591,1,0
532107,Ben Folami,24/25,2025,0,0.5937648644642297,1,1
583607,William de Camargo,24/25,2025,1,0.5937371858685664,1,0
1157042,Máté Gyurkó,24/25,2025,1,0.5937259833288778,1,0
621277,Silvio Colella,24/25,2025,1,0.5936578220950449,1,0
960983,Agus Moreno,24/25,2025,1,0.5936121883519215,1,0
524860,Mickaël Biron,24/25,2025,1,0.5935629336095879,1,0
280833,Matteo Cericola,24/25,2025,1,0.5935527641638195,1,0
823331,Luca Gozzo,24/25,2025,0,0.5935465122747698,1,1
842149,Kieren Flavell,24/25,2025,0,0.5934882436415418,1,1
479636,Henrique Jocú,24/25,2025,1,0.5934639674645659,1,0
973665,Andrea Grilli,24/25,2025,1,0.5934191176410047,1,0
890629,Emi Hernández,24/25,2025,1,0.5933857752327347,1,0
816789,Mattia Ortelli,24/25,2025,0,0.593373872720843,1,1
476024,Léo Abreu,24/25,2025,1,0.5933632385226679,1,0
478408,Alessio Esposito,24/25,2025,1,0.5933263747722118,1,0
634928,Paul Álvarez,24/25,2025,0,0.593305576605417,1,1
341228,Juan Agüero,24/25,2025,1,0.5932834502795851,1,0
441107,Dani Ramos,24/25,2025,0,0.5932732849020723,1,1
544258,Elios Minaj,24/25,2025,0,0.5932622986513952,1,1
226825,Borja López,24/25,2025,0,0.5932300817778566,1,1
358261,Konstantinos Doumtsios,24/25,2025,1,0.5932249391700771,1,0
317429,Manuel Farrando,24/25,2025,0,0.5931015205208957,1,1
341438,Mark Sifneos,24/25,2025,1,0.5930574689781422,1,0
542588,Alessandro Sorrentino,24/25,2025,1,0.5930496958887035,1,0
929829,Dani Simón,24/25,2025,1,0.5930400715385385,1,0
217149,Antonio Marín,24/25,2025,0,0.5929864370259906,1,1
621824,Andrea Nesci,24/25,2025,1,0.5929389865552158,1,0
656345,Nacho Ramón,24/25,2025,0,0.5928883859720052,1,1
814351,Filippo Scipione,24/25,2025,1,0.5928623304979674,1,0
738570,Alessio Spatari,24/25,2025,1,0.5928314966805182,1,0
255904,Kaiser,24/25,2025,0,0.5927589103854908,1,1
1136037,Iker Ropero,24/25,2025,1,0.592705314236483,1,0
401910,Iván Moreno,24/25,2025,1,0.5926612966894775,1,0
1059365,Álex Maroto,24/25,2025,1,0.5926555565935174,1,0
567529,Rui Pedro,24/25,2025,1,0.5926489456612711,1,0
1308575,Giovanni Otero,24/25,2025,1,0.5926446584920985,1,0
351691,Sam Cosgrove,24/25,2025,1,0.5926305447417218,1,0
1020749,Gabriel Rabanillo,24/25,2025,1,0.5925947943624769,1,0
660063,Cristian Esposito,24/25,2025,0,0.59258473826673,1,1
986173,Pasquale Ruiz Giraldo,24/25,2025,1,0.5925815845102756,1,0
177065,Florin Andone,24/25,2025,0,0.5925803528278049,1,1
830113,Steven Nsimba,24/25,2025,1,0.5925422842555528,1,0
193050,Valmir Sulejmani,24/25,2025,1,0.5925018079339729,1,0
1105550,Moussa Seck Ndoye,24/25,2025,1,0.5924519182443841,1,0
431408,Alessio Leveque,24/25,2025,1,0.5924142419219571,1,0
630523,Martin Svidersky,24/25,2025,1,0.5923994020335731,1,0
631050,Alfonso Liceras,24/25,2025,0,0.5923877655113963,1,1
256749,Dani Santigosa,24/25,2025,1,0.5923832553236043,1,0
597201,Rúben Pereira,24/25,2025,1,0.5923813967474547,1,0
462296,Daniel Giampaolo,24/25,2025,1,0.592376321649971,1,0
148928,Saúl Ñíguez,24/25,2025,1,0.5923550876817779,1,0
1066212,Mladen Mutavčić,24/25,2025,1,0.5923281582783888,1,0
536811,Nicolò Milani,24/25,2025,1,0.5922851763749671,1,0
982832,Adri Heredia,24/25,2025,1,0.5922827097779267,1,0
308367,José Antonio Soler,24/25,2025,1,0.592274402261963,1,0
979322,Álex Alonso,24/25,2025,1,0.5922330578324171,1,0
719986,Fito,24/25,2025,0,0.5922065897863766,1,1
938431,Marko Kerkez,24/25,2025,1,0.5921718310336173,1,0
308560,Jhon Murillo,24/25,2025,1,0.5921417545034912,1,0
237923,Sotiris Tsiloulis,24/25,2025,1,0.5921315010382702,1,0
1164330,Martin Pedroarena,24/25,2025,0,0.5921243020492644,1,1
907917,Kristaps Grabovskis,24/25,2025,1,0.5921223150020869,1,0
975348,Joan Tincres,24/25,2025,0,0.5921213459431484,1,1
984964,Niccolò Fortini,24/25,2025,0,0.5921157424279574,1,1
653065,Bahattin Karahan,24/25,2025,1,0.5921059773473994,1,0
670711,Diogo Pinto,24/25,2025,1,0.5920882518648746,1,0
366729,Nazariy Rusyn,24/25,2025,1,0.5920522666837577,1,0
535792,Francesco Barba,24/25,2025,0,0.592024846786817,1,1
73735,Juha Pirinen,24/25,2025,1,0.5920018883171223,1,0
614086,Fábio Tavares,24/25,2025,1,0.5919342871345074,1,0
627218,Txus Alba,24/25,2025,1,0.5919167173070966,1,0
1051090,Samuele Magni,24/25,2025,0,0.5919001711421427,1,1
976198,Alessandro Ceccarelli,24/25,2025,1,0.591891278023342,1,0
1055398,Hugo Matos,24/25,2025,1,0.5918692692389669,1,0
843327,Mohamed Awad Alla,24/25,2025,1,0.5918314338778359,1,0
817045,Samuele Regazzetti,24/25,2025,1,0.5918308326174312,1,0
120919,Giorgio Siani,24/25,2025,1,0.5918148066296677,1,0
228386,Joseph Boyamba,24/25,2025,1,0.5917781299892768,1,0
1123335,Hamza Bellari,24/25,2025,1,0.5917669613359348,1,0
1183293,Edoardo Ferrari,24/25,2025,0,0.5916590848115075,1,1
674429,Diego González,24/25,2025,1,0.5916210790935148,1,0
55595,Benjamin Mokulu,24/25,2025,1,0.5915315293725582,1,0
628490,Genar Fornés,24/25,2025,1,0.591529605303233,1,0
316937,Michele Spinelli,24/25,2025,1,0.5915177007009369,1,0
411537,Zian Flemming,24/25,2025,1,0.5915176922330995,1,0
390117,Samuele Damiani,24/25,2025,1,0.5914669340065954,1,0
425975,Davide Di Stefano,24/25,2025,1,0.5914629366041259,1,0
738108,Samuele Zona,24/25,2025,1,0.5914625613134326,1,0
619323,Fausto Perseu,24/25,2025,1,0.5914495796551278,1,0
199330,Antonio Cotán,24/25,2025,1,0.5913900228016721,1,0
1179588,Yuzún Ley,24/25,2025,1,0.5913858990809836,1,0
818960,Filippo Pinton,24/25,2025,1,0.5913508669745413,1,0
198005,Cristian Ponde,24/25,2025,1,0.5913312020644735,1,0
1189287,Aitor Galarza,24/25,2025,1,0.591307397766821,1,0
934503,Stefano Tomaselli,24/25,2025,0,0.5912814952072984,1,1
1072763,Filippo Dodde,24/25,2025,0,0.5912038307286818,1,1
636318,Chus Ruiz,24/25,2025,1,0.5911633983659598,1,0
818850,Bilario Azizi,24/25,2025,1,0.5911598121257381,1,0
505653,Fábio Silva,24/25,2025,1,0.5911569970246958,1,0
471936,Oliver Christensen,24/25,2025,1,0.5911538914015598,1,0
336160,Andrija Novakovich,24/25,2025,1,0.5910969955712194,1,0
715624,José Currás,24/25,2025,1,0.5910662605183348,1,0
636094,Javier Hermelo,24/25,2025,0,0.5910562342705253,1,1
815532,Mattia Rigo,24/25,2025,1,0.5910534995911526,1,0
707303,Samuele Lovaglio,24/25,2025,1,0.5910195090160726,1,0
442425,Georgi Rusev,24/25,2025,1,0.5909586581542443,1,0
1104393,Francesco Cinque,24/25,2025,1,0.5909521364809543,1,0
708369,Esteban Aparicio,24/25,2025,0,0.5909182775720667,1,1
902107,Mahir Rizvanovic,24/25,2025,1,0.590906539241186,1,0
709971,Xavi Moreno,24/25,2025,1,0.590837265128276,1,0
625630,Lorenzo Chiti,24/25,2025,1,0.5908235772470614,1,0
716898,Luka Hyryläinen,24/25,2025,1,0.5908010550368965,1,0
341724,Relu,24/25,2025,1,0.5907812403458752,1,0
341093,Filippo Boccardi,24/25,2025,1,0.5907631868223355,1,0
962144,Unax del Cura,24/25,2025,1,0.5907558747629692,1,0
713523,Mateus da Silva,24/25,2025,1,0.5907292588658646,1,0
732439,Nico Magno,24/25,2025,1,0.590729136968135,1,0
1035221,Lorenzo Brusca,24/25,2025,1,0.5907097256391037,1,0
337310,Lamin Jallow,24/25,2025,1,0.5906921972921225,1,0
995017,Octavio Casalongue,24/25,2025,1,0.5906776477685198,1,0
620393,Boubacar Coulibaly,24/25,2025,1,0.5906715243222936,1,0
896014,Adrià Nicoli,24/25,2025,0,0.5906498496098532,1,1
921610,Nestorly Lumbu,24/25,2025,1,0.5906352401523507,1,0
1052288,Karim Cissé,24/25,2025,0,0.5906071891919791,1,1
337781,Arturo Molina,24/25,2025,1,0.5906000083720628,1,0
504107,Edi Semedo,24/25,2025,0,0.5905878942801014,1,1
632498,Miguelito,24/25,2025,0,0.5905566621729152,1,1
782889,Tom Moustier,24/25,2025,0,0.5905338888092153,1,1
459649,Joseph Ekuban,24/25,2025,0,0.5905136040049797,1,1
1009938,Álvaro Merencio,24/25,2025,1,0.5905065852079692,1,0
193994,Yves Baraye,24/25,2025,1,0.5904488610944801,1,0
131951,Kevin Lasagna,24/25,2025,1,0.5904018560741772,1,0
945763,Dani Martinez,24/25,2025,0,0.5903734417057158,1,1
244338,Pelly Ruddock Mpanzu,24/25,2025,1,0.5903552768503547,1,0
947440,Gabriel Ramis,24/25,2025,0,0.5902714131113078,1,1
1009941,Álex García,24/25,2025,1,0.5902531957748052,1,0
820678,Emanuele Zucco,24/25,2025,1,0.5901531887351256,1,0
476101,Sergi Segura,24/25,2025,0,0.5901293778724324,1,1
423172,José Manuel Alonso,24/25,2025,1,0.5900973106332414,1,0
351792,David Tijanic,24/25,2025,1,0.5900751668893564,1,0
1022385,Fabricio Oviedo,24/25,2025,0,0.5900700006637375,1,1
933350,Tincho Conde,24/25,2025,1,0.590056654985374,1,0
1065483,Moussa Seck,24/25,2025,0,0.5900313403739252,1,1
572431,Valerio Baldassi,24/25,2025,1,0.5899867826035314,1,0
909683,Joan Puig,24/25,2025,1,0.5899491396100122,1,0
93853,Martin Kobylanski,24/25,2025,1,0.5899480730136076,1,0
928726,Roberto Arroyo,24/25,2025,0,0.5898975084397983,1,1
569373,Isaac Solet,24/25,2025,0,0.5898716630732207,1,1
503975,Joe Hodge,24/25,2025,1,0.5898621888523925,1,0
710670,Kevin Soeiro,24/25,2025,1,0.5898568292497037,1,0
1205219,Andrea Prandini,24/25,2025,1,0.589849313040651,1,0
719720,David Argüelles,24/25,2025,1,0.589825263018717,1,0
549069,Diego Altube,24/25,2025,1,0.5897769505485551,1,0
867784,Davide Aloia,24/25,2025,1,0.5897541121621623,1,0
510545,Jesús Jiménez,24/25,2025,1,0.5897338913684844,1,0
710347,Alfonso Sepe,24/25,2025,1,0.5897267710741233,1,0
672381,Jonathan Rowe,24/25,2025,1,0.5897019078685503,1,0
470324,Juan Bauzá,24/25,2025,1,0.5896958596025333,1,0
1003958,Samu Mayo,24/25,2025,1,0.5896897066536042,1,0
1010984,Mickael Dosso,24/25,2025,1,0.5896630991794845,1,0
984749,Leonardo Saito,24/25,2025,0,0.589661129345191,1,1
704285,Elia Maccherini Tonini,24/25,2025,1,0.5896431465042185,1,0
423196,Gabriele Fumanti,24/25,2025,1,0.5896317878645431,1,0
566658,Adolfo Romero,24/25,2025,1,0.5896252231426472,1,0
177964,Yusupha Njie,24/25,2025,0,0.5895857793942858,1,1
634105,Alberto Marí,24/25,2025,1,0.5895750043919263,1,0
598101,Roberto Fernández,24/25,2025,1,0.5895637410644491,1,0
351158,Jesús Cruz,24/25,2025,0,0.5895530032509622,1,1
320426,Andrea Gulli,24/25,2025,1,0.5895330211231216,1,0
156887,Álvaro Peña,24/25,2025,1,0.5895121220845361,1,0
710000,David Cuenca,24/25,2025,1,0.5894743627007959,1,0
1132749,Alex Sánchez,24/25,2025,0,0.589459759556928,1,1
533061,Elias Ramírez,24/25,2025,0,0.5894557437318568,1,1
263066,Francis Ferrón,24/25,2025,1,0.5894432041141875,1,0
881175,Diogo Bebé,24/25,2025,0,0.5892970488192972,1,1
639732,Raúl Sola,24/25,2025,1,0.5892715773822521,1,0
542741,Sunday Adetunji,24/25,2025,1,0.5892575177329697,1,0
699419,Karim El Kounni,24/25,2025,1,0.5892139181243536,1,0
1123002,Gerardo Agnelli,24/25,2025,0,0.5891444964486834,1,1
525995,Stefan Hajdin,24/25,2025,1,0.5891118671460283,1,0
704683,Jordan Amore,24/25,2025,1,0.589097114864975,1,0
496415,Nicolás Reniero,24/25,2025,0,0.5890058860470281,1,1
328850,Giorgio Recino,24/25,2025,1,0.5889891055994102,1,0
742018,Dejan Radonjic,24/25,2025,0,0.5889752273708022,1,1
1001035,Marcos Carrillo,24/25,2025,1,0.5889641541864449,1,0
729169,Luca Butkovic,24/25,2025,1,0.5889600691235547,1,0
1001362,Max Vartuli,24/25,2025,0,0.5888802405718925,1,1
913944,Sergio Montes,24/25,2025,1,0.5888282028838613,1,0
638210,Mikel Zabala,24/25,2025,0,0.5887870135567261,1,1
246244,Sergio Aguza,24/25,2025,1,0.5887587738249235,1,0
611905,Claudio Messaggi,24/25,2025,0,0.5887553262297743,1,1
502435,Federico Cardella,24/25,2025,0,0.5887195775368014,1,1
618806,Alfredo Pedraza,24/25,2025,1,0.5887122606201253,1,0
344151,Bilal Boutobba,24/25,2025,1,0.5886543438497608,1,0
783429,Unai Dufur,24/25,2025,1,0.5886205436782127,1,0
817128,Lorenzo Lo Duca,24/25,2025,0,0.588558411628199,1,1
401268,Olamide Shodipo,24/25,2025,1,0.5885234041068691,1,0
947435,Pablo Moyá,24/25,2025,1,0.5885114429561131,1,0
981444,Arnold Vula,24/25,2025,1,0.588484760034269,1,0
353173,Falou Samb,24/25,2025,1,0.5884571126405878,1,0
1175656,Thomas Diego Altomonte,24/25,2025,1,0.5884527610654788,1,0
801357,Gabriel Pellegrino,24/25,2025,1,0.5884374597837059,1,0
332527,Sveinn Aron Gudjohnsen,24/25,2025,0,0.5884083025368926,1,1
729109,Leonardo Francalanci,24/25,2025,1,0.5884042258211214,1,0
1086495,Edoardo Nunziati,24/25,2025,0,0.5883849816735383,1,1
834767,Loren Sánchez,24/25,2025,1,0.5883719319801035,1,0
719985,Pol Bassa,24/25,2025,1,0.5883385537581158,1,0
1087487,Vimal Yoganathan,24/25,2025,0,0.5883254923394046,1,1
718307,Matías Segovia,24/25,2025,1,0.5883179165332117,1,0
361065,Mitchel Bakker,24/25,2025,0,0.5883034091827675,1,1
707221,Baptiste Rolland,24/25,2025,1,0.5882800085430753,1,0
803967,Sanel Saljic,24/25,2025,0,0.5882505170458147,1,1
867185,Ismael Ferrer,24/25,2025,0,0.5881815719191643,1,1
115763,Koray Günter,24/25,2025,1,0.5881772071189119,1,0
595916,Alejandro Cañizo,24/25,2025,0,0.588130266833015,1,1
575478,Xabier Zaldua,24/25,2025,1,0.5881274176921429,1,0
536703,Ivo Quaranta,24/25,2025,1,0.5880583150553111,1,0
915492,Giulio Mengucci,24/25,2025,1,0.5880514240303155,1,0
243555,Miguel Santos,24/25,2025,0,0.5880330181085729,1,1
709591,Héctor Peña,24/25,2025,1,0.5880299700484725,1,0
534121,Andrea Marino,24/25,2025,1,0.5880279486975457,1,0
702275,Julián Mahicas,24/25,2025,0,0.5880000747188708,1,1
341270,Carlos Gilbert,24/25,2025,1,0.5879894731678889,1,0
404968,Nicola De Vido,24/25,2025,1,0.58797543405513,1,0
937891,Francesco Raffaelli,24/25,2025,1,0.587891609748049,1,0
522502,Emmanuel Odianose,24/25,2025,1,0.5878526105286221,1,0
606128,Jacopo Cecconi,24/25,2025,1,0.5878262888558223,1,0
810307,Dimitrios Goumas,24/25,2025,0,0.5878114052857552,1,1
718586,Manu Morillo,24/25,2025,1,0.5878103843284357,1,0
891312,Fran Árbol,24/25,2025,1,0.587787891326764,1,0
717465,Laurin Ulrich,24/25,2025,1,0.5877797493086084,1,0
1035760,Tommaso Pegoraro,24/25,2025,1,0.5877625931239422,1,0
104062,Adrian Popa,24/25,2025,0,0.5877540136915864,1,1
657446,Bernardo Couto,24/25,2025,0,0.5877397321656223,1,1
97731,Salvatore Giglio,24/25,2025,1,0.5877390601241513,1,0
932746,Mattia Saltalamacchia,24/25,2025,1,0.5877054169755741,1,0
627829,Christian Bianchetti,24/25,2025,1,0.587686032876967,1,0
1064122,Valen Gómez,24/25,2025,1,0.5876753247469793,1,0
314369,Matteo Gasperi,24/25,2025,0,0.587624220302366,1,1
935576,Hagan Frimpong,24/25,2025,1,0.5876090811505233,1,0
834492,Iker Varela,24/25,2025,1,0.5875908080598511,1,0
599739,Xavier Simons,24/25,2025,1,0.5875904816365809,1,0
944738,Cristian Antonciuc,24/25,2025,0,0.5875773386487072,1,1
430488,Edgar Sevikyan,24/25,2025,1,0.5875301870311279,1,0
240343,Vincenzo Guarino,24/25,2025,1,0.5875279973920381,1,0
815546,Francesco Gioielli,24/25,2025,1,0.5874950287418618,1,0
355456,Diego Valenti,24/25,2025,1,0.5874701328281697,1,0
381204,Colau,24/25,2025,1,0.5873974645310838,1,0
820252,Benchimol,24/25,2025,0,0.587362014927759,1,1
355479,Ferdinando Del Sole,24/25,2025,1,0.5873300743152202,1,0
686972,Francesco Saverino,24/25,2025,1,0.5873283338443136,1,0
318799,Otis Khan,24/25,2025,1,0.5872702485321429,1,0
837890,Federico Ficini,24/25,2025,1,0.5872537616708093,1,0
510369,Carlos Cordero,24/25,2025,0,0.5872346522491018,1,1
603451,Davide Petito,24/25,2025,1,0.5870972924311215,1,0
568709,Francesco Barranca,24/25,2025,0,0.5870651779921889,1,1
934457,Riccardo Restelli,24/25,2025,1,0.5870589468977692,1,0
1163638,Yeimar Mosquera,24/25,2025,0,0.5870569641548933,1,1
524924,Mattia Trinchera,24/25,2025,0,0.5869971371107046,1,1
387199,Benaissa Benamar,24/25,2025,1,0.5869114303311539,1,0
598162,Javi Gómez,24/25,2025,1,0.58689380186123,1,0
568362,Suphanat Mueanta,24/25,2025,0,0.5868751722176389,1,1
536372,Rodrigo Tuninetti,24/25,2025,1,0.5868730954414227,1,0
537436,Ludovico Ricci,24/25,2025,1,0.5868606174534172,1,0
527601,Niccolò Bigica,24/25,2025,1,0.5868472490415166,1,0
280416,Housem Ferchichi,24/25,2025,1,0.5868243244841566,1,0
1013227,George Andrews,24/25,2025,1,0.5868052730860309,1,0
973608,Toni Dols,24/25,2025,1,0.5867542508407257,1,0
348553,Pablo Clavería,24/25,2025,0,0.5867541910099534,1,1
1157676,Adonija Ouanda,24/25,2025,0,0.5867456864475598,1,1
995472,Gianmarco Di Biase,24/25,2025,1,0.5867216182905544,1,0
567479,Alberto Simoni,24/25,2025,1,0.5867108043428296,1,0
737256,Manuel Botta,24/25,2025,1,0.5867061364057067,1,0
162044,Cristian Herrera,24/25,2025,1,0.5866852583018638,1,0
1216111,Alex Sola,24/25,2025,1,0.5866615935814798,1,0
1090074,Filippo Liberati,24/25,2025,1,0.5866221371357861,1,0
888293,Carlos Mattheus,24/25,2025,1,0.5865681370999115,1,0
340982,Florinel Coman,24/25,2025,0,0.5865088253597244,1,1
203052,Filippo Di Maira,24/25,2025,1,0.5864869986576726,1,0
333003,Antonio Sepe,24/25,2025,1,0.586467398609678,1,0
188436,Luigi Canotto,24/25,2025,1,0.5864660398628928,1,0
168245,Giordano Pantano,24/25,2025,1,0.5864613636309873,1,0
1285999,John Batigi,24/25,2025,1,0.5864099284989444,1,0
795791,Samuele Puglisi,24/25,2025,1,0.5864058155795004,1,0
435336,Óscar de Frutos,24/25,2025,0,0.5863995660816658,1,1
127222,Tommaso Ceccarelli,24/25,2025,0,0.5863995433782386,1,1
710479,Jesús Palomeque,24/25,2025,1,0.5863682818330516,1,0
783481,Keko Hevia,24/25,2025,1,0.5863088515768284,1,0
698548,Marko Lazetić,24/25,2025,1,0.5862691498362824,1,0
894945,Anartz Peña,24/25,2025,0,0.5862582983659136,1,1
632898,Rodri Val,24/25,2025,1,0.5862486555725015,1,0
820938,Alessandro Silano,24/25,2025,1,0.5862051021423399,1,0
657776,Denny Pucci,24/25,2025,1,0.5861869447472529,1,0
604864,Dimitrios Theodoridis,24/25,2025,1,0.5861596439686716,1,0
144303,Lazar Markovic,24/25,2025,1,0.5861446139887586,1,0
635940,Guille Bernabeu,24/25,2025,1,0.5861443424123122,1,0
634116,Yoel Ramírez,24/25,2025,1,0.5861342351320448,1,0
196538,Lorenzo Remedi,24/25,2025,1,0.5860985438009738,1,0
1169515,Alex Garzón,24/25,2025,1,0.5860938465084978,1,0
946279,Javi Hernández,24/25,2025,0,0.5860834579057621,1,1
152431,Dominic Baumann,24/25,2025,1,0.5860810062556442,1,0
342226,Irvin Cardona,24/25,2025,1,0.5860456515452697,1,0
1088267,Lapo Accorsini,24/25,2025,1,0.5860164142242825,1,0
466812,Nils Mortimer,24/25,2025,0,0.5859870708685971,1,1
704554,Santiago Muñóz,24/25,2025,0,0.5859806032951241,1,1
336863,Juanjo Chavalés,24/25,2025,0,0.585911193823317,1,1
691355,Junior Bakayoko,24/25,2025,0,0.5858997122458195,1,1
672803,Bertuğ Yıldırım,24/25,2025,1,0.5858980015890606,1,0
575564,Diego Larotonda,24/25,2025,1,0.5858882224246778,1,0
722280,Luismi Gutiérrez,24/25,2025,0,0.5858079124960405,1,1
342350,Francesco D'Orsi,24/25,2025,0,0.585784718199307,1,1
198015,Jefté Betancor,24/25,2025,1,0.5857760037627551,1,0
497188,Florent Hasani,24/25,2025,0,0.5857369757820261,1,1
499830,Samuele Spalluto,24/25,2025,1,0.5857299981395789,1,0
551007,Eli King,24/25,2025,0,0.5857166546709928,1,1
504064,Alexander Torvund,24/25,2025,1,0.5857034398233767,1,0
1049715,Alessandro Diana,24/25,2025,0,0.5856833497282962,1,1
632497,Miquel Llabrés,24/25,2025,0,0.5856096740550384,1,1
1056526,Cristiano Rizzo,24/25,2025,1,0.5855739187964923,1,0
856423,João Costa,24/25,2025,0,0.5855713286923105,1,1
392634,Gabriele Dalla Bernardina,24/25,2025,0,0.5855693274805823,1,1
1228383,Ismael Barea,24/25,2025,1,0.58554149972409,1,0
248337,Pablo Trigueros,24/25,2025,1,0.5855295126541396,1,0
379872,Julen Monreal,24/25,2025,1,0.5855140699766701,1,0
1060722,Moha Bassele,24/25,2025,0,0.5854926998814265,1,1
345189,Luka Lochoshvili,24/25,2025,1,0.5854506326150983,1,0
632503,Adrià Mercadal,24/25,2025,0,0.5854315642715219,1,1
991312,Nikita Baranok,24/25,2025,0,0.585430305606597,1,1
947432,Marcos Fernández,24/25,2025,0,0.5854097934357063,1,1
238968,Matteo Lomolino,24/25,2025,1,0.5854061314276138,1,0
1054909,Pablo Busto,24/25,2025,0,0.5853798840290699,1,1
713633,Raúl Castro,24/25,2025,0,0.5853020758139008,1,1
396158,Carlos Cobo,24/25,2025,1,0.5852678082958317,1,0
576125,Thierry Gale,24/25,2025,1,0.5852563687177443,1,0
1152997,Mateo Scheffer Bracco,24/25,2025,1,0.5852468376620117,1,0
819326,Ismaila Badje,24/25,2025,1,0.5852450636857618,1,0
711999,Lesley Ugochukwu,24/25,2025,1,0.5852409467093569,1,0
524287,Robin Friedrich,24/25,2025,1,0.5852114186044127,1,0
314367,Marcus Edwards,24/25,2025,1,0.5852093927556855,1,0
230968,Alexandros Nikolias,24/25,2025,1,0.5852054866265242,1,0
536698,Julian Larsson,24/25,2025,0,0.5851390374159714,1,1
409472,Ousama Siddiki,24/25,2025,0,0.5851369082725969,1,1
420465,Tiago Djaló,24/25,2025,1,0.5851311922040768,1,0
397850,Gabriele Gibilterra,24/25,2025,1,0.585110338461845,1,0
1178721,Rafel Bauzà,24/25,2025,1,0.5851008189116059,1,0
562287,Christian Celesia,24/25,2025,0,0.5850608056444977,1,1
933052,Timothy Ansah Ekuban,24/25,2025,1,0.5850179446144439,1,0
715683,Naim García,24/25,2025,0,0.5849194632307513,1,1
718115,Zini,24/25,2025,0,0.5848964121953573,1,1
596882,Álvaro Espínola,24/25,2025,1,0.5848937514477195,1,0
161484,Lee Erwin,24/25,2025,1,0.5848935445392615,1,0
882917,Alessio Aprile,24/25,2025,1,0.5848862542536197,1,0
499341,Milorad Stajic,24/25,2025,1,0.5848770821908964,1,0
459224,Francesco Piccardi,24/25,2025,0,0.5847798891610703,1,1
331463,Alessandro Aloia,24/25,2025,1,0.5847741481896425,1,0
776303,Marco Pellegrino,24/25,2025,1,0.5847626715926952,1,0
295082,Jon Sillero,24/25,2025,0,0.5847246020341342,1,1
890817,Dimitrios Stamatakis,24/25,2025,0,0.5847228005101688,1,1
1034471,Khalid Noureddine,24/25,2025,1,0.5846569458544851,1,0
271966,Mbaye Diagne,24/25,2025,1,0.5846387206442276,1,0
771032,Andrés Rodríguez,24/25,2025,1,0.5846226077203179,1,0
222502,Giovanni Foresta,24/25,2025,0,0.5845984348972154,1,1
396428,Rodrigo Escoval,24/25,2025,0,0.5845757044813044,1,1
432752,Ivan Brnic,24/25,2025,0,0.584562121970299,1,1
186945,Ignacio Varela,24/25,2025,0,0.5845348398248501,1,1
917781,Matti Wagner,24/25,2025,1,0.5845161053305795,1,0
596614,Federico Mencagli,24/25,2025,1,0.5844709446097845,1,0
592498,Tiago Manso,24/25,2025,0,0.5844589419206827,1,1
930944,Tommaso Ghirardello,24/25,2025,1,0.5844465161746291,1,0
1033478,Gastón Valles,24/25,2025,1,0.5843892943138929,1,0
369707,Tomás Bolzicco,24/25,2025,0,0.5843056777639137,1,1
622236,Radek Vítek,24/25,2025,1,0.5842886099481563,1,0
341140,Nicolae Carnat,24/25,2025,1,0.5842752539136492,1,0
729937,Marco Teraschi,24/25,2025,1,0.5842732741292104,1,0
539131,Alessio Brambilla,24/25,2025,1,0.584222020733899,1,0
126118,Kamil Wiktorski,24/25,2025,1,0.5842204568251257,1,0
878402,Joseph Antoine Na'a,24/25,2025,1,0.5841759704933633,1,0
69212,Vincenzo Camilleri,24/25,2025,1,0.5841639931080521,1,0
636302,Jordi Pola,24/25,2025,0,0.5841596466818951,1,1
537360,Giuseppe Guadagni,24/25,2025,1,0.5841554867676974,1,0
687464,Franko Sabljic,24/25,2025,1,0.5841210023463834,1,0
818536,Clemente Tartaro,24/25,2025,1,0.5841208732755078,1,0
251432,Enock Barwuah,24/25,2025,1,0.5840910063963666,1,0
929864,Rafa Fernández,24/25,2025,1,0.5840708358536085,1,0
715679,Lalo Aguilar,24/25,2025,0,0.5840467469124444,1,1
612489,Alessio Nepi,24/25,2025,0,0.5840452784138422,1,1
98854,Leonardo Pérez,24/25,2025,0,0.5840402254135684,1,1
1223892,Koke Mota,24/25,2025,0,0.5840081499983595,1,1
210143,Álex Gallar,24/25,2025,0,0.5839849864790164,1,1
802949,Nicolas Perotta,24/25,2025,1,0.5839049505169703,1,0
479712,Giorgio Lionetti,24/25,2025,1,0.5839041141326801,1,0
459637,Francesco Baschirotto,24/25,2025,1,0.5838993057607913,1,0
1077315,Anastasios Loupas,24/25,2025,1,0.5838733593055161,1,0
340262,Luca Donaggio,24/25,2025,1,0.583812472396072,1,0
504084,Tiago Ribeiro,24/25,2025,0,0.5837934741788764,1,1
700664,Balázs Farkas,24/25,2025,1,0.583790619646621,1,0
379821,Christian Tommasini,24/25,2025,0,0.5837899312109095,1,1
745177,Nazim Babaï,24/25,2025,0,0.5837807580094541,1,1
486766,Aílson Tavares,24/25,2025,1,0.5837355327137864,1,0
600730,José González,24/25,2025,0,0.583713233021824,1,1
164837,Kristopher Vida,24/25,2025,1,0.583660095283646,1,0
531829,Dani Escriche,24/25,2025,0,0.5836578134851842,1,1
945713,Marcos Moreno,24/25,2025,1,0.5836473022566536,1,0
713638,Neskes,24/25,2025,0,0.5836447858414656,1,1
512401,Alvaro Iuliano,24/25,2025,0,0.583640181738462,1,1
164344,Simone D'Anna,24/25,2025,0,0.5836270038502259,1,1
797756,Ariel Reinero,24/25,2025,1,0.5835835339677676,1,0
923141,Nikolaos Vakouftsis,24/25,2025,0,0.5835765620693293,1,1
490386,Jay-Dee Geusens,24/25,2025,0,0.5835600930405939,1,1
603680,Giorgio Bachini,24/25,2025,1,0.5835366316925831,1,0
1068036,Niccolò Abbà,24/25,2025,0,0.5835234438472355,1,1
1186672,Valerio Bertucci,24/25,2025,1,0.5834498179723501,1,0
715330,Filippo Magnaldi,24/25,2025,0,0.5834350794046128,1,1
707107,Patricio Goglino,24/25,2025,1,0.5834234651517062,1,0
862392,Marco Orfano,24/25,2025,1,0.5833226084370894,1,0
1165116,Cosimo Bigazzi,24/25,2025,0,0.5833187640751643,1,1
619464,Aboubacar Doumbia,24/25,2025,1,0.5832787472887021,1,0
304225,Dimitrios Mavrias,24/25,2025,1,0.583274995796433,1,0
726526,Stefan Mitrović,24/25,2025,1,0.5832613758847093,1,0
496484,Nick Akoto,24/25,2025,0,0.5832515075254608,1,1
555118,Toño Calvo,24/25,2025,0,0.5832416922050254,1,1
247555,Edimilson Fernandes,24/25,2025,1,0.5832402560544371,1,0
604794,Vincenzo Vitale,24/25,2025,1,0.583230525017725,1,0
830304,Gellért Dúzs,24/25,2025,0,0.5831862096107918,1,1
267916,Valeriano Nchama,24/25,2025,1,0.5831481187426969,1,0
535958,Ricardo Matos,24/25,2025,1,0.5831163545383584,1,0
620388,Filippo Carli,24/25,2025,1,0.5830828891151978,1,0
1065268,Álex Jimenez,24/25,2025,1,0.5830734364485951,1,0
240401,Carlo Caporali,24/25,2025,1,0.5830724404211179,1,0
1053246,Chidera Okoh,24/25,2025,0,0.5830662174721238,1,1
1073051,Héctor Oliva,24/25,2025,1,0.5830552322812155,1,0
202977,Luca Iotti,24/25,2025,0,0.5830144750461238,1,1
741254,Gerard Hernández,24/25,2025,1,0.5829726897197923,1,0
1175869,Jesús Belza,24/25,2025,0,0.5829548161025145,1,1
1194286,Gregorio Salvati,24/25,2025,1,0.582921419401714,1,0
380277,Santi Samanes,24/25,2025,1,0.5828709271515269,1,0
936185,Tobia Mogentale,24/25,2025,1,0.5828687591507722,1,0
570458,Jake Garrett,24/25,2025,0,0.5828587848554457,1,1
490506,José Solbes,24/25,2025,1,0.5828196227157537,1,0
357997,Thomas Schirò,24/25,2025,1,0.5828194391463822,1,0
69457,Richi de Souza,24/25,2025,0,0.5827642651516131,1,1
1176566,Nicolas Naso,24/25,2025,1,0.582723555423445,1,0
1191770,César Álvarez,24/25,2025,0,0.5827096274108646,1,1
144304,Ognjen Ozegovic,24/25,2025,1,0.5827014265799919,1,0
709830,Francis Ezeh,24/25,2025,0,0.5826354633697906,1,1
466452,Ivan Milicevic,24/25,2025,1,0.5826302268068142,1,0
471466,Lorenzo Barzon,24/25,2025,1,0.5826146217814318,1,0
818909,Raffaele Lattuchella,24/25,2025,1,0.5825847397192615,1,0
571116,Eyram Leveh,24/25,2025,1,0.5825368245056737,1,0
1077262,Andrea Pavanello,24/25,2025,1,0.5825296960422597,1,0
941883,Martín Tejón,24/25,2025,1,0.5825182801510536,1,0
448264,Afonso Freitas,24/25,2025,0,0.5825136592580477,1,1
944583,Marko Perovic,24/25,2025,0,0.5825082505605147,1,1
443697,Giuliano Alma,24/25,2025,0,0.5824880131579652,1,1
163223,Mirko Gori,24/25,2025,0,0.5824409584583395,1,1
336856,Luis Acosta,24/25,2025,0,0.5824371619833412,1,1
451389,Fabio Laringe,24/25,2025,1,0.5824356346780939,1,0
563135,Marc Lachèvre,24/25,2025,1,0.5823843193329078,1,0
668718,Vasilios Katsoulidis,24/25,2025,1,0.5823751619180065,1,0
312683,Arthur Bonaldo,24/25,2025,0,0.5823726850648705,1,1
622526,Dani Satoca,24/25,2025,1,0.5823677195006269,1,0
798371,Olamide Ibrahim,24/25,2025,1,0.5823630155180781,1,0
1254491,Fran Sabina,24/25,2025,0,0.5823192518033735,1,1
242063,Vaclav Cerny,24/25,2025,1,0.5822066785011745,1,0
374142,Manu Sánchez,24/25,2025,1,0.5821893611002258,1,0
839533,Stepan Beran,24/25,2025,1,0.5821887317076657,1,0
711384,Gexan Elosegi,24/25,2025,0,0.582148560161596,1,1
823525,Lorenzo Villa,24/25,2025,1,0.5821141320263702,1,0
328965,Aristotelis Kollaras,24/25,2025,1,0.5821032214411038,1,0
392500,Felice D'Amico,24/25,2025,1,0.5820518604278593,1,0
478357,Anthony Correia,24/25,2025,1,0.582039948563219,1,0
182752,Marlon Frey,24/25,2025,1,0.5820358916990606,1,0
343237,Malik Karaahmet,24/25,2025,0,0.5820008373270444,1,1
727578,David Astals,24/25,2025,1,0.5819955837311058,1,0
691678,Tommaso Fumagalli,24/25,2025,1,0.5819133981601432,1,0
533502,Pietro Bencivenga,24/25,2025,0,0.581870703107741,1,1
1069692,Álex Toper,24/25,2025,1,0.5818670360616741,1,0
677179,Raúl Tavares,24/25,2025,0,0.5818447853997338,1,1
933098,Alessandro Latini,24/25,2025,1,0.5817655107948135,1,0
805954,Manuel Garavini,24/25,2025,1,0.5817615223515433,1,0
413477,Álex Gil,24/25,2025,1,0.5817474046038401,1,0
411838,Bruno Viana,24/25,2025,1,0.5817321856339693,1,0
198999,Paolo Ropolo,24/25,2025,1,0.5817275894988196,1,0
635566,Aitor Ekiza,24/25,2025,1,0.5817011823155878,1,0
961945,Félix Garreta,24/25,2025,0,0.5817005039150139,1,1
197482,Antonio Palma,24/25,2025,1,0.5816689511873108,1,0
562530,Iker San Vicente,24/25,2025,0,0.581668601377503,1,1
936668,Federico Maffi,24/25,2025,1,0.5816577055291976,1,0
163085,Michel Panatti,24/25,2025,0,0.5816575520460419,1,1
951832,Manuele De Min,24/25,2025,0,0.5816423619061996,1,1
343184,Sylla Sow,24/25,2025,1,0.581638045799939,1,0
456874,Francesco De Caro,24/25,2025,1,0.5815872112276662,1,0
536846,Javier Ajenjo,24/25,2025,1,0.5815778054602347,1,0
881298,Cornelius Olsson,24/25,2025,1,0.5815595869674298,1,0
611070,Moha Keita,24/25,2025,0,0.5815578815394457,1,1
820599,Marco Rao,24/25,2025,0,0.581519671953087,1,1
548903,Leonel Ferroni,24/25,2025,1,0.5815107145956476,1,0
207965,Giacomo Risaliti,24/25,2025,1,0.5814989055861236,1,0
240337,Antonio Arpino,24/25,2025,1,0.581472609191077,1,0
422459,Javier Belman,24/25,2025,0,0.5814375795807298,1,1
1065998,Edoardo Olivieri,24/25,2025,1,0.5814340830387756,1,0
709967,Toni Caravaca,24/25,2025,0,0.5814335203272007,1,1
614157,Kelvin Boateng,24/25,2025,1,0.5814023682835245,1,0
910192,Wilson Samaké,24/25,2025,1,0.5813903243166972,1,0
818381,Mark-Emilio Papazov,24/25,2025,0,0.5813745204601727,1,1
986231,Elia Caneva,24/25,2025,1,0.5813341690326093,1,0
616823,Alain García,24/25,2025,1,0.5812937265528562,1,0
282810,Carles Pérez,24/25,2025,1,0.5812441945242333,1,0
348623,Mason Holgate,24/25,2025,1,0.5812222231756156,1,0
815384,Matheus Dias,24/25,2025,1,0.5811918832586722,1,0
669677,Alan Marinelli,24/25,2025,1,0.5811512962450609,1,0
853344,Sekou Yansané,24/25,2025,0,0.5811098317900721,1,1
834483,Álex Padilla,24/25,2025,0,0.581104535404349,1,1
274753,Carlos Gutiérrez,24/25,2025,1,0.5810840639163781,1,0
786686,Diego Gambale,24/25,2025,1,0.5810698587679122,1,0
780628,Oussama Chit,24/25,2025,1,0.5810530900707582,1,0
221028,Foday Trawally,24/25,2025,0,0.5810516186696272,1,1
1065451,Mikel Ansó,24/25,2025,1,0.5810393935033932,1,0
406054,Davide Marcandella,24/25,2025,0,0.581034486604356,1,1
336830,Jaime Santos,24/25,2025,1,0.5809774626178206,1,0
589459,Joseda Menargues,24/25,2025,1,0.5809767734323413,1,0
285973,Juanmi Heredero,24/25,2025,1,0.5809706332377649,1,0
462381,Alberto Fernández,24/25,2025,1,0.580967541700643,1,0
403834,Kahraman Demirtaş,24/25,2025,1,0.5809668550075859,1,0
601822,Alessandro Corti,24/25,2025,1,0.5809363360021297,1,0
555719,Ali Akman,24/25,2025,1,0.5809030070372027,1,0
838813,Abderahmane Soussi,24/25,2025,0,0.5808908351903646,1,1
71918,David Ferreiro,24/25,2025,0,0.5808882214246984,1,1
503032,Edu Frías,24/25,2025,0,0.5808859961346201,1,1
212229,Halil Akbunar,24/25,2025,0,0.5808801007492201,1,1
1166093,Georgios Konstantakopoulos,24/25,2025,0,0.5808600262727253,1,1
459946,Carlo Alberto Tosi,24/25,2025,0,0.5808569540306485,1,1
466808,Jaume Cuéllar,24/25,2025,0,0.5808330199653032,1,1
682624,Álex Gualda,24/25,2025,1,0.580815969736457,1,0
1010862,Rhani Abdennour,24/25,2025,0,0.5808131889961027,1,1
1062525,Álex Serradell,24/25,2025,1,0.5808084996511506,1,0
1051262,Gabriele Massaro,24/25,2025,0,0.5807926135096498,1,1
368635,Juancho Victoria,24/25,2025,1,0.5807464437873908,1,0
217918,Aleksandar Damcevski,24/25,2025,0,0.58066497946677,1,1
430764,Alberto Senese,24/25,2025,1,0.5806051428797296,1,0
205569,Mickaël Malsa,24/25,2025,1,0.5805614675933948,1,0
574769,Alejandro Santana Viniegra,24/25,2025,1,0.5805184788085787,1,0
930766,Giuseppe Mazzola,24/25,2025,1,0.5805046171077546,1,0
336325,Enrique Peña Zauner,24/25,2025,0,0.58050077402838,1,1
1262995,Chiemeka Azurunwa,24/25,2025,1,0.5804538572248823,1,0
386065,Giuseppe D'Iglio,24/25,2025,1,0.5804535239831252,1,0
389842,Matteo Pinton,24/25,2025,1,0.5804528692497366,1,0
445584,Koldo Obieta,24/25,2025,0,0.580451545981578,1,1
239584,Matteo Gerbaudo,24/25,2025,1,0.5803961069227368,1,0
783880,Rafa Diz,24/25,2025,1,0.5803815514359353,1,0
364380,Carlo Clemente,24/25,2025,1,0.5803712641481293,1,0
276025,Rubio,24/25,2025,1,0.5803610161214859,1,0
1284577,Alessandro Nardo,24/25,2025,0,0.5803573816872155,1,1
655723,Kyran Lofthouse,24/25,2025,1,0.580336881143594,1,0
492000,Nikola Gavric,24/25,2025,1,0.5802905250747022,1,0
1033847,Hugo López,24/25,2025,1,0.5802837750343897,1,0
345087,Fatjon Jusufi,24/25,2025,0,0.5802651873395873,1,1
805835,Rémy Vita,24/25,2025,1,0.5802429524265894,1,0
666918,Jordi Ortega,24/25,2025,1,0.5802371331657966,1,0
158080,Eneko Zabaleta,24/25,2025,0,0.5802156797229999,1,1
1060382,Daniele Kola,24/25,2025,1,0.5802055386178939,1,0
168550,Andrea Brighenti,24/25,2025,1,0.5802050077848009,1,0
329327,Matteo Buratto,24/25,2025,1,0.5802036797468618,1,0
1068110,Rabby Nzingoula,24/25,2025,0,0.5802026756287947,1,1
571743,Armando Broja,24/25,2025,1,0.5801580328436248,1,0
198300,Marco Moras,24/25,2025,0,0.580121269759128,1,1
1054924,Rubén Domínguez,24/25,2025,1,0.5801185506247927,1,0
487840,Andrea Viviani,24/25,2025,1,0.5800967128153782,1,0
421768,Alessandro Cortinovis,24/25,2025,0,0.580088122407626,1,1
1245283,Pablo Barea,24/25,2025,1,0.5800400311765932,1,0
568722,Jake Engerer,24/25,2025,0,0.5800012612460602,1,1
522954,Georgios Moustakopoulos,24/25,2025,1,0.5799959941693461,1,0
734898,Kevin Miranda,24/25,2025,1,0.5799885178216034,1,0
386331,Christos Rovas,24/25,2025,1,0.5799859053738342,1,0
1064412,Samu Almagro,24/25,2025,0,0.5799516275923486,1,1
1143097,Piet Scobel,24/25,2025,1,0.5799471551938677,1,0
534070,Nicholas Martini,24/25,2025,1,0.5799251815044104,1,0
454053,Daniele Trasciani,24/25,2025,1,0.5799068297153097,1,0
820659,Mattia Vitale,24/25,2025,1,0.579868817637719,1,0
1116074,Gabriele Federico,24/25,2025,1,0.5798463174788641,1,0
396172,Miki Muñoz,24/25,2025,0,0.5798399612169541,1,1
1193362,Andrea Esposito,24/25,2025,0,0.5798094014341083,1,1
303182,Nazareno Battista,24/25,2025,0,0.5797614458931474,1,1
866082,Danilo Al-Saed,24/25,2025,1,0.579733855539879,1,0
396949,Massimiliano Montuori,24/25,2025,1,0.5797233390855636,1,0
536451,Andrea Silipo,24/25,2025,0,0.5797144990978436,1,1
120917,Sean Parker,24/25,2025,0,0.5796844400934391,1,1
293228,Dario Saric,24/25,2025,1,0.5796780176243286,1,0
631015,Jakov Katusa,24/25,2025,1,0.579641242227488,1,0
721526,Calal Hüseynov,24/25,2025,0,0.5796006874500869,1,1
359216,Richárd Nagy,24/25,2025,1,0.5795905310677341,1,0
542697,Rasmus Carstensen,24/25,2025,1,0.5795816781387287,1,0
1050889,Alessandro Boi,24/25,2025,0,0.5795759950239371,1,1
312317,Logan Rogerson,24/25,2025,0,0.5795612233206282,1,1
371607,Benito Cataldi,24/25,2025,0,0.5794648233812814,1,1
667997,Bilal Ouacharaf,24/25,2025,1,0.579452534234976,1,0
1332569,Luigi De Simone,24/25,2025,1,0.5794392656788682,1,0
960001,Álvaro Martínez,24/25,2025,1,0.5794347709060071,1,0
1229922,Facundo Alarcón,24/25,2025,1,0.5793714491839868,1,0
951316,Iker Balda,24/25,2025,1,0.5793593943585648,1,0
719723,Juan Aspra,24/25,2025,0,0.5793395784236776,1,1
676277,Pietro Bruni,24/25,2025,1,0.5793155734193658,1,0
817127,Angelo Panarello,24/25,2025,1,0.579305105865168,1,0
1065442,Iñigo Arguibide,24/25,2025,0,0.5793011300319156,1,1
926766,Johaneko Louis-Jean,24/25,2025,0,0.5792584242972485,1,1
892421,Alex Quevedo,24/25,2025,0,0.5792340147357652,1,1
1036533,Matteo Cabella,24/25,2025,0,0.5791520507830531,1,1
168452,Gabriele Zerbo,24/25,2025,1,0.5791433149000637,1,0
392313,Francesco Posocco,24/25,2025,1,0.5791298071969608,1,0
522990,Leonardo Mannella,24/25,2025,0,0.5791262148172531,1,1
394345,Mohamed Rabbas,24/25,2025,1,0.5790919884272097,1,0
433257,Arvin Appiah,24/25,2025,1,0.5790662750970035,1,0
345343,James McGarry,24/25,2025,1,0.5790487220140101,1,0
286413,Mario León,24/25,2025,0,0.5790447201883723,1,1
1189292,Ander Izagirre,24/25,2025,0,0.5790330765691009,1,1
905013,Chilohem Onuoha,24/25,2025,0,0.5790327570184132,1,1
512365,José Ortega,24/25,2025,0,0.5790304751262849,1,1
503002,Samuele Bonaccorsi,24/25,2025,1,0.5789935180216111,1,0
707273,Brais Val,24/25,2025,1,0.5789513730845797,1,0
396638,Manor Solomon,24/25,2025,1,0.5789433422341611,1,0
354164,Mario Gómez,24/25,2025,1,0.5788753173360435,1,0
1237768,Ignacio Casari,24/25,2025,1,0.5788464301817235,1,0
659705,Paulo Victor,24/25,2025,0,0.5788241593944803,1,1
579304,Emmanuel Attipoe,24/25,2025,1,0.5788218316230492,1,0
1129454,Karlo Grgic,24/25,2025,0,0.5788069877883589,1,1
1101300,Capi,24/25,2025,1,0.5788042776231241,1,0
294534,Janni Serra,24/25,2025,0,0.5787997140003596,1,1
455922,Jan Olschowsky,24/25,2025,0,0.5787985860666068,1,1
449019,Louis Appéré,24/25,2025,1,0.5787364629651026,1,0
893304,Xavi Bauzà,24/25,2025,0,0.5787320091402306,1,1
1185957,Federico Tuveri,24/25,2025,1,0.57870697501592,1,0
383630,Stavros Panagiotou,24/25,2025,1,0.5786822964112895,1,0
481009,Teddy Sutherland,24/25,2025,1,0.5786348121287553,1,0
602549,Elydjah Mendy,24/25,2025,1,0.5785647785901965,1,0
199303,Paolo Valagussa,24/25,2025,1,0.5785464955934441,1,0
1196322,Riccardo Pasquetto,24/25,2025,0,0.5785405370633439,1,1
818703,Elia Tantalocchi,24/25,2025,1,0.5785095480778947,1,0
938179,Luca Gramignoli,24/25,2025,1,0.5784972929397006,1,0
741833,Ángel Cano,24/25,2025,1,0.5784919753306501,1,0
336041,Victor Mena,24/25,2025,1,0.5784323084592743,1,0
199199,Bryan Gioè,24/25,2025,1,0.5784239086849918,1,0
929573,Joel Silva,24/25,2025,1,0.5784101376699213,1,0
429881,Federico Simonti,24/25,2025,1,0.5783860216307422,1,0
741287,Diego Rosado,24/25,2025,1,0.5783631925032023,1,0
935229,Marvel,24/25,2025,1,0.578325717779014,1,0
930377,Omar Sillah,24/25,2025,1,0.5782758321850427,1,0
232376,Lucas Cueto,24/25,2025,1,0.5782385751568444,1,0
427376,Eric Biasiol,24/25,2025,1,0.5782353486875897,1,0
561702,Gaizka Ayesa,24/25,2025,0,0.578178389105978,1,1
901082,Faisal Al-Ghamdi,24/25,2025,0,0.5781738204799362,1,1
401384,Nicola Nanni,24/25,2025,1,0.5781381013119626,1,0
949472,Fabricio,24/25,2025,1,0.5781294229164128,1,0
636693,David Navarro,24/25,2025,0,0.5780877923581101,1,1
357150,Jójó,24/25,2025,1,0.5780567178915849,1,0
395888,Nicola Andreoli,24/25,2025,1,0.5780537496161742,1,0
618808,Diego Espejo,24/25,2025,0,0.578042209320519,1,1
352425,Witiness Quembo,24/25,2025,1,0.5780304551201156,1,0
990731,Hakim Sahabo,24/25,2025,0,0.5780001559625104,1,1
610335,Iván Jaime,24/25,2025,1,0.5779944589594346,1,0
1283847,Mattia Panzera,24/25,2025,1,0.5779792548751785,1,0
717205,Martin Sorakov,24/25,2025,1,0.5779517362810144,1,0
719926,Áron Csongvai,24/25,2025,0,0.5779138059667752,1,1
665525,Jayson Papeau,24/25,2025,1,0.5779057645069421,1,0
1014054,Andrea Melani,24/25,2025,1,0.5779054166654818,1,0
552437,Mohammed Amine Chakir,24/25,2025,1,0.5779045255530593,1,0
389844,Marco Hoxha,24/25,2025,0,0.5779036876303238,1,1
344595,Aurélien Nguiamba,24/25,2025,1,0.5778883653606479,1,0
694674,Christian Farini,24/25,2025,1,0.5778705548910391,1,0
255744,Samir Caetano,24/25,2025,1,0.5778632147888865,1,0
509492,Jagoba Zárraga,24/25,2025,1,0.5778481992738248,1,0
1258840,Asier Larrión,24/25,2025,1,0.5778478482683401,1,0
796236,Zalán Debreceni,24/25,2025,1,0.5778359236725874,1,0
145303,Mirko Giacobbe,24/25,2025,0,0.5777882583075985,1,1
655893,Ravil Tagir,24/25,2025,0,0.5777810681606864,1,1
549034,Rafa Rodrigues,24/25,2025,1,0.5777795453266062,1,0
777150,Zakaria Fdaouch,24/25,2025,0,0.5777765246061053,1,1
446188,Rodrigo Escudero,24/25,2025,1,0.5777753652439522,1,0
632921,Mario Riquelme,24/25,2025,0,0.5777536494572445,1,1
343353,Mathieu Coquin,24/25,2025,1,0.5777529306326032,1,0
920193,Babucarr Boye,24/25,2025,1,0.5777465951282107,1,0
935228,Dani Vicente,24/25,2025,1,0.5776850307643377,1,0
483104,Soufiane Lagzir,24/25,2025,1,0.5776666620531297,1,0
381792,Maicol Origlio,24/25,2025,0,0.57766159088829,1,1
559130,Harrison Ashby,24/25,2025,0,0.5776394407870771,1,1
852517,Shaq Forde,24/25,2025,0,0.5775685288324494,1,1
874017,Kylian Kouassi,24/25,2025,1,0.5775626662213983,1,0
457251,Gabriele Ingrosso,24/25,2025,1,0.5775549907653762,1,0
457973,Agustín Coscia,24/25,2025,1,0.5775481328353257,1,0
397321,Paolo Lomasto,24/25,2025,1,0.5775323282275244,1,0
99924,Tano Bonnín,24/25,2025,1,0.5775317407461564,1,0
490616,Sergio Nieto,24/25,2025,1,0.5774701580923608,1,0
582949,Vangelis Nikokyrakis,24/25,2025,1,0.5774603866444362,1,0
522664,Diego Ruiz,24/25,2025,1,0.577459814443721,1,0
842764,Moudjatovic,24/25,2025,0,0.5774320364285811,1,1
455610,Thomas Erman,24/25,2025,1,0.5774262996050454,1,0
616133,Mattia Tordini,24/25,2025,0,0.5773643805305065,1,1
490651,Gerardo Bonet,24/25,2025,0,0.5773578239158549,1,1
381950,Alexis Saelemaekers,24/25,2025,0,0.5773507339608,1,1
396125,José Carlos Márquez,24/25,2025,1,0.5773379562626405,1,0
813057,Lorenzo Busato,24/25,2025,1,0.5773235601916655,1,0
129991,Bart Vriends,24/25,2025,0,0.5773204494056365,1,1
527813,Robin Bird,24/25,2025,0,0.5772874236020956,1,1
661135,Martín Bellotti,24/25,2025,1,0.5772607084203875,1,0
634290,Abraham Bahachille,24/25,2025,1,0.5772361141109331,1,0
725677,Fritz Schröder,24/25,2025,0,0.5772356857713213,1,1
538569,Tommaso Milanese,24/25,2025,1,0.5772335294814652,1,0
875294,Konstantinos Goumas,24/25,2025,1,0.5772178079055652,1,0
394346,Emanuel Vignato,24/25,2025,1,0.5771935853046148,1,0
265967,Salvatore Aloi,24/25,2025,1,0.5771911444715818,1,0
271092,Eduardo Loscos,24/25,2025,1,0.5771896518360287,1,0
256682,Filippo Boccardi,24/25,2025,1,0.5771468617637981,1,0
390691,Adri Pérez,24/25,2025,1,0.5771352236115925,1,0
273130,Federico Gino,24/25,2025,1,0.5771166755187888,1,0
71273,Stefan Scepovic,24/25,2025,0,0.577104619037915,1,1
584546,Rodri Hernando,24/25,2025,0,0.5770702279533976,1,1
355566,Barış Alıcı,24/25,2025,1,0.5770547565988604,1,0
670859,Antwoine Hackford,24/25,2025,1,0.5770384019518078,1,0
381524,Jaume Pol,24/25,2025,0,0.5770229783893238,1,1
970633,Unai Hernández,24/25,2025,1,0.5770173457554939,1,0
522669,Georgios Manousakis,24/25,2025,1,0.5769721927589329,1,0
315850,Marco Tumminello,24/25,2025,1,0.5769370206604099,1,0
520695,Pepe Bernal,24/25,2025,1,0.5768959512721633,1,0
344508,Remzifaik Selmani,24/25,2025,1,0.5768836994044735,1,0
239972,Jonas Carls,24/25,2025,1,0.5768712128157695,1,0
315871,Federico Valietti,24/25,2025,1,0.5768175139936321,1,0
921492,Chadi Ramadan,24/25,2025,1,0.5768107329338935,1,0
359210,Alfa Semedo,24/25,2025,1,0.576794535096288,1,0
580801,Layton Stewart,24/25,2025,1,0.5767731501237428,1,0
619490,Gregorio Zanella,24/25,2025,1,0.5767569476418909,1,0
945759,Fran Tafalla,24/25,2025,1,0.5767529038650926,1,0
960024,Gabriele Fresia,24/25,2025,1,0.5767272859526044,1,0
897023,Joel Thompson,24/25,2025,1,0.5766465685270373,1,0
1056743,Milos Milicevic,24/25,2025,0,0.5766403342580876,1,1
938452,Claudio Cristallo,24/25,2025,1,0.5766314910424615,1,0
350347,Michael Woud,24/25,2025,0,0.5766295703343474,1,1
511551,Joe Anderson,24/25,2025,0,0.5766065682656625,1,1
392538,Tommaso Pobega,24/25,2025,1,0.5765925358255424,1,0
930791,Filippo Cecchini,24/25,2025,1,0.5765683852755147,1,0
385906,Kevin Varga,24/25,2025,1,0.5765620883623382,1,0
577738,Raffaele Fabiano,24/25,2025,1,0.5765381056406639,1,0
417575,Uros Racic,24/25,2025,1,0.5765053920420542,1,0
648906,Zoltán Vasvári,24/25,2025,0,0.5764988243292473,1,1
439828,Cristian Pădurariu,24/25,2025,0,0.5764962379649257,1,1
997478,Othniël Raterink,24/25,2025,1,0.576494344770713,1,0
358011,Giorgio Losa,24/25,2025,0,0.5764597393213923,1,1
1018922,Òscar Masqué,24/25,2025,0,0.5764460414484389,1,1
514280,Pepijn Doesburg,24/25,2025,0,0.5764374202384724,1,1
512061,Cristian Fernández,24/25,2025,0,0.5764327381551467,1,1
933516,Nicolò Dal Lago,24/25,2025,0,0.5764082058187758,1,1
961948,Marcos Fernández,24/25,2025,1,0.5763901356187228,1,0
504398,Sergio Montero,24/25,2025,1,0.5763114247400514,1,0
510229,Jordi Cano,24/25,2025,0,0.5762564944694013,1,1
670362,Esmeraldo Kondaj,24/25,2025,1,0.5762495553139211,1,0
905015,Jon de Luis,24/25,2025,0,0.576208333042367,1,1
744728,Arijon Ibrahimovic,24/25,2025,1,0.5762005249672931,1,0
635346,Diego Moreno,24/25,2025,1,0.5761726955718462,1,0
415646,Bruno Jordão,24/25,2025,1,0.576170299327221,1,0
160374,Riccardo Galli,24/25,2025,0,0.576159252546926,1,1
667049,Amer Mehić,24/25,2025,1,0.5761475550182469,1,0
417516,Francesco Gobbi,24/25,2025,0,0.5761390305900391,1,1
700789,Nor Maviram,24/25,2025,0,0.5760973836116523,1,1
617646,Crocefisso Cancelli,24/25,2025,1,0.576050297233265,1,0
724783,Tawanda Chirewa,24/25,2025,0,0.5760500894093492,1,1
247377,Kevin Bonifazi,24/25,2025,0,0.5760268292035041,1,1
406912,Gabriele Bellodi,24/25,2025,0,0.5759817494474588,1,1
709241,Thierno Barry,24/25,2025,1,0.5759680346582801,1,0
1055225,Arthur Inaka,24/25,2025,1,0.5759417986709836,1,0
360412,Jordy Caicedo,24/25,2025,1,0.5759264015596451,1,0
460015,Kevin Buonavoglia,24/25,2025,1,0.5759262017648578,1,0
99296,Sema Velázquez,24/25,2025,1,0.5759120135373312,1,0
254985,Taulant Seferi,24/25,2025,0,0.5759069254841014,1,1
461727,Francesco Palermo,24/25,2025,1,0.5758916633881785,1,0
536112,Luca Manca,24/25,2025,0,0.5758411127496893,1,1
920041,Emmanuel Elekwa,24/25,2025,1,0.5758366041748688,1,0
812625,Agustín Álvarez,24/25,2025,1,0.5758240872043343,1,0
500298,Antonio Figliola,24/25,2025,1,0.575823048682659,1,0
450790,Benny,24/25,2025,0,0.5758216202157894,1,1
395870,Francesco Verde,24/25,2025,1,0.5757973137065473,1,0
319231,Claudiu Micovschi,24/25,2025,0,0.5757749572251749,1,1
441220,Mamadou Diallo,24/25,2025,1,0.5757395572307983,1,0
331838,Lorenzo Polvani,24/25,2025,0,0.575726498537525,1,1
525891,Jannick Buyla,24/25,2025,1,0.5757077988879741,1,0
946256,Nil Ruiz,24/25,2025,0,0.5756906715128862,1,1
1099721,Mamadou Sané,24/25,2025,0,0.5756687404959802,1,1
935420,Andrea Toma,24/25,2025,1,0.5756518227932415,1,0
551233,Álvaro Mayorga,24/25,2025,1,0.5756512546256535,1,0
710591,Athanasios Papadakos,24/25,2025,1,0.5756343340013685,1,0
196050,Jeremias Lorch,24/25,2025,1,0.5756296731551563,1,0
1109812,Boston Billups,24/25,2025,1,0.5756269119564142,1,0
331501,Erick Ferigra,24/25,2025,1,0.5756171756418915,1,0
262047,Almir Aganspahic,24/25,2025,0,0.5755777020616232,1,1
550934,Amador Zarco,24/25,2025,0,0.5755728836806729,1,1
520626,Gabriel Furtado,24/25,2025,1,0.5755197859710008,1,0
377387,Sergio Córdova,24/25,2025,1,0.5755128242297961,1,0
1191677,András Perczel,24/25,2025,1,0.5755031784942078,1,0
731214,Diego Nieves,24/25,2025,0,0.5754943636563536,1,1
692739,Miraç Asıltekin,24/25,2025,1,0.5754463726781764,1,0
635808,Georgios Stamoulis,24/25,2025,1,0.5754452618959747,1,0
661369,Mateusz Chmarek,24/25,2025,1,0.5753972848723602,1,0
280700,Yohan Boli,24/25,2025,1,0.5753613621982101,1,0
552547,Lucas Poletto,24/25,2025,1,0.5753456963295215,1,0
786827,Marius Wörl,24/25,2025,1,0.5753248236064769,1,0
1228715,Samu Rodríguez,24/25,2025,0,0.5752888514520059,1,1
1049833,Simone Mascheroni,24/25,2025,1,0.5752848116481556,1,0
130484,Marco Cuomo,24/25,2025,0,0.575268002091879,1,1
288690,Manprit Sarkaria,24/25,2025,1,0.575249046874043,1,0
197898,Edoardo Lancini,24/25,2025,1,0.5752321457512742,1,0
971775,Kikín,24/25,2025,0,0.5752261328398862,1,1
840426,João Lima,24/25,2025,1,0.5752123446044043,1,0
363610,Georgi Tunjov,24/25,2025,1,0.575180940357863,1,0
166680,Pol Roigé,24/25,2025,1,0.5751329120387805,1,0
1061281,Carlos Reina,24/25,2025,0,0.5750618657736307,1,1
610901,Cristiano Podestà,24/25,2025,1,0.5750509176036946,1,0
542716,Mario Corcione,24/25,2025,1,0.574988509258909,1,0
404959,Gabriele Fabbian,24/25,2025,0,0.574969639218275,1,1
918414,Paris Brunner,24/25,2025,0,0.574961873048614,1,1
1214320,Sydney Osazuwa,24/25,2025,0,0.5749352057916277,1,1
834488,Aimar Duñabeitia,24/25,2025,0,0.5749226271284033,1,1
389578,Thomas Bolis,24/25,2025,0,0.5748958998820567,1,1
505673,Víctor Mollejo,24/25,2025,1,0.5748762896426912,1,0
803377,Fromsa,24/25,2025,1,0.5748733545952348,1,0
549758,Jurguens Montenegro,24/25,2025,1,0.5748723642225879,1,0
530298,Christian Conteh,24/25,2025,0,0.5748479430930542,1,1
392060,Alessandro Raimo,24/25,2025,0,0.5748445047791969,1,1
629718,Akileu Ndreca,24/25,2025,1,0.5748442919918804,1,0
896352,Anas Alaoui,24/25,2025,1,0.574840452053157,1,0
536511,Gobé Gouano,24/25,2025,1,0.5748310792812387,1,0
707554,Fabio Lymann,24/25,2025,0,0.5748073079845647,1,1
614508,Adilson Silva,24/25,2025,1,0.5747821337861115,1,0
289156,Julius Szöke,24/25,2025,1,0.5747561369413237,1,0
446211,Morros,24/25,2025,1,0.5747421347852825,1,0
278343,Felix Uduokhai,24/25,2025,1,0.5747367156176405,1,0
1056223,Andreas Chatzinikolaou,24/25,2025,0,0.574734486649369,1,1
821124,Nicola Anelli,24/25,2025,1,0.574711975542309,1,0
568484,Andrea Romano,24/25,2025,0,0.5746623887323524,1,1
366883,Daniel Tetour,24/25,2025,1,0.5746600369650925,1,0
891439,Javier Duce,24/25,2025,0,0.5746528145893116,1,1
936508,Federico Demo,24/25,2025,0,0.5746412747167879,1,1
215649,Mirko Marić,24/25,2025,0,0.5746298929409787,1,1
249459,Tarsi Aguado,24/25,2025,1,0.5745898466213786,1,0
325802,Fernando Andrada,24/25,2025,1,0.5745507762786253,1,0
783437,İshak Karaoğul,24/25,2025,1,0.5745474580608981,1,0
320259,Sito Pascual,24/25,2025,0,0.5745373700380217,1,1
536341,Diego Stramaccioni,24/25,2025,1,0.5744971554724763,1,0
1186670,Riccardo Yanovskyi,24/25,2025,1,0.574458212699933,1,0
1106258,Jorge Oreiro,24/25,2025,0,0.5744571167179533,1,1
371142,Myziane Maolida,24/25,2025,0,0.5744412256030816,1,1
918855,Mike Manegold,24/25,2025,1,0.574429400611135,1,0
470807,Alessio Calisto,24/25,2025,1,0.5744069530721926,1,0
399336,Vincenzo Garofalo,24/25,2025,1,0.5744053559436094,1,0
1150430,Davide Sesti,24/25,2025,1,0.57440226764239,1,0
625884,Julio Martínez,24/25,2025,0,0.5743821992961775,1,1
395091,Giordano Trovade,24/25,2025,0,0.5743763046628305,1,1
1066452,Mattia Mascella,24/25,2025,0,0.5743703769743974,1,1
1083228,Davide Ruffato,24/25,2025,1,0.5743687730435239,1,0
965726,Armengol Portoles,24/25,2025,1,0.5743568831216485,1,0
1230033,Edmond Lenghel,24/25,2025,1,0.574356732198664,1,0
62379,Cristian Pasquato,24/25,2025,0,0.5743309213984421,1,1
159847,Francesco Galuppini,24/25,2025,0,0.5743031367491731,1,1
651335,Kanto Fitiavana Voahariniaina,24/25,2025,0,0.5742924296730436,1,1
129129,João Pedro,24/25,2025,1,0.5742818367237429,1,0
1120845,Topo,24/25,2025,1,0.5742746137623534,1,0
294791,Chris Bedia,24/25,2025,0,0.5742735184774923,1,1
421870,Michael Ntube,24/25,2025,0,0.5742037674176116,1,1
598571,Yusuf Örnek,24/25,2025,1,0.5741830256907182,1,0
358008,Gianluca Gaetano,24/25,2025,1,0.5741670961938568,1,0
959106,Weslley Patati,24/25,2025,1,0.5741472325545282,1,0
375299,Samuele Guddo,24/25,2025,1,0.5741448659062695,1,0
727129,Ayoub Assal,24/25,2025,0,0.5740889854589454,1,1
396645,Goni Naor,24/25,2025,0,0.5740844122746428,1,1
1326570,Matteo Zenoni,24/25,2025,1,0.5740452364828715,1,0
710672,Xabi Irurita,24/25,2025,0,0.5740309598551763,1,1
465255,Tommaso Gentile,24/25,2025,1,0.574008054207499,1,0
575498,Rave Assayag,24/25,2025,1,0.5739861492069647,1,0
678783,Yevgen Pidlepenets,24/25,2025,1,0.5739750436863321,1,0
707350,Max Scholze,24/25,2025,1,0.5739624044914978,1,0
1180339,Francesco Esposito,24/25,2025,1,0.573908674306769,1,0
508762,Darius Ghindovean,24/25,2025,1,0.573851682558583,1,0
529826,Emanuele Cigagna,24/25,2025,0,0.5738497561354265,1,1
450382,Rubén Morillas,24/25,2025,0,0.5738270278431746,1,1
459652,Filippo Austoni,24/25,2025,0,0.5737504015424868,1,1
919874,Lyubomir Vasilev,24/25,2025,0,0.5737398640174601,1,1
708534,Alejandro Jay,24/25,2025,1,0.5737346748932914,1,0
329517,Georgios Masouras,24/25,2025,1,0.5737208294074695,1,0
610411,Stephen Buer,24/25,2025,1,0.573716291357876,1,0
802663,Samuele Rosini,24/25,2025,1,0.5737153740054236,1,0
984708,Siren Diao,24/25,2025,1,0.5736798988129671,1,0
352597,Lado Mokhevishvili,24/25,2025,1,0.5736364617169718,1,0
482204,Callan Elliot,24/25,2025,0,0.573632053419387,1,1
410075,Danilo Greco,24/25,2025,1,0.5736237178012633,1,0
710275,Benji Núñez,24/25,2025,1,0.5736234591792361,1,0
366653,Manu Ramírez,24/25,2025,0,0.5736207123424044,1,1
311328,Nicholas Bensaja,24/25,2025,0,0.5735925089651269,1,1
778847,Alberto Trapero,24/25,2025,1,0.5735711049568728,1,0
1057318,Samuele Giallombardo,24/25,2025,0,0.5735225496773387,1,1
1020226,Luka Callø,24/25,2025,1,0.5735173360493259,1,0
377298,Guillem Castell,24/25,2025,0,0.5735066611415168,1,1
945500,Rayane Belaid,24/25,2025,0,0.5734769515873646,1,1
594273,Jeremy Antonisse,24/25,2025,1,0.5734718674363141,1,0
694512,Hisham Layous,24/25,2025,1,0.5734655615068629,1,0
446457,Miguel Ángel Martínez,24/25,2025,1,0.5734589633109465,1,0
877211,Success Edogun,24/25,2025,0,0.5734473984203989,1,1
907633,Giorgio Citterio,24/25,2025,0,0.5733596938419144,1,1
718579,Iván Martínez,24/25,2025,0,0.5733577745814533,1,1
465555,Djordje Petrovic,24/25,2025,1,0.5733250350428521,1,0
456165,Kleto Gjura,24/25,2025,0,0.57330058833037,1,1
724437,Kaleb Jiménez,24/25,2025,0,0.5732953764631341,1,1
1064543,Nordin Al Lal,24/25,2025,0,0.5732282085999192,1,1
938722,Oier Gastesi,24/25,2025,1,0.5731958966117056,1,0
1040480,Lorenzo Pasquale,24/25,2025,0,0.5731957751388086,1,1
577260,Facundo Batista,24/25,2025,1,0.57311659517167,1,0
384761,Leonardo Sequeira,24/25,2025,0,0.573116148846966,1,1
875344,Leo Di Martino,24/25,2025,1,0.5730975838821607,1,0
609648,Petros Bagalianis,24/25,2025,0,0.5730906429690639,1,1
888136,Karim Cardoni,24/25,2025,0,0.5730896469643796,1,1
995011,Jeremias Nunez,24/25,2025,1,0.573087099136496,1,0
198418,Dimitar Evtimov,24/25,2025,1,0.573085609289894,1,0
1145118,El Hadji Macoumba Gningue,24/25,2025,0,0.5730538156774658,1,1
396116,Miguel Ángel Cera,24/25,2025,0,0.5730320209131641,1,1
636147,Marcos Bustillo,24/25,2025,1,0.5729688950710963,1,0
941080,Jon García,24/25,2025,0,0.5729589544686883,1,1
461625,Alberto Salido,24/25,2025,0,0.5729421767897711,1,1
625043,Oier López,24/25,2025,0,0.5729390101778705,1,1
421343,Fabio Gonella,24/25,2025,1,0.5729204445534722,1,0
636737,Savio Piarulli,24/25,2025,1,0.5728892335487452,1,0
658244,Luigi Samele,24/25,2025,0,0.5728734319709058,1,1
740191,Kevin Doukoure,24/25,2025,0,0.5728547616792196,1,1
124911,Karim Laribi,24/25,2025,0,0.5728352837750655,1,1
818088,Leandro Godoy,24/25,2025,1,0.5728335025505923,1,0
537270,Louie Sibley,24/25,2025,0,0.5727946714631772,1,1
573403,Bogdan Mandic,24/25,2025,1,0.5727937084385798,1,0
564305,Michel Adopo,24/25,2025,1,0.5727865478821689,1,0
663940,Riccardo Tomella,24/25,2025,0,0.5727825441947234,1,1
386829,Edoardo Bovolon,24/25,2025,1,0.5727807414970838,1,0
286276,Alfredo Bifulco,24/25,2025,0,0.5727679434789834,1,1
286005,Julien Ngoy,24/25,2025,1,0.572756997805696,1,0
285591,Luca Guadalupi,24/25,2025,1,0.5727471624741538,1,0
249121,Noah Sonko Sundberg,24/25,2025,1,0.5727411683619956,1,0
441287,Mateo García,24/25,2025,0,0.5727156099862424,1,1
194067,Moustapha,24/25,2025,0,0.5726986583411317,1,1
454292,Dean Liço,24/25,2025,0,0.5726899373964068,1,1
800611,Jonathan Pitou,24/25,2025,1,0.5726821774739845,1,0
810791,Ritchy Valmé,24/25,2025,0,0.5726469155647117,1,1
851220,Amine Sbaï,24/25,2025,0,0.5726372613007811,1,1
120347,Andrea Sala,24/25,2025,0,0.5726367485449732,1,1
1256478,Lorougnon Gohi,24/25,2025,1,0.5726250077667416,1,0
466799,Antonio Sola,24/25,2025,1,0.5726106391054357,1,0
395236,Yacine Adli,24/25,2025,1,0.5726078416471425,1,0
794349,Julien Le Cardinal,24/25,2025,0,0.5725711385521056,1,1
60541,Guillaume Gigliotti,24/25,2025,1,0.5725476082363571,1,0
141654,Michele Fornasier,24/25,2025,0,0.5725312780187998,1,1
936509,Daniel Tarko,24/25,2025,0,0.5725287256525061,1,1
459009,Patrick Pasha,24/25,2025,1,0.5725129008562091,1,0
401064,Alessandro Rossi,24/25,2025,1,0.5724787894051919,1,0
713907,Iván Rubio,24/25,2025,0,0.5724626738108851,1,1
571601,Federico Moraschi,24/25,2025,1,0.572447233254128,1,0
266203,Makis Giannikoglou,24/25,2025,1,0.5723934852537667,1,0
1048081,Massimo Zappa,24/25,2025,1,0.5723929705436419,1,0
863522,Diego Negro,24/25,2025,1,0.5723849106501657,1,0
334952,Luca Gelonese,24/25,2025,1,0.572368737343082,1,0
714612,Dilhan Demir,24/25,2025,1,0.5723550848720078,1,0
65302,Pau Torres,24/25,2025,0,0.5723238617484218,1,1
998104,Gergely Kocsis,24/25,2025,1,0.5723190927992691,1,0
1057054,Riccardo Barbana,24/25,2025,1,0.5723115578143505,1,0
253238,Toni Arranz,24/25,2025,1,0.5723039546229465,1,0
1094885,Otávio,24/25,2025,1,0.5721951599596603,1,0
1174733,Emiliano Bugari,24/25,2025,1,0.572192788214002,1,0
1053207,Curro Domínguez,24/25,2025,1,0.5721375435125217,1,0
858886,Georgios Charalampoglou,24/25,2025,1,0.5721138238566553,1,0
832977,Juan Cruz Guasone,24/25,2025,0,0.5720548133832953,1,1
942415,Niccolò Stacchiotti,24/25,2025,1,0.5720489013669177,1,0
526026,Felix Holzhacker,24/25,2025,0,0.5720411804654548,1,1
396115,Eliseo Falcón,24/25,2025,1,0.5720249736288904,1,0
877594,Luca Maini,24/25,2025,1,0.5720205853669789,1,0
1050787,Lorenzo Lischetti,24/25,2025,1,0.5720016505219012,1,0
584452,Nikolaos Michelis,24/25,2025,0,0.5719965508335842,1,1
654415,Alan Virginius,24/25,2025,1,0.5719921053397059,1,0
440737,Nemanja Tosic,24/25,2025,0,0.5719829605294319,1,1
731467,Simone Giorgeschi,24/25,2025,1,0.5719788928889324,1,0
1162378,Ousmane Gueye,24/25,2025,1,0.5719720968049165,1,0
636414,Jorge Sarmiento,24/25,2025,1,0.571963538170375,1,0
93557,Ulrich Taffertshofer,24/25,2025,0,0.5719505688193289,1,1
1233176,Cedric Gnazale,24/25,2025,0,0.5719314166973805,1,1
125614,Sargis Adamyan,24/25,2025,0,0.5719214056385648,1,1
877759,Kian Corbally,24/25,2025,0,0.5719184524673094,1,1
817275,Filippo Mozzo,24/25,2025,0,0.5718754918890623,1,1
346855,Matteo Meisl,24/25,2025,1,0.5718551008661744,1,0
412959,Marouan Azarkan,24/25,2025,0,0.5718222895502337,1,1
158118,Tarkan Serbest,24/25,2025,0,0.571819965476082,1,1
818538,Francesco Sena,24/25,2025,0,0.571815164261831,1,1
75327,Marco Calderoni,24/25,2025,0,0.5717968505050582,1,1
558727,Muhammed Gümüşkaya,24/25,2025,1,0.5717664719955561,1,0
687560,Tom Hendriks,24/25,2025,1,0.5717611636722016,1,0
706017,Riccardo Sganzerla,24/25,2025,0,0.5717166849619019,1,1
379224,Kevin Presa,24/25,2025,1,0.5717063467132765,1,0
459988,Gennaro Borrelli,24/25,2025,1,0.5716830077502382,1,0
847436,Igor Strzałek,24/25,2025,0,0.5716483600307416,1,1
575693,Ibrahim Cissoko,24/25,2025,1,0.5716430069907141,1,0
282076,Ianis Hagi,24/25,2025,1,0.5716273914347955,1,0
1015624,Óscar Perea,24/25,2025,1,0.5715933343198581,1,0
983196,Gaston Semenzin,24/25,2025,1,0.5715645534627843,1,0
71570,Iago Herrerín,24/25,2025,1,0.5715555881236646,1,0
355397,Víctor Pastrana,24/25,2025,1,0.5715123203124748,1,0
245157,Borja Martínez,24/25,2025,1,0.5714923664983548,1,0
628052,Martin Petkov,24/25,2025,1,0.5714739438346834,1,0
1062862,Ephraim Yeboah,24/25,2025,1,0.571457821978223,1,0
672881,Paolo Coly,24/25,2025,1,0.5714077324834915,1,0
668177,Javi Serrano,24/25,2025,0,0.5714051024223157,1,1
386104,Emir Terzi,24/25,2025,1,0.5713974149726049,1,0
540876,Promise Omochere,24/25,2025,0,0.571389573983878,1,1
260543,Nemanja Nikolic,24/25,2025,1,0.5713839554882075,1,0
1209287,Jano Monserrate,24/25,2025,0,0.5713803137083366,1,1
905949,Massil Adjaoudi,24/25,2025,0,0.5713342547611394,1,1
369908,Giuseppe Lauria,24/25,2025,1,0.5713299503316983,1,0
89368,Borja García,24/25,2025,0,0.5712585393655157,1,1
587688,Zdravko Dimitrov,24/25,2025,0,0.571252419795117,1,1
875511,Paulo Victor,24/25,2025,1,0.5712296714275841,1,0
708624,Andrea Quarena,24/25,2025,0,0.5712030417953217,1,1
397677,Niko Bretschneider,24/25,2025,1,0.571165893206844,1,0
320826,Ayodele Adetula,24/25,2025,1,0.5711155026728711,1,0
742411,Eddy Lanzi,24/25,2025,1,0.571104204097307,1,0
195704,Alexandros Kartalis,24/25,2025,0,0.5710955581093344,1,1
324819,Maxime Bernauer,24/25,2025,1,0.5710174743495584,1,0
1000630,Pablo López,24/25,2025,1,0.5710053375930283,1,0
659420,Mattia Motolese,24/25,2025,1,0.5710026673763755,1,0
204180,Atabey Çiçek,24/25,2025,0,0.570979649440186,1,1
606552,Marco Rienhardt,24/25,2025,1,0.5708751411335485,1,0
646735,Aitor Gismera,24/25,2025,1,0.5707730985999762,1,0
555018,Lucas Araújo,24/25,2025,1,0.5707681375802565,1,0
506855,Cyrill Akono,24/25,2025,0,0.5707452978119957,1,1
336731,Nacho Gil,24/25,2025,1,0.5707371971737174,1,0
321895,Youssouf Dao,24/25,2025,0,0.5707179270096425,1,1
613765,Gianmarco Antonacci,24/25,2025,1,0.5707138486302091,1,0
785266,Joserra de Diego,24/25,2025,0,0.5706923132278475,1,1
730265,Rodrigo Piloto,24/25,2025,0,0.5706652591361034,1,1
876519,Sofyan Cola,24/25,2025,1,0.5705935966738417,1,0
718032,Stephane Keller,24/25,2025,1,0.570587633411627,1,0
537458,Joan Rojas,24/25,2025,0,0.57057789887971,1,1
280044,Luca Zanon,24/25,2025,1,0.5705243985183422,1,0
535545,Jacopo Nelli,24/25,2025,1,0.5705243031148347,1,0
331376,Werick Caetano,24/25,2025,1,0.5704860675069323,1,0
818376,Federico Ruggeri,24/25,2025,0,0.5704841948014288,1,1
616634,Andrea Mallamo,24/25,2025,1,0.5704652581859986,1,0
592925,András Huszti,24/25,2025,1,0.5704520702720393,1,0
638589,Ángel Algobia,24/25,2025,1,0.5704153774520785,1,0
824082,Alessandro Contessi,24/25,2025,1,0.5704052615483255,1,0
567492,Konstantinos Balomenos,24/25,2025,1,0.5703907909269041,1,0
810066,Kaïs Najeh,24/25,2025,0,0.5703860629172508,1,1
227081,Joaquín Correa,24/25,2025,1,0.5703690412607073,1,0
160740,Ben Halloran,24/25,2025,0,0.5703510021952899,1,1
981323,Antonello Serra,24/25,2025,0,0.5703462005015084,1,1
847650,Tommaso Senzamici,24/25,2025,0,0.5703401756366687,1,1
265970,Yusuf Cela,24/25,2025,1,0.5702985467474905,1,0
284737,Törles Knöll,24/25,2025,0,0.5702912097783561,1,1
1013106,Guillem Terma,24/25,2025,1,0.5702836893373799,1,0
908295,Martín Cascajo,24/25,2025,1,0.5702836521289587,1,0
930586,Simone Milo,24/25,2025,1,0.5702743853223684,1,0
222013,Haritz Albisua,24/25,2025,1,0.5702640256135173,1,0
695506,Francisco Varela,24/25,2025,1,0.5702606522015079,1,0
1236200,Peter Kareem,24/25,2025,0,0.5702493834072606,1,1
225824,Atanas Iliev,24/25,2025,1,0.5702425776810578,1,0
585868,Vladislav Naydenov,24/25,2025,0,0.5701976607411778,1,1
455830,Andrea Anselmo,24/25,2025,0,0.5701882253920696,1,1
801886,Isak Jensen,24/25,2025,1,0.5701725899655409,1,0
1075193,Andrea Casagni,24/25,2025,0,0.5701692012252954,1,1
922907,Marek Jaron,24/25,2025,1,0.5701499788989857,1,0
719646,Bernardo,24/25,2025,0,0.570148524701984,1,1
891092,Pablo Rojo,24/25,2025,0,0.570146349199668,1,1
840760,Ignacio Schor,24/25,2025,0,0.570123421011285,1,1
818102,Leonardo Caferri,24/25,2025,0,0.570064294961526,1,1
744186,Chico Lamba,24/25,2025,1,0.5700410568197787,1,0
931172,Gabriel Tutu,24/25,2025,0,0.5700338535449682,1,1
341088,Jacopo Pagnini,24/25,2025,1,0.5700171018983142,1,0
924447,Tunde Akinsola,24/25,2025,0,0.5699940142059363,1,1
671693,Alberto Cristiano,24/25,2025,1,0.5699844201052804,1,0
371008,Roko Baturina,24/25,2025,1,0.5699791829758585,1,0
1063856,Abdoulaye Traoré,24/25,2025,0,0.5699732457896356,1,1
1179405,Antonio Guerriero,24/25,2025,0,0.5699680941795277,1,1
481117,Othmane Boussaid,24/25,2025,0,0.569965933328519,1,1
601235,Viktor Haragos,24/25,2025,0,0.569958674035189,1,1
85380,Andrea Seculin,24/25,2025,1,0.5699565799980083,1,0
1225762,Adnane Ghailan,24/25,2025,0,0.5699428387045041,1,1
717952,Mario de Luis,24/25,2025,1,0.5699095171032865,1,0
1057820,Jeremy Agbonifo,24/25,2025,1,0.5699054962154448,1,0
234189,Trezeguet,24/25,2025,1,0.5698478190243111,1,0
933253,Bernie Lennemann,24/25,2025,0,0.5698259163510889,1,1
1161617,Boubacar Diallo,24/25,2025,1,0.569816991334087,1,0
240955,Mattia Lombardo,24/25,2025,0,0.569735103020788,1,1
351894,Léo Santos,24/25,2025,0,0.5697256348813606,1,1
1174327,Domiziano Tirelli,24/25,2025,1,0.5697057019298222,1,0
1061277,Germán García,24/25,2025,0,0.5696781912542047,1,1
1182972,Andrea Santarelli,24/25,2025,1,0.5696442269858232,1,0
1154876,Kasey Bos,24/25,2025,1,0.5696302513739959,1,0
196831,Charmaine Häusl,24/25,2025,1,0.5696011726597373,1,0
689632,Guillem Rodríguez,24/25,2025,0,0.5696006808974455,1,1
1141560,Kader Meïté,24/25,2025,0,0.5695444665383695,1,1
642591,Maranhão,24/25,2025,0,0.5694868757232545,1,1
284454,Iván Rodríguez,24/25,2025,0,0.5694839644169938,1,1
216401,Marvin Ajani,24/25,2025,1,0.569453915484556,1,0
659650,Demis Maugeri,24/25,2025,0,0.5694527393035361,1,1
399399,Jacopo Succi,24/25,2025,1,0.5694526539896343,1,0
452192,Paul Grave,24/25,2025,1,0.5694275185353173,1,0
412041,Álex Millán,24/25,2025,1,0.5694111325125112,1,0
710675,Nowend Lorenzo,24/25,2025,1,0.5693769524395548,1,0
688495,Thomas Scapin,24/25,2025,1,0.5693646555166157,1,0
486031,Nico González,24/25,2025,1,0.5693484492160511,1,0
796865,Lamine Sy,24/25,2025,1,0.5693266181208068,1,0
277560,Armando Ortiz,24/25,2025,1,0.5693099551456985,1,0
636096,Raúl Blanco,24/25,2025,1,0.5692944839739585,1,0
867042,Antoan Stoyanov,24/25,2025,1,0.5692904822099577,1,0
459231,Francesco Cerretelli,24/25,2025,0,0.5692811037851775,1,1
1027170,Adam Horvat,24/25,2025,0,0.5692749628382578,1,1
343475,Ben Godfrey,24/25,2025,1,0.5692070841867027,1,0
834491,Alejandro Rego,24/25,2025,1,0.569185051261539,1,0
91059,Joshua King,24/25,2025,1,0.5691845374799506,1,0
354246,Fareed Sadat,24/25,2025,0,0.5691761680310644,1,1
250777,Fabrizio Ferrante,24/25,2025,0,0.5691759357855447,1,1
709214,Beñat Gerenabarrena,24/25,2025,1,0.5691755690475122,1,0
167810,Riccardo Chiarello,24/25,2025,1,0.5691322117252263,1,0
331389,Andrés Tello,24/25,2025,1,0.5691247496222874,1,0
373374,Brian Mansilla,24/25,2025,1,0.5691110407023776,1,0
749942,Felix Hagmann,24/25,2025,0,0.5691065043710785,1,1
372468,David Grilo,24/25,2025,1,0.5690574023559362,1,0
199763,Sergio Garufi,24/25,2025,1,0.5690464298368219,1,0
146761,Roberto Guitto,24/25,2025,0,0.5690348535929646,1,1
1183952,Tommaso Serioli,24/25,2025,1,0.5690339556634051,1,0
734426,Lewis Shipley,24/25,2025,1,0.5689850899634284,1,0
562421,Onni Tiihonen,24/25,2025,0,0.5688966485359006,1,1
1110406,Ibrahim Osman,24/25,2025,1,0.5688807697120853,1,0
476149,George Lapslie,24/25,2025,0,0.5688799280576452,1,1
639691,Ricky Maset,24/25,2025,0,0.5688683229247573,1,1
960458,Konstantin Aleksa,24/25,2025,0,0.5688510954588384,1,1
1042315,Kevin Kántor,24/25,2025,0,0.5688395181892235,1,1
340394,Abdelhamid Sabiri,24/25,2025,0,0.5688315662230171,1,1
167727,Andrea Belotti,24/25,2025,1,0.5688021727296759,1,0
426426,Josh Gordon,24/25,2025,1,0.5687819166472801,1,0
1071651,Ousmane Sow,24/25,2025,0,0.5687578876348373,1,1
918974,Ibuki Nemoto,24/25,2025,0,0.5687573618305464,1,1
311435,Ferni,24/25,2025,1,0.568747053940179,1,0
834463,Iker Córdoba,24/25,2025,1,0.5687321121575113,1,0
839973,Dino Grozdanic,24/25,2025,0,0.5687237159324059,1,1
430798,Don Bolsius,24/25,2025,0,0.5687074620817625,1,1
199717,Giancarlo Malcore,24/25,2025,0,0.5686899273074159,1,1
1061810,Karol Di Mauro,24/25,2025,0,0.5686877903330877,1,1
675612,Babis Drakas,24/25,2025,0,0.5686853873628659,1,1
581113,Bryan Fiabema,24/25,2025,0,0.5686652112177463,1,1
1140529,Mattia Ferrari,24/25,2025,1,0.5686635605642075,1,0
898885,Manolis Faitakis,24/25,2025,0,0.5686518128445638,1,1
192736,Sabin Merino,24/25,2025,1,0.5686370877299868,1,0
933555,Alessio Pozzoli,24/25,2025,0,0.5686172019609784,1,1
280039,Marco Soprano,24/25,2025,0,0.5685871475881986,1,1
633093,Eneko Aguilar,24/25,2025,1,0.568574121275418,1,0
906442,Javi Garrido,24/25,2025,0,0.5685630447719867,1,1
520068,Petr Kudakovskiy,24/25,2025,1,0.5685615718081727,1,0
688881,Vinícius Lopes,24/25,2025,0,0.5685430100593799,1,1
719680,Kristi Montgomery,24/25,2025,0,0.5685404064417826,1,1
479718,Guillermo May,24/25,2025,0,0.5685312546956515,1,1
230902,Javi Barrio,24/25,2025,0,0.5685295358033658,1,1
818130,Filippo Cinel,24/25,2025,0,0.5685226682744816,1,1
754435,Rodrigo Callegari,24/25,2025,1,0.5685210070512586,1,0
185109,Ellis Harrison,24/25,2025,1,0.5685042429335885,1,0
975689,Óscar Cortés,24/25,2025,1,0.568395472066333,1,0
815541,Guglielmo Floridia,24/25,2025,1,0.5683755352612336,1,0
519748,Zé Ricardo,24/25,2025,0,0.5683710634300053,1,1
726670,Simon Micuda,24/25,2025,1,0.5683597174871898,1,0
620892,Arad Bar,24/25,2025,1,0.5683046612758383,1,0
217285,Filip Kusic,24/25,2025,1,0.5682740169848319,1,0
718037,Marcel Sgrò,24/25,2025,0,0.5682556352011642,1,1
262521,Enrico Baldini,24/25,2025,1,0.5682541666789828,1,0
816515,Tom Bloxham,24/25,2025,0,0.5682472215265595,1,1
1086493,Alessio Manetti,24/25,2025,0,0.5682414540160582,1,1
469018,Antonio Metlika,24/25,2025,1,0.568215633972995,1,0
247355,Borja Díaz,24/25,2025,0,0.5681509426896421,1,1
740498,Pastor,24/25,2025,1,0.5681367017321721,1,0
386294,Stefano Chiariello,24/25,2025,1,0.5681209144419179,1,0
1028509,Néstor García Martinoli,24/25,2025,1,0.5680947645772002,1,0
711352,Francesco Zallu,24/25,2025,0,0.5680813377226892,1,1
564792,Giovanni Garofani,24/25,2025,1,0.5680725655284139,1,0
605466,Iker Unzueta,24/25,2025,1,0.5680704240879757,1,0
800179,Maxime Langner,24/25,2025,1,0.5680607193260069,1,0
741252,Aarón Alonso,24/25,2025,1,0.5680602609303074,1,0
712181,James Wright,24/25,2025,0,0.5680511439927945,1,1
396276,Francesco Rizzo,24/25,2025,1,0.568041460001722,1,0
634452,Pablo García,24/25,2025,1,0.5680372128465273,1,0
698540,Matija Gluscevic,24/25,2025,1,0.568024880242261,1,0
401736,Yaya Sithole,24/25,2025,0,0.5680152980589749,1,1
432092,Roberto Piccoli,24/25,2025,1,0.5679990781176293,1,0
405885,Giacomo Raspadori,24/25,2025,1,0.5679893797785143,1,0
271622,Óttar Magnús Karlsson,24/25,2025,1,0.5679637701873833,1,0
682814,Nassim L'Ghoul,24/25,2025,1,0.5679350036368268,1,0
831699,Tiago Santos,24/25,2025,1,0.5679298982236204,1,0
707785,Guglielmo Mignani,24/25,2025,1,0.5679254671468065,1,0
194549,Simy,24/25,2025,1,0.5679157884654139,1,0
728331,Roland Lehoczky,24/25,2025,0,0.5678370485330877,1,1
651003,Tommaso Maressa,24/25,2025,1,0.567833944960022,1,0
740617,Damiano Basili,24/25,2025,1,0.5678057698574269,1,0
161251,Jorge Casado,24/25,2025,0,0.5677933643143427,1,1
594277,Jonathan Mulder,24/25,2025,1,0.5677716678791718,1,0
504825,Gian Marco Crespi,24/25,2025,1,0.5677645917404847,1,0
602223,Kay Seidemann,24/25,2025,0,0.5677040148877364,1,1
1039738,Thiago Menna,24/25,2025,1,0.5676934110000285,1,0
397797,Giovanni Pinto,24/25,2025,0,0.5676850642950492,1,1
634848,Jubril Adedeji,24/25,2025,0,0.5676685283087403,1,1
878416,Michalis Voriazidis,24/25,2025,1,0.5676646025293263,1,0
883283,Soule Sidibe,24/25,2025,0,0.567661972391354,1,1
343289,André Bukia,24/25,2025,1,0.5676611468516735,1,0
428746,Eric Ramírez,24/25,2025,1,0.5676552557856671,1,0
935457,Salim El Jebari,24/25,2025,1,0.5675323319375045,1,0
158793,Fran Sota,24/25,2025,0,0.5675253903029464,1,1
441622,Roger Escoruela,24/25,2025,0,0.5675110017744076,1,1
1083607,Dudu,24/25,2025,0,0.5675098295338049,1,1
947447,David Conejero,24/25,2025,1,0.5675039009723707,1,0
74559,Moritz Göttel,24/25,2025,1,0.5674799283826244,1,0
704594,Danil Ankudinov,24/25,2025,1,0.5674728208042523,1,0
1180370,Pietro Reggiori,24/25,2025,0,0.5674668514782498,1,1
456080,Karim Aribi,24/25,2025,1,0.5674632725307308,1,0
391408,Antonio D'Alena,24/25,2025,0,0.5674617422849363,1,1
1064538,Ali Houary,24/25,2025,1,0.5674188229113036,1,0
284855,Yael Ballesteros,24/25,2025,0,0.5673940177356196,1,1
708388,Adrián Corral,24/25,2025,1,0.5673890236287904,1,0
1058858,Andrea Di Siena,24/25,2025,0,0.5673585676745478,1,1
311130,Lorenzo Melchiori,24/25,2025,0,0.5673411044509051,1,1
1168427,Alberto Locati,24/25,2025,1,0.5673381485570567,1,0
1307419,Cristiano Novelli,24/25,2025,0,0.5673347197165225,1,1
1078990,Markel Arana,24/25,2025,1,0.5673224750096858,1,0
388326,Atanas Kabov,24/25,2025,1,0.5672883751282847,1,0
967948,Garang Kuol,24/25,2025,1,0.5672815812089776,1,0
498234,Tomás Domingos,24/25,2025,1,0.5672664854991525,1,0
895947,Manuel Cesari,24/25,2025,0,0.5672583341229014,1,1
1129805,Luigi Oriano,24/25,2025,1,0.5672421268661068,1,0
661467,Gerónimo Bortagaray,24/25,2025,0,0.5672318618747147,1,1
508153,Emmanuel Toku,24/25,2025,1,0.5671628465665173,1,0
638588,Martín Pascual,24/25,2025,1,0.5671010520153662,1,0
579287,Daniel Svensson,24/25,2025,1,0.5670918982446088,1,0
888493,Alejo Veliz,24/25,2025,1,0.5670668811433495,1,0
810355,Jannik Zahmel,24/25,2025,1,0.5670413579375316,1,0
559805,Matthew Turner,24/25,2025,0,0.567033080352433,1,1
1306762,Miguel Ángel Álvarez Ortiz,24/25,2025,1,0.5670050506277658,1,0
1174331,Paolo Pisano,24/25,2025,1,0.5669901655764216,1,0
1056760,Michael Manuzzi,24/25,2025,1,0.5669871497585658,1,0
162036,Diego Caballo,24/25,2025,1,0.5669722425457099,1,0
462250,João Félix,24/25,2025,1,0.5669531908391766,1,0
1290030,Niccolò Cavallotti,24/25,2025,1,0.5669523025805618,1,0
577486,Gastón Álvarez,24/25,2025,0,0.5669279214691861,1,1
283528,Ignacio Pussetto,24/25,2025,1,0.5669225338766342,1,0
589374,Milson,24/25,2025,0,0.5669166980101045,1,1
964590,Kaique Pereira,24/25,2025,1,0.5669144532715242,1,0
1053228,Matteo Fravola,24/25,2025,1,0.5669096759431332,1,0
305947,Albert Gudmundsson,24/25,2025,1,0.5669069129904191,1,0
128676,Gonzalo Llerena,24/25,2025,0,0.5668983783083316,1,1
153754,Hasan Kılıç,24/25,2025,1,0.5668841564409596,1,0
829392,Jashar Beluli,24/25,2025,0,0.56686407028942,1,1
537944,Ilias Karargyris,24/25,2025,1,0.5668405196531907,1,0
373381,Pasquale Giannotti,24/25,2025,0,0.5668185662326471,1,1
900199,Gustav Lindgren,24/25,2025,0,0.5668180582427967,1,1
729178,Emmanuel Appiah,24/25,2025,1,0.5667675441196408,1,0
523978,Luis Vacas,24/25,2025,1,0.5667537550155193,1,0
667050,Dino Mehić,24/25,2025,1,0.566748849395501,1,0
315209,Çekdar Orhan,24/25,2025,0,0.5667317607836422,1,1
390944,Mickaël Panos,24/25,2025,0,0.5667218012008688,1,1
821501,Javi Antón,24/25,2025,1,0.5667061220295236,1,0
1288196,Gabriel Cantonati,24/25,2025,1,0.5666616904505457,1,0
386577,Federico Mastropietro,24/25,2025,1,0.5666524024283103,1,0
627624,Lorenzo Peschetola,24/25,2025,0,0.5666448426960914,1,1
244927,Accursio Bentivegna,24/25,2025,1,0.5666323209607865,1,0
177596,Javi Bonilla,24/25,2025,0,0.5666302874989598,1,1
953036,Daithí McCallion,24/25,2025,0,0.5666131725078986,1,1
366278,Rodrigo Pinho,24/25,2025,0,0.5665982779712885,1,1
1149706,Andrea Lombari,24/25,2025,0,0.5665971666475167,1,1
536943,Daniele Olivieri,24/25,2025,1,0.5665912220153495,1,0
340325,Reiss Nelson,24/25,2025,1,0.5665739860066108,1,0
805065,Iyad Mohamed,24/25,2025,0,0.566565034207436,1,1
789389,Ben Summers,24/25,2025,0,0.5665322706947405,1,1
420921,Vasilios Chatziemmanouil,24/25,2025,1,0.566514840806928,1,0
721731,Antonio Prisco,24/25,2025,0,0.5664784462583572,1,1
445971,Manolis Aliatidis,24/25,2025,1,0.5664614687505437,1,0
815477,Michele Tommasi,24/25,2025,0,0.5664155752671559,1,1
940750,Hugo Buyla,24/25,2025,0,0.5663664467451199,1,1
237732,Leandro Putaro,24/25,2025,1,0.5663658251435922,1,0
607226,Loum Tchaouna,24/25,2025,1,0.5663601540521132,1,0
396160,Gonzalo Almenara,24/25,2025,0,0.566359114938889,1,1
513175,Adrián Crespo,24/25,2025,0,0.5663586385830176,1,1
244285,Sinan Kurt,24/25,2025,0,0.5663381986107947,1,1
472246,Mika Schroers,24/25,2025,1,0.5662852912796817,1,0
682103,Adrián Lledó,24/25,2025,1,0.566277499582428,1,0
362744,Elyaz Zidane,24/25,2025,0,0.5662584791324948,1,1
1164510,Gabriel Graziani,24/25,2025,1,0.5662164850306569,1,0
933720,Telmo Neves,24/25,2025,1,0.5662136191639152,1,0
567497,Filipe Relvas,24/25,2025,1,0.5661882961832472,1,0
390460,Richmond Tachie,24/25,2025,0,0.5661875191346611,1,1
1063198,Andor Lapu,24/25,2025,1,0.5661791905518133,1,0
724107,Luca Di Maggio,24/25,2025,1,0.5661774385239703,1,0
824200,Franco de Jesús,24/25,2025,1,0.5661402900849507,1,0
345740,Gaetano Logoluso,24/25,2025,0,0.5661017832084752,1,1
836547,Serginho,24/25,2025,0,0.566098535938354,1,1
457031,Ibrahima Ndiaye,24/25,2025,1,0.5660810945458717,1,0
526011,Etxebe Pamies,24/25,2025,1,0.5660767069021087,1,0
146642,Ferdinando Mastroianni,24/25,2025,1,0.5660078846991795,1,0
577590,Pedro Brazão,24/25,2025,0,0.5659581368806669,1,1
336747,Jorge Pombo,24/25,2025,0,0.5659579362856029,1,1
184491,Naïm Sliti,24/25,2025,0,0.5659270836298335,1,1
426142,Jan de Boer,24/25,2025,0,0.5659177240523845,1,1
209063,Marius Briceag,24/25,2025,0,0.5659103571608857,1,1
1052859,Vladyslav Kopotun,24/25,2025,0,0.5658780839409215,1,1
531909,Jordan Gele,24/25,2025,1,0.5658749188833648,1,0
421927,Adrian Rus,24/25,2025,1,0.5658470296192202,1,0
820240,Dominik Șoptirean,24/25,2025,1,0.5658451474389175,1,0
928233,Younous Tassembedo,24/25,2025,1,0.5658357747098497,1,0
815556,Antonio Gala,24/25,2025,1,0.5658187481737945,1,0
672202,Camilo,24/25,2025,0,0.5657661814321553,1,1
469892,Yair Castro,24/25,2025,1,0.5657432064401001,1,0
732117,Dylan Williams,24/25,2025,1,0.5657135020603103,1,0
485591,Mohamed Taabouni,24/25,2025,1,0.5657033822419063,1,0
375857,Kristijan Bistrovic,24/25,2025,1,0.5657010791335346,1,0
1185900,Aaron Croce,24/25,2025,1,0.5656975065799148,1,0
1060418,Thomas Renda,24/25,2025,0,0.5656837263552684,1,1
924304,Adrián Dénes,24/25,2025,1,0.5656820463007782,1,0
400549,Magnus Kaastrup,24/25,2025,1,0.5656678552388095,1,0
293602,Dor Hugi,24/25,2025,1,0.5656643849047501,1,0
116094,Philip Fontein,24/25,2025,1,0.565622745185778,1,0
387991,Steffen Westphal,24/25,2025,1,0.565621683610037,1,0
505999,Monday Etim,24/25,2025,1,0.5656129940869409,1,0
961821,Elián Sosa,24/25,2025,1,0.5655561402811426,1,0
822100,Federico Romeo,24/25,2025,0,0.5655316095610411,1,1
463455,Federico Zazzi,24/25,2025,1,0.5655003107060967,1,0
342978,Apostolos Stikas,24/25,2025,1,0.5654917927066012,1,0
158770,Mauro Quiroga,24/25,2025,0,0.5654088161696118,1,1
930390,Nikolas Brandis,24/25,2025,0,0.5654020215233867,1,1
1051778,Simone Fiore,24/25,2025,1,0.5653904339889421,1,0
696599,Cyril Khetir,24/25,2025,1,0.5653822367159633,1,0
550108,Nicola Zalewski,24/25,2025,1,0.5653736039711975,1,0
467994,Luca Belardinelli,24/25,2025,0,0.5653612705788467,1,1
226181,Amir Bilali,24/25,2025,1,0.5653492639501959,1,0
564890,André Clóvis,24/25,2025,0,0.565322751602761,1,1
935173,Manuel Rosetti,24/25,2025,1,0.5653079001922984,1,0
1284085,Tomas Castillo,24/25,2025,0,0.5653008518508372,1,1
1037758,Alexander Dikarev,24/25,2025,1,0.5652920104721519,1,0
894414,Byani Mpata Lama,24/25,2025,1,0.5652895044073077,1,0
390159,Vincenzo Millico,24/25,2025,1,0.5652772550831758,1,0
448466,Jovane Cabral,24/25,2025,0,0.5652726537889683,1,1
198084,Marco Frediani,24/25,2025,0,0.5652278520730614,1,1
741098,César Yanis,24/25,2025,0,0.5652247817512506,1,1
1075584,Luan Gadegbeku,24/25,2025,0,0.5651983555890149,1,1
613129,Christian Aucelli,24/25,2025,0,0.5651944745241192,1,1
260166,Ui-jo Hwang,24/25,2025,0,0.5651890848429783,1,1
1310864,Riccardo Iacoponi,24/25,2025,1,0.5651876500476279,1,0
637788,Gustavo Mendonça,24/25,2025,0,0.5651683825118928,1,1
387601,Giuseppe Stancampiano,24/25,2025,1,0.5651531345524067,1,0
688638,Lorenz Hollenbach,24/25,2025,1,0.5650909916562228,1,0
271495,Abdülkadir Ömür,24/25,2025,1,0.5650718171334677,1,0
244192,Pierluigi Gollini,24/25,2025,0,0.5650687679685907,1,1
400941,Michele Vano,24/25,2025,0,0.565064237828453,1,1
431470,Alessandro Minelli,24/25,2025,1,0.5650406536802115,1,0
498000,Gavin Didzilatis,24/25,2025,1,0.5650040770957147,1,0
615180,Gaetano Vitale,24/25,2025,1,0.5649899545281868,1,0
646208,Will Swan,24/25,2025,1,0.5649772799873695,1,0
391344,Luis Lara,24/25,2025,1,0.5649587323958082,1,0
802713,Adam Ahmad,24/25,2025,1,0.5649363885412728,1,0
815219,Ivan Mandić,24/25,2025,1,0.5649187037223914,1,0
267093,Milos Milovic,24/25,2025,1,0.5649023340588541,1,0
614546,Sergio León,24/25,2025,1,0.5648871711342333,1,0
361540,Nazzareno Ciccarelli,24/25,2025,1,0.5648676163636766,1,0
1054209,Mahamadou Baldé,24/25,2025,1,0.5648495398104724,1,0
596067,Felippe Cardoso,24/25,2025,0,0.5648178546085979,1,1
408307,Francesco Delcarro,24/25,2025,1,0.5648150309546541,1,0
401581,Gianluca Mancuso,24/25,2025,1,0.564804715401329,1,0
462251,Jorge Silva,24/25,2025,1,0.5647821402561035,1,0
1065266,Ander Ibáñez,24/25,2025,1,0.5647819481080096,1,0
1095428,Hugo Riccobene,24/25,2025,0,0.5647658369281228,1,1
900460,Mattia Parlato,24/25,2025,1,0.5647238723261204,1,0
964241,Luca Nocerino,24/25,2025,1,0.5647185545604195,1,0
816576,Edson Silva,24/25,2025,0,0.564713239905026,1,1
527788,Alex Hartridge,24/25,2025,1,0.5647090831197374,1,0
999745,Damola Ajayi,24/25,2025,1,0.5646782339723326,1,0
388888,Samu Casado,24/25,2025,1,0.5646093694485834,1,0
769063,Luka Romero,24/25,2025,0,0.5646026083545327,1,1
934494,Tommaso Plini,24/25,2025,1,0.5645936857515544,1,0
907619,Melvin Rémy,24/25,2025,1,0.564589086572546,1,0
621910,Apostolos Tsilingiris,24/25,2025,1,0.5645720884281308,1,0
435022,Ramón Miérez,24/25,2025,1,0.5645464729797365,1,0
801427,Marlee Francois,24/25,2025,0,0.5645387682361614,1,1
392139,Sebastian Müller,24/25,2025,0,0.5645096031562502,1,1
853948,Alejandro Piedrahita,24/25,2025,0,0.5645039665606234,1,1
290806,Mattia Poletto,24/25,2025,1,0.5644969288094227,1,0
582717,David Ramos,24/25,2025,1,0.5644922463676318,1,0
547818,Raul Steau,24/25,2025,0,0.5644914025763574,1,1
704720,Cosimo Severi,24/25,2025,0,0.5644771584125636,1,1
268175,Jordi Ortega,24/25,2025,0,0.564468393310616,1,1
183614,Ahmet Dereli,24/25,2025,1,0.5644665561944594,1,0
796212,Philipp Schulz,24/25,2025,0,0.5644570960382792,1,1
404383,Pedro Marques,24/25,2025,0,0.564439012037102,1,1
745246,Levin Mattmüller,24/25,2025,1,0.5644147530559055,1,0
710089,Eduard Rusu,24/25,2025,0,0.5644123351268082,1,1
574199,David Lelle,24/25,2025,0,0.5644098913535597,1,1
930790,Jean Castegnaro,24/25,2025,1,0.5643936001881933,1,0
291653,Josef Weberbauer,24/25,2025,0,0.564393426045387,1,1
612826,Silas,24/25,2025,0,0.5643785273085594,1,1
820381,Mohamed Brahimi,24/25,2025,1,0.5643495143007333,1,0
421873,Elia Caprile,24/25,2025,1,0.5643119598378529,1,0
855615,Abdoulaye Bakayoko,24/25,2025,0,0.5642866238560521,1,1
1126756,Kelve Semedo,24/25,2025,1,0.5642596004653804,1,0
385413,Marco Sfanò,24/25,2025,1,0.564247679400237,1,0
324111,Teun Bijleveld,24/25,2025,1,0.5642447058563976,1,0
149209,Maximilian Jansen,24/25,2025,1,0.5642248904790199,1,0
1045438,Safyan Toure,24/25,2025,1,0.5642203185756194,1,0
1278511,Emanuele Lo Zito,24/25,2025,0,0.56421380093615,1,1
1319849,Abdullah Mansour Al-Rashidi,24/25,2025,0,0.5642006108696758,1,1
1164509,Thomas Graziani,24/25,2025,1,0.5641982762528964,1,0
494827,Lucas Zeller,24/25,2025,0,0.5641687618530666,1,1
139393,Tomané,24/25,2025,1,0.5641643517872034,1,0
861221,Ebenezer Annan,24/25,2025,1,0.564154984366802,1,0
61360,Ciro Sirignano,24/25,2025,0,0.5641370047466844,1,1
89650,Johannes Geis,24/25,2025,1,0.564115609630695,1,0
981742,Adilson,24/25,2025,1,0.564099951413577,1,0
696883,Juan Brunet,24/25,2025,1,0.5640947144970884,1,0
459704,Mattia Fiorini,24/25,2025,0,0.5640240586017239,1,1
937477,Giulio Antonini,24/25,2025,1,0.5639743611755762,1,0
217155,Borja Sánchez,24/25,2025,1,0.5639617911098684,1,0
553303,Mathias Kubel,24/25,2025,0,0.5639290230034052,1,1
837085,Azeez Oseni,24/25,2025,1,0.5639190920713071,1,0
715083,Andrej Stojcevski,24/25,2025,1,0.5638574957888783,1,0
617596,Mattia Cretti,24/25,2025,1,0.5638292172970896,1,0
989819,Ivane Chegra,24/25,2025,1,0.5637536641110855,1,0
896234,Guillermo Balzi,24/25,2025,0,0.5637316315243773,1,1
807836,Sandji Baradji,24/25,2025,1,0.5637254178586023,1,0
289065,Simone Palombi,24/25,2025,0,0.5637136666883213,1,1
833372,Amine Naïfi,24/25,2025,0,0.5636870870557819,1,1
131505,Rodrigo,24/25,2025,0,0.563686110938236,1,1
611198,Álex Blesa,24/25,2025,1,0.5636516167691735,1,0
878114,Zak Bradshaw,24/25,2025,1,0.5636458553657517,1,0
811200,Nikolaos Kanellopoulos,24/25,2025,1,0.5636090241965785,1,0
720139,Roland Hajdú,24/25,2025,1,0.5635930885942458,1,0
348520,Vincenzo Plescia,24/25,2025,1,0.5635743157185326,1,0
801069,Jimmy Evans,24/25,2025,0,0.5635622933238563,1,1
1040836,Yeray Carpio,24/25,2025,0,0.5635081504746351,1,1
567309,Naatan Skyttä,24/25,2025,1,0.5634949499495293,1,0
1188586,Alessandro Rossi,24/25,2025,1,0.5634807443056189,1,0
685506,Christian Travaglini,24/25,2025,0,0.5634667692102022,1,1
704469,Vincenzo Galletta,24/25,2025,1,0.5634420829833519,1,0
662701,Joao Grimaldo,24/25,2025,0,0.5634053099965486,1,1
1243090,Ilya Vasin,24/25,2025,0,0.5633822502731393,1,1
323589,Dálcio,24/25,2025,1,0.5633608148273106,1,0
237226,Marvin Mehlem,24/25,2025,1,0.5633334789070633,1,0
81173,Janis Blaswich,24/25,2025,1,0.5633161133419892,1,0
479709,Paolo Cannistrà,24/25,2025,1,0.5632403258844512,1,0
888392,Iñaki León,24/25,2025,0,0.5632282867138744,1,1
423289,Álvaro Salinas,24/25,2025,1,0.5632243277368431,1,0
621770,Matías Vesprini,24/25,2025,1,0.5631771285432812,1,0
369258,Dudu,24/25,2025,0,0.5631721914740475,1,1
433976,Tudor Băluță,24/25,2025,1,0.5631709660696161,1,0
45567,Jonathan Biabiany,24/25,2025,0,0.563101182087022,1,1
187908,Hugo Sousa,24/25,2025,0,0.5630857394269586,1,1
613388,Zakaria Daqoune,24/25,2025,1,0.5630715795001479,1,0
1306528,Filippo Vignaroli,24/25,2025,0,0.5630628066174534,1,1
164534,Francesco Forte,24/25,2025,1,0.5630381652962653,1,0
254477,Joan Campins,24/25,2025,1,0.5630323719229544,1,0
1132600,Zalán Maronyay,24/25,2025,0,0.5630240448091594,1,1
586982,Levi Laing,24/25,2025,0,0.5630221997978317,1,1
936183,Christian Corradi,24/25,2025,1,0.563010206131987,1,0
462738,Naoufel Khacef,24/25,2025,0,0.5630038307181526,1,1
677509,Jesse Randall,24/25,2025,0,0.5629962277968041,1,1
673830,Luis Phelipe,24/25,2025,0,0.5629846764844552,1,1
694141,Fynn Seidel,24/25,2025,1,0.5629810402332148,1,0
610572,Ronald Gbizie,24/25,2025,1,0.5629699079130971,1,0
337282,Jake Brimmer,24/25,2025,0,0.5629461528357951,1,1
192073,Rubén Bover,24/25,2025,0,0.5629199968531418,1,1
459953,Giacomo Manzari,24/25,2025,1,0.5629185411727146,1,0
797572,Stefan Lekovic,24/25,2025,0,0.5628789908231274,1,1
379877,Luis Henrique,24/25,2025,1,0.5628436138651223,1,0
407398,Carl Björk,24/25,2025,0,0.562746295216532,1,1
119292,Danilo Wiebe,24/25,2025,0,0.5627344113527056,1,1
1058990,Edoardo Salvador,24/25,2025,1,0.5627341778296422,1,0
387378,Luther Singh,24/25,2025,0,0.5627252146529804,1,1
563137,Robert Navarro,24/25,2025,1,0.5627087509794919,1,0
451282,Tamás Kiss,24/25,2025,1,0.5626980559045972,1,0
820633,Coli Saco,24/25,2025,1,0.5626969472821147,1,0
708070,Pietro Saio,24/25,2025,1,0.5626664413150559,1,0
197880,Raphael Guzzo,24/25,2025,1,0.5626586439531441,1,0
1107991,Ognjen Teofilovic,24/25,2025,1,0.5626304838419147,1,0
501196,Csaba Bukta,24/25,2025,1,0.5626214320676417,1,0
888639,Ethan Wheatley,24/25,2025,1,0.5626005138061044,1,0
718178,Miguel Peña,24/25,2025,1,0.562591447830867,1,0
343945,Niccolò Zanellato,24/25,2025,0,0.5625328235078478,1,1
472909,Ivan Bulatovic,24/25,2025,0,0.5625304686624485,1,1
415273,Trent Buhagiar,24/25,2025,1,0.5624594869212428,1,0
385412,Jordan Amissah,24/25,2025,1,0.5624524973318766,1,0
61464,Karim Yoda,24/25,2025,1,0.5624503329271112,1,0
1135091,Victor Rodriguez,24/25,2025,1,0.562419346468233,1,0
817523,André Lopes,24/25,2025,1,0.5624152501202908,1,0
486537,Sekou Camara,24/25,2025,0,0.5623987154104998,1,1
903563,Matteo Rizzo,24/25,2025,1,0.5623875740891581,1,0
719673,Ben Gannon-Doak,24/25,2025,1,0.5623683795195081,1,0
855890,Jenson Metcalfe,24/25,2025,1,0.5623301572946328,1,0
464217,Szilárd Magyari,24/25,2025,1,0.562286645481994,1,0
925844,Umberto Morleo,24/25,2025,1,0.562265024450431,1,0
1113888,Andrew Wogan,24/25,2025,1,0.5622640330511202,1,0
192875,William Troost-Ekong,24/25,2025,0,0.5622411416826782,1,1
690147,Felix Paschke,24/25,2025,0,0.562235732919507,1,1
1031510,Eric Topór,24/25,2025,0,0.5622216916845116,1,1
1008348,Jan Feit,24/25,2025,0,0.5622023632554443,1,1
62358,Luca Castiglia,24/25,2025,0,0.562195146460542,1,1
942889,Jawad El Jemili,24/25,2025,1,0.5621950362657163,1,0
784741,Julius Hoffmann,24/25,2025,1,0.5621711057231318,1,0
1176398,Edoardo Bettinelli,24/25,2025,1,0.562138978051124,1,0
311266,Rubén Díez,24/25,2025,0,0.5621017094918991,1,1
900938,Junior Olaitan,24/25,2025,1,0.5620988354612877,1,0
394778,Manuel Pavesi,24/25,2025,0,0.5620872641953887,1,1
681829,Nilton,24/25,2025,0,0.5620710406384,1,1
608977,Nana Antwi,24/25,2025,0,0.5620402456183811,1,1
340447,Emanuele Spinozzi,24/25,2025,0,0.5620184020046314,1,1
271271,Pablo Carbonell,24/25,2025,1,0.562001376261039,1,0
503327,Teddy Okou,24/25,2025,1,0.5619995328407084,1,0
536346,Alessandro Miola,24/25,2025,1,0.5619904740852526,1,0
149729,João Mário,24/25,2025,1,0.5619812634478233,1,0
1027216,François Mughe,24/25,2025,0,0.5619769161330787,1,1
537764,Carlos Algarra,24/25,2025,0,0.5619730236759017,1,1
441422,Maximiliano Lovera,24/25,2025,0,0.5619719550876443,1,1
349905,Cesare Pogliano,24/25,2025,0,0.5619241077329921,1,1
604486,Mihailo Trkulja,24/25,2025,1,0.5618796679814052,1,0
203167,Dimitrios Popovic,24/25,2025,0,0.5618726985333952,1,1
668278,Ibon Ispizua,24/25,2025,1,0.561818474480593,1,0
1270735,Alessandro Bartelloni,24/25,2025,1,0.5618130029439757,1,0
636331,André Shinyashiki,24/25,2025,0,0.5618045946884448,1,1
522731,Pablo Bolado,24/25,2025,1,0.5617903234120358,1,0
240889,Anas Ouahim,24/25,2025,1,0.5617781388226214,1,0
873981,Diego González,24/25,2025,0,0.5617672378428951,1,1
506470,Josh Bowler,24/25,2025,1,0.5617560843992769,1,0
358425,Gonzalo Di Renzo,24/25,2025,1,0.5617201808878267,1,0
921955,Joaquin Domingo Dalmasso,24/25,2025,0,0.5617049735258872,1,1
513972,Juan Flere,24/25,2025,0,0.5617022530361063,1,1
1066213,Asier Bonel,24/25,2025,1,0.5616982448847823,1,0
409550,Andrea Giusti,24/25,2025,1,0.5616830681494213,1,0
57299,Michele Marconi,24/25,2025,0,0.5616648111907582,1,1
624267,Dale Taylor,24/25,2025,1,0.5616535401262757,1,0
789722,Feritali Erdem,24/25,2025,1,0.5615873127466601,1,0
589456,Rafa Núñez,24/25,2025,1,0.5615873110707178,1,0
465988,Elia Giani,24/25,2025,1,0.5615796684896336,1,0
929871,Matteo Plaia,24/25,2025,1,0.5615376847279029,1,0
726667,Hugo Pavek,24/25,2025,0,0.5614968421297178,1,1
111417,Charyl Chappuis,24/25,2025,0,0.5614573202380474,1,1
729167,Emmanuel Ntsiakoh,24/25,2025,1,0.5614267570327881,1,0
567454,Lorenzo Lucchesi,24/25,2025,1,0.5613947221488778,1,0
291399,Nanu,24/25,2025,1,0.5613918711968381,1,0
787256,Jesús Hernández,24/25,2025,1,0.561352781320503,1,0
311146,Nikola Sipcic,24/25,2025,1,0.5613431067196021,1,0
799138,Oliver Maric,24/25,2025,0,0.5613309624817836,1,1
737892,Renzo Orihuela,24/25,2025,0,0.5613114032993969,1,1
441626,Alex Pla,24/25,2025,0,0.561310812831263,1,1
635581,Ander Yoldi,24/25,2025,0,0.5612933356623382,1,1
639246,Hyeon-gyu Oh,24/25,2025,0,0.5612841798426244,1,1
616903,Moustapha Yabre,24/25,2025,0,0.5612737514119004,1,1
274828,Milan Kocic,24/25,2025,0,0.5612607392897387,1,1
351750,Léo Natel,24/25,2025,1,0.5612212427825166,1,0
825024,Ronnie Stutter,24/25,2025,1,0.5611766179784482,1,0
279909,Faisal Bangal,24/25,2025,0,0.5611736220123223,1,1
730821,Julian Markvoort,24/25,2025,1,0.5611654861541135,1,0
762611,Carlos Inglada,24/25,2025,1,0.5611556648446354,1,0
1053933,Ruan,24/25,2025,1,0.561146530677084,1,0
833369,Amine Groune,24/25,2025,1,0.5611303369889497,1,0
689090,Davide Lamesta,24/25,2025,0,0.5611010223024958,1,1
392777,Jonathan Panzo,24/25,2025,1,0.5611008030438627,1,0
337333,Alex Král,24/25,2025,0,0.5610838969635896,1,1
170895,Garry Rodrigues,24/25,2025,1,0.5610761803648868,1,0
804028,Kevin Lebersorger,24/25,2025,1,0.5610692046151168,1,0
424371,Iván Martínez,24/25,2025,1,0.5610582707072105,1,0
530157,Cem Türkmen,24/25,2025,1,0.5610542701905795,1,0
644771,Odilon Kossounou,24/25,2025,1,0.5610402871090402,1,0
618019,Andrej Pupovic,24/25,2025,0,0.5610358096526538,1,1
812991,Arne Rühlemann,24/25,2025,1,0.5610337754643233,1,0
476355,Cícero,24/25,2025,0,0.5610020738964558,1,1
507494,Guillaume Furrer,24/25,2025,1,0.560980534074483,1,0
819083,Gabriele Costa,24/25,2025,1,0.5609687831881447,1,0
289149,Nicolás Orsini,24/25,2025,0,0.5609330043681733,1,1
461511,Yac Diori,24/25,2025,1,0.5608886282688782,1,0
267152,Sebastian Musiolik,24/25,2025,1,0.5608783693017853,1,0
476237,Steven Alzate,24/25,2025,1,0.560874962766895,1,0
1159175,Mathew Gbomadu,24/25,2025,0,0.5608586575736029,1,1
340437,Andrea Paolelli,24/25,2025,0,0.5608323378873004,1,1
504855,John McAtee,24/25,2025,0,0.5608188964413586,1,1
432959,Perotti,24/25,2025,1,0.5608068646597882,1,0
418567,Markus Solbakken,24/25,2025,1,0.5608061677536633,1,0
282921,Daniele Casella,24/25,2025,1,0.5608061408421358,1,0
433091,Jalen Hawkins,24/25,2025,0,0.560776285403484,1,1
1030153,Justin Bourgault,24/25,2025,0,0.560747978505588,1,1
567456,Andrea Bonetti,24/25,2025,0,0.5607441895495807,1,1
817302,Sergio Barlocco,24/25,2025,0,0.5607209130964931,1,1
866916,Tom Negrel,24/25,2025,0,0.560697854874511,1,1
544895,Paulinho Bóia,24/25,2025,0,0.5606609946113054,1,1
911487,Samba Koné,24/25,2025,0,0.5606550008363445,1,1
341647,Cengiz Ünder,24/25,2025,1,0.5606494083940157,1,0
728256,Luca Andrada,24/25,2025,0,0.5605977801451408,1,1
396328,Luis Perea,24/25,2025,1,0.560594811062248,1,0
814528,Georgios Kosteas,24/25,2025,1,0.5605785522926711,1,0
511813,Sidnei Tavares,24/25,2025,1,0.5605707999632383,1,0
394332,Alberto Marini,24/25,2025,0,0.5605621329619263,1,1
199921,Davide Petermann,24/25,2025,1,0.5605438036152995,1,0
1169857,Freddie Anderson,24/25,2025,0,0.5605437342700377,1,1
353967,Şiyar Kepir,24/25,2025,1,0.5605407035838883,1,0
584809,Ivan Durdov,24/25,2025,0,0.5604886821286212,1,1
583641,Antonee Burke-Gilroy,24/25,2025,0,0.5604601512285314,1,1
883084,Alessio Sarpa,24/25,2025,1,0.5604457431426411,1,0
311696,Kuki Zalazar,24/25,2025,0,0.5604315904382893,1,1
649016,El Bilal Touré,24/25,2025,1,0.5603936507335243,1,0
697278,Charlie Webster,24/25,2025,0,0.5603898351837205,1,1
240206,Jacopo Manconi,24/25,2025,0,0.5603790621216407,1,1
747810,Tiago Hernández,24/25,2025,0,0.5603627262417865,1,1
554251,Yasser Larouci,24/25,2025,1,0.5603525417857264,1,0
723733,Bernardo Folha,24/25,2025,0,0.5603196344136644,1,1
455425,Nando Pijnaker,24/25,2025,0,0.5603162221094009,1,1
1333057,Ettore Sani,24/25,2025,1,0.5603121586792412,1,0
895331,Dani Pérez,24/25,2025,0,0.5602966103418423,1,1
796242,Kevin Kállai,24/25,2025,1,0.5602521407114808,1,0
1131161,Robinio Vaz,24/25,2025,0,0.560220878355424,1,1
422573,Sergiu Jurj,24/25,2025,0,0.560218752996187,1,1
623173,Anestis Vlachomitros,24/25,2025,1,0.5601840658198203,1,0
490384,Koni De Winter,24/25,2025,1,0.5601794780142662,1,0
518451,Assad Al-Hamlawi,24/25,2025,1,0.5601186069083522,1,0
912509,Jamal Rogero,24/25,2025,1,0.560110648647106,1,0
813152,Makan Aïko,24/25,2025,0,0.5601060815598742,1,1
905719,Nikola Vukic,24/25,2025,0,0.5600986035605369,1,1
14881,Marcelo Carné,24/25,2025,1,0.5600972091631724,1,0
395516,Moussa Diaby,24/25,2025,0,0.5600822796669471,1,1
491648,Diego Valencia,24/25,2025,0,0.5600265731535304,1,1
1112392,David Hoxha,24/25,2025,0,0.5599925756063567,1,1
392179,Hjalmar Ekdal,24/25,2025,0,0.5599824416785965,1,1
400532,Joel Felix,24/25,2025,0,0.5599094561433592,1,1
937672,Joel Aubin Vidékon,24/25,2025,1,0.5599077941208196,1,0
422287,Konstantinos Panagou,24/25,2025,1,0.5599018559958525,1,0
549791,Augustus Kargbo,24/25,2025,0,0.5598964861693201,1,1
410305,Erik Gerbi,24/25,2025,0,0.559869483235608,1,1
864769,Brandon Bokangu,24/25,2025,0,0.5598657516585519,1,1
263860,Jason Remeseiro,24/25,2025,1,0.5598642566970072,1,0
271646,Karim Loukili,24/25,2025,0,0.5598458054894365,1,1
705288,Angelo Talia,24/25,2025,0,0.5598216715776496,1,1
395612,Nicolò Clerici,24/25,2025,1,0.5598159351323077,1,0
1021391,Emmanuel Poku,24/25,2025,0,0.5598068084396807,1,1
977382,Yeiner Londoño,24/25,2025,1,0.5597996957247862,1,0
670683,Hugo Félix,24/25,2025,1,0.5597973540541186,1,0
878340,Aleksa Maras,24/25,2025,1,0.5597911693577828,1,0
447469,Hugo Alves,24/25,2025,1,0.5597314914539426,1,0
342240,Thijmen Goppel,24/25,2025,1,0.5597174267088921,1,0
938349,Rober,24/25,2025,0,0.5597161290654576,1,1
391780,Derrick Köhn,24/25,2025,1,0.5597146552244125,1,0
590204,Athanasios Leonidopoulos,24/25,2025,1,0.559712555211862,1,0
607228,Félix Nzouango,24/25,2025,1,0.5597000445015529,1,0
1065440,Mauro Echegoyen,24/25,2025,0,0.5596510940097041,1,1
704156,Nicholas Gioacchini,24/25,2025,0,0.5596488856986921,1,1
146844,Kerim Frei,24/25,2025,1,0.5596476681890484,1,0
647955,Quadri Liameed,24/25,2025,1,0.5596010903639886,1,0
363541,Samu Pérez,24/25,2025,1,0.5595974719648925,1,0
717296,Lucas Areco,24/25,2025,0,0.5595943328996703,1,1
651005,Cher Ndour,24/25,2025,0,0.559583283479373,1,1
528833,Lazar Samardžić,24/25,2025,1,0.5594979913294027,1,0
581018,Andrija Katic,24/25,2025,0,0.5594796017749123,1,1
625653,Iker Kortajarena,24/25,2025,0,0.5594786729901168,1,1
1031607,Nico Petras,24/25,2025,1,0.5594115636205067,1,0
1048043,Alessandro Piseddu,24/25,2025,1,0.5594100147952659,1,0
358903,Leroy Kwadwo,24/25,2025,1,0.5593824299384579,1,0
806930,Kasper Kiilerich,24/25,2025,0,0.5593596564678347,1,1
395070,Damiano Lia,24/25,2025,1,0.5593481707783967,1,0
495602,Moha Ramos,24/25,2025,1,0.5593471250319588,1,0
291266,Godfred Donsah,24/25,2025,0,0.5593240380366289,1,1
146519,Haythem Jouini,24/25,2025,1,0.5593114371609176,1,0
345742,Alessandro Quaini,24/25,2025,0,0.5592844795647658,1,1
182446,Zinho Gano,24/25,2025,1,0.5592811382137551,1,0
167854,Matteo Meucci,24/25,2025,0,0.5592785007507679,1,1
924497,Lorenzo Orellano,24/25,2025,1,0.5592420825345743,1,0
280278,Petar Vitanov,24/25,2025,0,0.5592344663260661,1,1
389837,Nicolò Casale,24/25,2025,1,0.5592248312327587,1,0
1185116,Zalán Gregor,24/25,2025,1,0.5592116178817244,1,0
280832,Carlo Crialese,24/25,2025,1,0.559188444997194,1,0
388042,Karlo Muhar,24/25,2025,1,0.5591842424647716,1,0
557264,Lorenzo Fino,24/25,2025,0,0.5591586141058609,1,1
189157,Vasilios Papadopoulos,24/25,2025,0,0.5591439087232968,1,1
598136,Christoph Maier,24/25,2025,1,0.5591413608689981,1,0
59558,Emilio Nsue,24/25,2025,0,0.5591371921344279,1,1
684307,Youssef Amyn,24/25,2025,1,0.5591214923707031,1,0
634432,Iván Muñoz,24/25,2025,0,0.5591128301276314,1,1
489343,Leo Oppermann,24/25,2025,0,0.5591060622797361,1,1
874062,Nathan Asiimwe,24/25,2025,1,0.5590867879601289,1,0
370833,Doğukan Sinik,24/25,2025,1,0.5590687852639545,1,0
924031,Leo Eberle,24/25,2025,1,0.559045002877612,1,0
711034,Gianmarco Todisco,24/25,2025,1,0.5590375217675793,1,0
466809,Konrad de la Fuente,24/25,2025,1,0.5589977872712862,1,0
831162,Gino Infantino,24/25,2025,0,0.5589572990898504,1,1
435712,Andrei Cordea,24/25,2025,1,0.5589567286599632,1,0
430310,Andrew Irving,24/25,2025,0,0.5589421447151608,1,1
647392,Scott Smith,24/25,2025,1,0.5588943920236878,1,0
361925,Achraf Bencharki,24/25,2025,0,0.5588857404332624,1,1
456877,Rekeem Harper,24/25,2025,1,0.5588685417256262,1,0
534377,Kialy Abdoul Kone,24/25,2025,0,0.5588387356345117,1,1
162819,Rafa Lopes,24/25,2025,0,0.5588330635724879,1,1
602987,Mario Subaric,24/25,2025,1,0.5587610625616064,1,0
708315,Jakub Hrustinec,24/25,2025,1,0.558744332996553,1,0
907634,Jacopo Cerasani,24/25,2025,1,0.5587388160453843,1,0
1153675,Pedro Ramos,24/25,2025,0,0.5587116932076927,1,1
365202,Daire O'Connor,24/25,2025,1,0.5586633361594767,1,0
418208,Ionuț Rus,24/25,2025,0,0.5586536704336099,1,1
721669,Dominik Földi,24/25,2025,0,0.5586101938449087,1,1
557612,Sékou Mara,24/25,2025,1,0.5586066303515211,1,0
284165,Steven Bergwijn,24/25,2025,0,0.5585722450521811,1,1
937278,Filippo Turone,24/25,2025,0,0.558569509715533,1,1
527791,Jack Sparkes,24/25,2025,1,0.5585509707429523,1,0
760019,Matteo Casarotto,24/25,2025,1,0.558529230146128,1,0
211107,João Afonso,24/25,2025,0,0.5585281384135141,1,1
696146,Tim Giesen,24/25,2025,1,0.5585142361217817,1,0
230210,Lolo Plá,24/25,2025,1,0.5584678972187387,1,0
444445,Tommaso Degl'Innocenti,24/25,2025,0,0.5584670844802728,1,1
254997,Francesco Salvemini,24/25,2025,1,0.5584566788001117,1,0
435406,Demba Thiam,24/25,2025,1,0.5584521313673174,1,0
907688,Riccardo Spaggiari,24/25,2025,1,0.5584503703431207,1,0
690488,Aleksandar Vasiljevic,24/25,2025,0,0.558437884739438,1,1
907087,Berkay Yilmaz,24/25,2025,0,0.5583824642381237,1,1
156764,Gavin Reilly,24/25,2025,0,0.5583822432000792,1,1
234787,Lucas João,24/25,2025,1,0.5583768826384556,1,0
706933,Manuel Alagna,24/25,2025,0,0.5583527304596849,1,1
670841,Junior Robinson,24/25,2025,1,0.5583481759672617,1,0
1216569,Osama El Bazar,24/25,2025,0,0.5583385287892244,1,1
198410,Adrian Dabasse,24/25,2025,0,0.5583122034285016,1,1
1043471,Augusto Dabó,24/25,2025,1,0.5582697063488786,1,0
363514,Tim Kips,24/25,2025,1,0.5582409670759724,1,0
678991,Ulisses,24/25,2025,0,0.5582152068679164,1,1
630106,Stefan Obradović,24/25,2025,1,0.5581751288805243,1,0
251079,Ertuğrul Ersoy,24/25,2025,1,0.558155014350791,1,0
198298,Carmine De Sena,24/25,2025,1,0.5581388293166026,1,0
424709,Cheick Timite,24/25,2025,1,0.5581239516524822,1,0
575620,Mauricio Villalobos,24/25,2025,1,0.5580685038213783,1,0
624870,Ed Carlos,24/25,2025,1,0.5580507595935602,1,0
263267,Riad Bajic,24/25,2025,1,0.5580226065819499,1,0
410735,Jamie Jacobs,24/25,2025,1,0.5579922776450549,1,0
511878,Agapios Vrikkis,24/25,2025,1,0.5579848386987605,1,0
337725,Christian Kouamé,24/25,2025,0,0.5579550004575947,1,1
425031,Michalis Bousis,24/25,2025,1,0.557951187178747,1,0
340521,Gui Ramos,24/25,2025,0,0.5579483278534988,1,1
278467,Iván Pérez,24/25,2025,1,0.5579133474029643,1,0
390084,Aleksa Marusic,24/25,2025,0,0.5578770365475121,1,1
934202,Raffaele Romano,24/25,2025,1,0.5578245940174541,1,0
965715,Lassina Kone Junior,24/25,2025,0,0.557806884260291,1,1
741253,Javier Boñar,24/25,2025,0,0.5577739284594024,1,1
743495,Nehemiah Fernandez,24/25,2025,1,0.5577688615116088,1,0
733496,JJ McKiernan,24/25,2025,1,0.5577577259719272,1,0
606222,Juanca Pineda,24/25,2025,0,0.5577434281571401,1,1
341317,Oliver Burke,24/25,2025,1,0.5577396174091626,1,0
1056655,Rubén Quintanilla,24/25,2025,1,0.5576626037774792,1,0
674921,Nikola Soldo,24/25,2025,1,0.5576508169358317,1,0
935757,Daniel Holasek,24/25,2025,0,0.5575940947819454,1,1
307924,Mergim Berisha,24/25,2025,0,0.5575891255793486,1,1
663703,Nicola Dipinto,24/25,2025,0,0.5575757792401268,1,1
95424,Kyle Walker,24/25,2025,1,0.5575543186337398,1,0
195601,Janik Mäder,24/25,2025,0,0.5575274885153431,1,1
927267,Nicolò Amadori,24/25,2025,1,0.5574962983705458,1,0
190687,Joshua Smits,24/25,2025,1,0.5574808729994392,1,0
467435,Yannik Schlößer,24/25,2025,1,0.5574409411228449,1,0
267674,Gabriel Colombatti,24/25,2025,0,0.557435609010441,1,1
709671,Răzvan Pașcalău,24/25,2025,1,0.5573998734920693,1,0
388537,Nikolay Prudnikov,24/25,2025,0,0.5573867172895056,1,1
402089,Ben Whitfield,24/25,2025,1,0.5573859382171681,1,0
604105,Ole Hoch,24/25,2025,1,0.5573779124326461,1,0
904335,Leander Fritzsche,24/25,2025,1,0.5573773136922779,1,0
237430,Deyvison Fernandes,24/25,2025,1,0.5573689215102424,1,0
267035,Jannes Vollert,24/25,2025,0,0.5573626638601106,1,1
106641,Kane Hemmings,24/25,2025,1,0.5573596793457818,1,0
267014,Matteo Battistini,24/25,2025,0,0.5573581173391305,1,1
512127,Fabrício Isidoro,24/25,2025,1,0.5573556358428554,1,0
155036,Simone Corazza,24/25,2025,0,0.5573533535229742,1,1
744941,Sekou Lega,24/25,2025,1,0.5573368545172463,1,0
1176418,Owen Stirton,24/25,2025,1,0.5572817222906707,1,0
432224,Mateo Karamatic,24/25,2025,1,0.55727786405564,1,0
274694,Ionuț Nedelcearu,24/25,2025,0,0.5572526171804547,1,1
669793,Andrea Bozzolan,24/25,2025,1,0.5572170815299564,1,0
745114,Adrián Flaqué,24/25,2025,0,0.5572095631468863,1,1
500191,Pepe Sánchez,24/25,2025,0,0.5572041125865473,1,1
16043,Alessandro Albertini,24/25,2025,1,0.5571924981767037,1,0
879236,Zé Vítor,24/25,2025,0,0.5571816750444358,1,1
441385,Gonzalo Maroni,24/25,2025,0,0.5571762728666979,1,1
258475,Nikola Maras,24/25,2025,0,0.5571573178364477,1,1
1288949,Abdoulaye Kanté,24/25,2025,1,0.5571500321876397,1,0
139278,Luca Zander,24/25,2025,1,0.5571329314180019,1,0
531411,Esteban Orozco,24/25,2025,0,0.5570876685300381,1,1
221421,Kleis Bozhanaj,24/25,2025,1,0.5570780023131016,1,0
664420,Albert Caparrós,24/25,2025,0,0.5570601622609792,1,1
375392,Paulo Moreira,24/25,2025,0,0.5570563376567121,1,1
902702,Jayson Videira,24/25,2025,1,0.557023407382507,1,0
284724,Nehuén Paz,24/25,2025,1,0.5569999529065873,1,0
247813,Anthony Okpotu,24/25,2025,1,0.5569844191764906,1,0
703655,Noah Botic,24/25,2025,1,0.5569783522656105,1,0
337798,Abdu Conté,24/25,2025,1,0.5569783038451105,1,0
1062258,Gabriel Fernandes,24/25,2025,1,0.5569477707934745,1,0
657742,Joaquín Sosa,24/25,2025,1,0.5569392166705689,1,0
684178,Jason Sraha,24/25,2025,0,0.5568965948231615,1,1
1082519,Charlys,24/25,2025,1,0.5568890904402537,1,0
340323,Savvas Mourgos,24/25,2025,0,0.5568812986210603,1,1
203662,Giannis Sotirakos,24/25,2025,1,0.5568533142166758,1,0
381209,Rober Sierra,24/25,2025,1,0.5568392474795519,1,0
745596,Batuhan Yavuz,24/25,2025,0,0.5568275542533598,1,1
735349,Rafail Sgouros,24/25,2025,1,0.5567868577830178,1,0
347958,Gaétan Weissbeck,24/25,2025,0,0.5567859758475209,1,1
1158985,Gerónimo Spina,24/25,2025,0,0.556782790287802,1,1
225459,Carlos Hernández,24/25,2025,0,0.5567707014646381,1,1
600041,Mattia Felici,24/25,2025,0,0.5567487834749627,1,1
400044,Balázs Tóth,24/25,2025,0,0.5567454592141001,1,1
807034,Marco Schabauer,24/25,2025,1,0.5567411731905864,1,0
704347,Antonio Pio Iervolino,24/25,2025,0,0.5566960059808406,1,1
864733,Léo Alaba,24/25,2025,0,0.5566654412981035,1,1
566630,Romeo Vucic,24/25,2025,0,0.5566626690321578,1,1
697515,Mario Mustapic,24/25,2025,1,0.5566505626812941,1,0
335100,Sam Schreck,24/25,2025,0,0.5566448532164101,1,1
394875,Federico Chiossi,24/25,2025,0,0.5566286839811857,1,1
595240,Milan Hokke,24/25,2025,1,0.5566063822181445,1,0
526992,Alessandro Galeandro,24/25,2025,0,0.556551199273799,1,1
605015,Raffaele Cartano,24/25,2025,1,0.5565220155798899,1,0
790473,Elia Summa,24/25,2025,0,0.5565090718975493,1,1
333856,Felix Schmiederer,24/25,2025,0,0.5565047423882927,1,1
511023,Dani Gallardo,24/25,2025,0,0.5564649164733062,1,1
682625,David Valero,24/25,2025,0,0.5564623145286501,1,1
521996,Yevgeniy Terzi,24/25,2025,1,0.5564418712475894,1,0
445548,Charlie Brown,24/25,2025,0,0.556432087714603,1,1
503004,Alessio Rizzo,24/25,2025,1,0.5564233282042031,1,0
406556,Tom McGill,24/25,2025,0,0.5563848277269401,1,1
222225,Pius Krätschmer,24/25,2025,1,0.5563696861577179,1,0
182713,Carlos Daniel,24/25,2025,0,0.5563511688640131,1,1
435665,Vladyslav Khomutov,24/25,2025,1,0.5563451891157396,1,0
282427,Fran Ganfornina,24/25,2025,0,0.5563381210826851,1,1
371370,Ismet Sinani,24/25,2025,1,0.5562972146529626,1,0
557610,Isaac Lihadji,24/25,2025,0,0.5562785180281814,1,1
695646,Charles Boli,24/25,2025,1,0.5562620078219285,1,0
591353,Robinho,24/25,2025,1,0.5562613630211103,1,0
197613,Alexandre Guedes,24/25,2025,0,0.5562256965802281,1,1
1042811,Lorenzo De Leo,24/25,2025,0,0.5562225318071071,1,1
708300,Vladimir Zeman,24/25,2025,0,0.5562187464533886,1,1
397812,Daniele Rocco,24/25,2025,1,0.5562118495507875,1,0
441079,Mauro Cerutti,24/25,2025,1,0.5561739635873092,1,0
96133,Fabio Scarsella,24/25,2025,0,0.5561578358562242,1,1
993687,Lorenzo Biliboc,24/25,2025,1,0.5561304088835138,1,0
678441,Daniele Montevago,24/25,2025,0,0.5561279895751216,1,1
672868,Pietro Giordani,24/25,2025,1,0.5561013805305728,1,0
627224,Gabriel Silva,24/25,2025,0,0.5561009414179987,1,1
288487,Cristian Cruz,24/25,2025,0,0.5560691980267224,1,1
341717,Miguel Acosta,24/25,2025,1,0.5560571720542361,1,0
504198,Connor Parsons,24/25,2025,0,0.556054776652576,1,1
468549,Tamir Glazer,24/25,2025,1,0.556045507427488,1,0
89756,Yashir Islame,24/25,2025,0,0.5559474157059611,1,1
241889,Antonio Barreca,24/25,2025,1,0.5558873610328792,1,0
561027,Youssef Ayman,24/25,2025,0,0.555883343567985,1,1
908764,Matteo Galassi,24/25,2025,1,0.5558792413846133,1,0
604458,Aaron Sky Schwarz,24/25,2025,1,0.5558700482291479,1,0
745608,Noel Werner,24/25,2025,1,0.5558231657014914,1,0
973575,Guilherme Zimovski,24/25,2025,0,0.555814497818731,1,1
692771,Byron Burgering,24/25,2025,1,0.5557603358399874,1,0
296234,Deco,24/25,2025,0,0.5557598230742404,1,1
1025974,Findlay Marshall,24/25,2025,1,0.5557128272421584,1,0
941458,Jere Vrcic,24/25,2025,0,0.5556880981390376,1,1
776737,Joselito,24/25,2025,0,0.5556591059501601,1,1
634125,Xabi Huarte,24/25,2025,1,0.5556361956342685,1,0
593480,Aymane Mourid,24/25,2025,1,0.5555942567508542,1,0
791694,Luís Ribeiro,24/25,2025,1,0.555568955151786,1,0
463798,Alessandro Coppola,24/25,2025,1,0.5555421531833495,1,0
242267,Saleh Al-Shehri,24/25,2025,0,0.5555200202702715,1,1
191359,Florian Pick,24/25,2025,1,0.5554936329418776,1,0
654173,Brad Young,24/25,2025,1,0.555479783533758,1,0
199258,Andrea Petagna,24/25,2025,0,0.5554676598345617,1,1
395714,Alex Rolfini,24/25,2025,1,0.5554653919151591,1,0
228940,João Novais,24/25,2025,1,0.5554277763161872,1,0
766580,Jacobo Guzmán,24/25,2025,1,0.5554256274958922,1,0
628303,Julian Weigel,24/25,2025,0,0.5553969970923069,1,1
313830,Pablo Galdames,24/25,2025,0,0.5553951565547706,1,1
490967,Andri Gudjohnsen,24/25,2025,1,0.5553816414821953,1,0
461895,Diogo Sousa,24/25,2025,0,0.5553405058408484,1,1
496270,Gianmarco Cangiano,24/25,2025,1,0.5553290845675225,1,0
301037,Aleksandr Filin,24/25,2025,1,0.5553233304796844,1,0
662808,Rodney Elongo-Yombo,24/25,2025,1,0.5553077555341804,1,0
854085,Ivan Mensah,24/25,2025,1,0.5553027609317802,1,0
704709,Mattia Damiani,24/25,2025,1,0.5552869801382947,1,0
915899,Dominik Nisandzic,24/25,2025,0,0.5552814771445383,1,1
468283,Shaocong Wu,24/25,2025,0,0.5552788787902176,1,1
203628,Tim Bunge,24/25,2025,0,0.5552733073117212,1,1
387078,Andrea Boscolo Papo,24/25,2025,0,0.5552681774160756,1,1
167254,Dominic Ball,24/25,2025,1,0.5552310643997224,1,0
911479,Imran Ali,24/25,2025,1,0.5552307476373335,1,0
254685,Zdravko Manasiev,24/25,2025,1,0.5551844232667049,1,0
1048618,Philipp Maybach,24/25,2025,0,0.555164935459688,1,1
928612,Hamza el Dahri,24/25,2025,1,0.5551573507914197,1,0
723667,Brahima Diarra,24/25,2025,0,0.555150629627554,1,1
583699,Andrej Ilic,24/25,2025,1,0.5551379699153627,1,0
1267574,Cristian Audisio,24/25,2025,0,0.5551376654106654,1,1
877118,Martin Georgiev,24/25,2025,0,0.5551350008719337,1,1
689639,Javi Villar,24/25,2025,0,0.5551346918858642,1,1
704846,Mattia La Marca,24/25,2025,1,0.5551309253663844,1,0
726114,Mario Mitaj,24/25,2025,0,0.5551227625538077,1,1
412046,Iván Chapela,24/25,2025,1,0.5550911552701407,1,0
1182084,Giulio Leo,24/25,2025,1,0.5550697065598875,1,0
840794,Dylan Perera,24/25,2025,0,0.555064449574048,1,1
740159,David Sousa,24/25,2025,1,0.5550533355523952,1,0
110931,Marco Fossati,24/25,2025,1,0.5550327279841278,1,0
718314,Peter Olawale,24/25,2025,1,0.5550230150956925,1,0
543390,Mamadou Traoré,24/25,2025,1,0.5550066566323751,1,0
298635,Grigoris Kastanos,24/25,2025,1,0.5549925777574283,1,0
710860,Leandro Alves,24/25,2025,0,0.5549760795890198,1,1
810673,Ilhan Altuntas,24/25,2025,1,0.554964217373502,1,0
531121,Juan Gutiérrez,24/25,2025,0,0.5549593783721087,1,1
583767,Semir Telalovic,24/25,2025,1,0.5549288909299303,1,0
814007,Corrado Riviera,24/25,2025,0,0.5549260245437801,1,1
458800,Andrea Mattioli,24/25,2025,0,0.554917193761237,1,1
304319,Milos Zukanovic,24/25,2025,1,0.5549138084063133,1,0
658534,Lasso Coulibaly,24/25,2025,0,0.5549128753917677,1,1
1270449,Aarón Martin,24/25,2025,1,0.5548828667758369,1,0
504091,Pedrinho,24/25,2025,0,0.5548802014847034,1,1
110316,Gerardo Strumbo,24/25,2025,0,0.5548702435141488,1,1
874080,Mason Burstow,24/25,2025,1,0.5548686514020266,1,0
637469,Zean Dalügge,24/25,2025,1,0.554862594485305,1,0
390725,Andrea Masetti,24/25,2025,0,0.5548597663892606,1,1
249963,Adriano Schmidt,24/25,2025,1,0.5548341123049501,1,0
765468,Milan de Haan,24/25,2025,1,0.5548296831353885,1,0
938678,Leonardo Mendicino,24/25,2025,1,0.5547852097346588,1,0
117549,Rodri Ríos,24/25,2025,1,0.5547585430958809,1,0
705517,Ilhan Fandi,24/25,2025,1,0.5547568279344801,1,0
405687,Tom Krauß,24/25,2025,1,0.5547296502722989,1,0
491960,Benito,24/25,2025,1,0.5546913891343173,1,0
130149,Giannis Pasas,24/25,2025,0,0.5546666792099028,1,1
284301,Philipp Wendt,24/25,2025,1,0.5546611323385284,1,0
242532,Rober Ibáñez,24/25,2025,1,0.5546516576234786,1,0
935779,Mario Crasta,24/25,2025,1,0.5546188252243826,1,0
398030,Giuseppe Caso,24/25,2025,0,0.5546124833097165,1,1
1074629,Ivan Djantou,24/25,2025,1,0.5546052047248803,1,0
228584,David Simón,24/25,2025,0,0.5545874749261408,1,1
666234,Mohamed Simakan,24/25,2025,1,0.5545831067929105,1,0
661711,Jonas Oehmichen,24/25,2025,0,0.5545807132536943,1,1
71662,Marco Paixão,24/25,2025,1,0.554580540369996,1,0
331503,Alejandro Viedma,24/25,2025,1,0.5545581755059722,1,0
197744,Nicolò Fazzi,24/25,2025,1,0.5545427234065103,1,0
620764,Elvir Zukaj,24/25,2025,1,0.5545306723836442,1,0
258911,Mukhtar Ali,24/25,2025,0,0.5545255708495235,1,1
669914,Malik Djibril,24/25,2025,0,0.5544721105525497,1,1
517422,Simon Baekgaard,24/25,2025,0,0.5544636246093679,1,1
604455,Adar Ratner,24/25,2025,0,0.5544455557079162,1,1
670682,Marco Cruz,24/25,2025,1,0.5543968644148616,1,0
110934,Simone Sini,24/25,2025,0,0.5543609811181383,1,1
815180,Robert Kwasigroch,24/25,2025,1,0.5543572476276681,1,0
292365,Paulo Henrique,24/25,2025,1,0.5543549016471765,1,0
361504,Rafa Mujica,24/25,2025,0,0.5543387752574861,1,1
1295593,Nicholas Dmitrovic,24/25,2025,0,0.5543321121098269,1,1
712042,Jacopo Ricco,24/25,2025,1,0.5542996410897504,1,0
815028,Panagiotis Anastasopoulos,24/25,2025,1,0.5542941787014095,1,0
1159022,Mateus Lusuardi,24/25,2025,1,0.5542750418749427,1,0
908621,Nabil Aberdin,24/25,2025,0,0.5542745802363729,1,1
699018,Zac Ashworth,24/25,2025,0,0.554264638946103,1,1
842802,Javier Akapo,24/25,2025,1,0.5542199128007984,1,0
128036,Bright Addae,24/25,2025,0,0.5542197182602648,1,1
411544,Sherwin Seedorf,24/25,2025,1,0.5541902482432469,1,0
354567,Stephen Humphrys,24/25,2025,1,0.5541552474450018,1,0
907318,Charlie McArthur,24/25,2025,0,0.5541402480296906,1,1
701036,Gianluca Parodi,24/25,2025,1,0.5541308691219542,1,0
451942,Sam Todd,24/25,2025,0,0.5540703939388183,1,1
485798,Davide Munari,24/25,2025,1,0.5540392445135993,1,0
1055082,Andrea Oliviero,24/25,2025,0,0.5540374758103898,1,1
420886,Elisha Sam,24/25,2025,1,0.5540285413256902,1,0
852727,Diego García,24/25,2025,0,0.5540153751155706,1,1
321551,Abdullah Celik,24/25,2025,1,0.5539768116594996,1,0
352832,Pepo,24/25,2025,0,0.5539384708744634,1,1
1146943,Adam Knaze,24/25,2025,0,0.5539341226034499,1,1
518348,Kelechi John,24/25,2025,1,0.5539206279502066,1,0
847217,Alberto Spina,24/25,2025,0,0.5538879193690086,1,1
635318,Juanpa Palomares,24/25,2025,1,0.5538856508753291,1,0
927870,Niccolò Bianchi,24/25,2025,0,0.5538843592907734,1,1
286389,Joshua Endres,24/25,2025,0,0.5538368831328081,1,1
492489,Christian Vestergaard,24/25,2025,1,0.5538336491023066,1,0
425781,Leon Sipos,24/25,2025,0,0.5538215939373119,1,1
199947,Davide Voltan,24/25,2025,1,0.5538060458538522,1,0
391498,Mert Çetin,24/25,2025,1,0.5538008624541494,1,0
706822,Roshaun Mathurin,24/25,2025,1,0.5537835300570831,1,0
738119,Antonino Viola,24/25,2025,0,0.5537545429244801,1,1
568719,Leonardo Agius,24/25,2025,1,0.5537474085670472,1,0
421984,Vaclav Drchal,24/25,2025,0,0.5537438966243509,1,1
580484,Leonardo Petrovic,24/25,2025,1,0.5537267660097971,1,0
1063333,Jorge Cabello,24/25,2025,0,0.5537176281606291,1,1
756811,Manuel Llano,24/25,2025,0,0.5537027561938688,1,1
648520,Alex Vigo,24/25,2025,0,0.5536976887547169,1,1
164771,Jordan Veretout,24/25,2025,1,0.5536964941358714,1,0
461582,Issiar Dramé,24/25,2025,0,0.553689945211426,1,1
634374,Macula,24/25,2025,1,0.5536231844785072,1,0
220686,Antonio Vutov,24/25,2025,1,0.5536204709451975,1,0
226025,Luca Mazzitelli,24/25,2025,1,0.553619384607341,1,0
651735,Magnus Knudsen,24/25,2025,0,0.5536096438483937,1,1
585761,Jonas Arcalean,24/25,2025,1,0.5536072728065711,1,0
938177,Tommaso Cecotti,24/25,2025,0,0.5535852138983096,1,1
1076073,Américo Neves,24/25,2025,1,0.5535659469410519,1,0
234286,Mihai Leca,24/25,2025,1,0.553562422246284,1,0
896526,Patrick Kelly,24/25,2025,1,0.5535384715685248,1,0
706860,Mitchy Ntelo,24/25,2025,0,0.5535344708133272,1,1
439292,Sydney van Hooijdonk,24/25,2025,0,0.5535177990540331,1,1
653707,Martin Smolenski,24/25,2025,0,0.553498959162566,1,1
290733,Gian Filippo Felicioli,24/25,2025,0,0.5534971486872778,1,1
503291,Rayan Ghrieb,24/25,2025,1,0.5534962109191908,1,0
748316,Juan Manuel Cruz,24/25,2025,1,0.5534517613121814,1,0
344415,Dominik Steczyk,24/25,2025,0,0.553442495331527,1,1
398063,Luke Southwood,24/25,2025,1,0.5534194838588468,1,0
821113,Paolo Gardoni,24/25,2025,0,0.5534003698603968,1,1
542572,Sergio Maselli,24/25,2025,0,0.5533845771073093,1,1
949118,Ibrahima Diallo,24/25,2025,0,0.553353996521928,1,1
200736,Jorge Aparicio,24/25,2025,0,0.5533356045126897,1,1
468256,Daniel Penha,24/25,2025,1,0.5533297715223184,1,0
444208,Michael Obafemi,24/25,2025,1,0.5533150605821487,1,0
662452,Juan Alegría,24/25,2025,1,0.5532734853835632,1,0
86083,Richard Marcone,24/25,2025,1,0.5532476354489898,1,0
1020642,Anton Ihde,24/25,2025,0,0.5532357735292396,1,1
1245815,Siviwe Magidigidi,24/25,2025,1,0.5532223247445267,1,0
207061,Francis de Vries,24/25,2025,0,0.5532220897218832,1,1
1111776,Ibou Sané,24/25,2025,0,0.5531790571768784,1,1
512754,Maxence Carlier,24/25,2025,0,0.5531748350168098,1,1
90772,Cem Ekinci,24/25,2025,1,0.5531747024902486,1,0
664808,August Priske,24/25,2025,0,0.5531672524878908,1,1
490763,Kalvin Ketu,24/25,2025,0,0.553143027248787,1,1
816012,Gino Costanzo,24/25,2025,0,0.5530730851573065,1,1
668996,Joaquín Blázquez,24/25,2025,0,0.5530322704995251,1,1
331726,Tammy Abraham,24/25,2025,1,0.5530304230614462,1,0
448920,Enea Mihaj,24/25,2025,1,0.5530074687364781,1,0
908967,Valon Aliji,24/25,2025,0,0.5529994514166309,1,1
899271,Idumba Fasika,24/25,2025,1,0.552959400859848,1,0
392964,Emmanuel Latte Lath,24/25,2025,0,0.5529592967411646,1,1
569033,Armindo Sieb,24/25,2025,0,0.55291911537736,1,1
227347,Valentin Antov,24/25,2025,0,0.5528740028466413,1,1
243606,Anastasios Donis,24/25,2025,1,0.5528661726734906,1,0
937999,Simone Cortese,24/25,2025,1,0.5528557970859985,1,0
513441,Diego González,24/25,2025,1,0.5528288858848502,1,0
186621,Vasilios Gavriilidis,24/25,2025,0,0.552824073190154,1,1
546944,Taylor Gardner-Hickman,24/25,2025,1,0.552785454517616,1,0
598486,Mário Balbúrdia,24/25,2025,0,0.5527748987240494,1,1
650256,Paolo Vismara,24/25,2025,0,0.5527551222164255,1,1
342984,Bertalan Kun,24/25,2025,0,0.5527547734114108,1,1
726120,Simon Simoni,24/25,2025,0,0.5527367388017689,1,1
345748,Andreas Bruus,24/25,2025,1,0.5527340712894326,1,0
931961,Onur Kaplan,24/25,2025,0,0.5526859561618132,1,1
554811,Riccardo Nessi,24/25,2025,1,0.5525796731761423,1,0
298743,Stanisa Mandic,24/25,2025,0,0.5525506358106937,1,1
1195327,Shayibu Abubakari,24/25,2025,1,0.5525447436903458,1,0
415816,Diallang Jaiyesimi,24/25,2025,0,0.5524649766616759,1,1
517379,Housseine Zakouani,24/25,2025,1,0.5524418510940097,1,0
342876,Didier Desprez,24/25,2025,1,0.5524341932808122,1,0
238752,Keita Baldé,24/25,2025,0,0.552429571066195,1,1
842910,Ayrton Costa,24/25,2025,0,0.5524160354307176,1,1
1039621,Marvin Pohl,24/25,2025,1,0.5524130789712187,1,0
291124,Gaëtan Laura,24/25,2025,1,0.5524093519970141,1,0
481367,Miguel Merentiel,24/25,2025,0,0.5523852707726046,1,1
315862,Filippo Melegoni,24/25,2025,0,0.5523320259708548,1,1
255933,Michael Seaton,24/25,2025,1,0.552323083925857,1,0
945753,Julio Díaz,24/25,2025,0,0.5523199755878428,1,1
708193,Rok Bržan,24/25,2025,1,0.5523012371994998,1,0
960274,Michele Grande,24/25,2025,0,0.5522915338150509,1,1
295761,Stefano Aiolfi,24/25,2025,0,0.5522588260260528,1,1
1053571,Christian Cugnata,24/25,2025,1,0.5522418037175402,1,0
221312,Jordan Sánchez,24/25,2025,0,0.5522296111130476,1,1
92693,Darío Benedetto,24/25,2025,1,0.5522283128337738,1,0
500687,Tyrese Shade,24/25,2025,1,0.5521982863763869,1,0
244915,Oleksiy Zinkevych,24/25,2025,0,0.5521577169389724,1,1
902125,Ziad Ouled-Haj-M'hand,24/25,2025,1,0.5521510860348277,1,0
1175370,Federico Renda,24/25,2025,0,0.5521457115713959,1,1
1056043,Matteo Donatiello,24/25,2025,0,0.5521407930969198,1,1
68033,Steven Zuber,24/25,2025,0,0.5521204689430995,1,1
339122,Domi Berlanga,24/25,2025,1,0.552113852959387,1,0
1175307,Marcello Carollo,24/25,2025,0,0.5521035164588882,1,1
669310,Danylo Goncharuk,24/25,2025,0,0.5521010541168476,1,1
316750,Tosin Kehinde,24/25,2025,1,0.5520783488741978,1,0
163374,Aboubakar Bakayoko,24/25,2025,1,0.552075917205933,1,0
601894,Florian Horenburg,24/25,2025,1,0.5520653438194444,1,0
641665,Robert Starecek,24/25,2025,1,0.55203525686278,1,0
364635,Francesco Mele,24/25,2025,1,0.552025227599182,1,0
732206,Georgie Gent,24/25,2025,0,0.5520078519593469,1,1
601893,Karl Albers,24/25,2025,1,0.5519992644453432,1,0
496357,Mehdi Boudjemaa,24/25,2025,0,0.5519853549236005,1,1
509116,Babacar Dione,24/25,2025,1,0.5519776790044156,1,0
397248,Giorgio Galli,24/25,2025,1,0.5519614725293355,1,0
1208731,Edoardo Cavaliere,24/25,2025,0,0.5519220479797119,1,1
1049803,Domenico Anzelmo,24/25,2025,1,0.5519066578272543,1,0
1183220,Andrea Collaro,24/25,2025,1,0.5518937867716838,1,0
1148697,Michal Kovacik,24/25,2025,0,0.5518841715334449,1,1
549021,João Sérgio,24/25,2025,0,0.551883897602562,1,1
391271,Javier Ablanque,24/25,2025,0,0.551863021494356,1,1
195051,Gianluca Gaudino,24/25,2025,0,0.5518536708923729,1,1
632829,Niccolò Pietra,24/25,2025,1,0.5518429026813015,1,0
818227,Alberto Leone,24/25,2025,1,0.5518376149252294,1,0
226058,Luka Bogdan,24/25,2025,1,0.5518273516070502,1,0
395693,Houssem Aouar,24/25,2025,0,0.5517835580376773,1,1
341295,Tyler Walker,24/25,2025,1,0.551771142885998,1,0
405211,Andrea Giacomazzi,24/25,2025,0,0.5517657283756392,1,1
929321,Karim L'Koucha,24/25,2025,1,0.5517640499602812,1,0
371148,Lenny Vallier,24/25,2025,1,0.5517633966351094,1,0
914853,Spyros Angelidis,24/25,2025,1,0.5517561067477033,1,0
440323,Ismael Benktib,24/25,2025,1,0.5517495354337187,1,0
948933,Jacob MacIntyre,24/25,2025,1,0.5517254199218298,1,0
693412,Chinonso Offor,24/25,2025,1,0.5517199294497223,1,0
494282,Mees Kreekels,24/25,2025,1,0.5517065056729713,1,0
214770,Borja López,24/25,2025,1,0.5517044104028843,1,0
256023,Serkan Yusein,24/25,2025,0,0.5516911634098127,1,1
279923,Roberto Dias,24/25,2025,0,0.5516725311866115,1,1
724023,Ondrej Kukucka,24/25,2025,1,0.5516296665730994,1,0
422203,Umut Güneş,24/25,2025,0,0.5515765168435921,1,1
997827,Thiago Helguera,24/25,2025,1,0.5515692980687028,1,0
601117,Marco Wagner,24/25,2025,1,0.5515459579756284,1,0
240157,Gianmarco Vannucchi,24/25,2025,1,0.5515456302664633,1,0
625647,Yago Cantero,24/25,2025,0,0.5515333070383648,1,1
387371,Riccardo Stronati,24/25,2025,0,0.5514829431211761,1,1
281319,Alberth Elis,24/25,2025,1,0.5514613240098564,1,0
624059,Emir Karalic,24/25,2025,1,0.551442322008062,1,0
178459,Davie Selke,24/25,2025,1,0.55142551587499,1,0
352599,Stefan Loncar,24/25,2025,0,0.5513940534813823,1,1
948606,Téo James Michel,24/25,2025,1,0.5513615433600013,1,0
798576,Lorenzo Monteleone,24/25,2025,0,0.5513542740658354,1,1
561647,Kaan Caliskaner,24/25,2025,1,0.5513502820546837,1,0
379092,Maxime Giron,24/25,2025,1,0.5513359775470976,1,0
171078,Kevin Holt,24/25,2025,1,0.5513308089362766,1,0
1059344,Lukas Mikulaj,24/25,2025,0,0.5513258902491752,1,1
246204,Salvi Sánchez,24/25,2025,1,0.5512925514618779,1,0
94304,Goran Causic,24/25,2025,0,0.5512873283609708,1,1
459128,Marco Brescianini,24/25,2025,1,0.5512823017450362,1,0
634267,David González,24/25,2025,0,0.5512730872084125,1,1
495722,Devis Vásquez,24/25,2025,1,0.5512274317455261,1,0
614500,Mattia Sangalli,24/25,2025,0,0.5512210114097325,1,1
452068,Ayman Azhil,24/25,2025,0,0.5511919491791638,1,1
1234011,Gabriele Casazza,24/25,2025,1,0.5511827902051262,1,0
914539,Yoan Koré,24/25,2025,1,0.5511753681272065,1,0
126516,Antonio Luna,24/25,2025,1,0.5510451072089673,1,0
989453,Oussama El Goumiri,24/25,2025,1,0.551042659789372,1,0
1055871,Paolo De Lucci,24/25,2025,1,0.5510376089716684,1,0
417346,Jack Harrison,24/25,2025,0,0.55101135125207,1,1
545332,Mikkel Kaufmann,24/25,2025,0,0.5509755923770898,1,1
423678,Meschack Elia,24/25,2025,1,0.5509717978801103,1,0
315063,Nahitan Nández,24/25,2025,0,0.5509637914295485,1,1
73951,Kehinde Fatai,24/25,2025,1,0.5509465671413079,1,0
1274871,Gabriele Petrucci,24/25,2025,1,0.550939647700509,1,0
400671,Daan Klomp,24/25,2025,1,0.5509380139005376,1,0
1016280,Lukas Sinn,24/25,2025,1,0.5509061441816312,1,0
312760,Andrija Filipovic,24/25,2025,1,0.5508901482075205,1,0
518676,Patrick Luan,24/25,2025,0,0.5508440517963399,1,1
666614,Clement Ikenna,24/25,2025,0,0.5508367967904793,1,1
967823,Adrián Bobi,24/25,2025,1,0.5508366873808513,1,0
958487,Walid Bouabdeli,24/25,2025,0,0.5507581661798897,1,1
319171,Andrea Danzi,24/25,2025,1,0.5507107866849529,1,0
542511,Paul Ngongo,24/25,2025,0,0.5506915924355449,1,1
591785,Milen Stoev,24/25,2025,1,0.550690911277555,1,0
457961,Theodoros Venetikidis,24/25,2025,0,0.5506782970042804,1,1
424021,Dapo Mebude,24/25,2025,1,0.550665443265382,1,0
470594,Clinton Mola,24/25,2025,0,0.5506191020806083,1,1
76569,Kerim Avcı,24/25,2025,1,0.5506057430039683,1,0
696693,Loide Augusto,24/25,2025,1,0.5505953970595399,1,0
166557,Luca Baldassin,24/25,2025,1,0.5505715766079576,1,0
386825,Emanuele Presello,24/25,2025,0,0.550549228996589,1,1
884065,Simone D'Uffizi,24/25,2025,0,0.5505343294404434,1,1
669174,Martin Paskalev,24/25,2025,0,0.5505181192039886,1,1
85148,Julian Draxler,24/25,2025,0,0.5504935859352157,1,1
457743,Mohamed Konaté,24/25,2025,1,0.5504703101709595,1,0
450427,Vasilios Xenopoulos,24/25,2025,0,0.5503967666174299,1,1
732507,Agustín Martegani,24/25,2025,0,0.550388057205093,1,1
877672,Ali Jasim,24/25,2025,1,0.5503803396407602,1,0
554398,Vasilios Sourlis,24/25,2025,1,0.550373415782027,1,0
836223,Norbert Dencinger,24/25,2025,0,0.5503628023371613,1,1
953514,Jeremy Rebibo,24/25,2025,0,0.5503266304175153,1,1
602767,Justin Forst,24/25,2025,1,0.5503140064722439,1,0
211251,Darwin Machís,24/25,2025,1,0.5503116246085058,1,0
1059172,Ahmed Ouattara Kossonou,24/25,2025,0,0.550286966582908,1,1
661157,Marcel Ruszel,24/25,2025,1,0.5502737701180218,1,0
713644,Bryan Zaragoza,24/25,2025,1,0.5502468502058413,1,0
894688,Joshua Dudock,24/25,2025,1,0.5502365250127479,1,0
664708,Equi Fernández,24/25,2025,1,0.5502023188672692,1,0
829771,Tim Hoops,24/25,2025,1,0.550155562648971,1,0
1033919,Mahamadou Doumbia,24/25,2025,1,0.5500892719073873,1,0
797754,Ilario Porzi,24/25,2025,1,0.5500860211049233,1,0
306166,Nuno Da Costa,24/25,2025,1,0.5500790331045144,1,0
448854,Emmanuel Dennis,24/25,2025,1,0.550057458881558,1,0
1180712,Niccolò Bigi,24/25,2025,1,0.5500075155832194,1,0
143358,Ádám Gyurcsó,24/25,2025,1,0.5499736947803431,1,0
988243,Noah Maboulou,24/25,2025,1,0.5499718601444344,1,0
736340,Mattia Pretato,24/25,2025,0,0.5499702223065913,1,1
820723,Jan Urbich,24/25,2025,1,0.5499473901498021,1,0
684210,Jaidon Anthony,24/25,2025,1,0.5499331189707153,1,0
917996,Patrik Pelles,24/25,2025,0,0.5499263597615067,1,1
278586,Francesco Forte,24/25,2025,0,0.5499167115614734,1,1
1047043,Tjark Reinert,24/25,2025,0,0.5499043881432408,1,1
455824,Tommaso Scarrone,24/25,2025,1,0.5498659721299288,1,0
562601,Souleymane Anne,24/25,2025,0,0.5498614617436537,1,1
433447,Zak Ruggiero,24/25,2025,1,0.5498540327280446,1,0
959294,Eryk Grzywacz,24/25,2025,0,0.5498355953379357,1,1
1075582,Jules Stawiecki,24/25,2025,0,0.5498283609398614,1,1
18922,Karim Benzema,24/25,2025,0,0.5498207012286845,1,1
256118,Saber Hraiech,24/25,2025,1,0.5498191577049444,1,0
904707,Yannis Nahounou,24/25,2025,1,0.5498030002480764,1,0
416088,Romain Correia,24/25,2025,0,0.5497925676813791,1,1
595126,Davino Knappe,24/25,2025,0,0.5497885988448563,1,1
567114,Liam Morrison,24/25,2025,0,0.549775601070212,1,1
1165333,Yanis Senhadji,24/25,2025,0,0.5497455296750774,1,1
290701,Georges Douglas Petdji Tsila,24/25,2025,1,0.5497373517318537,1,0
89708,Junior Fernandes,24/25,2025,1,0.5496927417203227,1,0
624942,Raúl Moro,24/25,2025,1,0.5496721944353713,1,0
630995,Rodri Sánchez,24/25,2025,0,0.5496602427335612,1,1
935828,Mohamed Alì Zoma,24/25,2025,1,0.5496579225068629,1,0
808475,MT,24/25,2025,0,0.5496495318903069,1,1
190941,Ángelo Sagal,24/25,2025,1,0.5496217462718009,1,0
213854,Cedric Gondo,24/25,2025,0,0.5496160697075888,1,1
277646,Stanley Ratifo,24/25,2025,0,0.5495868687010353,1,1
434981,Toyosi Olusanya,24/25,2025,1,0.5495815859732797,1,0
433652,Benjamin Kimpioka,24/25,2025,1,0.5495809267109635,1,0
613040,Youness Lachhab,24/25,2025,0,0.5495596072466319,1,1
419936,Jesús Ramírez,24/25,2025,1,0.5495593444504551,1,0
711628,Pablo Pérez,24/25,2025,1,0.5495590913487726,1,0
477556,Emanuele Zuelli,24/25,2025,0,0.5495430393659689,1,1
705090,Luc Elsner,24/25,2025,0,0.5495367305104979,1,1
710881,David Ovsonka,24/25,2025,1,0.5494859813209126,1,0
686339,Daniil Polyanskiy,24/25,2025,1,0.54948479188618,1,0
539665,Fredrik Oppegård,24/25,2025,0,0.5494834385405115,1,1
163652,Jacopo Furlan,24/25,2025,0,0.5494499045018592,1,1
638875,Varo Álvarez,24/25,2025,0,0.5493815241286096,1,1
272999,Miguel Almirón,24/25,2025,0,0.5493750910039535,1,1
837205,Franco Ravizzoli,24/25,2025,1,0.549368064376964,1,0
692020,Lasse Wilhelm,24/25,2025,0,0.5493548847453662,1,1
873978,Musa Isah,24/25,2025,0,0.5493399614845829,1,1
679217,Dion Dërmaku,24/25,2025,1,0.5493326630185279,1,0
216464,Carlos Fernández,24/25,2025,1,0.5492987808732618,1,0
413032,Ibrahima Diallo,24/25,2025,1,0.5492908272145937,1,0
456292,Ellery Balcombe,24/25,2025,0,0.5492724949081932,1,1
501489,Zakaria Sawo,24/25,2025,0,0.5492515922338604,1,1
74642,Mattia Minesso,24/25,2025,0,0.549218239105476,1,1
371927,Caíque Lemes,24/25,2025,0,0.5491814521050158,1,1
829736,Rico Wuttke,24/25,2025,1,0.5491743013900519,1,0
276030,Artur Jorge,24/25,2025,1,0.5491291042140612,1,0
140803,Anthony Limbombe,24/25,2025,1,0.5491186101343879,1,0
919863,Hristo Petrov,24/25,2025,1,0.549114136446191,1,0
240342,Lorenzo Filippini,24/25,2025,1,0.5491129893620487,1,0
937956,Pau Prim,24/25,2025,1,0.5490936770445044,1,0
429873,Lloyd-Addo Kuffour,24/25,2025,1,0.5490907318151397,1,0
415550,Joaquín Ardaiz,24/25,2025,1,0.5490842465222533,1,0
836336,Nuno Lima,24/25,2025,0,0.5490739130546639,1,1
485545,As Ibrahima Diakité,24/25,2025,0,0.54904660687644,1,1
189441,Lucas Ocampos,24/25,2025,0,0.5490384557436536,1,1
564968,Francisco Meixedo,24/25,2025,1,0.5490269976996117,1,0
803421,Max Conway,24/25,2025,0,0.5490189978625565,1,1
459452,Riccardo Ladinetti,24/25,2025,0,0.5489907474377841,1,1
523977,Miguel Baeza,24/25,2025,0,0.5489620308525933,1,1
462977,Benjamín Garré,24/25,2025,0,0.5489596290093508,1,1
496995,Gergő Major,24/25,2025,1,0.5489529665161055,1,0
1047861,Watts,24/25,2025,1,0.5489365751736259,1,0
636601,Aleksa Djurasovic,24/25,2025,0,0.5489154648750464,1,1
798040,Niklas Tepe,24/25,2025,0,0.5489102043578736,1,1
1015405,Patrick Slanina,24/25,2025,0,0.5489061679019366,1,1
483461,Erik Expósito,24/25,2025,0,0.5488946220073345,1,1
153897,Arnold Budimbu,24/25,2025,1,0.5488934548571632,1,0
1182220,Tommaso Scartabelli,24/25,2025,1,0.5488836843881345,1,0
396646,Guy Dahan,24/25,2025,0,0.5488738191122898,1,1
170914,Thibaut Peyre,24/25,2025,1,0.5488489733612102,1,0
855134,Skelly Alvero,24/25,2025,0,0.5488276464575347,1,1
397099,Jordi Osei-Tutu,24/25,2025,0,0.5488242927916201,1,1
262365,Antonio Puertas,24/25,2025,1,0.5488239503570498,1,0
354664,Junior Flemmings,24/25,2025,0,0.5488083928897445,1,1
223974,Stefan Posch,24/25,2025,1,0.5487935195107163,1,0
588747,Tim Civeja,24/25,2025,0,0.5487829523191379,1,1
613968,Evagoras Antoniou,24/25,2025,0,0.5487761013739011,1,1
261611,Ali Adnan,24/25,2025,1,0.5487747607349573,1,0
184816,Ahmed Hassan,24/25,2025,1,0.5487600344285866,1,0
504530,Pier Luigi Simonetti,24/25,2025,0,0.5487545052338232,1,1
743705,Douglas Sequeira,24/25,2025,1,0.5487092524206422,1,0
289228,Eduart Rroca,24/25,2025,0,0.5487051493154718,1,1
258246,Harun Alpsoy,24/25,2025,1,0.5486990003874417,1,0
543539,Aly Soumah,24/25,2025,1,0.5486974094780963,1,0
683320,Jordi Ferrer,24/25,2025,0,0.5486728470249213,1,1
197602,Rúben Semedo,24/25,2025,1,0.5486630120584808,1,0
435605,Cristopher Núñez,24/25,2025,0,0.5486548865113413,1,1
342209,Kévin N'Doram,24/25,2025,0,0.5486301344546985,1,1
62049,Mame Diouf,24/25,2025,0,0.5485962872578687,1,1
707329,Tomas Schanelec,24/25,2025,0,0.5485680460155722,1,1
940806,Isaac Mendes,24/25,2025,1,0.5485615124826001,1,0
572874,Dimitrios Tatsis,24/25,2025,0,0.5485387895376459,1,1
262608,Adama Traoré,24/25,2025,0,0.5484897438151292,1,1
345586,Kasper Lunding,24/25,2025,0,0.548484231210981,1,1
568662,Min-gi Kang,24/25,2025,0,0.5484687345810687,1,1
806392,Cheikh Touré,24/25,2025,1,0.5484332904680495,1,0
573968,Krzysztof Kubica,24/25,2025,0,0.5483977060510195,1,1
614797,Abdoulaye Sall,24/25,2025,0,0.5483941327116089,1,1
993353,Kaloyan Pehlivanov,24/25,2025,0,0.5483678857736116,1,1
808224,Andres Sfait,24/25,2025,0,0.5483602943537192,1,1
1038512,Asier Osambela,24/25,2025,1,0.5483591404860018,1,0
355273,Ben Kennedy,24/25,2025,0,0.5483551629557901,1,1
825731,Jean-Calvin Mbanga,24/25,2025,1,0.5483549324527203,1,0
975211,Nicolò Allasina,24/25,2025,0,0.54834226524751,1,1
535031,Federico Papini,24/25,2025,1,0.5483297520119991,1,0
817028,Angelo Rechichi,24/25,2025,1,0.5483229645601081,1,0
636254,Rakip Bregu,24/25,2025,1,0.5483151520293147,1,0
293281,Jacob Bruun Larsen,24/25,2025,1,0.5482869102726357,1,0
379875,Leandro Antunes,24/25,2025,0,0.5482254993082437,1,1
148396,Abdoulay Diaby,24/25,2025,1,0.5482110527418776,1,0
287327,Matteo Pautassi,24/25,2025,0,0.5481783615267202,1,1
616638,Alassane Sidibe,24/25,2025,0,0.5481752362607062,1,1
255729,Awer Mabil,24/25,2025,0,0.5481724581968331,1,1
724178,Luis Hasa,24/25,2025,1,0.5481467837616735,1,0
642757,Francesco Lo Celso,24/25,2025,0,0.5481460552931372,1,1
466810,Ansu Fati,24/25,2025,1,0.5481185513381017,1,0
136114,Simone Magnaghi,24/25,2025,1,0.548099881412277,1,0
877257,Mattia Leoncini,24/25,2025,1,0.5480934385799837,1,0
467437,Malik Tillman,24/25,2025,1,0.5480880418340336,1,0
413033,Lamine Ghezali,24/25,2025,1,0.5480776954217111,1,0
241391,Oussama Idrissi,24/25,2025,0,0.5480191731258339,1,1
50962,András Simon,24/25,2025,0,0.5479797824191709,1,1
96140,Jorge Correa,24/25,2025,0,0.5479327545080283,1,1
182913,Adrien Rabiot,24/25,2025,1,0.5478989979153611,1,0
880533,Spyros Kostopoulos,24/25,2025,0,0.5478891991365558,1,1
928591,Tiziano Vianello,24/25,2025,1,0.5478879854675375,1,0
355033,Enrico Silletti,24/25,2025,0,0.5478705622225086,1,1
1049590,Meshak Babanzila,24/25,2025,0,0.5478654885611822,1,1
324512,Giannis Varkas,24/25,2025,0,0.5478586904853405,1,1
140712,Lukas Scepanik,24/25,2025,0,0.547856073596452,1,1
1075574,Amidou Doumbouya,24/25,2025,1,0.5478410556195594,1,0
431597,Johannes Sabah,24/25,2025,1,0.5478349995155173,1,0
621370,Matías Palacios,24/25,2025,0,0.5478335712319503,1,1
45529,Said Ahmed Said,24/25,2025,1,0.547817687015276,1,0
351751,Rodrigo Borges,24/25,2025,0,0.5478142152366607,1,1
337946,Jairo Izquierdo,24/25,2025,1,0.5478133744587441,1,0
336736,Daniel Lasure,24/25,2025,1,0.5478075384570836,1,0
155054,Luis Felipe Gallegos,24/25,2025,0,0.547802628451355,1,1
922892,Baran Moğultay,24/25,2025,1,0.5477617368759062,1,0
831161,Lautaro Blanco,24/25,2025,0,0.547732068332744,1,1
334570,Stefano Selvatico,24/25,2025,0,0.5477289501550668,1,1
397435,Marco Di Lernia,24/25,2025,1,0.5477089443434072,1,0
1187297,Nelson Zaba,24/25,2025,1,0.5476988068199884,1,0
160222,Uros Spajic,24/25,2025,0,0.5476953782666162,1,1
1056392,Jakub Greliak,24/25,2025,1,0.5476900810609813,1,0
914195,Yutaka Michiwaki,24/25,2025,0,0.5476767580442921,1,1
328455,Juriën Gaari,24/25,2025,1,0.5476718419545024,1,0
1185914,Roberto Sandu,24/25,2025,0,0.5476648802543923,1,1
374281,Christian Bassogog,24/25,2025,0,0.5476620301271102,1,1
333666,Dominik Lanius,24/25,2025,0,0.5476136617156168,1,1
586756,Festy Ebosele,24/25,2025,0,0.5476021900004638,1,1
386752,Ryan Wintle,24/25,2025,0,0.5475952684255778,1,1
1307148,Amedeo Vendramini,24/25,2025,1,0.5475815605959652,1,0
502475,Samuele Vitale,24/25,2025,1,0.5475005053111347,1,0
904662,Louis Mouton,24/25,2025,1,0.5474950029130184,1,0
1012421,Matija Popović,24/25,2025,1,0.5474929899625502,1,0
99345,Ante Vukusic,24/25,2025,0,0.5474710501688276,1,1
401386,David Tomassini,24/25,2025,0,0.5474211800364365,1,1
579565,Ísak Jóhannesson,24/25,2025,1,0.5473720757479033,1,0
711631,Marcelo Expósito,24/25,2025,0,0.5473359402941089,1,1
563340,Felipe Santos,24/25,2025,0,0.5473183269755796,1,1
156715,Marco Thiede,24/25,2025,1,0.5473017953494063,1,0
295073,Kleton Perntreou,24/25,2025,1,0.5472927177906354,1,0
393739,Tin Matic,24/25,2025,1,0.5472816975566175,1,0
700503,Santiago Naveda,24/25,2025,0,0.5472807531480854,1,1
687309,Aleks Radzhabov,24/25,2025,1,0.5472736818082375,1,0
203496,Nabil Fekir,24/25,2025,0,0.5472462325138847,1,1
335593,Ben Barclay,24/25,2025,1,0.5472409246220507,1,0
154319,André Geraldes,24/25,2025,0,0.5472302438388742,1,1
644244,Enis Cokaj,24/25,2025,0,0.5472201390706611,1,1
936536,João Costa,24/25,2025,0,0.5472182172401966,1,1
503727,Cody David,24/25,2025,0,0.5472095212932029,1,1
501165,Sámuel Major,24/25,2025,1,0.5472021395055061,1,0
700405,Ollie Tanner,24/25,2025,0,0.5471928789782708,1,1
53077,Alberto Botía,24/25,2025,0,0.5471880273959543,1,1
282799,Kaloudis Lemonis,24/25,2025,1,0.5471633537596545,1,0
42004,Deni Alar,24/25,2025,0,0.5471625477392238,1,1
1308600,Alessandro Bonora,24/25,2025,1,0.547146088400689,1,0
240310,Matteo Gaiani,24/25,2025,1,0.5471100521061006,1,0
635944,Nico Conesa,24/25,2025,1,0.5470806916397143,1,0
141050,Danilo Pereira,24/25,2025,0,0.5470507440032538,1,1
673511,Chiheb Labidi,24/25,2025,0,0.5470282544773156,1,1
848089,Illaijh de Ruijter,24/25,2025,0,0.5470114930546621,1,1
500624,Filippo Vandelli,24/25,2025,1,0.5469966729648464,1,0
35416,David McGoldrick,24/25,2025,1,0.5469950542616115,1,0
267330,Joel Abu Hanna,24/25,2025,0,0.5469834284260565,1,1
411410,Kaloyan Krastev,24/25,2025,1,0.5469772369670167,1,0
975440,Jacob Aboosah,24/25,2025,0,0.5469369494985218,1,1
1025744,Rafael Vlăsceanu,24/25,2025,1,0.5469129641198479,1,0
463776,Antonio Granata,24/25,2025,1,0.5468509710910913,1,0
1178033,Lauris Bausenwein,24/25,2025,0,0.5468466562007686,1,1
567196,Cristian Măgerușan,24/25,2025,1,0.54681395074949,1,0
524564,Can Degirmenci,24/25,2025,1,0.5467377113951958,1,0
1147210,Francis Castillo,24/25,2025,1,0.5466459692921225,1,0
1280693,Riccardo Bisetto,24/25,2025,1,0.5466266435818319,1,0
640893,Ethan Walker,24/25,2025,0,0.5466133649032979,1,1
130357,Andrea Schenetti,24/25,2025,1,0.5466130897001951,1,0
630108,David Petrovic,24/25,2025,0,0.5465872471901623,1,1
134608,Hélder Tavares,24/25,2025,0,0.5465581040813293,1,1
961944,Ginés Sorroche,24/25,2025,0,0.5465513273378652,1,1
294568,Omer Atzili,24/25,2025,0,0.5465268366440404,1,1
576033,Doğan Alemdar,24/25,2025,1,0.5465118184998745,1,0
1045997,Devon Matthews,24/25,2025,0,0.5465116548688004,1,1
188180,Benjamin Verbic,24/25,2025,0,0.5465086297792254,1,1
460629,Colin Dagba,24/25,2025,0,0.5465064275191654,1,1
333092,Josiel Núñez,24/25,2025,1,0.5465054032603686,1,0
538527,Enzo Cabrera,24/25,2025,0,0.5464950033747648,1,1
680322,Samuel Nnoshiri,24/25,2025,1,0.5464902932315886,1,0
226026,Xandro Schenk,24/25,2025,1,0.5464814008498754,1,0
668328,Lukas Hrdlicka,24/25,2025,0,0.5464743189299501,1,1
638631,Elijah Krahn,24/25,2025,0,0.5464458297516661,1,1
875208,Johnny Kenny,24/25,2025,0,0.546423439883818,1,1
614811,Joe White,24/25,2025,1,0.5464202461987004,1,0
187860,André Sousa,24/25,2025,0,0.5463764516529488,1,1
882980,Mattia Benvenuto,24/25,2025,1,0.546353514604159,1,0
406094,Damiano Menna,24/25,2025,0,0.5462914298342554,1,1
92870,Emanuele Gatto,24/25,2025,1,0.5462888625461773,1,0
543771,Kristjan Asllani,24/25,2025,1,0.546287194456715,1,0
254683,Giorgio Conrotto,24/25,2025,1,0.5462755862800386,1,0
383153,Kelechi Nwakali,24/25,2025,0,0.5462697400370154,1,1
256636,Bence Daru,24/25,2025,1,0.5462627151985848,1,0
951296,Christos Almyras,24/25,2025,1,0.5462593556454692,1,0
911990,Ilyes Hamache,24/25,2025,1,0.5462278747007235,1,0
1056273,Edoardo Negri,24/25,2025,1,0.5461976548978634,1,0
848657,Luka Lecic,24/25,2025,0,0.5461881691834258,1,1
938677,Tommaso Mancioppi,24/25,2025,0,0.5461869244057936,1,1
983491,Matteo Corsa,24/25,2025,1,0.5461868555903483,1,0
384524,Serafin Szota,24/25,2025,0,0.5461641819922192,1,1
214316,Luciano Vietto,24/25,2025,0,0.5461493827326313,1,1
820375,David Rodríguez,24/25,2025,0,0.5461177157455992,1,1
314280,Taylor Moore,24/25,2025,0,0.546110849922782,1,1
319202,Radu Boboc,24/25,2025,1,0.5461097761686845,1,0
284058,Kai Brünker,24/25,2025,0,0.5461014390396266,1,1
424736,Can Karatas,24/25,2025,1,0.5460918952508226,1,0
238950,Francesco Di Mariano,24/25,2025,1,0.5460910143290921,1,0
854697,Georgi Karakashev,24/25,2025,1,0.5460723331077236,1,0
457620,Vasilios Athanasiou,24/25,2025,1,0.5460716961533704,1,0
1103456,Marcell Nemes,24/25,2025,0,0.5460492581509938,1,1
1170812,Riccardo Ornaghi,24/25,2025,1,0.5460476349495635,1,0
195057,Raffaele Celia,24/25,2025,0,0.5459249787636561,1,1
382550,Joe Hilton,24/25,2025,0,0.5459144574741239,1,1
1056753,Davide Finizio,24/25,2025,1,0.5458950141550099,1,0
486597,Matías Nani,24/25,2025,1,0.5458862728955254,1,0
589481,Matías Basterrechea,24/25,2025,1,0.5458043938668986,1,0
337799,Pedro Ferreira,24/25,2025,0,0.545760967518985,1,1
342911,Dimitrios Oungialidis,24/25,2025,0,0.5457438604562925,1,1
192279,Kepa Arrizabalaga,24/25,2025,1,0.5456759870592349,1,0
1022491,Stephan Wemakor,24/25,2025,1,0.5456617784425416,1,0
804711,Ousmane Camara,24/25,2025,0,0.5456525459771083,1,1
335821,George Ganea,24/25,2025,0,0.545617967961978,1,1
898020,Athanasios Dabizas,24/25,2025,1,0.5456114855414236,1,0
390079,Milos Drincic,24/25,2025,1,0.5456106995365108,1,0
146680,Andrea Barberis,24/25,2025,1,0.5455992054410982,1,0
623568,Tilemachos Karampas,24/25,2025,0,0.5455351476201236,1,1
172323,Cameron Howieson,24/25,2025,0,0.5455124472250429,1,1
1069756,Mitchell Bates,24/25,2025,1,0.5454916335567217,1,0
718668,Tala,24/25,2025,0,0.545435578153792,1,1
486132,Júnior Mendieta,24/25,2025,1,0.5454326186241995,1,0
878507,Desmond Nketia,24/25,2025,1,0.5454261402907463,1,0
599552,Williams Alarcón,24/25,2025,0,0.5453613033041943,1,1
371150,Loïc Bessilé,24/25,2025,0,0.5453601432534452,1,1
635445,Jayden Nelson,24/25,2025,0,0.545316239871341,1,1
993228,Josh Lock,24/25,2025,1,0.5453016369769577,1,0
504075,Rafael Brito,24/25,2025,0,0.545281061630898,1,1
309398,David Grözinger,24/25,2025,1,0.5452745440366009,1,0
450196,Ugochukwu Oduenyi,24/25,2025,1,0.5452665863519089,1,0
388363,Maximilian Bauer,24/25,2025,0,0.5452632936787865,1,1
386148,Joe Quigley,24/25,2025,1,0.5452545213690548,1,0
481692,Georgios Vrakas,24/25,2025,1,0.5452221262341422,1,0
597106,Luiz Gustavo,24/25,2025,1,0.5452043249753963,1,0
226300,Michael Dellinger,24/25,2025,0,0.5451952720863641,1,1
729872,Igor Miladinovic,24/25,2025,0,0.5451842906628466,1,1
704337,William Rovida,24/25,2025,0,0.5451790443464274,1,1
627228,Yan Couto,24/25,2025,1,0.545172774235344,1,0
366047,Yankuba Jarju,24/25,2025,1,0.5451396077561794,1,0
1304196,Eduard Ihnatov,24/25,2025,0,0.5451013720135667,1,1
1055864,Simone Verdosci,24/25,2025,1,0.545068718561347,1,0
391470,Marcus Browne,24/25,2025,0,0.5450592150716257,1,1
124187,Philipp Kühn,24/25,2025,0,0.5450214222377612,1,1
401173,Jadon Sancho,24/25,2025,1,0.5450156427797304,1,0
945496,Simo Keddari,24/25,2025,0,0.545010525551423,1,1
659649,Federico Casolari,24/25,2025,0,0.5450023692266212,1,1
495033,Nathan Bishop,24/25,2025,1,0.5449850882817252,1,0
99003,Odise Roshi,24/25,2025,1,0.5449673625338606,1,0
1182170,Lorenzo Tavernini,24/25,2025,1,0.5448845399220731,1,0
440880,Simone Menabò,24/25,2025,1,0.5448033158376433,1,0
468688,Maximilian Weisbäcker,24/25,2025,1,0.5446981513407227,1,0
519869,Mehdi Loune,24/25,2025,1,0.544694202082604,1,0
342148,Zé Gomes,24/25,2025,0,0.5446281906502145,1,1
931938,Dimitrios Grammenos,24/25,2025,1,0.5446257992072397,1,0
557642,Larry-Nana Oellers,24/25,2025,1,0.5446027760292105,1,0
907588,Khalid Abu El Haija,24/25,2025,1,0.5445944876728823,1,0
83256,Özkan Yıldırım,24/25,2025,1,0.5445897369866277,1,0
283286,Robin Bormuth,24/25,2025,1,0.544564917153725,1,0
183538,Ivan Goranov,24/25,2025,1,0.5444888285739509,1,0
448705,Diant Ramaj,24/25,2025,1,0.5444828708584771,1,0
821542,Moussa Baradji,24/25,2025,1,0.5444704121961152,1,0
542654,Sebastian Jørgensen,24/25,2025,1,0.5444532199446606,1,0
923536,Andreas Myklebust,24/25,2025,0,0.5444416016153416,1,1
572910,Benjamin Luis,24/25,2025,1,0.5444354185439922,1,0
634118,Ibaider Garriz,24/25,2025,1,0.5444139444061051,1,0
1151753,Ádám Szamosi,24/25,2025,0,0.5444079585134716,1,1
743598,Ângelo,24/25,2025,0,0.5443963613473026,1,1
381963,Mike Tresor,24/25,2025,0,0.5443949885487824,1,1
169460,Turgay Gemicibaşı,24/25,2025,1,0.5443866988352101,1,0
595943,Jaden Montnor,24/25,2025,0,0.5443838245461596,1,1
535959,Duk,24/25,2025,0,0.5443804175028506,1,1
569288,Elias Bördner,24/25,2025,1,0.5443508531554463,1,0
634429,Iker Piedra,24/25,2025,1,0.5443380375119986,1,0
326030,Ché Nunnely,24/25,2025,1,0.5443198196644125,1,0
269558,Kwame Bonsu,24/25,2025,1,0.5443190639457869,1,0
979766,Mathis Lambourde,24/25,2025,1,0.5442947351831395,1,0
1250836,Riccardo Ori,24/25,2025,1,0.5442768788783418,1,0
772354,Christopher Olsa,24/25,2025,1,0.5442630904540723,1,0
214798,Craig Goodwin,24/25,2025,1,0.5442475719683092,1,0
614988,Ilias Kostis,24/25,2025,0,0.5442468328232621,1,1
291120,Adrien Julloux,24/25,2025,0,0.544240013680129,1,1
309923,Jaime Moreno,24/25,2025,0,0.544236642001929,1,1
283001,Noah Sarenren Bazee,24/25,2025,0,0.5442351574699105,1,1
402963,Georgios Daviotis,24/25,2025,0,0.544234990957845,1,1
679680,Julian Bell,24/25,2025,1,0.5442349565846306,1,0
162038,Raúl de Tomás,24/25,2025,1,0.5442107216065023,1,0
926193,Luiz Labenz,24/25,2025,1,0.5442046091169552,1,0
341516,Ponck,24/25,2025,1,0.544161931305962,1,0
504518,Kofi Balmer,24/25,2025,0,0.5441555138009108,1,1
287717,Emanuele Ndoj,24/25,2025,1,0.5441547318455605,1,0
376127,Stefan Kovac,24/25,2025,1,0.5441525080632579,1,0
244130,Sullay Kaikai,24/25,2025,0,0.5441469312018142,1,1
253839,Álvaro Medrán,24/25,2025,0,0.5441265211427893,1,1
895330,Salvi Esquivel,24/25,2025,0,0.54410558372338,1,1
891379,Nordine Kandil,24/25,2025,0,0.5441054984884426,1,1
377851,Mitar Cukovic,24/25,2025,1,0.544086198712062,1,0
193319,Luís Silva,24/25,2025,0,0.5440770238279388,1,1
297731,Enrico Bearzotti,24/25,2025,0,0.5440763971625742,1,1
1276321,Ivaylo Nedelchev,24/25,2025,0,0.5440696743087903,1,1
285096,Gabriele Rocchi,24/25,2025,1,0.5440644517522147,1,0
810073,Younes El Hannach,24/25,2025,0,0.5440614860089187,1,1
190756,Juan Ramírez,24/25,2025,0,0.544054815500469,1,1
659804,John Mercado,24/25,2025,1,0.544039372045498,1,0
492104,Abdelrahman Boudah,24/25,2025,1,0.5440280513905356,1,0
995010,Santiago Frasson,24/25,2025,0,0.5440184901727654,1,1
262613,Pelle van Amersfoort,24/25,2025,0,0.5439059134853165,1,1
433993,Andy Scott,24/25,2025,0,0.5439049195484261,1,1
525140,Goduine Koyalipou,24/25,2025,1,0.5438898455460329,1,0
603564,Bakari Camara,24/25,2025,0,0.5438718258734745,1,1
927715,Xiko Gomes,24/25,2025,0,0.5438524978061561,1,1
237144,Stefan Maderer,24/25,2025,0,0.543839871209247,1,1
1200419,Djylian N'Guessan,24/25,2025,0,0.5438247166819196,1,1
89297,Rodrigo Battaglia,24/25,2025,0,0.5438023676782093,1,1
119120,Robert Leipertz,24/25,2025,0,0.5437948159992794,1,1
204642,Mite Cikarski,24/25,2025,0,0.5437914180371731,1,1
696246,Patrik Mijic,24/25,2025,0,0.5437901524079539,1,1
395833,Harry Paton,24/25,2025,1,0.5437813186862762,1,0
1061660,Selvi Clua,24/25,2025,0,0.5437783394777973,1,1
339584,Robert Mudrazija,24/25,2025,1,0.5437390132600752,1,0
336644,Cedric Euschen,24/25,2025,0,0.5437304280770164,1,1
547754,Ianis Stoica,24/25,2025,1,0.5437205974248038,1,0
264992,Andreas Makris,24/25,2025,0,0.5437165251607494,1,1
147540,Ales Cermak,24/25,2025,0,0.5436111760374183,1,1
570553,Erik Shuranov,24/25,2025,1,0.54361007325674,1,0
119115,Diego Falcinelli,24/25,2025,1,0.5436038878028437,1,0
291739,Milot Rashica,24/25,2025,0,0.5435774043890091,1,1
460103,Matteo Magliocchetti,24/25,2025,0,0.5435421977980852,1,1
452165,Manoubi Haddad,24/25,2025,0,0.5435298528725798,1,1
1226717,Andrea Ratti,24/25,2025,0,0.5435227349039777,1,1
256866,Carlos Salcedo,24/25,2025,0,0.5434951475772082,1,1
426213,Rodrigo Conceição,24/25,2025,1,0.5434891197097254,1,0
1080421,Ieuan Owen,24/25,2025,0,0.5434781102903201,1,1
459643,Precious Amayah,24/25,2025,0,0.5434770206547398,1,1
596821,Scott Banks,24/25,2025,1,0.5434509940055982,1,0
704453,Kevin Bright,24/25,2025,0,0.5434228093565129,1,1
517376,Yusuf Sarı,24/25,2025,0,0.5433891975555067,1,1
1124243,Lorenzo Ceppi,24/25,2025,1,0.5432921112880911,1,0
81999,Joselu,24/25,2025,0,0.5432872432316003,1,1
471582,Zaydou Youssouf,24/25,2025,0,0.5432136335203727,1,1
397257,Luca Giudici,24/25,2025,1,0.5431818957611888,1,0
393284,Emmanuel Osadebe,24/25,2025,1,0.5431802036564142,1,0
396841,Louis Verstraete,24/25,2025,0,0.5431596397591079,1,1
736202,Brayan Gil,24/25,2025,0,0.5431380518403744,1,1
396307,Danilo Quaranta,24/25,2025,1,0.5431093871768459,1,0
832656,Elias Egerton,24/25,2025,0,0.5431088180517702,1,1
810067,Louis Mouquet,24/25,2025,1,0.5431005107572926,1,0
339235,Tom McIntyre,24/25,2025,1,0.5430998447644869,1,0
1059439,Paweł Depka,24/25,2025,1,0.5430905684494359,1,0
439488,Diego Díaz,24/25,2025,0,0.5430801472925763,1,1
357176,Alessandro Tripaldelli,24/25,2025,1,0.5430480981469885,1,0
659459,Carney Chukwuemeka,24/25,2025,1,0.5430436777592452,1,0
312341,Luca Ravanelli,24/25,2025,1,0.5430428086234559,1,0
164489,Szymon Sobczak,24/25,2025,0,0.543019072057502,1,1
720037,Dani González,24/25,2025,1,0.5429739726487046,1,0
977753,Giuseppe Balzano,24/25,2025,0,0.5429737599899465,1,1
266809,Nicolás Freire,24/25,2025,0,0.5429687848260148,1,1
253905,Grego Sierra,24/25,2025,0,0.5429452556729534,1,1
1229846,Daniel Michel,24/25,2025,1,0.5429445545955888,1,0
599060,Haik Moussakhanian,24/25,2025,1,0.5429432252470813,1,0
405833,Bruno Silva,24/25,2025,0,0.5429342442572758,1,1
1268443,Miroslav Georgiev,24/25,2025,0,0.5429070703483907,1,1
419999,Guessouma Fofana,24/25,2025,0,0.5428970590860264,1,1
430192,Aarón Rey,24/25,2025,1,0.5428816521008539,1,0
94192,Patrick Drewes,24/25,2025,1,0.5428702356354083,1,0
166959,Mustafa Saymak,24/25,2025,0,0.5428677871738268,1,1
187496,Maurice Multhaup,24/25,2025,0,0.5428592914845501,1,1
805287,Blaise Tsague,24/25,2025,0,0.5428399048801706,1,1
507115,Lachlan Brook,24/25,2025,1,0.5428365858247017,1,0
108880,Koen Casteels,24/25,2025,0,0.5428335846803607,1,1
203532,Naby Sarr,24/25,2025,0,0.5428315710452515,1,1
666551,Maestro,24/25,2025,1,0.5428254431432492,1,0
979625,Paulo Vitor,24/25,2025,1,0.5428225781974518,1,0
995105,Giulio Patrignani,24/25,2025,1,0.5427881464494578,1,0
158791,Sergio Postigo,24/25,2025,0,0.5427680591774386,1,1
536520,Ruben Providence,24/25,2025,0,0.5427563710256842,1,1
623412,Mihai Popa,24/25,2025,0,0.5427258842158097,1,1
221984,David Forniés,24/25,2025,0,0.5427224811376485,1,1
59349,Diego Mariño,24/25,2025,1,0.5426964886114167,1,0
524216,Ibrahim Tomiwa,24/25,2025,0,0.5426795055371206,1,1
349796,Evren Korkmaz,24/25,2025,0,0.5426759603446212,1,1
1059814,Kelliano,24/25,2025,1,0.5426727626165011,1,0
1231367,Filippo Pedone,24/25,2025,1,0.5426724434746101,1,0
687983,Adrian Kireski,24/25,2025,1,0.5426724407685494,1,0
395522,Samuel Essende,24/25,2025,0,0.5426680155444369,1,1
375770,Gabriel Souza,24/25,2025,0,0.5426599120458971,1,1
497825,Guillaume Yenoussi,24/25,2025,0,0.5426589945675518,1,1
459778,Andrea Ghiggini,24/25,2025,1,0.5426589272006666,1,0
932479,Jakob Sieve,24/25,2025,0,0.5426522184333878,1,1
391672,Elias Kratzer,24/25,2025,1,0.5426048932071016,1,0
406151,Zé Pedro,24/25,2025,1,0.5425836695036338,1,0
151620,Gergő Nagy,24/25,2025,1,0.5425773539583066,1,0
329924,Jacob Karlstrøm,24/25,2025,0,0.5425753623080019,1,1
77001,Rajiv van La Parra,24/25,2025,0,0.5425605356628328,1,1
826528,Federico Gomes Gerth,24/25,2025,1,0.5425512263507428,1,0
392959,Andrea Colpani,24/25,2025,0,0.5425427378437941,1,1
135217,Patrick Olsen,24/25,2025,1,0.5425330681789213,1,0
322683,Markus Poom,24/25,2025,0,0.5425251487332441,1,1
295183,Răzvan Marin,24/25,2025,1,0.5425054360877775,1,0
844637,Marc Pubill,24/25,2025,1,0.542496707542216,1,0
280088,Juan Gargiulo,24/25,2025,0,0.5424898714691956,1,1
452078,Maxwell Gyamfi,24/25,2025,1,0.5424784154124522,1,0
702911,Luis Asué,24/25,2025,1,0.5424152548499183,1,0
911465,Joshua Krüger,24/25,2025,0,0.5424097098273646,1,1
923915,Antal Yaakobishvili,24/25,2025,1,0.5424035117719074,1,0
390724,Manuel Ferrini,24/25,2025,0,0.5423805479564702,1,1
518152,Tobias Peitz,24/25,2025,1,0.5423719228706515,1,0
949343,Davide Avdullari,24/25,2025,1,0.5423608235019306,1,0
710292,Ibrahima,24/25,2025,0,0.542351645083603,1,1
696687,Hugo Neves,24/25,2025,1,0.5423415190509869,1,0
859134,Amine Zouhzouh,24/25,2025,1,0.5423309198606315,1,0
416587,Vladan Djekic,24/25,2025,1,0.542316499927389,1,0
493000,Sebastián Villa,24/25,2025,0,0.5423153456252892,1,1
297649,Leonardo Rivoira,24/25,2025,0,0.5422936945014059,1,1
259183,Serhat Koruk,24/25,2025,0,0.5422835477121053,1,1
281769,Mario Hermoso,24/25,2025,0,0.5422614964554088,1,1
496062,Víctor Griffith,24/25,2025,0,0.5422579512939604,1,1
353396,Dylan Mboumbouni,24/25,2025,1,0.5422484368021482,1,0
491705,Facundo Colidio,24/25,2025,0,0.5422457232112954,1,1
231792,Christos Gromitsaris,24/25,2025,0,0.5422407054453519,1,1
121337,Patrick McEleney,24/25,2025,0,0.5422165974620121,1,1
287528,Connor Mahoney,24/25,2025,0,0.542194475194563,1,1
153664,Khaled Narey,24/25,2025,1,0.542181897505218,1,0
655525,Yeferson Paz,24/25,2025,0,0.5421653029931582,1,1
341570,Guillermo Vallejo,24/25,2025,0,0.5421441842942877,1,1
244930,Hikmet Çiftçi,24/25,2025,0,0.542100084432457,1,1
820013,Péter Szalai,24/25,2025,0,0.5420964054354872,1,1
704260,Eugenio Fusco,24/25,2025,1,0.5420796020327253,1,0
1045446,Dmytro Bogdanov,24/25,2025,1,0.5420263396037067,1,0
1241219,Kaly,24/25,2025,0,0.5419828568822728,1,1
707397,Filippo Manfrin,24/25,2025,0,0.5419521149300062,1,1
531824,Kike Hermoso,24/25,2025,0,0.5419391198164777,1,1
289843,Sean Goss,24/25,2025,0,0.5419373040884962,1,1
906329,Roger Fernandes,24/25,2025,1,0.5419363475220862,1,0
663128,Luka Damjanovic,24/25,2025,1,0.5419158803628974,1,0
1020852,Abdulmalik Al-Jaber,24/25,2025,1,0.5418794079111917,1,0
369162,Lamar Yarbrough,24/25,2025,0,0.5418532992858858,1,1
390638,Arthur Cabral,24/25,2025,1,0.5418427531822778,1,0
343022,Terell Thomas,24/25,2025,0,0.5418375522367632,1,1
181768,Hernani,24/25,2025,0,0.5418354473489548,1,1
622258,Lukas Raab,24/25,2025,1,0.5418241310760371,1,0
516038,Kai Merk,24/25,2025,1,0.5418219617933321,1,0
402733,Gonzalo Montiel,24/25,2025,0,0.5417762246852728,1,1
610878,Jacopo Desogus,24/25,2025,0,0.5417679267416724,1,1
606570,Sergio Guerrero,24/25,2025,1,0.5417548120551656,1,0
448883,Kristers Tobers,24/25,2025,0,0.5417525970499532,1,1
943161,Fatjon Bunjaku,24/25,2025,1,0.5417494542751178,1,0
501087,Soufiane Messeguem,24/25,2025,0,0.5417455790321395,1,1
1264191,Sicu Camara,24/25,2025,0,0.5417397173128735,1,1
182392,Pieros Sotiriou,24/25,2025,0,0.5417280603570813,1,1
913019,Vladislav Vasiljev,24/25,2025,1,0.541703872318497,1,0
1196125,Stilyan Rusenov,24/25,2025,0,0.541696593885765,1,1
815237,Tony Reitz,24/25,2025,0,0.5416781593382098,1,1
668552,Darío Sarmiento,24/25,2025,1,0.5416677012474327,1,0
845581,Nedjeljko Kovinic,24/25,2025,1,0.5416028762981504,1,0
284055,Tim Kießling,24/25,2025,1,0.5415843225511409,1,0
1061527,Bobby Pointon,24/25,2025,0,0.5415681939537484,1,1
549582,Chris Conn-Clarke,24/25,2025,0,0.5415627685777384,1,1
1073397,Kenan Bilalovic,24/25,2025,1,0.5415488288014559,1,0
503854,Joel Grodowski,24/25,2025,0,0.5415141486481686,1,1
1024171,Taiyu Yamasaki,24/25,2025,0,0.5415126093986596,1,1
353609,Titas Krapikas,24/25,2025,1,0.5415121547243104,1,0
539807,Christian Marques,24/25,2025,1,0.5415107411977939,1,0
924901,Halid Djankpata,24/25,2025,1,0.5414932912389013,1,0
609651,Alexandros Tereziou,24/25,2025,1,0.541460678625145,1,0
505657,Tyreik Wright,24/25,2025,0,0.541456958555108,1,1
1077242,Aodhan Doherty,24/25,2025,0,0.5414561864270065,1,1
721468,Víctor Morales,24/25,2025,1,0.5414078171004875,1,0
199564,Michele Calì,24/25,2025,0,0.541378468628349,1,1
1066142,Dominik Pech,24/25,2025,1,0.5413770091032145,1,0
585700,Juan Cruz,24/25,2025,0,0.5413677758207847,1,1
426986,Filip Mihailov,24/25,2025,0,0.5413476779543567,1,1
531783,Rob Atkinson,24/25,2025,0,0.5413470554666372,1,1
537477,João Goulart,24/25,2025,0,0.5413382815327785,1,1
461629,Gustavo Assunção,24/25,2025,1,0.5413363461852143,1,0
692121,Robert Filip,24/25,2025,1,0.5413330540312596,1,0
491026,Alexander Satariano,24/25,2025,1,0.5413093076064609,1,0
685657,Silas Andersen,24/25,2025,0,0.5413090527250437,1,1
460619,Pascal Mulder,24/25,2025,0,0.541301622354248,1,1
1108127,Luciano Maidana,24/25,2025,0,0.5412834992867045,1,1
357987,Leonardo Stanzani,24/25,2025,0,0.5412736969709143,1,1
334802,Jan Kuchta,24/25,2025,1,0.5412681460665388,1,0
1075876,Alessandro Sassaro,24/25,2025,1,0.5412637347543928,1,0
724041,Enock Agyei,24/25,2025,0,0.5412364730375646,1,1
130765,Stuart Armstrong,24/25,2025,1,0.5412217680845021,1,0
528618,Leon Gino Schmidt,24/25,2025,0,0.541215787334556,1,1
374326,Oliver Edvardsen,24/25,2025,0,0.5412090785226247,1,1
1202299,Nadir El Jamali,24/25,2025,0,0.541208051365435,1,1
396429,Diogo Calila,24/25,2025,0,0.5412030793797249,1,1
255957,Mahir Emreli,24/25,2025,1,0.5411909076770004,1,0
415970,Joe Worrall,24/25,2025,0,0.5411413786838385,1,1
390726,Matteo Rossini,24/25,2025,0,0.5411083811174396,1,1
408505,Tommaso Panelli,24/25,2025,0,0.5410727794523706,1,1
73932,Alessio Luciani,24/25,2025,1,0.5410610359785076,1,0
836804,Tarek Aggoun,24/25,2025,0,0.5410521723028915,1,1
356474,Leon Augusto,24/25,2025,0,0.5409927533175063,1,1
267431,Fabián Noguera,24/25,2025,1,0.5409735731901457,1,0
554859,Unai Marino,24/25,2025,1,0.5409540848422155,1,0
303248,Pedro López,24/25,2025,0,0.5409463362006521,1,1
253734,Ismael Silva,24/25,2025,0,0.5409155520741822,1,1
596998,Felix Meyer,24/25,2025,0,0.5409140425529398,1,1
519872,Livan Burcu,24/25,2025,0,0.5409122403114038,1,1
924759,Luca Lechner,24/25,2025,1,0.5409085733842243,1,0
85928,Danny Lafferty,24/25,2025,0,0.5409032479739867,1,1
1001686,Arthur,24/25,2025,0,0.540877415811853,1,1
628463,Adrián Gómez,24/25,2025,1,0.5408766998890603,1,0
1182169,Roberto Berizzi,24/25,2025,1,0.5408673828533168,1,0
723823,Vlad Rafailă,24/25,2025,1,0.5408399625257512,1,0
461505,Ricardo Silva,24/25,2025,1,0.5408226700197953,1,0
236734,Axel Werner,24/25,2025,1,0.5408166431302103,1,0
162961,Valerio Verre,24/25,2025,0,0.5407872603521211,1,1
645774,Eren Dinkçi,24/25,2025,0,0.5407808791502394,1,1
94964,Bentley Baxter Bahn,24/25,2025,0,0.5407671107169478,1,1
266359,Benjamin Bourigeaud,24/25,2025,0,0.5407458851571185,1,1
181579,James Ward-Prowse,24/25,2025,0,0.5407457312479272,1,1
916332,Adolfo González,24/25,2025,1,0.5407404831929429,1,0
149526,Marco Crimi,24/25,2025,1,0.5407373515900868,1,0
1157429,Gu Costa,24/25,2025,1,0.5406617737591781,1,0
199633,Raman Chibsah,24/25,2025,1,0.5406049813476386,1,0
1201233,Cade Melrose,24/25,2025,0,0.5405904365890549,1,1
153678,Kingsley Schindler,24/25,2025,1,0.5405840700170729,1,0
187778,Ádám Viczián,24/25,2025,0,0.5405257017692289,1,1
800028,Alexandros Kedikoglou,24/25,2025,0,0.540503488905442,1,1
357868,Benjamin Kabeya,24/25,2025,0,0.5404789598443763,1,1
510310,Sivert Mannsverk,24/25,2025,1,0.5404644440329934,1,0
817001,Filippo Bertolotti,24/25,2025,0,0.5404609365885892,1,1
124517,Sebastian Kerk,24/25,2025,1,0.5404605775139217,1,0
349944,Sérgio Conceição,24/25,2025,1,0.5404566935878549,1,0
966681,Alex Henderson,24/25,2025,0,0.5404278495067414,1,1
384060,Tino Kadewere,24/25,2025,1,0.5404267874633425,1,0
118317,Afonso Taira,24/25,2025,1,0.5404097398698876,1,0
528040,Milan Obradovic,24/25,2025,1,0.5403595926253336,1,0
333516,Sebastian Vasiliadis,24/25,2025,0,0.5403394749669478,1,1
168189,Luca Calapai,24/25,2025,1,0.5403362450215287,1,0
270988,Ben Purrington,24/25,2025,1,0.5403132869791086,1,0
643725,Stefano Molinari,24/25,2025,1,0.540299382758411,1,0
664875,Rilind Kabashi,24/25,2025,1,0.5402847896892262,1,0
282821,Corey Blackett-Taylor,24/25,2025,0,0.5402653200029317,1,1
192239,Ryan Williams,24/25,2025,0,0.5402546204418303,1,1
216661,Alexandru Crețu,24/25,2025,1,0.5402435187562434,1,0
373433,Adryelson,24/25,2025,1,0.5402422767135424,1,0
196226,Mehmet Kurt,24/25,2025,0,0.5402360218661024,1,1
162056,Gonzalo Melero,24/25,2025,1,0.540228832334451,1,0
279454,MJ Williams,24/25,2025,0,0.5402084944953197,1,1
232296,Ramon Machado,24/25,2025,0,0.5402074488006959,1,1
734736,Hassimi Fadiga,24/25,2025,1,0.5402059211519596,1,0
293202,Jordi Aláez,24/25,2025,1,0.540197030461637,1,0
181378,Gaëtan Laborde,24/25,2025,1,0.5401922788444312,1,0
729174,Julius Kliti,24/25,2025,0,0.540183201100654,1,1
1165327,Lorenzo Bosia,24/25,2025,1,0.5401591490026229,1,0
251680,Brandon Thomas,24/25,2025,1,0.5401483826083773,1,0
1015829,Tugra Turhan,24/25,2025,1,0.5401455360318349,1,0
810888,Ken Tchouangue,24/25,2025,1,0.5401368150161082,1,0
417669,Christos Kountouriotis,24/25,2025,1,0.5401280836030314,1,0
345098,Tameem Al-Muhaza,24/25,2025,0,0.5401216996503243,1,1
909737,Matías Galarza,24/25,2025,0,0.5400837238619846,1,1
238367,Cassiano,24/25,2025,0,0.5400807209931833,1,1
237607,Fabio Maiolo,24/25,2025,0,0.5400730079569143,1,1
948047,Francesco Plaia,24/25,2025,1,0.5400715298459254,1,0
167826,Luca Verna,24/25,2025,1,0.5400591773012781,1,0
591375,Stiven Plaza,24/25,2025,1,0.5400265292349734,1,0
1218115,Oumar Conté,24/25,2025,1,0.5399684537811494,1,0
696164,Tim Oermann,24/25,2025,1,0.5399454218997289,1,0
692338,Devin Angleberger,24/25,2025,0,0.5399297948377327,1,1
254487,Jean Luc Assoubre,24/25,2025,1,0.539923016747243,1,0
548032,Sandali Condé,24/25,2025,0,0.5399163058773025,1,1
183836,Dino Hotic,24/25,2025,1,0.5398970112998798,1,0
423436,Santiago Ascacíbar,24/25,2025,0,0.539893763193448,1,1
647323,Hiran Ahmed,24/25,2025,1,0.539892184485158,1,0
458165,Giacomo Benedetti,24/25,2025,1,0.5398913785486457,1,0
827950,Ousmane Camara,24/25,2025,0,0.5397997617976972,1,1
994017,Mirco Moretti,24/25,2025,1,0.5397754094996396,1,0
567217,Ebrima Colley,24/25,2025,0,0.5397613775663007,1,1
1139455,Favour Inyeka Ogbu,24/25,2025,0,0.5397389673459653,1,1
462087,Arjen van der Heide,24/25,2025,0,0.5397178217670555,1,1
1057995,Yao Jean Charles,24/25,2025,0,0.5397038821996324,1,1
929715,Connor O'Riordan,24/25,2025,1,0.5396837429121252,1,0
402114,Alessio Di Massimo,24/25,2025,0,0.5396717844430232,1,1
357148,Diogo Queirós,24/25,2025,1,0.5396362418108734,1,0
264848,Rúben Lameiras,24/25,2025,0,0.539599966037743,1,1
184260,Anders Holvad,24/25,2025,0,0.5395917966670102,1,1
1052420,Aboubaka Soumahoro,24/25,2025,0,0.5395882698440254,1,1
1241188,Laurenz Pölking,24/25,2025,0,0.5395680788448611,1,1
392719,Ben Meyer,24/25,2025,1,0.5395600630742734,1,0
339919,Iliya Yurukov,24/25,2025,1,0.5395592191648114,1,0
80197,Salomón Rondón,24/25,2025,1,0.539554607422284,1,0
573133,Charlie McCann,24/25,2025,1,0.5395459649897151,1,0
470815,Niklas Tauer,24/25,2025,0,0.5395363217394394,1,1
337670,Alessio Da Cruz,24/25,2025,1,0.5395340099021952,1,0
435208,Béni Nkololo,24/25,2025,1,0.5395304918322436,1,0
724031,Angelos Angelopoulos,24/25,2025,0,0.539512801904071,1,1
1188665,Tommaso Piacenza,24/25,2025,1,0.5394998335354493,1,0
262097,Birsent Karagaren,24/25,2025,1,0.5394768609257682,1,0
501794,Jannik Rochelt,24/25,2025,0,0.5394554953402085,1,1
410436,Bailey Peacock-Farrell,24/25,2025,1,0.5394417227111412,1,0
935019,Danylo Krevsun,24/25,2025,0,0.5394417007905868,1,1
296577,Macauley Bonne,24/25,2025,1,0.5394265678068528,1,0
923667,Joeri Heerkens,24/25,2025,1,0.5394165379499793,1,0
631278,Abbas Ibrahim,24/25,2025,0,0.5394146565317299,1,1
310527,Paulo Azzi,24/25,2025,1,0.5394100962593724,1,0
376211,Matías Vargas,24/25,2025,0,0.5393655893734322,1,1
242638,Efthymios Koulouris,24/25,2025,1,0.5393446212663522,1,0
796739,Júnior Almeida,24/25,2025,0,0.539313038817635,1,1
487830,Christian Dimarco,24/25,2025,1,0.5392963622433095,1,0
472176,Salvatore Boccia,24/25,2025,0,0.5392855759289517,1,1
351216,Manel Royo,24/25,2025,1,0.5392745527167044,1,0
214247,Sebastián Gorga,24/25,2025,1,0.5392542280066095,1,0
1292591,Jack Nunn,24/25,2025,0,0.5392216991091281,1,1
488784,Magnus Kofod Andersen,24/25,2025,0,0.5392117271412022,1,1
457420,Matteo Figoli,24/25,2025,0,0.5391900207018411,1,1
471890,Max Geschwill,24/25,2025,1,0.5391823456678195,1,0
158569,Marco Spinosa,24/25,2025,1,0.5391683447987332,1,0
947689,Aseel Al-Harbi,24/25,2025,1,0.5391656258426044,1,0
332823,Adrian Justinussen,24/25,2025,0,0.5391490358078364,1,1
690479,Stefan Vukic,24/25,2025,1,0.5391376416496364,1,0
250013,Angelo Fulgini,24/25,2025,1,0.5391363023020889,1,0
728580,Daniel Villaseca,24/25,2025,0,0.5391142370752914,1,1
808901,Leandro Frroku,24/25,2025,0,0.5391053231908568,1,1
486098,Louis Hall,24/25,2025,1,0.5390900157538691,1,0
117518,Aykut Özer,24/25,2025,1,0.5390865861075366,1,0
567475,Andrea Ceresoli,24/25,2025,1,0.5390599309099212,1,0
628624,Adam Ratajczyk,24/25,2025,0,0.5390340846997558,1,1
1020652,Chico Gonçalves,24/25,2025,0,0.5389451199125603,1,1
318426,Ivan Ignatjev,24/25,2025,1,0.5389049783987973,1,0
187097,Budu Zivzivadze,24/25,2025,0,0.5388867627341816,1,1
166275,Grigoriy Morozov,24/25,2025,0,0.5388796743480834,1,1
867909,Harry Vaughan,24/25,2025,0,0.5388629793418188,1,1
1159662,Ellis Williams,24/25,2025,0,0.5388379037001216,1,1
697144,Burak İnce,24/25,2025,1,0.5388355366964392,1,0
1163461,Jack Shepherd,24/25,2025,0,0.5388327192773625,1,1
196763,Korbinian Burger,24/25,2025,0,0.5388156779984575,1,1
242359,Juan Musso,24/25,2025,1,0.5388078060817908,1,0
329135,Petar Lela,24/25,2025,1,0.5387972777785857,1,0
120980,Aaron Muirhead,24/25,2025,1,0.5387882172493093,1,0
502062,D'Margio Wright-Phillips,24/25,2025,0,0.5387606572490017,1,1
906731,Răzvan Morariu,24/25,2025,0,0.5387592733242055,1,1
926995,Amar Diagne,24/25,2025,0,0.5387338695755346,1,1
744960,Mohamed Souboul,24/25,2025,0,0.5387014457499789,1,1
465848,Preslav Borukov,24/25,2025,0,0.538691112732355,1,1
1145455,Nils Ramming,24/25,2025,1,0.5386677399175441,1,0
173589,Viktor Klonaridis,24/25,2025,1,0.5386672900258646,1,0
836493,Gonzalo Abrego,24/25,2025,0,0.5386656392699247,1,1
703577,Kegs Chauke,24/25,2025,0,0.538659306385292,1,1
638138,Brais Martínez,24/25,2025,1,0.5386577513487071,1,0
336667,Assim Madibo,24/25,2025,1,0.5386508643283515,1,0
357996,Davide Grassini,24/25,2025,0,0.5386464808251885,1,1
128876,Dávid Kelemen,24/25,2025,0,0.5386309697083159,1,1
1182192,Simone Cat Berro,24/25,2025,1,0.5386305118159308,1,0
765232,Roman Yalovenko,24/25,2025,0,0.5386212221295117,1,1
501131,Ali Youssef,24/25,2025,0,0.5386117923431584,1,1
906902,Elliott Nevitt,24/25,2025,0,0.5385810289416927,1,1
487428,Nikola Tavares,24/25,2025,0,0.5385803538416408,1,1
701819,Daniele Ghilardi,24/25,2025,1,0.5385510400741561,1,0
190442,Alan Ruiz,24/25,2025,1,0.5385226014749651,1,0
220978,Andrea Gasbarro,24/25,2025,1,0.5385216784357881,1,0
461903,João Silva,24/25,2025,0,0.5385103174186809,1,1
178107,Michael Santos,24/25,2025,0,0.5385065946904872,1,1
621933,Clemens Steinbauer,24/25,2025,1,0.538503831285501,1,0
182904,Clément Lenglet,24/25,2025,1,0.5384523999962283,1,0
658674,Luan Patrick,24/25,2025,1,0.5384482409090551,1,0
255468,Adam Andersson,24/25,2025,1,0.5384460372539472,1,0
181547,Gonçalo Paciência,24/25,2025,0,0.5384445702644469,1,1
1127727,Simone Pirani,24/25,2025,1,0.5383965632449993,1,0
324861,Julian Justvan,24/25,2025,0,0.5383914013439999,1,1
707550,Fabrizio Cavegn,24/25,2025,1,0.5383900962895966,1,0
394920,Filippo Sgarbi,24/25,2025,1,0.538362071676939,1,0
645880,Ifet Djakovac,24/25,2025,0,0.5383417376775913,1,1
816897,Lorenzo Podda,24/25,2025,1,0.538340987823415,1,0
235923,Mattia Muroni,24/25,2025,1,0.5383335120719054,1,0
56898,Salvatore Caturano,24/25,2025,1,0.5383226764851288,1,0
1004759,Moritz Wiezorrek,24/25,2025,0,0.5383117648506389,1,1
703225,Matteo Falasca,24/25,2025,0,0.5383060825627214,1,1
450173,Gaius Makouta,24/25,2025,0,0.5382896120046355,1,1
418215,Ricardo Farcaș,24/25,2025,1,0.538287830176214,1,0
742023,Romildo Del Piage,24/25,2025,1,0.5382757450791213,1,0
815346,Nathan Gassama,24/25,2025,0,0.5382733332789654,1,1
729536,Federico Agazzi,24/25,2025,0,0.5382573020329289,1,1
1022312,Jure Marinovich,24/25,2025,0,0.5382365814547824,1,1
313477,Paolo Ghiglione,24/25,2025,1,0.5382302588266393,1,0
421764,Matteo Cardinali,24/25,2025,0,0.5382142816693467,1,1
536837,Federico Bergonzi,24/25,2025,0,0.5381769387215998,1,1
1099350,Dan Barton,24/25,2025,1,0.5381405807610032,1,0
934386,Pietro Candelari,24/25,2025,0,0.5380937371916162,1,1
287640,Andrea Gemignani,24/25,2025,1,0.5380902762305667,1,0
1126573,Richard Benko,24/25,2025,1,0.5380558481082612,1,0
667060,Tommaso Bertini,24/25,2025,1,0.5380333243088375,1,0
337812,Julijan Popović,24/25,2025,1,0.5380257709030373,1,0
590630,Jaber Issa,24/25,2025,0,0.5380053276478128,1,1
136641,Dimitrios Diamantakos,24/25,2025,1,0.538001032899144,1,0
296281,Milan Vusurovic,24/25,2025,1,0.5379593543042946,1,0
922977,Petr Mirvald,24/25,2025,1,0.5379583270097785,1,0
84535,Eduardo Salvio,24/25,2025,0,0.5379302169826848,1,1
395685,Gédéon Kalulu,24/25,2025,1,0.5379189469434791,1,0
270055,Kiki,24/25,2025,0,0.537918768356276,1,1
1064546,Andres Labie,24/25,2025,1,0.5379041927326234,1,0
718123,Samuel Nongoh,24/25,2025,0,0.5378977640671387,1,1
215679,Georges-Kevin N'Koudou,24/25,2025,1,0.5378884246519652,1,0
335920,Nils Piwernetz,24/25,2025,0,0.5378629724973772,1,1
441383,Alex Petkov,24/25,2025,1,0.5378610708771766,1,0
730581,Loïc Badé,24/25,2025,1,0.537850376049632,1,0
1182468,Darius Băncilă,24/25,2025,1,0.5378331285945244,1,0
955263,Kévin Pedro,24/25,2025,0,0.5378319108048873,1,1
187384,Cristian Buonaiuto,24/25,2025,0,0.5378154635449465,1,1
406935,Terence Vancooten,24/25,2025,0,0.5377997719066326,1,1
111819,Neto,24/25,2025,1,0.5377933251931276,1,0
418173,Djihad Bizimana,24/25,2025,0,0.5377565792462549,1,1
830841,Leonel Bucca,24/25,2025,1,0.5377396170752156,1,0
225929,György Hursán,24/25,2025,0,0.5376894133629051,1,1
528834,Jan Shcherbakovski,24/25,2025,1,0.5376819866443131,1,0
372711,Amine Harit,24/25,2025,1,0.5376644748499115,1,0
279927,Doru Popadiuc,24/25,2025,1,0.5376591483189327,1,0
157478,Rufat Dadashov,24/25,2025,0,0.5376566491992231,1,1
727495,Nikola Iliev,24/25,2025,0,0.537648146140163,1,1
1111660,Joseph Sabobo,24/25,2025,1,0.5376474377133931,1,0
653274,Martin Cocorocchio,24/25,2025,1,0.5376404723632553,1,0
576094,Kevin Toppenberg,24/25,2025,0,0.5376294050641314,1,1
169362,Luka Zahovic,24/25,2025,0,0.5376054232185474,1,1
570651,Amiro Amadou,24/25,2025,0,0.537554441118197,1,1
1279326,Othman Faridi,24/25,2025,0,0.5375387940354386,1,1
225963,Lautaro Giannetti,24/25,2025,1,0.5375318491519221,1,0
598611,Jesús de Miguel,24/25,2025,1,0.5374573595357166,1,0
931783,David Sellés,24/25,2025,1,0.537453814799869,1,0
802518,Julius Voldby,24/25,2025,1,0.5374228658770863,1,0
408494,Lorenzo Zerbato,24/25,2025,0,0.5374203381735138,1,1
726668,Tadeas Hajovsky,24/25,2025,0,0.5374083016553454,1,1
1210422,Aboubacar Bassinga,24/25,2025,1,0.5374068741013113,1,0
487846,Guillaume Renault,24/25,2025,0,0.5372963725841139,1,1
486604,Vitezslav Jaros,24/25,2025,1,0.5372960529546542,1,0
1082269,Josh Gentles,24/25,2025,1,0.5372396957139475,1,0
530032,Quaresma,24/25,2025,0,0.5372038151113788,1,1
1061742,Rodrigo Mendes,24/25,2025,1,0.5371935917742964,1,0
229004,Moussa Dembélé,24/25,2025,0,0.5371748047165564,1,1
436585,Delano Burgzorg,24/25,2025,0,0.5371606959952041,1,1
715140,Emerson Rodríguez,24/25,2025,0,0.5371267089567849,1,1
988300,Marwan Chafaa,24/25,2025,1,0.5370947344203176,1,0
195192,Marco Manetta,24/25,2025,1,0.5370873833661727,1,0
245993,Fabio Ramon Tomassini,24/25,2025,0,0.537035244651919,1,1
241378,Jordy Bruijn,24/25,2025,1,0.5370238294636767,1,0
597165,Samuel Teles,24/25,2025,1,0.5370065724326795,1,0
678546,Mexx Meerdink,24/25,2025,0,0.5369995296368966,1,1
980464,Pedro Igor,24/25,2025,0,0.5369789856599744,1,1
70245,Ignasi Miquel,24/25,2025,1,0.5369774807699411,1,0
654511,Yuya Yoshimura,24/25,2025,1,0.5369571889607424,1,0
741090,Jonas Rouhi,24/25,2025,0,0.5369423405395887,1,1
434711,Jakov Blagaic,24/25,2025,1,0.5369414407860418,1,0
553772,Oleksandr Romanchuk,24/25,2025,1,0.536932082003633,1,0
1111051,Mamadou Gning,24/25,2025,0,0.5369193052762985,1,1
469762,Agustín Cardozo,24/25,2025,0,0.5369124302806042,1,1
335733,Daniel Naumov,24/25,2025,1,0.536911381089776,1,0
1079591,Lorenzo Ciarmoli,24/25,2025,1,0.5369110726123382,1,0
343157,Angelos Zioulis,24/25,2025,0,0.5368744194844407,1,1
213351,Christian Irobiso,24/25,2025,1,0.5368541434065386,1,0
326921,Christopher Lannert,24/25,2025,0,0.536837401109818,1,1
863831,Lamarana Jallow,24/25,2025,0,0.5368369361592316,1,1
833268,Alonso Aceves,24/25,2025,0,0.5368146676457489,1,1
315312,Juanma García,24/25,2025,1,0.5368120156902315,1,0
481344,Alessandro Russo,24/25,2025,1,0.5367851673343499,1,0
74230,Pablo Sarabia,24/25,2025,1,0.5367268112546201,1,0
329324,Johannes Dörfler,24/25,2025,0,0.536722847710686,1,1
495963,Richie Musaba,24/25,2025,0,0.5367148887168288,1,1
1297382,Valerio Conti,24/25,2025,0,0.5367092747088165,1,1
568242,Lachezar Kotev,24/25,2025,0,0.5367069007826872,1,1
467241,Oleksandr Safronov,24/25,2025,1,0.5366941026440951,1,0
621997,Cieran Slicker,24/25,2025,1,0.5366885899624453,1,0
693125,Liam Higgins,24/25,2025,0,0.536683476263902,1,1
275020,Héber Pena,24/25,2025,1,0.5366742986197571,1,0
885858,Riccardo De Zen,24/25,2025,0,0.5366542670040974,1,1
667640,Alexandru Borbei,24/25,2025,1,0.5366442994626011,1,0
102037,Jamal Bhuyan,24/25,2025,0,0.5366359007910919,1,1
354741,Loren Morón,24/25,2025,0,0.5366277631108202,1,1
257805,Mathias Normann,24/25,2025,1,0.5366238030126871,1,0
526873,Jake Eastwood,24/25,2025,1,0.5366092483236677,1,0
744278,Benjamín Rojas,24/25,2025,1,0.5365929113910362,1,0
295024,Samet Akaydin,24/25,2025,0,0.5365854913712227,1,1
291423,Giorgio Piacentini,24/25,2025,0,0.5365663785002274,1,1
62750,Giacomo Rosaia,24/25,2025,0,0.5365517366990954,1,1
620834,Joel Bichsel,24/25,2025,0,0.5365013264064095,1,1
728262,Julián Palacios,24/25,2025,0,0.5364876179430953,1,1
177031,Emrah Başsan,24/25,2025,1,0.5364628814811994,1,0
164893,Márk Jagodics,24/25,2025,1,0.53642971297057,1,0
167505,Danu Spataru,24/25,2025,1,0.5364275332904359,1,0
442493,Kornél Csernik,24/25,2025,1,0.5364240340609389,1,0
947115,Xavi Grande,24/25,2025,1,0.5364166038259791,1,0
709407,Dwann Oliveira,24/25,2025,1,0.5364116081163951,1,0
537367,Alfonso Pastor,24/25,2025,1,0.5363990782229807,1,0
560988,Azzan Al-Tamtami,24/25,2025,1,0.5363963711363184,1,0
529315,Alexander Muci,24/25,2025,1,0.5363790703622561,1,0
345604,Toni Tasev,24/25,2025,1,0.5363605385801554,1,0
875328,Biel,24/25,2025,1,0.5363429762970211,1,0
324321,Bernard Mensah,24/25,2025,1,0.5362889818212284,1,0
314362,Hayden Coulson,24/25,2025,0,0.536259054840271,1,1
317742,Nils Lihsek,24/25,2025,1,0.5362587761991875,1,0
872170,Gregorio Tanco,24/25,2025,1,0.5362462835598376,1,0
89086,Aleksandr Kokorin,24/25,2025,0,0.5362377584389787,1,1
528515,Maximilian Großer,24/25,2025,0,0.5362147842297234,1,1
74297,Gaël Kakuta,24/25,2025,0,0.5362097551675397,1,1
592358,Victor Lobry,24/25,2025,0,0.5361820701246635,1,1
292032,Pelle Hoppe,24/25,2025,1,0.5361718313783681,1,0
459151,Nicolò Cambiaghi,24/25,2025,0,0.536169077056869,1,1
700992,Giacomo Ruggeri,24/25,2025,1,0.5361665076766304,1,0
280387,Vincent Sierro,24/25,2025,1,0.5361468532161499,1,0
293241,Miomir Djurickovic,24/25,2025,1,0.5361161705681334,1,0
354145,Jorge Carrascal,24/25,2025,1,0.5360937935415879,1,0
593934,Nuno Rodrigues,24/25,2025,0,0.5360717483347771,1,1
655629,Fotis Pseftis,24/25,2025,0,0.5360705401796447,1,1
684061,Lucas Soares,24/25,2025,0,0.5360518773264864,1,1
718232,Abdoulaye Kamara,24/25,2025,1,0.5360513353536794,1,0
589096,Khalid Mohammed,24/25,2025,1,0.5360496183925032,1,0
394304,Manolo Portanova,24/25,2025,1,0.5360298661341836,1,0
1059678,Luca Horst,24/25,2025,1,0.5359997162417067,1,0
668684,Konstantinos Lampsias,24/25,2025,1,0.5359775170134857,1,0
377042,Michael Folorunsho,24/25,2025,1,0.5359570493451267,1,0
548511,Federico Botti,24/25,2025,0,0.5359348543516398,1,1
411179,Mika Schneider,24/25,2025,0,0.5359337464151558,1,1
996478,Samuel Hodur,24/25,2025,0,0.535925950246589,1,1
72505,Thomas Meißner,24/25,2025,0,0.5359152345903654,1,1
637782,André Amaro,24/25,2025,0,0.5359037977466675,1,1
692036,Marcel Bergmann,24/25,2025,1,0.535883291615009,1,0
124932,Francesco De Rose,24/25,2025,0,0.5358827975004608,1,1
354772,Michaell Chirinos,24/25,2025,0,0.5358824116419773,1,1
1054933,Daouda Doumbia,24/25,2025,1,0.5358343761074038,1,0
1035864,Leon Mergner,24/25,2025,0,0.5357949177269915,1,1
589753,Ilija Masic,24/25,2025,0,0.5357864929166473,1,1
1175463,Cassiano Bouzon,24/25,2025,1,0.5357852268735128,1,0
572299,Iago López,24/25,2025,1,0.535763874132679,1,0
1035504,Nikolas Penev,24/25,2025,1,0.5357493975600411,1,0
910867,Wiktor Matyjewicz,24/25,2025,0,0.535742299389247,1,1
839789,Bálint Szabó,24/25,2025,0,0.5357391884493645,1,1
380191,Ioannis Pittas,24/25,2025,0,0.5357170662499107,1,1
934148,Gabriele Perricci,24/25,2025,1,0.5356683632950222,1,0
339982,Bright Gyamfi,24/25,2025,1,0.5356640711254881,1,0
131357,Pedro Capó,24/25,2025,1,0.5356596977999463,1,0
129592,Julien De Sart,24/25,2025,0,0.5356439274143207,1,1
548109,Iván Morante,24/25,2025,0,0.5356166924754545,1,1
941120,Yazid Joshan,24/25,2025,0,0.5355853123299453,1,1
330560,Alessandro Celli,24/25,2025,0,0.5355539988172654,1,1
723614,Francesco D'Alessio,24/25,2025,0,0.535551695691366,1,1
251896,Jesús Vallejo,24/25,2025,1,0.5355451289936644,1,0
393217,Mert Yılmaz,24/25,2025,1,0.5355392045033575,1,0
520787,Ruan Teles,24/25,2025,1,0.5354753705442371,1,0
415525,Kanya Fujimoto,24/25,2025,1,0.5354745017678981,1,0
526164,Kristian Kirkegaard,24/25,2025,1,0.5354589275256586,1,0
464402,Dániel Karacs,24/25,2025,0,0.5354244234917382,1,1
740322,Hassan Aladin,24/25,2025,0,0.5353990980887199,1,1
282365,Juan Cruz Kaprof,24/25,2025,1,0.5353836657828791,1,0
281633,Alberto Tentardini,24/25,2025,0,0.5353162405365642,1,1
956590,Bence Somfalvi,24/25,2025,1,0.535288688136266,1,0
390631,Tobias Gunte,24/25,2025,1,0.5352808183566182,1,0
521329,Carlos Redru,24/25,2025,0,0.5352801493005062,1,1
717885,Marwane Kritta,24/25,2025,0,0.5352589945230283,1,1
470375,Mateusz Zukowski,24/25,2025,1,0.5352093995889904,1,0
910777,Aseel Abed,24/25,2025,1,0.5352068358253632,1,0
324946,Emanuel Cecchini,24/25,2025,0,0.5352028447688211,1,1
743387,Stanis Idumbo,24/25,2025,1,0.5351905528379923,1,0
615350,Cenk Özkacar,24/25,2025,1,0.5351778697035953,1,0
1180000,Jac Norris,24/25,2025,1,0.5351753243582004,1,0
128220,Luis Alberto,24/25,2025,0,0.5351740920563576,1,1
195215,Thomas Gösweiner,24/25,2025,0,0.5351620133027158,1,1
910540,Ben Jablonski,24/25,2025,0,0.5350836540768792,1,1
61694,Neil Etheridge,24/25,2025,0,0.5350694101258807,1,1
392966,Nadir Zortea,24/25,2025,1,0.5350566718572807,1,0
210178,Pablo Marí,24/25,2025,0,0.5350470167955326,1,1
131257,Jonathan Moya,24/25,2025,1,0.5350429119699989,1,0
587700,Pascal Kokott,24/25,2025,1,0.5350383912822058,1,0
913461,Alessandro Seghetti,24/25,2025,1,0.5350343049635078,1,0
1164260,Edin Etoski,24/25,2025,0,0.5349985175087457,1,1
632872,Francisco Mwepu,24/25,2025,1,0.5349560329041616,1,0
603691,Ernestas Juškevičius,24/25,2025,1,0.5349369945900959,1,0
420807,Simranjit Thandi,24/25,2025,1,0.5349301738540659,1,0
734543,Tommaso Lombardi,24/25,2025,0,0.5349286057861378,1,1
1066953,Mateo Chávez,24/25,2025,1,0.5349236852145782,1,0
934496,Gioele Cardoni,24/25,2025,0,0.5349162391654261,1,1
720524,Alexis Chamorro,24/25,2025,0,0.5349069047042948,1,1
667066,Alessio Guerini,24/25,2025,0,0.5348932519545221,1,1
192731,Jakub Holubek,24/25,2025,0,0.5348855046710291,1,1
379168,Noah Fadiga,24/25,2025,1,0.5348316393354995,1,0
292417,Demarai Gray,24/25,2025,1,0.534798406506443,1,0
83370,Stefano Scappini,24/25,2025,1,0.534785426730922,1,0
574448,Harry Tyrer,24/25,2025,0,0.5347686495279814,1,1
159288,Arlind Ajeti,24/25,2025,0,0.534711196509806,1,1
536619,Raúl Sánchez,24/25,2025,1,0.5347104399771574,1,0
1009618,Aljaz Strajnar,24/25,2025,1,0.5347042898965997,1,0
1146759,Nick Doktorczyk,24/25,2025,0,0.5346692275488081,1,1
185817,Jizz Hornkamp,24/25,2025,0,0.5346678308898254,1,1
395740,Samuele Rosano,24/25,2025,0,0.5346630454001499,1,1
201654,Barna Kesztyűs,24/25,2025,0,0.5346520151711246,1,1
440879,Stefano Tuzza,24/25,2025,0,0.5346005247587872,1,1
265072,Simone Auriletto,24/25,2025,0,0.5345991408990864,1,1
283196,Kasper Dolberg,24/25,2025,1,0.5345844987419104,1,0
684116,Silas Ostrzinski,24/25,2025,0,0.534565428710549,1,1
623119,Styopa Mkrtchyan,24/25,2025,0,0.534545285741157,1,1
746892,Giuseppe Simone,24/25,2025,0,0.5345281279874792,1,1
531674,Rúben Rodrigues,24/25,2025,1,0.5345113096794705,1,0
784551,Petar Malisic,24/25,2025,1,0.5345072312889889,1,0
343332,Stefano Russo,24/25,2025,0,0.5344792780409894,1,1
120300,Ivan Knezevic,24/25,2025,0,0.5344223462974826,1,1
894162,Aron Gjergji,24/25,2025,0,0.5344185593119511,1,1
335221,Dani Martín,24/25,2025,1,0.5344085490243315,1,0
668267,Marcos Leonardo,24/25,2025,0,0.5343059879971171,1,1
242469,Mario Gargiulo,24/25,2025,1,0.5342766724888951,1,0
1170416,Scott Constable,24/25,2025,0,0.5342534175250048,1,1
502245,Dion De Neve,24/25,2025,1,0.5342527366756865,1,0
94116,Patrick Göbel,24/25,2025,0,0.5342448159465828,1,1
342966,Dennis Smarsch,24/25,2025,1,0.5342398819644839,1,0
570417,Nathan Broome,24/25,2025,1,0.5342263394493229,1,0
895906,Dimitrios Laskaris,24/25,2025,0,0.5342255451051483,1,1
334297,Kostandin Kariqi,24/25,2025,0,0.534133093380868,1,1
290273,Álvaro Tejero,24/25,2025,1,0.5341253396046622,1,0
245070,Alen Ozbolt,24/25,2025,0,0.5341202621322257,1,1
197860,Pedro Rebocho,24/25,2025,0,0.5341039670946963,1,1
928630,Finn de Bruin,24/25,2025,0,0.5340495626315896,1,1
281791,Damian Węglarz,24/25,2025,0,0.5340452512363867,1,1
1348532,Juanma Cordero,24/25,2025,0,0.5340367103557465,1,1
216179,Stefano Sensi,24/25,2025,1,0.5340270171015462,1,0
816590,Uche Obiogumu,24/25,2025,1,0.5340075739957305,1,0
967523,Aaron Reid,24/25,2025,0,0.5339975763251317,1,1
58884,Nacho Fernández,24/25,2025,0,0.5339921153316582,1,1
1231401,Victor Orakpo,24/25,2025,1,0.533990125691071,1,0
131821,Thomas Lam,24/25,2025,0,0.5339873352497048,1,1
1078416,Bradel Kiwa,24/25,2025,0,0.5339785306748823,1,1
906254,Chris Forino,24/25,2025,0,0.5339514918461363,1,1
395164,José Angulo,24/25,2025,1,0.5339341924481941,1,0
668571,Daniel Kerl,24/25,2025,1,0.5339316068615879,1,0
297034,Ilya Petrov,24/25,2025,0,0.5339244295399022,1,1
396337,Miguel San Román,24/25,2025,1,0.5338950713541458,1,0
346309,Morgan Faßbender,24/25,2025,0,0.5338114249952671,1,1
627213,Gabriel Pereira,24/25,2025,0,0.5338039330222599,1,1
991486,Iván Quivira,24/25,2025,1,0.5337802533776664,1,0
1153574,Viktorio Valkov,24/25,2025,0,0.5337756228633141,1,1
315110,Karl Toko Ekambi,24/25,2025,1,0.5337753555170904,1,0
417515,Mbaye Seck,24/25,2025,0,0.5337548407707747,1,1
970266,Steven Hall,24/25,2025,0,0.5336942791941972,1,1
282410,José Carlos Lazo,24/25,2025,0,0.5336918908109628,1,1
116772,Niklas Brandt,24/25,2025,1,0.5336796302030364,1,0
284876,Paolo Fernandes,24/25,2025,1,0.5336396199525844,1,0
255359,Valeriy Gorbachik,24/25,2025,1,0.5336389733043085,1,0
621122,Matteo Angeli,24/25,2025,0,0.5336340357640349,1,1
700182,Facundo Pérez,24/25,2025,1,0.5336180376649606,1,0
173750,Nouha Dicko,24/25,2025,0,0.5336129076306366,1,1
203645,Manuel Martic,24/25,2025,1,0.5336032165600741,1,0
328573,Barnabás Varga,24/25,2025,0,0.5335619995663272,1,1
318058,Manuel Nicoletti,24/25,2025,1,0.5335495540965554,1,0
568156,Antonio Pacheco,24/25,2025,0,0.5335349961688169,1,1
1051467,Tommaso Vinzioli,24/25,2025,1,0.5335113287099948,1,0
902200,Jesse Khan,24/25,2025,0,0.5334718049861207,1,1
1163866,Samad Popoola,24/25,2025,0,0.533462537195742,1,1
61697,Wes Foderingham,24/25,2025,1,0.5334505561734708,1,0
794115,Che Krabbendam,24/25,2025,1,0.5334466099101576,1,0
237029,Marcell Sobotta,24/25,2025,1,0.5334413743382208,1,0
626854,Kevin Höög Jansson,24/25,2025,0,0.5334401019012973,1,1
124416,Patrick Schmidt,24/25,2025,0,0.5334247212758444,1,1
333498,Dino Halilovic,24/25,2025,1,0.5333558852795005,1,0
278190,Ivan Konovalov,24/25,2025,1,0.5333558458421318,1,0
289553,Xavier Gies,24/25,2025,1,0.5333512951516324,1,0
229265,Luca Ferri,24/25,2025,0,0.5333281157656109,1,1
1091219,Abdoulaye Kanté,24/25,2025,1,0.5333240893348963,1,0
577881,Mohamed Ali Ben Romdhane,24/25,2025,1,0.5333226073004081,1,0
802214,Melsi Cereni,24/25,2025,1,0.5333092477458851,1,0
1129797,Giovanni Di Lelio,24/25,2025,0,0.5332904561389459,1,1
804885,Martin Expérience,24/25,2025,0,0.5332867030717513,1,1
391797,Matteo Della Morte,24/25,2025,1,0.5332611597018202,1,0
567476,Gabriele Berto,24/25,2025,0,0.533230794949483,1,1
526784,Amadou Ciss,24/25,2025,1,0.5332028057941508,1,0
228405,Serhat Kot,24/25,2025,1,0.5331874594744845,1,0
222007,Bernard Kyere,24/25,2025,1,0.5331797243527148,1,0
163654,Kevin García,24/25,2025,0,0.5331610743483405,1,1
456898,Vladan Danilović,24/25,2025,0,0.5331277107394116,1,1
178469,Michael Krmencik,24/25,2025,0,0.5331132924390525,1,1
740102,Mateja Djordjević,24/25,2025,1,0.5331041186968258,1,0
264011,Gergő Rácz,24/25,2025,0,0.5330894916913848,1,1
199257,László Pekár,24/25,2025,0,0.5330627557212765,1,1
210631,Davide Zagnoni,24/25,2025,0,0.5330404398705806,1,1
645962,Joep Munsters,24/25,2025,1,0.5330403090378826,1,0
496606,Dominick Zator,24/25,2025,1,0.5330248203079646,1,0
412607,Eoin Toal,24/25,2025,0,0.5330154772139665,1,1
253765,Wesley Hoedt,24/25,2025,0,0.5330105049449531,1,1
411371,Tommaso Nobile,24/25,2025,0,0.5329909946717909,1,1
1177190,Ye-chan Lee,24/25,2025,0,0.5329530771307949,1,1
724062,Mario Pejazic,24/25,2025,1,0.5329353396011476,1,0
344178,Bence Szabó,24/25,2025,0,0.5329258543410721,1,1
193724,Vito Hammershöy-Mistrati,24/25,2025,0,0.5329056875225126,1,1
1157538,Jan Petek,24/25,2025,1,0.5329026294760892,1,0
158623,Cyrus Christie,24/25,2025,1,0.5328966600016434,1,0
594731,Fabio Gruber,24/25,2025,0,0.5328893819568091,1,1
172015,Fernando Pacheco,24/25,2025,1,0.5328882493028024,1,0
597256,Houssen Abderrahmane,24/25,2025,0,0.532886950837601,1,1
550580,Shuto Machino,24/25,2025,1,0.5328662173903996,1,0
100722,Lago Júnior,24/25,2025,1,0.5328264377907314,1,0
900172,Stefano Mazzaroppi,24/25,2025,0,0.5328219789590364,1,1
950091,Stefanos Tzimas,24/25,2025,0,0.5328158087100158,1,1
530166,Stylianos Kokovas,24/25,2025,0,0.5328119613397058,1,1
315138,Mats Knoester,24/25,2025,0,0.5328103964406109,1,1
1121304,Emmanuel Gono,24/25,2025,0,0.5328079592351839,1,1
215213,Aleksandr Vasyutin,24/25,2025,0,0.5327761509451111,1,1
1027421,Ahmed Khatir,24/25,2025,1,0.5327605546208938,1,0
416380,Ragnar Ache,24/25,2025,1,0.532756943080962,1,0
120029,Džiugas Bartkus,24/25,2025,1,0.5327478525362005,1,0
281246,Kamil Zapolnik,24/25,2025,0,0.5327262889928427,1,1
273132,Robin Gosens,24/25,2025,1,0.5327166447530719,1,0
158120,Ismael Tajouri-Shradi,24/25,2025,1,0.5327096238701261,1,0
981485,Luis Córdova,24/25,2025,0,0.5327037177399245,1,1
612517,Bashir Humphreys,24/25,2025,1,0.5327024720548124,1,0
408311,Andrea Delcarro,24/25,2025,0,0.5326907580948427,1,1
188470,Francisco Calvo,24/25,2025,1,0.5326624937809332,1,0
911373,Dominik Kovács,24/25,2025,1,0.5326419435003521,1,0
929467,Kamil Jakubczyk,24/25,2025,0,0.5326227040072082,1,1
142947,Patrik Bacsa,24/25,2025,0,0.5326183248436436,1,1
486204,Klisman Cake,24/25,2025,0,0.5326114962530911,1,1
21286,Ousmane Pato,24/25,2025,1,0.5325959328860386,1,0
1064402,Ander Sánchez,24/25,2025,0,0.5325878817546148,1,1
196095,Luca Waldschmidt,24/25,2025,0,0.5325448283990676,1,1
744903,Ieltsin Camões,24/25,2025,0,0.5325401887936386,1,1
434433,Nikola Krstović,24/25,2025,1,0.5325398018197283,1,0
402911,Stefano Rossoni,24/25,2025,0,0.5325356990767023,1,1
607914,Johan Kury,24/25,2025,1,0.5325336775900585,1,0
653401,Isaak Akritidis,24/25,2025,0,0.5325318986879971,1,1
836196,Matyas Vojta,24/25,2025,0,0.5325246257175577,1,1
540059,Andreas Athanasakopoulos,24/25,2025,1,0.5324989350721908,1,0
412539,Dimitar Iliev,24/25,2025,0,0.5324939401224756,1,1
238809,Florent Hadergjonaj,24/25,2025,0,0.5324908012511588,1,1
393240,Boyd Reith,24/25,2025,1,0.5324716623698362,1,0
156721,Luka Milunovic,24/25,2025,1,0.5324708556094344,1,0
627294,Fer Niño,24/25,2025,0,0.5324202036595476,1,1
101345,Pasquale Maiorino,24/25,2025,0,0.5324130332329585,1,1
726697,Cristian Devenish,24/25,2025,0,0.5324081505247219,1,1
703007,Andreas Karamanolis,24/25,2025,1,0.5324076127307147,1,0
124769,Luca Marrone,24/25,2025,0,0.532400806868381,1,1
810312,Juri Schüchter,24/25,2025,1,0.5324002178305713,1,0
569866,Roberto López,24/25,2025,0,0.5323887015915231,1,1
418557,Johan Hove,24/25,2025,0,0.5323815826081633,1,1
355791,Fabrizio Brignani,24/25,2025,1,0.5323647418945764,1,0
983843,Neneca,24/25,2025,1,0.532360372288558,1,0
528245,Dorian Cevis,24/25,2025,0,0.5323070742829913,1,1
824737,Mattia Aprea,24/25,2025,1,0.5323026329599745,1,0
633111,Álex Calatrava,24/25,2025,0,0.5322595003078864,1,1
1309985,Gonzalo Casas,24/25,2025,1,0.532257264833489,1,0
467992,Samuele Ricci,24/25,2025,1,0.5322567268879849,1,0
353403,Samuel Moutoussamy,24/25,2025,1,0.5322477900053381,1,0
885310,Ardit Nuredini,24/25,2025,1,0.5322459835395028,1,0
798419,Ferdinand Scholl,24/25,2025,1,0.5321667751137624,1,0
262861,Sebastián Palacios,24/25,2025,1,0.5321520195947691,1,0
646701,Prince Aning,24/25,2025,0,0.5321256257303056,1,1
572441,Maximilian Adamski,24/25,2025,0,0.532122955254842,1,1
649765,Ákos Király,24/25,2025,0,0.532115832591718,1,1
240197,Isaac Donkor,24/25,2025,1,0.5320974440780032,1,0
1063448,Ilias Elyazidi,24/25,2025,1,0.5320518100916088,1,0
1321718,João Gastão,24/25,2025,1,0.5320398127488533,1,0
917931,Aaron Bayakala,24/25,2025,0,0.5320234913103973,1,1
228917,Jorge Miramón,24/25,2025,0,0.5320206104286435,1,1
937952,Javier Fernández,24/25,2025,0,0.5320118228087529,1,1
381706,Arvid Brorsson,24/25,2025,0,0.5319994946801709,1,1
503161,Denzel Tawiah,24/25,2025,1,0.5319856187500204,1,0
584087,Roni Arabaci,24/25,2025,1,0.5319790616535695,1,0
484703,Michael Liguori,24/25,2025,1,0.5319758057953953,1,0
233782,Aïssa Laïdouni,24/25,2025,0,0.5319754231859205,1,1
334371,Marcos Curado,24/25,2025,0,0.5319653707005527,1,1
147697,Vinícius,24/25,2025,0,0.5319652801599895,1,1
56853,Federico Casarini,24/25,2025,0,0.5319603563556371,1,1
624905,Ramón Vila,24/25,2025,1,0.531927212588784,1,0
235052,Abderrazak Hamdallah,24/25,2025,1,0.5319235398777443,1,0
433183,Tommy Doyle,24/25,2025,1,0.5319220454693235,1,0
531413,Ale Meléndez,24/25,2025,0,0.5318944627628316,1,1
284701,Samuel Portugal,24/25,2025,1,0.531894150671117,1,0
421118,Cris Montes,24/25,2025,1,0.5318793813114296,1,0
602792,Florian Wustinger,24/25,2025,0,0.5318386390234096,1,1
645955,Rick,24/25,2025,0,0.5318336331836613,1,1
221907,Romell Quioto,24/25,2025,1,0.5318314972846009,1,0
308822,José Romo,24/25,2025,1,0.5318314511037321,1,0
618805,Iker Bachiller,24/25,2025,1,0.5317794401713324,1,0
547039,Isaak Davies,24/25,2025,0,0.5317771090155649,1,1
531679,Ethan Laird,24/25,2025,0,0.5317719103718416,1,1
324803,Nicolas Janvier,24/25,2025,0,0.5317675857044711,1,1
351181,Yusuf,24/25,2025,0,0.5317668083570756,1,1
690425,Philip Fahrner,24/25,2025,0,0.5317620397836584,1,1
624542,Damiano Lazzeri,24/25,2025,0,0.5317490904644597,1,1
707530,Ardian Bajrami,24/25,2025,1,0.5317472334140992,1,0
226005,Franco Fragapane,24/25,2025,0,0.5317197277868668,1,1
379820,Francesco Mazzavillani,24/25,2025,0,0.5317109454716908,1,1
515624,Henri Koudossou,24/25,2025,1,0.5316728860717571,1,0
183720,Anwar El Ghazi,24/25,2025,1,0.5316311664993411,1,0
947696,Miroslav Kolev,24/25,2025,0,0.5316206912032941,1,1
534410,Sikiru Olatunbosun,24/25,2025,1,0.5316127575926018,1,0
190263,Predrag Rajković,24/25,2025,0,0.5316099517415835,1,1
520815,Ousseynou Ba,24/25,2025,0,0.5316082274806501,1,1
1056213,Orazio Pazienza,24/25,2025,0,0.5315972970706734,1,1
1044735,Filip Mikes,24/25,2025,1,0.5315926295752276,1,0
160137,Tom Barkhuizen,24/25,2025,1,0.5315881203139059,1,0
539800,Momodou Jaiteh,24/25,2025,1,0.5315804093808446,1,0
1304447,Malik Odeyinka,24/25,2025,1,0.5315769380573837,1,0
283214,Mathias Kristensen,24/25,2025,0,0.5315487765683652,1,1
487850,Oladapo Afolayan,24/25,2025,0,0.5315463020538064,1,1
295822,Robert Geantă,24/25,2025,1,0.5315438699898372,1,0
337043,Leonard Langhans,24/25,2025,0,0.531536258307677,1,1
312932,Eraldo Cinari,24/25,2025,1,0.5315333438776491,1,0
537375,Simo Bouzaidi,24/25,2025,1,0.5314734635238625,1,0
196146,Kasim Rabihic,24/25,2025,0,0.5314619119789167,1,1
1073078,Fernando Mimbacas,24/25,2025,1,0.5314455956855753,1,0
710865,Dominik Csontos,24/25,2025,0,0.531427384310875,1,1
1226008,Yanis Fetheddine,24/25,2025,1,0.5314063023501201,1,0
570059,Nikola Gluscevic,24/25,2025,0,0.5313743091382117,1,1
564049,Steve Seddon,24/25,2025,1,0.531357917818775,1,0
951325,Antonio Del Gesso,24/25,2025,1,0.5313381836134708,1,0
610690,Oliver Wright,24/25,2025,1,0.5313233988933175,1,0
282694,Augusto Solari,24/25,2025,1,0.5313121061026236,1,0
381133,Pasqual Verkamp,24/25,2025,0,0.5313022366212375,1,1
672449,Zé Pedro,24/25,2025,1,0.53129963997345,1,0
60916,Ryan Dow,24/25,2025,0,0.5312466464052922,1,1
369078,Rahil Mammadov,24/25,2025,1,0.5312449956883277,1,0
298589,David García,24/25,2025,0,0.5312440051255837,1,1
146752,Gianluca Caprari,24/25,2025,0,0.5312088413238865,1,1
157543,Dimitrios Kourbelis,24/25,2025,0,0.5311939917524566,1,1
484389,Kell Watts,24/25,2025,0,0.5311927285581924,1,1
33829,José Fonte,24/25,2025,0,0.5311782842447311,1,1
65841,Josep Antoni,24/25,2025,1,0.5311695631558642,1,0
441170,Valentin Rosier,24/25,2025,1,0.5311609036529341,1,0
462328,Alessandro Fabbri,24/25,2025,1,0.5311402715737064,1,0
1069869,Bruno Franco,24/25,2025,1,0.5311244260906023,1,0
461843,Juan Berrocal,24/25,2025,1,0.5311218714330083,1,0
963674,Vladimir Ivanov,24/25,2025,0,0.531114618951736,1,1
425764,Kelsey Mooney,24/25,2025,0,0.5311041337115038,1,1
91949,Trigueira,24/25,2025,0,0.531098239294141,1,1
927608,Diogo Amaro,24/25,2025,0,0.531024474369003,1,1
458780,Gianluca Mastromonaco,24/25,2025,0,0.5310073914877247,1,1
572689,Ivan Milosavljevic,24/25,2025,1,0.5309901505292188,1,0
373301,Silva,24/25,2025,1,0.5309409735661482,1,0
872090,Mouhcine Bouriga,24/25,2025,1,0.5309150658764071,1,0
697716,Serginho,24/25,2025,1,0.5308925415470773,1,0
49499,Georginio Wijnaldum,24/25,2025,0,0.53088808847228,1,1
205054,Norbert Gyömbér,24/25,2025,0,0.5308786973228282,1,1
673971,Franklin Sasere,24/25,2025,1,0.5308672910995931,1,0
1121945,Martin Georgiev,24/25,2025,0,0.5307977822084136,1,1
83002,Hiroki Sakai,24/25,2025,0,0.5307930448059255,1,1
365449,Xian Emmers,24/25,2025,1,0.5307700453646027,1,0
815550,Andrea Bartoccioni,24/25,2025,0,0.5307601384491644,1,1
937042,Darius Fălcușan,24/25,2025,1,0.5307520963007051,1,0
234499,Frédéric Maciel,24/25,2025,1,0.5307473907583329,1,0
128905,Josh McEachran,24/25,2025,1,0.5307362178696434,1,0
465818,Brian Rodríguez,24/25,2025,0,0.5307257653911577,1,1
510329,Hugo Rama,24/25,2025,1,0.5307118796806652,1,0
286037,Dusan Stevanovic,24/25,2025,1,0.5307071736786704,1,0
696346,Jay Stansfield,24/25,2025,0,0.5306919970615079,1,1
895946,Giovanni Perini,24/25,2025,1,0.530665688315487,1,0
272786,Gábor Megyeri,24/25,2025,0,0.5306579435299835,1,1
1110073,Nilas Yacobi,24/25,2025,1,0.5306558705858784,1,0
363223,Jack Hendry,24/25,2025,0,0.5306499107956449,1,1
961297,Rodrigo Mendoza,24/25,2025,0,0.5306254061505864,1,1
728688,Denis Kramar,24/25,2025,0,0.5305989477050825,1,1
818252,Pedro Malheiro,24/25,2025,1,0.5305695858535485,1,0
481834,Andrea Carboni,24/25,2025,0,0.53056347301147,1,1
710653,Iker Alday,24/25,2025,1,0.530501473865456,1,0
704682,Marco Forapani,24/25,2025,0,0.5304947208227795,1,1
535740,Giuseppe Ciocci,24/25,2025,0,0.530491597364874,1,1
44948,Fernando Forestieri,24/25,2025,1,0.5304799574357862,1,0
1066821,Vasilios Archontakakis,24/25,2025,0,0.5304161524227211,1,1
207376,Konstantinos Bouloulis,24/25,2025,0,0.5303986423680488,1,1
578461,Nikola Borisov,24/25,2025,1,0.5303749276569676,1,0
212216,Jhonatan,24/25,2025,0,0.5303632308214722,1,1
1048337,Foster Gyamfi,24/25,2025,0,0.5303554522134104,1,1
1285972,Lorenzo Costa,24/25,2025,0,0.5303429170562254,1,1
813856,Bence Ominger,24/25,2025,0,0.5303403505559307,1,1
648509,Fourat Soltani,24/25,2025,1,0.5303064019363,1,0
152733,Onur Bulut,24/25,2025,1,0.5302772422685876,1,0
738046,Ismael Mansaray,24/25,2025,1,0.5302608313152614,1,0
305946,José Gomes,24/25,2025,0,0.5302599356917447,1,1
720984,Márk Helembai,24/25,2025,1,0.5302427495467636,1,0
605780,Dawid Kocyla,24/25,2025,0,0.5302359856063297,1,1
650472,Blnd Hassan,24/25,2025,1,0.5302157455668243,1,0
1056287,Pietro Pinelli,24/25,2025,0,0.530213342290335,1,1
901019,Neil El Aynaoui,24/25,2025,1,0.5302095568874877,1,0
666563,Kelvin John,24/25,2025,0,0.5302076223435507,1,1
139781,Tom Bradshaw,24/25,2025,0,0.5302060712883275,1,1
307341,Andrea Trainotti,24/25,2025,0,0.5302022188232965,1,1
1172382,Francesco Limberti,24/25,2025,0,0.5301954876279072,1,1
501007,Marko Bugarin,24/25,2025,0,0.530151237347942,1,1
634460,Álex Balboa,24/25,2025,1,0.5301472412437285,1,0
296704,Jaume Valens,24/25,2025,1,0.5301392453778143,1,0
495124,Brian Orosco,24/25,2025,0,0.5301165889657539,1,1
851725,Ivan Tasev,24/25,2025,0,0.5300933412550041,1,1
432090,Nicolò Fagioli,24/25,2025,1,0.530093088692357,1,0
621195,Bas Van den Eynden,24/25,2025,1,0.5300868694954041,1,0
440163,Miguel Mellado,24/25,2025,1,0.5300849572662397,1,0
924110,Efe Korkut,24/25,2025,0,0.530077934031151,1,1
282897,Kristiyan Malinov,24/25,2025,1,0.5300508960191556,1,0
388139,Mateo Topic,24/25,2025,0,0.5300429485650037,1,1
343094,Martin Palincsár,24/25,2025,1,0.5300287040073437,1,0
500274,Lorenzo Milani,24/25,2025,0,0.5300120627743784,1,1
272698,Mohamed Hamdaoui,24/25,2025,0,0.5299834001966599,1,1
460347,Giovani Bamba,24/25,2025,1,0.5299809987830699,1,0
655899,Serdar Saatçı,24/25,2025,0,0.5299498619416391,1,1
343536,Ikhsan Fandi,24/25,2025,1,0.5299433971790636,1,0
164402,Dioni,24/25,2025,1,0.5299411546926384,1,0
232390,Lukas Skovajsa,24/25,2025,0,0.5299359826778255,1,1
987505,Alessandro Elia,24/25,2025,1,0.5299101769404693,1,0
511883,Andronikos Kakoullis,24/25,2025,1,0.5299091273840807,1,0
66736,Lisandro Magallán,24/25,2025,1,0.5298955058017187,1,0
689891,Romoney Crichlow,24/25,2025,1,0.5298875770578771,1,0
494283,Enrico Dueñas,24/25,2025,1,0.5298846360386252,1,0
316934,Nikola Moro,24/25,2025,0,0.5298611861893171,1,1
373876,Robert Ivanov,24/25,2025,1,0.5298497103600137,1,0
221309,Óscar Plano,24/25,2025,1,0.5298104229022375,1,0
263627,Carlos Vigaray,24/25,2025,1,0.529804111739935,1,0
916429,Kelvin Patrick,24/25,2025,1,0.5297909241500811,1,0
200177,Giuseppe Nicolao,24/25,2025,1,0.5297834352001254,1,0
955276,Timi Atiki Egbe,24/25,2025,1,0.5297701021325938,1,0
569579,Alessandro Tozzuolo,24/25,2025,1,0.5297436332678614,1,0
483385,Nicke Kabamba,24/25,2025,0,0.5297174421577631,1,1
417238,Andrey Yordanov,24/25,2025,0,0.5297095712652943,1,1
97241,Victor Pálsson,24/25,2025,1,0.5296970229259639,1,0
893997,Cameron Ferguson,24/25,2025,1,0.5296942832540353,1,0
261056,Giacomo Ricci,24/25,2025,1,0.529664928994263,1,0
204654,Bashkim Velija,24/25,2025,1,0.5296590628824321,1,0
1234292,Vincenzo Arzillo,24/25,2025,1,0.5296544256780689,1,0
1192959,Federico Ottini,24/25,2025,1,0.5296445284908143,1,0
1050912,Riccardo Rossi,24/25,2025,0,0.5296208175471795,1,1
404995,Davide Diaw,24/25,2025,0,0.5296103755282435,1,1
471135,Richard Krizan,24/25,2025,1,0.5296061472551973,1,0
1185755,Samuele Sina,24/25,2025,1,0.5295519053840739,1,0
197476,Alex Redolfi,24/25,2025,1,0.5295447186202106,1,0
340435,Eros De Santis,24/25,2025,1,0.5295296817807135,1,0
411465,Andrea Rizzo Pinna,24/25,2025,1,0.5295273981919874,1,0
605242,Monju Momuluh,24/25,2025,1,0.5294783921098716,1,0
259930,Gabriel Fernández,24/25,2025,0,0.529475877861548,1,1
236467,Till Schumacher,24/25,2025,0,0.5294692036244096,1,1
1309281,Filippo Pedini,24/25,2025,0,0.5294675214031044,1,1
303308,Cihan Kahraman,24/25,2025,0,0.5294663675743537,1,1
272618,Teddy Bouriaud,24/25,2025,0,0.529457029077906,1,1
537171,Semuel Pizzignacco,24/25,2025,0,0.5294485330590113,1,1
908210,Alex King,24/25,2025,1,0.5293870810806512,1,0
185702,Danny Rose,24/25,2025,0,0.5293672524111763,1,1
530927,Silvian Matei,24/25,2025,1,0.5293193051772688,1,0
226219,Sean Raggett,24/25,2025,0,0.5293094101446928,1,1
465082,Georgi Nikolov,24/25,2025,1,0.5292874958977314,1,0
458499,Vasilios Tsimopoulos,24/25,2025,0,0.5292864905674635,1,1
987811,Ifeanyi David Nduka,24/25,2025,1,0.5292347712996794,1,0
229657,Jamal Arago,24/25,2025,0,0.5292293003041681,1,1
1003451,Breno,24/25,2025,1,0.529214125797598,1,0
728311,Edmilson Correia,24/25,2025,0,0.5292068147268135,1,1
359212,Richárd Zsolnai,24/25,2025,1,0.5292019939685226,1,0
1119447,Christopher Bonsu Baah,24/25,2025,1,0.529192952304421,1,0
348546,Konstantinos Tampas,24/25,2025,0,0.5291800146116056,1,1
84711,João Aurélio,24/25,2025,0,0.529170597943967,1,1
897853,Petar Marinov,24/25,2025,0,0.5291576057258892,1,1
404604,Patrik Blahut,24/25,2025,0,0.5291545220992947,1,1
1164001,Andrea Di Vincenzo,24/25,2025,1,0.5291436563797616,1,0
565821,Mika Biereth,24/25,2025,0,0.5291258027895165,1,1
140776,Yannick Carrasco,24/25,2025,0,0.5291052987345203,1,1
174733,Omar Colley,24/25,2025,1,0.5290935670747945,1,0
492786,Andrea Allegretto,24/25,2025,0,0.5290730156318867,1,1
55605,Hasan Ali Kaldırım,24/25,2025,1,0.5290725694971555,1,0
648046,Evan Ferguson,24/25,2025,1,0.5290626923970861,1,0
641553,Alessio Rizza,24/25,2025,0,0.5290581734240531,1,1
922783,Marios Dervishi,24/25,2025,0,0.5290440152218548,1,1
167890,Alberto Masi,24/25,2025,1,0.5290423423369124,1,0
125918,Lucas Villafañez,24/25,2025,0,0.5290405866486271,1,1
1046867,Jan Ziolkowski,24/25,2025,1,0.5290188581145591,1,0
548937,Evan Rottier,24/25,2025,0,0.5290152744217577,1,1
1057584,Jason Anastasini,24/25,2025,0,0.5290059994212658,1,1
565523,Edu Espiau,24/25,2025,1,0.528996025687015,1,0
87650,Julian Derstroff,24/25,2025,0,0.5289424048912511,1,1
335310,Áron Fejős,24/25,2025,1,0.52890938147145,1,0
448395,Giulio Favale,24/25,2025,0,0.5288285131105187,1,1
471641,Ángelo Martino,24/25,2025,1,0.5288165435864758,1,0
356236,Tomoki Iwata,24/25,2025,0,0.5288100392760341,1,1
380478,Victor Braga,24/25,2025,1,0.5288053112844487,1,0
969346,Alex Hudok,24/25,2025,0,0.5288035787747444,1,1
736048,Arsen Lleshi,24/25,2025,0,0.5287735522038108,1,1
269171,Gökhan Gül,24/25,2025,1,0.5287236125176619,1,0
832326,Romualdas Jansonas,24/25,2025,1,0.5287156974949584,1,0
673976,Anders Hoff,24/25,2025,0,0.5287143135140566,1,1
666467,Marco Rus,24/25,2025,0,0.5287118175781698,1,1
1004385,Owen Martinez-Jullien,24/25,2025,1,0.5286998402817763,1,0
390304,Federico Ravaglia,24/25,2025,0,0.5286524157559596,1,1
930021,Justin Faltyn,24/25,2025,0,0.5286457078966507,1,1
422400,Ezequiel Montagna,24/25,2025,1,0.528579278572732,1,0
946394,Mark Mokin,24/25,2025,1,0.5285788160279135,1,0
246836,Momcilo Raspopovic,24/25,2025,1,0.528576900670058,1,0
556982,Marcus Dinanga,24/25,2025,0,0.5285728109705166,1,1
378532,Jonathan Stöver,24/25,2025,0,0.5285719457762642,1,1
607224,Hannibal,24/25,2025,0,0.5285594420188833,1,1
863829,Alagie Saine,24/25,2025,0,0.5285534852775992,1,1
448557,Lorenzo Meledandri,24/25,2025,1,0.5285334285008926,1,0
598893,Dumitru Rogac,24/25,2025,0,0.5285086108167508,1,1
1011280,Donart Ibraimi,24/25,2025,1,0.5285032017992721,1,0
431185,Giannis Gerolemou,24/25,2025,1,0.528501391052613,1,0
1287735,Oscar Vargas,24/25,2025,0,0.5284999955484377,1,1
675946,Marin Petkov,24/25,2025,0,0.5284443100050716,1,1
1031551,Lorenzo Maasland,24/25,2025,0,0.5284288219344102,1,1
187329,Sandy Walsh,24/25,2025,1,0.5284198649997942,1,0
269870,Mattia Bortolussi,24/25,2025,0,0.5284111037766824,1,1
338855,Matija Horvat,24/25,2025,0,0.5284050364219108,1,1
337922,Esteban Burgos,24/25,2025,0,0.5283988484186114,1,1
668951,Matías Soulé,24/25,2025,0,0.5283650660785659,1,1
877131,Rosen Marinov,24/25,2025,1,0.5283521262264415,1,0
402581,Thomas Rodríguez,24/25,2025,0,0.5283386463114471,1,1
232418,Ondrej Duda,24/25,2025,1,0.5283279074968298,1,0
125342,Ohad Levita,24/25,2025,1,0.5283232005185349,1,0
458715,Robson Bambu,24/25,2025,1,0.5283106569801952,1,0
392375,Jake Hastie,24/25,2025,0,0.5282944847835781,1,1
581000,Eynel Soares,24/25,2025,0,0.5282906524770271,1,1
262391,Lluís López,24/25,2025,1,0.5282685901594978,1,0
279829,Alexandros Anagnostopoulos,24/25,2025,1,0.5282644405592595,1,0
845277,Dominik Biniek,24/25,2025,0,0.5282471036204464,1,1
309414,Frederik Børsting,24/25,2025,1,0.5282393438756711,1,0
679903,Ryoya Morishita,24/25,2025,1,0.5281794340790549,1,0
160671,Manu Molina,24/25,2025,1,0.5281358520683649,1,0
603864,Lewis Miller,24/25,2025,1,0.5281298799603007,1,0
297198,Christian Ilic,24/25,2025,1,0.528000151260768,1,0
521475,Bryan Hein,24/25,2025,1,0.5279486343189437,1,0
1001554,Berkay Aslan,24/25,2025,1,0.5279424654258161,1,0
1299058,Joey Zwaan,24/25,2025,0,0.5279204534153858,1,1
117720,Nils Winter,24/25,2025,0,0.527885874793062,1,1
182870,Fidan Aliti,24/25,2025,0,0.5278849911312176,1,1
334225,Mika Hanraths,24/25,2025,0,0.5278589550213824,1,1
131789,Roberto Firmino,24/25,2025,1,0.5278301981894946,1,0
669933,Jonata Machado,24/25,2025,1,0.5278261179270521,1,0
339023,Matty Stevens,24/25,2025,0,0.5277991730983028,1,1
148941,Domenico Franco,24/25,2025,1,0.5277781808135013,1,0
1050212,Nayrobi Vargas,24/25,2025,0,0.527764764313234,1,1
401533,Matheusinho,24/25,2025,1,0.5277368766359921,1,0
520908,Ekin Celebi,24/25,2025,1,0.5277316281138944,1,0
663244,Jota Silva,24/25,2025,1,0.5277269016715711,1,0
136643,Giannis Gianniotas,24/25,2025,1,0.5277253160034848,1,0
487603,Domen Gril,24/25,2025,0,0.5276799862787371,1,1
1295909,Abdul Moro,24/25,2025,0,0.5276602871776074,1,1
265289,Alberto Jiménez,24/25,2025,0,0.5275817858789493,1,1
908061,Vojtech Hranos,24/25,2025,1,0.5275549992635373,1,0
62270,Danilo Russo,24/25,2025,1,0.5275546947070588,1,0
463760,Ethan Erhahon,24/25,2025,1,0.5275303330040679,1,0
548590,Najm Shwan,24/25,2025,1,0.527521031583968,1,0
382204,Martin Koscelník,24/25,2025,0,0.5275200885183259,1,1
524428,Nicolas Galazzi,24/25,2025,1,0.5275195736958213,1,0
187353,Milos Degenek,24/25,2025,0,0.5275182155929874,1,1
667925,Sebastian Revan,24/25,2025,1,0.5274799550917965,1,0
189650,Tim Receveur,24/25,2025,1,0.5274770432774389,1,0
938509,Igor Nikic,24/25,2025,1,0.5274607429440251,1,0
1049322,Rodrick Tcheuna,24/25,2025,0,0.5274575829719963,1,1
823486,Michael Kayode,24/25,2025,1,0.527445558207466,1,0
357225,Mark Shelton,24/25,2025,0,0.52742099579279,1,1
875253,Duccio Nannini,24/25,2025,1,0.5274127913444105,1,0
616142,Jonathan Spedalieri,24/25,2025,0,0.5273872637622657,1,1
750877,Milan Silva Rasmussen,24/25,2025,1,0.527346367603851,1,0
196435,Saidy Janko,24/25,2025,0,0.5273361491753489,1,1
159838,Yoann Barbet,24/25,2025,0,0.5273234122306847,1,1
227314,Nelson Bonilla,24/25,2025,1,0.5272951422506402,1,0
407907,Gelson Dala,24/25,2025,0,0.5272913263160368,1,1
346237,Kabongo Tshimanga,24/25,2025,1,0.5272865077580691,1,0
691905,Karim El Abed,24/25,2025,1,0.5272841927562045,1,0
930165,Andrea Piazza,24/25,2025,0,0.527281723455804,1,1
288237,Jérémy Gélin,24/25,2025,1,0.5272775407819243,1,0
54534,Agustín Marchesín,24/25,2025,0,0.5272611298439711,1,1
631410,Vasilios Spinos,24/25,2025,0,0.5272472291081731,1,1
631349,Shakhboz Umarov,24/25,2025,1,0.5272149926570419,1,0
272845,Laurin von Piechowski,24/25,2025,0,0.5272137015045791,1,1
315568,Lorenzo Di Livio,24/25,2025,1,0.5272030997369218,1,0
936223,Nicolò Verza,24/25,2025,0,0.5271664861773985,1,1
218431,Amir Abedzadeh,24/25,2025,0,0.5271595971338585,1,1
64804,Thierry Moutinho,24/25,2025,0,0.5271232565056888,1,1
505307,Ryan De Havilland,24/25,2025,0,0.5271190349838989,1,1
352607,Darío García,24/25,2025,1,0.5270753134312418,1,0
139576,Édson Rivera,24/25,2025,0,0.5270702670190033,1,1
1022388,Levente Babós,24/25,2025,1,0.5270691415132086,1,0
592927,Péter Törőcsik,24/25,2025,1,0.5270584847305696,1,0
447823,Oier Luengo,24/25,2025,0,0.5270462662566109,1,1
116968,Carlos Izquierdoz,24/25,2025,0,0.5270435755000525,1,1
223977,Igor Julião,24/25,2025,0,0.5270406439852888,1,1
878150,Amario Cozier-Duberry,24/25,2025,1,0.5270231668753655,1,0
235413,Jaromir Zmrhal,24/25,2025,0,0.5270203893628419,1,1
931916,Dimitrios Retsos,24/25,2025,1,0.5270115864599334,1,0
216263,Aymen Souda,24/25,2025,1,0.5269951599637039,1,0
186239,Fabricio Pedrozo,24/25,2025,0,0.5269899987287581,1,1
318507,Paul Bernardoni,24/25,2025,1,0.5269890005267629,1,0
307939,Alexander Schmidt,24/25,2025,1,0.5269882189995548,1,0
926135,Omari Kellyman,24/25,2025,1,0.5269825313659204,1,0
390719,Oliver Urso,24/25,2025,0,0.5269762607158455,1,1
1000675,Alejo Sarco,24/25,2025,0,0.5269554647983408,1,1
156681,Stefan Haudum,24/25,2025,0,0.5269112399231678,1,1
29559,Guillermo Ochoa,24/25,2025,1,0.5268884331166223,1,0
1283297,Liam Russell,24/25,2025,0,0.5268840023903174,1,1
466820,Xhonatan Lajthia,24/25,2025,0,0.5268715425183627,1,1
607494,Elario Ghassan,24/25,2025,0,0.5268707596836995,1,1
630752,Óli Valur Ómarsson,24/25,2025,0,0.52685025891194,1,1
699418,Jakub Kaluzinski,24/25,2025,1,0.5268487357463277,1,0
75489,Niclas Füllkrug,24/25,2025,0,0.5268284206545369,1,1
345890,Ruben Hoogenhout,24/25,2025,1,0.526824497019573,1,0
25808,Oto John,24/25,2025,0,0.5268150127050243,1,1
197468,Davide Agazzi,24/25,2025,0,0.5268080095023928,1,1
631002,Raúl García,24/25,2025,0,0.5268036820921069,1,1
234006,Keagan Dolly,24/25,2025,1,0.5267885190927386,1,0
198617,Jan Vondra,24/25,2025,0,0.5267872497654522,1,1
74345,Dénes Szakály,24/25,2025,0,0.526780194273155,1,1
710678,Christian Mutilva,24/25,2025,1,0.5267652421951371,1,0
166326,Peter Leeuwenburgh,24/25,2025,0,0.5267480429853878,1,1
312682,Dudu Nardini,24/25,2025,1,0.5267463484400948,1,0
342787,Ilias Evangelou,24/25,2025,0,0.5266921093186967,1,1
286259,Davide Riccardi,24/25,2025,0,0.5266797849696048,1,1
160438,Mohamed Elneny,24/25,2025,0,0.5266746325740147,1,1
1025415,Martin Todorski,24/25,2025,0,0.5266567147520589,1,1
469828,Mihajlo Neskovic,24/25,2025,0,0.5266409716668629,1,1
856532,Kai McLean,24/25,2025,0,0.5265988934565943,1,1
622745,William Mackleyther,24/25,2025,1,0.5265672050716438,1,0
336070,Álvaro Casas,24/25,2025,1,0.5265272819401239,1,0
707982,Dimitri Jepihhin,24/25,2025,0,0.5265060812823311,1,1
122493,Amir Sayoud,24/25,2025,1,0.5264734499990597,1,0
237669,Dereck Kutesa,24/25,2025,1,0.5264672900009871,1,0
277033,David Brooks,24/25,2025,0,0.5264272168256099,1,1
167228,Raúl Lizoain,24/25,2025,0,0.5264269015620419,1,1
1049726,Matteo Colombara,24/25,2025,0,0.5263636935182792,1,1
999417,Francesco Pinto,24/25,2025,1,0.5263405642251177,1,0
692128,Davide Ferri,24/25,2025,0,0.5263246752796802,1,1
909270,Denis Dinev,24/25,2025,1,0.5263161596232262,1,0
1063329,Andrés García,24/25,2025,0,0.5263115241186924,1,1
461959,Douglas Aurélio,24/25,2025,0,0.5262534142204545,1,1
411662,Lucas Veríssimo,24/25,2025,1,0.5262381198373532,1,0
128105,Peter Zulj,24/25,2025,0,0.526225609308859,1,1
804906,Sebastiaan Hagedoorn,24/25,2025,0,0.526217228051764,1,1
1193782,Francesco Bochicchio,24/25,2025,1,0.5262048766628418,1,0
383008,Daniel Azevedo,24/25,2025,0,0.526194082782894,1,1
375791,Bence Pintér,24/25,2025,1,0.5261781960322106,1,0
585818,Frantz Pierrot,24/25,2025,1,0.5261587392043169,1,0
44118,Marc Pujol,24/25,2025,0,0.5261341102446107,1,1
917158,Davide Ziu,24/25,2025,0,0.5261217121012148,1,1
728321,Petar Karaangelov,24/25,2025,0,0.5261122945685394,1,1
518472,Willyan Rocha,24/25,2025,1,0.5261105865122233,1,0
242882,Higinio Marín,24/25,2025,0,0.5261079201267523,1,1
84911,Daniel Genov,24/25,2025,0,0.5261014512742622,1,1
192088,Enis Bytyqi,24/25,2025,0,0.5260907944521663,1,1
59009,Jörg Siebenhandl,24/25,2025,0,0.5260863110295896,1,1
954687,Francesco Macchi,24/25,2025,1,0.5260800966247037,1,0
690146,Amoro Diedhiou,24/25,2025,0,0.5260761067662815,1,1
168427,Dawid Abramowicz,24/25,2025,1,0.5260602638577897,1,0
118375,Dardo Miloc,24/25,2025,0,0.5260213733899485,1,1
911531,Alexis Golfinos,24/25,2025,1,0.5260063074234047,1,0
287564,Giorgio Tumbarello,24/25,2025,1,0.5259985482097963,1,0
396085,Marco Ballabio,24/25,2025,0,0.5259977222931274,1,1
223890,Rober Correa,24/25,2025,1,0.5259968315074944,1,0
476057,Guytho Mijland,24/25,2025,1,0.5259932710532289,1,0
654723,Bogdan Shubin,24/25,2025,0,0.5259821032874602,1,1
548802,John Liebelt,24/25,2025,0,0.5259803947785858,1,1
385923,Brandon Wilson,24/25,2025,0,0.5259778231934952,1,1
939751,Matej Kadlec,24/25,2025,0,0.525961375835433,1,1
1168861,Faton Ademi,24/25,2025,0,0.5259551484309702,1,1
321976,Matko Kramer,24/25,2025,1,0.5259441005737707,1,0
608534,Edward Bolaños,24/25,2025,0,0.5259357896390251,1,1
618021,Djordje Jovicic,24/25,2025,1,0.525931888364443,1,0
195611,Alexander Siebeck,24/25,2025,0,0.5259195243192959,1,1
352223,Israel Suero,24/25,2025,0,0.525860372969979,1,1
131102,Jeison Murillo,24/25,2025,0,0.5258538111125904,1,1
128509,Dany Carvajal,24/25,2025,0,0.5258462529264634,1,1
961022,Benja Domínguez,24/25,2025,0,0.5258458968373702,1,1
1075192,Sergio Carmona,24/25,2025,1,0.5258400508524808,1,0
356024,Rubilio Castillo,24/25,2025,1,0.5258244476150239,1,0
846543,Noa Zuliani,24/25,2025,1,0.5257988021736077,1,0
48280,Edinson Cavani,24/25,2025,0,0.5257900678228051,1,1
809167,Ciaran Gilligan,24/25,2025,0,0.5257708594147766,1,1
682719,Simão Rocha,24/25,2025,0,0.525755738650552,1,1
196445,Dustin Corea,24/25,2025,1,0.5257449259799517,1,0
1195771,Justin Adozi,24/25,2025,1,0.5257248570452161,1,0
702354,Idrissa Thiam,24/25,2025,1,0.5256856994516403,1,0
258951,Tamás Csilus,24/25,2025,0,0.5256474204917564,1,1
710497,Stojan Lekovic,24/25,2025,0,0.5256040962974047,1,1
267753,Nicolás Ibáñez,24/25,2025,0,0.5255555443976299,1,1
999402,Diego Sia,24/25,2025,0,0.5255392388686169,1,1
700103,Óscar Siafa,24/25,2025,1,0.5255300228817564,1,0
1162160,Maher Carrizo,24/25,2025,0,0.5255183650703766,1,1
112632,Raphael Augusto,24/25,2025,1,0.5255125648075377,1,0
401913,Ramiro Macagno,24/25,2025,0,0.5254937165940842,1,1
199179,Nikolaos Melissas,24/25,2025,1,0.5254933660481389,1,0
453678,James Gibbons,24/25,2025,0,0.5254923987350683,1,1
221876,Mikkel Wohlgemuth,24/25,2025,0,0.52548481291536,1,1
45717,Nenê,24/25,2025,0,0.5254774263337936,1,1
1036636,Ivan Marchev,24/25,2025,0,0.5254740699461692,1,1
169681,Frederico Venâncio,24/25,2025,0,0.5254668180733664,1,1
350322,Emanuele Anastasia,24/25,2025,1,0.525450336571149,1,0
934034,Dimitrios Metaxas,24/25,2025,0,0.5254324209564452,1,1
671549,Enes Osmani,24/25,2025,0,0.5254082802808934,1,1
949961,Bas Huisman,24/25,2025,1,0.525392137222278,1,0
258881,Kyle Cameron,24/25,2025,1,0.5253857860730962,1,0
633650,Leon King,24/25,2025,1,0.5253818262772774,1,0
536826,Nacho Quintana,24/25,2025,0,0.525378865649636,1,1
717900,Tommaso Guercio,24/25,2025,0,0.5253743183639501,1,1
579288,Robin Tihi,24/25,2025,0,0.5253550802608751,1,1
1035765,Ilyas Ansah,24/25,2025,1,0.5253483188461864,1,0
1050650,Adam Mayor,24/25,2025,1,0.5253452627292728,1,0
186901,Marek Rodák,24/25,2025,0,0.5253355547388051,1,1
93633,Stipe Batarilo,24/25,2025,1,0.5252975271750966,1,0
394123,Manuel Peretti,24/25,2025,0,0.5252743199339097,1,1
400653,Jan Matousek,24/25,2025,0,0.5252515062330858,1,1
93753,Calogero Rizzuto,24/25,2025,0,0.5251937855547563,1,1
929130,Mathijs Menu,24/25,2025,0,0.525175872656258,1,1
1108584,Adam Rasheed,24/25,2025,0,0.5251667071997913,1,1
817521,Maximilian Kinzig,24/25,2025,0,0.5251537591068306,1,1
525867,Fraser Horsfall,24/25,2025,1,0.5251400638269008,1,0
276080,Iván Turrillo,24/25,2025,0,0.5251382987159217,1,1
88701,Filippo Perucchini,24/25,2025,1,0.5251073768241752,1,0
907464,Tommy Leigh,24/25,2025,0,0.5250988234456018,1,1
61887,Federico Macheda,24/25,2025,0,0.5250792398565745,1,1
543382,Mohamed Camara,24/25,2025,0,0.5250663304548618,1,1
924114,Dustin Forkel,24/25,2025,1,0.5250244866773074,1,0
939870,Jef Tchouangue,24/25,2025,0,0.5250240903152492,1,1
251664,Ivan Toney,24/25,2025,0,0.5250181424312459,1,1
322077,Besard Šabović,24/25,2025,0,0.5249682176435435,1,1
1191122,Meson Becchio,24/25,2025,1,0.5249597032384584,1,0
339151,Sven Sonnenberg,24/25,2025,0,0.5249587540929265,1,1
425733,Nikola Stevanovic,24/25,2025,1,0.524934522463328,1,0
696022,Maximilian Neutgens,24/25,2025,0,0.5249080550122542,1,1
312819,Silvere Ganvoula,24/25,2025,1,0.5248919775375313,1,0
595653,Anton Dowds,24/25,2025,0,0.5248335511211237,1,1
195049,Michael Eberwein,24/25,2025,0,0.5247968089837448,1,1
765068,Pedro Antonio Rodriguez,24/25,2025,0,0.5247755213230155,1,1
713787,Jhoanner Chávez,24/25,2025,0,0.5247347326145008,1,1
510388,Lucas Anacker,24/25,2025,0,0.5247157895524481,1,1
333494,Jakub Pokorny,24/25,2025,1,0.5247143699567522,1,0
657155,Sidney Lima,24/25,2025,0,0.5246949131036466,1,1
883346,Tommaso Ricordi,24/25,2025,1,0.5246868760154236,1,0
814982,Marc Enke,24/25,2025,1,0.524674956881028,1,0
85908,Luca Dürholtz,24/25,2025,1,0.5246471158533507,1,0
674136,Joel Senior,24/25,2025,0,0.524635746152206,1,1
190222,Sander van de Streek,24/25,2025,0,0.5245914588878355,1,1
1123259,Emanuele Tesauro,24/25,2025,1,0.5245434033680146,1,0
189483,Issouf Paro,24/25,2025,0,0.5245355076642509,1,1
1130174,Bennedikt Wüstenhagen,24/25,2025,1,0.5245148664356161,1,0
806168,Paul Joly,24/25,2025,1,0.5245105573102967,1,0
460800,Ilian Iliev,24/25,2025,0,0.5244787244107313,1,1
485729,Fashion Sakala,24/25,2025,0,0.5244708835537845,1,1
456844,Adam Roscrow,24/25,2025,0,0.5244700518057965,1,1
611906,Nnamdi Ofoborh,24/25,2025,1,0.5244493404558216,1,0
695279,Michal Matus,24/25,2025,1,0.5244347558603971,1,0
493983,Pavel Sokol,24/25,2025,1,0.5244174007674595,1,0
285771,Roger Martínez,24/25,2025,0,0.5243974612689224,1,1
671057,Rio Dyer,24/25,2025,0,0.524381272548219,1,1
1046875,Wojciech Jakubik,24/25,2025,0,0.5243763459907149,1,1
386447,Alessandro Fiordaliso,24/25,2025,1,0.5243729387792332,1,0
396955,Emmanuele Esposito,24/25,2025,0,0.5243642561494615,1,1
525385,Tobias Dombrowa,24/25,2025,0,0.5243400476818294,1,1
203123,Haris Tabakovic,24/25,2025,1,0.5243385924665325,1,0
332250,Nicolás Oroz,24/25,2025,0,0.52433220250139,1,1
1051905,Kira Yamamoto,24/25,2025,1,0.5243020723112857,1,0
1185019,Benedikt Rottensteiner,24/25,2025,1,0.5242823280664106,1,0
892165,Sergej Levak,24/25,2025,1,0.5242604307917277,1,0
789738,Yannick Michaelis,24/25,2025,0,0.524252533786952,1,1
190804,Uros Djurdjevic,24/25,2025,0,0.524245494382904,1,1
464186,Noah Lovisa,24/25,2025,1,0.524201950874905,1,0
207005,Mohamed Bettamer,24/25,2025,1,0.5241525497464755,1,0
962174,Jacopo Lanzi,24/25,2025,0,0.5241467480048247,1,1
864485,Alexandru Gutium,24/25,2025,1,0.5241207862134976,1,0
315289,Myrto Uzuni,24/25,2025,0,0.5240877896020038,1,1
493038,Maximilian Schütt,24/25,2025,0,0.5240499105721104,1,1
700565,Brian Cipenga,24/25,2025,0,0.5240482712377563,1,1
1008564,Billy van Duijl,24/25,2025,0,0.5240231693613925,1,1
459127,Andrea Invernizzi,24/25,2025,0,0.524020251816222,1,1
287764,Luca Procacci,24/25,2025,0,0.524011299502027,1,1
371345,Dimitar Sheytanov,24/25,2025,1,0.5239903990798145,1,0
289846,Ashley Fletcher,24/25,2025,0,0.5239451674503022,1,1
979858,Manuel Conti,24/25,2025,0,0.5238965233087997,1,1
178942,Bruno Brígido,24/25,2025,0,0.5238642238322619,1,1
533506,Lazar Vujanic,24/25,2025,1,0.5238529962718432,1,0
620156,Denis Vala,24/25,2025,0,0.5238496640261143,1,1
964633,Tebo Gabriel,24/25,2025,1,0.5238456731945734,1,0
1193047,Zsombor Szilágyi,24/25,2025,1,0.5238008693122599,1,0
696822,Emir Kuhinja,24/25,2025,0,0.5237948874550679,1,1
334804,Kenny Dougall,24/25,2025,0,0.5237079047407219,1,1
126705,Martin Sourzac,24/25,2025,0,0.5237077015005175,1,1
699233,Aleksa Puric,24/25,2025,1,0.5236975004422336,1,0
975139,Wilmer Olofsson,24/25,2025,1,0.5236924907472915,1,0
746145,Tomoyuki Doi,24/25,2025,1,0.5236601913248237,1,0
614228,Jaume Villar,24/25,2025,0,0.5236576747529134,1,1
607164,Enzo Cornelisse,24/25,2025,1,0.5236313557947764,1,0
820807,Francesco Toniolo,24/25,2025,0,0.523620023349583,1,1
550468,Radoslav Zhivkov,24/25,2025,0,0.5236178169103923,1,1
633649,Adam Devine,24/25,2025,1,0.5235869850116248,1,0
419597,Iyayi Atiemwen,24/25,2025,1,0.5235841365261129,1,0
123258,Ivan Varone,24/25,2025,1,0.523574762346324,1,0
862363,Abdellah Haimoud,24/25,2025,1,0.5235606633428106,1,0
391401,Fisnik Zuka,24/25,2025,1,0.5235494249020334,1,0
841353,Gojko Petovic,24/25,2025,0,0.5235369693274233,1,1
717241,Aleksandar Buchkov,24/25,2025,0,0.5235125742768741,1,1
374081,Aitor Buñuel,24/25,2025,1,0.5234740832523905,1,0
99348,Antonio Amaro,24/25,2025,1,0.5234692148546761,1,0
21101,Milan Petrzela,24/25,2025,1,0.5234340778567904,1,0
632495,Josep Gayá,24/25,2025,1,0.5234204126155283,1,0
1004834,George Ilenikhena,24/25,2025,0,0.5233801123890317,1,1
920968,Ronaldo Nájera,24/25,2025,0,0.523369782861711,1,1
400485,Adam Ounas,24/25,2025,1,0.5233594660803338,1,0
658874,Seung-bin Kim,24/25,2025,0,0.5233352254588584,1,1
1183411,Karel Pérez,24/25,2025,1,0.5233267805982859,1,0
705099,Cornelius Staver,24/25,2025,1,0.5232920497694594,1,0
884809,Luke Rahmann,24/25,2025,1,0.5232602257768117,1,0
348431,Cazim Suljic,24/25,2025,0,0.523248232228161,1,1
113358,Sofiane Hanni,24/25,2025,0,0.5232414455805273,1,1
345590,Jens Odgaard,24/25,2025,0,0.5232336580550158,1,1
590203,Efthymios Pavlakis,24/25,2025,1,0.5232218380340377,1,0
802205,Danilo Bajraktari,24/25,2025,0,0.5232061777800031,1,1
260416,Lorenzo Paolucci,24/25,2025,0,0.5232016342573629,1,1
189640,Michal Travnik,24/25,2025,0,0.5232002099977494,1,1
192467,Lukas Wilton,24/25,2025,0,0.5231972980105982,1,1
936739,Dominic Vavassori,24/25,2025,0,0.523190996919389,1,1
222332,Lasha Dvali,24/25,2025,1,0.5231861535205518,1,0
1177641,Samuel Bockay,24/25,2025,1,0.5231842246489632,1,0
327757,Krzysztof Piatek,24/25,2025,1,0.5231826742941913,1,0
1099924,Yael Trepy,24/25,2025,0,0.5231581674559548,1,1
693342,Martin Achkov,24/25,2025,0,0.5231464689026052,1,1
702890,Armando Miculi,24/25,2025,0,0.5231344070818362,1,1
261406,Seung-woo Ryu,24/25,2025,1,0.5231011970097094,1,0
258032,Yuri Ribeiro,24/25,2025,0,0.5230949878660381,1,1
293360,Jakub Martinec,24/25,2025,1,0.5230837010308513,1,0
103284,Dieumerci Ndongala,24/25,2025,0,0.5230646151106708,1,1
808452,Jack Milne,24/25,2025,0,0.5230640864560765,1,1
676922,Moussa Sidibé,24/25,2025,1,0.5230530003673782,1,0
1073217,Vincenzo Lettieri,24/25,2025,0,0.5230412973450983,1,1
199169,Umberto Germano,24/25,2025,1,0.5230316913505749,1,0
288340,Phillip Tietz,24/25,2025,0,0.5229942034867473,1,1
888290,Iker Pedernales,24/25,2025,0,0.5229829410788596,1,1
257468,Nemanja Glavcic,24/25,2025,0,0.5229693056242184,1,1
74228,Marc Muniesa,24/25,2025,0,0.5229680101150173,1,1
198067,Filip Helander,24/25,2025,1,0.5229638703664283,1,0
165852,Cosimo Chiricò,24/25,2025,1,0.5229600724717803,1,0
612756,Amoah Sam,24/25,2025,0,0.5229395979057844,1,1
507345,Leonidas Stergiou,24/25,2025,0,0.5229266512030506,1,1
335245,Marc Navarro,24/25,2025,0,0.5229127904703388,1,1
336928,Alessio Milillo,24/25,2025,0,0.5229042928904207,1,1
1052377,Juraj Badelj,24/25,2025,0,0.5228950145912357,1,1
896424,Samuel John Nwachukwu,24/25,2025,1,0.5228746494417564,1,0
315125,Javairô Dilrosun,24/25,2025,1,0.5228411688471003,1,0
381348,Daniel Mancini,24/25,2025,0,0.5228404171025152,1,1
170927,Simon Falette,24/25,2025,1,0.5228193390344277,1,0
223029,Fábio Martins,24/25,2025,1,0.5228161863831288,1,0
427572,Zuriko Davitashvili,24/25,2025,0,0.5228128103532809,1,1
552955,Santiago Gimenez,24/25,2025,0,0.522767592776919,1,1
336974,Makana Baku,24/25,2025,0,0.5227150121967216,1,1
488868,Nándor Kóródi,24/25,2025,0,0.5226804247917239,1,1
693413,David Idowu,24/25,2025,0,0.5226787669057453,1,1
121402,Ahmad Benali,24/25,2025,1,0.5226773722519941,1,0
617762,Habib Oueslati,24/25,2025,0,0.5226574118613568,1,1
433168,Nathanael Ogbeta,24/25,2025,1,0.5226534779072475,1,0
594997,Yohann Magnin,24/25,2025,1,0.5226006245538021,1,0
245030,Milan Gajic,24/25,2025,0,0.5225704955856938,1,1
708267,Nassim Benaissa,24/25,2025,1,0.5224874886114426,1,0
908929,Facundo Costantini,24/25,2025,1,0.522482806356346,1,0
672535,Carmine Cretella,24/25,2025,1,0.522439655407319,1,0
639237,Vedat Tunc,24/25,2025,0,0.5223937518025165,1,1
268250,Bonifác Csonka,24/25,2025,0,0.522378690450612,1,1
355369,Jordan,24/25,2025,1,0.5223262643205032,1,0
796298,Calum Scanlon,24/25,2025,0,0.5222738111669389,1,1
1279569,Ivan Tolkachev,24/25,2025,0,0.5222513235564267,1,1
646189,Topi Keskinen,24/25,2025,0,0.522238221191038,1,1
990637,Zachary Athekame,24/25,2025,1,0.5222246580795421,1,0
378872,Kayden Jackson,24/25,2025,0,0.5222096935518464,1,1
503160,Paul Nebel,24/25,2025,0,0.5221859830726648,1,1
129314,Kristian Álvarez,24/25,2025,1,0.5221788769830795,1,0
140757,Daniel Bessa,24/25,2025,1,0.5221736614849791,1,0
610607,Jakub Surovcik,24/25,2025,0,0.5221476322473149,1,1
309841,Andre Green,24/25,2025,1,0.522146839927613,1,0
928573,Joël van der Wilt,24/25,2025,0,0.5221415527850292,1,1
945498,Elías Benali,24/25,2025,0,0.5221216334921994,1,1
162959,Daniele Rugani,24/25,2025,0,0.5220849969139203,1,1
243106,Husam Kamal,24/25,2025,0,0.5220730136579548,1,1
524925,Modibo Sagnan,24/25,2025,1,0.5220383779085147,1,0
300156,Linas Megelaitis,24/25,2025,1,0.5220314435672778,1,0
568503,Manuel Holzmann,24/25,2025,0,0.5220054937064444,1,1
82112,Julian Riedel,24/25,2025,0,0.5220047930335054,1,1
714144,Radek Lehovec,24/25,2025,0,0.5219319445628792,1,1
1089326,Yuriy Bakalyar,24/25,2025,0,0.5219288465410925,1,1
814848,Owen Goodman,24/25,2025,1,0.5218891922533682,1,0
238639,Steve Mounié,24/25,2025,1,0.5218890095327513,1,0
744956,Luke Pearce,24/25,2025,0,0.5218848520732334,1,1
395291,Patrick Kurzen,24/25,2025,1,0.5218445841113729,1,0
959193,Dagoberto Espinoza,24/25,2025,0,0.5218319849567282,1,1
167472,Youssouf M'Changama,24/25,2025,1,0.5218310117249915,1,0
474838,Brian Plat,24/25,2025,0,0.5218136746396528,1,1
1066823,Konstantinos Roumeliotis,24/25,2025,0,0.5217879692605331,1,1
319723,Tornike Gaprindashvili,24/25,2025,0,0.5217592547677121,1,1
392633,Pietro Gecchele,24/25,2025,0,0.5217053868159597,1,1
184310,Inters Gui,24/25,2025,1,0.5217043249249732,1,0
1269895,Andrea Giardino,24/25,2025,1,0.5216830058931851,1,0
123579,Torben Rehfeldt,24/25,2025,1,0.5216802916024201,1,0
78956,Driss Fettouhi,24/25,2025,0,0.5216207642050427,1,1
541914,Anton Kovalev,24/25,2025,0,0.5215880771595703,1,1
1069532,Owen Cuddihy,24/25,2025,0,0.5215833967637041,1,1
930152,Enrico Casarotti,24/25,2025,1,0.5215344246535036,1,0
808651,Emirhan Acar,24/25,2025,1,0.5215217243764099,1,0
667515,Ruben Davies,24/25,2025,0,0.521481561519054,1,1
1033045,Michal Willmann,24/25,2025,1,0.5214637785054052,1,0
343388,Norbert Benkő-Bíró,24/25,2025,0,0.5214604444660624,1,1
455932,Lars Gindorf,24/25,2025,1,0.5214181424235677,1,0
929133,Rio Robbemond,24/25,2025,0,0.5213967217767751,1,1
1070312,Nathan Tronchet,24/25,2025,1,0.5213384546250273,1,0
181661,Rolando Blackburn,24/25,2025,0,0.5212763126736136,1,1
814966,Agustín Sienra,24/25,2025,1,0.5212695248854969,1,0
369082,Robert Ergas,24/25,2025,1,0.5212049451452884,1,0
237356,Michal Rzuchowski,24/25,2025,0,0.5211771629105293,1,1
59082,Heinz Lindner,24/25,2025,1,0.5211574622457151,1,0
214775,Óliver Torres,24/25,2025,0,0.5210819060666044,1,1
741871,Justin Gröger,24/25,2025,0,0.5210802347701219,1,1
114341,Anselmo,24/25,2025,1,0.5210263366581557,1,0
159142,Aderllan Santos,24/25,2025,0,0.5210251528397826,1,1
503865,Alexander Jensen,24/25,2025,0,0.5210125632398666,1,1
625405,Noah Godwin,24/25,2025,1,0.5209835171070271,1,0
739076,Aboubacar Lô,24/25,2025,1,0.5209480535727008,1,0
675878,Cristian,24/25,2025,0,0.5209459090546121,1,1
217139,Santi Canedo,24/25,2025,0,0.5209342118382264,1,1
407098,Jakub Kaminski,24/25,2025,1,0.5209002981061143,1,0
419120,Paulo Vítor,24/25,2025,1,0.5208868431601154,1,0
990009,Jasper Hartog,24/25,2025,0,0.5208859009693515,1,1
736041,Haris Mesic,24/25,2025,1,0.5208503085350351,1,0
213035,Amadou Moutari,24/25,2025,1,0.5208413476926893,1,0
410061,Loïc Kouagba,24/25,2025,1,0.5208207681768995,1,0
63200,Ashley Barnes,24/25,2025,0,0.5208070119898787,1,1
223035,Gigli Ndefe,24/25,2025,0,0.5207966036442282,1,1
657962,Leonard Bredol,24/25,2025,0,0.5207743020045738,1,1
540329,Tomas Frühwald,24/25,2025,0,0.520770001764676,1,1
113400,Aubrey David,24/25,2025,0,0.52076366963555,1,1
275937,Emil Viyachki,24/25,2025,0,0.5207583734335187,1,1
1085886,Joe Thomas,24/25,2025,1,0.5207521174348713,1,0
623773,Kristoffer Lund,24/25,2025,1,0.5207074777910495,1,0
980939,Wyll Stanway,24/25,2025,0,0.5206786553179447,1,1
909482,Luke Kenny,24/25,2025,1,0.5206571837856535,1,0
691482,Jacopo Fazzini,24/25,2025,1,0.5206239306786032,1,0
275956,Nader Ghandri,24/25,2025,0,0.5206229728185651,1,1
572798,Jakub Matousek,24/25,2025,0,0.5206040313918798,1,1
176553,Aymeric Laporte,24/25,2025,1,0.5205912495075982,1,0
946730,Klahos Zani,24/25,2025,1,0.5205844654281958,1,0
124260,Julián Velázquez,24/25,2025,1,0.520554881228116,1,0
566823,Achraf Dari,24/25,2025,0,0.520550860836908,1,1
802997,Norman Bassette,24/25,2025,1,0.5205172960064295,1,0
214538,Matheus Uribe,24/25,2025,0,0.5205163945694136,1,1
558890,Sergio Gómez,24/25,2025,0,0.5204806800116109,1,1
440730,Bence Varga,24/25,2025,1,0.5204540572325767,1,0
682351,Arthur Györgyi,24/25,2025,1,0.5204535372199651,1,0
146603,Roland Baracskai,24/25,2025,0,0.5204512301957998,1,1
109816,Roland Vólent,24/25,2025,0,0.5204423753821839,1,1
349570,Diney Borges,24/25,2025,0,0.5204381237346409,1,1
355663,Anass Najah,24/25,2025,1,0.5204379428040787,1,0
529885,Christian Kouan,24/25,2025,0,0.5204316142326194,1,1
877872,Ben Hughes,24/25,2025,1,0.5204200176368491,1,0
477930,Rıdvan Yılmaz,24/25,2025,1,0.5204172432150804,1,0
40792,Manuel Riemann,24/25,2025,1,0.5203781181391921,1,0
1082485,Dylan Watret,24/25,2025,0,0.5203708134775056,1,1
170962,Nicolas Saint-Ruf,24/25,2025,0,0.5203620491643428,1,1
498048,Julián Guevara,24/25,2025,0,0.5203536360778348,1,1
255755,Alex Telles,24/25,2025,0,0.5202933343182734,1,1
127182,Thomas Monconduit,24/25,2025,0,0.5202145518680119,1,1
614064,Jasper Moon,24/25,2025,0,0.5202053314486235,1,1
322765,Nathan Gartside,24/25,2025,1,0.5202000611932261,1,0
1066822,Georgios Botopoulos,24/25,2025,0,0.520199066867964,1,1
519561,Ole Martin Kolskogen,24/25,2025,0,0.5201929244338176,1,1
920309,Fredrik Nissen,24/25,2025,1,0.5201819636148586,1,0
56100,Leon Balogun,24/25,2025,1,0.5201669096288927,1,0
554463,Gustavo Souza,24/25,2025,1,0.5201406051812408,1,0
614498,Fabio Cortinovis,24/25,2025,1,0.5201343383896002,1,0
927269,Teodor Ivanov,24/25,2025,1,0.5201283272972631,1,0
605454,Valdemar Sadrifar,24/25,2025,1,0.5201240305037359,1,0
829249,Justus Götze,24/25,2025,0,0.5201038701896893,1,1
182877,Anthony Martial,24/25,2025,1,0.5200923037318241,1,0
605779,Kewin Komar,24/25,2025,1,0.5200852087578836,1,0
1076170,Denis Kala,24/25,2025,0,0.5200832350811927,1,1
520716,Malte Wengerowski,24/25,2025,0,0.5200558813323675,1,1
347253,Dany Mota,24/25,2025,0,0.520036905776494,1,1
612143,Kylian Kaïboue,24/25,2025,0,0.5200242555603469,1,1
928056,Jacopo Tarantino,24/25,2025,1,0.5200216080460083,1,0
322517,Joël Schmied,24/25,2025,0,0.5200205021232267,1,1
182108,Seba Pérez,24/25,2025,1,0.5200012790186606,1,0
867700,Joshua Duffus,24/25,2025,1,0.5199928521650234,1,0
955299,Carlo Soldati,24/25,2025,1,0.5199921300479308,1,0
292357,Georgios Manthatis,24/25,2025,1,0.5199915252381295,1,0
90478,Lukas Van Eenoo,24/25,2025,1,0.519934072974635,1,0
1133052,Enzo Tacafred,24/25,2025,0,0.5199262654485968,1,1
746695,Kamaldeen Sulemana,24/25,2025,1,0.519884772023934,1,0
665552,Denis Dziuba,24/25,2025,1,0.5198754449472469,1,0
313888,Davíd Kristján Ólafsson,24/25,2025,0,0.5198624240886454,1,1
251303,Johannes Eggestein,24/25,2025,1,0.5198622825475515,1,0
376252,Shane McLoughlin,24/25,2025,1,0.5198103269347134,1,0
954090,Rayan Lutin,24/25,2025,0,0.5198097937015975,1,1
559263,Fábio Carvalho,24/25,2025,0,0.5198094353272766,1,1
733422,Jake Rooney,24/25,2025,1,0.5197980720102172,1,0
724025,Matej Sin,24/25,2025,1,0.5197605627998423,1,0
814002,Luca Sonzogni,24/25,2025,1,0.5197503210408617,1,0
149231,Fidel,24/25,2025,1,0.5197411600701622,1,0
1230807,Máté Ecseri,24/25,2025,0,0.5197193246477895,1,1
963139,Francisco Perruzzi,24/25,2025,0,0.5196771091963768,1,1
482792,Simone Rabbi,24/25,2025,0,0.5196237657864016,1,1
610484,Adel Bettaieb,24/25,2025,1,0.519606006721697,1,0
268957,José Matos,24/25,2025,1,0.5195543405785291,1,0
489463,Kyogo Furuhashi,24/25,2025,1,0.5195516979566844,1,0
716104,Lassana Mendes,24/25,2025,0,0.5195437190698803,1,1
477547,Daniil Paroutis,24/25,2025,0,0.5195021003016991,1,1
748541,Joeri Oud,24/25,2025,0,0.5194991281527018,1,1
878885,Rhys Schwank,24/25,2025,0,0.5194956976354529,1,1
1015401,Paul Reverson,24/25,2025,0,0.5194949262660891,1,1
720517,Matías Barboza,24/25,2025,1,0.519492634956771,1,0
209291,Jack Bonham,24/25,2025,0,0.5194897794635069,1,1
593410,Yahya Kalley,24/25,2025,0,0.5194801215689631,1,1
216375,Felipe Avenatti,24/25,2025,1,0.5194354471550335,1,0
448058,Giannis Papanikolaou,24/25,2025,0,0.5194161248566311,1,1
355468,Primi Férriz,24/25,2025,1,0.5193689704985456,1,0
625838,David Harrington,24/25,2025,0,0.5193380114536822,1,1
857297,Ignacio Guerrico,24/25,2025,0,0.5193325814454124,1,1
640245,Will Fish,24/25,2025,0,0.5193286064259969,1,1
829838,Hennes Behrens,24/25,2025,0,0.5193199868560562,1,1
195911,João Oliveira,24/25,2025,0,0.5192687950534275,1,1
930772,Corey Hurford,24/25,2025,0,0.5192227464588337,1,1
929887,Adam Sevinsky,24/25,2025,0,0.5192190230306852,1,1
321247,Emiliano Buendía,24/25,2025,0,0.5192179098632851,1,1
367443,Jonas Wendlinger,24/25,2025,0,0.5191910564190972,1,1
1073565,Nikola Medojevic,24/25,2025,0,0.5191574286492256,1,1
278651,Gerard Valentín,24/25,2025,1,0.5191191489670034,1,0
248393,Peter Olayinka,24/25,2025,0,0.5191110754601754,1,1
330210,Dawid Gojny,24/25,2025,0,0.5190916036674834,1,1
467623,Lyle Foster,24/25,2025,0,0.5190841628006487,1,1
288251,Sébastien Salles-Lamonge,24/25,2025,0,0.5190783547165458,1,1
498171,Alexander Ahl-Holmström,24/25,2025,0,0.5190576747789922,1,1
392563,Alessandro Di Munno,24/25,2025,1,0.5190508576223013,1,0
745299,Tom Kerssens,24/25,2025,1,0.5190259870881492,1,0
563614,Tidiane Keita,24/25,2025,1,0.5190147577324001,1,0
464469,Torbjørn Heggem,24/25,2025,1,0.5189904647685809,1,0
978438,Patrik Kristal,24/25,2025,0,0.5189831143132645,1,1
56066,Enzo Pérez,24/25,2025,0,0.518975412439906,1,1
69392,Adriano Grimaldi,24/25,2025,1,0.5189605322746502,1,0
272706,James Lawrence,24/25,2025,0,0.5189508097642339,1,1
687640,Matteo Sorzi,24/25,2025,0,0.5188926578104222,1,1
67797,Milan Borjan,24/25,2025,0,0.518856582651962,1,1
632349,Jarell Quansah,24/25,2025,1,0.5188560080823408,1,0
894668,Stefan Bukinac,24/25,2025,0,0.5188108364911488,1,1
509234,Mattéo Ahlinvi,24/25,2025,0,0.5188006640633174,1,1
63491,Andreas Vasilogiannis,24/25,2025,0,0.5187962380377207,1,1
433818,Scott Twine,24/25,2025,0,0.5187889137455302,1,1
61297,Milan Mijatovic,24/25,2025,0,0.5187876129712027,1,1
243616,Paschalis Kassos,24/25,2025,1,0.5187825736403542,1,0
538964,Thijs Dallinga,24/25,2025,0,0.518779079602852,1,1
654539,Adrien Truffert,24/25,2025,1,0.5187754422119487,1,0
534244,Adama Diarrassouba,24/25,2025,0,0.5187542543313471,1,1
95737,Bassel Jradi,24/25,2025,1,0.5186811087451485,1,0
305521,Mohammadmehdi Mehdikhani,24/25,2025,0,0.51864233981143,1,1
670860,James Beadle,24/25,2025,1,0.5186366342229242,1,0
196785,Emanuel Taffertshofer,24/25,2025,1,0.5186122745591566,1,0
611793,James Hill,24/25,2025,0,0.5185819176411166,1,1
413859,Mael Corboz,24/25,2025,0,0.5185706398725678,1,1
204198,Romain Saïss,24/25,2025,0,0.5185013595398446,1,1
733904,Michalis Patiras,24/25,2025,1,0.5184776876178392,1,0
120095,José Campaña,24/25,2025,1,0.518471678739652,1,0
345654,Marlos Moreno,24/25,2025,1,0.5184580580334094,1,0
1102496,Aleksandr Shvedchikov,24/25,2025,1,0.5184460487651386,1,0
1110622,Francesco Nunziata,24/25,2025,1,0.5184341323605643,1,0
935476,Nicholas Pluvio,24/25,2025,0,0.5183893739191558,1,1
814468,Matteo Polizzi,24/25,2025,1,0.5183613635771842,1,0
913085,Néné Gbamblé,24/25,2025,0,0.5183273644252555,1,1
538073,Romain Matthys,24/25,2025,1,0.5182964779950662,1,0
642521,Leonardo Marchi,24/25,2025,0,0.5182723596667457,1,1
1046692,Ólafur Hjaltason,24/25,2025,0,0.5182625743254647,1,1
660768,Max Thompson,24/25,2025,0,0.518230849184477,1,1
875219,Marselino Ferdinan,24/25,2025,1,0.5182211085631938,1,0
129374,Marc Martínez,24/25,2025,1,0.5182157102569106,1,0
95673,Tom van Weert,24/25,2025,0,0.5182039616717092,1,1
199270,Zoltán Medgyes,24/25,2025,0,0.518154905235025,1,1
705341,Silvio Brustolin,24/25,2025,0,0.5181458029660534,1,1
491946,Paya Pichkah,24/25,2025,0,0.5180995950285588,1,1
929257,Joonas Frenzel,24/25,2025,0,0.5180953386759534,1,1
1153628,Yannik Wagner,24/25,2025,0,0.5180835757105733,1,1
321685,Mirza Mustafic,24/25,2025,1,0.5179807568926427,1,0
582406,Marian Smatlak,24/25,2025,0,0.5179627566251206,1,1
634117,Pablo Valencia,24/25,2025,1,0.5179455077227705,1,0
242716,Enzo Basilio,24/25,2025,1,0.5179397773717198,1,0
212746,Alexandru Băluță,24/25,2025,1,0.517821505679699,1,0
624569,Samuel Attah Kumi,24/25,2025,0,0.5178207192374752,1,1
470393,Twan van der Zeeuw,24/25,2025,0,0.5177320405999811,1,1
254968,Dario Marzino,24/25,2025,0,0.5177060162708722,1,1
674501,Jonathan Gómez,24/25,2025,1,0.5176896841041917,1,0
817753,Aisar Ahmed,24/25,2025,0,0.5176638918082035,1,1
624462,Jan Reichert,24/25,2025,0,0.5175779024012231,1,1
323611,Sigitas Olberkis,24/25,2025,0,0.517533069719279,1,1
270187,Tomás Sánchez,24/25,2025,0,0.5174920759010111,1,1
922772,Charalampos Kallanxhi,24/25,2025,0,0.517445326916189,1,1
275678,Masies Artien,24/25,2025,1,0.5174324678391181,1,0
388795,Oumar Gonzalez,24/25,2025,0,0.5173446241335923,1,1
986258,Siaka Bakayoko,24/25,2025,0,0.5173411465436089,1,1
277179,Angeliño,24/25,2025,0,0.5173294790866876,1,1
378520,Fernán Faerron,24/25,2025,1,0.5172604117052779,1,0
60410,Marcos Acuña,24/25,2025,0,0.517237963603494,1,1
256718,Sven van Beek,24/25,2025,0,0.5172341429622334,1,1
148817,Szilveszter Hangya,24/25,2025,0,0.5172213487202941,1,1
404584,Marcus Forss,24/25,2025,1,0.5171782035508566,1,0
457090,Stan van Dijck,24/25,2025,1,0.517157762111824,1,0
1081530,Pharell Kegni,24/25,2025,0,0.5171454595282181,1,1
323403,Dimitar Velkovski,24/25,2025,0,0.5171343717364137,1,1
94295,Jonas Thorsen,24/25,2025,0,0.517131157000114,1,1
267497,Kristi Qose,24/25,2025,0,0.5171193132248761,1,1
689892,Ben Jackson,24/25,2025,0,0.5171021152730708,1,1
490760,Tchamba,24/25,2025,0,0.5170953389269624,1,1
273872,Joey Breitfeld,24/25,2025,0,0.5170604647616932,1,1
84377,Jonatan Gómez,24/25,2025,1,0.5170598842390025,1,0
744729,Tarek Buchmann,24/25,2025,1,0.5170575448038912,1,0
874081,Karoy Anderson,24/25,2025,0,0.5170350903108815,1,1
511113,Álex Cano,24/25,2025,0,0.5169639474622023,1,1
556314,András Pusztai,24/25,2025,0,0.5169138061070022,1,1
191188,Alexis Sauvage,24/25,2025,0,0.5168974570076533,1,1
692608,Ben Engdahl,24/25,2025,0,0.5168721439018095,1,1
38998,Marquitos,24/25,2025,0,0.5168692928868036,1,1
655012,Lucas Stassin,24/25,2025,0,0.516860551111225,1,1
648886,Samuel Loric,24/25,2025,0,0.516840759094008,1,1
976219,Lorenzo Carfora,24/25,2025,0,0.5168380085255325,1,1
218355,Conor Grant,24/25,2025,0,0.5168333394321252,1,1
917120,Tanguy Zoukrou,24/25,2025,0,0.5168304892275789,1,1
517402,Bjarne Pudel,24/25,2025,0,0.5168116427614087,1,1
432698,Kornelius Normann,24/25,2025,1,0.5168007808175136,1,0
818819,Giuseppe Fares,24/25,2025,0,0.5167693867678669,1,1
538678,Macauley Southam-Hales,24/25,2025,1,0.5167684118469495,1,0
892127,Kayden Wolff,24/25,2025,0,0.5167568906218841,1,1
250826,Saeed Al-Mowalad,24/25,2025,0,0.5167485518679095,1,1
449860,Filippo Pirola,24/25,2025,0,0.5167148149917139,1,1
205878,Charlie Telfer,24/25,2025,1,0.5167139901694937,1,0
636888,Udoka Godwin-Malife,24/25,2025,0,0.5166662319798498,1,1
610400,William Bøving,24/25,2025,1,0.5166588845910942,1,0
332593,Patrick Andrade,24/25,2025,1,0.5166440535479807,1,0
936745,Ismaël Konaté,24/25,2025,0,0.516608221711348,1,1
906570,Dennis Azakir,24/25,2025,0,0.5166074454120686,1,1
286044,Marco Weymans,24/25,2025,0,0.51659829424786,1,1
993989,Nikola Velichkovski,24/25,2025,1,0.5165627453615933,1,0
324472,Diego Borghini,24/25,2025,1,0.5165555269900753,1,0
787936,Ollie Hulbert,24/25,2025,0,0.5165430914797846,1,1
400871,Kacper Krzepisz,24/25,2025,1,0.5165297755094576,1,0
289583,Antoine Lejoly,24/25,2025,1,0.5165236673389233,1,0
121265,Toto Nsiala,24/25,2025,0,0.5165048714305425,1,1
363227,James Penrice,24/25,2025,1,0.5164579878620229,1,0
444571,Curtis Tilt,24/25,2025,1,0.5164027250356154,1,0
868327,Hristiyan Slavkov,24/25,2025,1,0.5163989283196638,1,0
331637,Tom Baack,24/25,2025,1,0.5163894822016156,1,0
654918,Matteo Dams,24/25,2025,0,0.5163442144899023,1,1
620015,Tenton Yenne,24/25,2025,1,0.5163403997345587,1,0
966649,Connor O'Brien,24/25,2025,0,0.5163372109949532,1,1
395120,Stefano Bonaiti,24/25,2025,1,0.5163145218255603,1,0
208116,Curro Sánchez,24/25,2025,0,0.5162940744209882,1,1
1318477,Farès Ben Rahem,24/25,2025,1,0.5162562178969983,1,0
129579,Glenn Claes,24/25,2025,1,0.5162341406948381,1,0
939745,Lorenzo Torriani,24/25,2025,0,0.5162184114293955,1,1
485533,Máté Fekete,24/25,2025,0,0.5161719645046735,1,1
1049599,Michele Scienza,24/25,2025,1,0.5161619717893011,1,0
808027,Dorian Chiotti,24/25,2025,1,0.5161350341430966,1,0
716685,Giannis Ioannidis,24/25,2025,0,0.5160835679213427,1,1
990259,Christos Kosidis,24/25,2025,0,0.5160826477163883,1,1
683895,Emmanuel Agbadou,24/25,2025,0,0.5160303043499167,1,1
946971,Marin Prekodravac,24/25,2025,1,0.5160166881263382,1,0
188888,Sheraldo Becker,24/25,2025,1,0.5160041582198316,1,0
440755,Benny,24/25,2025,1,0.5159619561283492,1,0
583058,Alvyn Sanches,24/25,2025,1,0.5159605529123079,1,0
339328,Owen Wijndal,24/25,2025,0,0.5159481856719751,1,1
337383,Andrea Boffelli,24/25,2025,0,0.5159115768821384,1,1
112457,Alessandro Bassoli,24/25,2025,1,0.5158835770968017,1,0
848757,Rayan Atikallah,24/25,2025,0,0.5158712328575603,1,1
127610,Mexer,24/25,2025,1,0.5158691382308841,1,0
269677,Vladyslav Krayev,24/25,2025,0,0.515855556557834,1,1
640492,Faissal Zangré,24/25,2025,1,0.5158399795793067,1,0
447661,Douglas Luiz,24/25,2025,1,0.5158315633317936,1,0
956694,Benedek Simon,24/25,2025,0,0.5158281434145483,1,1
260657,Erik Wekesser,24/25,2025,0,0.5158276027894744,1,1
1044395,Marten-Chris Paalberg,24/25,2025,0,0.515738481617733,1,1
100001,Carlos Auzqui,24/25,2025,0,0.515736466372166,1,1
400174,Kristófer Kristinsson,24/25,2025,0,0.5156961555832171,1,1
742163,Joel Bagan,24/25,2025,0,0.5156744042568888,1,1
984136,Callum Stead,24/25,2025,0,0.5156694864315928,1,1
467486,Antoine Leautey,24/25,2025,1,0.5156514264902907,1,0
1186500,Ricky-Lee Owen,24/25,2025,0,0.5156208685424385,1,1
212713,Kiko,24/25,2025,0,0.515579313681794,1,1
1103652,Marius Louër,24/25,2025,0,0.5155722226674241,1,1
906339,Antonio Jozanovic,24/25,2025,1,0.5155617457726053,1,0
346849,Christoph Klarer,24/25,2025,0,0.5155091599153305,1,1
690852,Kristóf Sármány,24/25,2025,0,0.5155043195781485,1,1
234866,Rai Marchán,24/25,2025,1,0.5154818414639915,1,0
528451,Tobias Bech,24/25,2025,0,0.5154754942070005,1,1
333851,Ákos Sigér,24/25,2025,0,0.5154734577005234,1,1
943828,Olivier de Nijs,24/25,2025,0,0.5154731090418928,1,1
812783,Karlo Lusavec,24/25,2025,0,0.515460228000627,1,1
1052350,Nick Rothweiler,24/25,2025,0,0.5154490382495404,1,1
817999,Dawyn-Paul Donner,24/25,2025,0,0.5154445131226517,1,1
163656,Connor Goldson,24/25,2025,0,0.5154432574614054,1,1
344605,Boubakary Soumaré,24/25,2025,0,0.5154337017943995,1,1
138850,Stefan Drazic,24/25,2025,0,0.5154278936627841,1,1
1168851,Omar Khedr,24/25,2025,0,0.5154049253053996,1,1
351597,Shayne Lavery,24/25,2025,0,0.5153977691464914,1,1
435772,Charles De Ketelaere,24/25,2025,0,0.5153868593624493,1,1
484160,Alex Sposito,24/25,2025,1,0.515382967951702,1,0
895458,Adrián Pica,24/25,2025,1,0.5153819532235485,1,0
344395,Jorge Fernandes,24/25,2025,0,0.5153307027975297,1,1
315984,Michael Kelly,24/25,2025,0,0.5153180971164353,1,1
1065861,Ernesto Ballabile,24/25,2025,1,0.5153177318727296,1,0
927768,Lucas Pires,24/25,2025,0,0.5153007211904989,1,1
818906,Yoan Bornosuzov,24/25,2025,0,0.5152905976132516,1,1
1015825,Elio Rufener,24/25,2025,0,0.5152811646843753,1,1
163203,Francesco Vassallo,24/25,2025,0,0.5152557519968638,1,1
838221,Dudu Hatamoto,24/25,2025,1,0.5152412566279713,1,0
627408,Edwin Rodríguez,24/25,2025,0,0.5152342046448581,1,1
1162365,Bandar Darwish,24/25,2025,0,0.5152081056019022,1,1
223053,Quini,24/25,2025,0,0.5151958588858371,1,1
404688,Waldo Rubio,24/25,2025,1,0.5151728356304143,1,0
398808,Martin Hongla,24/25,2025,0,0.5151639218513376,1,1
189100,Sasa Ivkovic,24/25,2025,0,0.5151603982205365,1,1
567148,Harry Stone,24/25,2025,0,0.515137201615604,1,1
665971,Jonas Nickisch,24/25,2025,1,0.515135086435183,1,0
279472,Nathan Burke,24/25,2025,0,0.5151270963788153,1,1
401535,Gabriel Batista,24/25,2025,0,0.515115248371461,1,1
529357,Aris Sörensen,24/25,2025,0,0.5150994485752126,1,1
371003,Ante Palaversa,24/25,2025,0,0.5150920965947327,1,1
439465,Gaizka Larrazabal,24/25,2025,0,0.5150801446869068,1,1
932752,Thomas Zouaghi,24/25,2025,1,0.5150710656036526,1,0
941420,Jack O'Reilly,24/25,2025,1,0.5150587012602811,1,0
287871,Fabrizio Alastra,24/25,2025,0,0.5150469955910706,1,1
249210,Rubén Gálvez,24/25,2025,1,0.5150005031588523,1,0
268742,Márton Lorentz,24/25,2025,1,0.5149935362135836,1,0
504215,Giovanni Reyna,24/25,2025,1,0.5149822153711542,1,0
358166,Eldor Shomurodov,24/25,2025,1,0.514974877906632,1,0
491702,Nacho Pais,24/25,2025,1,0.5149160901509598,1,0
539226,Simone Benincasa,24/25,2025,0,0.5148852635094262,1,1
867611,José de León,24/25,2025,1,0.5148806517010779,1,0
1172908,Amine Chabane,24/25,2025,0,0.5148639602675361,1,1
1025179,Gergő Kovács,24/25,2025,0,0.5148456040157381,1,1
183298,Chris Long,24/25,2025,1,0.514824966091189,1,0
696028,Noah Pesch,24/25,2025,1,0.5147773516383325,1,0
191895,Rafał Kurzawa,24/25,2025,1,0.5147734955015085,1,0
146164,Max Meyer,24/25,2025,0,0.5147550311641771,1,1
92488,Paddy Madden,24/25,2025,1,0.5146748177884723,1,0
1056226,Aristidis Andrikopoulos,24/25,2025,1,0.514651951875891,1,0
113133,Germán Pezzella,24/25,2025,0,0.5146442425504039,1,1
121257,Adam Forshaw,24/25,2025,0,0.5146423032549954,1,1
724104,Fabio Chiarodia,24/25,2025,0,0.5145990443381517,1,1
500763,Marvin Keller,24/25,2025,0,0.5145775102766654,1,1
205533,Damien Dussaut,24/25,2025,1,0.5145700048757585,1,0
492313,Rodrigo Guth,24/25,2025,1,0.5145641794418995,1,0
631472,Bruno Langa,24/25,2025,1,0.5145544749586544,1,0
401855,Dylan Fox,24/25,2025,0,0.5145368353166847,1,1
321579,Jake Beesley,24/25,2025,1,0.5145200587990925,1,0
578916,Ognjen Gasevic,24/25,2025,1,0.5145022576252906,1,0
88705,Michele Rigione,24/25,2025,0,0.5144902375015338,1,1
51569,Sasa Strujic,24/25,2025,0,0.5144714054843863,1,1
734348,Hernán Zazas,24/25,2025,1,0.514470446829372,1,0
938388,Panagiotis Tsantilas,24/25,2025,0,0.5144666698529826,1,1
336855,Elliot Newby,24/25,2025,0,0.5144406807020648,1,1
680906,Mustapha Gbolahan Salami,24/25,2025,0,0.5144338781739011,1,1
609887,Alex Robertson,24/25,2025,0,0.5144178066522973,1,1
164830,Márió Németh,24/25,2025,0,0.5143803273673818,1,1
494847,Lovro Majkic,24/25,2025,1,0.5143678732306705,1,0
832896,Jack Wilkie,24/25,2025,0,0.5143256819622595,1,1
1321713,Justin Raviele,24/25,2025,1,0.5143039692982948,1,0
670119,Victor Loturi,24/25,2025,0,0.5143020080252453,1,1
171696,Marco Perrotta,24/25,2025,0,0.5143016027817758,1,1
659270,Lendrit Shala,24/25,2025,0,0.5143003575639815,1,1
561899,Abdollah Ali Saei,24/25,2025,0,0.5142918084144543,1,1
468272,Gustavo Cascardo,24/25,2025,0,0.5142900811998128,1,1
892633,Aitor Pérez,24/25,2025,0,0.5142837130100585,1,1
157539,Konstantinos Fortounis,24/25,2025,0,0.5142485075551712,1,1
1023191,George Hemmings,24/25,2025,0,0.5142297838943994,1,1
241402,Rewan Amin,24/25,2025,0,0.5142234083600462,1,1
874429,Aron Sasu,24/25,2025,0,0.5142126358899788,1,1
126953,Bojan Zogovic,24/25,2025,0,0.5141600067869999,1,1
950400,Ahmad Faqa,24/25,2025,0,0.5141513705937736,1,1
336756,Miguel Silva,24/25,2025,0,0.5141501918414573,1,1
78507,Derrick Tshimanga,24/25,2025,0,0.5141024019943014,1,1
1113024,Vasilije Markovic,24/25,2025,0,0.5141011745491672,1,1
1038310,Rody Junior Effaghe,24/25,2025,0,0.514052068083349,1,1
629531,Artem Bilyi,24/25,2025,1,0.514051350909014,1,0
787152,Veit Stange,24/25,2025,0,0.5140154977636912,1,1
686977,Justin Seven,24/25,2025,0,0.5140149959999198,1,1
224458,Pyry Soiri,24/25,2025,1,0.5139439461170728,1,0
1009483,Antonio Bazdaric,24/25,2025,1,0.5139410798553777,1,0
696613,Gabriele Pagliai,24/25,2025,1,0.5138624378514245,1,0
920308,Elison Makolli,24/25,2025,0,0.5138563606486486,1,1
592116,Yuki Ohashi,24/25,2025,0,0.5138258868940211,1,1
908857,Ágúst Orri Thorsteinsson,24/25,2025,0,0.5138018497571308,1,1
392577,Matteo Rover,24/25,2025,1,0.5137990526043698,1,0
456331,Sion Bradley,24/25,2025,1,0.5137918216633844,1,0
611861,Natan Girma,24/25,2025,0,0.5137770619235433,1,1
228645,Wout Weghorst,24/25,2025,0,0.513771458974296,1,1
1118150,Emmanuel Uchenna,24/25,2025,0,0.513733763595718,1,1
906969,Daniel Gleiber,24/25,2025,1,0.5137329394640989,1,0
884820,Almugera Kabar,24/25,2025,0,0.5137077100969905,1,1
134327,Fabio Benedetto,24/25,2025,0,0.5136956579721703,1,1
467151,Mahmoud Jaber,24/25,2025,1,0.5136473787819029,1,0
250490,Christian Fassnacht,24/25,2025,0,0.5136390985333622,1,1
225693,Fabinho,24/25,2025,0,0.5135900828623904,1,1
1011936,Kaye Furo,24/25,2025,1,0.5135900528337017,1,0
1109887,Filip Kaczmarek,24/25,2025,0,0.5135810510955331,1,1
510330,Diego García,24/25,2025,0,0.5135573859067253,1,1
668276,Hugo Novoa,24/25,2025,1,0.5135268795980539,1,0
548935,Steven van der Sloot,24/25,2025,0,0.5135167140746302,1,1
695877,Denis Ciobanu,24/25,2025,0,0.5135141635480407,1,1
751104,Milosz Matysik,24/25,2025,0,0.513509866582991,1,1
924030,Lucas Beetz,24/25,2025,0,0.5135027885951392,1,1
337385,Riccardo Gatti,24/25,2025,1,0.513495953768954,1,0
357858,Marc Tsoungui,24/25,2025,1,0.5134488145919305,1,0
8198,Cristiano Ronaldo,24/25,2025,0,0.5134154216850974,1,1
227073,Patrik Kelemen,24/25,2025,0,0.5134060649398218,1,1
220848,Yannick Gomis,24/25,2025,0,0.5133746730420616,1,1
421769,Davide Ghislandi,24/25,2025,0,0.5133675962529766,1,1
468036,Dimitris Emmanouilidis,24/25,2025,1,0.5132946082114845,1,0
77363,Jovan Nikolic,24/25,2025,0,0.5132605036560731,1,1
1106292,Yassin Hamdi,24/25,2025,0,0.513257458046667,1,1
1166025,Vojtech Novak,24/25,2025,0,0.5132325988609387,1,1
689022,Nadir Ajanovic,24/25,2025,0,0.5132263872781277,1,1
627208,Andres Jasson,24/25,2025,0,0.5132253501980154,1,1
405670,Yannik Engelhardt,24/25,2025,1,0.5132043197579971,1,0
51152,Aleksandar Mitrović,24/25,2025,1,0.5131763949966189,1,0
949493,Ion Ciobanu,24/25,2025,1,0.5131318848695098,1,0
1192068,Tommaso Nucifero,24/25,2025,1,0.5131178663396413,1,0
267486,Bruno Lulaj,24/25,2025,0,0.5130647349787297,1,1
696011,Pierre Nadjombe,24/25,2025,1,0.513023958274917,1,0
406008,Yan Valery,24/25,2025,0,0.5129983891431397,1,1
391063,Filippo Chiti,24/25,2025,0,0.5129909231766028,1,1
425239,Alessandro Capelli,24/25,2025,0,0.5129163438662174,1,1
396167,Charlie Scott,24/25,2025,0,0.5128523200725097,1,1
1059479,Stefen Tchamche,24/25,2025,0,0.5128476947841502,1,1
587333,Sekou Sylla,24/25,2025,0,0.5128092549349149,1,1
503864,Ludvig Henriksen,24/25,2025,0,0.5128053554960356,1,1
256120,Wilfrid Kaptoum,24/25,2025,1,0.5128048829884985,1,0
148812,Aurél Farkas,24/25,2025,0,0.5128008845619438,1,1
263482,Michael Olunga,24/25,2025,1,0.5127921338205393,1,0
940553,Relja Obric,24/25,2025,0,0.5127709900959702,1,1
842341,Maxime Estève,24/25,2025,0,0.512719808286118,1,1
658530,Jonas Jensen-Abbew,24/25,2025,0,0.5126750907427748,1,1
1031769,Tim Windsheimer,24/25,2025,1,0.5126746896356564,1,0
846358,Kerr Smith,24/25,2025,1,0.5126677951185112,1,0
188477,Borislav Tsonev,24/25,2025,1,0.512664997836434,1,0
73269,Javier Matilla,24/25,2025,0,0.5126020542122063,1,1
401583,Julián Chicco,24/25,2025,1,0.5125939319742129,1,0
615618,Santiago Eneme,24/25,2025,1,0.5125644162709158,1,0
116088,Marius Bülter,24/25,2025,1,0.512561035883393,1,0
940740,Ivan Grudko,24/25,2025,0,0.5125519785969589,1,1
1073023,Radoslaw Zelezny,24/25,2025,1,0.5125294226854998,1,0
742201,Giuliano Simeone,24/25,2025,0,0.5125142337649256,1,1
795523,Enes Yılmaz,24/25,2025,1,0.5125102105003636,1,0
112663,Eliran Atar,24/25,2025,0,0.5124976585596706,1,1
128886,András Horváth,24/25,2025,0,0.5124822938921639,1,1
193777,Charlie Raglan,24/25,2025,1,0.5124794149134969,1,0
386442,Alessandro Zanellati,24/25,2025,1,0.5124637287248403,1,0
77563,Samuel Sahin-Radlinger,24/25,2025,0,0.5124591979860805,1,1
538253,Simão,24/25,2025,0,0.5124554144929637,1,1
921065,Yannick Mausehund,24/25,2025,0,0.5124542310684523,1,1
438311,Victor Stina,24/25,2025,1,0.5124455013846619,1,0
487836,Simone Panada,24/25,2025,0,0.5124372678386574,1,1
711323,Alejandro Parada,24/25,2025,1,0.5124199918617969,1,0
344576,Rayan Raveloson,24/25,2025,0,0.5123377994851902,1,1
928621,Franco González,24/25,2025,1,0.5123301094578491,1,0
469976,Christopher Operi,24/25,2025,0,0.5122952784158359,1,1
390135,Abbas Yassin Mohamad,24/25,2025,1,0.5122927880821588,1,0
167792,Nicolò Bianchi,24/25,2025,1,0.5122785428688968,1,0
683670,Darragh Power,24/25,2025,0,0.5122629959694477,1,1
464530,Theocharis Tsingaras,24/25,2025,0,0.5122477205727607,1,1
810833,Arda Süne,24/25,2025,0,0.5122130217114447,1,1
538642,Juho Kilo,24/25,2025,0,0.5122112765426347,1,1
503619,Andrea Papetti,24/25,2025,1,0.5122016828516447,1,0
624266,Ross McCausland,24/25,2025,1,0.512190398011512,1,0
434109,Fabian Windhager,24/25,2025,0,0.512179027046267,1,1
346181,Oli Hawkins,24/25,2025,1,0.5121444200642267,1,0
182185,Milan Rundic,24/25,2025,1,0.5121347295824935,1,0
158534,Max Power,24/25,2025,1,0.5121336363134574,1,0
1077670,Axel Tape,24/25,2025,1,0.512107318193981,1,0
832462,Krisztián Székely,24/25,2025,0,0.5121042896433078,1,1
944095,Olle Samuelsson,24/25,2025,1,0.5120877176325754,1,0
228953,Richard Neudecker,24/25,2025,0,0.5120863977617797,1,1
704553,Eugenio Pizzuto,24/25,2025,0,0.5120644658227623,1,1
682225,Ahmad Assaf,24/25,2025,1,0.5120121535829851,1,0
135853,Manuel Lanzini,24/25,2025,1,0.5119679912699653,1,0
199325,Ander Cantero,24/25,2025,0,0.5119057724495767,1,1
216683,Fafà Picault,24/25,2025,0,0.5119026560649994,1,1
226006,Emanuel Insúa,24/25,2025,1,0.5118816158586871,1,0
335587,Philipp Hanke,24/25,2025,0,0.5118737195084713,1,1
262704,Michal Reichl,24/25,2025,0,0.5118447664546298,1,1
124173,Fabrizio Poli,24/25,2025,1,0.5118352593731743,1,0
787907,Benjamin Tahirović,24/25,2025,0,0.5118005172919986,1,1
454321,Jorge Benguché,24/25,2025,0,0.5117646918836517,1,1
151568,Xhelil Abdulla,24/25,2025,0,0.5117508234909208,1,1
646698,Gabriel Misehouy,24/25,2025,1,0.5117282798058416,1,0
867678,Harun Ibrahim,24/25,2025,1,0.5117079858352932,1,0
255119,Elias Dolah,24/25,2025,1,0.5116989349712766,1,0
883007,Filippo Mane,24/25,2025,0,0.5116980072995344,1,1
465844,Stefan Gavrilov,24/25,2025,0,0.5116226852217772,1,1
1011139,Jaden Dixon,24/25,2025,0,0.5116203797874406,1,1
939804,Keno-Miguel Meyer,24/25,2025,1,0.5116157455688503,1,0
145707,Danilo,24/25,2025,0,0.5115451365062572,1,1
400050,Keve Tóth,24/25,2025,0,0.5115177788091361,1,1
421710,Patryk Szysz,24/25,2025,1,0.5115048502431802,1,0
352598,Dragan Grivić,24/25,2025,1,0.5114836918508123,1,0
820148,Emre Uzun,24/25,2025,1,0.5114717865974779,1,0
158795,David Timor,24/25,2025,1,0.5114068846907673,1,0
891833,Skye Vink,24/25,2025,0,0.5113905093690134,1,1
1042216,Tibor Jager,24/25,2025,1,0.5113806013630925,1,0
160630,Alessandro Ligi,24/25,2025,0,0.5113553476040184,1,1
463030,Markus Kaasa,24/25,2025,1,0.511342904364641,1,0
293367,Nicolás Schiavi,24/25,2025,0,0.5113415461194006,1,1
251106,Enes Ünal,24/25,2025,0,0.5113222883816457,1,1
936027,Alessandro Pavanati,24/25,2025,0,0.5113172672162469,1,1
708635,Lorenzo Bernasconi,24/25,2025,0,0.5112758169903132,1,1
441098,Lucas Masoero,24/25,2025,1,0.5112317704614413,1,0
451164,Damian Hilbrycht,24/25,2025,0,0.5111947806386129,1,1
118071,Shane McEleney,24/25,2025,0,0.5111872692162975,1,1
271763,Alibek Aliev,24/25,2025,0,0.511179537173989,1,1
384264,Aden Baldwin,24/25,2025,0,0.5111793208040515,1,1
67886,Paulo Victor,24/25,2025,1,0.5111741004424054,1,0
392767,Danny Namaso,24/25,2025,1,0.5111566310704361,1,0
860658,Holger Bux,24/25,2025,0,0.5111527310912969,1,1
579263,Augustine Boakye,24/25,2025,0,0.5111282579116305,1,1
651843,Nick Perc,24/25,2025,0,0.5111008727259678,1,1
150788,Yahya Al-Shehri,24/25,2025,0,0.5110866410958085,1,1
595781,Jimmy Suárez,24/25,2025,0,0.5110821799618671,1,1
435288,Giannis Kosti,24/25,2025,0,0.5110604652638588,1,1
408247,Daniele Ciappellano,24/25,2025,0,0.5110586821831986,1,1
234761,Danny Bejarano,24/25,2025,1,0.5110558183814636,1,0
1218877,Mustafa Owaid,24/25,2025,1,0.5110401898652622,1,0
58382,Kristian Böhnlein,24/25,2025,0,0.5110236761360583,1,1
244940,Salih Özcan,24/25,2025,0,0.5109952118135926,1,1
213947,Farid Abderrahmane,24/25,2025,0,0.5109712914236497,1,1
335440,Emil Christensen,24/25,2025,0,0.5109673573079513,1,1
1002454,Ferdinand Riha,24/25,2025,0,0.5109380800499294,1,1
704338,Paolo Chierichetti,24/25,2025,0,0.5108756768694285,1,1
90800,Diego Rodríguez,24/25,2025,0,0.5108522028476927,1,1
622031,Tommaso De Nipoti,24/25,2025,1,0.5108443552506964,1,0
71019,Bartosz Salamon,24/25,2025,1,0.510840506248374,1,0
535670,Colm Whelan,24/25,2025,0,0.5108397744194836,1,1
373191,Flávio,24/25,2025,0,0.5108135606069777,1,1
208022,Giovanni Zarfino,24/25,2025,1,0.5108057687821017,1,0
1250341,Diego Deisadze,24/25,2025,0,0.5107545398860237,1,1
675623,Job Kalisvaart,24/25,2025,1,0.5107512584551035,1,0
384664,Maciej Wolski,24/25,2025,0,0.5107338636081741,1,1
740578,Arsen Vitarigov,24/25,2025,0,0.5107317023277245,1,1
412629,Filip Vasko,24/25,2025,0,0.5107180554036481,1,1
601507,Michele Voltan,24/25,2025,0,0.510715896208827,1,1
296359,Félix Eboa Eboa,24/25,2025,0,0.5106920339803432,1,1
698741,Marcus Ifill,24/25,2025,0,0.5106919713188908,1,1
866888,José Matos,24/25,2025,1,0.510671529969433,1,0
551686,Khalid Muneer,24/25,2025,0,0.5106695085691308,1,1
559324,Youri Regeer,24/25,2025,0,0.5106446933114263,1,1
284346,Phillip Menzel,24/25,2025,0,0.5106291936505134,1,1
166591,Rodrigo Rey,24/25,2025,0,0.5105861094538727,1,1
275512,Emanuel Mammana,24/25,2025,0,0.5105777147123559,1,1
188478,Radoslav Tsonev,24/25,2025,1,0.5105518896862349,1,0
278205,Viktor Ergin,24/25,2025,1,0.5105486388072711,1,0
800995,Ro-Zangelo Daal,24/25,2025,0,0.5105439424823631,1,1
903414,Carlo Faedo,24/25,2025,0,0.5105318608262391,1,1
344971,Nehar Sadiki,24/25,2025,1,0.5105138955433097,1,0
366213,Miłosz Mleczko,24/25,2025,0,0.5105055731820408,1,1
292740,Latyr Fall,24/25,2025,1,0.5104952568783022,1,0
952715,Andrea Zilio,24/25,2025,0,0.5104929148725968,1,1
132779,Branko Pauljevic,24/25,2025,0,0.5104922064852214,1,1
357047,Gautier Larsonneur,24/25,2025,0,0.5104358381286046,1,1
466587,Michal Zapletal,24/25,2025,0,0.510418788133428,1,1
354133,Kevin Varas,24/25,2025,0,0.5103866243931783,1,1
45228,Ryan Flynn,24/25,2025,0,0.5103540694583893,1,1
714488,Daniel Monga,24/25,2025,0,0.5103312780930698,1,1
463792,Luca Gemello,24/25,2025,0,0.510328481875223,1,1
1056224,Dimitri Valkanis,24/25,2025,1,0.5103254211418493,1,0
45320,Ángel Di María,24/25,2025,1,0.5102895242888728,1,0
938412,Theofilos Kakadiaris,24/25,2025,0,0.5102481734553073,1,1
347885,Fabio Morselli,24/25,2025,0,0.5102333669328413,1,1
392773,Alex Cochrane,24/25,2025,0,0.5102067526954961,1,1
392281,Matteo Di Giovanni,24/25,2025,0,0.510187842935358,1,1
308371,Mikel Villanueva,24/25,2025,1,0.5101804368608779,1,0
1123927,Tommaso Lagomarsino,24/25,2025,1,0.5101737670446965,1,0
528632,Wanderson,24/25,2025,0,0.5101603167829467,1,1
1318390,Niccolò Mennini,24/25,2025,1,0.5101280592560506,1,0
84751,Luca Martinelli,24/25,2025,0,0.5100994641627056,1,1
665582,David Seger,24/25,2025,1,0.5100856429667138,1,0
800953,Elisio Widmann,24/25,2025,0,0.5100552042566562,1,1
340166,Alessio Castro-Montes,24/25,2025,1,0.5100546131574802,1,0
935822,Vladyslav Nagrudnyi,24/25,2025,1,0.5100540645769,1,0
51510,Ángel Rodríguez,24/25,2025,1,0.5100334350660293,1,0
60517,Yacine Brahimi,24/25,2025,0,0.5099935051714088,1,1
921431,Adam Kölle,24/25,2025,0,0.5099928647709074,1,1
468249,Vitinho,24/25,2025,0,0.5099772233567713,1,1
208880,Amor Layouni,24/25,2025,0,0.5099679107610334,1,1
584254,Maximilian Breunig,24/25,2025,1,0.5099608042267644,1,0
273945,Miroslav Bogosavac,24/25,2025,0,0.5099002608478775,1,1
304144,Alen Sherri,24/25,2025,1,0.5098612687771599,1,0
392761,Zech Medley,24/25,2025,0,0.5098358343328547,1,1
806793,Clément Akpa,24/25,2025,0,0.5098168424792006,1,1
468309,Lucas Rosa,24/25,2025,0,0.5098115120098815,1,1
293785,Aidan McAdams,24/25,2025,0,0.5097686860833641,1,1
818898,Federico Magro,24/25,2025,1,0.5097682447130121,1,0
1073176,Oumar Pona,24/25,2025,0,0.5097566919940996,1,1
229194,Aron Bjarnason,24/25,2025,0,0.509729826134718,1,1
1045159,Daniel Barat,24/25,2025,0,0.509607677339461,1,1
205809,Marcus Rohdén,24/25,2025,0,0.5096039569968065,1,1
399473,Luke Thomas,24/25,2025,0,0.5095615202776502,1,1
270609,Róbert Kővári,24/25,2025,0,0.509560870521861,1,1
179462,Emiljano Musta,24/25,2025,0,0.5095524623876447,1,1
655300,Patrik Vydra,24/25,2025,0,0.5094941863914916,1,1
766538,Ermek Kenzhebaev,24/25,2025,1,0.5094813744391559,1,0
587310,Marc Nielsen,24/25,2025,0,0.5094608271339719,1,1
454238,Tomás Alarcón,24/25,2025,0,0.5094596903407297,1,1
252641,Pione Sisto,24/25,2025,0,0.509444126519942,1,1
574772,Lázaro,24/25,2025,1,0.5094263384671177,1,0
406699,Mosawer Ahadi,24/25,2025,1,0.5094247897858644,1,0
396488,Giuseppe Coccia,24/25,2025,1,0.5093983730363993,1,0
906315,Hugo Cuenca,24/25,2025,0,0.5093922671087688,1,1
1004786,Mohammed Umar,24/25,2025,0,0.5093591332415247,1,1
299561,Adrian Chovan,24/25,2025,0,0.5093579974963838,1,1
341227,Juan Miranda,24/25,2025,0,0.5093195640300453,1,1
983810,Senan Mullen,24/25,2025,1,0.5092964866736305,1,0
1046151,Jusuf Ugljanin,24/25,2025,1,0.5092704838194995,1,0
431422,Nathan Trott,24/25,2025,1,0.5092295611114269,1,0
484215,Toby Sibbick,24/25,2025,1,0.5092262252956357,1,0
471055,Marvin Pieringer,24/25,2025,0,0.5092217467945978,1,1
444523,Lucas Paquetá,24/25,2025,0,0.5092163160569531,1,1
1173845,Borna Ivanda,24/25,2025,1,0.5091963315539669,1,0
713355,Samuel Calderoni,24/25,2025,1,0.5091698720159619,1,0
80435,Korey Smith,24/25,2025,0,0.5091476286036372,1,1
108468,Benjamin Tiedemann,24/25,2025,1,0.50911790173725,1,0
696598,Ibrahim Cissé,24/25,2025,0,0.5090911995165682,1,1
332069,Philip Rejnhold,24/25,2025,1,0.509079609233853,1,0
471004,Luis Binks,24/25,2025,1,0.5090616544408846,1,0
142990,Stefano Scognamillo,24/25,2025,1,0.5090593529886027,1,0
344969,Davor Zdravkovski,24/25,2025,1,0.5090513510547348,1,0
78047,Brice Maubleu,24/25,2025,0,0.5090463944631692,1,1
727585,Joel Torrance,24/25,2025,0,0.5090119944455839,1,1
442329,Daniel Celea,24/25,2025,1,0.5089544903767302,1,0
887638,Davide Bartesaghi,24/25,2025,1,0.5089436643945621,1,0
291359,Tom Lang,24/25,2025,0,0.508937752918478,1,1
442816,Fran Gámez,24/25,2025,1,0.508910590482132,1,0
902987,Mats Seiler,24/25,2025,0,0.5089079819333907,1,1
807318,Ryan Finnigan,24/25,2025,1,0.5088939907606419,1,0
1255577,Francesco Tumiatti,24/25,2025,0,0.5088903629386121,1,1
724711,Matyas Jedlicka,24/25,2025,0,0.508852748404852,1,1
276768,Nolan Mbemba,24/25,2025,1,0.5088388128414527,1,0
284177,Tim Handwerker,24/25,2025,1,0.5088269145799125,1,0
408563,Jerome Opoku,24/25,2025,0,0.5088148221509555,1,1
763182,Josué Casimir,24/25,2025,1,0.5087996433365342,1,0
451237,Laurin Tost,24/25,2025,0,0.5087672052402777,1,1
528387,Dato Chertkoev,24/25,2025,0,0.5087151483335857,1,1
929132,Jeremiah Esajas,24/25,2025,0,0.5086892657060514,1,1
150462,Alessandro Salvi,24/25,2025,0,0.5086390948722299,1,1
557939,Neto Borges,24/25,2025,1,0.5086020058931333,1,0
1048417,Lukas Novotny,24/25,2025,0,0.5085985477216832,1,1
394352,Massimo Bertagnoli,24/25,2025,1,0.5085718520631336,1,0
197745,Riccardo Fiamozzi,24/25,2025,1,0.5085473644203035,1,0
356106,Diego Gregori,24/25,2025,0,0.5085300068019404,1,1
735672,Maël de Gevigney,24/25,2025,0,0.5085134056542004,1,1
1001156,Viktor Tatar,24/25,2025,0,0.5085117824310293,1,1
255361,Nikita Kaplenko,24/25,2025,1,0.5084809651371972,1,0
1211929,Iaia Manco Danfa,24/25,2025,1,0.5084528594055183,1,0
903202,Jordi Jaku,24/25,2025,0,0.508419532635223,1,1
738474,David Kalokoh,24/25,2025,0,0.5084161290239125,1,1
934651,Leon Çalışkan,24/25,2025,1,0.5084150632116594,1,0
340032,Christophe Nduwarugira,24/25,2025,0,0.5084111896359578,1,1
1058399,Maximilian Ibrahimović,24/25,2025,1,0.5083958046372499,1,0
883122,Anas Haj Mohamed,24/25,2025,1,0.50834096940637,1,0
336051,Agus Medina,24/25,2025,0,0.5083094519704386,1,1
192855,Mehdi Khalil,24/25,2025,0,0.5083031736154403,1,1
1071956,Emmanuel Biumla,24/25,2025,0,0.5082945031856579,1,1
160525,Antoni Sarcevic,24/25,2025,0,0.5082926097926814,1,1
744478,Dominik Pestic,24/25,2025,1,0.5082884430471243,1,0
312245,Ryan Moon,24/25,2025,1,0.5082815296653361,1,0
297583,Woo-yeong Jeong,24/25,2025,1,0.5082755776187559,1,0
213510,Jota,24/25,2025,0,0.5082640533354067,1,1
154396,Danilo Soares,24/25,2025,0,0.508254402131514,1,1
914370,Josh Woods,24/25,2025,0,0.5082221166707136,1,1
530881,Oludare Olufunwa,24/25,2025,0,0.5082171547525374,1,1
333942,Lion Schweers,24/25,2025,0,0.5082154515940007,1,1
179471,Curtis Good,24/25,2025,0,0.5082026415366503,1,1
541628,Oliver Sonne,24/25,2025,0,0.5081848390632865,1,1
72638,Yohandry Orozco,24/25,2025,1,0.5081581887248152,1,0
480955,Miguel Atienza,24/25,2025,0,0.5081532344637932,1,1
85164,Andre Hoffmann,24/25,2025,1,0.5081185110033138,1,0
347594,Florian Miguel,24/25,2025,0,0.5081160804551401,1,1
307183,Sirlord Conteh,24/25,2025,0,0.5080712257460669,1,1
906598,Jason Amann,24/25,2025,0,0.508061838181371,1,1
260557,Slavko Damjanovic,24/25,2025,1,0.5080145687952541,1,0
481675,Christos Mandas,24/25,2025,0,0.5079694722119344,1,1
146799,Alberto Brignoli,24/25,2025,0,0.5079569711080913,1,1
229007,Lyes Houri,24/25,2025,0,0.5079530600665381,1,1
282700,Enric Franquesa,24/25,2025,0,0.5079334599071956,1,1
364233,Sidy Sarr,24/25,2025,1,0.5079322666741709,1,0
1012731,Luis Balbo,24/25,2025,0,0.5079096711983987,1,1
425808,Sebastian Hausner,24/25,2025,0,0.5078823532263589,1,1
65072,Juan Manuel Insaurralde,24/25,2025,0,0.5078789648360602,1,1
241310,Neluț Roșu,24/25,2025,1,0.5078617050589769,1,0
613192,Jens Castrop,24/25,2025,1,0.507853493674443,1,0
152695,Martin Sindelar,24/25,2025,0,0.5078408673174981,1,1
647548,Anthony Walker,24/25,2025,1,0.5078335427584684,1,0
1058514,Montrell Culbreath,24/25,2025,0,0.5078209304975109,1,1
1103543,Clarence Corallo,24/25,2025,1,0.5078098471351906,1,0
296897,Patrick Sontheimer,24/25,2025,0,0.507800587076039,1,1
705080,Mattia Codromaz,24/25,2025,0,0.5077847766481838,1,1
461484,Frederik Ibsen,24/25,2025,0,0.5077662068373027,1,1
1049728,Nicolas Previtali,24/25,2025,0,0.5077631763807477,1,1
203654,Tozé,24/25,2025,0,0.507740334855519,1,1
379980,Meritan Shabani,24/25,2025,1,0.5077401048624574,1,0
1171293,Joshua Vuillermoz,24/25,2025,1,0.5077169995437584,1,0
470606,Leighton Clarkson,24/25,2025,0,0.5077135325460479,1,1
218140,George Honeyman,24/25,2025,1,0.5076959888389181,1,0
765105,Roman Mokrovics,24/25,2025,0,0.5076932495785762,1,1
867033,Facundo Queiroz,24/25,2025,1,0.50768908218409,1,0
313691,Brayan Riascos,24/25,2025,0,0.5076835042164617,1,1
772349,Fabian Feiner,24/25,2025,0,0.5076093004450609,1,1
242497,Pere Pons,24/25,2025,0,0.5076087662057022,1,1
84840,Bence Somodi,24/25,2025,0,0.5075394836150231,1,1
1254223,Stanislav Yovkov,24/25,2025,0,0.5075281701113823,1,1
402970,Dimitrios Stavropoulos,24/25,2025,0,0.5074899810609463,1,1
125020,José Luis Palomino,24/25,2025,1,0.5074890245609748,1,0
586855,Loreintz Rosier,24/25,2025,1,0.5074785509005998,1,0
938946,Ayoub Chaikhoun,24/25,2025,1,0.5074757242941798,1,0
985717,Taylan Harris,24/25,2025,1,0.5074194464606048,1,0
179451,Donald Love,24/25,2025,0,0.5073900152763402,1,1
223668,Kevin Fery,24/25,2025,0,0.5073879695635741,1,1
1055084,Nicolò Tordiglione,24/25,2025,1,0.507370223689078,1,0
509247,Euan Henderson,24/25,2025,1,0.5073621947552542,1,0
464535,Zisis Chatzistravos,24/25,2025,1,0.5073480476129711,1,0
394435,Sheriff Sinyan,24/25,2025,0,0.5072897936379149,1,1
383810,Arnau Campeny,24/25,2025,0,0.5072844007063229,1,1
901026,Claudio Panzarino,24/25,2025,0,0.5072508625410784,1,1
68327,Jay O'Shea,24/25,2025,0,0.5072402628851406,1,1
160357,Mario Sampirisi,24/25,2025,0,0.5072344795723998,1,1
397401,Emanuele Boveri,24/25,2025,0,0.5072054198196553,1,1
205792,Jordanco Naumoski,24/25,2025,0,0.5071933029745953,1,1
1146719,Yasin Belhadj,24/25,2025,0,0.5071801708980481,1,1
103427,Chris Smalling,24/25,2025,0,0.5070750477169245,1,1
121570,Konstantinos Laifis,24/25,2025,0,0.5070115382006924,1,1
484572,Anass Nouader,24/25,2025,1,0.5069372094489291,1,0
576739,Valgeir Valgeirsson,24/25,2025,0,0.5069218080992423,1,1
667251,Hugo Bolin,24/25,2025,0,0.5069207311471123,1,1
344381,Christopher Nkunku,24/25,2025,1,0.5068715874708425,1,0
593917,Ramin Alii,24/25,2025,1,0.5068460681837372,1,0
810100,Taylan Bulut,24/25,2025,1,0.5067793472461466,1,0
265078,Patrick Cutrone,24/25,2025,1,0.5067682716893924,1,0
1049834,Stephen Nenè,24/25,2025,1,0.5067571908485535,1,0
967658,Augusto Bando,24/25,2025,0,0.5067330391365097,1,1
696656,Rodri Andrade,24/25,2025,0,0.5067070028139345,1,1
281900,Paolo Bartolomei,24/25,2025,0,0.5067010960821238,1,1
781971,Jean-Marie Nadjombe,24/25,2025,1,0.5066893861577859,1,0
728478,Gavin Molloy,24/25,2025,0,0.5066548553231317,1,1
765110,Jakub Tosnar,24/25,2025,0,0.5066354350545688,1,1
670845,Omari Forson,24/25,2025,0,0.5066089082197136,1,1
210711,Julián Montenegro,24/25,2025,0,0.5065987242322223,1,1
1318491,Samuele Dimatteo,24/25,2025,1,0.5065848094375408,1,0
601819,Stefano Pennati,24/25,2025,0,0.5065531737557203,1,1
486665,Marek Polasek,24/25,2025,1,0.5065179627080323,1,0
129558,Sam Walker,24/25,2025,0,0.5065148125819379,1,1
354482,Amir Murillo,24/25,2025,0,0.5065078144394008,1,1
73700,Nikolaos Kaltsas,24/25,2025,0,0.5064824227105686,1,1
419723,Elias Cobbaut,24/25,2025,0,0.5064689427350423,1,1
358948,Bright Osayi-Samuel,24/25,2025,1,0.5064633423216058,1,0
211397,Miguel Borja,24/25,2025,0,0.5064517832138175,1,1
1017689,Kristiyan Valkov,24/25,2025,0,0.506416787834229,1,1
278309,Simone Russini,24/25,2025,0,0.5064052045419067,1,1
623561,Triantafyllos Tsapras,24/25,2025,0,0.5063604263019412,1,1
66501,Robbie Willmott,24/25,2025,0,0.5063420072288004,1,1
560903,Patrick William,24/25,2025,0,0.5063376210434687,1,1
577832,Jesper Ceesay,24/25,2025,1,0.5063337436328182,1,0
929748,Marco Oliva,24/25,2025,1,0.5063268167408513,1,0
332341,Todd Cantwell,24/25,2025,0,0.5062377466266316,1,1
500782,Willy Vogt,24/25,2025,1,0.5062251950716523,1,0
341126,Umberto De Lucia,24/25,2025,0,0.5062079976875489,1,1
193151,Abdullah Al-Hafith,24/25,2025,1,0.5061808210927103,1,0
934621,Roman Doulashi,24/25,2025,1,0.5061372279349666,1,0
912743,Zhivko Dimitrov,24/25,2025,1,0.5061162361586755,1,0
461477,Tyler Walton,24/25,2025,0,0.5061116228460878,1,1
251836,Robert Taylor,24/25,2025,0,0.5060470920386475,1,1
536697,Amel Mujanic,24/25,2025,0,0.506043823390246,1,1
240892,Bongani Zungu,24/25,2025,0,0.5060342555710514,1,1
649568,Pavel Juroska,24/25,2025,0,0.506005868487594,1,1
551147,Clench Loufilou,24/25,2025,0,0.5059975031063285,1,1
74741,Dragan Mihajlovic,24/25,2025,0,0.5059838870723407,1,1
559319,Kilian Nikièma,24/25,2025,0,0.5059659134471705,1,1
960941,Jacopo Bacci,24/25,2025,0,0.5059587941831334,1,1
385614,Andrzej Trubeha,24/25,2025,0,0.5059475254777047,1,1
151213,Ross Callachan,24/25,2025,1,0.5059462896227398,1,0
419571,Myer Bevan,24/25,2025,0,0.5059458907749708,1,1
367620,Jacopo Cioce,24/25,2025,0,0.5059408100031606,1,1
185195,Nikko Boxall,24/25,2025,0,0.5059402851426245,1,1
186481,Matthew Clarke,24/25,2025,1,0.5059278231854315,1,0
231289,Otávio,24/25,2025,1,0.5058885890289134,1,0
1123382,Elio Trochen,24/25,2025,0,0.5058593110369206,1,1
503770,Folarin Balogun,24/25,2025,0,0.5058457321191957,1,1
523606,Cleylton,24/25,2025,0,0.5058303206389815,1,1
340289,Alessandro Dalmasso,24/25,2025,0,0.5058228702261411,1,1
453807,Vincent Müller,24/25,2025,0,0.5057733075561902,1,1
77809,Julian Korb,24/25,2025,0,0.5057082045064901,1,1
1098513,Seniko Doua,24/25,2025,0,0.5057039201612779,1,1
405982,Idris Kanu,24/25,2025,0,0.5056523694531813,1,1
669569,Nicolo Baldani,24/25,2025,0,0.5056432370760175,1,1
681935,Jonas Kühl,24/25,2025,0,0.5056369228754198,1,1
240237,Behar Ramadani,24/25,2025,0,0.5056366148771815,1,1
515581,Aidan Steele,24/25,2025,1,0.5056313855297024,1,0
658115,Abel Bretones,24/25,2025,0,0.5056002893921663,1,1
1134119,Digne Kaelas Pounga,24/25,2025,0,0.5055983865279612,1,1
929878,Filip Sidklev,24/25,2025,1,0.5055842338132897,1,0
724532,Sinclair Armstrong,24/25,2025,0,0.5055830829866582,1,1
73846,Paul-José Mpoku,24/25,2025,1,0.5055464901803807,1,0
64134,Néstor Araújo,24/25,2025,0,0.5055072714885465,1,1
476353,Thalis,24/25,2025,0,0.5054927298989226,1,1
742521,Jhon Solís,24/25,2025,0,0.5054802683840877,1,1
666167,Nicolas Ortegel,24/25,2025,1,0.505466529828749,1,0
282422,Mumo Muñoz,24/25,2025,0,0.5054645699520323,1,1
832898,Simon Polasek,24/25,2025,1,0.505437394849883,1,0
146660,Ronaldo,24/25,2025,1,0.5053897419331395,1,0
1106982,Seydou Sano,24/25,2025,0,0.5053165605773011,1,1
49637,Shaun Whalley,24/25,2025,0,0.5052920587144107,1,1
903706,Albion Rrahmani,24/25,2025,0,0.505290257438722,1,1
830382,Klaidher Macedo,24/25,2025,1,0.5052321156829862,1,0
395118,Pietro Fusi,24/25,2025,0,0.5052304414188769,1,1
160624,Nils Brüning,24/25,2025,1,0.505212704822187,1,0
51730,Jamie Murphy,24/25,2025,0,0.5051691375994641,1,1
1108145,Cheick Oumar Konaté,24/25,2025,0,0.5051682141495253,1,1
415383,Hervé Koffi,24/25,2025,1,0.5051596391351305,1,0
1314528,Ilan Daf,24/25,2025,0,0.5051077224737676,1,1
212804,Florian Tardieu,24/25,2025,0,0.5050854119692215,1,1
392048,Erald Lakti,24/25,2025,0,0.5050611877715734,1,1
166237,Leandro Paredes,24/25,2025,1,0.5050508522006678,1,0
897478,Etienne Borie,24/25,2025,0,0.5050434128352298,1,1
251892,Juan Soriano,24/25,2025,0,0.5050222753635838,1,1
74960,Martin Dúbravka,24/25,2025,1,0.5050155100136738,1,0
432116,Noah Lewis,24/25,2025,0,0.5050110731770071,1,1
319306,Lewis Thomas,24/25,2025,0,0.5049943206142694,1,1
158946,Erdoğan Yeşilyurt,24/25,2025,0,0.5049788739846127,1,1
397444,Marco Mosca,24/25,2025,1,0.5049743934311927,1,0
469669,Yvan Neyou,24/25,2025,1,0.5048127856417385,1,0
1004062,Frederik Emmery,24/25,2025,0,0.5047904966571678,1,1
829299,Max Weiß,24/25,2025,1,0.5047196617756085,1,0
1185001,Simone Tarolli,24/25,2025,1,0.5047011792945952,1,0
837050,Rob Apter,24/25,2025,1,0.5046939941001244,1,0
1099543,Andrew Buah,24/25,2025,1,0.5046890219035426,1,0
295868,Dragoș Nedelcu,24/25,2025,1,0.5046806704884669,1,0
642967,Brayan Vera,24/25,2025,0,0.5046684185793305,1,1
414799,Lewis Strapp,24/25,2025,0,0.5046601745933613,1,1
872502,Mattia Alessio,24/25,2025,0,0.504630702010196,1,1
126321,Carl Jenkinson,24/25,2025,0,0.504623721147666,1,1
436176,Takuto Yasuoka,24/25,2025,0,0.5046117479751062,1,1
745601,Rafael Lubach,24/25,2025,0,0.5046055861808089,1,1
613085,Tobías Reinhart,24/25,2025,0,0.5045848693427669,1,1
153306,Bartosz Kopacz,24/25,2025,0,0.5045657357168765,1,1
221611,Paulo Otávio,24/25,2025,0,0.504563388266849,1,1
603471,Danilo Spoljaric,24/25,2025,0,0.5045482288856736,1,1
65001,Armend Alimi,24/25,2025,1,0.5045472829366197,1,0
140444,Andrea Montanari,24/25,2025,0,0.5045304769441044,1,1
244997,Arne Sicker,24/25,2025,1,0.5045219475779079,1,0
511128,Kellian van der Kaap,24/25,2025,1,0.5044584821177028,1,0
410222,Ousseynou Thioune,24/25,2025,1,0.5043806017223726,1,0
331214,Brice Wembangomo,24/25,2025,0,0.5043598188298162,1,1
387129,Róber Pier,24/25,2025,1,0.504349174968803,1,0
581330,Eiran Cashin,24/25,2025,1,0.5043490150506541,1,0
197830,Josh Sheehan,24/25,2025,0,0.5043470734396498,1,1
152093,Anderson Correia,24/25,2025,0,0.504340327652139,1,1
1061820,Lorenzo Venturino,24/25,2025,0,0.5043206341594969,1,1
288067,Mats Köhlert,24/25,2025,1,0.5043138316882939,1,0
234249,Federico Andrada,24/25,2025,1,0.5042795844708208,1,0
149516,Atınç Nukan,24/25,2025,0,0.5042162569919272,1,1
295331,Isaac Success,24/25,2025,0,0.5042158248481282,1,1
980036,Matheus Sampaio,24/25,2025,0,0.5042018369375612,1,1
340339,Jorge Sáenz,24/25,2025,0,0.5041989705301747,1,1
915897,Petar Markovic,24/25,2025,0,0.5041459100756508,1,1
955193,Petr Zika,24/25,2025,0,0.5041326929457509,1,1
636417,Konstantinos Dionellis,24/25,2025,1,0.50411479270304,1,0
538977,Georginio Rutter,24/25,2025,0,0.5041096121482337,1,1
631258,Alistair Smith,24/25,2025,1,0.5041046929899948,1,0
459300,Axel Desjardins,24/25,2025,1,0.5040580844449484,1,0
1070284,Emerick Lopes,24/25,2025,1,0.5040084526415894,1,0
800988,Benjamin Boakye,24/25,2025,1,0.5040045807245139,1,0
855299,Ben Krauhaus,24/25,2025,1,0.5039963215094793,1,0
365175,Benson Sakala,24/25,2025,1,0.5039942806323318,1,0
1009658,Julio Soler,24/25,2025,0,0.5039881327471375,1,1
111073,Ryan Allsop,24/25,2025,0,0.5039865316185684,1,1
353634,Robert Ljubicic,24/25,2025,0,0.5039792110942667,1,1
875631,Sanders Ngabo,24/25,2025,1,0.5039734019803874,1,0
931828,Tom Walters,24/25,2025,0,0.5039173367537761,1,1
289446,Yerry Mina,24/25,2025,0,0.5039048953525495,1,1
738514,Tristan Kuijsten,24/25,2025,1,0.5038821390554951,1,0
569366,Enzo Millot,24/25,2025,1,0.503861695968319,1,0
343794,Gustavo Santos,24/25,2025,0,0.5038255099740044,1,1
555194,Mathías Tomás,24/25,2025,1,0.5038196140847238,1,0
878160,Reuell Walters,24/25,2025,0,0.5037844256707846,1,1
538810,Chris Ramos,24/25,2025,1,0.503738220960229,1,0
314341,Chris Willock,24/25,2025,0,0.5036995166636962,1,1
951643,Zakhar Gitselev,24/25,2025,0,0.5036523624311158,1,1
393436,Aly Abeid,24/25,2025,0,0.503611563169596,1,1
983248,Callan McKenna,24/25,2025,0,0.5036059480260358,1,1
257462,Luka Jović,24/25,2025,1,0.5035694423633892,1,0
456523,Eder González,24/25,2025,0,0.5035588315222684,1,1
332179,Matteo Pessina,24/25,2025,0,0.5035582631018316,1,1
355501,Amadou Diawara,24/25,2025,1,0.5035189967700731,1,0
954271,Bendegúz Lehoczki,24/25,2025,1,0.5034786008465759,1,0
118022,Younès Belhanda,24/25,2025,0,0.5034762538753282,1,1
146099,Remi Mulumba,24/25,2025,0,0.5034463045872837,1,1
483742,Antonio Perera,24/25,2025,1,0.5034390685333776,1,0
334822,David Lischka,24/25,2025,0,0.5034200097481183,1,1
74463,Dániel Póser,24/25,2025,0,0.5033702693279534,1,1
644158,Lucas Silva,24/25,2025,0,0.5033649588879556,1,1
895905,Dimitrios Kaloskamis,24/25,2025,1,0.5033528800555772,1,0
88917,Ian Mackay,24/25,2025,1,0.5033080431436374,1,0
51227,Dame Traoré,24/25,2025,0,0.5033008988423655,1,1
1020729,Teymur Charyyev,24/25,2025,0,0.5032603274135126,1,1
1012534,Yankuba Minteh,24/25,2025,0,0.5032545656397828,1,1
597804,Jonas Kersken,24/25,2025,0,0.50324085819997,1,1
998101,Alex Tóth,24/25,2025,0,0.5032286914883769,1,1
1058533,Adam Herdonsson,24/25,2025,0,0.5032004950946546,1,1
345760,David Turnbull,24/25,2025,0,0.5031661138110236,1,1
342018,Tennai Watson,24/25,2025,1,0.5031569141821934,1,0
110036,Dominique Heintz,24/25,2025,0,0.5030693423720013,1,1
929128,Koen Schilder,24/25,2025,0,0.503014609191245,1,1
225161,Rúben Neves,24/25,2025,0,0.5030033049880452,1,1
393904,Filippo Delli Carri,24/25,2025,1,0.5029662611399348,1,0
420179,Gianluca Saro,24/25,2025,1,0.5029627125958088,1,0
249046,Stefano Negro,24/25,2025,1,0.5029503256146164,1,0
238407,Alexander Sørloth,24/25,2025,0,0.50294845038956,1,1
540536,Carlos Vicente,24/25,2025,0,0.5029374244603955,1,1
1005240,Christian Mawissa,24/25,2025,0,0.502841576902925,1,1
1306916,Luca Maffei,24/25,2025,1,0.5028407724467719,1,0
1077175,Honest Ahanor,24/25,2025,1,0.5028363203842533,1,0
422377,Aboubakary Koita,24/25,2025,0,0.5027984881418428,1,1
158106,Peter Michorl,24/25,2025,0,0.5027981596676099,1,1
461619,Fernando Medrano,24/25,2025,1,0.5027384437035404,1,0
912455,Simon Walde,24/25,2025,0,0.5027192302237933,1,1
1054319,Davide Biz,24/25,2025,1,0.5027023058377255,1,0
1162101,Egor Grivenev,24/25,2025,0,0.5026895067469375,1,1
315867,Gianluca Scamacca,24/25,2025,0,0.5026728494606886,1,1
1116267,Kristian Mandic,24/25,2025,1,0.50266832165677,1,0
280982,Eoghan O'Connell,24/25,2025,1,0.5026593597838982,1,0
265176,Phil Neumann,24/25,2025,1,0.5026551610750359,1,0
182932,Davy Klaassen,24/25,2025,0,0.5026276983984463,1,1
119472,Milan Heca,24/25,2025,0,0.5026038796743031,1,1
44666,Michele Rinaldi,24/25,2025,0,0.5025922436413646,1,1
429287,Olaus Skarsem,24/25,2025,0,0.5025606126935159,1,1
107267,Djamal Ziane,24/25,2025,0,0.5025203134341327,1,1
183299,Callum Robinson,24/25,2025,0,0.5025201779033435,1,1
287920,Tim Skarke,24/25,2025,0,0.5024917654354067,1,1
38232,Jonathan McDonald,24/25,2025,0,0.502490549180887,1,1
581106,Kristian Arnstad,24/25,2025,0,0.5024896411525965,1,1
426281,Josh Earl,24/25,2025,0,0.5024652978561923,1,1
531214,Adis Jasic,24/25,2025,1,0.5024401528069791,1,0
354702,Jassim Al-Jalabi,24/25,2025,1,0.5024209214101143,1,0
1073748,Kacper Potulski,24/25,2025,1,0.502410028939943,1,0
741352,Dmitriy Lutik,24/25,2025,0,0.502373705337763,1,1
531065,Oussama El Azzouzi,24/25,2025,1,0.5023563620404615,1,0
418615,Lucas França,24/25,2025,0,0.5023360877608348,1,1
95795,Václav Hladký,24/25,2025,0,0.502329766482039,1,1
427633,Chadrack Muzungu,24/25,2025,1,0.5023147408535806,1,0
1049757,Lorenzo Viano,24/25,2025,1,0.5023124384779626,1,0
121532,Kostakis Artymatas,24/25,2025,0,0.5022656809585019,1,1
974564,Winners Osawe,24/25,2025,0,0.5022609973289999,1,1
538168,Soumaila Ouattara,24/25,2025,1,0.5022597896413892,1,0
614480,Luca Zanetti,24/25,2025,0,0.5022257542106299,1,1
915283,Masrur Kiyomidinov,24/25,2025,1,0.5022192734206066,1,0
720932,Egor Parkhomenko,24/25,2025,1,0.5022175726754661,1,0
947360,Kassoum Ouattara,24/25,2025,0,0.5022136901975899,1,1
289267,Adrián Lapeña,24/25,2025,0,0.5021877805307393,1,1
134192,Will Richards,24/25,2025,0,0.5021668175350269,1,1
409533,Nick Shinton,24/25,2025,0,0.5021622470467686,1,1
1074574,Garabet Takesian,24/25,2025,1,0.5021365650522828,1,0
1075575,Marius Courcoul,24/25,2025,0,0.5021318368092892,1,1
315777,Matthew Olosunde,24/25,2025,1,0.5020926780759924,1,0
930751,Iacopo Casani,24/25,2025,1,0.502062685881877,1,0
278761,Kürsad Sürmeli,24/25,2025,1,0.5020565323069022,1,0
800948,Jan-Carlo Simić,24/25,2025,1,0.5020428401950745,1,0
697280,George Earthy,24/25,2025,0,0.5019983146063645,1,1
410696,Anthony Landázuri,24/25,2025,0,0.5019982981798784,1,1
537706,Lucas Fox,24/25,2025,0,0.5019802719142235,1,1
633655,Chris Mochrie,24/25,2025,0,0.5019703865894576,1,1
912438,Tim Müller,24/25,2025,0,0.5019157545220684,1,1
354507,Roberto Domínguez,24/25,2025,0,0.5019114464047714,1,1
284884,Óscar Rodríguez,24/25,2025,1,0.5018754016346159,1,0
192492,Jordan Lefort,24/25,2025,0,0.5018651208135316,1,1
802629,Isaac Ogundere,24/25,2025,0,0.5018615243630069,1,1
1174855,Dominik Hegedus,24/25,2025,0,0.5018418579427217,1,1
177821,Daryl van Mieghem,24/25,2025,0,0.5018370346582011,1,1
89034,Riccardo Brosco,24/25,2025,0,0.5018089894159807,1,1
994604,Matai Akinmboni,24/25,2025,0,0.5017176675994841,1,1
704147,Dean McMaster,24/25,2025,0,0.5017049475874181,1,1
874041,Kamarl Grant,24/25,2025,0,0.5016836043404538,1,1
617754,Mylian Jiménez,24/25,2025,1,0.5016548578679181,1,0
1054332,Riccardo Bordoni,24/25,2025,1,0.5016536106216364,1,0
403437,Ciaran Kelly,24/25,2025,0,0.5016516823864993,1,1
531253,Luke Cooper,24/25,2025,0,0.5016399428218593,1,1
881260,Jassem Koleilat,24/25,2025,0,0.501548339038341,1,1
36139,Dušan Tadić,24/25,2025,1,0.5014885041919723,1,0
724034,Athanasios Karamanis,24/25,2025,0,0.5014816078280627,1,1
924087,Mika Haas,24/25,2025,0,0.5014764526297936,1,1
1062513,Karlson Nwanege,24/25,2025,1,0.5014751773051322,1,0
230457,Bruno Gaspar,24/25,2025,1,0.5014412072743091,1,0
96539,Marc Mateu,24/25,2025,1,0.5013939926505632,1,0
451889,Sho Yamamoto,24/25,2025,0,0.5013869807801142,1,1
386833,Guido Variola,24/25,2025,0,0.5013702851016685,1,1
499574,Petr Mikulec,24/25,2025,0,0.501345895724679,1,1
379869,Arthur Desmas,24/25,2025,1,0.5013313542581437,1,0
135747,Luca Lezzerini,24/25,2025,1,0.501318333419925,1,0
921521,Dylan MacDonald,24/25,2025,0,0.5012953725412462,1,1
740558,Roman Horak,24/25,2025,0,0.5012910575914936,1,1
962149,Ousmane Diallo,24/25,2025,0,0.501284320473038,1,1
624293,Ayman Abdelrahman,24/25,2025,0,0.5012557715413443,1,1
607720,Jonas Urbig,24/25,2025,0,0.5012454118109994,1,1
334526,Denis Zakaria,24/25,2025,0,0.5012212930719836,1,1
330795,Caniggia Elva,24/25,2025,0,0.50121842115357,1,1
206927,Jakub Habusta,24/25,2025,0,0.5011763004005187,1,1
340322,Nathan Tella,24/25,2025,0,0.5011578493542906,1,1
223727,Godswill Ekpolo,24/25,2025,0,0.5011529910452752,1,1
628712,Simeon Chatov,24/25,2025,0,0.50107104604832,1,1
633668,Giovanni Fabbian,24/25,2025,0,0.5010261940235263,1,1
1175942,Davide Chiandussi,24/25,2025,1,0.5010213475173135,1,0
247596,Kenneth Paal,24/25,2025,1,0.5009667975918969,1,0
586744,Panagiotis Liagas,24/25,2025,0,0.5009627284087375,1,1
580747,Yvann Maçon,24/25,2025,0,0.500962516492074,1,1
681693,Pedro Henrique,24/25,2025,1,0.5009266617619204,1,0
829279,Kimi Merk,24/25,2025,1,0.5008880466060689,1,0
260041,Josef Kvida,24/25,2025,0,0.5008414902259979,1,1
633624,Cole McKinnon,24/25,2025,1,0.50083395736808,1,0
656159,Julius Madsen,24/25,2025,0,0.5007670022150321,1,1
908128,Mark Krasnov,24/25,2025,1,0.5007646934335844,1,0
48226,Sam Foley,24/25,2025,0,0.5007525718180004,1,1
242668,Paschalis Staikos,24/25,2025,1,0.5007494776975332,1,0
164729,Panagiotis Tsintotas,24/25,2025,0,0.5007471038537341,1,1
610570,Julián Bartolo,24/25,2025,0,0.5007156509700481,1,1
789018,James Eto'o,24/25,2025,0,0.5006760667642742,1,1
322754,Joe Crowe,24/25,2025,0,0.5006644635566375,1,1
131664,Abdul Ajagun,24/25,2025,1,0.5006327418674281,1,0
1030201,Noel Kaiser,24/25,2025,1,0.5006319967157207,1,0
1040792,Muhammad Huzaifa,24/25,2025,0,0.5006309004025595,1,1
970279,Jacques Ekomié,24/25,2025,0,0.5006261279087519,1,1
454567,Orkun Kökçü,24/25,2025,1,0.5006144131284835,1,0
656179,Gustav Højbjerg,24/25,2025,0,0.5006094886898541,1,1
293771,Evgeniy Yablonskiy,24/25,2025,0,0.50054893544905,1,1
282144,Marin Pongracic,24/25,2025,0,0.5005404321688377,1,1
1030192,Gil Ebner,24/25,2025,1,0.5005279887515051,1,0
82657,Christopher Braun,24/25,2025,0,0.500519372067733,1,1
346073,Justin Bretgeld,24/25,2025,0,0.5004955096277414,1,1
598153,Dimitrios Tsakmakis,24/25,2025,0,0.5004901875357575,1,1
981693,Don-Angelo Konadu,24/25,2025,0,0.500471107982388,1,1
847579,Isaac Heath,24/25,2025,1,0.5004375087927849,1,0
179863,Andreas Naumann,24/25,2025,0,0.5004125590908126,1,1
815567,Andrea Mazza,24/25,2025,1,0.5003844875646577,1,0
9273,Tobias Duffner,24/25,2025,0,0.500313148565631,1,1
974581,Cenny Neumann,24/25,2025,1,0.5003122366494586,1,0
523363,Kaio,24/25,2025,1,0.5002833000409788,1,0
385394,Alberto Dossena,24/25,2025,0,0.5002618542660817,1,1
601143,Nikolas Veratschnig,24/25,2025,0,0.5002565179660352,1,1
823075,Lewis Rees,24/25,2025,0,0.5002507855807964,1,1
484367,Theocharis Iliadis,24/25,2025,0,0.5002191026776309,1,1
488869,Martin Janacek,24/25,2025,1,0.5002119159268106,1,0
1001788,Ibrahim Fofana,24/25,2025,0,0.50021130873698,1,1
577394,Denso Kasius,24/25,2025,0,0.5002059415172778,1,1
738481,Emmanuel van de Blaak,24/25,2025,1,0.5001846374685696,1,0
731899,Álvaro Zamora,24/25,2025,1,0.5001647984186381,1,0
125165,Jesús Corona,24/25,2025,0,0.5001370955525211,1,1
214666,Connor Roberts,24/25,2025,0,0.5001215823936306,1,1
356099,Cristián Borja,24/25,2025,0,0.5000910542447118,1,1
346629,Isi Manellari,24/25,2025,1,0.5000591548549717,1,0
509423,Jack Armer,24/25,2025,0,0.500054881652558,1,1
278501,Paul Mullin,24/25,2025,1,0.5000414675740996,1,0
874376,Brooklyn Ilunga,24/25,2025,0,0.5000399433914792,1,1
1175271,Francesco Fazio,24/25,2025,1,0.5000251614504925,1,0
1012513,Gracien Deseri,24/25,2025,1,0.4999801307015109,0,1
240158,Francesco Vicari,24/25,2025,0,0.49997795605471057,0,0
658536,Simon Adingra,24/25,2025,1,0.4999713934243719,0,1
554234,Joel Randall,24/25,2025,0,0.4999233543615817,0,0
113890,David Mitchell,24/25,2025,1,0.49992246726567124,0,1
323754,Wilhelm Nilsson,24/25,2025,0,0.49986220933913567,0,0
586746,Marios Vichos,24/25,2025,0,0.4998337743442713,0,0
796726,Renato Júnior,24/25,2025,1,0.49981609720304704,0,1
220755,Matthew Pennington,24/25,2025,1,0.49980927864856417,0,1
619884,Emil Engqvist,24/25,2025,0,0.4997565471150425,0,0
833093,Asparuh Smilkov,24/25,2025,0,0.49974757520316787,0,0
431581,Edoardo Duca,24/25,2025,1,0.49970486324203867,0,1
745075,David Preu,24/25,2025,0,0.49968079653716607,0,0
1198833,Sergio Aragoneses,24/25,2025,1,0.4996670675444034,0,1
397392,Riccardo Gemelli,24/25,2025,0,0.4996649348953782,0,0
318508,Olivier Boscagli,24/25,2025,1,0.4996320355304648,0,1
273438,Danilo Barbosa,24/25,2025,1,0.4996211865071559,0,1
685145,Filip Bundgaard,24/25,2025,0,0.4996146063338657,0,0
764543,Luka Lukovic,24/25,2025,1,0.4996097473081533,0,1
926931,Emanuel Marincău,24/25,2025,1,0.49958309501427,0,1
341882,Andy Cannon,24/25,2025,0,0.4995720155688403,0,0
147131,Javier Cabrera,24/25,2025,0,0.49956021438622683,0,0
732743,Sam Long,24/25,2025,0,0.4995574887328625,0,0
445241,Roberto Iezzi,24/25,2025,1,0.4995349945636938,0,1
768621,Oluwasegun Olalere,24/25,2025,0,0.49951802098753756,0,0
371436,Francisco Sierralta,24/25,2025,1,0.4994960810149592,0,1
826795,Dariusz Stalmach,24/25,2025,0,0.4994377150265041,0,0
547006,Keenan Patten,24/25,2025,0,0.49940573233797947,0,0
988986,Lorenzo Biagioni,24/25,2025,1,0.4993813156662975,0,1
254280,Reuben Acquah,24/25,2025,1,0.49932824470253856,0,1
707602,Edgar Piloyan,24/25,2025,1,0.49930539601390855,0,1
56682,Andrea Signorini,24/25,2025,0,0.4992664423680091,0,0
89654,Edisson Jordanov,24/25,2025,1,0.4992585355654745,0,1
932737,Enea Pitti,24/25,2025,1,0.49917223948996925,0,1
223972,Patrick Pentz,24/25,2025,0,0.499158245460219,0,0
174247,Luke McCullough,24/25,2025,0,0.49915376566089587,0,0
297277,Aidan Wilson,24/25,2025,0,0.49914024944064855,0,0
584065,Marc Richter,24/25,2025,1,0.49913923366566604,0,1
947639,Olawale Farayola,24/25,2025,1,0.49912831016541065,0,1
334042,Orbelín Pineda,24/25,2025,0,0.499116381458986,0,0
247672,Rodrigo Gómez,24/25,2025,0,0.49904260685839197,0,0
340415,Tomi Horvat,24/25,2025,0,0.49903832577005025,0,0
820367,Pavel Georgiev,24/25,2025,0,0.49899845880060467,0,0
171424,Riyad Mahrez,24/25,2025,0,0.4989822285856614,0,0
323167,Matteo Gabbia,24/25,2025,0,0.4989804264340382,0,0
354476,Diogo Tomas,24/25,2025,0,0.49889571365526014,0,0
486624,Musa Barrow,24/25,2025,0,0.49884470035167255,0,0
189521,Jorman Aguilar,24/25,2025,1,0.4988443131479992,0,1
637273,Mohammed Kamara,24/25,2025,0,0.4988200305095129,0,0
147462,Alexander Callens,24/25,2025,0,0.49879130717338,0,0
330659,Justin Kluivert,24/25,2025,0,0.49877986203906316,0,0
789045,Igor Milioransa,24/25,2025,0,0.4987056879996034,0,0
1061825,Mattia Esposito,24/25,2025,1,0.4986938463823609,0,1
125103,Marvin Ducksch,24/25,2025,1,0.49868432281703606,0,1
289432,Dylan Batubinsika,24/25,2025,0,0.49865489701908217,0,0
453870,Benedict Hollerbach,24/25,2025,1,0.49865481471041734,0,1
580329,Elvis Baffour,24/25,2025,0,0.49864820894178,0,0
142208,Emil Bergström,24/25,2025,1,0.4986367226943177,0,1
937207,Lennart Pohlmann,24/25,2025,1,0.4986345475757025,0,1
1001546,Jerome Kortebusch,24/25,2025,1,0.4985069382237966,0,1
460216,Jack Earing,24/25,2025,1,0.4984573602424421,0,1
466806,Álvaro Sanz,24/25,2025,1,0.49841234450998173,0,1
376232,Bassam Al-Rawi,24/25,2025,0,0.49840622802071666,0,0
34296,Athanasios Papageorgiou,24/25,2025,0,0.4983481610304552,0,0
928046,Giulio Misitano,24/25,2025,1,0.49833613798655,0,1
371141,Stanley Nsoki,24/25,2025,1,0.4983300071096414,0,1
264302,Dimitar Mitov,24/25,2025,0,0.4982599977154742,0,0
211345,Mansur,24/25,2025,0,0.4982307249445296,0,0
911757,Liam Bennett,24/25,2025,0,0.4981748037327188,0,0
38340,Ivelin Popov,24/25,2025,1,0.4981699019036953,0,1
510761,Bryan Barrios,24/25,2025,0,0.49814387914940844,0,0
728722,Julius Lindberg,24/25,2025,0,0.49810321184648,0,0
290533,Yann Bodiger,24/25,2025,1,0.49809234858990703,0,1
863207,Martin Stoychev,24/25,2025,0,0.49805717531606375,0,0
325443,Viktor Gyökeres,24/25,2025,1,0.4980132139013961,0,1
1123842,Alexander Zenti,24/25,2025,1,0.4979825126039884,0,1
805601,Ben Margetson,24/25,2025,0,0.49797534270748295,0,0
407491,Luka Gugeshashvili,24/25,2025,1,0.49794435417463917,0,1
111811,Florent Hanin,24/25,2025,0,0.4979411125428327,0,0
118997,Aitor Fernández,24/25,2025,0,0.4978529836495188,0,0
912541,Rhys Armstrong,24/25,2025,0,0.4978402571975488,0,0
49501,Elias Kachunga,24/25,2025,0,0.49783320637031164,0,0
502893,Denzel Jubitana,24/25,2025,0,0.49782986493645875,0,0
85960,Manuel Zeitz,24/25,2025,0,0.497794143040765,0,0
454121,Galeno,24/25,2025,0,0.49778378618673486,0,0
353147,Dennis Adeniran,24/25,2025,1,0.4976881749922438,0,1
525850,Kane Smith,24/25,2025,1,0.4976661556756159,0,1
1182963,Matteo Enza,24/25,2025,1,0.49766504913902043,0,1
703822,Ties Oostra,24/25,2025,1,0.4976472819167474,0,1
473050,Kevin Schade,24/25,2025,0,0.49762941894694424,0,0
78818,Dario Dumic,24/25,2025,0,0.4976188098114228,0,0
102132,Nicklas Helenius,24/25,2025,0,0.4976184200511769,0,0
533060,Anderson Cruz,24/25,2025,0,0.4975802590233052,0,0
470241,Andreas Chrysostomou,24/25,2025,0,0.49751541999630056,0,0
710671,Adama Boiro,24/25,2025,0,0.49747371805033663,0,0
140914,Thomas O'Brien,24/25,2025,0,0.4973859588369831,0,0
226151,Sean Kelly,24/25,2025,1,0.4973701177599966,0,1
569035,Fahad Bayo,24/25,2025,1,0.4973280967547715,0,1
472249,Jan Thielmann,24/25,2025,0,0.4973068321405115,0,0
905011,Ibrahim Maza,24/25,2025,1,0.49730389103074285,0,1
1013797,Ondrej Penxa,24/25,2025,0,0.4972979896258903,0,0
936665,Don O'Niel,24/25,2025,0,0.4972887133543664,0,0
342012,Rody de Boer,24/25,2025,0,0.4972651319291889,0,0
933658,Seb Osment,24/25,2025,1,0.4972627544673957,0,1
220878,Issiaga Sylla,24/25,2025,1,0.49721548678961663,0,1
315511,Arkadiusz Kasperkiewicz,24/25,2025,0,0.49719716079370585,0,0
185691,Konstantinos Triantafyllopoulos,24/25,2025,0,0.4971558363232925,0,0
643574,Kaishu Sano,24/25,2025,0,0.4970696972881743,0,0
536460,Andrea Ghezzi,24/25,2025,0,0.4970352579135571,0,0
384553,Luca Kilian,24/25,2025,0,0.4970153504462246,0,0
929909,San-Luca Spitali,24/25,2025,0,0.4969954105395598,0,0
257235,Ahmad Moein Doozandeh,24/25,2025,0,0.49696636528797644,0,0
469718,Gerardo Arteaga,24/25,2025,0,0.4969624411810765,0,0
531288,Mathew Jones,24/25,2025,0,0.49695442462000955,0,0
72776,Hugo Marques,24/25,2025,0,0.4969451391055333,0,0
1045312,Harri John,24/25,2025,1,0.4969421380246283,0,1
866609,Luke Gauer,24/25,2025,0,0.4969276088283389,0,0
801029,Enoch Mastoras,24/25,2025,0,0.49692454013595283,0,0
386792,Stefan Korsch,24/25,2025,0,0.49692255432404314,0,0
901801,Michalis Panagidis,24/25,2025,0,0.4969103454779316,0,0
1129198,Eivind Helland,24/25,2025,0,0.49690130908766167,0,0
408288,Jesús Ruiz,24/25,2025,1,0.49687115179685964,0,1
482364,Leard Sadriu,24/25,2025,1,0.4968371454562482,0,1
829874,Lilian Raolisoa,24/25,2025,0,0.4968294190894212,0,0
835373,André Escobar,24/25,2025,0,0.49682295938263543,0,0
898127,Fedor Lapoukhov,24/25,2025,0,0.4968211627108923,0,0
183313,Michael Gonçalves,24/25,2025,1,0.4968159774191991,0,1
413268,Kevin Yakob,24/25,2025,0,0.49680323466975657,0,0
59377,David de Gea,24/25,2025,0,0.4967881301737554,0,0
447221,Hamza Mendyl,24/25,2025,0,0.4967706873605498,0,0
159977,Plamen Krachunov,24/25,2025,0,0.4967653982507887,0,0
713404,Daniel Piscaglia,24/25,2025,0,0.49674674419173165,0,0
293325,Emil Riis,24/25,2025,1,0.49673675691560587,0,1
580070,Matheus Freitas,24/25,2025,1,0.49672662272915036,0,1
542796,Mathias Jørgensen,24/25,2025,1,0.4966925708258345,0,1
548111,Álex Baena,24/25,2025,1,0.49669070410083976,0,1
207302,Sergio Rico,24/25,2025,0,0.4966183667596356,0,0
944331,Youssoupha Niang,24/25,2025,0,0.4964878371500054,0,0
322293,Felix Beijmo,24/25,2025,0,0.49642980734621783,0,0
250686,Bjørn Johnsen,24/25,2025,0,0.4964104698049298,0,0
586059,Will Hondermarck,24/25,2025,1,0.4962757138173605,0,1
182682,Lefteris Choutesiotis,24/25,2025,0,0.49625812377535716,0,0
599074,Kristiyan Peshov,24/25,2025,1,0.49622599686386487,0,1
559333,Kian Fitz-Jim,24/25,2025,0,0.49619775034003,0,0
666923,Momo Touré,24/25,2025,1,0.4961899021869407,0,1
936750,Pietro Tornaghi,24/25,2025,0,0.4961622382279083,0,0
946393,Nikolay Sotnikov,24/25,2025,0,0.4961330765194478,0,0
230552,Diego Laxalt,24/25,2025,1,0.49611053145684963,0,1
323704,Malcom,24/25,2025,0,0.49607705204750685,0,0
897668,Giacomo Gabbiani,24/25,2025,1,0.4960742318044222,0,1
205006,Rick Karsdorp,24/25,2025,1,0.4960554367968277,0,1
1003925,Henrijs Auseklis,24/25,2025,0,0.4960526265047731,0,0
339751,Pavel Zabelin,24/25,2025,1,0.4960247290742678,0,1
852739,Rei Zaimi,24/25,2025,1,0.49602051088255567,0,1
610417,Andrew,24/25,2025,0,0.4959894159149651,0,0
694928,Samuel Lino,24/25,2025,1,0.4959389608039249,0,1
1186267,Steliyan Stoyanov,24/25,2025,1,0.49593079270595997,0,1
1018784,Adrian Svanbäck,24/25,2025,1,0.4959084520365585,0,1
73090,Vid Belec,24/25,2025,0,0.49590206271507603,0,0
483046,Josip Stanisic,24/25,2025,0,0.49583234518591346,0,0
572879,Stavros Pilios,24/25,2025,0,0.4958309946165056,0,0
222209,Thomas Strakosha,24/25,2025,0,0.4957665265328503,0,0
340879,Merih Demiral,24/25,2025,0,0.49575758882781096,0,0
182875,Jean-Charles Castelletto,24/25,2025,1,0.49575454805156927,0,1
1134304,Joseph Liteta,24/25,2025,0,0.4957220879105688,0,0
453016,Anthony Caci,24/25,2025,0,0.4957055129254941,0,0
996327,Dmitriy Denisenko,24/25,2025,0,0.49566150472651654,0,0
461019,Samuele Birindelli,24/25,2025,0,0.49566120651482226,0,0
53200,Eli Sabiá,24/25,2025,1,0.4956307788811098,0,1
695644,Jean Hugonet,24/25,2025,0,0.49562778650784517,0,0
725352,Endri Muhameti,24/25,2025,1,0.4956037616122653,0,1
1182739,Severin Nioule,24/25,2025,0,0.4955772711532381,0,0
416108,Youcef Atal,24/25,2025,0,0.49555198253599325,0,0
138055,Haris Belkebla,24/25,2025,0,0.49545328240549114,0,0
203510,Yuriy Kovalev,24/25,2025,0,0.495446928872331,0,0
179548,Stavros Petavrakis,24/25,2025,1,0.495443443360281,0,1
134424,Nick Powell,24/25,2025,1,0.4954412565299316,0,1
404257,Veljko Nikolic,24/25,2025,0,0.4954271410377293,0,0
342046,Axel Tuanzebe,24/25,2025,1,0.49539188319731864,0,1
217593,Todor Nedelev,24/25,2025,1,0.49534543541869824,0,1
529512,Kristo Hussar,24/25,2025,0,0.4953261736073649,0,0
330179,Gianluca Esposito,24/25,2025,0,0.4952217895253967,0,0
379315,Edgaras Utkus,24/25,2025,0,0.4951870400188503,0,0
1109255,Skander Tahri,24/25,2025,0,0.4951778356980462,0,0
1304289,Amin Ziblim,24/25,2025,1,0.4951586707988728,0,1
1105532,Jorthy Mokio,24/25,2025,0,0.49514944450140075,0,0
100980,Mads Fenger,24/25,2025,0,0.49514859826265784,0,0
217273,Irfan Sahman,24/25,2025,0,0.4951386269604734,0,0
392710,Lennard Maloney,24/25,2025,0,0.4951094064152365,0,0
919831,Daniel Nikolov,24/25,2025,1,0.49507093589746537,0,1
696893,Richard Taylor,24/25,2025,1,0.49505786174962185,0,1
614992,Fotis Kotsonis,24/25,2025,1,0.4950339807210357,0,1
655177,Zeno Ibsen Rossi,24/25,2025,0,0.4948875679462726,0,0
467537,Callum Roberts,24/25,2025,1,0.49488666527109343,0,1
446248,Shaquille Pinas,24/25,2025,1,0.4948699798913511,0,1
122676,Robert Zulj,24/25,2025,1,0.4947874554977588,0,1
1059719,Filippo Galafassi,24/25,2025,0,0.49474138773495546,0,0
982267,Ibrahim Sulemana,24/25,2025,1,0.49470376300565844,0,1
490609,Lasse Rieß,24/25,2025,0,0.49469967771006895,0,0
167470,Mattia Maita,24/25,2025,1,0.4946902805286725,0,1
344968,Milan Ristovski,24/25,2025,0,0.4946836260414086,0,0
1056315,Davide Lazzaro,24/25,2025,1,0.4946753439834104,0,1
612810,Guus Beaumont,24/25,2025,0,0.49466276295580114,0,0
77825,Etrit Berisha,24/25,2025,0,0.4946605234409037,0,0
163295,Ali Fathi,24/25,2025,0,0.49465185522299826,0,0
379892,Diego Campos,24/25,2025,0,0.494590277805259,0,0
443322,Erik Nissen,24/25,2025,0,0.49458558311446893,0,0
1036552,Egor Kress,24/25,2025,0,0.49456683073728414,0,0
568333,Adam Obert,24/25,2025,0,0.4945621568406739,0,0
1270432,Hunor Kuzma,24/25,2025,0,0.4945366159850474,0,0
719382,Matteo Waem,24/25,2025,0,0.4945327047978275,0,0
1049862,Samuele Capolupo,24/25,2025,0,0.4944713277150561,0,0
1042715,Karse,24/25,2025,1,0.49446906748753083,0,1
918149,Kassim Hadji,24/25,2025,0,0.4944461415438727,0,0
993537,Johnbosco Samuel Kalu,24/25,2025,1,0.4943883127329621,0,1
377605,Hamdou El Houni,24/25,2025,0,0.49438807346769825,0,0
929743,Matteo Zazza,24/25,2025,1,0.4943711555928134,0,1
916165,Jan Stein,24/25,2025,1,0.4943573199662233,0,1
442531,Edouard Mendy,24/25,2025,0,0.49435625281754836,0,0
451848,Geoffrey Acheampong,24/25,2025,1,0.49435457647529213,0,1
849520,Santiago Castro,24/25,2025,0,0.49431765206993106,0,0
187847,Yassine Benzia,24/25,2025,1,0.49430574683436296,0,1
989112,Veljko Milosavljevic,24/25,2025,1,0.49425812535293945,0,1
1131037,Samuel Konney,24/25,2025,1,0.49411670657901086,0,1
180167,Sivert Heltne Nilsen,24/25,2025,0,0.49409247851854377,0,0
170903,Steeve Yago,24/25,2025,0,0.49406985064476355,0,0
350532,Jakub Westendorf,24/25,2025,0,0.4940362595849374,0,0
82361,Christian Mathenia,24/25,2025,0,0.4940190852312687,0,0
918811,Mattia Fortin,24/25,2025,1,0.4940170499037118,0,1
1111839,Sainey Sanyang,24/25,2025,0,0.4939620453571549,0,0
808320,Andreas Maarup,24/25,2025,1,0.4939598480441013,0,1
552655,Troy Parrott,24/25,2025,0,0.49393978860136173,0,0
925505,Giovanni Giunti,24/25,2025,0,0.4939310740558928,0,0
315968,James Jones,24/25,2025,0,0.49391308045906146,0,0
357992,Raoul Bellanova,24/25,2025,0,0.4938807215261275,0,0
351727,Dmitriy Bessmertnyi,24/25,2025,1,0.49387885277026866,0,1
1184961,Filippo Piva,24/25,2025,1,0.49387260930444155,0,1
373373,Lucas Martínez Quarta,24/25,2025,0,0.4938610796591889,0,0
1009441,Felipe Chávez,24/25,2025,0,0.49383386668728274,0,0
374421,Marvin Lorch,24/25,2025,0,0.4938310581459756,0,0
717244,Dimitar Ivanov,24/25,2025,0,0.493784367591692,0,0
237141,Benedikt Kirsch,24/25,2025,0,0.4937186522850569,0,0
808509,Danilo,24/25,2025,1,0.4937065550369517,0,1
554903,Mateo Retegui,24/25,2025,1,0.49368227229530653,0,1
173146,Gurpreet Singh Sandhu,24/25,2025,0,0.4936638271025936,0,0
363720,Kai Westerhoff,24/25,2025,0,0.4936144027836129,0,0
814349,Nicholas Fantoni,24/25,2025,0,0.49360644238843243,0,0
112302,Roberto Pereyra,24/25,2025,0,0.49360361913017137,0,0
188640,Augustine Okrah,24/25,2025,0,0.49360286521223184,0,0
388058,Benjamin Goller,24/25,2025,1,0.49358935023259476,0,1
297373,Mike Hauptmeijer,24/25,2025,1,0.4935729552142764,0,1
524210,Sean McLoughlin,24/25,2025,1,0.4934737359409171,0,1
270541,Serhou Guirassy,24/25,2025,0,0.493471899216905,0,0
911955,Morgan Owen,24/25,2025,0,0.49346450693073723,0,0
205586,Tokmac Chol Nguen,24/25,2025,0,0.4934584228290713,0,0
1308605,Giovanni Severino,24/25,2025,1,0.4934550002864418,0,1
739443,Igor Thiago,24/25,2025,0,0.4934304721002914,0,0
448628,Javi Galán,24/25,2025,0,0.493402477974291,0,0
507479,Darian Males,24/25,2025,0,0.493394700977351,0,0
750903,Jaouen Hadjam,24/25,2025,0,0.4933315599514507,0,0
357156,Diogo Leite,24/25,2025,0,0.49329105917916716,0,0
604796,Carlitos,24/25,2025,0,0.4932854111675589,0,0
64793,Leonardo Pavoletti,24/25,2025,0,0.4932740911874494,0,0
547044,Ryan Bevan,24/25,2025,0,0.4932575979196687,0,0
137745,Marçal,24/25,2025,0,0.49324902213790606,0,0
124884,Marco Bizot,24/25,2025,1,0.4932322322724556,0,1
221446,Lee Evans,24/25,2025,0,0.4931617028509174,0,0
657723,Idris Odutayo,24/25,2025,0,0.4931513967507103,0,0
524081,Nicolai Vallys,24/25,2025,0,0.4931505841419059,0,0
429892,Davíd Ingvarsson,24/25,2025,0,0.49314945325267473,0,0
289255,Andoni Gorosabel,24/25,2025,0,0.49313247686578404,0,0
485585,Ian Maatsen,24/25,2025,0,0.4931287780155214,0,0
856406,Noah Madsen,24/25,2025,0,0.4931142400588954,0,0
1055878,Deacon van der Klaauw,24/25,2025,1,0.4931033197496946,0,1
231471,Theofanis Tzandaris,24/25,2025,0,0.49308856555543995,0,0
1329955,Osian Ellis,24/25,2025,0,0.4930030252768907,0,0
287635,Assane Dioussé,24/25,2025,0,0.49296714444726386,0,0
1124805,Noel Jakac,24/25,2025,1,0.49289574252171175,0,1
580027,Luca Connell,24/25,2025,0,0.4928867370666933,0,0
964204,Gavin Gallagher,24/25,2025,0,0.4928801061463693,0,0
456807,Will Fuller,24/25,2025,0,0.4928463843799698,0,0
684173,Ryan Glover,24/25,2025,0,0.4927902027423846,0,0
543093,Josh Neufville,24/25,2025,1,0.49278549467512067,0,1
1023784,Robert Kampa,24/25,2025,0,0.49276930679313913,0,0
293134,Mikkel Kallesøe,24/25,2025,1,0.49274779991953455,0,1
425795,Callum Maycock,24/25,2025,0,0.4927221056294889,0,0
115333,Juanpe,24/25,2025,1,0.49269963336876693,0,1
623100,Sam Snaith,24/25,2025,1,0.4926907795821608,0,1
333859,Lubambo Musonda,24/25,2025,0,0.4926877854272286,0,0
40617,Sam Hutchinson,24/25,2025,0,0.4926603540211172,0,0
562409,Afeez Aremu,24/25,2025,0,0.49260879004496627,0,0
919620,Joseph Nduquidi,24/25,2025,1,0.4926021390871689,0,1
87422,Valentin Roberge,24/25,2025,0,0.4926006403005358,0,0
289713,Mamadou Fall,24/25,2025,0,0.4925921446398265,0,0
148252,Remo Freuler,24/25,2025,0,0.4923985612088979,0,0
559800,Oliver Casey,24/25,2025,0,0.4923923402312742,0,0
524481,Roger Ibañez,24/25,2025,0,0.49223085741722455,0,0
181373,Antoine Conte,24/25,2025,0,0.4922020805610439,0,0
887738,Zylyf Muça,24/25,2025,1,0.49218168158258296,0,1
1048011,Samuel Ardau,24/25,2025,1,0.49217213219919054,0,1
546543,Darwin Núñez,24/25,2025,1,0.49215972333019614,0,1
604008,Emam Ashour,24/25,2025,0,0.4921216382668238,0,0
314241,Josh Laurent,24/25,2025,0,0.4921140171664811,0,0
1269524,Daniil Kulikov,24/25,2025,0,0.4920650638777332,0,0
923759,Valentin Atangana,24/25,2025,1,0.49205738487770373,0,1
467434,Rocco Reitz,24/25,2025,0,0.49202728189155287,0,0
442891,Martin Terrier,24/25,2025,0,0.4920067351429294,0,0
184573,Victor Lindelöf,24/25,2025,1,0.49193158360186723,0,1
39161,Robert Garrett,24/25,2025,0,0.4919275547105058,0,0
130353,Hördur Magnússon,24/25,2025,1,0.4919022678806432,0,1
128909,Jack Robinson,24/25,2025,1,0.49190089200928316,0,1
327126,Anuar,24/25,2025,1,0.4918908568214874,0,1
962154,Albert Navarro,24/25,2025,0,0.4918414620324554,0,0
537602,João Mário,24/25,2025,1,0.4918386226143993,0,1
533632,Mads Frøkjær,24/25,2025,0,0.4918224554816069,0,0
367405,Andreas Heimer,24/25,2025,0,0.49182210958821904,0,0
401383,Davide Colonna,24/25,2025,1,0.49177487003685966,0,1
237679,Tobias Schättin,24/25,2025,1,0.4917589261754708,0,1
335177,Farrend Rawson,24/25,2025,0,0.49175683345042437,0,0
111038,Dennis Appiah,24/25,2025,0,0.4917171419190124,0,0
246200,William Popp,24/25,2025,1,0.4917136955743242,0,1
934998,Abdou M'bark El Id,24/25,2025,0,0.49167178323886,0,0
1046491,Alessandro Grano,24/25,2025,1,0.4915907745159424,0,1
228948,Thilo Kehrer,24/25,2025,0,0.4915519547518102,0,0
595936,Misha Engel,24/25,2025,1,0.4914938995523134,0,1
452447,Maciej Ambrosiewicz,24/25,2025,0,0.4914857641338812,0,0
235931,Alessandro Deiola,24/25,2025,0,0.4914647831067383,0,0
167685,Alessandro Micai,24/25,2025,1,0.49140533001235126,0,1
979578,Jonathan Flensborg,24/25,2025,0,0.49139278395282293,0,0
485706,Amadou Onana,24/25,2025,0,0.49136229173124407,0,0
956605,Zsombor Petroff,24/25,2025,0,0.4913495291515226,0,0
1084760,Marto Boychev,24/25,2025,0,0.4912990548440908,0,0
1061046,Keeto Thermoncy,24/25,2025,0,0.4912981100739481,0,0
667521,Cian Ashford,24/25,2025,0,0.4912832971192743,0,0
891869,Leonardo Colombo,24/25,2025,0,0.4912263570430223,0,0
284342,Conan Ledesma,24/25,2025,0,0.4911381134069387,0,0
776890,Nicolas Jackson,24/25,2025,1,0.49112133433220956,0,1
124548,Bebeto,24/25,2025,0,0.49110241654118036,0,0
143039,Damjan Djokovic,24/25,2025,0,0.49107906585598377,0,0
166317,Milan Lutonsky,24/25,2025,0,0.49107885969460674,0,0
1262393,Gabriel Rafele,24/25,2025,1,0.49105769049790676,0,1
541231,Sepp van den Berg,24/25,2025,0,0.4910345678993981,0,0
181612,Tomas Huk,24/25,2025,1,0.4910231011360093,0,1
915269,Vladislav Drapeza,24/25,2025,1,0.49100107370012336,0,1
191850,Kosmas Gezos,24/25,2025,1,0.4909820770117385,0,1
171033,Anatoli Gospodinov,24/25,2025,0,0.49097006496244794,0,0
925986,Vladislav Ignatjev,24/25,2025,0,0.49095416899820976,0,0
310645,Taher Mohamed,24/25,2025,0,0.49090573837068574,0,0
1025410,Zakaria Ouazane,24/25,2025,0,0.4909043086559436,0,0
200512,Sadio Mané,24/25,2025,0,0.4908939220963696,0,0
93128,Kalidou Koulibaly,24/25,2025,0,0.4908818563174812,0,0
930571,Oscar Gloukh,24/25,2025,1,0.4908718000571767,0,1
935509,Gianluca Rossi,24/25,2025,1,0.49085993910071474,0,1
938672,Pietro Asiatico,24/25,2025,1,0.49084448229075167,0,1
1013793,Lukas Moudry,24/25,2025,0,0.49079471097936334,0,0
332866,Shaun Want,24/25,2025,1,0.49078415952109283,0,1
822917,Adam Davies,24/25,2025,0,0.49075857640408554,0,0
478347,Marian Huja,24/25,2025,1,0.4907324595352635,0,1
391788,CJ Hamilton,24/25,2025,0,0.4907240928495414,0,0
268113,Sean Klaiber,24/25,2025,0,0.4906564008813797,0,0
796213,Nelson Weiper,24/25,2025,0,0.4906313779002057,0,0
640556,Rav van den Berg,24/25,2025,1,0.490627349718903,0,1
858491,Alexandru Capac,24/25,2025,1,0.49058886058964324,0,1
221316,Lucas Vázquez,24/25,2025,1,0.4905642465666722,0,1
565168,Aleksandr Mikhalenko,24/25,2025,0,0.49056243112436115,0,0
281404,Kenedy,24/25,2025,1,0.4905568492512185,0,1
569140,Lassine Sinayoko,24/25,2025,0,0.4905157846729397,0,0
141224,Mohamed Ibrahim,24/25,2025,0,0.49038137967615636,0,0
418561,Kristoffer Klaesson,24/25,2025,0,0.490369650523282,0,0
743496,Kévin Danois,24/25,2025,0,0.4903569194406751,0,0
1152979,Levin Chiumento,24/25,2025,0,0.4903057960911041,0,0
672607,Adam Senior,24/25,2025,1,0.4902790600415735,0,1
291286,Liam Walsh,24/25,2025,1,0.4902590750198665,0,1
877215,David Toure,24/25,2025,1,0.49024635132218586,0,1
177779,Janik Haberer,24/25,2025,0,0.4902258997070117,0,0
646750,Cristhian Mosquera,24/25,2025,1,0.49020977220330025,0,1
1000698,Kirill Parmonov,24/25,2025,0,0.4901628633582982,0,0
1035971,Antoni Franke,24/25,2025,0,0.4901436247975038,0,0
933683,Simone Pieraccini,24/25,2025,1,0.49012645871155824,0,1
741257,Álex Jiménez,24/25,2025,1,0.49010970047136104,0,1
1200313,Clayton Diandy,24/25,2025,0,0.4900394977122489,0,0
294808,Franck Kessié,24/25,2025,0,0.4900291522871846,0,0
234888,Georgios Athanasiadis,24/25,2025,1,0.490017813600315,0,1
340700,Ivan Prtajin,24/25,2025,1,0.48999533445932497,0,1
896732,Damian van der Vaart,24/25,2025,0,0.48999359339415094,0,0
924115,Tim Janisch,24/25,2025,0,0.48989599521832133,0,0
391903,Emir Azemovic,24/25,2025,0,0.489774353002649,0,0
615930,Matei Ilie,24/25,2025,0,0.48976176313485337,0,0
343537,Artem Dovbyk,24/25,2025,0,0.48964717210812986,0,0
277137,Renato Tapia,24/25,2025,1,0.4896378128942651,0,1
182323,Lucas Lima,24/25,2025,1,0.48960969120715786,0,1
862146,Artem Zimin,24/25,2025,0,0.4895603454692048,0,0
918867,Zack Clarke,24/25,2025,1,0.48948775174684744,0,1
1171668,Malthe Kjølby,24/25,2025,1,0.48944353212984376,0,1
1251246,Moritz Busch,24/25,2025,0,0.4894337841380258,0,0
535927,Luke McNally,24/25,2025,0,0.4894320320101508,0,0
110928,Lorenzo Crisetig,24/25,2025,0,0.4894255448381139,0,0
855256,Alex Scott,24/25,2025,0,0.4894039217720237,0,0
262554,Clifford Aboagye,24/25,2025,1,0.4894028644813175,0,1
859035,Kees Smit,24/25,2025,0,0.4893707134383113,0,0
235783,Dom Thomas,24/25,2025,1,0.4893498767013622,0,1
1009463,Niklas Swider,24/25,2025,0,0.48932506719400026,0,0
542469,Lumbardh Dellova,24/25,2025,0,0.489309375393165,0,0
102558,Marco Verratti,24/25,2025,1,0.4893071937267633,0,1
396678,Alfie Kilgour,24/25,2025,1,0.4892170270689124,0,1
175722,Eric Dier,24/25,2025,1,0.4891194232750615,0,1
800874,Sino Absamadov,24/25,2025,1,0.48911827443852085,0,1
660544,Marcel Ratnik,24/25,2025,1,0.4890494194754146,0,1
368482,Riccardo Orsolini,24/25,2025,0,0.4890450182768438,0,0
1067439,Fritz Fleck,24/25,2025,0,0.4890387843347896,0,0
321482,Mikko Pitkänen,24/25,2025,0,0.48891952258571547,0,0
649053,Ashley Charles,24/25,2025,0,0.48890268174064205,0,0
412529,Lukas Giessing,24/25,2025,0,0.48885891307621565,0,0
1299824,Stijn Middendorp,24/25,2025,0,0.4888023840392618,0,0
695422,Théo De Percin,24/25,2025,0,0.48869348043361793,0,0
106872,Kevin Stöger,24/25,2025,0,0.4886853430085235,0,0
942065,Julian Oerip,24/25,2025,0,0.48868166022335496,0,0
934317,Maxim Dal,24/25,2025,1,0.4886447384830831,0,1
66106,Sergio Canales,24/25,2025,0,0.48855168457517123,0,0
683101,Saverio Domanico,24/25,2025,0,0.48855149653841845,0,0
584490,Giannis Tsivelekidis,24/25,2025,1,0.48853768588101987,0,1
1136742,Nikita Ovsyanik,24/25,2025,0,0.4884985049438866,0,0
136109,Alexei Koselev,24/25,2025,0,0.48844583651194284,0,0
929742,Marco Nazzaro,24/25,2025,1,0.48836095229711596,0,1
559327,Youri Baas,24/25,2025,0,0.48833787314971044,0,0
324214,Vasile Mogoș,24/25,2025,0,0.4883032074423959,0,0
898356,Alessandro Berretta,24/25,2025,1,0.4882879756334764,0,1
199704,Yunis Abdelhamid,24/25,2025,1,0.48822431613984235,0,1
754634,Axel Henriksson,24/25,2025,1,0.48814741240682735,0,1
1030197,Joel Skowronek,24/25,2025,1,0.48802697566987574,0,1
233656,Marek Havlík,24/25,2025,0,0.48800000808280325,0,0
114060,Enric Gallego,24/25,2025,0,0.487986682685296,0,0
601113,Filip Ristanic,24/25,2025,0,0.48797974109127,0,0
321239,Everton,24/25,2025,0,0.48797951539830575,0,0
586712,Symeon Papadopoulos,24/25,2025,1,0.48791724143818027,0,1
527270,Falko Michel,24/25,2025,0,0.4879159246528151,0,0
124507,Fabian Menig,24/25,2025,0,0.4878669502203915,0,0
748804,Mika Godts,24/25,2025,0,0.4878332271315988,0,0
882721,Matteo Agrimi,24/25,2025,0,0.487832153351869,0,0
776880,Lev Lenssen,24/25,2025,1,0.487634293915276,0,1
816578,Pascal Fuchs,24/25,2025,0,0.48763377370455524,0,0
494350,Yaw Annor,24/25,2025,0,0.487566447297526,0,0
696012,Mikail Özkan,24/25,2025,0,0.4875100484278507,0,0
361074,Peer Koopmeiners,24/25,2025,0,0.4875046140850618,0,0
197299,Francesco Belli,24/25,2025,0,0.48748888922302863,0,0
355157,Arsen Kasa,24/25,2025,0,0.48746966492439525,0,0
990008,Wassim Bouziane,24/25,2025,1,0.48744273891585155,0,1
344569,Vladislav Kabachevskiy,24/25,2025,1,0.48739869146168874,0,1
775048,Omar Mohamedhoesein,24/25,2025,0,0.48738158122561115,0,0
606026,Albie Morgan,24/25,2025,0,0.4873802978677096,0,0
148215,Nicky Devlin,24/25,2025,0,0.48733579290864604,0,0
1075147,Lennart Karl,24/25,2025,1,0.48733570060305725,0,1
459763,Marco Carnesecchi,24/25,2025,0,0.4873069070027335,0,0
395230,Hakim Guenouche,24/25,2025,0,0.4872825625660505,0,0
199976,Marco Sportiello,24/25,2025,1,0.4870109536716219,0,1
344001,Kelland Absalom,24/25,2025,0,0.4870049277971366,0,0
1035852,Magnus Baars,24/25,2025,1,0.48694709232922195,0,1
182313,Badra Ali Sangaré,24/25,2025,1,0.4869332025161442,0,1
1009332,Kemal Çırpan,24/25,2025,1,0.4869263137139898,0,1
426428,Paulo Mendes,24/25,2025,0,0.48692535637494655,0,0
720934,Ivan Mikhnyuk,24/25,2025,0,0.4868959540569717,0,0
692737,Aljoscha Kemlein,24/25,2025,0,0.486860237334024,0,0
1007809,Daniel Skaarud,24/25,2025,0,0.4868583717489219,0,0
875334,Semih Kılıçsoy,24/25,2025,1,0.48684885298309394,0,1
552939,Alessio Buttaro,24/25,2025,1,0.4868389489626241,0,1
1118293,Fynn Schenten,24/25,2025,0,0.48682010865613584,0,0
671108,Kota Takai,24/25,2025,1,0.48679486193351046,0,1
206050,Paulo Dybala,24/25,2025,0,0.48678945269818874,0,0
428563,Lewis Ferguson,24/25,2025,0,0.48670710951181645,0,0
99343,Ander Herrera,24/25,2025,0,0.4867023490260608,0,0
980134,Maksim Samotoy,24/25,2025,0,0.48669416761121215,0,0
311730,Tarek Salman,24/25,2025,0,0.4866294066202238,0,0
1069538,Jake Morris,24/25,2025,0,0.4866247548077564,0,0
83983,Lucas Mendes,24/25,2025,0,0.4866110120589186,0,0
371686,Carlens Arcus,24/25,2025,0,0.48659091604553834,0,0
558133,Kyle Harrison,24/25,2025,1,0.48652138048865046,0,1
221687,Alex Gilliead,24/25,2025,1,0.486495815924973,0,1
740550,Vladislav Davydov,24/25,2025,0,0.48649567343978495,0,0
146710,Martin Frydek,24/25,2025,0,0.4864517134756469,0,0
784862,Eryk Kobza,24/25,2025,0,0.486434906444834,0,0
494586,Mickaël Nadé,24/25,2025,0,0.4864294695480643,0,0
314205,Danny Collinge,24/25,2025,0,0.48640100988035206,0,0
908676,Amath Cissé,24/25,2025,1,0.486363370407752,0,1
955427,Henry Camara,24/25,2025,0,0.48634412379690634,0,0
364245,Jordan Teze,24/25,2025,0,0.486333814169115,0,0
181498,George Evans,24/25,2025,1,0.48633026095011284,0,1
999387,Christian Roseti,24/25,2025,1,0.4863201101790374,0,1
809498,Luca Kerber,24/25,2025,0,0.4863099968429156,0,0
504616,Tom Price,24/25,2025,0,0.48629531930750536,0,0
751701,Kian Jenkins,24/25,2025,0,0.48628025419245935,0,0
711337,Evanilson,24/25,2025,0,0.48627732114391153,0,0
234068,Maximilian Pommer,24/25,2025,0,0.4862509142980545,0,0
191903,Ferjani Sassi,24/25,2025,0,0.4862462175140171,0,0
803401,Ryan Andrews,24/25,2025,1,0.48623584947724907,0,1
261504,Aleix García,24/25,2025,0,0.4862195453790642,0,0
273937,Avdo Spahic,24/25,2025,0,0.48616830003571937,0,0
135490,Lindsay Rose,24/25,2025,0,0.48615206142690104,0,0
926839,Ivan Sulev,24/25,2025,0,0.48613369122555705,0,0
525131,Yacine Bourhane,24/25,2025,1,0.48612076073025967,0,1
918969,Lamine Camara,24/25,2025,0,0.48608860445958263,0,0
249157,Fredrik Jensen,24/25,2025,1,0.4860621883090847,0,1
424013,Lewis McGrattan,24/25,2025,0,0.48604421782764917,0,0
503987,Noni Madueke,24/25,2025,1,0.486000399689817,0,1
533783,Maks Ebong,24/25,2025,0,0.4859976958861423,0,0
702441,Sinaly Diomandé,24/25,2025,0,0.4859807217682418,0,0
543501,Ibrahim Sadiq,24/25,2025,0,0.4859579602634878,0,0
328985,Matteo Marotta,24/25,2025,0,0.4858763261536484,0,0
1059771,Filippo Vertua,24/25,2025,1,0.4858684708489788,0,1
625120,Pavel Prishivalko,24/25,2025,0,0.4858423338781811,0,0
106987,Marcel Sabitzer,24/25,2025,0,0.4858070944255464,0,0
952770,Strahinja Stojkovic,24/25,2025,1,0.48576020607359804,0,1
979199,Yoël van den Ban,24/25,2025,1,0.48574480686581106,0,1
283497,Mathias Honsak,24/25,2025,0,0.4857394799655361,0,0
926935,Fritz Engel,24/25,2025,1,0.4856895713459814,0,1
818131,Fabio Cariolato,24/25,2025,0,0.4856301432977843,0,0
386685,Matheo Raab,24/25,2025,1,0.48561445433911565,0,1
667287,Yasin Ayari,24/25,2025,0,0.48556261889972735,0,0
432895,Pedro,24/25,2025,0,0.4855588482904717,0,0
101213,Pedro Obiang,24/25,2025,1,0.4854458928889585,0,1
176936,Julián Cuesta,24/25,2025,1,0.4854384214909485,0,1
176422,Adrià Gallego,24/25,2025,1,0.4854208004450054,0,1
214532,Pierrick Capelle,24/25,2025,0,0.4854052489625206,0,0
170838,Salih Uçan,24/25,2025,0,0.48538696813258964,0,0
745611,Joshua Uwakhonye,24/25,2025,0,0.4853680250730123,0,0
90451,Iván Marcone,24/25,2025,0,0.48536098982685094,0,0
313719,George Oakley,24/25,2025,0,0.4853318758904725,0,0
64601,Sunil Chhetri,24/25,2025,0,0.48529738590166277,0,0
225676,Adam Lundkvist,24/25,2025,0,0.48528114754661866,0,0
448844,Carlos Neva,24/25,2025,1,0.4852466414576405,0,1
566723,Michael Olise,24/25,2025,0,0.4852247180353034,0,0
1047127,Luc Dabrowski,24/25,2025,1,0.4851312121072002,0,1
308388,Kyle Dempsey,24/25,2025,0,0.4850535430285259,0,0
897423,David Odogu,24/25,2025,1,0.4850493724766689,0,1
185181,Michel Lieder,24/25,2025,0,0.48498059552545497,0,0
374213,Jari Vlak,24/25,2025,0,0.4849752879424697,0,0
229949,Ary Papel,24/25,2025,0,0.4849340926223034,0,0
379249,Matheus Reis,24/25,2025,0,0.484840889512993,0,0
418219,Vladimir Screciu,24/25,2025,0,0.48481959347999426,0,0
496094,Karim Adeyemi,24/25,2025,0,0.48478277275527776,0,0
223197,Marius Lode,24/25,2025,0,0.48472133194673633,0,0
124895,Bart Schenkeveld,24/25,2025,1,0.4847124182458752,0,1
445623,Cem Üstündag,24/25,2025,1,0.4846872575450204,0,1
83119,Reinhold Ranftl,24/25,2025,0,0.48467482830900804,0,0
199248,Bryan Cristante,24/25,2025,0,0.48463582117871284,0,0
966905,Marco Ladisa,24/25,2025,0,0.48461567774581066,0,0
574191,Yassir Atty,24/25,2025,0,0.4845985411184709,0,0
292808,Wout Faes,24/25,2025,0,0.48458687770118153,0,0
243725,Olivier Kemen,24/25,2025,0,0.4845841298228856,0,0
342223,Kévin Appin,24/25,2025,0,0.48449722247511656,0,0
1034079,Gabriel Zlatanov,24/25,2025,0,0.4844636659073378,0,0
940411,Nóel Atli Arnórsson,24/25,2025,0,0.4844428624906715,0,0
926301,Tiago Pereira Cardoso,24/25,2025,0,0.4843929457327765,0,0
521928,Luca Sirch,24/25,2025,0,0.48436100688128353,0,0
162063,Salva Ruiz,24/25,2025,0,0.4843219704176576,0,0
745595,Marlon Ubani,24/25,2025,1,0.4842743510084858,0,1
179757,Maximiliano Olivera,24/25,2025,0,0.48418570951490686,0,0
383042,Gemelson Vieira,24/25,2025,0,0.484029553076547,0,0
1043003,Yasin Özcan,24/25,2025,1,0.48402125770255744,0,1
990883,Nick Cherny,24/25,2025,0,0.4840134548327769,0,0
1010466,Lucas Bretón,24/25,2025,1,0.48398947817263877,0,1
266302,Sergej Milinković-Savić,24/25,2025,0,0.48394535184867604,0,0
952216,Samuel Kuffour,24/25,2025,0,0.48394316942733523,0,0
196304,John Owen,24/25,2025,1,0.4839091165668172,0,1
395973,Nikita Golub,24/25,2025,0,0.4838951346301833,0,0
433049,Youssef En-Nesyri,24/25,2025,0,0.4838847060174967,0,0
548347,Melvin Zinga,24/25,2025,0,0.4838363598488709,0,0
894159,Klevi Totoshi,24/25,2025,0,0.4838072428745729,0,0
63821,Aron Gunnarsson,24/25,2025,0,0.4837301578493143,0,0
731138,Aleksey Abramov,24/25,2025,0,0.48372596216358055,0,0
657575,Abubakr Barry,24/25,2025,0,0.4837100753346894,0,0
536342,Francesco Amatucci,24/25,2025,0,0.4836768884365285,0,0
97567,Roman Bezus,24/25,2025,1,0.48356060855284205,0,1
624690,Manu Koné,24/25,2025,0,0.483519670399247,0,0
238868,Rubén Peña,24/25,2025,1,0.48344997592241173,0,1
326029,Donyell Malen,24/25,2025,0,0.48340739767285723,0,0
479202,Ryan Sears,24/25,2025,0,0.4834015870472603,0,0
525113,Jérémy Mellot,24/25,2025,1,0.4833558016440665,0,1
357162,Florentino,24/25,2025,1,0.48333792154082506,0,1
574671,Strahinja Pavlović,24/25,2025,0,0.4833318195831668,0,0
74952,Tomas Tujvel,24/25,2025,0,0.4833182077257901,0,0
1295724,Francesco Maiolo,24/25,2025,1,0.48330204497124235,0,1
617021,Ben Old,24/25,2025,0,0.4832939319168146,0,0
423440,Martín Zubimendi,24/25,2025,1,0.4832695938659237,0,1
341466,Tobias Mölgaard,24/25,2025,0,0.48314594915568354,0,0
798043,Tom Rothe,24/25,2025,0,0.48313263764726355,0,0
334186,Fabian Kunze,24/25,2025,1,0.48306741627787736,0,1
272636,Harold Moukoudi,24/25,2025,0,0.48306537700955604,0,0
846848,Dixon Kabongo,24/25,2025,0,0.4829397015462422,0,0
370683,Andreas Hanche-Olsen,24/25,2025,0,0.48288148282430504,0,0
356325,Leon Schneider,24/25,2025,0,0.48285282149096104,0,0
1290144,Gennaro Di Somma,24/25,2025,1,0.48278282330154326,0,1
1015248,Ivaylo Videv,24/25,2025,1,0.48276815007849955,0,1
136514,Charalampos Lykogiannis,24/25,2025,0,0.48276345008684646,0,0
476344,Emerson Royal,24/25,2025,1,0.48274073019998487,0,1
731174,Aleksandr Kuchinskiy,24/25,2025,0,0.4826569785995907,0,0
282689,Seung-ho Paik,24/25,2025,0,0.4826161866020493,0,0
356396,Joe Wright,24/25,2025,1,0.48260421045940993,0,1
979850,Andrea Cogoni,24/25,2025,0,0.48258843168237586,0,0
135824,Ryan De Vries,24/25,2025,0,0.4825679456343882,0,0
131745,Nikolai Alho,24/25,2025,0,0.4825160583554353,0,0
246278,Ángel García,24/25,2025,0,0.4825093857899801,0,0
938373,Kiyani Zeggen,24/25,2025,0,0.48250185917116845,0,0
834752,Unai Gómez,24/25,2025,0,0.4824973512269172,0,0
1285737,Nicolò Lazzaro,24/25,2025,1,0.4824579755585598,0,1
95950,Graeme Shinnie,24/25,2025,0,0.48239014283104625,0,0
423967,Michel Termanini,24/25,2025,1,0.4823827927187054,0,1
597000,Eric Martel,24/25,2025,0,0.48238036847265847,0,0
904790,Mark Verkuijl,24/25,2025,0,0.482345836065209,0,0
1009446,Tyler Meiser,24/25,2025,1,0.4822992710276812,0,1
284270,Moritz Nicolas,24/25,2025,0,0.48223897378842634,0,0
890532,Fayssal Harchaoui,24/25,2025,0,0.4822213078097683,0,0
334207,Maxim Leitsch,24/25,2025,0,0.48220839678832966,0,0
122842,Joel Edwards,24/25,2025,0,0.48220307596655704,0,0
538389,Denis Sadovskiy,24/25,2025,1,0.4821884025599903,0,1
1048013,Nicola Grandu,24/25,2025,0,0.48207770493400964,0,0
823231,Dango Ouattara,24/25,2025,1,0.4820507885394856,0,1
399668,Yuriy Lovets,24/25,2025,0,0.48204492742392346,0,0
131978,Ross Barkley,24/25,2025,0,0.4819626667197934,0,0
463605,Bafodé Diakité,24/25,2025,1,0.4819478532281507,0,1
576040,Elvis Sakyi,24/25,2025,1,0.4819240538019981,0,1
793243,Tim Hartzell,24/25,2025,0,0.48190306330192506,0,0
515613,Marko Divković,24/25,2025,0,0.48190172812468396,0,0
1061040,Devran Bozardiç,24/25,2025,1,0.4818601610369286,0,1
139352,Gus Ledes,24/25,2025,0,0.4817998967054943,0,0
415902,Niclas Müller,24/25,2025,0,0.4817783709779838,0,0
986324,Bodin Tomasevic,24/25,2025,0,0.4817631560255175,0,0
278690,Michał Marcjanik,24/25,2025,0,0.4817619626187565,0,0
683620,Antoni Milambo,24/25,2025,1,0.4817504060787464,0,1
443612,Yuri Matias,24/25,2025,1,0.48174155995522083,0,1
289847,Aris Vaporakis,24/25,2025,0,0.4817340332602579,0,0
135492,Youssouf Sabaly,24/25,2025,1,0.4817154002841876,0,1
710677,Iker Muñoz,24/25,2025,0,0.4816347737297403,0,0
563963,Mohammed Salisu,24/25,2025,0,0.4816192144862609,0,0
107219,Leart Paçarada,24/25,2025,1,0.4816053339303326,0,1
295703,Ilya Rashchenya,24/25,2025,0,0.4815670216163884,0,0
52570,Fraser Forster,24/25,2025,1,0.4814738961425391,0,1
141099,Vlastimil Danicek,24/25,2025,0,0.48138267804054674,0,0
332705,Tyler Adams,24/25,2025,0,0.4813560616833897,0,0
1197188,Abdulatif Hammody,24/25,2025,0,0.4813064425537275,0,0
1056171,Alessandro Bassino,24/25,2025,0,0.4812790398070633,0,0
406040,Ademola Lookman,24/25,2025,0,0.4812569536562532,0,0
364135,Moise Kean,24/25,2025,0,0.48123147399310945,0,0
251309,Dennis Geiger,24/25,2025,0,0.4811656176829914,0,0
936502,Matteo Zamarian,24/25,2025,1,0.48115645922893424,0,1
270393,Robert Skov,24/25,2025,0,0.48113786684102866,0,0
1015874,Kjartan Már Kjartansson,24/25,2025,1,0.48111376400698275,0,1
395695,Elisha Owusu,24/25,2025,0,0.48109982184511985,0,0
212430,Diamantis Chouchoumis,24/25,2025,1,0.4810826645355524,0,1
751033,Pierrick Moulin,24/25,2025,1,0.4810329380134625,0,1
337062,Ben Thompson,24/25,2025,0,0.4809388678630597,0,0
336663,Jassem Mohammed,24/25,2025,0,0.480923608880029,0,0
339510,Tihomir Kostadinov,24/25,2025,1,0.48092025271864286,0,1
807688,Yassin Belkhdim,24/25,2025,0,0.48085944872432407,0,0
687383,Iwan Lewis,24/25,2025,1,0.48084256059567715,0,1
463753,Harry Cochrane,24/25,2025,1,0.4808070605067264,0,1
470242,Michalis Ioannou,24/25,2025,0,0.4808011239366913,0,0
795274,Mayckel Lahdo,24/25,2025,1,0.4807913255651271,0,1
251813,Niclas Eliasson,24/25,2025,0,0.48077568511932117,0,0
1281876,Yulian Iliev,24/25,2025,0,0.4807163464623391,0,0
344844,Mouhammed-Ali Dhaini,24/25,2025,0,0.48071572473490315,0,0
735710,Bjarne Kasper,24/25,2025,1,0.4806901192544394,0,1
364409,Gabriel Osho,24/25,2025,1,0.4806403223063826,0,1
1069757,Jasper Payne,24/25,2025,1,0.4805878513328571,0,1
264913,Adam Mitchell,24/25,2025,0,0.48058406068744014,0,0
718303,Ernest Poku,24/25,2025,1,0.4805527845394293,0,1
332826,Hannes Agnarsson,24/25,2025,0,0.4804806012173188,0,0
285944,Tarek Chahed,24/25,2025,0,0.4804487357819496,0,0
47594,Zlatan Alomerovic,24/25,2025,0,0.4804299987845165,0,0
255838,Patrick Ciurria,24/25,2025,0,0.4804282228109505,0,0
247661,Gideon Jung,24/25,2025,1,0.48034518229767864,0,1
228727,Pedro Miguel,24/25,2025,0,0.4803330007994261,0,0
328847,Daniele Pinto,24/25,2025,0,0.48030930684154194,0,0
239941,Lukas Haraslin,24/25,2025,0,0.4802852668218003,0,0
576430,Dmitriy Kaplunov,24/25,2025,0,0.48016811376184154,0,0
388409,Philipp Sander,24/25,2025,0,0.48013579200004025,0,0
625047,Beñat Prados,24/25,2025,0,0.4801262515808876,0,0
865324,Lizandro Claros,24/25,2025,0,0.4801242682611038,0,0
487847,Omar Bugiel,24/25,2025,0,0.48011697586687746,0,0
94529,Stephan El Shaarawy,24/25,2025,0,0.4800892704757762,0,0
138392,Ivan Buonocunto,24/25,2025,0,0.48008763991193,0,0
934461,Federico Chinetti,24/25,2025,1,0.48002711393954806,0,1
931376,Ondrej Lilling,24/25,2025,0,0.4800263624645665,0,0
148355,Jens Jönsson,24/25,2025,0,0.4799699580056965,0,0
175449,Moi Gómez,24/25,2025,0,0.47982677582083333,0,0
366458,Kalle Joelsson,24/25,2025,0,0.47971930984743255,0,0
578392,Maximilian Beier,24/25,2025,0,0.4796347111624859,0,0
158863,Iñigo Martínez,24/25,2025,1,0.47957244972752106,0,1
21327,Ron-Robert Zieler,24/25,2025,1,0.4795609556576061,0,1
123551,Sam Morsy,24/25,2025,1,0.47951890394552377,0,1
671649,Álvaro Djaló,24/25,2025,1,0.47938552733480305,0,1
351441,Atanas Chernev,24/25,2025,1,0.4793731680087517,0,1
514285,Quilindschy Hartman,24/25,2025,1,0.479368152344507,0,1
1005997,Nicolò Baldo,24/25,2025,0,0.47929462540687223,0,0
1110070,Matthias Wamu Oyatambwe,24/25,2025,1,0.4792620675965579,0,1
290552,Qazim Laci,24/25,2025,1,0.479226983828565,0,1
987366,Aaron Bouwman,24/25,2025,0,0.47921575098350994,0,0
944335,Justin von der Hitz,24/25,2025,1,0.4792131115679867,0,1
934136,Francesco Minerva,24/25,2025,1,0.4792022539312965,0,1
1270796,Christ Tapé,24/25,2025,0,0.47917594814841125,0,0
457221,Lucas Robertone,24/25,2025,0,0.4791441681754095,0,0
229006,Franck Honorat,24/25,2025,0,0.47913550364250446,0,0
1307101,Andrea Cirillo,24/25,2025,1,0.4790576039886009,0,1
146937,Francesco Lisi,24/25,2025,0,0.4790253138641926,0,0
626474,Rubin Colwill,24/25,2025,0,0.47901003237500817,0,0
670144,José Gallegos,24/25,2025,1,0.47898107265478984,0,1
19483,Tobias Müller,24/25,2025,0,0.4789735062414479,0,0
185164,Jacob Barrett Laursen,24/25,2025,0,0.47896507984078274,0,0
1190206,Hari Thomas,24/25,2025,0,0.47894375941311373,0,0
541555,Enzo Boyomo,24/25,2025,0,0.47891191243218256,0,0
314381,Adam Phillips,24/25,2025,0,0.47884561749917404,0,0
88680,Luca Caldirola,24/25,2025,1,0.47881965686574757,0,1
503075,Isak Hien,24/25,2025,0,0.4788127469276938,0,0
234033,Tobias Trautner,24/25,2025,0,0.47880313906747207,0,0
369111,Georgios Tzovaras,24/25,2025,0,0.4787830261817654,0,0
255163,Dominic Smith,24/25,2025,1,0.47877278403578816,0,1
1268640,Petko Panayotov,24/25,2025,0,0.47875559236600157,0,0
345778,Rilind Neziri,24/25,2025,0,0.47871573092595004,0,0
425400,Farid El Melali,24/25,2025,1,0.47871549423512555,0,1
793721,Louis Schmidt,24/25,2025,0,0.4786187243770712,0,0
496650,George Ratcliffe,24/25,2025,1,0.47859853252526563,0,1
928748,Áron Papp,24/25,2025,0,0.4785920742788963,0,0
448468,Jefferson Encada,24/25,2025,1,0.47859049634295114,0,1
228750,Alessandro Golinucci,24/25,2025,0,0.47857608539970214,0,0
724099,Claudio Turi,24/25,2025,1,0.47857169004738476,0,1
418651,Yahia Fofana,24/25,2025,1,0.47855852363655327,0,1
931668,Elias Benkara,24/25,2025,0,0.4785211321764488,0,0
358512,Ibrahima Conté,24/25,2025,1,0.47850924905662556,0,1
547985,Fabiano Parisi,24/25,2025,0,0.47846915246623856,0,0
177960,Hamza Barry,24/25,2025,1,0.4784666589722796,0,1
974387,Jude Bonnar,24/25,2025,1,0.47845661511089305,0,1
634131,Aimar Oroz,24/25,2025,0,0.47843532176775533,0,0
94201,Robin Knoche,24/25,2025,0,0.4782674510439606,0,0
86793,Gabriele Angella,24/25,2025,0,0.47825875668642465,0,0
307664,Marko Raguz,24/25,2025,0,0.47812061477290985,0,0
1189343,Giandomenico Panaro,24/25,2025,1,0.47811663033753043,0,1
740753,Gleb Vershinin,24/25,2025,0,0.47810240363533174,0,0
503781,John Buckley,24/25,2025,1,0.4780643123849842,0,1
404387,Joe Lewis,24/25,2025,0,0.4780480565143352,0,0
243104,Mohamed Al-Bakri,24/25,2025,0,0.47803592134938666,0,0
325994,Rasmus Lauritsen,24/25,2025,0,0.4780101906523637,0,0
271773,Franz Brorsson,24/25,2025,1,0.47795161221452775,0,1
897492,Nick Zimmermann,24/25,2025,0,0.47795075029840567,0,0
341481,Lorenzo Libutti,24/25,2025,0,0.47787720618779655,0,0
1083113,Gianni Vadacca,24/25,2025,1,0.4778717258902144,0,1
930150,Tommaso Ebone,24/25,2025,1,0.4778646454660206,0,1
76158,Alexander Meyer,24/25,2025,0,0.4778080055500403,0,0
251322,Philipp Köhn,24/25,2025,0,0.47779708582229363,0,0
1081951,Ilian Antonov,24/25,2025,0,0.4777841747286619,0,0
61617,Paolo Rozzio,24/25,2025,0,0.47777199527666314,0,0
214131,Artem Soroko,24/25,2025,0,0.4777432728650024,0,0
1121944,Lachezar Ivanov,24/25,2025,0,0.4776733975466333,0,0
342702,Michel Vlap,24/25,2025,1,0.47764433194290973,0,1
1058353,Andrea Natali,24/25,2025,1,0.4776321540389739,0,1
1025800,Jonas Feddersen,24/25,2025,0,0.47762652533573213,0,0
951099,Ron Schweizer,24/25,2025,0,0.477606098014973,0,0
243714,Kingsley Coman,24/25,2025,1,0.4775752565259281,0,1
689505,Johnny Cardoso,24/25,2025,1,0.4775663970676259,0,1
129554,Steven Berghuis,24/25,2025,0,0.477541537589599,0,0
216399,Philipp Hercher,24/25,2025,0,0.4775345194961727,0,0
70639,Petr Reinberk,24/25,2025,0,0.47748640323424135,0,0
399434,Marcus Tavernier,24/25,2025,0,0.4774756497929918,0,0
94603,Patrick Bauer,24/25,2025,1,0.4774370641068481,0,1
988406,Kasper Boogaard,24/25,2025,0,0.4773915476328016,0,0
162272,Rhys Wilson,24/25,2025,0,0.4773096814118413,0,0
270051,Andrei Girotto,24/25,2025,0,0.4772847975934222,0,0
232454,Nadiem Amiri,24/25,2025,0,0.4772372395877297,0,0
93315,Henrik Dalsgaard,24/25,2025,0,0.4772243410121582,0,0
312678,Léo Duarte,24/25,2025,0,0.47720788360218525,0,0
1372149,Gibril Sosseh,24/25,2025,0,0.47716473222215855,0,0
81800,Jan Kovarik,24/25,2025,0,0.47700341466950125,0,0
281252,Mads Thychosen,24/25,2025,0,0.4769813733687563,0,0
194218,Yeltsin Tejeda,24/25,2025,0,0.4769608950607175,0,0
459577,Gabriele Perretta,24/25,2025,0,0.47695709735823877,0,0
569598,Youssouf Fofana,24/25,2025,0,0.47689894256115245,0,0
90317,Daniel Batz,24/25,2025,0,0.4768962472682176,0,0
616631,Matteo Ruggeri,24/25,2025,1,0.47689199390961884,0,1
59032,Aleksandar Dragovic,24/25,2025,0,0.4768691256354907,0,0
635371,Daniël Deen,24/25,2025,0,0.4768622552101643,0,0
694236,Craig Ross,24/25,2025,1,0.4768364150511162,0,1
768911,Ivan Sanko,24/25,2025,0,0.4768068019516221,0,0
897408,Luis Hauer,24/25,2025,0,0.4767965954123208,0,0
182722,Bruno Varela,24/25,2025,1,0.47673337712623,0,1
315254,Mees de Wit,24/25,2025,0,0.47671912855845494,0,0
240244,Cristian Dell'Orco,24/25,2025,0,0.47671801346191983,0,0
454863,András Schäfer,24/25,2025,0,0.4766204380394288,0,0
481091,Silas Gnaka,24/25,2025,0,0.4765648490719229,0,0
836066,Bledar Lila,24/25,2025,0,0.47656053323610015,0,0
1001936,Paul Walters,24/25,2025,0,0.4765437896148728,0,0
701055,Anton Gaaei,24/25,2025,0,0.4764986949204616,0,0
1056227,Leonard Muca,24/25,2025,1,0.47647196744833226,0,1
652054,Martin Vitík,24/25,2025,1,0.47641833286977536,0,1
632912,Salah Zakaria,24/25,2025,0,0.4763870698087136,0,0
488626,Jesús Areso,24/25,2025,1,0.47637852062368724,0,1
198709,Cédric Hountondji,24/25,2025,1,0.47636853733788664,0,1
174344,Fayçal Fajr,24/25,2025,1,0.47636163823264854,0,1
127076,Jérôme Roussillon,24/25,2025,1,0.47632406917644476,0,1
90035,Kristinn Jónsson,24/25,2025,0,0.4762922412084965,0,0
399776,Pau Torres,24/25,2025,0,0.47622682327651444,0,0
1100752,Vasil Kaymakanov,24/25,2025,0,0.4762231147577675,0,0
818892,Nicola Bagnolini,24/25,2025,1,0.4761766868743869,0,1
164262,Dávid Kovács,24/25,2025,0,0.4761704126413927,0,0
451241,Marco Bauer,24/25,2025,0,0.47609082972378625,0,0
202886,Ruben Loftus-Cheek,24/25,2025,0,0.4760655888470444,0,0
908314,Valentin Kostov,24/25,2025,0,0.47603152414042504,0,0
977464,Arthur,24/25,2025,0,0.47601780690220863,0,0
1187269,Alessio Pesoli,24/25,2025,1,0.47596520020042327,0,1
185467,Jake Reeves,24/25,2025,0,0.47593735623694217,0,0
507486,Simon Sohm,24/25,2025,1,0.47592279937698995,0,1
479643,Alexandre Penetra,24/25,2025,0,0.47591207014026016,0,0
203125,Gregory Wüthrich,24/25,2025,1,0.4758346278152614,0,1
484992,Aïmen Moueffek,24/25,2025,0,0.47572577638159536,0,0
339832,Atanas Karachorov,24/25,2025,0,0.4757178415139347,0,0
285179,Vincent Atinga,24/25,2025,0,0.47570247505281077,0,0
894517,Dren Terrnava,24/25,2025,1,0.475700320057326,0,1
530173,Julian Niehues,24/25,2025,0,0.47567361310524203,0,0
207834,Yassine Bounou,24/25,2025,0,0.4756287935779987,0,0
196792,Julian Weigl,24/25,2025,1,0.47561383133465074,0,1
74300,Luka Milivojevic,24/25,2025,1,0.47560398808131926,0,1
351809,Robin Le Normand,24/25,2025,0,0.47556702151187913,0,0
33571,Lorenzo De Silvestri,24/25,2025,0,0.4754870353512622,0,0
116471,Hobie Verhulst,24/25,2025,0,0.47548348793324235,0,0
942497,Jahmai Simpson-Pusey,24/25,2025,1,0.4754821260503676,0,1
486464,Max Bird,24/25,2025,0,0.4754740037658843,0,0
313359,Alexis Pérez,24/25,2025,1,0.4754669682599757,0,1
159139,Philipp Wiesinger,24/25,2025,0,0.4754346462784011,0,0
59434,Artem Putivtsev,24/25,2025,0,0.47542844957779656,0,0
957241,Elijah Dijkstra,24/25,2025,0,0.4753850342770913,0,0
775605,Pablo Barrios,24/25,2025,0,0.4753502265091864,0,0
274839,Wilfred Ndidi,24/25,2025,1,0.47528443141406324,0,1
151636,Marlon Ritter,24/25,2025,0,0.4752321857467275,0,0
329365,Luca Köbele,24/25,2025,0,0.47520778991683776,0,0
249580,Marin Orlinov,24/25,2025,0,0.47514083789961725,0,0
281773,José León,24/25,2025,0,0.4751060193088942,0,0
1153630,Tobias Weigel,24/25,2025,0,0.4750270629412272,0,0
79045,Jeroen Zoet,24/25,2025,0,0.47494685877069087,0,0
274175,Solomon Udo,24/25,2025,1,0.4749349773520953,0,1
938676,Filippo Scotti,24/25,2025,0,0.4749192399088531,0,0
43300,Ciprian Deac,24/25,2025,0,0.4749127728377664,0,0
1042816,Matteo Marini,24/25,2025,0,0.47490921118908574,0,0
143798,Pavel Kaderabek,24/25,2025,1,0.4747590034742383,0,1
361124,Joey Jacobs,24/25,2025,0,0.4747299822274425,0,0
1005965,Paul Hainke,24/25,2025,0,0.47472933031714926,0,0
166683,Mamadou Sylla,24/25,2025,1,0.4747172600725827,0,1
1073208,Ştefan Senciuc,24/25,2025,1,0.4746413075756409,0,1
935036,Bogdan Budko,24/25,2025,1,0.4745468811169431,0,1
118847,Dominik Kohr,24/25,2025,0,0.47450849024092034,0,0
763953,Egor Osipov,24/25,2025,0,0.4744844270192564,0,0
251302,Niklas Dorsch,24/25,2025,0,0.4744587874034424,0,0
806948,Frank Feller,24/25,2025,0,0.4744540015972167,0,0
812987,Nick Meier,24/25,2025,1,0.474434712388437,0,1
215864,Mijat Gacinovic,24/25,2025,0,0.4744269988282785,0,0
920310,Taha Ayari,24/25,2025,0,0.4743270525621014,0,0
804936,Eskil Edh,24/25,2025,0,0.47420204402004484,0,0
121032,Aaron Taylor-Sinclair,24/25,2025,0,0.4741973096147756,0,0
1065043,Pontus Dahbo,24/25,2025,0,0.4741932296400382,0,0
684519,Gerasimos Mitoglou,24/25,2025,0,0.4741836139270177,0,0
1056025,Marco Fastiggi,24/25,2025,1,0.4741708929630916,0,1
106270,Florian Kainz,24/25,2025,0,0.4741539198624292,0,0
938729,Mikel Jauregizar,24/25,2025,0,0.47412872849406607,0,0
709767,Ji-soo Kim,24/25,2025,1,0.4741239439261912,0,1
156617,Marcelo Brozović,24/25,2025,0,0.4740786901365027,0,0
571604,Giorgio Scalvini,24/25,2025,0,0.4740263614056964,0,0
989508,Victor Gonçalves Andersson,24/25,2025,0,0.4739929456887712,0,0
646669,Jamal Gonzaga,24/25,2025,1,0.4739462951149691,0,1
765972,Zepiqueno Redmond,24/25,2025,1,0.47382043099663057,0,1
377607,Muaid Ellafi,24/25,2025,0,0.4737711956838449,0,0
927347,Kiril Georgiev,24/25,2025,0,0.4737513428149738,0,0
1025408,Tijn Peters,24/25,2025,0,0.4737384160156637,0,0
75921,Christopher Trimmel,24/25,2025,0,0.47371552214856866,0,0
284959,Marc Roberts,24/25,2025,0,0.47369870176126483,0,0
592387,Sebastian Sebulonsen,24/25,2025,1,0.47367814655802826,0,1
1370672,Modou Seye,24/25,2025,0,0.47359969913509514,0,0
936689,Davide Collu,24/25,2025,1,0.47359650292708627,0,1
353892,Hiroki Ito,24/25,2025,0,0.47359469771917473,0,0
1070713,Kevin Lekaj,24/25,2025,1,0.4735563277633954,0,1
508398,Jordan Brown,24/25,2025,1,0.4735525636652135,0,1
1177810,Valdemar Møller,24/25,2025,0,0.4735305554736469,0,0
503743,Morgan Rogers,24/25,2025,0,0.47352381685187206,0,0
222813,Marko Grujić,24/25,2025,1,0.4734856992090597,0,1
1115586,Vaclav Zahradnicek,24/25,2025,0,0.473464312322859,0,0
71834,Aitor Sanz,24/25,2025,0,0.473444346227317,0,0
1047410,Justin Lukas,24/25,2025,1,0.473399218325322,0,1
337092,Tim Siersleben,24/25,2025,0,0.47338584364173103,0,0
282954,Frederik Brandhof,24/25,2025,1,0.4732615066936706,0,1
406640,Felix Nmecha,24/25,2025,0,0.4732292574580083,0,0
139435,Dani Rodríguez,24/25,2025,0,0.4732126890493363,0,0
116881,Andrey Zaleskiy,24/25,2025,0,0.473210176074344,0,0
448027,Florian Kleinhansl,24/25,2025,0,0.47320494007059577,0,0
460625,Konstantinos Balogiannis,24/25,2025,0,0.4731876796940066,0,0
948936,Kyle Ure,24/25,2025,1,0.47315393422735696,0,1
85906,Danny da Costa,24/25,2025,0,0.47314988619505544,0,0
645686,Lamare Bogarde,24/25,2025,0,0.4731435847354097,0,0
531229,Sam Jones,24/25,2025,0,0.47314190573121095,0,0
435500,Sergio González,24/25,2025,1,0.47313111263477653,0,1
334999,Finn Becker,24/25,2025,1,0.47306961060867936,0,1
284010,Robin Hack,24/25,2025,0,0.4730627709592875,0,0
235275,Jordi Vanlerberghe,24/25,2025,0,0.47304386379373436,0,0
198607,Lukas Hulka,24/25,2025,0,0.4730369781716873,0,0
420064,Caio Henrique,24/25,2025,0,0.47299210150155224,0,0
1025412,Ryan van de Pavert,24/25,2025,0,0.4729668913661277,0,0
934507,Thomas Savalli,24/25,2025,1,0.47287638396468346,0,1
511876,Giorgos Naoum,24/25,2025,0,0.47285919939782284,0,0
555500,Jorge Herrando,24/25,2025,0,0.47278124843498,0,0
796297,Jobe Bellingham,24/25,2025,1,0.4727732666816957,0,1
215118,Calum Chambers,24/25,2025,0,0.47273930386113666,0,0
152419,David Gold,24/25,2025,0,0.47267178956181843,0,0
617141,Pavel Seleznev,24/25,2025,0,0.4726235636311364,0,0
338424,Mikel Merino,24/25,2025,0,0.4726227254296594,0,0
735984,Lucas Shlimon,24/25,2025,1,0.47260684778770173,0,1
976203,Francesco Rucci,24/25,2025,1,0.4725280382935175,0,1
798050,Gavin Beavers,24/25,2025,0,0.4724672797874778,0,0
7161,Jonas Hofmann,24/25,2025,0,0.47246623779209285,0,0
227089,Matthias Köbbing,24/25,2025,0,0.47244867664183704,0,0
1170814,Mirko Personeni,24/25,2025,1,0.4724058585282655,0,1
392569,Gabriele Zappa,24/25,2025,0,0.47239385164974673,0,0
340205,Gorka Guruzeta,24/25,2025,0,0.47233446181073496,0,0
234733,Panagiotis Deligiannidis,24/25,2025,1,0.4723278191197512,0,1
109855,Tim Paterok,24/25,2025,0,0.4723221406650546,0,0
361772,Dino Besirovic,24/25,2025,0,0.47228023462156454,0,0
90044,Kristinn Steindórsson,24/25,2025,0,0.47226075732285544,0,0
198768,Heini Vatnsdal,24/25,2025,0,0.47223740804249614,0,0
614623,Alexandru Oroian,24/25,2025,0,0.47219992153602364,0,0
250028,Ivan Ljubic,24/25,2025,1,0.4721875575570543,0,1
1054346,Antonio Delaj,24/25,2025,1,0.47218302823555897,0,1
139751,Filip Stojkovic,24/25,2025,1,0.4721687543363593,0,1
145070,Ovays Azizi,24/25,2025,1,0.47214803822302004,0,1
671438,Aristot Tambwe-Kasengele,24/25,2025,1,0.47210429233693085,0,1
335103,Linton Maina,24/25,2025,0,0.47209513555507,0,0
340918,Caoimhín Kelleher,24/25,2025,1,0.47209160805638306,0,1
813137,Niccolò Pisilli,24/25,2025,0,0.47208843032435804,0,0
320403,Mark Sykes,24/25,2025,0,0.4720492922464008,0,0
119085,Loris Benito,24/25,2025,0,0.472004644193696,0,0
268216,Marcus Mathisen,24/25,2025,0,0.4719094643796121,0,0
1124448,Ivan Oreshkevich,24/25,2025,0,0.47190368847356307,0,0
1010150,Adam Bakoune,24/25,2025,1,0.4718569868132254,0,1
410221,Pape Seydou,24/25,2025,0,0.4716906966943707,0,0
978808,Georgi Chorbadzhiyski,24/25,2025,0,0.4716225059035871,0,0
819211,Ethan Butera,24/25,2025,0,0.4715097280212617,0,0
94005,Sead Kolasinac,24/25,2025,0,0.47143647933011285,0,0
66497,Michael Morrison,24/25,2025,0,0.47142863579873745,0,0
646704,Maxim Dekker,24/25,2025,0,0.4713723691247077,0,0
396517,Fuseini Zackaria,24/25,2025,1,0.47136279211074256,0,1
196446,Liam Dick,24/25,2025,1,0.47130434124411685,0,1
1054169,Giulio Scuderi,24/25,2025,1,0.471215689952076,0,1
250768,Ross White,24/25,2025,0,0.47118918402663484,0,0
565822,Harvey Elliott,24/25,2025,1,0.4711527454727904,0,1
608172,Ardon Jashari,24/25,2025,1,0.47110001266716145,0,1
70019,Seamus Conneely,24/25,2025,0,0.4710634961985778,0,0
957822,Eddy Kouadio,24/25,2025,0,0.47091472036162174,0,0
1086319,Lucio Bonofiglio,24/25,2025,1,0.47054836584775844,0,1
320722,Zizo,24/25,2025,1,0.47053443437919906,0,1
624751,Lyall Cameron,24/25,2025,1,0.4705086650032398,0,1
563662,Jacopo Muggeo,24/25,2025,0,0.47048054893263774,0,0
550466,Ivan Turitsov,24/25,2025,0,0.4704284560835166,0,0
12778,David Hutton,24/25,2025,0,0.4704069780096268,0,0
532776,Amine Adli,24/25,2025,1,0.4702629844157196,0,1
425268,Liam Coyle,24/25,2025,0,0.4702392594990754,0,0
242606,Josh Cullen,24/25,2025,0,0.47023360428589017,0,0
912447,Florian Dimmer,24/25,2025,0,0.47012995890771037,0,0
1143676,Luca Messori,24/25,2025,0,0.47012863031051483,0,0
1115375,Sergey Kruzhilin,24/25,2025,0,0.47005331086989355,0,0
404418,Dávid Hancko,24/25,2025,1,0.4699662241215268,0,1
273669,Adrian Beck,24/25,2025,0,0.46988288713093285,0,0
929966,Nico Vidic,24/25,2025,0,0.469861834612516,0,0
611305,Nicola Gori,24/25,2025,0,0.46981499743427046,0,0
1207547,Pier Francesco Galiano,24/25,2025,1,0.4697373855591027,0,1
357164,Rafael Leão,24/25,2025,0,0.4697282550721106,0,0
262749,David Raya,24/25,2025,0,0.4697120386872405,0,0
385185,Rico Wehrle,24/25,2025,0,0.4696723758540408,0,0
826724,Danila Sokol,24/25,2025,0,0.46957447102021055,0,0
567931,Jan-Luca Warm,24/25,2025,0,0.4695025801909899,0,0
204960,Ibou Touray,24/25,2025,1,0.46948211073834006,0,1
307658,Tin Plavotic,24/25,2025,0,0.46943268076144523,0,0
892482,Alessandro Scacchetti,24/25,2025,1,0.4694013641463393,0,1
446625,Alexander Nollenberger,24/25,2025,0,0.46940087223319127,0,0
986892,Max Lippert,24/25,2025,1,0.4694001953623305,0,1
503991,Yunus Musah,24/25,2025,1,0.4693598920697814,0,1
354742,Pepe Castaño,24/25,2025,0,0.4693092635994713,0,0
160929,Marvin Schwäbe,24/25,2025,0,0.4692977040816234,0,0
514370,Jubril Okedina,24/25,2025,1,0.4692954505527846,0,1
787151,Lukas Ullrich,24/25,2025,0,0.4692725371012473,0,0
450945,Ivan Zhestkin,24/25,2025,0,0.4692658025907624,0,0
1170825,Riccardo Finazzi,24/25,2025,1,0.46925691994033913,0,1
1115746,Kirill Malykh,24/25,2025,0,0.4692538807863695,0,0
625124,Sergey Sazonchik,24/25,2025,0,0.4691849496524974,0,0
60220,Matej Delac,24/25,2025,0,0.4691559867140098,0,0
124415,Hasan Pepic,24/25,2025,0,0.4691376666078143,0,0
44017,Javi Martínez,24/25,2025,1,0.46908213591631454,0,1
422401,Milton Valenzuela,24/25,2025,1,0.46905808718177183,0,1
125781,Antoine Griezmann,24/25,2025,0,0.46899870739498745,0,0
1130619,Jónatan Gudni Arnarsson,24/25,2025,0,0.4689669164660677,0,0
410787,Joël Monteiro,24/25,2025,0,0.4688920668415472,0,0
199221,Andreas Linde,24/25,2025,0,0.46878231904190654,0,0
170986,Raphaël Guerreiro,24/25,2025,0,0.46869363087896837,0,0
1088420,Michele Sasso,24/25,2025,1,0.468683347278674,0,1
914505,Tommaso Duca,24/25,2025,1,0.46855824473374774,0,1
685160,Mark McKenzie,24/25,2025,0,0.46847540551947675,0,0
63463,Daniel Wass,24/25,2025,0,0.46845678673796526,0,0
1104610,Nikita Neskoromnyi,24/25,2025,0,0.46835747713398024,0,0
161057,Carl Klaus,24/25,2025,0,0.46832619698258343,0,0
324633,Abdulmajeed Al-Sulayhim,24/25,2025,1,0.4683165601925906,0,1
1002758,Giacomo Maucci,24/25,2025,1,0.46828961148795223,0,1
470882,Fuad Sule,24/25,2025,1,0.46828098681609326,0,1
338670,Mile Svilar,24/25,2025,0,0.4682141033772959,0,0
1123649,Pavel Dubovskiy,24/25,2025,0,0.4681021549059156,0,0
258914,Brad Collins,24/25,2025,1,0.4680345179410776,0,1
203938,Branco van den Boomen,24/25,2025,0,0.46799219558208144,0,0
741136,Maksim Vospukov,24/25,2025,0,0.4679919147550108,0,0
483916,Lazaros Rota,24/25,2025,0,0.4679646847948932,0,0
629588,Nathan Ngoumou,24/25,2025,0,0.46794931640448245,0,0
326230,Ryan Hedges,24/25,2025,0,0.4679201212394714,0,0
193033,Tim Kleindienst,24/25,2025,0,0.46787962563550023,0,0
397171,Gideon Mensah,24/25,2025,0,0.46786119821783007,0,0
948735,Mattia Rizzo,24/25,2025,1,0.46779006881709156,0,1
1116190,Daniel Richter,24/25,2025,1,0.4677380664118574,0,1
236981,Timo Hübers,24/25,2025,0,0.46773432705417195,0,0
184534,Alexander Ludwig,24/25,2025,0,0.46773300163406994,0,0
363205,Gabriel Jesus,24/25,2025,0,0.467656512665781,0,0
897418,Yannik Dasbach,24/25,2025,0,0.4676079022923246,0,0
822959,Tom Bischof,24/25,2025,1,0.4675306726052521,0,1
213260,Rubén García,24/25,2025,0,0.46751364229468245,0,0
417972,Kei Hirose,24/25,2025,0,0.46748655881326756,0,0
371149,Evan Ndicka,24/25,2025,0,0.46718400725930065,0,0
345758,Jamie Barjonas,24/25,2025,1,0.46714928358291197,0,1
107205,Connor Krempicki,24/25,2025,0,0.4670642905899472,0,0
282095,Viktor Karl Einarsson,24/25,2025,0,0.4670569687998693,0,0
253210,Nicolai Poulsen,24/25,2025,0,0.4669760379466418,0,0
889435,Obed Vargas,24/25,2025,0,0.4669663295000864,0,0
46083,Domagoj Vida,24/25,2025,0,0.46692688981925995,0,0
959620,Dillon Berko,24/25,2025,0,0.4669074121254201,0,0
377606,Mohamed Al-Shebli,24/25,2025,0,0.4666317393194827,0,0
1003307,Egor Bozhko,24/25,2025,0,0.46658174783059886,0,0
562077,Yuriy Kozlov,24/25,2025,0,0.46643667904192054,0,0
927933,Velizar-Iliya Iliev,24/25,2025,1,0.4663939922402908,0,1
470267,Pavel Gorbach,24/25,2025,0,0.4663366726630439,0,0
702447,Nick Twisk,24/25,2025,0,0.4662830239976435,0,0
299471,Ryan Johnson,24/25,2025,0,0.46620196055946583,0,0
820393,Hamza Alaa,24/25,2025,1,0.46610451043556284,0,1
322989,Kaan Kairinen,24/25,2025,0,0.4660735857111787,0,0
205938,Mario Pašalić,24/25,2025,0,0.46602326135536715,0,0
168989,Silvan Widmer,24/25,2025,0,0.465999736950713,0,0
412474,Frankie Musonda,24/25,2025,1,0.46599958455846624,0,1
140461,Artem Rakhmanov,24/25,2025,1,0.465884433255567,0,1
503780,Hayden Carter,24/25,2025,0,0.465849837994112,0,0
78570,Anthony Moris,24/25,2025,1,0.4655098288291883,0,1
394033,Stefan Schimmer,24/25,2025,0,0.4655034725616811,0,0
810895,Eliesse Ben Seghir,24/25,2025,1,0.4654209126231807,0,1
476599,Alex Passaniti,24/25,2025,0,0.46537526132948176,0,0
165793,Takumi Minamino,24/25,2025,0,0.4653682139219563,0,0
183365,Höskuldur Gunnlaugsson,24/25,2025,0,0.4652810903159502,0,0
1185190,Tino Kusanovic,24/25,2025,1,0.46527942068282074,0,1
291397,Samba Camara,24/25,2025,1,0.46526186129125524,0,1
882964,Claudio Parlato,24/25,2025,1,0.4650962651773178,0,1
469781,Marcos Senesi,24/25,2025,0,0.46508770601422933,0,0
502821,Riccardo Calafiori,24/25,2025,0,0.464917513835555,0,0
819798,Jacob Andersen,24/25,2025,0,0.4649146246686202,0,0
157167,Hrvoje Milicevic,24/25,2025,0,0.464864116777282,0,0
474152,Valeriy Potorocha,24/25,2025,1,0.4648205292205749,0,1
80894,Lukasz Skorupski,24/25,2025,0,0.4647949615129548,0,0
359693,James Tilley,24/25,2025,1,0.46479054643306617,0,1
300168,Mikel Vesga,24/25,2025,0,0.4647736868394822,0,0
483640,Jan Koudelka,24/25,2025,0,0.4647283580705614,0,0
225452,Patrick Roberts,24/25,2025,1,0.4646926536786206,0,1
1175183,Peterson Paul,24/25,2025,0,0.46466964326743226,0,0
229909,Tobias Kordick,24/25,2025,1,0.4646642120391552,0,1
449796,Alejandro Catena,24/25,2025,0,0.4645835252746922,0,0
897658,Daniele Triacca,24/25,2025,1,0.46448693205064806,0,1
257437,Rob Dickie,24/25,2025,0,0.4644390825158245,0,0
387047,Danilho Doekhi,24/25,2025,0,0.46443035364044744,0,0
394327,Boubacar Kamara,24/25,2025,0,0.46441780315860615,0,0
22860,Jesper Hansen,24/25,2025,0,0.46434269841872133,0,0
227084,Benedikt Gimber,24/25,2025,0,0.4643081431679002,0,0
445616,Gift Links,24/25,2025,0,0.4642723909904191,0,0
1108253,Dimitar Papazov,24/25,2025,0,0.46426805519226877,0,0
597432,Leopold Querfeld,24/25,2025,0,0.4642019855821605,0,0
126634,Francesco Rossi,24/25,2025,0,0.46416456322085226,0,0
897921,Lorenzo Menegazzo,24/25,2025,1,0.46412477566590865,0,1
1051736,Marco Taramelli,24/25,2025,1,0.4640434291224728,0,1
578804,Sven Mijnans,24/25,2025,0,0.4639913883365176,0,0
602854,Dmitriy Krivosheev,24/25,2025,0,0.46391254084063716,0,0
293614,Nikolay Minkov,24/25,2025,0,0.4638831660486963,0,0
1180811,Adam Baallal,24/25,2025,0,0.4638715131947343,0,0
1249656,Amoako Minta,24/25,2025,1,0.46374980403467814,0,1
894456,Dachi Lordkipanidze,24/25,2025,0,0.46357763600165,0,0
286297,Lorenzo Pellegrini,24/25,2025,0,0.4633595372500032,0,0
688560,Nick McAllister,24/25,2025,0,0.4633179966413053,0,0
415381,Mats Wieffer,24/25,2025,0,0.4632837056569031,0,0
576024,Julián Alvarez,24/25,2025,0,0.4632774082181683,0,0
170911,Donovan Léon,24/25,2025,0,0.46322529783988986,0,0
186477,Herbert Bockhorn,24/25,2025,0,0.46319511333462543,0,0
314820,Keiran Williams,24/25,2025,0,0.463089611483697,0,0
289683,Frederik Tingager,24/25,2025,0,0.46307391505671625,0,0
429915,Maxim De Cuyper,24/25,2025,1,0.46303664282168894,0,1
557407,Devyne Rensch,24/25,2025,0,0.46302453687724515,0,0
344354,Omar Sowunmi,24/25,2025,0,0.46297598762136033,0,0
987355,Lucas Jetten,24/25,2025,0,0.4629179015154706,0,0
271335,Fabiano,24/25,2025,0,0.46288448248511693,0,0
462353,Yousef Hassan,24/25,2025,1,0.46288243851659927,0,1
193004,Waldemar Anton,24/25,2025,0,0.4628592219387615,0,0
1261750,Matteo Vitrotti,24/25,2025,1,0.4628175702020336,0,1
387626,Leon Bailey,24/25,2025,1,0.46280709323310065,0,1
413565,Jhon Lucumí,24/25,2025,0,0.46268094247877645,0,0
733438,Seiya Maikuma,24/25,2025,0,0.46266024255561083,0,0
335209,Kevin Diks,24/25,2025,1,0.4625030739700893,0,1
82350,Stefan Bell,24/25,2025,0,0.46248694657655504,0,0
354061,Lukas Malicsek,24/25,2025,0,0.4624335349450296,0,0
209570,Alex Gammond,24/25,2025,0,0.46235218994573424,0,0
51349,Mikkel Rygaard,24/25,2025,0,0.4623048270990343,0,0
464220,Botond Nándori,24/25,2025,0,0.46229134047246406,0,0
717411,Yegor Yarmolyuk,24/25,2025,0,0.46228758052189306,0,0
480692,Luis Díaz,24/25,2025,1,0.46227800310403816,0,1
52490,Kevin Sommer,24/25,2025,0,0.46227628484945654,0,0
100131,William Carvalho,24/25,2025,1,0.46216936230805733,0,1
61651,Jordan Henderson,24/25,2025,1,0.46209283997452777,0,1
895937,Marco Palestra,24/25,2025,1,0.4620862664504339,0,1
338070,Konstantinos Tsimikas,24/25,2025,1,0.4620280664691959,0,1
1155804,Emre Ünüvar,24/25,2025,0,0.46197270550244257,0,0
212912,Nader Matar,24/25,2025,0,0.4619563812230294,0,0
73564,Jason Steele,24/25,2025,0,0.4618543329132355,0,0
954265,Lorenzo Riccio,24/25,2025,0,0.46173534317282056,0,0
929746,Leonardo Di Tommaso,24/25,2025,1,0.4617186018161261,0,1
932763,Alessandro Di Bitonto,24/25,2025,1,0.46169866787647124,0,1
159471,Serge Gnabry,24/25,2025,0,0.4616254110847288,0,0
97616,Sotirios Papagiannopoulos,24/25,2025,0,0.4615540499347559,0,0
1111063,Sean Steur,24/25,2025,0,0.4613708658014004,0,0
205849,Gjoko Zajkov,24/25,2025,1,0.4613417680063327,0,1
122243,Niall Canavan,24/25,2025,0,0.4613301205678194,0,0
278332,Florian Neuhaus,24/25,2025,0,0.46120665096435903,0,0
169687,Nikolaos Papadopoulos,24/25,2025,0,0.46101563809191787,0,0
315779,Christian Pulisic,24/25,2025,0,0.46082725742543346,0,0
61841,Adam Smith,24/25,2025,0,0.4606962074443811,0,0
293084,Johannes Handl,24/25,2025,0,0.4606865121872972,0,0
283233,Jacob Rasmussen,24/25,2025,1,0.46066497628214836,0,1
27992,Luka Modrić,24/25,2025,1,0.4604943106181433,0,1
293569,Josh Brownhill,24/25,2025,1,0.4602740567414628,0,1
69511,Patrick Mortensen,24/25,2025,0,0.4602366603154915,0,0
748839,Phil Mooney,24/25,2025,0,0.4601808394280293,0,0
689358,János Takács,24/25,2025,1,0.4601548494470195,0,1
899542,Lorenzo Romani,24/25,2025,1,0.4601221509703647,0,1
260846,Asger Sörensen,24/25,2025,0,0.46009053665364935,0,0
1102070,Kiani Inge,24/25,2025,1,0.459841634778732,0,1
192077,Scott McMann,24/25,2025,0,0.4597728291473327,0,0
1118395,Pavel Kotlyarov,24/25,2025,0,0.4597130161876683,0,0
344695,Dayot Upamecano,24/25,2025,0,0.45963887969407474,0,0
172623,Ramy Rabia,24/25,2025,1,0.4596153850174906,0,1
282411,Marcos Llorente,24/25,2025,0,0.4595989263090567,0,0
401529,Dodô,24/25,2025,0,0.4595855449163078,0,0
151583,Daniel Heber,24/25,2025,0,0.45950895594708924,0,0
732241,Luis Bates,24/25,2025,0,0.45945910349539143,0,0
965940,Zack Nelson,24/25,2025,0,0.4594057377787744,0,0
927263,Riccardo Campedelli,24/25,2025,1,0.4593090782652111,0,1
303254,Fikayo Tomori,24/25,2025,0,0.4591217671413822,0,0
308279,Rolando Mandragora,24/25,2025,0,0.4590994104115404,0,0
1017396,Simeon Turlakov,24/25,2025,1,0.45903715034189463,0,1
490426,Krépin Diatta,24/25,2025,0,0.45900860406680116,0,0
254965,Sandro Lauper,24/25,2025,0,0.4589647859169644,0,0
970683,Piotr Pardel,24/25,2025,0,0.4589646326249865,0,0
996897,Diego Gómez,24/25,2025,0,0.4588273333323479,0,0
607854,Éderson,24/25,2025,0,0.4588072809541733,0,0
552425,Jon Moncayola,24/25,2025,0,0.45869596441960603,0,0
456838,Eliot Evans,24/25,2025,0,0.4586598742971814,0,0
591916,Aitor Paredes,24/25,2025,0,0.4585503278069419,0,0
792380,Aleksandar Pavlovic,24/25,2025,0,0.45846461159334295,0,0
309400,Kai Havertz,24/25,2025,0,0.4583681386461043,0,0
286328,Scott Stewart,24/25,2025,0,0.45816992286592806,0,0
918957,Davide Renzetti,24/25,2025,1,0.4581144949508242,0,1
644401,Keane Lewis-Potter,24/25,2025,0,0.45809299487843474,0,0
128011,Petros Mantalos,24/25,2025,0,0.45800790464244584,0,0
1088697,Jinairo Johnson,24/25,2025,0,0.45789014820027024,0,0
335795,András Hársfalvi,24/25,2025,1,0.4578836613545,0,1
1048147,Federico Cassa,24/25,2025,0,0.45780990064519417,0,0
337082,Julian Krahl,24/25,2025,0,0.457792310142469,0,0
247915,Jonas Omlin,24/25,2025,0,0.4577398466388835,0,0
160963,Robin Zentner,24/25,2025,0,0.4577139634347077,0,0
635803,Oluwatobiloba Alagbe,24/25,2025,0,0.4575578362322785,0,0
533877,Martin Vanak,24/25,2025,1,0.45753701670658653,0,1
932733,Leonardo Baroncelli,24/25,2025,1,0.4573981028778972,0,1
339808,Theo Hernández,24/25,2025,1,0.45734649333106525,0,1
106128,Aron Giacomoni,24/25,2025,0,0.45731509643422386,0,0
1058791,Andreas Redkin,24/25,2025,0,0.45724402106905854,0,0
801425,Sam Bell,24/25,2025,1,0.4572167090243339,0,1
648893,István Pekár,24/25,2025,0,0.45717987858118364,0,0
633463,Adam Randell,24/25,2025,1,0.4570663980828508,0,1
193082,Alejandro Grimaldo,24/25,2025,0,0.45701583423339553,0,0
675278,Eric Kahl,24/25,2025,0,0.4569618757706068,0,0
940915,Alexéi Rojas,24/25,2025,0,0.4568560025466793,0,0
420811,George Tanner,24/25,2025,0,0.45680966877445883,0,0
469050,Nathan Collins,24/25,2025,0,0.4567814871027175,0,0
102017,Jorginho,24/25,2025,1,0.4567706073759992,0,1
257477,Milos Zlatkovic,24/25,2025,1,0.45676506807776085,0,1
927251,Gianmarco Castorri,24/25,2025,1,0.4567451446185746,0,1
284732,Ramy Bensebaini,24/25,2025,0,0.45668334003408756,0,0
104223,Jordy Clasie,24/25,2025,0,0.4566543492849328,0,0
242086,Patrik Schick,24/25,2025,0,0.45659951410907346,0,0
171731,Semen Shestilovskiy,24/25,2025,0,0.45645707413611347,0,0
704191,Andrea Cecchetto,24/25,2025,0,0.45644949906572435,0,0
269093,Manfred Fischer,24/25,2025,0,0.4564241253288094,0,0
933830,Chalpan Abdulnasir,24/25,2025,0,0.45638702353584315,0,0
1043566,Josiah Uwakhonye,24/25,2025,0,0.45631049789344935,0,0
210348,Sondre Tronstad,24/25,2025,0,0.4562501796979878,0,0
746712,Pietro Comuzzo,24/25,2025,0,0.4561982765734707,0,0
143559,Matija Nastasić,24/25,2025,1,0.45588470521213187,0,1
542690,Frederik Alves,24/25,2025,0,0.4558585493712411,0,0
591949,Aaron Hickey,24/25,2025,0,0.45585078665956397,0,0
719230,Alex Szabó,24/25,2025,0,0.4558475394235778,0,0
566857,Semih Sahin,24/25,2025,1,0.45574935848911535,0,1
973085,Carlos Baleba,24/25,2025,0,0.4557397211635316,0,0
894470,Davide Baroncioni,24/25,2025,0,0.45572020190788615,0,0
1141179,Mussa Kaba,24/25,2025,0,0.45571300153288974,0,0
124410,Rani Khedira,24/25,2025,0,0.4554822565117767,0,0
328658,Kristoffer Ajer,24/25,2025,0,0.45544542890012585,0,0
427868,Dan Jefferies,24/25,2025,1,0.4554028697445968,0,1
236997,Tiago Silva,24/25,2025,1,0.45533481188786673,0,1
416809,Daniel Hanslik,24/25,2025,0,0.4553305120606886,0,0
1070408,Mylo van der Lans,24/25,2025,0,0.4551663246416799,0,0
44698,Mário Camora,24/25,2025,0,0.4551601005889896,0,0
196147,Kenny-Prince Redondo,24/25,2025,0,0.4551260484675249,0,0
148367,Christian Nørgaard,24/25,2025,1,0.45502806826055214,0,1
406634,Matt O'Riley,24/25,2025,1,0.45493653894446584,0,1
166601,Niklas Süle,24/25,2025,0,0.45492645615359767,0,0
126751,Iñigo Ruiz de Galarreta,24/25,2025,0,0.4548379191060954,0,0
212198,Vaná Alves,24/25,2025,0,0.4548147348839498,0,0
1055876,Jesper Zwart,24/25,2025,1,0.4547999989419018,0,1
338425,Álex Berenguer,24/25,2025,0,0.45475755018711217,0,0
547382,Cameron Pring,24/25,2025,0,0.4547276516781279,0,0
925221,Elion Jashari,24/25,2025,1,0.45466523629609196,0,1
156937,Johan Hammar,24/25,2025,0,0.45455699028119106,0,0
196231,Marvin Friedrich,24/25,2025,0,0.45452246909350613,0,0
392378,Darren Thomas,24/25,2025,0,0.45444706243857336,0,0
375790,Dávid Mészáros,24/25,2025,0,0.4544373767777188,0,0
433177,Bukayo Saka,24/25,2025,0,0.4543936920196041,0,0
362977,Josip Juranovic,24/25,2025,0,0.4543798741943425,0,0
1015875,Tómas Johannessen,24/25,2025,1,0.45436658739881114,0,1
1078216,Dennis Krpalek,24/25,2025,0,0.45434626317809307,0,0
425334,Matty Cash,24/25,2025,0,0.4543393120898776,0,0
112583,Diego Michiels,24/25,2025,0,0.4543331322751574,0,0
298575,Kike Barja,24/25,2025,0,0.4542462677281929,0,0
927953,Bradley Mayo,24/25,2025,0,0.4541914751733923,0,0
355816,Ko Itakura,24/25,2025,1,0.45406993789943556,0,1
424042,Nahuel Molina,24/25,2025,0,0.453904258834806,0,0
267328,Danny Gosset,24/25,2025,0,0.453877782595394,0,0
31653,Tobias Sippel,24/25,2025,0,0.45379482282103556,0,0
392131,Simon Asta,24/25,2025,1,0.45377297243490905,0,1
1183953,Luca Gobbo,24/25,2025,0,0.4537072342579762,0,0
1170813,Javison Idele,24/25,2025,0,0.45370676234664375,0,0
999365,Mattia Piermarini,24/25,2025,1,0.4536993868569807,0,1
369316,Ferdi Kadıoğlu,24/25,2025,0,0.4536960465008014,0,0
251075,Zeki Çelik,24/25,2025,0,0.45367012330951334,0,0
192169,Jonas Föhrenbach,24/25,2025,0,0.45364403497901984,0,0
127573,Phillipp Mwene,24/25,2025,0,0.45361181008689966,0,0
67063,Danny Welbeck,24/25,2025,0,0.45360482566589183,0,0
85543,Niklas Lomb,24/25,2025,0,0.45321466683473394,0,0
786795,Mesut Yusuf,24/25,2025,0,0.45299915083838616,0,0
167393,James Husband,24/25,2025,0,0.4529493543838821,0,0
62351,Abdoulaye Bamba,24/25,2025,0,0.45285219771250457,0,0
121137,Stuart Bannigan,24/25,2025,1,0.45272183144979145,0,1
442248,Ethan Pinnock,24/25,2025,0,0.45268829573306213,0,0
235840,Pedro Pinto,24/25,2025,1,0.4526255092148772,0,1
23523,Thomas Mikkelsen,24/25,2025,0,0.4526073576640266,0,0
531236,Callum Sainty,24/25,2025,0,0.45259407256856643,0,0
256448,Gianluca Mancini,24/25,2025,0,0.4522095765304408,0,0
741097,Irving Gudiño,24/25,2025,1,0.45216869726797865,0,1
580195,Jamal Musiala,24/25,2025,0,0.45194270221234245,0,0
144028,Leandro Trossard,24/25,2025,0,0.45183274180358696,0,0
117478,Marnon Busch,24/25,2025,0,0.4517941171645295,0,0
380350,Igor Julio,24/25,2025,1,0.45173558585421525,0,1
319859,Mathias Jensen,24/25,2025,0,0.4516700333666946,0,0
209212,Solly March,24/25,2025,0,0.4516006847429307,0,0
479999,Eberechi Eze,24/25,2025,1,0.4514296022647787,0,1
932740,Jonas Harder,24/25,2025,1,0.45124521659142774,0,1
223967,Konrad Laimer,24/25,2025,0,0.4512317761214006,0,0
1186932,Edoardo Zanchi,24/25,2025,0,0.4509559688404397,0,0
213670,Lucas Torró,24/25,2025,0,0.45070972302031,0,0
40680,Sven Ulreich,24/25,2025,0,0.45069532795012046,0,0
255501,Iñigo Lekue,24/25,2025,0,0.45068805733310635,0,0
192635,Nico Elvedi,24/25,2025,0,0.4506677889845243,0,0
159088,Robert Andrich,24/25,2025,0,0.45061882987239726,0,0
354456,Aynsley Pears,24/25,2025,0,0.45058121508084553,0,0
1216188,Alessandro Panza,24/25,2025,1,0.45056295093478904,0,1
173859,Davide Zappacosta,24/25,2025,0,0.4505397088252161,0,0
571020,Oihan Sancet,24/25,2025,0,0.4505322743766436,0,0
182906,Mike Maignan,24/25,2025,0,0.4504882967409227,0,0
608165,Ben Dempsey,24/25,2025,0,0.4504231333340609,0,0
169497,Juan Cruz,24/25,2025,0,0.45017303870647774,0,0
118244,Sean McGinty,24/25,2025,1,0.45015993421545875,0,1
504153,Joe Scally,24/25,2025,0,0.4501558291066269,0,0
932741,Mattia Ievoli,24/25,2025,1,0.4499370356415987,0,1
126664,Lucas Digne,24/25,2025,0,0.4499100758827363,0,0
161072,Baris Atik,24/25,2025,0,0.44989705970266375,0,0
115382,Guilherme,24/25,2025,0,0.44959002802778164,0,0
946385,Arseniy Skopets,24/25,2025,0,0.44953499365617017,0,0
185869,Grant Smith,24/25,2025,0,0.4494927202925829,0,0
565093,Bart Verbruggen,24/25,2025,0,0.44944287578062214,0,0
933205,Tibor Szabó,24/25,2025,0,0.44943516629091307,0,0
268185,Joe Williams,24/25,2025,0,0.44903610938497884,0,0
1048080,Federico Simonetto,24/25,2025,0,0.4489913202350015,0,0
52377,Adrian Cieslewicz,24/25,2025,0,0.4488471704877124,0,0
335721,Ben White,24/25,2025,0,0.44850331078183026,0,0
250845,José María Giménez,24/25,2025,0,0.4482921888690084,0,0
188077,Ryan Christie,24/25,2025,0,0.44822968332133284,0,0
646707,Wouter Goes,24/25,2025,0,0.44821138119464177,0,0
132098,Harry Kane,24/25,2025,0,0.44816264010439216,0,0
248738,Sergio Herrera,24/25,2025,0,0.4480953476708996,0,0
1202361,Bradley Burrowes,24/25,2025,0,0.44805517726463817,0,0
627658,Eldin Dzogovic,24/25,2025,0,0.447900517463275,0,0
1082133,Csongor Komáromi,24/25,2025,0,0.44783135480771563,0,0
295764,Aschraf El Mahdioui,24/25,2025,0,0.4477476783132889,0,0
741545,Daniel Armstrong,24/25,2025,0,0.44749003387611114,0,0
704772,Rome-Jayden Owusu-Oduro,24/25,2025,0,0.4474594486175242,0,0
655488,Gabriel Martinelli,24/25,2025,0,0.44741981468474107,0,0
576737,Firza Andika,24/25,2025,1,0.44737838744996716,0,1
262396,Unai Simón,24/25,2025,0,0.44707867857976613,0,0
74229,Koke,24/25,2025,0,0.44704562205419723,0,0
709187,Nico Williams,24/25,2025,0,0.4469033377774258,0,0
339556,Rico Henry,24/25,2025,0,0.44678676836278103,0,0
862733,Freddy Bomo,24/25,2025,1,0.4462308352793141,0,1
504849,Kaoru Mitoma,24/25,2025,0,0.44619243139891857,0,0
270171,Vitaly Janelt,24/25,2025,0,0.44613182132840684,0,0
723009,Jordy de Beer,24/25,2025,0,0.44599080563492643,0,0
581357,Jan Schöppner,24/25,2025,0,0.44571276768326734,0,0
796169,Márk Hodonicki,24/25,2025,0,0.44560478406914605,0,0
125714,Mark Flekken,24/25,2025,1,0.4455649889151034,0,1
1260549,Samuele Piro,24/25,2025,1,0.44536672225620083,0,1
336665,Sultan Al-Brake,24/25,2025,0,0.4453633473197312,0,0
123550,Jamie Grimes,24/25,2025,0,0.44527294116480076,0,0
255488,Yeray Álvarez,24/25,2025,0,0.44484833135670054,0,0
82873,Pascal Groß,24/25,2025,0,0.444812216754269,0,0
662065,Stanislav Lomako,24/25,2025,1,0.44478294123749235,0,1
165513,Berat Djimsiti,24/25,2025,0,0.4447308872620123,0,0
866247,Tommaso Rubino,24/25,2025,1,0.44451440488999483,0,1
388294,Omar Traoré,24/25,2025,0,0.44419634268510094,0,0
940769,Artem Zhevnerenko,24/25,2025,0,0.4441932130142182,0,0
401578,Exequiel Palacios,24/25,2025,0,0.44399379772887954,0,0
3333,James Milner,24/25,2025,0,0.4439714052272211,0,0
530780,Jason Knight,24/25,2025,0,0.44377710084126876,0,0
540941,Mikkel Damsgaard,24/25,2025,0,0.44375715529721704,0,0
543537,Seydouba Cissé,24/25,2025,0,0.4436845197815842,0,0
203853,Oleksandr Zinchenko,24/25,2025,1,0.443654780762099,0,1
96254,Pietro Terracciano,24/25,2025,1,0.44336664810832094,0,1
191792,Craig Watson,24/25,2025,1,0.44308613887407206,0,1
62112,Byron Webster,24/25,2025,0,0.4426894537134401,0,0
1058392,Lorenzo Grilli,24/25,2025,0,0.4426024639056598,0,0
495666,William Saliba,24/25,2025,0,0.4424655062802242,0,0
199453,Sebastian Osigwe,24/25,2025,1,0.4423978696812313,0,1
504148,Tariq Lamptey,24/25,2025,1,0.4423019988055487,0,1
742274,Christian Intsoen,24/25,2025,0,0.442191651746143,0,0
249089,Lewis Cook,24/25,2025,0,0.44212842432030147,0,0
375095,Michael Cheek,24/25,2025,0,0.4420431039992016,0,0
884818,Robin Lisewski,24/25,2025,1,0.442024465646918,0,1
346561,Luca Ranieri,24/25,2025,0,0.4419318816435313,0,0
371001,Josip Sutalo,24/25,2025,0,0.4417276756799014,0,0
237846,Edmílson Junior,24/25,2025,0,0.441688865476715,0,0
153084,Leon Goretzka,24/25,2025,0,0.4416873183665439,0,0
147993,Florin Bejan,24/25,2025,0,0.44165057678128555,0,0
46413,Ante Budimir,24/25,2025,0,0.441602234637997,0,0
1041292,Osian Evans,24/25,2025,1,0.4414971233276896,0,1
322677,Perry Ng,24/25,2025,0,0.4413743286928797,0,0
455600,Corey Whitely,24/25,2025,0,0.44133312569445804,0,0
1100514,Yulian Gilov,24/25,2025,0,0.44075258081587737,0,0
253677,Tyrone Mings,24/25,2025,0,0.44070774886254926,0,0
324358,Ollie Watkins,24/25,2025,0,0.43996360731847206,0,0
111195,Joël Veltman,24/25,2025,0,0.43989471970814614,0,0
60445,Jonathan dos Santos,24/25,2025,0,0.4398714916182994,0,0
133179,Marten de Roon,24/25,2025,0,0.4396167796277835,0,0
148153,Lewis Dunk,24/25,2025,0,0.43912605629095225,0,0
818246,Noah Kruth,24/25,2025,0,0.4390679611046335,0,0
503482,Min-jae Kim,24/25,2025,0,0.4386968799360342,0,0
75890,Kristoffer Nordfeldt,24/25,2025,0,0.43849206573253,0,0
388198,Nico Schlotterbeck,24/25,2025,0,0.4384404189808556,0,0
370789,Julian Ryerson,24/25,2025,0,0.4384172628086598,0,0
64303,Tomas Frystak,24/25,2025,0,0.4383235349741717,0,0
992569,Massimo Pessina,24/25,2025,0,0.43805746292490133,0,0
345095,Almoez Ali,24/25,2025,0,0.4379787701772921,0,0
1100501,Bozhidar Petrov,24/25,2025,0,0.4378998731620928,0,0
257814,Gregor Kobel,24/25,2025,0,0.43681856129816166,0,0
349599,Pervis Estupiñán,24/25,2025,1,0.4367094099705391,0,1
807418,Jude Arthurs,24/25,2025,0,0.4366279468369863,0,0
212847,Adam Webster,24/25,2025,0,0.43658240012069277,0,0
1287831,Giannis Spandonidis,24/25,2025,0,0.4352899346790055,0,0
249565,Youri Tielemans,24/25,2025,0,0.43525107349228676,0,0
17259,Manuel Neuer,24/25,2025,0,0.43524881008609545,0,0
167480,Nicola Pavan,24/25,2025,0,0.43502928875709074,0,0
331560,Takehiro Tomiyasu,24/25,2025,1,0.43494733118830814,0,1
413403,Ezri Konsa,24/25,2025,0,0.43415547575536406,0,0
176182,Luca Maniero,24/25,2025,0,0.43399896373653946,0,0
193116,John McGinn,24/25,2025,0,0.433752250359235,0,0
890721,Myles Lewis-Skelly,24/25,2025,0,0.43336874646154483,0,0
331963,Filip Panák,24/25,2025,0,0.4328321428917719,0,0
255508,Iñaki Williams,24/25,2025,0,0.432472771123113,0,0
875153,Klevis Kasa,24/25,2025,0,0.43238297322489205,0,0
524000,Dani Vivian,24/25,2025,0,0.432301271435846,0,0
118050,Aleksandr Skshinetskiy,24/25,2025,0,0.43227368025541274,0,0
48015,Lukas Hradecky,24/25,2025,1,0.4319002571196883,0,1
797802,Nikita Sokolovskiy,24/25,2025,0,0.4318234277404384,0,0
107775,Frederik Rönnow,24/25,2025,0,0.4317518157079118,0,0
307511,Mirko Kos,24/25,2025,0,0.4314463564290859,0,0
61812,Yuri Berchiche,24/25,2025,0,0.43137608703286684,0,0
420243,Jurriën Timber,24/25,2025,0,0.4313159463665848,0,0
726717,Konstantinos Pomonis,24/25,2025,1,0.4311750686358734,0,1
336646,Akram Afif,24/25,2025,0,0.4306690626560203,0,0
648458,Emmanuel Sarpong,24/25,2025,0,0.4305878388573016,0,0
954016,Edoardo Scquizzato,24/25,2025,0,0.43056840296472454,0,0
1268641,Alesandro Nikolov,24/25,2025,0,0.4301834585700004,0,0
357662,Declan Rice,24/25,2025,0,0.42988850954478364,0,0
1152976,Eric Porstner,24/25,2025,1,0.4297718920273194,0,1
133731,Patrick Mainka,24/25,2025,0,0.429542528935542,0,0
111873,Emiliano Martínez,24/25,2025,0,0.4293014246948879,0,0
121483,Jan Oblak,24/25,2025,0,0.429039903305177,0,0
424204,Alphonso Davies,24/25,2025,0,0.42872649252309636,0,0
119296,Emre Can,24/25,2025,0,0.4284206146509258,0,0
921662,Charlie Tasker,24/25,2025,0,0.42839674914873294,0,0
222385,Karim Boudiaf,24/25,2025,0,0.4283123436774156,0,0
576314,Jan Paul van Hecke,24/25,2025,0,0.42818381664734506,0,0
997909,Tommaso Ravaglioli,24/25,2025,1,0.42782074213479454,0,1
867688,Jack Hinshelwood,24/25,2025,0,0.42780368464027,0,0
964471,Andrea Torriani,24/25,2025,0,0.42731409217946265,0,0
163606,Alessio Vita,24/25,2025,0,0.4265596111223843,0,0
187492,Julian Brandt,24/25,2025,0,0.4262049919536264,0,0
1172422,Filip Öhman,24/25,2025,0,0.42590320166373097,0,0
386505,James Brophy,24/25,2025,0,0.42590029284229014,0,0
1058394,Pietro Parmiggiani,24/25,2025,1,0.4258918404061765,0,1
280283,Raphael Silva,24/25,2025,1,0.4250496819981791,0,1
316264,Martin Ødegaard,24/25,2025,0,0.4250277525529921,0,0
997908,Mattia Arrigoni,24/25,2025,0,0.4245417151867338,0,0
196357,Jonathan Tah,24/25,2025,1,0.42431925744667703,0,1
903218,Gabriel Ramaj,24/25,2025,0,0.42410783844140715,0,0
161056,Joshua Kimmich,24/25,2025,0,0.4240567428790522,0,0
936755,Alberto Manzoni,24/25,2025,0,0.42203083550364706,0,0
564545,Edmond Tapsoba,24/25,2025,0,0.4220159558121172,0,0
435338,Gabriel Magalhães,24/25,2025,0,0.4210008917504671,0,0
265592,Mitch Pinnock,24/25,2025,1,0.4207483685514515,0,1
659570,Vladislav Solanovich,24/25,2025,0,0.42039281608509926,0,0
599331,Andrés Sánchez,24/25,2025,0,0.4203565391256823,0,0
731130,Nikita Patsenko,24/25,2025,0,0.4200669343587365,0,0
1048145,Andrea Bonanomi,24/25,2025,0,0.4195978746696557,0,0
1226502,Evan Mooney,24/25,2025,0,0.4194000026641347,0,0
1055079,Luca Lai,24/25,2025,0,0.41909029103208456,0,0
1055070,Luca Nesi,24/25,2025,0,0.4174763269210749,0,0
308989,Sergio González,24/25,2025,1,0.41717658355059484,0,1
659813,Piero Hincapié,24/25,2025,1,0.4153498417749664,0,1
686692,Gruff John,24/25,2025,1,0.4147566169828043,0,1
238722,Dominik Reimann,24/25,2025,0,0.4144407783537814,0,0
314398,Jae-sung Lee,24/25,2025,0,0.41441133254090784,0,0
202764,Mohamed El-Munir,24/25,2025,0,0.41372771664181845,0,0
936753,Pietro Comi,24/25,2025,0,0.4127524415941007,0,0
942091,Filippo Mencaraglia,24/25,2025,0,0.4114839062075493,0,0
288311,Ibrahim Blati Touré,24/25,2025,0,0.41015776015712446,0,0
201731,Lukas Wedl,24/25,2025,0,0.41001647275397013,0,0
246424,Elbis,24/25,2025,1,0.4092410469485959,0,1
1067168,Harry Howell,24/25,2025,0,0.4074595949372899,0,0
121267,Connor Roberts,24/25,2025,1,0.4070803292303066,0,1
1070979,Wael Mohya,24/25,2025,1,0.40230616337915615,0,1
55000,Unknown Player,24/25,2025,1,0.4016390308638204,0,1
546213,Tuta,24/25,2025,1,0.4015898666232547,0,1
748720,Unknown Player,24/25,2025,1,0.3984359516352063,0,1
1259900,Eyyüb Yasar,24/25,2025,0,0.3939173007193806,0,0
816502,Unknown Player,24/25,2025,1,0.3916466736889151,0,1
1178213,Federico Steffanoni,24/25,2025,0,0.3777834968833817,0,0
542458,Unknown Player,24/25,2025,1,0.3769864881807675,0,1
457235,Unknown Player,24/25,2025,0,0.3735380510406728,0,0
159883,Unknown Player,24/25,2025,0,0.37181782957444587,0,0
1131973,Jack Porter,24/25,2025,0,0.3695805098286708,0,0
441264,Unknown Player,24/25,2025,0,0.3685346632389326,0,0
215167,Unknown Player,24/25,2025,1,0.36406312704290544,0,1
226971,Unknown Player,24/25,2025,1,0.36234617280287773,0,1
577381,Unknown Player,24/25,2025,1,0.36232953642147847,0,1
240190,Unknown Player,24/25,2025,0,0.36109797639688096,0,0
393607,Unknown Player,24/25,2025,0,0.35908338519406463,0,0
696348,Unknown Player,24/25,2025,1,0.3558834984716569,0,1
615966,Unknown Player,24/25,2025,0,0.35505670399761385,0,0
346528,Unknown Player,24/25,2025,0,0.3547715580601649,0,0
496649,Unknown Player,24/25,2025,0,0.3498331772065701,0,0
284604,Unknown Player,24/25,2025,0,0.3388933127552752,0,0
593381,Unknown Player,24/25,2025,0,0.3267813784399884,0,0
1027446,Unknown Player,24/25,2025,0,0.29298476256419936,0,0
935517,Unknown Player,24/25,2025,0,0.2899393500179876,0,0
566879,Unknown Player,24/25,2025,0,0.2881206079636104,0,0
457442,Unknown Player,24/25,2025,0,0.28674016641753874,0,0
1048151,Unknown Player,24/25,2025,0,0.28645447289648746,0,0
507354,Unknown Player,24/25,2025,0,0.28570178249932604,0,0
1175145,Unknown Player,24/25,2025,0,0.2832735743503317,0,0
199736,Unknown Player,24/25,2025,0,0.2831114812942415,0,0
1279791,Unknown Player,24/25,2025,0,0.28256176984069437,0,0
1107973,Unknown Player,24/25,2025,0,0.2823658878975347,0,0
942414,Unknown Player,24/25,2025,0,0.28154962643347775,0,0
691476,Unknown Player,24/25,2025,0,0.2809574447659676,0,0
1043709,Unknown Player,24/25,2025,0,0.28084715597183246,0,0
599115,Unknown Player,24/25,2025,0,0.2799330662743434,0,0
708080,Unknown Player,24/25,2025,0,0.2797895111333729,0,0
223997,Unknown Player,24/25,2025,0,0.27955886149728626,0,0
895667,Unknown Player,24/25,2025,0,0.2794951712131259,0,0
376083,Unknown Player,24/25,2025,0,0.2794506851277712,0,0
457875,Unknown Player,24/25,2025,0,0.27856364658420474,0,0
163628,Unknown Player,24/25,2025,0,0.27851438059113987,0,0
1057582,Unknown Player,24/25,2025,0,0.27850578557122313,0,0
457778,Unknown Player,24/25,2025,0,0.27842274723130817,0,0
549384,Unknown Player,24/25,2025,0,0.2775660317008809,0,0
601166,Unknown Player,24/25,2025,0,0.2768040862779948,0,0
537143,Unknown Player,24/25,2025,0,0.2763756755005132,0,0
1214452,Unknown Player,24/25,2025,0,0.2759849037570028,0,0
631094,Unknown Player,24/25,2025,0,0.2753763365300525,0,0
808213,Unknown Player,24/25,2025,0,0.2752603135550261,0,0
145840,Unknown Player,24/25,2025,0,0.27515526589963357,0,0
241471,Unknown Player,24/25,2025,0,0.2750470122722102,0,0
1059299,Unknown Player,24/25,2025,0,0.2749308023872174,0,0
423608,Unknown Player,24/25,2025,0,0.2748981636867808,0,0
949275,Unknown Player,24/25,2025,0,0.27488634389063893,0,0
1090830,Unknown Player,24/25,2025,0,0.27488063571157245,0,0
512111,Unknown Player,24/25,2025,0,0.2748245960937832,0,0
116231,Unknown Player,24/25,2025,0,0.27470694060044815,0,0
1200586,Unknown Player,24/25,2025,0,0.27434165915786896,0,0
792548,Unknown Player,24/25,2025,0,0.27430819112876703,0,0
459374,Unknown Player,24/25,2025,0,0.27425842906099346,0,0
394844,Unknown Player,24/25,2025,0,0.2738736097095362,0,0
288716,Unknown Player,24/25,2025,0,0.2735225362352535,0,0
644159,Unknown Player,24/25,2025,0,0.27350515737838815,0,0
166661,Unknown Player,24/25,2025,0,0.2734012885344866,0,0
574806,Unknown Player,24/25,2025,0,0.2733310687552577,0,0
187364,Unknown Player,24/25,2025,0,0.2733294182358927,0,0
265132,Unknown Player,24/25,2025,0,0.27331090021765697,0,0
383165,Unknown Player,24/25,2025,0,0.2731720494889006,0,0
702326,Unknown Player,24/25,2025,0,0.2730760420928446,0,0
463178,Unknown Player,24/25,2025,0,0.27293112483235493,0,0
815583,Unknown Player,24/25,2025,0,0.2727456829001091,0,0
336931,Unknown Player,24/25,2025,0,0.27266183290962726,0,0
1082850,Unknown Player,24/25,2025,0,0.2726227529241171,0,0
446708,Unknown Player,24/25,2025,0,0.27256071723019865,0,0
872742,Unknown Player,24/25,2025,0,0.2720816284870716,0,0
1188666,Unknown Player,24/25,2025,0,0.27151190807374453,0,0
445037,Unknown Player,24/25,2025,0,0.2712641509729822,0,0
200615,Unknown Player,24/25,2025,0,0.27123787862925,0,0
1277787,Unknown Player,24/25,2025,0,0.2709404353730287,0,0
943636,Unknown Player,24/25,2025,0,0.27088191396650485,0,0
921203,Unknown Player,24/25,2025,0,0.27072859907054025,0,0
705159,Unknown Player,24/25,2025,0,0.2706343457097889,0,0
138144,Unknown Player,24/25,2025,0,0.27041386170065623,0,0
229003,Unknown Player,24/25,2025,0,0.27040258396232075,0,0
938105,Unknown Player,24/25,2025,0,0.2700365846098738,0,0
741501,Unknown Player,24/25,2025,0,0.27001762992807793,0,0
1064920,Unknown Player,24/25,2025,0,0.26979021445787615,0,0
998196,Unknown Player,24/25,2025,0,0.26973994979921484,0,0
1317650,Unknown Player,24/25,2025,0,0.2693045070954508,0,0
631093,Unknown Player,24/25,2025,0,0.2692987662051667,0,0
706797,Unknown Player,24/25,2025,0,0.2690580217292868,0,0
195720,Unknown Player,24/25,2025,0,0.26894372620031987,0,0
354666,Unknown Player,24/25,2025,0,0.26857191807721653,0,0
458816,Unknown Player,24/25,2025,0,0.2685208173149948,0,0
213988,Unknown Player,24/25,2025,0,0.2684621656257228,0,0
617928,Unknown Player,24/25,2025,0,0.26845862893525313,0,0
661150,Unknown Player,24/25,2025,0,0.2684331544914741,0,0
824312,Unknown Player,24/25,2025,0,0.26823796086141544,0,0
388121,Unknown Player,24/25,2025,0,0.2680093329530735,0,0
504969,Unknown Player,24/25,2025,0,0.2676981412566721,0,0
189231,Unknown Player,24/25,2025,0,0.26767825091055986,0,0
636712,Unknown Player,24/25,2025,0,0.2676424428009506,0,0
980242,Unknown Player,24/25,2025,0,0.26756630773344353,0,0
591957,Unknown Player,24/25,2025,0,0.2674571507910563,0,0
637013,Unknown Player,24/25,2025,0,0.26743170255829385,0,0
198104,Unknown Player,24/25,2025,0,0.2674093191047931,0,0
200195,Unknown Player,24/25,2025,0,0.26735806395517087,0,0
818544,Unknown Player,24/25,2025,0,0.2673463485668483,0,0
537599,Unknown Player,24/25,2025,0,0.2672619131622877,0,0
329668,Unknown Player,24/25,2025,0,0.26721292562922166,0,0
1337321,Unknown Player,24/25,2025,0,0.26718755500307373,0,0
638262,Unknown Player,24/25,2025,0,0.26715003572554286,0,0
824128,Unknown Player,24/25,2025,0,0.2671479310346791,0,0
666168,Unknown Player,24/25,2025,0,0.2671254774205789,0,0
803839,Unknown Player,24/25,2025,0,0.2668079342972664,0,0
636390,Unknown Player,24/25,2025,0,0.2665191263519286,0,0
531437,Unknown Player,24/25,2025,0,0.2664867160709759,0,0
543103,Unknown Player,24/25,2025,0,0.26641334225887986,0,0
703767,Unknown Player,24/25,2025,0,0.2663966999525215,0,0
630985,Unknown Player,24/25,2025,0,0.26630546633990276,0,0
963675,Unknown Player,24/25,2025,0,0.2662326873435466,0,0
678447,Unknown Player,24/25,2025,0,0.2661199609209696,0,0
1175538,Unknown Player,24/25,2025,0,0.26609999031312,0,0
412366,Unknown Player,24/25,2025,0,0.2660942756869979,0,0
552927,Unknown Player,24/25,2025,0,0.266043183057959,0,0
1104136,Unknown Player,24/25,2025,0,0.26564287028270545,0,0
354678,Unknown Player,24/25,2025,0,0.2655465689975142,0,0
1184913,Unknown Player,24/25,2025,0,0.265508977798888,0,0
200062,Unknown Player,24/25,2025,0,0.2654994028325421,0,0
325602,Unknown Player,24/25,2025,0,0.2654102351586968,0,0
1277195,Unknown Player,24/25,2025,0,0.2652340953584124,0,0
1182452,Unknown Player,24/25,2025,0,0.26522850230581163,0,0
1120251,Unknown Player,24/25,2025,0,0.2650722415334515,0,0
1196829,Unknown Player,24/25,2025,0,0.26503423832503503,0,0
1105972,Unknown Player,24/25,2025,0,0.2649422278329553,0,0
1166976,Unknown Player,24/25,2025,0,0.2648850281256091,0,0
761482,Unknown Player,24/25,2025,0,0.26481894898097835,0,0
163649,Unknown Player,24/25,2025,0,0.2647935465700632,0,0
459482,Unknown Player,24/25,2025,0,0.2647415629631303,0,0
435501,Unknown Player,24/25,2025,0,0.26472509409117273,0,0
377576,Unknown Player,24/25,2025,0,0.2647231944185568,0,0
724112,Unknown Player,24/25,2025,0,0.2646408420059288,0,0
537371,Unknown Player,24/25,2025,0,0.264417445285806,0,0
883214,Unknown Player,24/25,2025,0,0.2642973292694941,0,0
934796,Unknown Player,24/25,2025,0,0.26428652542499326,0,0
511025,Unknown Player,24/25,2025,0,0.2641253009366921,0,0
638582,Unknown Player,24/25,2025,0,0.26412521975803505,0,0
820285,Unknown Player,24/25,2025,0,0.2640899614447237,0,0
780941,Unknown Player,24/25,2025,0,0.2640287796633244,0,0
90681,Unknown Player,24/25,2025,0,0.263904071527416,0,0
796678,Unknown Player,24/25,2025,0,0.26386913311406585,0,0
1180701,Unknown Player,24/25,2025,0,0.26381926903151054,0,0
1175205,Unknown Player,24/25,2025,0,0.26380073864822223,0,0
635324,Unknown Player,24/25,2025,0,0.26363923964652386,0,0
1154305,Unknown Player,24/25,2025,0,0.26362173116333415,0,0
160350,Unknown Player,24/25,2025,0,0.26349986701842376,0,0
449443,Unknown Player,24/25,2025,0,0.263426328828328,0,0
226169,Unknown Player,24/25,2025,0,0.26334015666445404,0,0
149931,Unknown Player,24/25,2025,0,0.2633119016047956,0,0
992501,Unknown Player,24/25,2025,0,0.26310263850245763,0,0
135872,Unknown Player,24/25,2025,0,0.2629764297045435,0,0
1163778,Unknown Player,24/25,2025,0,0.26288843642824405,0,0
666588,Unknown Player,24/25,2025,0,0.26280482425038526,0,0
924800,Unknown Player,24/25,2025,0,0.26276227561794374,0,0
312208,Unknown Player,24/25,2025,0,0.2627601232428356,0,0
375320,Unknown Player,24/25,2025,0,0.262736458116799,0,0
815523,Unknown Player,24/25,2025,0,0.26261193727393206,0,0
321234,Unknown Player,24/25,2025,0,0.26257812310762946,0,0
812397,Unknown Player,24/25,2025,0,0.2625715111794005,0,0
202914,Unknown Player,24/25,2025,0,0.26253549337193915,0,0
945760,Unknown Player,24/25,2025,0,0.2624888706569743,0,0
711633,Unknown Player,24/25,2025,0,0.2624113481394166,0,0
431698,Unknown Player,24/25,2025,0,0.26240904901702655,0,0
635347,Unknown Player,24/25,2025,0,0.2623642530012719,0,0
796435,Unknown Player,24/25,2025,0,0.2623469238081827,0,0
664622,Unknown Player,24/25,2025,0,0.26233542890161915,0,0
849632,Unknown Player,24/25,2025,0,0.2622364773541494,0,0
1095546,Unknown Player,24/25,2025,0,0.2620770429512357,0,0
743597,Unknown Player,24/25,2025,0,0.26180994758846327,0,0
991773,Unknown Player,24/25,2025,0,0.2617902962013401,0,0
636120,Unknown Player,24/25,2025,0,0.2617362479321561,0,0
213911,Unknown Player,24/25,2025,0,0.26148686527299,0,0
942988,Unknown Player,24/25,2025,0,0.26147619577610226,0,0
1099555,Unknown Player,24/25,2025,0,0.26144148374876286,0,0
427576,Unknown Player,24/25,2025,0,0.261437002398095,0,0
93935,Unknown Player,24/25,2025,0,0.26131360157261035,0,0
948958,Unknown Player,24/25,2025,0,0.26129429780842633,0,0
702167,Unknown Player,24/25,2025,0,0.26115321720908574,0,0
617698,Unknown Player,24/25,2025,0,0.2611008086927175,0,0
458739,Unknown Player,24/25,2025,0,0.2609621868783764,0,0
336959,Unknown Player,24/25,2025,0,0.2609341734776497,0,0
580142,Unknown Player,24/25,2025,0,0.26075237896602776,0,0
370863,Unknown Player,24/25,2025,0,0.2606630352150362,0,0
1062847,Unknown Player,24/25,2025,0,0.26055348773428033,0,0
975138,Unknown Player,24/25,2025,0,0.26050917329927836,0,0
440312,Unknown Player,24/25,2025,0,0.2603205733510537,0,0
611498,Unknown Player,24/25,2025,0,0.26020322367583754,0,0
847283,Unknown Player,24/25,2025,0,0.26013510576650334,0,0
334341,Unknown Player,24/25,2025,0,0.2600996642531595,0,0
54217,Unknown Player,24/25,2025,0,0.2600586257546117,0,0
1136532,Unknown Player,24/25,2025,0,0.2599248453048496,0,0
185551,Unknown Player,24/25,2025,0,0.2599147251297808,0,0
24846,Unknown Player,24/25,2025,0,0.25981830965581637,0,0
1176544,Unknown Player,24/25,2025,0,0.2598034272896401,0,0
463339,Unknown Player,24/25,2025,0,0.2596948723500351,0,0
757905,Unknown Player,24/25,2025,0,0.2596721641471054,0,0
832821,Unknown Player,24/25,2025,0,0.25943962073630045,0,0
519651,Unknown Player,24/25,2025,0,0.2593970356527177,0,0
1105549,Unknown Player,24/25,2025,0,0.2593852507622945,0,0
987442,Unknown Player,24/25,2025,0,0.2593089496956278,0,0
545567,Unknown Player,24/25,2025,0,0.25928531422119,0,0
229012,Unknown Player,24/25,2025,0,0.25917250097903743,0,0
1110023,Unknown Player,24/25,2025,0,0.25915992006854854,0,0
979754,Unknown Player,24/25,2025,0,0.2591569188429494,0,0
1073288,Unknown Player,24/25,2025,0,0.25913299015724356,0,0
1380598,Unknown Player,24/25,2025,0,0.2590159919446695,0,0
576027,Unknown Player,24/25,2025,0,0.25894745522942164,0,0
297443,Unknown Player,24/25,2025,0,0.2589072745755583,0,0
373916,Unknown Player,24/25,2025,0,0.2588845019719848,0,0
636686,Unknown Player,24/25,2025,0,0.25881202383719465,0,0
56609,Unknown Player,24/25,2025,0,0.25875105258326064,0,0
595901,Unknown Player,24/25,2025,0,0.2587205318915116,0,0
646404,Unknown Player,24/25,2025,0,0.2586340512241606,0,0
693037,Unknown Player,24/25,2025,0,0.2585482411492991,0,0
197272,Unknown Player,24/25,2025,0,0.2584972672794162,0,0
1006411,Unknown Player,24/25,2025,0,0.25846042712897016,0,0
890421,Unknown Player,24/25,2025,0,0.25844189964587755,0,0
453508,Unknown Player,24/25,2025,0,0.25837014441276474,0,0
780136,Unknown Player,24/25,2025,0,0.2583679322176851,0,0
217145,Unknown Player,24/25,2025,0,0.25833266179741643,0,0
452477,Unknown Player,24/25,2025,0,0.25831354723281996,0,0
355630,Unknown Player,24/25,2025,0,0.2583089489750308,0,0
719672,Unknown Player,24/25,2025,0,0.25823070407947263,0,0
711381,Unknown Player,24/25,2025,0,0.25813902532643396,0,0
241380,Unknown Player,24/25,2025,0,0.25813415837571946,0,0
1187524,Unknown Player,24/25,2025,0,0.2581160214006269,0,0
874947,Unknown Player,24/25,2025,0,0.2580076336982986,0,0
399936,Unknown Player,24/25,2025,0,0.2579778775096181,0,0
20137,Unknown Player,24/25,2025,0,0.2579493373148807,0,0
1079186,Unknown Player,24/25,2025,0,0.2579350306919268,0,0
284321,Unknown Player,24/25,2025,0,0.2579312993982614,0,0
936571,Unknown Player,24/25,2025,0,0.2579182173572794,0,0
82011,Unknown Player,24/25,2025,0,0.25786437238517096,0,0
885179,Unknown Player,24/25,2025,0,0.25785718481349196,0,0
711383,Unknown Player,24/25,2025,0,0.25780861456618703,0,0
948278,Unknown Player,24/25,2025,0,0.25779461833090583,0,0
287710,Unknown Player,24/25,2025,0,0.25776922015400267,0,0
1068318,Unknown Player,24/25,2025,0,0.2576316350727117,0,0
1064116,Unknown Player,24/25,2025,0,0.25760171985823943,0,0
156575,Unknown Player,24/25,2025,0,0.2575864561947941,0,0
549313,Unknown Player,24/25,2025,0,0.257533335776763,0,0
617905,Unknown Player,24/25,2025,0,0.25748546184994514,0,0
347481,Unknown Player,24/25,2025,0,0.25748529097574796,0,0
595530,Unknown Player,24/25,2025,0,0.2574567046941898,0,0
967889,Unknown Player,24/25,2025,0,0.257443481854495,0,0
799418,Unknown Player,24/25,2025,0,0.25743436149921145,0,0
1178393,Unknown Player,24/25,2025,0,0.25739951308669384,0,0
738477,Unknown Player,24/25,2025,0,0.2573801038397458,0,0
1300301,Unknown Player,24/25,2025,0,0.2572828783010949,0,0
163243,Unknown Player,24/25,2025,0,0.25727854017731694,0,0
831992,Unknown Player,24/25,2025,0,0.257245311993668,0,0
547534,Unknown Player,24/25,2025,0,0.25702163681819096,0,0
883540,Unknown Player,24/25,2025,0,0.2569988485093014,0,0
719683,Unknown Player,24/25,2025,0,0.2569800916775971,0,0
649726,Unknown Player,24/25,2025,0,0.2569784664967478,0,0
745960,Unknown Player,24/25,2025,0,0.2569685021042865,0,0
571422,Unknown Player,24/25,2025,0,0.256952454775294,0,0
374089,Unknown Player,24/25,2025,0,0.2569080022022292,0,0
195762,Unknown Player,24/25,2025,0,0.25679011433177884,0,0
304042,Unknown Player,24/25,2025,0,0.256704658910645,0,0
533321,Unknown Player,24/25,2025,0,0.2567028350206914,0,0
597083,Unknown Player,24/25,2025,0,0.2567017893162891,0,0
692208,Unknown Player,24/25,2025,0,0.25667549448792215,0,0
821350,Unknown Player,24/25,2025,0,0.256669804743428,0,0
890368,Unknown Player,24/25,2025,0,0.25656504760579196,0,0
1042499,Unknown Player,24/25,2025,0,0.2563492986038752,0,0
143045,Unknown Player,24/25,2025,0,0.2563439328475421,0,0
858324,Unknown Player,24/25,2025,0,0.25632439204357943,0,0
370704,Unknown Player,24/25,2025,0,0.2562204256348652,0,0
200167,Unknown Player,24/25,2025,0,0.2561649897386605,0,0
841107,Unknown Player,24/25,2025,0,0.25613830092168627,0,0
197981,Unknown Player,24/25,2025,0,0.2560052849246552,0,0
103890,Unknown Player,24/25,2025,0,0.25596971892659587,0,0
709215,Unknown Player,24/25,2025,0,0.2559172900048117,0,0
314773,Unknown Player,24/25,2025,0,0.2559155563995193,0,0
56223,Unknown Player,24/25,2025,0,0.25587936240224696,0,0
939344,Unknown Player,24/25,2025,0,0.2558484121150848,0,0
1202991,Unknown Player,24/25,2025,0,0.25581810558437806,0,0
610889,Unknown Player,24/25,2025,0,0.2558074166667694,0,0
131101,Unknown Player,24/25,2025,0,0.25576189498980684,0,0
379711,Unknown Player,24/25,2025,0,0.25565996067506974,0,0
404268,Unknown Player,24/25,2025,0,0.25565695580312536,0,0
923121,Unknown Player,24/25,2025,0,0.2556126096417815,0,0
559335,Unknown Player,24/25,2025,0,0.255599244319549,0,0
392444,Unknown Player,24/25,2025,0,0.25554415142849574,0,0
1064471,Unknown Player,24/25,2025,0,0.25549763519165164,0,0
343153,Unknown Player,24/25,2025,0,0.2554655616824461,0,0
91241,Unknown Player,24/25,2025,0,0.2554276619106172,0,0
719987,Unknown Player,24/25,2025,0,0.255404044592162,0,0
271281,Unknown Player,24/25,2025,0,0.25537005831225584,0,0
692463,Unknown Player,24/25,2025,0,0.255370020413157,0,0
797734,Unknown Player,24/25,2025,0,0.25528291174584544,0,0
601405,Unknown Player,24/25,2025,0,0.2552668466030508,0,0
832992,Unknown Player,24/25,2025,0,0.2552032596331498,0,0
1003088,Unknown Player,24/25,2025,0,0.2551658690886988,0,0
1326685,Unknown Player,24/25,2025,0,0.2551422491763986,0,0
598098,Unknown Player,24/25,2025,0,0.25512469085661693,0,0
718177,Unknown Player,24/25,2025,0,0.2550810203867201,0,0
60551,Unknown Player,24/25,2025,0,0.25507922153487905,0,0
1068102,Unknown Player,24/25,2025,0,0.25499985939598435,0,0
895335,Unknown Player,24/25,2025,0,0.254874683547089,0,0
217357,Unknown Player,24/25,2025,0,0.25486894961821205,0,0
293194,Unknown Player,24/25,2025,0,0.2548650905460742,0,0
1004327,Unknown Player,24/25,2025,0,0.254862330024865,0,0
623036,Unknown Player,24/25,2025,0,0.2548391497433359,0,0
1176866,Unknown Player,24/25,2025,0,0.2548036023670662,0,0
730406,Unknown Player,24/25,2025,0,0.25469125373279544,0,0
860694,Unknown Player,24/25,2025,0,0.2546874279405398,0,0
1055221,Unknown Player,24/25,2025,0,0.2546278507824326,0,0
84766,Unknown Player,24/25,2025,0,0.2544969167273041,0,0
818880,Unknown Player,24/25,2025,0,0.25441940436856164,0,0
457675,Unknown Player,24/25,2025,0,0.2544191359722776,0,0
676266,Unknown Player,24/25,2025,0,0.25441727030172484,0,0
542336,Unknown Player,24/25,2025,0,0.2542574567070622,0,0
167904,Unknown Player,24/25,2025,0,0.25421263717355086,0,0
912525,Unknown Player,24/25,2025,0,0.25414332892010355,0,0
1147403,Unknown Player,24/25,2025,0,0.25411897860543753,0,0
1202384,Unknown Player,24/25,2025,0,0.2540936812055708,0,0
1130743,Unknown Player,24/25,2025,0,0.2540872993102858,0,0
107444,Unknown Player,24/25,2025,0,0.25406465962092833,0,0
321071,Unknown Player,24/25,2025,0,0.2540581334230219,0,0
333923,Unknown Player,24/25,2025,0,0.2540536847507965,0,0
819369,Unknown Player,24/25,2025,0,0.2539924024548592,0,0
679050,Unknown Player,24/25,2025,0,0.2539411157295054,0,0
1176433,Unknown Player,24/25,2025,0,0.25393889384717505,0,0
438682,Unknown Player,24/25,2025,0,0.2539063388036284,0,0
163264,Unknown Player,24/25,2025,0,0.25381538802981773,0,0
197751,Unknown Player,24/25,2025,0,0.2537507876954207,0,0
1087052,Unknown Player,24/25,2025,0,0.2537122041133029,0,0
176412,Unknown Player,24/25,2025,0,0.25369220695762673,0,0
550492,Unknown Player,24/25,2025,0,0.25368380867636875,0,0
165007,Unknown Player,24/25,2025,0,0.2536264843736458,0,0
1084065,Unknown Player,24/25,2025,0,0.2535342045522686,0,0
418218,Unknown Player,24/25,2025,0,0.25353369306299545,0,0
941155,Unknown Player,24/25,2025,0,0.25353086667311237,0,0
384789,Unknown Player,24/25,2025,0,0.253468467048338,0,0
727081,Unknown Player,24/25,2025,0,0.253444410101295,0,0
1064391,Unknown Player,24/25,2025,0,0.2533773891582131,0,0
818422,Unknown Player,24/25,2025,0,0.2533015691539603,0,0
926530,Unknown Player,24/25,2025,0,0.2532829656854007,0,0
508780,Unknown Player,24/25,2025,0,0.25320745966823605,0,0
698536,Unknown Player,24/25,2025,0,0.25309655840903794,0,0
355444,Unknown Player,24/25,2025,0,0.25308935065157184,0,0
672836,Unknown Player,24/25,2025,0,0.2530193777405266,0,0
981399,Unknown Player,24/25,2025,0,0.2530147461976812,0,0
335740,Unknown Player,24/25,2025,0,0.25298192739722875,0,0
593357,Unknown Player,24/25,2025,0,0.2529789815135713,0,0
505548,Unknown Player,24/25,2025,0,0.252940587801317,0,0
314297,Unknown Player,24/25,2025,0,0.2528346269651248,0,0
348768,Unknown Player,24/25,2025,0,0.2528319394724748,0,0
940220,Unknown Player,24/25,2025,0,0.2528148260293762,0,0
967813,Unknown Player,24/25,2025,0,0.25280462006381904,0,0
1105529,Unknown Player,24/25,2025,0,0.2528022169092412,0,0
632904,Unknown Player,24/25,2025,0,0.2527928956960931,0,0
635904,Unknown Player,24/25,2025,0,0.25275642216365396,0,0
138295,Unknown Player,24/25,2025,0,0.252751520423019,0,0
839807,Unknown Player,24/25,2025,0,0.2526619133660698,0,0
652698,Unknown Player,24/25,2025,0,0.2525944884489408,0,0
912468,Unknown Player,24/25,2025,0,0.2525748196007532,0,0
520947,Unknown Player,24/25,2025,0,0.2525738762701595,0,0
1027253,Unknown Player,24/25,2025,0,0.2525708986800121,0,0
623040,Unknown Player,24/25,2025,0,0.2525423829655042,0,0
353479,Unknown Player,24/25,2025,0,0.2524765152159183,0,0
253341,Unknown Player,24/25,2025,0,0.2524080098280525,0,0
567102,Unknown Player,24/25,2025,0,0.2523946355452938,0,0
110822,Unknown Player,24/25,2025,0,0.2523910834243323,0,0
1187470,Unknown Player,24/25,2025,0,0.25236759144805193,0,0
79510,Unknown Player,24/25,2025,0,0.25235182188231753,0,0
224044,Unknown Player,24/25,2025,0,0.2523224365320922,0,0
823762,Unknown Player,24/25,2025,0,0.2522729134037697,0,0
487346,Unknown Player,24/25,2025,0,0.2522602781656168,0,0
895591,Unknown Player,24/25,2025,0,0.2522187116065812,0,0
738492,Unknown Player,24/25,2025,0,0.25215437808110525,0,0
303766,Unknown Player,24/25,2025,0,0.25213887172445226,0,0
213975,Unknown Player,24/25,2025,0,0.25210110505617805,0,0
1205311,Unknown Player,24/25,2025,0,0.25206719577818676,0,0
515112,Unknown Player,24/25,2025,1,0.2520355917417143,0,1
1291073,Unknown Player,24/25,2025,0,0.2519647349532042,0,0
163053,Unknown Player,24/25,2025,0,0.25193781785151526,0,0
1047101,Unknown Player,24/25,2025,0,0.2519073889216062,0,0
11111,Unknown Player,24/25,2025,0,0.25181733078773866,0,0
558269,Unknown Player,24/25,2025,0,0.2517979015509264,0,0
599675,Unknown Player,24/25,2025,0,0.25179119790899435,0,0
568148,Unknown Player,24/25,2025,0,0.25176803816807414,0,0
471692,Unknown Player,24/25,2025,0,0.25173700600261983,0,0
889540,Unknown Player,24/25,2025,0,0.2517048106623357,0,0
795437,Unknown Player,24/25,2025,0,0.25166910008634585,0,0
945709,Unknown Player,24/25,2025,0,0.2516385182703265,0,0
972367,Unknown Player,24/25,2025,0,0.2516240824411602,0,0
676411,Unknown Player,24/25,2025,0,0.2515973577543147,0,0
259464,Unknown Player,24/25,2025,0,0.251566059254179,0,0
1175284,Unknown Player,24/25,2025,0,0.25154978672649064,0,0
461937,Unknown Player,24/25,2025,0,0.251335642105326,0,0
928051,Unknown Player,24/25,2025,0,0.25129376020106725,0,0
285322,Unknown Player,24/25,2025,0,0.2512334730912653,0,0
528892,Unknown Player,24/25,2025,0,0.2511953663359493,0,0
924790,Unknown Player,24/25,2025,0,0.251144720459399,0,0
808428,Unknown Player,24/25,2025,0,0.25111710318463476,0,0
534082,Unknown Player,24/25,2025,0,0.25108475474141206,0,0
589911,Unknown Player,24/25,2025,0,0.2510612392811103,0,0
1233680,Unknown Player,24/25,2025,0,0.25102191725817247,0,0
148372,Unknown Player,24/25,2025,0,0.25096848365872426,0,0
358874,Unknown Player,24/25,2025,0,0.25092229758995643,0,0
284306,Unknown Player,24/25,2025,0,0.2508411981257412,0,0
1040077,Unknown Player,24/25,2025,0,0.2506397336127959,0,0
416699,Unknown Player,24/25,2025,0,0.2505940865950513,0,0
943893,Unknown Player,24/25,2025,0,0.25055343102700944,0,0
568157,Unknown Player,24/25,2025,0,0.2505335960915576,0,0
796307,Unknown Player,24/25,2025,0,0.2505172691899632,0,0
821522,Unknown Player,24/25,2025,0,0.25049795467171604,0,0
240252,Unknown Player,24/25,2025,0,0.2504832103326351,0,0
199767,Unknown Player,24/25,2025,0,0.2504625798073803,0,0
208077,Unknown Player,24/25,2025,0,0.2504141330012686,0,0
503684,Unknown Player,24/25,2025,0,0.2504010257018621,0,0
928032,Unknown Player,24/25,2025,0,0.2502818826923034,0,0
1020544,Unknown Player,24/25,2025,0,0.25023584095507573,0,0
1084447,Unknown Player,24/25,2025,0,0.2502270893866259,0,0
279144,Unknown Player,24/25,2025,0,0.25021321573804817,0,0
287752,Unknown Player,24/25,2025,0,0.2501435280832628,0,0
718547,Unknown Player,24/25,2025,0,0.25004993034379264,0,0
1225835,Unknown Player,24/25,2025,0,0.2499708052945582,0,0
963786,Unknown Player,24/25,2025,0,0.2499370777906969,0,0
547248,Unknown Player,24/25,2025,0,0.24993585810665958,0,0
646672,Unknown Player,24/25,2025,0,0.2499059521387757,0,0
389804,Unknown Player,24/25,2025,0,0.24987914822880367,0,0
818546,Unknown Player,24/25,2025,0,0.24985352780996134,0,0
1060893,Unknown Player,24/25,2025,0,0.2498422140624262,0,0
1369810,Unknown Player,24/25,2025,0,0.24961948425133154,0,0
815529,Unknown Player,24/25,2025,0,0.2494514027580161,0,0
629005,Unknown Player,24/25,2025,0,0.24945099092012904,0,0
1048199,Unknown Player,24/25,2025,0,0.24944584824207613,0,0
287651,Unknown Player,24/25,2025,0,0.24941803042838004,0,0
343599,Unknown Player,24/25,2025,0,0.2494158048321095,0,0
536506,Unknown Player,24/25,2025,0,0.24940111075953672,0,0
113130,Unknown Player,24/25,2025,0,0.2493948867950545,0,0
613533,Unknown Player,24/25,2025,0,0.2493482121128432,0,0
277972,Unknown Player,24/25,2025,0,0.24932742290879054,0,0
443778,Unknown Player,24/25,2025,0,0.24927306267152208,0,0
22686,Unknown Player,24/25,2025,0,0.24919806379201376,0,0
217576,Unknown Player,24/25,2025,0,0.2491915190573637,0,0
643707,Unknown Player,24/25,2025,0,0.24915249691233887,0,0
594227,Unknown Player,24/25,2025,0,0.24911065558833664,0,0
369267,Unknown Player,24/25,2025,0,0.24909058097772496,0,0
638666,Unknown Player,24/25,2025,0,0.24905671481647806,0,0
102427,Unknown Player,24/25,2025,0,0.2489975812083306,0,0
433358,Unknown Player,24/25,2025,0,0.24896318409338772,0,0
613449,Unknown Player,24/25,2025,0,0.2489393003651892,0,0
324806,Unknown Player,24/25,2025,0,0.24887666548069384,0,0
811779,Unknown Player,24/25,2025,0,0.24885057592036322,0,0
534166,Unknown Player,24/25,2025,0,0.24880937479961313,0,0
199896,Unknown Player,24/25,2025,0,0.2487598708434608,0,0
183383,Unknown Player,24/25,2025,0,0.24868047771852267,0,0
175445,Unknown Player,24/25,2025,0,0.24865950909915188,0,0
1040079,Unknown Player,24/25,2025,0,0.24865901950196143,0,0
230826,Unknown Player,24/25,2025,0,0.2486541070455478,0,0
959241,Unknown Player,24/25,2025,0,0.24852490369083322,0,0
1127243,Unknown Player,24/25,2025,0,0.248520960632317,0,0
628308,Unknown Player,24/25,2025,0,0.2484618181995396,0,0
457448,Unknown Player,24/25,2025,0,0.24845402820976706,0,0
986733,Unknown Player,24/25,2025,0,0.24838468308829065,0,0
46552,Unknown Player,24/25,2025,0,0.24836941612398117,0,0
1038851,Unknown Player,24/25,2025,0,0.24831726888509006,0,0
892932,Unknown Player,24/25,2025,0,0.24827831520402158,0,0
299189,Unknown Player,24/25,2025,0,0.2482541497703456,0,0
604616,Unknown Player,24/25,2025,0,0.24825247686415214,0,0
706332,Unknown Player,24/25,2025,0,0.24824266152242613,0,0
878102,Unknown Player,24/25,2025,0,0.24816508465281056,0,0
113797,Unknown Player,24/25,2025,0,0.2481198994449668,0,0
599593,Unknown Player,24/25,2025,0,0.2480565996010065,0,0
363466,Unknown Player,24/25,2025,0,0.24803692988571843,0,0
544148,Unknown Player,24/25,2025,0,0.2480183453010165,0,0
396106,Unknown Player,24/25,2025,0,0.24800782109987068,0,0
525576,Unknown Player,24/25,2025,0,0.2479739372963214,0,0
677382,Unknown Player,24/25,2025,0,0.24795376902014127,0,0
345083,Unknown Player,24/25,2025,0,0.2479499962808349,0,0
991458,Unknown Player,24/25,2025,0,0.24794272483001364,0,0
263856,Unknown Player,24/25,2025,0,0.24787101672224915,0,0
205503,Unknown Player,24/25,2025,0,0.2477398247259181,0,0
508941,Unknown Player,24/25,2025,0,0.24773464455726285,0,0
1060962,Unknown Player,24/25,2025,0,0.24773428315425827,0,0
405682,Unknown Player,24/25,2025,0,0.24769368328495042,0,0
168959,Unknown Player,24/25,2025,0,0.2476647865408648,0,0
1047098,Unknown Player,24/25,2025,0,0.24762002639582234,0,0
277381,Unknown Player,24/25,2025,0,0.24758628631408855,0,0
860078,Unknown Player,24/25,2025,0,0.24758396110363137,0,0
990202,Unknown Player,24/25,2025,0,0.24755254443648694,0,0
930756,Unknown Player,24/25,2025,0,0.24754735235206307,0,0
1087262,Unknown Player,24/25,2025,0,0.24754453658287312,0,0
167874,Unknown Player,24/25,2025,0,0.24745465854459212,0,0
126161,Unknown Player,24/25,2025,1,0.24742168587064176,0,1
221624,Unknown Player,24/25,2025,0,0.24741602725147488,0,0
700078,Unknown Player,24/25,2025,0,0.24738525690373886,0,0
325896,Unknown Player,24/25,2025,0,0.24736401511872974,0,0
678371,Unknown Player,24/25,2025,0,0.24732780662850493,0,0
470607,Unknown Player,24/25,2025,0,0.24724245688477864,0,0
539631,Unknown Player,24/25,2025,0,0.24723513877180972,0,0
536081,Unknown Player,24/25,2025,0,0.24722017796177512,0,0
302371,Unknown Player,24/25,2025,0,0.2472034577428445,0,0
358738,Unknown Player,24/25,2025,0,0.24719860230296,0,0
422052,Unknown Player,24/25,2025,0,0.24715277283981768,0,0
720532,Unknown Player,24/25,2025,0,0.24714676245374936,0,0
349715,Unknown Player,24/25,2025,0,0.24713433448568936,0,0
402580,Unknown Player,24/25,2025,0,0.2471276970626127,0,0
393487,Unknown Player,24/25,2025,0,0.24710322328409673,0,0
212391,Unknown Player,24/25,2025,0,0.24708336461430028,0,0
346562,Unknown Player,24/25,2025,0,0.2469632002673772,0,0
146618,Unknown Player,24/25,2025,0,0.2469291505043915,0,0
431190,Unknown Player,24/25,2025,0,0.2469070952106482,0,0
581326,Unknown Player,24/25,2025,0,0.24689266639388316,0,0
535469,Unknown Player,24/25,2025,0,0.2468874690296141,0,0
426084,Unknown Player,24/25,2025,0,0.24688572765299027,0,0
391237,Unknown Player,24/25,2025,0,0.24688480666757548,0,0
1299566,Unknown Player,24/25,2025,0,0.24684746390353132,0,0
939374,Unknown Player,24/25,2025,0,0.2468199763795126,0,0
579089,Unknown Player,24/25,2025,0,0.24680513443020108,0,0
195456,Unknown Player,24/25,2025,0,0.2467371637984697,0,0
741267,Unknown Player,24/25,2025,0,0.24670796219191266,0,0
670717,Unknown Player,24/25,2025,0,0.24669007402982998,0,0
708099,Unknown Player,24/25,2025,0,0.24668034089341806,0,0
160560,Unknown Player,24/25,2025,0,0.2466795437915665,0,0
187673,Unknown Player,24/25,2025,0,0.24660314825119536,0,0
659331,Unknown Player,24/25,2025,0,0.24659329132001745,0,0
581701,Unknown Player,24/25,2025,0,0.24657941214806145,0,0
677958,Unknown Player,24/25,2025,0,0.24652959148609085,0,0
899819,Unknown Player,24/25,2025,0,0.24646519485166868,0,0
169368,Unknown Player,24/25,2025,0,0.24632705845003253,0,0
897651,Unknown Player,24/25,2025,0,0.2463268931698207,0,0
1079183,Unknown Player,24/25,2025,0,0.2463111170328746,0,0
463790,Unknown Player,24/25,2025,0,0.24619578425818897,0,0
465606,Unknown Player,24/25,2025,0,0.24613872511031692,0,0
890232,Unknown Player,24/25,2025,0,0.2461341489833641,0,0
282724,Unknown Player,24/25,2025,0,0.24601046107137284,0,0
724881,Unknown Player,24/25,2025,0,0.2459962638561411,0,0
175828,Unknown Player,24/25,2025,0,0.2459570787205951,0,0
185401,Unknown Player,24/25,2025,0,0.24594235576136778,0,0
824052,Unknown Player,24/25,2025,0,0.24594149239253293,0,0
650224,Unknown Player,24/25,2025,0,0.2457950378725215,0,0
886909,Unknown Player,24/25,2025,0,0.24578009967930764,0,0
379743,Unknown Player,24/25,2025,0,0.2457107017045206,0,0
823992,Unknown Player,24/25,2025,0,0.24567770455487586,0,0
818237,Unknown Player,24/25,2025,0,0.24566531403385938,0,0
595273,Unknown Player,24/25,2025,0,0.24559227015988527,0,0
866241,Unknown Player,24/25,2025,0,0.24555121036274105,0,0
499604,Unknown Player,24/25,2025,0,0.24549412631748338,0,0
628451,Unknown Player,24/25,2025,0,0.2454599787807833,0,0
266795,Unknown Player,24/25,2025,0,0.24538183042493927,0,0
854537,Unknown Player,24/25,2025,0,0.24530047920747752,0,0
559172,Unknown Player,24/25,2025,0,0.2451027626792108,0,0
237204,Unknown Player,24/25,2025,0,0.24510164035048496,0,0
937543,Unknown Player,24/25,2025,0,0.24503763681160506,0,0
125561,Unknown Player,24/25,2025,0,0.24502821684618004,0,0
343213,Unknown Player,24/25,2025,0,0.244984161688779,0,0
145553,Unknown Player,24/25,2025,0,0.24498348885892285,0,0
533354,Unknown Player,24/25,2025,0,0.24493285880637491,0,0
229817,Unknown Player,24/25,2025,0,0.24491825385241314,0,0
1013853,Unknown Player,24/25,2025,0,0.24486794542347018,0,0
222977,Unknown Player,24/25,2025,0,0.24484144729131002,0,0
1147623,Unknown Player,24/25,2025,0,0.24479629111625775,0,0
837269,Unknown Player,24/25,2025,0,0.244793305216558,0,0
443542,Unknown Player,24/25,2025,0,0.24463668926806334,0,0
439341,Unknown Player,24/25,2025,0,0.24460891383244052,0,0
378482,Unknown Player,24/25,2025,0,0.24460834725085448,0,0
496996,Unknown Player,24/25,2025,0,0.24458085266339694,0,0
743600,Unknown Player,24/25,2025,0,0.24457496032885578,0,0
87854,Unknown Player,24/25,2025,0,0.24455980799244006,0,0
1061035,Unknown Player,24/25,2025,0,0.2445468036403157,0,0
838771,Unknown Player,24/25,2025,0,0.24453213157172024,0,0
923838,Unknown Player,24/25,2025,0,0.2445052996288429,0,0
580560,Unknown Player,24/25,2025,0,0.24450516265161687,0,0
418144,Unknown Player,24/25,2025,0,0.24448832144265603,0,0
375044,Unknown Player,24/25,2025,0,0.24443445890331356,0,0
746974,Unknown Player,24/25,2025,0,0.2443342451116232,0,0
747258,Unknown Player,24/25,2025,0,0.24429981704894335,0,0
599231,Unknown Player,24/25,2025,0,0.24423923706780054,0,0
724068,Unknown Player,24/25,2025,0,0.24417313604627688,0,0
548671,Unknown Player,24/25,2025,0,0.24415711890027686,0,0
347138,Unknown Player,24/25,2025,0,0.24413971797371672,0,0
421871,Unknown Player,24/25,2025,0,0.24413237820330488,0,0
487465,Unknown Player,24/25,2025,0,0.2441282032625746,0,0
669219,Unknown Player,24/25,2025,0,0.24411521958100224,0,0
566965,Unknown Player,24/25,2025,0,0.2440600488998291,0,0
287663,Unknown Player,24/25,2025,0,0.24400155067076976,0,0
817330,Unknown Player,24/25,2025,0,0.2439045499118692,0,0
587606,Unknown Player,24/25,2025,0,0.24389619609455707,0,0
912443,Unknown Player,24/25,2025,0,0.24387641181221875,0,0
657479,Unknown Player,24/25,2025,0,0.24384917797233546,0,0
183198,Unknown Player,24/25,2025,0,0.24383092553922167,0,0
1120173,Unknown Player,24/25,2025,0,0.2437739503713962,0,0
1054931,Unknown Player,24/25,2025,0,0.2437202056829822,0,0
195628,Unknown Player,24/25,2025,0,0.24371846968844552,0,0
94037,Unknown Player,24/25,2025,0,0.24360850946596174,0,0
134883,Unknown Player,24/25,2025,0,0.2435839109642695,0,0
175323,Unknown Player,24/25,2025,0,0.24354614385468323,0,0
1048452,Unknown Player,24/25,2025,0,0.24350655454546474,0,0
293002,Unknown Player,24/25,2025,0,0.2435050054389239,0,0
565911,Unknown Player,24/25,2025,0,0.24342751235475638,0,0
374418,Unknown Player,24/25,2025,0,0.24342232417427084,0,0
620696,Unknown Player,24/25,2025,0,0.24338477468916228,0,0
723010,Unknown Player,24/25,2025,0,0.24327322354797024,0,0
30677,Unknown Player,24/25,2025,0,0.24319169779792754,0,0
191745,Unknown Player,24/25,2025,0,0.243136983954374,0,0
717329,Unknown Player,24/25,2025,0,0.24313447343097408,0,0
335765,Unknown Player,24/25,2025,0,0.24308121212908262,0,0
612093,Unknown Player,24/25,2025,0,0.24305665907295199,0,0
633492,Unknown Player,24/25,2025,0,0.24301886748877682,0,0
175446,Unknown Player,24/25,2025,0,0.2430077316144084,0,0
300536,Unknown Player,24/25,2025,0,0.24294650725454536,0,0
180215,Unknown Player,24/25,2025,0,0.2429374946251233,0,0
809986,Unknown Player,24/25,2025,0,0.2429176249652022,0,0
568177,Unknown Player,24/25,2025,0,0.24290122001593262,0,0
277635,Unknown Player,24/25,2025,0,0.2428932747672705,0,0
550446,Unknown Player,24/25,2025,0,0.2428924251168253,0,0
1078795,Unknown Player,24/25,2025,0,0.242875148445857,0,0
1231993,Unknown Player,24/25,2025,0,0.2427183169366416,0,0
459102,Unknown Player,24/25,2025,0,0.2427079980776904,0,0
500689,Unknown Player,24/25,2025,0,0.242555307488295,0,0
816006,Unknown Player,24/25,2025,0,0.2425350076786665,0,0
423614,Unknown Player,24/25,2025,0,0.24250486335679564,0,0
400104,Unknown Player,24/25,2025,0,0.24249339555713514,0,0
303116,Unknown Player,24/25,2025,0,0.2424181712614656,0,0
1073654,Unknown Player,24/25,2025,0,0.24236224101701623,0,0
583920,Unknown Player,24/25,2025,0,0.24234598390730994,0,0
140559,Unknown Player,24/25,2025,0,0.24234082516315983,0,0
453704,Unknown Player,24/25,2025,0,0.24231683007656676,0,0
648195,Unknown Player,24/25,2025,0,0.24229915120979503,0,0
207561,Unknown Player,24/25,2025,0,0.24228604337296047,0,0
287230,Unknown Player,24/25,2025,0,0.24226094896725073,0,0
615917,Unknown Player,24/25,2025,0,0.24217220309987694,0,0
911923,Unknown Player,24/25,2025,0,0.24211426861533572,0,0
847279,Unknown Player,24/25,2025,0,0.24209232602889383,0,0
364711,Unknown Player,24/25,2025,0,0.24201924065175348,0,0
975729,Unknown Player,24/25,2025,0,0.24193752257126203,0,0
1197868,Unknown Player,24/25,2025,0,0.2418743546164898,0,0
521956,Unknown Player,24/25,2025,0,0.24187155079851147,0,0
626888,Unknown Player,24/25,2025,0,0.24184241287778221,0,0
429983,Unknown Player,24/25,2025,0,0.24182167903026935,0,0
1113634,Unknown Player,24/25,2025,0,0.24174872186751847,0,0
220496,Unknown Player,24/25,2025,0,0.2417485893720102,0,0
925105,Unknown Player,24/25,2025,0,0.2415667510463092,0,0
435778,Unknown Player,24/25,2025,0,0.24150017624470882,0,0
335591,Unknown Player,24/25,2025,0,0.24146657698455182,0,0
333370,Unknown Player,24/25,2025,0,0.24146065769140274,0,0
458777,Unknown Player,24/25,2025,0,0.24144625752054732,0,0
183166,Unknown Player,24/25,2025,0,0.24140361782285705,0,0
340691,Unknown Player,24/25,2025,0,0.2413899993612616,0,0
199070,Unknown Player,24/25,2025,0,0.2413888575417079,0,0
993645,Unknown Player,24/25,2025,0,0.24138770684922145,0,0
1285176,Unknown Player,24/25,2025,0,0.24136984933812575,0,0
1296419,Unknown Player,24/25,2025,0,0.2413630013019222,0,0
1159786,Unknown Player,24/25,2025,0,0.2412981122423094,0,0
289433,Unknown Player,24/25,2025,0,0.24128432825467938,0,0
559320,Unknown Player,24/25,2025,0,0.24115254306216044,0,0
981713,Unknown Player,24/25,2025,0,0.241149919891608,0,0
226964,Unknown Player,24/25,2025,0,0.24106220467129694,0,0
70627,Unknown Player,24/25,2025,0,0.24105991737174043,0,0
713479,Unknown Player,24/25,2025,0,0.241014221663817,0,0
89733,Unknown Player,24/25,2025,0,0.24099174675748122,0,0
812996,Unknown Player,24/25,2025,0,0.24097130642705583,0,0
511545,Unknown Player,24/25,2025,0,0.24094974841132763,0,0
496644,Unknown Player,24/25,2025,0,0.24089509062314274,0,0
85383,Unknown Player,24/25,2025,0,0.2408216291079541,0,0
458187,Unknown Player,24/25,2025,0,0.2407291321956141,0,0
537232,Unknown Player,24/25,2025,0,0.24071164468837453,0,0
988979,Unknown Player,24/25,2025,0,0.24064647082024057,0,0
168088,Unknown Player,24/25,2025,0,0.24053750281140845,0,0
910905,Unknown Player,24/25,2025,0,0.24050312819436134,0,0
1077728,Unknown Player,24/25,2025,0,0.2403965111875307,0,0
728861,Unknown Player,24/25,2025,0,0.24034504629942083,0,0
547041,Unknown Player,24/25,2025,0,0.24032278392168044,0,0
1058396,Unknown Player,24/25,2025,0,0.24029470069710943,0,0
463603,Unknown Player,24/25,2025,0,0.24027942917993747,0,0
166315,Unknown Player,24/25,2025,0,0.24025849449374648,0,0
285913,Unknown Player,24/25,2025,0,0.24020290139785952,0,0
911810,Unknown Player,24/25,2025,0,0.24016450952668256,0,0
98512,Unknown Player,24/25,2025,0,0.24007342068862067,0,0
499758,Unknown Player,24/25,2025,0,0.24004348321365104,0,0
998205,Unknown Player,24/25,2025,0,0.24003100021334434,0,0
104564,Unknown Player,24/25,2025,0,0.2399570252822709,0,0
475949,Unknown Player,24/25,2025,0,0.23994717919567957,0,0
663939,Unknown Player,24/25,2025,0,0.23989203887161964,0,0
197791,Unknown Player,24/25,2025,0,0.23981111203864552,0,0
389841,Unknown Player,24/25,2025,0,0.23974475570513376,0,0
778540,Unknown Player,24/25,2025,0,0.23972476177281649,0,0
403151,Unknown Player,24/25,2025,0,0.23953949078953396,0,0
107612,Unknown Player,24/25,2025,0,0.23946406468098716,0,0
451677,Unknown Player,24/25,2025,0,0.23943709676276276,0,0
617632,Unknown Player,24/25,2025,0,0.23943035083936565,0,0
205436,Unknown Player,24/25,2025,0,0.2394118540425897,0,0
156566,Unknown Player,24/25,2025,0,0.239385845143288,0,0
524008,Unknown Player,24/25,2025,0,0.23934353227012314,0,0
862989,Unknown Player,24/25,2025,0,0.23931272998273642,0,0
297370,Unknown Player,24/25,2025,0,0.23904025818039168,0,0
579280,Unknown Player,24/25,2025,0,0.23904025818039168,0,0
908229,Unknown Player,24/25,2025,0,0.23903249181904074,0,0
785353,Unknown Player,24/25,2025,0,0.23879967006868186,0,0
717957,Unknown Player,24/25,2025,0,0.2387723315505994,0,0
386574,Unknown Player,24/25,2025,0,0.2385786783588199,0,0
104688,Unknown Player,24/25,2025,0,0.2385775350378805,0,0
340870,Unknown Player,24/25,2025,0,0.23856326021607022,0,0
567465,Unknown Player,24/25,2025,0,0.23849763610453342,0,0
1055346,Unknown Player,24/25,2025,0,0.23845995034319808,0,0
422929,Unknown Player,24/25,2025,0,0.23838267294457097,0,0
265471,Unknown Player,24/25,2025,0,0.23830609401912853,0,0
106676,Unknown Player,24/25,2025,0,0.2382866418257925,0,0
820999,Unknown Player,24/25,2025,0,0.23828656508534607,0,0
63596,Unknown Player,24/25,2025,0,0.23828156069117176,0,0
249102,Unknown Player,24/25,2025,0,0.2382618386571581,0,0
58088,Unknown Player,24/25,2025,0,0.23822438692624606,0,0
745728,Unknown Player,24/25,2025,0,0.23817627523900362,0,0
443989,Unknown Player,24/25,2025,0,0.23812253416969179,0,0
1208182,Unknown Player,24/25,2025,0,0.23808651647836257,0,0
399990,Unknown Player,24/25,2025,0,0.23803001383612984,0,0
539677,Unknown Player,24/25,2025,0,0.23788153874287696,0,0
747267,Unknown Player,24/25,2025,0,0.2378583226978804,0,0
289117,Unknown Player,24/25,2025,0,0.23784893106973362,0,0
646353,Unknown Player,24/25,2025,0,0.23783133946825893,0,0
349712,Unknown Player,24/25,2025,0,0.23778254622281508,0,0
1004708,Unknown Player,24/25,2025,0,0.2377681385528614,0,0
237125,Unknown Player,24/25,2025,0,0.23768234136940658,0,0
560725,Unknown Player,24/25,2025,0,0.23760018376284103,0,0
988977,Unknown Player,24/25,2025,0,0.2375833007282275,0,0
104555,Unknown Player,24/25,2025,0,0.2375785403173286,0,0
745178,Unknown Player,24/25,2025,0,0.23755372420764792,0,0
85370,Unknown Player,24/25,2025,0,0.23748919419889447,0,0
215902,Unknown Player,24/25,2025,0,0.23736187680228718,0,0
334705,Unknown Player,24/25,2025,0,0.23727891603803233,0,0
542456,Unknown Player,24/25,2025,0,0.23720582029827658,0,0
236168,Unknown Player,24/25,2025,0,0.2370880512489923,0,0
1185046,Unknown Player,24/25,2025,0,0.23707058899411038,0,0
967319,Unknown Player,24/25,2025,0,0.23703632352896004,0,0
137576,Unknown Player,24/25,2025,0,0.23695968018123603,0,0
199583,Unknown Player,24/25,2025,0,0.2369300383654562,0,0
258878,Unknown Player,24/25,2025,0,0.23692579748664125,0,0
395805,Unknown Player,24/25,2025,0,0.23685141038682833,0,0
845563,Unknown Player,24/25,2025,0,0.23682310636609383,0,0
646699,Unknown Player,24/25,2025,0,0.23682266531943408,0,0
385084,Unknown Player,24/25,2025,0,0.2367881741953743,0,0
527211,Unknown Player,24/25,2025,0,0.23675505284060416,0,0
457528,Unknown Player,24/25,2025,0,0.23674088425405423,0,0
220491,Unknown Player,24/25,2025,0,0.23668265191816293,0,0
699783,Unknown Player,24/25,2025,0,0.23651543169702413,0,0
125786,Unknown Player,24/25,2025,0,0.23644130363936222,0,0
533568,Unknown Player,24/25,2025,0,0.2363416434810417,0,0
280978,Unknown Player,24/25,2025,0,0.23627866672626618,0,0
743381,Unknown Player,24/25,2025,0,0.23614176903406894,0,0
543387,Unknown Player,24/25,2025,0,0.23608552211118025,0,0
631221,Unknown Player,24/25,2025,0,0.23598582179274716,0,0
237100,Unknown Player,24/25,2025,0,0.23595223709190558,0,0
303477,Unknown Player,24/25,2025,0,0.23594562447805079,0,0
278092,Unknown Player,24/25,2025,0,0.23569135209356631,0,0
908760,Unknown Player,24/25,2025,0,0.23566835050529855,0,0
76163,Unknown Player,24/25,2025,0,0.23566625531651827,0,0
397115,Unknown Player,24/25,2025,0,0.23553763927009258,0,0
403692,Unknown Player,24/25,2025,0,0.23549544362279562,0,0
372802,Unknown Player,24/25,2025,0,0.2354159513483056,0,0
908768,Unknown Player,24/25,2025,0,0.23540051429722178,0,0
227618,Unknown Player,24/25,2025,0,0.23535602941440553,0,0
250543,Unknown Player,24/25,2025,0,0.235175753772394,0,0
664581,Unknown Player,24/25,2025,0,0.23516455753950738,0,0
764859,Unknown Player,24/25,2025,0,0.23509044031839038,0,0
617408,Unknown Player,24/25,2025,0,0.2350372916935467,0,0
456111,Unknown Player,24/25,2025,0,0.23499802050740892,0,0
72121,Unknown Player,24/25,2025,0,0.2349417448217406,0,0
388171,Unknown Player,24/25,2025,0,0.2349413939499702,0,0
342195,Unknown Player,24/25,2025,0,0.23488324803758318,0,0
358250,Unknown Player,24/25,2025,0,0.23478637996849447,0,0
279473,Unknown Player,24/25,2025,0,0.23475439462631054,0,0
617074,Unknown Player,24/25,2025,0,0.23470946624016997,0,0
459697,Unknown Player,24/25,2025,0,0.23468762456157166,0,0
271455,Unknown Player,24/25,2025,0,0.23466230267883176,0,0
571827,Unknown Player,24/25,2025,0,0.23451332023140276,0,0
289257,Unknown Player,24/25,2025,0,0.23443010791638155,0,0
447216,Unknown Player,24/25,2025,0,0.23429036482628868,0,0
167900,Unknown Player,24/25,2025,0,0.23424966176011164,0,0
329145,Unknown Player,24/25,2025,0,0.23419220447927136,0,0
160938,Unknown Player,24/25,2025,0,0.23418479341587792,0,0
420931,Unknown Player,24/25,2025,0,0.23417632651453332,0,0
626724,Unknown Player,24/25,2025,0,0.2340226764532449,0,0
668547,Unknown Player,24/25,2025,0,0.23399774405323134,0,0
50219,Unknown Player,24/25,2025,0,0.2339105762619847,0,0
563754,Unknown Player,24/25,2025,0,0.23386254778871962,0,0
689637,Unknown Player,24/25,2025,0,0.23384960669625982,0,0
85177,Unknown Player,24/25,2025,0,0.2338362549964324,0,0
948294,Unknown Player,24/25,2025,0,0.23378133661474712,0,0
438927,Unknown Player,24/25,2025,0,0.23376119338955112,0,0
267113,Unknown Player,24/25,2025,0,0.23366615340266036,0,0
662476,Unknown Player,24/25,2025,0,0.2336502647213667,0,0
540690,Unknown Player,24/25,2025,0,0.23363113865120244,0,0
540378,Unknown Player,24/25,2025,0,0.23352230416320283,0,0
207014,Unknown Player,24/25,2025,0,0.2334461525914535,0,0
356141,Unknown Player,24/25,2025,0,0.2333079603999523,0,0
294388,Unknown Player,24/25,2025,0,0.23329292454439832,0,0
892221,Unknown Player,24/25,2025,0,0.2332238071739701,0,0
1126888,Unknown Player,24/25,2025,0,0.23297728358271566,0,0
656316,Unknown Player,24/25,2025,0,0.2329412903964468,0,0
358664,Unknown Player,24/25,2025,0,0.23285219698003157,0,0
342288,Unknown Player,24/25,2025,0,0.2327882794511449,0,0
618903,Unknown Player,24/25,2025,0,0.23274255533192678,0,0
257751,Unknown Player,24/25,2025,0,0.23273266189828173,0,0
369563,Unknown Player,24/25,2025,0,0.23270655578970748,0,0
257727,Unknown Player,24/25,2025,0,0.23264254149767552,0,0
419025,Unknown Player,24/25,2025,0,0.23258225164304117,0,0
420002,Unknown Player,24/25,2025,0,0.2325340433224231,0,0
466637,Unknown Player,24/25,2025,0,0.23249461066193391,0,0
916497,Unknown Player,24/25,2025,0,0.232479224541635,0,0
286375,Unknown Player,24/25,2025,0,0.23242538537445584,0,0
351843,Unknown Player,24/25,2025,0,0.2322083117172915,0,0
527329,Unknown Player,24/25,2025,0,0.23207475192344953,0,0
297194,Unknown Player,24/25,2025,0,0.23205919006343345,0,0
512690,Unknown Player,24/25,2025,0,0.23181605107594,0,0
468264,Unknown Player,24/25,2025,0,0.23177466194257004,0,0
259916,Unknown Player,24/25,2025,0,0.23172264187920513,0,0
473201,Unknown Player,24/25,2025,0,0.2312675825795679,0,0
475149,Unknown Player,24/25,2025,0,0.2311356765027444,0,0
43484,Unknown Player,24/25,2025,0,0.23106976805370796,0,0
341049,Unknown Player,24/25,2025,0,0.2309840692374301,0,0
126225,Unknown Player,24/25,2025,0,0.23089498813251766,0,0
492955,Unknown Player,24/25,2025,0,0.23088681339995357,0,0
636093,Unknown Player,24/25,2025,0,0.230857441883275,0,0
493003,Unknown Player,24/25,2025,0,0.2307081783478758,0,0
198981,Unknown Player,24/25,2025,0,0.2306879499205952,0,0
623519,Unknown Player,24/25,2025,0,0.23062177571128675,0,0
871339,Unknown Player,24/25,2025,0,0.23032447353923866,0,0
246963,Unknown Player,24/25,2025,0,0.23020405513014405,0,0
401437,Unknown Player,24/25,2025,0,0.2292905232998945,0,0
545647,Unknown Player,24/25,2025,0,0.22916912001937953,0,0
788283,Unknown Player,24/25,2025,0,0.22905464543031134,0,0
434224,Unknown Player,24/25,2025,0,0.2288065162946789,0,0
892929,Unknown Player,24/25,2025,0,0.2285222494329443,0,0
395237,Unknown Player,24/25,2025,0,0.22845707154418188,0,0
195335,Unknown Player,24/25,2025,0,0.22819914086564386,0,0
637446,Unknown Player,24/25,2025,0,0.2278738308437869,0,0
120977,Unknown Player,24/25,2025,0,0.22748759291866805,0,0
217094,Unknown Player,24/25,2025,0,0.22740523640928634,0,0
466807,Unknown Player,24/25,2025,0,0.226804836173566,0,0
16911,Unknown Player,24/25,2025,0,0.22633467918881445,0,0
77757,Unknown Player,24/25,2025,0,0.22618906155308077,0,0
745952,Unknown Player,24/25,2025,0,0.22568430359328806,0,0
358505,Unknown Player,24/25,2025,0,0.22479334569309445,0,0
331505,Unknown Player,24/25,2025,0,0.22060108362704842,0,0
