player_id,player_name,season_name,summer_year,target,transfer_probability,predicted_label,is_error
398742,Tommaso Spaviero,24/25,2025,1,0.9303254,1,0
930944,Tommaso Ghirardello,24/25,2025,1,0.92520916,1,0
676422,Samuele Sorrentino,24/25,2025,1,0.92193085,1,0
840426,João Lima,24/25,2025,1,0.9170796,1,0
1028507,Óscar Vacas,24/25,2025,1,0.91470623,1,0
391066,Giuseppe Montaperto,24/25,2025,1,0.91217136,1,0
315856,Christian Capone,24/25,2025,1,0.9108792,1,0
610909,Oriol Martí,24/25,2025,1,0.9093958,1,0
805954,Manuel Garavini,24/25,2025,1,0.9090894,1,0
284000,Carlos Júnior,24/25,2025,0,0.9078771,1,1
462250,João Félix,24/25,2025,1,0.9041416,1,0
1037696,Thomas Orfeini,24/25,2025,0,0.90384644,1,1
933054,Enrico Morri,24/25,2025,1,0.9021192,1,0
824887,Valentin Haberkon,24/25,2025,1,0.90154564,1,0
528833,Lazar Samardžić,24/25,2025,1,0.9004521,1,0
795791,Samuele Puglisi,24/25,2025,1,0.89776444,1,0
733575,Ilies Faure,24/25,2025,1,0.89640313,1,0
959789,Gabriel Henin,24/25,2025,1,0.8957609,1,0
167727,Andrea Belotti,24/25,2025,1,0.89570415,1,0
888182,Jorge Rastrojo,24/25,2025,1,0.8935138,1,0
711445,Gioacchino Catania,24/25,2025,1,0.89343894,1,0
1006089,Francesco Bova,24/25,2025,0,0.8887986,1,1
417830,Antonio Ferrara,24/25,2025,1,0.8885601,1,0
353173,Falou Samb,24/25,2025,1,0.8878821,1,0
379877,Luis Henrique,24/25,2025,1,0.88731754,1,0
930791,Filippo Cecchini,24/25,2025,1,0.8868923,1,0
935738,Antonio Coppola,24/25,2025,0,0.8861923,1,1
607729,Jean-Pierre Tiéhi,24/25,2025,1,0.886156,1,0
951571,Bertony Renelus,24/25,2025,1,0.88509715,1,0
933052,Timothy Ansah Ekuban,24/25,2025,1,0.8850829,1,0
698721,Álvaro Cortés,24/25,2025,1,0.8843308,1,0
536112,Luca Manca,24/25,2025,0,0.88384724,1,1
936696,Giuseppe Ferrante,24/25,2025,1,0.8838285,1,0
538918,Sebastiano Esposito,24/25,2025,1,0.88290507,1,0
215649,Mirko Marić,24/25,2025,0,0.88228565,1,1
409571,Mattia Mencagli,24/25,2025,1,0.88218015,1,0
420513,Lorenzo Babbi,24/25,2025,1,0.8821723,1,0
1154990,Miguel Pérez,24/25,2025,1,0.8817348,1,0
446457,Miguel Ángel Martínez,24/25,2025,1,0.881635,1,0
600730,José González,24/25,2025,0,0.8813978,1,1
897617,Alessandro Torri,24/25,2025,1,0.8809718,1,0
496270,Gianmarco Cangiano,24/25,2025,1,0.87999994,1,0
298635,Grigoris Kastanos,24/25,2025,1,0.8790989,1,0
924309,Samuele Zanini,24/25,2025,1,0.8790654,1,0
891922,Joel Priego,24/25,2025,1,0.87878513,1,0
636359,Iván Serrano,24/25,2025,1,0.87749124,1,0
202977,Luca Iotti,24/25,2025,0,0.8768782,1,1
232376,Lucas Cueto,24/25,2025,1,0.87681526,1,0
397411,Mirco Vassallo,24/25,2025,1,0.8766816,1,0
349873,Juan Hernández,24/25,2025,1,0.87660897,1,0
796892,Samuel Ntamack,24/25,2025,1,0.876552,1,0
1283657,Edoardo Pierfederici,24/25,2025,1,0.8765176,1,0
632929,Iván Castillo,24/25,2025,1,0.87627476,1,0
704554,Santiago Muñóz,24/25,2025,0,0.87619585,1,1
255995,Mario González,24/25,2025,1,0.87613255,1,0
659713,Gerson Sousa,24/25,2025,1,0.8761288,1,0
635570,Ander Dufur,24/25,2025,1,0.87581366,1,0
999745,Damola Ajayi,24/25,2025,1,0.8752828,1,0
229256,Guille Andrés,24/25,2025,1,0.87506175,1,0
442425,Georgi Rusev,24/25,2025,1,0.87498254,1,0
1308575,Giovanni Otero,24/25,2025,1,0.87412053,1,0
744934,Mathieu Patouillet,24/25,2025,1,0.8729077,1,0
634105,Alberto Marí,24/25,2025,1,0.8727136,1,0
1065761,Guilherme Neiva,24/25,2025,1,0.8726825,1,0
1055133,Óscar Gonpi,24/25,2025,1,0.87254053,1,0
391138,Gioacchino Carullo,24/25,2025,1,0.87230986,1,0
340262,Luca Donaggio,24/25,2025,1,0.87213004,1,0
432092,Roberto Piccoli,24/25,2025,1,0.8718188,1,0
913944,Sergio Montes,24/25,2025,1,0.8714954,1,0
614719,Nicola Greco,24/25,2025,1,0.8710438,1,0
783429,Unai Dufur,24/25,2025,1,0.8704135,1,0
613727,Lorenzo Lombardi,24/25,2025,1,0.8703518,1,0
524011,David Nates,24/25,2025,1,0.870174,1,0
1035221,Lorenzo Brusca,24/25,2025,1,0.86965513,1,0
636318,Chus Ruiz,24/25,2025,1,0.8694454,1,0
831699,Tiago Santos,24/25,2025,1,0.8691715,1,0
457973,Agustín Coscia,24/25,2025,1,0.8689096,1,0
610622,Urko Izeta,24/25,2025,0,0.8688928,1,1
396125,José Carlos Márquez,24/25,2025,1,0.8684982,1,0
937557,Francesco Costantini,24/25,2025,1,0.8680396,1,0
239972,Jonas Carls,24/25,2025,1,0.86792564,1,0
715636,Iván López,24/25,2025,1,0.86761117,1,0
569368,Kelian Nsona,24/25,2025,1,0.8674828,1,0
340067,King Udoh,24/25,2025,1,0.86729795,1,0
369707,Tomás Bolzicco,24/25,2025,0,0.86725366,1,1
1296397,Leonardo Ferrario,24/25,2025,0,0.8672382,1,1
979083,David López,24/25,2025,1,0.8668784,1,0
817270,Alberto Centis,24/25,2025,1,0.8667994,1,0
814351,Filippo Scipione,24/25,2025,1,0.8666073,1,0
1003958,Samu Mayo,24/25,2025,1,0.8660552,1,0
522502,Emmanuel Odianose,24/25,2025,1,0.8660316,1,0
364136,Lorenzo Gavioli,24/25,2025,1,0.8659559,1,0
783419,Álvaro García,24/25,2025,1,0.8654661,1,0
416371,Davide Zugaro,24/25,2025,1,0.8645645,1,0
152431,Dominic Baumann,24/25,2025,1,0.8626319,1,0
476531,Joan Piera,24/25,2025,1,0.86243683,1,0
635581,Ander Yoldi,24/25,2025,0,0.86216015,1,1
1148854,Jon Arruabarrena,24/25,2025,1,0.8618091,1,0
702662,Adrián Verde,24/25,2025,1,0.8618005,1,0
636127,Chus Villar,24/25,2025,1,0.86166203,1,0
984749,Leonardo Saito,24/25,2025,0,0.86144847,1,1
980866,Talles Wander,24/25,2025,1,0.861046,1,0
548729,Zeki Amdouni,24/25,2025,0,0.86096674,1,1
678088,Luca Wollschläger,24/25,2025,1,0.8607542,1,0
937891,Francesco Raffaelli,24/25,2025,1,0.8606693,1,0
398270,Chris Gueye,24/25,2025,1,0.8604857,1,0
670841,Junior Robinson,24/25,2025,1,0.8599396,1,0
930891,Darío Germil,24/25,2025,1,0.85965157,1,0
670860,James Beadle,24/25,2025,1,0.8594445,1,0
470128,Sam Dalby,24/25,2025,1,0.8590502,1,0
331726,Tammy Abraham,24/25,2025,1,0.85884565,1,0
548187,Alejandro Pérez,24/25,2025,1,0.8585458,1,0
780628,Oussama Chit,24/25,2025,1,0.85850704,1,0
601823,Davide Pirola,24/25,2025,0,0.85840833,1,1
614086,Fábio Tavares,24/25,2025,1,0.85834706,1,0
341019,Güven Yalçın,24/25,2025,1,0.85813874,1,0
701348,Gabriel Santoni,24/25,2025,0,0.8579244,1,1
1020749,Gabriel Rabanillo,24/25,2025,1,0.8579228,1,0
1329019,Alessandro Ghisleri,24/25,2025,1,0.85736823,1,0
818150,Lorenzo Chiarella,24/25,2025,1,0.857035,1,0
672381,Jonathan Rowe,24/25,2025,1,0.8568228,1,0
364380,Carlo Clemente,24/25,2025,1,0.856656,1,0
543051,Billal Brahimi,24/25,2025,1,0.85639596,1,0
338401,Ulrich Nnomo,24/25,2025,0,0.8558254,1,1
369171,Niall Ennis,24/25,2025,1,0.8557122,1,0
713637,David Santisteban,24/25,2025,1,0.8554802,1,0
513057,Javi Bueno,24/25,2025,1,0.8544759,1,0
614508,Adilson Silva,24/25,2025,1,0.85445315,1,0
198005,Cristian Ponde,24/25,2025,1,0.85440636,1,0
199763,Sergio Garufi,24/25,2025,1,0.8543342,1,0
929829,Dani Simón,24/25,2025,1,0.8540732,1,0
780818,Josan Gordo,24/25,2025,1,0.8539643,1,0
717640,Álex Altube,24/25,2025,1,0.85395956,1,0
413477,Álex Gil,24/25,2025,1,0.8537792,1,0
625630,Lorenzo Chiti,24/25,2025,1,0.8537408,1,0
707575,Joan Salvá,24/25,2025,1,0.85363954,1,0
419128,Bryan Mecca,24/25,2025,1,0.8534949,1,0
466810,Ansu Fati,24/25,2025,1,0.8534861,1,0
686808,Pietro Carcani,24/25,2025,1,0.8534086,1,0
366729,Nazariy Rusyn,24/25,2025,1,0.853237,1,0
634430,Israel Salazar,24/25,2025,1,0.85256267,1,0
395236,Yacine Adli,24/25,2025,1,0.8520055,1,0
511551,Joe Anderson,24/25,2025,0,0.851868,1,1
710089,Eduard Rusu,24/25,2025,0,0.8514455,1,1
344869,Simon Banza,24/25,2025,0,0.851271,1,1
789792,Sergi Molina,24/25,2025,1,0.8508581,1,0
331375,Kike Fabra,24/25,2025,1,0.8507144,1,0
633329,Adrián Garrido,24/25,2025,1,0.8505977,1,0
723498,Daniel Hais,24/25,2025,1,0.8504319,1,0
95424,Kyle Walker,24/25,2025,1,0.8502099,1,0
309180,Jan Mlakar,24/25,2025,1,0.85020804,1,0
983843,Neneca,24/25,2025,1,0.84982336,1,0
465988,Elia Giani,24/25,2025,1,0.84936565,1,0
455924,Davide Cortinovis,24/25,2025,1,0.84920615,1,0
1174331,Paolo Pisano,24/25,2025,1,0.84911764,1,0
543725,Ákos Zuigéber,24/25,2025,1,0.8484987,1,0
1160320,Oscar Moreso,24/25,2025,1,0.8483479,1,0
715640,Juan Durán,24/25,2025,1,0.8476194,1,0
713357,Filippo Palazzino,24/25,2025,0,0.84715897,1,1
610901,Cristiano Podestà,24/25,2025,1,0.84715676,1,0
266203,Makis Giannikoglou,24/25,2025,1,0.84687483,1,0
435337,Alfredo Sualdea,24/25,2025,1,0.8468087,1,0
455374,Gianluca Bassano,24/25,2025,1,0.84675264,1,0
390460,Richmond Tachie,24/25,2025,0,0.84671456,1,1
1041169,Tomás Silva,24/25,2025,0,0.84663075,1,1
623640,Frixos Grivas,24/25,2025,1,0.846185,1,0
696619,Mattia Gaddini,24/25,2025,1,0.84586924,1,0
960001,Álvaro Martínez,24/25,2025,1,0.84586424,1,0
343237,Malik Karaahmet,24/25,2025,0,0.84580135,1,1
1065246,Sergio Huecas,24/25,2025,0,0.8457814,1,1
395544,Pietro Tribelli,24/25,2025,0,0.84560364,1,1
509144,Alessio Pertosa,24/25,2025,1,0.845587,1,0
1054284,Riccardo Vesprini,24/25,2025,1,0.84553844,1,0
924776,Mattia Bifini,24/25,2025,1,0.84546703,1,0
328965,Aristotelis Kollaras,24/25,2025,1,0.84524655,1,0
527788,Alex Hartridge,24/25,2025,1,0.8452332,1,0
336963,Paolo Grillo,24/25,2025,0,0.8451973,1,1
535792,Francesco Barba,24/25,2025,0,0.8450355,1,1
491447,Alessio Rasi,24/25,2025,0,0.8449514,1,1
815546,Francesco Gioielli,24/25,2025,1,0.84470403,1,0
917015,Fabio Torsiello,24/25,2025,1,0.8445605,1,0
1048316,Kareem Ben-Kmayal,24/25,2025,1,0.8444322,1,0
120919,Giorgio Siani,24/25,2025,1,0.8444206,1,0
627276,Antonio Leal,24/25,2025,1,0.84436554,1,0
888267,Ariel Herrero,24/25,2025,1,0.84428006,1,0
641204,Mohamed Ayman Sanat,24/25,2025,1,0.84419614,1,0
1101344,Emanuele Zanaboni,24/25,2025,1,0.84412086,1,0
935740,Mattias Bonafede,24/25,2025,1,0.8437828,1,0
354164,Mario Gómez,24/25,2025,1,0.8437783,1,0
891971,João Marques,24/25,2025,0,0.843384,1,1
817127,Angelo Panarello,24/25,2025,1,0.84337956,1,0
976828,Matteo Di Paola,24/25,2025,1,0.84324,1,0
442767,Iñigo Muñoz,24/25,2025,1,0.84322083,1,0
295420,Steven Prieto,24/25,2025,1,0.8428955,1,0
881542,Nene,24/25,2025,1,0.8427063,1,0
995472,Gianmarco Di Biase,24/25,2025,1,0.84213847,1,0
341140,Nicolae Carnat,24/25,2025,1,0.84202564,1,0
949077,Álex Alemán,24/25,2025,1,0.8419049,1,0
611174,Jofre Cherta,24/25,2025,1,0.84183794,1,0
929799,Lorenzo Catania,24/25,2025,1,0.8418124,1,0
537270,Louie Sibley,24/25,2025,0,0.841786,1,1
409896,Chinaecherem Ibe,24/25,2025,1,0.8416555,1,0
182752,Marlon Frey,24/25,2025,1,0.8414282,1,0
933098,Alessandro Latini,24/25,2025,1,0.84106344,1,0
226812,Gorka Santamaría,24/25,2025,1,0.8407121,1,0
685793,Raúl Pesca,24/25,2025,1,0.8405491,1,0
554814,Diego Gómez,24/25,2025,1,0.8404089,1,0
700997,Matteo Sementa,24/25,2025,1,0.8403836,1,0
546627,Jacopo Pellegrini,24/25,2025,1,0.84035385,1,0
610369,Luis Hernáiz,24/25,2025,1,0.84024626,1,0
238968,Matteo Lomolino,24/25,2025,1,0.8400339,1,0
430488,Edgar Sevikyan,24/25,2025,1,0.83951837,1,0
554251,Yasser Larouci,24/25,2025,1,0.8391752,1,0
620393,Boubacar Coulibaly,24/25,2025,1,0.8391666,1,0
982894,Eric Iglesias,24/25,2025,1,0.8391404,1,0
590841,Migouel Alfarela,24/25,2025,1,0.8391347,1,0
634268,Javier Albín,24/25,2025,1,0.8389456,1,0
699198,Carlos Cano,24/25,2025,1,0.8386523,1,0
874017,Kylian Kouassi,24/25,2025,1,0.8383791,1,0
229337,Samuele Neglia,24/25,2025,1,0.8379664,1,0
343289,André Bukia,24/25,2025,1,0.83773285,1,0
534372,Javi Martín,24/25,2025,1,0.8367809,1,0
709591,Héctor Peña,24/25,2025,1,0.83674884,1,0
417346,Jack Harrison,24/25,2025,0,0.83645964,1,1
1065273,Sergio Pascual,24/25,2025,1,0.83645535,1,0
149729,João Mário,24/25,2025,1,0.8363137,1,0
1048582,Darius Fustos,24/25,2025,1,0.83602875,1,0
973703,Brenner,24/25,2025,1,0.835809,1,0
360412,Jordy Caicedo,24/25,2025,1,0.83576053,1,0
887254,Edu Gallardo,24/25,2025,0,0.8357509,1,1
932354,Víctor Rodríguez,24/25,2025,1,0.83541244,1,0
463666,Antoine Baroan,24/25,2025,1,0.83536017,1,0
1157042,Máté Gyurkó,24/25,2025,1,0.83499193,1,0
1068762,Dawda Dambelleh,24/25,2025,1,0.8347296,1,0
815536,Edoardo Furini,24/25,2025,0,0.8344528,1,1
746553,Reyes Cleary,24/25,2025,1,0.8343435,1,0
888639,Ethan Wheatley,24/25,2025,1,0.83429843,1,0
1143878,Miguel Prieto,24/25,2025,1,0.83391684,1,0
1124149,Jaime Requés,24/25,2025,1,0.83389026,1,0
937289,Simone Bonetti,24/25,2025,1,0.83385444,1,0
334802,Jan Kuchta,24/25,2025,1,0.83384746,1,0
694512,Hisham Layous,24/25,2025,1,0.83380574,1,0
635937,Fran Moreno,24/25,2025,1,0.8337513,1,0
1066186,Víctor Mingo,24/25,2025,1,0.8334666,1,0
470324,Juan Bauzá,24/25,2025,1,0.8333983,1,0
589096,Khalid Mohammed,24/25,2025,1,0.8332923,1,0
247377,Kevin Bonifazi,24/25,2025,0,0.83326244,1,1
361065,Mitchel Bakker,24/25,2025,0,0.8332576,1,1
1059365,Álex Maroto,24/25,2025,1,0.8332497,1,0
628494,Carlos García,24/25,2025,1,0.83301026,1,0
718203,Manu Rico,24/25,2025,0,0.8328607,1,1
1060722,Moha Bassele,24/25,2025,0,0.83282703,1,1
346237,Kabongo Tshimanga,24/25,2025,1,0.8324616,1,0
395875,Simone Ferrari,24/25,2025,1,0.8323263,1,0
548903,Leonel Ferroni,24/25,2025,1,0.83226377,1,0
926854,Noel López,24/25,2025,1,0.832258,1,0
260801,Eugenio Isnaldo,24/25,2025,1,0.8320871,1,0
499341,Milorad Stajic,24/25,2025,1,0.8320165,1,0
710679,Iker Benito,24/25,2025,0,0.8318344,1,1
983196,Gaston Semenzin,24/25,2025,1,0.83136857,1,0
735342,Athanasios Prodromitis,24/25,2025,1,0.83132154,1,0
397320,Luigi Palumbo,24/25,2025,1,0.8313137,1,0
315859,Gabriele Gori,24/25,2025,1,0.8312765,1,0
383114,Gorka Pérez,24/25,2025,1,0.8310303,1,0
567529,Rui Pedro,24/25,2025,1,0.8309359,1,0
504107,Edi Semedo,24/25,2025,0,0.830853,1,1
1052283,Darling Bladi,24/25,2025,1,0.8307826,1,0
359216,Richárd Nagy,24/25,2025,1,0.83070314,1,0
358903,Leroy Kwadwo,24/25,2025,1,0.83028966,1,0
401173,Jadon Sancho,24/25,2025,1,0.8299409,1,0
971006,Ayoub El Battioui,24/25,2025,1,0.829861,1,0
860746,Pablo Álvarez,24/25,2025,1,0.82984143,1,0
1026659,Ale Morales,24/25,2025,1,0.8298392,1,0
568722,Jake Engerer,24/25,2025,0,0.8297424,1,1
227081,Joaquín Correa,24/25,2025,1,0.8295865,1,0
1157383,Angelo Traini,24/25,2025,1,0.82957864,1,0
174915,Islam Slimani,24/25,2025,1,0.82953787,1,0
783481,Keko Hevia,24/25,2025,1,0.82935655,1,0
995011,Jeremias Nunez,24/25,2025,1,0.8292643,1,0
658546,Daniele Bolcano,24/25,2025,1,0.82895464,1,0
938662,Elias Franco,24/25,2025,1,0.8288955,1,0
946282,Isaac Obeng,24/25,2025,1,0.8286258,1,0
69212,Vincenzo Camilleri,24/25,2025,1,0.8285241,1,0
531829,Dani Escriche,24/25,2025,0,0.82800555,1,1
672449,Zé Pedro,24/25,2025,1,0.827762,1,0
475736,Loren Fernández,24/25,2025,1,0.82768154,1,0
872380,Felix Afena-Gyan,24/25,2025,1,0.82764524,1,0
579304,Emmanuel Attipoe,24/25,2025,1,0.8274864,1,0
395842,Franklyn Akammadu,24/25,2025,1,0.8273622,1,0
988862,Moustapha Cissé,24/25,2025,0,0.8273008,1,1
981444,Arnold Vula,24/25,2025,1,0.8270069,1,0
460015,Kevin Buonavoglia,24/25,2025,1,0.82695186,1,0
915492,Giulio Mengucci,24/25,2025,1,0.8269335,1,0
603451,Davide Petito,24/25,2025,1,0.8266818,1,0
1045767,Pablo Muñoz,24/25,2025,1,0.82660204,1,0
632898,Rodri Val,24/25,2025,1,0.8265395,1,0
704175,Alessandro Orfei,24/25,2025,1,0.8265325,1,0
580801,Layton Stewart,24/25,2025,1,0.82630825,1,0
639640,Genny Rondinella,24/25,2025,1,0.8263035,1,0
1185957,Federico Tuveri,24/25,2025,1,0.8261302,1,0
1022385,Fabricio Oviedo,24/25,2025,0,0.82611907,1,1
945713,Marcos Moreno,24/25,2025,1,0.8260359,1,0
1054922,Nico Njalla,24/25,2025,1,0.82520187,1,0
1105883,Edoardo Caporello,24/25,2025,1,0.8247586,1,0
818586,Alessandro Carnevale,24/25,2025,0,0.8240843,1,1
1061262,Pedro Augusto,24/25,2025,1,0.82394606,1,0
1186670,Riccardo Yanovskyi,24/25,2025,1,0.82391816,1,0
392968,Marco Bertoli,24/25,2025,1,0.8237706,1,0
1064128,Víctor Sala,24/25,2025,1,0.82371837,1,0
728331,Roland Lehoczky,24/25,2025,0,0.82344216,1,1
635344,Abraham del Moral,24/25,2025,1,0.8231899,1,0
499830,Samuele Spalluto,24/25,2025,1,0.8231475,1,0
1056526,Cristiano Rizzo,24/25,2025,1,0.8229917,1,0
606128,Jacopo Cecconi,24/25,2025,1,0.82282734,1,0
452078,Maxwell Gyamfi,24/25,2025,1,0.8228243,1,0
567489,Cuba,24/25,2025,1,0.82275474,1,0
711635,Alexandro Fernández,24/25,2025,1,0.8227536,1,0
729169,Luca Butkovic,24/25,2025,1,0.82272404,1,0
361500,Isma Aizpiri,24/25,2025,1,0.8226943,1,0
709971,Xavi Moreno,24/25,2025,1,0.8226748,1,0
258246,Harun Alpsoy,24/25,2025,1,0.82259935,1,0
956708,Loup-Diwan Gueho,24/25,2025,1,0.8225598,1,0
659705,Paulo Victor,24/25,2025,0,0.8224582,1,1
217155,Borja Sánchez,24/25,2025,1,0.82243866,1,0
448835,Gaizka Campos,24/25,2025,1,0.82221335,1,0
947449,Victor Lázaro,24/25,2025,1,0.8222066,1,0
717205,Martin Sorakov,24/25,2025,1,0.8219796,1,0
727865,Alberto Basso Ricci,24/25,2025,1,0.82194954,1,0
1041218,Asier Pérez,24/25,2025,1,0.82172245,1,0
445584,Koldo Obieta,24/25,2025,0,0.8215232,1,1
928233,Younous Tassembedo,24/25,2025,1,0.82143116,1,0
456157,Matteo Fracassini,24/25,2025,0,0.8213572,1,1
627215,Gabriel Noga,24/25,2025,1,0.82122386,1,0
704683,Jordan Amore,24/25,2025,1,0.8211434,1,0
958647,Ümit Akdağ,24/25,2025,0,0.8211415,1,1
575478,Xabier Zaldua,24/25,2025,1,0.8210688,1,0
718036,Ato,24/25,2025,1,0.82105684,1,0
543779,Patrik Posztobányi,24/25,2025,1,0.8204224,1,0
431408,Alessio Leveque,24/25,2025,1,0.8204057,1,0
154819,Kwasi Wriedt,24/25,2025,1,0.8204057,1,0
462296,Daniel Giampaolo,24/25,2025,1,0.8203121,1,0
296429,Manuel Wintzheimer,24/25,2025,1,0.8200927,1,0
860998,Azarias Londoño,24/25,2025,0,0.82003003,1,1
479712,Giorgio Lionetti,24/25,2025,1,0.8199468,1,0
478408,Alessio Esposito,24/25,2025,1,0.81975013,1,0
818960,Filippo Pinton,24/25,2025,1,0.81954837,1,0
708928,Sergio Chinchilla,24/25,2025,1,0.81933236,1,0
780908,Elmer Cardoza,24/25,2025,0,0.8191255,1,1
390084,Aleksa Marusic,24/25,2025,0,0.81902534,1,1
329517,Georgios Masouras,24/25,2025,1,0.8189497,1,0
280833,Matteo Cericola,24/25,2025,1,0.818788,1,0
845313,Osman Foyo,24/25,2025,0,0.8187121,1,1
700182,Facundo Pérez,24/25,2025,1,0.8186349,1,0
371008,Roko Baturina,24/25,2025,1,0.8185494,1,0
227974,Ba-Muaka Simakala,24/25,2025,1,0.8183295,1,0
226025,Luca Mazzitelli,24/25,2025,1,0.8183278,1,0
341438,Mark Sifneos,24/25,2025,1,0.8183211,1,0
433257,Arvin Appiah,24/25,2025,1,0.8182957,1,0
897645,Thomas Brahja,24/25,2025,1,0.8182717,1,0
542720,Alessandro De Luca,24/25,2025,1,0.8182056,1,0
139278,Luca Zander,24/25,2025,1,0.81784546,1,0
639732,Raúl Sola,24/25,2025,1,0.81784016,1,0
692207,Dani Cervera,24/25,2025,1,0.81779885,1,0
411537,Zian Flemming,24/25,2025,1,0.8175669,1,0
1035760,Tommaso Pegoraro,24/25,2025,1,0.8174538,1,0
231590,Braydon Manu,24/25,2025,0,0.8173451,1,1
660063,Cristian Esposito,24/25,2025,0,0.8172279,1,1
704719,Christian Maianti,24/25,2025,1,0.8171915,1,0
386829,Edoardo Bovolon,24/25,2025,1,0.8169944,1,0
599153,Iñigo Alayeto,24/25,2025,0,0.8169022,1,1
982018,Yerai Dávila,24/25,2025,1,0.81673735,1,0
1205018,Christian Iaiunese,24/25,2025,1,0.81665754,1,0
830912,Balázs Varga,24/25,2025,1,0.81653905,1,0
381209,Rober Sierra,24/25,2025,1,0.81652,1,0
1114719,Mario Cantero,24/25,2025,0,0.81648654,1,1
276025,Rubio,24/25,2025,1,0.8161616,1,0
815652,Tiago Morais,24/25,2025,1,0.8160978,1,0
937710,Edward Cedeño,24/25,2025,1,0.81580526,1,0
634116,Yoel Ramírez,24/25,2025,1,0.815675,1,0
549018,João Dias,24/25,2025,1,0.8156434,1,0
420460,Giovanni Bruzzaniti,24/25,2025,1,0.81557584,1,0
336160,Andrija Novakovich,24/25,2025,1,0.8154944,1,0
186945,Ignacio Varela,24/25,2025,0,0.81544566,1,1
175416,Cristiano Ingretolli,24/25,2025,0,0.8153934,1,1
704423,Mattia Florio,24/25,2025,1,0.81538606,1,0
145303,Mirko Giacobbe,24/25,2025,0,0.81523234,1,1
935779,Mario Crasta,24/25,2025,1,0.81522393,1,0
632893,Javi Hernández,24/25,2025,1,0.8150211,1,0
348623,Mason Holgate,24/25,2025,1,0.81491154,1,0
636387,Álex Pérez,24/25,2025,1,0.8146594,1,0
1334837,Jacobo de Oro,24/25,2025,0,0.81452894,1,1
357150,Jójó,24/25,2025,1,0.81419206,1,0
1055398,Hugo Matos,24/25,2025,1,0.8140367,1,0
1114721,Brais Penela,24/25,2025,1,0.8138749,1,0
817150,Fabio Abiuso,24/25,2025,1,0.8136938,1,0
965038,Jaime Escobar,24/25,2025,1,0.81364685,1,0
984708,Siren Diao,24/25,2025,1,0.8136025,1,0
995017,Octavio Casalongue,24/25,2025,1,0.81360155,1,0
843327,Mohamed Awad Alla,24/25,2025,1,0.8134326,1,0
933720,Telmo Neves,24/25,2025,1,0.8133159,1,0
282810,Carles Pérez,24/25,2025,1,0.8132939,1,0
251882,Xiker Ozerinjauregi,24/25,2025,1,0.81310755,1,0
708496,Miguel Ángel Sanz,24/25,2025,1,0.8128791,1,0
650999,Federico Accornero,24/25,2025,1,0.81274134,1,0
914880,Matteo Brezzo,24/25,2025,1,0.81263745,1,0
1072763,Filippo Dodde,24/25,2025,0,0.81254727,1,1
542716,Mario Corcione,24/25,2025,1,0.81250596,1,0
993516,Álvaro Domínguez,24/25,2025,1,0.81203,1,0
266217,Cristian Bunino,24/25,2025,1,0.81196964,1,0
1078985,Rafaël De Palmas,24/25,2025,0,0.81196684,1,1
632502,Adri Montalban,24/25,2025,1,0.81189805,1,0
293602,Dor Hugi,24/25,2025,1,0.8116875,1,0
331838,Lorenzo Polvani,24/25,2025,0,0.81159025,1,1
1162378,Ousmane Gueye,24/25,2025,1,0.811421,1,0
256749,Dani Santigosa,24/25,2025,1,0.81142,1,0
622236,Radek Vítek,24/25,2025,1,0.81127715,1,0
534174,Samuele Vianni,24/25,2025,1,0.8110254,1,0
1057696,Jesús Ares,24/25,2025,1,0.8109872,1,0
451389,Fabio Laringe,24/25,2025,1,0.81070167,1,0
336370,Jesaja Herrmann,24/25,2025,1,0.810538,1,0
1041547,Juan Cruz Cerrudo,24/25,2025,1,0.81028944,1,0
1148697,Michal Kovacik,24/25,2025,0,0.81016827,1,1
462251,Jorge Silva,24/25,2025,1,0.8099379,1,0
290806,Mattia Poletto,24/25,2025,1,0.80963135,1,0
425031,Michalis Bousis,24/25,2025,1,0.80949193,1,0
939765,José Melro,24/25,2025,0,0.809456,1,1
248337,Pablo Trigueros,24/25,2025,1,0.8093637,1,0
351691,Sam Cosgrove,24/25,2025,1,0.8092958,1,0
268249,Isma Cerro,24/25,2025,1,0.8092131,1,0
1065483,Moussa Seck,24/25,2025,0,0.8092034,1,1
363610,Georgi Tunjov,24/25,2025,1,0.8090505,1,0
805479,Jesús Clemente,24/25,2025,1,0.8089606,1,0
373538,Daniel Zinon Kouko,24/25,2025,1,0.808651,1,0
269558,Kwame Bonsu,24/25,2025,1,0.8085058,1,0
441287,Mateo García,24/25,2025,0,0.80821955,1,1
601822,Alessandro Corti,24/25,2025,1,0.80813634,1,0
668275,Néstor Lucas,24/25,2025,1,0.8080203,1,0
1189287,Aitor Galarza,24/25,2025,1,0.80794287,1,0
827984,Mariano Carmona,24/25,2025,1,0.8079068,1,0
575498,Rave Assayag,24/25,2025,1,0.80785704,1,0
671693,Alberto Cristiano,24/25,2025,1,0.8076487,1,0
700503,Santiago Naveda,24/25,2025,0,0.80748284,1,1
435712,Andrei Cordea,24/25,2025,1,0.8072382,1,0
182446,Zinho Gano,24/25,2025,1,0.80708903,1,0
1178721,Rafel Bauzà,24/25,2025,1,0.806922,1,0
745368,Filippo Puletto,24/25,2025,1,0.80663586,1,0
715819,Kensly Vázquez,24/25,2025,1,0.8064685,1,0
626962,Ewan Urain,24/25,2025,1,0.8060739,1,0
575564,Diego Larotonda,24/25,2025,1,0.80603516,1,0
838813,Abderahmane Soussi,24/25,2025,0,0.805843,1,1
280416,Housem Ferchichi,24/25,2025,1,0.8057809,1,0
1171468,Ángel Gómez,24/25,2025,1,0.8057072,1,0
976198,Alessandro Ceccarelli,24/25,2025,1,0.8056088,1,0
412927,Álvaro Arnedo,24/25,2025,1,0.80556154,1,0
337333,Alex Král,24/25,2025,0,0.80555695,1,1
125614,Sargis Adamyan,24/25,2025,0,0.80523175,1,1
379872,Julen Monreal,24/25,2025,1,0.8051825,1,0
216464,Carlos Fernández,24/25,2025,1,0.80502355,1,0
881175,Diogo Bebé,24/25,2025,0,0.8049128,1,1
927107,Ni,24/25,2025,1,0.80480826,1,0
672803,Bertuğ Yıldırım,24/25,2025,1,0.80469024,1,0
706170,Fernando Romero,24/25,2025,1,0.8039364,1,0
655723,Kyran Lofthouse,24/25,2025,1,0.8038956,1,0
386104,Emir Terzi,24/25,2025,1,0.8038478,1,0
304225,Dimitrios Mavrias,24/25,2025,1,0.8038332,1,0
555076,Romain Faivre,24/25,2025,1,0.8036333,1,0
935576,Hagan Frimpong,24/25,2025,1,0.80359834,1,0
710470,Hosine Bility,24/25,2025,1,0.803598,1,0
1050738,Riccardo Rebaudo,24/25,2025,0,0.8035629,1,1
527601,Niccolò Bigica,24/25,2025,1,0.8031823,1,0
1179588,Yuzún Ley,24/25,2025,1,0.8031406,1,0
891919,Jaime González,24/25,2025,1,0.80296546,1,0
596880,Jesús Cambil,24/25,2025,1,0.80295277,1,0
820678,Emanuele Zucco,24/25,2025,1,0.8029081,1,0
709997,Lorenzo Aguado,24/25,2025,1,0.80282426,1,0
596884,Adrián Butzke,24/25,2025,1,0.8026919,1,0
1009941,Álex García,24/25,2025,1,0.80261457,1,0
715683,Naim García,24/25,2025,0,0.8025392,1,1
308367,José Antonio Soler,24/25,2025,1,0.80236596,1,0
863522,Diego Negro,24/25,2025,1,0.8023443,1,0
525891,Jannick Buyla,24/25,2025,1,0.8022791,1,0
734426,Lewis Shipley,24/25,2025,1,0.8018929,1,0
624870,Ed Carlos,24/25,2025,1,0.8017266,1,0
741295,Enrique Herrero,24/25,2025,0,0.8016649,1,1
649016,El Bilal Touré,24/25,2025,1,0.8015641,1,0
260543,Nemanja Nikolic,24/25,2025,1,0.8015305,1,0
936733,Filippo Illipronti,24/25,2025,1,0.8015139,1,0
669915,Filippo Distefano,24/25,2025,1,0.80137444,1,0
244338,Pelly Ruddock Mpanzu,24/25,2025,1,0.80134344,1,0
134983,Andrea La Mantia,24/25,2025,1,0.80125964,1,0
394304,Manolo Portanova,24/25,2025,1,0.8010714,1,0
634598,Javi Alonso,24/25,2025,0,0.8010694,1,1
610411,Stephen Buer,24/25,2025,1,0.8010059,1,0
696599,Cyril Khetir,24/25,2025,1,0.800956,1,0
783437,İshak Karaoğul,24/25,2025,1,0.80088675,1,0
295082,Jon Sillero,24/25,2025,0,0.8006877,1,1
1107626,Federico Giugno,24/25,2025,0,0.8005017,1,1
342226,Irvin Cardona,24/25,2025,1,0.8003516,1,0
520395,Iago Novo,24/25,2025,1,0.8001506,1,0
1101361,Andrea Toldo,24/25,2025,1,0.8001317,1,0
670402,Dennis Ozara,24/25,2025,1,0.8001224,1,0
139576,Édson Rivera,24/25,2025,0,0.80009866,1,1
668183,Nico Serrano,24/25,2025,0,0.8000083,1,1
685807,Luís dos Santos,24/25,2025,1,0.799926,1,0
525995,Stefan Hajdin,24/25,2025,1,0.79977083,1,0
131951,Kevin Lasagna,24/25,2025,1,0.7997707,1,0
726669,Lubos Prazenka,24/25,2025,1,0.7997333,1,0
709830,Francis Ezeh,24/25,2025,0,0.799625,1,1
632708,Willy Ibáñez,24/25,2025,1,0.79961556,1,0
901736,Mario Sesè,24/25,2025,1,0.79956806,1,0
181579,James Ward-Prowse,24/25,2025,0,0.7994308,1,1
616133,Mattia Tordini,24/25,2025,0,0.79940915,1,1
794777,Nicolas Milanovic,24/25,2025,1,0.7993107,1,0
720139,Roland Hajdú,24/25,2025,1,0.79916704,1,0
624267,Dale Taylor,24/25,2025,1,0.799075,1,0
644557,Willi Reincke,24/25,2025,1,0.7990357,1,0
718307,Matías Segovia,24/25,2025,1,0.7989911,1,0
642270,Michelangelo Nieri,24/25,2025,1,0.7988059,1,0
951437,Lorenzo Boncompagni,24/25,2025,0,0.79875976,1,1
198015,Jefté Betancor,24/25,2025,1,0.7986812,1,0
325802,Fernando Andrada,24/25,2025,1,0.7985655,1,0
732439,Nico Magno,24/25,2025,1,0.7984293,1,0
247555,Edimilson Fernandes,24/25,2025,1,0.7983547,1,0
543771,Kristjan Asllani,24/25,2025,1,0.7982427,1,0
819326,Ismaila Badje,24/25,2025,1,0.7979252,1,0
1104393,Francesco Cinque,24/25,2025,1,0.79767394,1,0
559130,Harrison Ashby,24/25,2025,0,0.797662,1,1
938726,Miguel Barandalla,24/25,2025,0,0.7975299,1,1
585536,Jonny Arriba,24/25,2025,1,0.797508,1,0
294791,Chris Bedia,24/25,2025,0,0.7975048,1,1
745114,Adrián Flaqué,24/25,2025,0,0.7974707,1,1
888293,Carlos Mattheus,24/25,2025,1,0.7974432,1,0
647392,Scott Smith,24/25,2025,1,0.79743665,1,0
193994,Yves Baraye,24/25,2025,1,0.7973738,1,0
199330,Antonio Cotán,24/25,2025,1,0.79710525,1,0
631055,Alberto Quintana,24/25,2025,1,0.79697645,1,0
620892,Arad Bar,24/25,2025,1,0.79689384,1,0
577741,Mattia Matese,24/25,2025,1,0.79679716,1,0
946279,Javi Hernández,24/25,2025,0,0.79673094,1,1
636392,Dani Vidal,24/25,2025,1,0.7966706,1,0
956126,Ian Olivera,24/25,2025,1,0.7963732,1,0
399779,Chuca,24/25,2025,1,0.7962028,1,0
783882,César Gómez,24/25,2025,1,0.7959617,1,0
812625,Agustín Álvarez,24/25,2025,1,0.79593915,1,0
711371,Igor Irazu,24/25,2025,1,0.79592013,1,0
536372,Rodrigo Tuninetti,24/25,2025,1,0.7957534,1,0
243555,Miguel Santos,24/25,2025,0,0.7957232,1,1
1028509,Néstor García Martinoli,24/25,2025,1,0.7956359,1,0
1022491,Stephan Wemakor,24/25,2025,1,0.7956327,1,0
892926,Leandro Antonetti,24/25,2025,1,0.79558116,1,0
911126,Cristian Pecci,24/25,2025,0,0.79543436,1,1
272999,Miguel Almirón,24/25,2025,0,0.7950981,1,1
619490,Gregorio Zanella,24/25,2025,1,0.79505384,1,0
1035300,Giovanni Cogo,24/25,2025,1,0.79500747,1,0
936183,Christian Corradi,24/25,2025,1,0.7949352,1,0
222013,Haritz Albisua,24/25,2025,1,0.7948898,1,0
1068110,Rabby Nzingoula,24/25,2025,0,0.7947859,1,1
331501,Erick Ferigra,24/25,2025,1,0.7945258,1,0
907688,Riccardo Spaggiari,24/25,2025,1,0.79444647,1,0
1257776,Javi Tejedor,24/25,2025,0,0.7944369,1,1
927904,Ethan Bouah,24/25,2025,1,0.79435986,1,0
710275,Benji Núñez,24/25,2025,1,0.7943517,1,0
603680,Giorgio Bachini,24/25,2025,1,0.7943176,1,0
964672,Mattia Gallo,24/25,2025,1,0.79427904,1,0
888493,Alejo Veliz,24/25,2025,1,0.79421693,1,0
1019528,Charbel Wehbe,24/25,2025,1,0.7942063,1,0
1180339,Francesco Esposito,24/25,2025,1,0.79417133,1,0
635346,Diego Moreno,24/25,2025,1,0.7937412,1,0
512123,Guillermo Alonso,24/25,2025,1,0.7937025,1,0
821044,Francesco Pio Cucciniello,24/25,2025,1,0.7936942,1,0
890629,Emi Hernández,24/25,2025,1,0.7936528,1,0
369908,Giuseppe Lauria,24/25,2025,1,0.79361385,1,0
506470,Josh Bowler,24/25,2025,1,0.7934747,1,0
537944,Ilias Karargyris,24/25,2025,1,0.7934563,1,0
1136037,Iker Ropero,24/25,2025,1,0.7933066,1,0
935457,Salim El Jebari,24/25,2025,1,0.79305685,1,0
834485,Unai Egiluz,24/25,2025,0,0.79280275,1,1
247813,Anthony Okpotu,24/25,2025,1,0.79272425,1,0
566572,Oğuzhan Matur,24/25,2025,0,0.7926483,1,1
366047,Yankuba Jarju,24/25,2025,1,0.7924407,1,0
390944,Mickaël Panos,24/25,2025,0,0.79244065,1,1
699632,Abraham Marcus,24/25,2025,1,0.79213035,1,0
936508,Federico Demo,24/25,2025,0,0.7920853,1,1
375299,Samuele Guddo,24/25,2025,1,0.7919489,1,0
569033,Armindo Sieb,24/25,2025,0,0.7916307,1,1
552547,Lucas Poletto,24/25,2025,1,0.79159606,1,0
715679,Lalo Aguilar,24/25,2025,0,0.7915321,1,1
392576,Jani Atanasov,24/25,2025,1,0.7913881,1,0
878507,Desmond Nketia,24/25,2025,1,0.79123557,1,0
824082,Alessandro Contessi,24/25,2025,1,0.7910902,1,0
332527,Sveinn Aron Gudjohnsen,24/25,2025,0,0.79086584,1,1
478357,Anthony Correia,24/25,2025,1,0.79086274,1,0
1064601,Edu Llorente,24/25,2025,1,0.79075396,1,0
783880,Rafa Diz,24/25,2025,1,0.7906838,1,0
619464,Aboubacar Doumbia,24/25,2025,1,0.7904362,1,0
386294,Stefano Chiariello,24/25,2025,1,0.7904238,1,0
386752,Ryan Wintle,24/25,2025,0,0.7902996,1,1
459128,Marco Brescianini,24/25,2025,1,0.79026353,1,0
720411,Roan Riera,24/25,2025,1,0.79022694,1,0
496995,Gergő Major,24/25,2025,1,0.7901726,1,0
877594,Luca Maini,24/25,2025,1,0.79014665,1,0
718115,Zini,24/25,2025,0,0.7900451,1,1
460602,Franck Djoulou,24/25,2025,1,0.7899633,1,0
536158,David Ballarín,24/25,2025,1,0.7896637,1,0
940806,Isaac Mendes,24/25,2025,1,0.7896089,1,0
902107,Mahir Rizvanovic,24/25,2025,1,0.7895954,1,0
1129454,Karlo Grgic,24/25,2025,0,0.78959197,1,1
497188,Florent Hasani,24/25,2025,0,0.78957886,1,1
1157868,Ricardo Solbes,24/25,2025,1,0.789473,1,0
441107,Dani Ramos,24/25,2025,0,0.78930706,1,1
156715,Marco Thiede,24/25,2025,1,0.78930485,1,0
895947,Manuel Cesari,24/25,2025,0,0.7890185,1,1
933350,Tincho Conde,24/25,2025,1,0.78889316,1,0
343184,Sylla Sow,24/25,2025,1,0.78889245,1,0
334952,Luca Gelonese,24/25,2025,1,0.7887088,1,0
787136,Tommaso Carcani,24/25,2025,0,0.78870773,1,1
423678,Meschack Elia,24/25,2025,1,0.7886739,1,0
572431,Valerio Baldassi,24/25,2025,1,0.7886581,1,0
872176,Matija Krivokapic,24/25,2025,1,0.78857577,1,0
629039,Luka Reischl,24/25,2025,1,0.78845847,1,0
720037,Dani González,24/25,2025,1,0.7882312,1,0
520626,Gabriel Furtado,24/25,2025,1,0.7880453,1,0
1056144,Francesco Di Biagio,24/25,2025,1,0.78772527,1,0
860051,Ayoub Amraoui,24/25,2025,1,0.78737456,1,0
396682,Luca Gagliano,24/25,2025,1,0.7873095,1,0
818536,Clemente Tartaro,24/25,2025,1,0.7871409,1,0
1278511,Emanuele Lo Zito,24/25,2025,0,0.78710943,1,1
341228,Juan Agüero,24/25,2025,1,0.7870079,1,0
1053214,Alessandro De Luca,24/25,2025,1,0.78685457,1,0
916332,Adolfo González,24/25,2025,1,0.78674823,1,0
164837,Kristopher Vida,24/25,2025,1,0.7866617,1,0
898293,Yuri Maset,24/25,2025,1,0.7866265,1,0
660878,Luca Bacchin,24/25,2025,0,0.7864533,1,1
617720,Enrico Rossi,24/25,2025,1,0.78643787,1,0
698540,Matija Gluscevic,24/25,2025,1,0.7863619,1,0
345087,Fatjon Jusufi,24/25,2025,0,0.786128,1,1
267916,Valeriano Nchama,24/25,2025,1,0.78611183,1,0
1050889,Alessandro Boi,24/25,2025,0,0.7860503,1,1
201734,Mamadou Kanoute,24/25,2025,0,0.78582823,1,1
1069692,Álex Toper,24/25,2025,1,0.7858117,1,0
336863,Juanjo Chavalés,24/25,2025,0,0.78574467,1,1
726120,Simon Simoni,24/25,2025,0,0.78566384,1,1
422459,Javier Belman,24/25,2025,0,0.7856094,1,1
340982,Florinel Coman,24/25,2025,0,0.7855362,1,1
612826,Silas,24/25,2025,0,0.785442,1,1
691678,Tommaso Fumagalli,24/25,2025,1,0.7853862,1,0
432090,Nicolò Fagioli,24/25,2025,1,0.78511834,1,0
426986,Filip Mihailov,24/25,2025,0,0.7850897,1,1
115133,Ivan Pesic,24/25,2025,1,0.78490704,1,0
526011,Etxebe Pamies,24/25,2025,1,0.78487927,1,0
784911,Diego Gutiérrez,24/25,2025,1,0.78482455,1,0
816789,Mattia Ortelli,24/25,2025,0,0.7846462,1,1
144304,Ognjen Ozegovic,24/25,2025,1,0.7845618,1,0
628612,Aleix Roig,24/25,2025,1,0.7844165,1,0
343353,Mathieu Coquin,24/25,2025,1,0.78439945,1,0
960024,Gabriele Fresia,24/25,2025,1,0.78436744,1,0
651269,Armin Gigovic,24/25,2025,1,0.7839948,1,0
408287,Leonardo Moraschi,24/25,2025,1,0.7839925,1,0
894414,Byani Mpata Lama,24/25,2025,1,0.7838324,1,0
935757,Daniel Holasek,24/25,2025,0,0.78373945,1,1
297064,Francesco Bonfiglio,24/25,2025,1,0.78373593,1,0
290412,Francesco Bigotto,24/25,2025,0,0.7836693,1,1
934457,Riccardo Restelli,24/25,2025,1,0.7836596,1,0
398945,Miloš Bočić,24/25,2025,1,0.78343,1,0
110475,Dario Del Fabro,24/25,2025,1,0.78339297,1,0
324819,Maxime Bernauer,24/25,2025,1,0.78338933,1,0
820685,Alessandro Marcucci,24/25,2025,1,0.78323734,1,0
401268,Olamide Shodipo,24/25,2025,1,0.7831532,1,0
435808,Lazare Amani,24/25,2025,1,0.7830422,1,0
787256,Jesús Hernández,24/25,2025,1,0.7829345,1,0
412959,Marouan Azarkan,24/25,2025,0,0.7827698,1,1
542741,Sunday Adetunji,24/25,2025,1,0.78275466,1,0
931172,Gabriel Tutu,24/25,2025,0,0.7826778,1,1
930377,Omar Sillah,24/25,2025,1,0.78265226,1,0
826225,Gonzalo Calçada,24/25,2025,1,0.7824976,1,0
973665,Andrea Grilli,24/25,2025,1,0.78247684,1,0
549069,Diego Altube,24/25,2025,1,0.7823879,1,0
543539,Aly Soumah,24/25,2025,1,0.7823876,1,0
864465,Giacomo Venturini,24/25,2025,1,0.7822919,1,0
311328,Nicholas Bensaja,24/25,2025,0,0.7820885,1,1
931677,Miguel Carvalho,24/25,2025,1,0.7820774,1,0
488273,Aleksandr Sapovalov,24/25,2025,0,0.7817981,1,1
464899,Alex Escardó,24/25,2025,1,0.7816988,1,0
682624,Álex Gualda,24/25,2025,1,0.7816197,1,0
533110,Álex Pachón,24/25,2025,1,0.7815358,1,0
634772,David Hernández,24/25,2025,1,0.7815337,1,0
947435,Pablo Moyá,24/25,2025,1,0.78151923,1,0
1064660,Álvaro Calado,24/25,2025,0,0.78150964,1,1
1106258,Jorge Oreiro,24/25,2025,0,0.7814215,1,1
1194286,Gregorio Salvati,24/25,2025,1,0.7813658,1,0
1065763,Jorge González,24/25,2025,0,0.7812116,1,1
551007,Eli King,24/25,2025,0,0.7811025,1,1
162044,Cristian Herrera,24/25,2025,1,0.78107184,1,0
386331,Christos Rovas,24/25,2025,1,0.78097755,1,0
936185,Tobia Mogentale,24/25,2025,1,0.7807951,1,0
592925,András Huszti,24/25,2025,1,0.7805971,1,0
704230,Edoardo Bernardi,24/25,2025,1,0.78056777,1,0
429873,Lloyd-Addo Kuffour,24/25,2025,1,0.7803914,1,0
529142,Daouda Beleme,24/25,2025,1,0.7802637,1,0
399399,Jacopo Succi,24/25,2025,1,0.78024906,1,0
798371,Olamide Ibrahim,24/25,2025,1,0.7801771,1,0
1157676,Adonija Ouanda,24/25,2025,0,0.78010464,1,1
929978,Andrea Agostini,24/25,2025,0,0.7801009,1,1
355924,Luca Sparandeo,24/25,2025,1,0.78007674,1,0
396323,Rubén del Valle,24/25,2025,1,0.7800206,1,0
577738,Raffaele Fabiano,24/25,2025,1,0.7798641,1,0
454053,Daniele Trasciani,24/25,2025,1,0.7798539,1,0
265970,Yusuf Cela,24/25,2025,1,0.7795578,1,0
674429,Diego González,24/25,2025,1,0.7795391,1,0
104062,Adrian Popa,24/25,2025,0,0.7794829,1,1
174694,Rony Lopes,24/25,2025,1,0.779301,1,0
462381,Alberto Fernández,24/25,2025,1,0.7792832,1,0
258475,Nikola Maras,24/25,2025,0,0.7792428,1,1
618019,Andrej Pupovic,24/25,2025,0,0.7791179,1,1
608977,Nana Antwi,24/25,2025,0,0.7789926,1,1
998104,Gergely Kocsis,24/25,2025,1,0.778991,1,0
979766,Mathis Lambourde,24/25,2025,1,0.778943,1,0
632503,Adrià Mercadal,24/25,2025,0,0.77885365,1,1
205878,Charlie Telfer,24/25,2025,1,0.7787194,1,0
455275,Javi Soler,24/25,2025,1,0.77870226,1,0
816135,Pedro Lima,24/25,2025,1,0.7786796,1,0
1140529,Mattia Ferrari,24/25,2025,1,0.7786051,1,0
1168222,Malek El Mala,24/25,2025,0,0.7783627,1,1
251432,Enock Barwuah,24/25,2025,1,0.77809995,1,0
263267,Riad Bajic,24/25,2025,1,0.77801776,1,0
726526,Stefan Mitrović,24/25,2025,1,0.77790475,1,0
1073051,Héctor Oliva,24/25,2025,1,0.77764136,1,0
99296,Sema Velázquez,24/25,2025,1,0.777527,1,0
572686,Pol Prats,24/25,2025,1,0.7774434,1,0
597201,Rúben Pereira,24/25,2025,1,0.77742374,1,0
814434,Gian Marco Fantoni,24/25,2025,1,0.77734125,1,0
524860,Mickaël Biron,24/25,2025,1,0.7771918,1,0
400644,Jeredy Hilterman,24/25,2025,0,0.77714,1,1
495722,Devis Vásquez,24/25,2025,1,0.7771304,1,0
1193362,Andrea Esposito,24/25,2025,0,0.77700955,1,1
1034471,Khalid Noureddine,24/25,2025,1,0.77685386,1,0
567026,Anton Efremov,24/25,2025,1,0.77681893,1,0
504064,Alexander Torvund,24/25,2025,1,0.7767361,1,0
596614,Federico Mencagli,24/25,2025,1,0.7765507,1,0
222502,Giovanni Foresta,24/25,2025,0,0.7764715,1,1
340521,Gui Ramos,24/25,2025,0,0.77645767,1,1
240401,Carlo Caporali,24/25,2025,1,0.77634436,1,0
1165116,Cosimo Bigazzi,24/25,2025,0,0.7763297,1,1
692121,Robert Filip,24/25,2025,1,0.77631235,1,0
667997,Bilal Ouacharaf,24/25,2025,1,0.77620476,1,0
707107,Patricio Goglino,24/25,2025,1,0.7761657,1,0
729937,Marco Teraschi,24/25,2025,1,0.7760024,1,0
497566,Goyo Medina,24/25,2025,1,0.7757156,1,0
734898,Kevin Miranda,24/25,2025,1,0.77564883,1,0
677139,Yusri El Kandoussi,24/25,2025,1,0.7756226,1,0
661135,Martín Bellotti,24/25,2025,1,0.7754633,1,0
935809,Tommaso Bocci,24/25,2025,1,0.7754121,1,0
568007,Ben Knight,24/25,2025,1,0.775309,1,0
371607,Benito Cataldi,24/25,2025,0,0.7751976,1,1
911990,Ilyes Hamache,24/25,2025,1,0.77515477,1,0
907318,Charlie McArthur,24/25,2025,0,0.7750961,1,1
729178,Emmanuel Appiah,24/25,2025,1,0.77505374,1,0
830890,Marvin Senaya,24/25,2025,1,0.7750143,1,0
456080,Karim Aribi,24/25,2025,1,0.77493966,1,0
396645,Goni Naor,24/25,2025,0,0.77492565,1,1
1168219,Said El Mala,24/25,2025,0,0.77463895,1,1
1040480,Lorenzo Pasquale,24/25,2025,0,0.7744575,1,1
124911,Karim Laribi,24/25,2025,0,0.77444905,1,1
305947,Albert Gudmundsson,24/25,2025,1,0.77441585,1,0
536943,Daniele Olivieri,24/25,2025,1,0.7743158,1,0
197482,Antonio Palma,24/25,2025,1,0.7743064,1,0
690889,Máté Kotula,24/25,2025,1,0.7741875,1,0
203052,Filippo Di Maira,24/25,2025,1,0.77418077,1,0
628490,Genar Fornés,24/25,2025,1,0.7738872,1,0
505653,Fábio Silva,24/25,2025,1,0.773831,1,0
847436,Igor Strzałek,24/25,2025,0,0.77381223,1,1
539131,Alessio Brambilla,24/25,2025,1,0.7736666,1,0
854484,Dylann Kam,24/25,2025,1,0.773621,1,0
709381,Iván Ramos,24/25,2025,1,0.77359265,1,0
922907,Marek Jaron,24/25,2025,1,0.7735805,1,0
1120845,Topo,24/25,2025,1,0.7735457,1,0
796236,Zalán Debreceni,24/25,2025,1,0.77353126,1,0
459009,Patrick Pasha,24/25,2025,1,0.773406,1,0
951832,Manuele De Min,24/25,2025,0,0.7732147,1,1
182904,Clément Lenglet,24/25,2025,1,0.7731442,1,0
862392,Marco Orfano,24/25,2025,1,0.77309245,1,0
1125701,Yago Rodríguez,24/25,2025,0,0.7730661,1,1
93853,Martin Kobylanski,24/25,2025,1,0.77300435,1,0
1077262,Andrea Pavanello,24/25,2025,1,0.7729367,1,0
602987,Mario Subaric,24/25,2025,1,0.77284443,1,0
148928,Saúl Ñíguez,24/25,2025,1,0.77281636,1,0
590204,Athanasios Leonidopoulos,24/25,2025,1,0.7727958,1,0
929321,Karim L'Koucha,24/25,2025,1,0.77272654,1,0
718314,Peter Olawale,24/25,2025,1,0.77238756,1,0
1008348,Jan Feit,24/25,2025,0,0.7723143,1,1
536346,Alessandro Miola,24/25,2025,1,0.77230644,1,0
564305,Michel Adopo,24/25,2025,1,0.7722846,1,0
267431,Fabián Noguera,24/25,2025,1,0.7721946,1,0
817045,Samuele Regazzetti,24/25,2025,1,0.7720816,1,0
682588,Mateo Mejía,24/25,2025,1,0.7719852,1,0
229657,Jamal Arago,24/25,2025,0,0.77187127,1,1
935996,Luan,24/25,2025,1,0.7717948,1,0
928046,Giulio Misitano,24/25,2025,1,0.7715788,1,0
313113,Álex López,24/25,2025,0,0.77148104,1,1
258835,Ricardo Gomes,24/25,2025,1,0.7714462,1,0
98854,Leonardo Pérez,24/25,2025,0,0.7712895,1,1
902125,Ziad Ouled-Haj-M'hand,24/25,2025,1,0.7712794,1,0
732117,Dylan Williams,24/25,2025,1,0.77122855,1,0
636737,Savio Piarulli,24/25,2025,1,0.77118963,1,0
910777,Aseel Abed,24/25,2025,1,0.77118474,1,0
621824,Andrea Nesci,24/25,2025,1,0.77110463,1,0
1101300,Capi,24/25,2025,1,0.7710977,1,0
246244,Sergio Aguza,24/25,2025,1,0.7710396,1,0
938349,Rober,24/25,2025,0,0.7709694,1,1
542697,Rasmus Carstensen,24/25,2025,1,0.7709558,1,0
341497,Antonio Martiniello,24/25,2025,1,0.7709201,1,0
707221,Baptiste Rolland,24/25,2025,1,0.77074355,1,0
403834,Kahraman Demirtaş,24/25,2025,1,0.77063125,1,0
621277,Silvio Colella,24/25,2025,1,0.7705772,1,0
549034,Rafa Rodrigues,24/25,2025,1,0.77057636,1,0
632499,Pablo Gálvez,24/25,2025,0,0.770516,1,1
834737,Adri Miranda,24/25,2025,1,0.77036387,1,0
401581,Gianluca Mancuso,24/25,2025,1,0.7702957,1,0
559805,Matthew Turner,24/25,2025,0,0.770048,1,1
408253,Mattia Mauri,24/25,2025,1,0.76987696,1,0
500298,Antonio Figliola,24/25,2025,1,0.7696105,1,0
1075574,Amidou Doumbouya,24/25,2025,1,0.76959455,1,0
309977,Samuel Ballet,24/25,2025,1,0.76956654,1,0
729536,Federico Agazzi,24/25,2025,0,0.76943344,1,1
511016,Javi Sánchez,24/25,2025,0,0.7693165,1,1
906442,Javi Garrido,24/25,2025,0,0.76925546,1,1
1010984,Mickael Dosso,24/25,2025,1,0.76924133,1,0
821105,Davide Franzini,24/25,2025,1,0.7690735,1,0
242063,Vaclav Cerny,24/25,2025,1,0.76904976,1,0
979322,Álex Alonso,24/25,2025,1,0.7690305,1,0
1216111,Alex Sola,24/25,2025,1,0.76902896,1,0
554859,Unai Marino,24/25,2025,1,0.7690086,1,0
898020,Athanasios Dabizas,24/25,2025,1,0.7689818,1,0
979324,Eder García,24/25,2025,1,0.7689725,1,0
955357,Junior Kroupi,24/25,2025,0,0.76861453,1,1
354246,Fareed Sadat,24/25,2025,0,0.76854914,1,1
281319,Alberth Elis,24/25,2025,1,0.76842636,1,0
630106,Stefan Obradović,24/25,2025,1,0.7683621,1,0
237226,Marvin Mehlem,24/25,2025,1,0.7683488,1,0
884158,Saúl del Cerro,24/25,2025,0,0.76822066,1,1
512489,David Fondarella,24/25,2025,1,0.76820326,1,0
719426,Chemseddine Bekkouche,24/25,2025,1,0.7681697,1,0
1055223,Isi Angulo,24/25,2025,1,0.7681563,1,0
158623,Cyrus Christie,24/25,2025,1,0.7680401,1,0
1054909,Pablo Busto,24/25,2025,0,0.7679909,1,1
920193,Babucarr Boye,24/25,2025,1,0.7678901,1,0
1061742,Rodrigo Mendes,24/25,2025,1,0.7678742,1,0
357163,Filipe Soares,24/25,2025,1,0.76777977,1,0
1198739,Joaco Peñalver,24/25,2025,1,0.76772344,1,0
634106,Urko Collado,24/25,2025,0,0.7676762,1,1
522719,Samuel Obeng,24/25,2025,1,0.76755774,1,0
287870,Giuseppe Tedesco,24/25,2025,1,0.7674254,1,0
533502,Pietro Bencivenga,24/25,2025,0,0.7673414,1,1
707456,Fallou Sene,24/25,2025,1,0.7672628,1,0
258881,Kyle Cameron,24/25,2025,1,0.7672575,1,0
929715,Connor O'Riordan,24/25,2025,1,0.7671637,1,0
661369,Mateusz Chmarek,24/25,2025,1,0.76714265,1,0
670859,Antwoine Hackford,24/25,2025,1,0.7669643,1,0
365202,Daire O'Connor,24/25,2025,1,0.7667043,1,0
874062,Nathan Asiimwe,24/25,2025,1,0.76668465,1,0
337781,Arturo Molina,24/25,2025,1,0.76667863,1,0
538971,Naouirou Ahamada,24/25,2025,0,0.76660335,1,1
1172731,Ismael Issa Algueche,24/25,2025,0,0.7664769,1,1
806955,Dario Sits,24/25,2025,1,0.7664063,1,0
946256,Nil Ruiz,24/25,2025,0,0.7662198,1,1
738112,Luca Moro,24/25,2025,0,0.7661992,1,1
391401,Fisnik Zuka,24/25,2025,1,0.7660786,1,0
784551,Petar Malisic,24/25,2025,1,0.76607275,1,0
381204,Colau,24/25,2025,1,0.7657537,1,0
100722,Lago Júnior,24/25,2025,1,0.7656514,1,0
819083,Gabriele Costa,24/25,2025,1,0.7656335,1,0
294534,Janni Serra,24/25,2025,0,0.76560074,1,1
965726,Armengol Portoles,24/25,2025,1,0.76554066,1,0
307939,Alexander Schmidt,24/25,2025,1,0.76547253,1,0
415273,Trent Buhagiar,24/25,2025,1,0.76542395,1,0
620388,Filippo Carli,24/25,2025,1,0.76536417,1,0
408307,Francesco Delcarro,24/25,2025,1,0.76536167,1,0
631015,Jakov Katusa,24/25,2025,1,0.7652647,1,0
99003,Odise Roshi,24/25,2025,1,0.76519513,1,0
711375,Asier Teijeira,24/25,2025,1,0.7651034,1,0
237430,Deyvison Fernandes,24/25,2025,1,0.7649248,1,0
273132,Robin Gosens,24/25,2025,1,0.7647026,1,0
168245,Giordano Pantano,24/25,2025,1,0.764441,1,0
948047,Francesco Plaia,24/25,2025,1,0.76442903,1,0
487840,Andrea Viviani,24/25,2025,1,0.7643804,1,0
1057318,Samuele Giallombardo,24/25,2025,0,0.7643745,1,1
707554,Fabio Lymann,24/25,2025,0,0.7642117,1,1
14881,Marcelo Carné,24/25,2025,1,0.764097,1,0
443697,Giuliano Alma,24/25,2025,0,0.76407874,1,1
953857,Jesse Bal,24/25,2025,1,0.7640436,1,0
380277,Santi Samanes,24/25,2025,1,0.7640331,1,0
825024,Ronnie Stutter,24/25,2025,1,0.76386243,1,0
412952,Nigel Thomas,24/25,2025,1,0.7638238,1,0
878402,Joseph Antoine Na'a,24/25,2025,1,0.763813,1,0
1129805,Luigi Oriano,24/25,2025,1,0.76377094,1,0
797572,Stefan Lekovic,24/25,2025,0,0.7637112,1,1
707303,Samuele Lovaglio,24/25,2025,1,0.7636316,1,0
998686,José Naranjo,24/25,2025,1,0.7633006,1,0
827570,Luis Navarro,24/25,2025,1,0.76321906,1,0
796242,Kevin Kállai,24/25,2025,1,0.76305467,1,0
1055075,Flavio Ferrari,24/25,2025,0,0.76300895,1,1
501196,Csaba Bukta,24/25,2025,1,0.7629285,1,0
951325,Antonio Del Gesso,24/25,2025,1,0.76289326,1,0
568154,Lucas Cañizares,24/25,2025,1,0.76278925,1,0
345604,Toni Tasev,24/25,2025,1,0.76270086,1,0
397321,Paolo Lomasto,24/25,2025,1,0.76265204,1,0
368635,Juancho Victoria,24/25,2025,1,0.7626442,1,0
729155,Eren Öztürk,24/25,2025,1,0.7626023,1,0
363514,Tim Kips,24/25,2025,1,0.76249343,1,0
541035,Javi Duarte,24/25,2025,1,0.76242137,1,0
825708,Josu Gallastegui,24/25,2025,1,0.7622958,1,0
979760,Rayan Bamba,24/25,2025,1,0.7622195,1,0
510329,Hugo Rama,24/25,2025,1,0.7618863,1,0
228386,Joseph Boyamba,24/25,2025,1,0.7618357,1,0
712181,James Wright,24/25,2025,0,0.7618201,1,1
705881,Mikel Serrano,24/25,2025,1,0.76148784,1,0
582949,Vangelis Nikokyrakis,24/25,2025,1,0.7613849,1,0
401910,Iván Moreno,24/25,2025,1,0.7613473,1,0
961902,Neco Celorio,24/25,2025,1,0.7612497,1,0
708315,Jakub Hrustinec,24/25,2025,1,0.7608983,1,0
654415,Alan Virginius,24/25,2025,1,0.76077193,1,0
818461,Marco Bevilacqua,24/25,2025,1,0.76068527,1,0
1027170,Adam Horvat,24/25,2025,0,0.7604941,1,1
999735,Leonardo Barsotti,24/25,2025,1,0.7604367,1,0
1169515,Alex Garzón,24/25,2025,1,0.7603979,1,0
810791,Ritchy Valmé,24/25,2025,0,0.76032966,1,1
902702,Jayson Videira,24/25,2025,1,0.76029646,1,0
743495,Nehemiah Fernandez,24/25,2025,1,0.76026565,1,0
555719,Ali Akman,24/25,2025,1,0.76004106,1,0
321247,Emiliano Buendía,24/25,2025,0,0.75982124,1,1
343475,Ben Godfrey,24/25,2025,1,0.75977534,1,0
531411,Esteban Orozco,24/25,2025,0,0.7596352,1,1
1285016,Francesco Iuliano,24/25,2025,1,0.7596219,1,0
1025974,Findlay Marshall,24/25,2025,1,0.75959784,1,0
394777,Isaia Lattarulo,24/25,2025,1,0.75956166,1,0
629383,Dani Garrido,24/25,2025,1,0.7595081,1,0
565242,José Manuel Raigal,24/25,2025,1,0.7594382,1,0
392313,Francesco Posocco,24/25,2025,1,0.75939465,1,0
286005,Julien Ngoy,24/25,2025,1,0.75938255,1,0
1033478,Gastón Valles,24/25,2025,1,0.7593787,1,0
501165,Sámuel Major,24/25,2025,1,0.75936127,1,0
530157,Cem Türkmen,24/25,2025,1,0.7593506,1,0
907634,Jacopo Cerasani,24/25,2025,1,0.75932705,1,0
447469,Hugo Alves,24/25,2025,1,0.75925344,1,0
576028,Thiago Almada,24/25,2025,1,0.75920725,1,0
536341,Diego Stramaccioni,24/25,2025,1,0.75902945,1,0
444208,Michael Obafemi,24/25,2025,1,0.7586716,1,0
627293,Manín Gonzaga,24/25,2025,0,0.75841004,1,1
610572,Ronald Gbizie,24/25,2025,1,0.7583137,1,0
183614,Ahmet Dereli,24/25,2025,1,0.7582494,1,0
519872,Livan Burcu,24/25,2025,0,0.75823975,1,1
820633,Coli Saco,24/25,2025,1,0.75817287,1,0
820938,Alessandro Silano,24/25,2025,1,0.7581368,1,0
542588,Alessandro Sorrentino,24/25,2025,1,0.7576316,1,0
624542,Damiano Lazzeri,24/25,2025,0,0.7576255,1,1
234286,Mihai Leca,24/25,2025,1,0.7575506,1,0
840760,Ignacio Schor,24/25,2025,0,0.7575154,1,1
678783,Yevgen Pidlepenets,24/25,2025,1,0.75744843,1,0
715083,Andrej Stojcevski,24/25,2025,1,0.75714636,1,0
303182,Nazareno Battista,24/25,2025,0,0.757101,1,1
316937,Michele Spinelli,24/25,2025,1,0.75703615,1,0
921492,Chadi Ramadan,24/25,2025,1,0.7570127,1,0
686972,Francesco Saverino,24/25,2025,1,0.7568942,1,0
389844,Marco Hoxha,24/25,2025,0,0.7568849,1,1
723823,Vlad Rafailă,24/25,2025,1,0.7568558,1,0
668571,Daniel Kerl,24/25,2025,1,0.756666,1,0
338288,Alex Valiño,24/25,2025,0,0.75655025,1,1
422287,Konstantinos Panagou,24/25,2025,1,0.75652593,1,0
102413,Luca Zamparo,24/25,2025,1,0.7565173,1,0
1181800,Davide Lauritano,24/25,2025,1,0.75648946,1,0
861707,Tiko Iniesta,24/25,2025,1,0.75641775,1,0
670711,Diogo Pinto,24/25,2025,1,0.75633454,1,0
665348,Paolo Capogna,24/25,2025,1,0.756265,1,0
355566,Barış Alıcı,24/25,2025,1,0.75616235,1,0
725201,Nacho Pastor,24/25,2025,1,0.7558871,1,0
1052288,Karim Cissé,24/25,2025,0,0.7558777,1,1
1234011,Gabriele Casazza,24/25,2025,1,0.75585717,1,0
707273,Brais Val,24/25,2025,1,0.7557141,1,0
1216569,Osama El Bazar,24/25,2025,0,0.75570893,1,1
530298,Christian Conteh,24/25,2025,0,0.75567776,1,1
704832,Sebastiano Bianchi,24/25,2025,1,0.7556517,1,0
932746,Mattia Saltalamacchia,24/25,2025,1,0.7556357,1,0
830113,Steven Nsimba,24/25,2025,1,0.7556158,1,0
1039738,Thiago Menna,24/25,2025,1,0.7555071,1,0
455340,Jonatan González,24/25,2025,0,0.7554594,1,1
261611,Ali Adnan,24/25,2025,1,0.75516224,1,0
1159175,Mathew Gbomadu,24/25,2025,0,0.75512123,1,1
162038,Raúl de Tomás,24/25,2025,1,0.7551096,1,0
953514,Jeremy Rebibo,24/25,2025,0,0.75506115,1,1
1058982,Nicolò Sancinito,24/25,2025,1,0.75490457,1,0
1052854,Axl Van Himbeeck,24/25,2025,0,0.75474405,1,1
906731,Răzvan Morariu,24/25,2025,0,0.7547046,1,1
226825,Borja López,24/25,2025,0,0.7545637,1,1
1034123,Enrico Rovinelli,24/25,2025,0,0.7545617,1,1
379224,Kevin Presa,24/25,2025,1,0.7542981,1,0
935231,Víctor Muñoz,24/25,2025,1,0.7542493,1,0
396949,Massimiliano Montuori,24/25,2025,1,0.7541707,1,0
837890,Federico Ficini,24/25,2025,1,0.7540524,1,0
668278,Ibon Ispizua,24/25,2025,1,0.75394297,1,0
634848,Jubril Adedeji,24/25,2025,0,0.75393444,1,1
466799,Antonio Sola,24/25,2025,1,0.75392646,1,0
839905,Kevin Sánchez,24/25,2025,1,0.7537661,1,0
723771,Amadou Sarr,24/25,2025,1,0.7537469,1,0
435336,Óscar de Frutos,24/25,2025,0,0.75348204,1,1
1110406,Ibrahim Osman,24/25,2025,1,0.7534581,1,0
815532,Mattia Rigo,24/25,2025,1,0.7534362,1,0
881298,Cornelius Olsson,24/25,2025,1,0.7533738,1,0
604105,Ole Hoch,24/25,2025,1,0.7532691,1,0
378520,Fernán Faerron,24/25,2025,1,0.75323445,1,0
610335,Iván Jaime,24/25,2025,1,0.7531231,1,0
486537,Sekou Camara,24/25,2025,0,0.75287724,1,1
314367,Marcus Edwards,24/25,2025,1,0.7527456,1,0
188436,Luigi Canotto,24/25,2025,1,0.7527176,1,0
199375,Víctor Ruiz,24/25,2025,1,0.75248104,1,0
915899,Dominik Nisandzic,24/25,2025,0,0.752353,1,1
825731,Jean-Calvin Mbanga,24/25,2025,1,0.7522557,1,0
1057054,Riccardo Barbana,24/25,2025,1,0.7522548,1,0
983491,Matteo Corsa,24/25,2025,1,0.75211823,1,0
704285,Elia Maccherini Tonini,24/25,2025,1,0.75198513,1,0
717465,Laurin Ulrich,24/25,2025,1,0.75180143,1,0
520787,Ruan Teles,24/25,2025,1,0.75175786,1,0
707329,Tomas Schanelec,24/25,2025,0,0.751714,1,1
924308,Matteo Gualandris,24/25,2025,1,0.75164557,1,0
976159,Curro Bonilla,24/25,2025,1,0.7515495,1,0
943161,Fatjon Bunjaku,24/25,2025,1,0.75153863,1,0
989453,Oussama El Goumiri,24/25,2025,1,0.75153595,1,0
696246,Patrik Mijic,24/25,2025,0,0.75148106,1,1
570458,Jake Garrett,24/25,2025,0,0.7514555,1,1
1065779,Raúl Sanchís,24/25,2025,1,0.75097084,1,0
470807,Alessio Calisto,24/25,2025,1,0.75084865,1,0
705401,Javi López,24/25,2025,1,0.75056684,1,0
683320,Jordi Ferrer,24/25,2025,0,0.75036,1,1
491026,Alexander Satariano,24/25,2025,1,0.7500376,1,0
567492,Konstantinos Balomenos,24/25,2025,1,0.7500282,1,0
662327,Diego Rosa,24/25,2025,1,0.74980456,1,0
339235,Tom McIntyre,24/25,2025,1,0.74977237,1,0
411838,Bruno Viana,24/25,2025,1,0.7497116,1,0
800179,Maxime Langner,24/25,2025,1,0.7496074,1,0
504084,Tiago Ribeiro,24/25,2025,0,0.74951416,1,1
895560,Manuel Esposito,24/25,2025,0,0.7491827,1,1
817028,Angelo Rechichi,24/25,2025,1,0.7489449,1,0
635808,Georgios Stamoulis,24/25,2025,1,0.74887204,1,0
358425,Gonzalo Di Renzo,24/25,2025,1,0.74871993,1,0
251680,Brandon Thomas,24/25,2025,1,0.74864185,1,0
1062862,Ephraim Yeboah,24/25,2025,1,0.74854153,1,0
160740,Ben Halloran,24/25,2025,0,0.748508,1,1
140757,Daniel Bessa,24/25,2025,1,0.7484209,1,0
888392,Iñaki León,24/25,2025,0,0.74834716,1,1
1060923,Oussama Boukir,24/25,2025,1,0.7480106,1,0
1233176,Cedric Gnazale,24/25,2025,0,0.74799967,1,1
256682,Filippo Boccardi,24/25,2025,1,0.7479398,1,0
1031968,Carlos Arauz,24/25,2025,1,0.74787873,1,0
1171530,Iker Galindo,24/25,2025,1,0.74781984,1,0
910615,Francesco Pistolesi,24/25,2025,1,0.7477035,1,0
1234292,Vincenzo Arzillo,24/25,2025,1,0.74764985,1,0
657776,Denny Pucci,24/25,2025,1,0.7475616,1,0
633650,Leon King,24/25,2025,1,0.7474017,1,0
738570,Alessio Spatari,24/25,2025,1,0.74740034,1,0
392538,Tommaso Pobega,24/25,2025,1,0.7473996,1,0
704553,Eugenio Pizzuto,24/25,2025,0,0.74728626,1,1
585761,Jonas Arcalean,24/25,2025,1,0.74713296,1,0
884850,Antonio Toral,24/25,2025,1,0.74674743,1,0
339780,Svetoslav Kovachev,24/25,2025,1,0.74665654,1,0
341093,Filippo Boccardi,24/25,2025,1,0.74653924,1,0
905013,Chilohem Onuoha,24/25,2025,0,0.74651176,1,1
126516,Antonio Luna,24/25,2025,1,0.7464456,1,0
481623,João Ferreira,24/25,2025,1,0.7463695,1,0
507351,Abdoul Guiebre,24/25,2025,1,0.74614364,1,0
961075,Glenn McConnell,24/25,2025,0,0.7461306,1,1
115763,Koray Günter,24/25,2025,1,0.7461264,1,0
878114,Zak Bradshaw,24/25,2025,1,0.7461106,1,0
510965,Ale Hernández,24/25,2025,1,0.7461037,1,0
551686,Khalid Muneer,24/25,2025,0,0.74604154,1,1
318799,Otis Khan,24/25,2025,1,0.7459929,1,0
439828,Cristian Pădurariu,24/25,2025,0,0.74585134,1,1
625043,Oier López,24/25,2025,0,0.7458419,1,1
196050,Jeremias Lorch,24/25,2025,1,0.7458394,1,0
541646,Diego Barri,24/25,2025,1,0.7458106,1,0
536703,Ivo Quaranta,24/25,2025,1,0.74577564,1,0
598893,Dumitru Rogac,24/25,2025,0,0.74559367,1,1
894945,Anartz Peña,24/25,2025,0,0.74526507,1,1
497825,Guillaume Yenoussi,24/25,2025,0,0.74523175,1,1
503975,Joe Hodge,24/25,2025,1,0.7451116,1,0
351158,Jesús Cruz,24/25,2025,0,0.7450888,1,1
614811,Joe White,24/25,2025,1,0.7450458,1,0
456874,Francesco De Caro,24/25,2025,1,0.7449308,1,0
464217,Szilárd Magyari,24/25,2025,1,0.74487233,1,0
934507,Thomas Savalli,24/25,2025,1,0.7447421,1,0
1015405,Patrick Slanina,24/25,2025,0,0.744697,1,1
318426,Ivan Ignatjev,24/25,2025,1,0.7445544,1,0
783873,Álvaro López,24/25,2025,0,0.74449944,1,1
461505,Ricardo Silva,24/25,2025,1,0.7444895,1,0
579287,Daniel Svensson,24/25,2025,1,0.74439454,1,0
375791,Bence Pintér,24/25,2025,1,0.74439144,1,0
441220,Mamadou Diallo,24/25,2025,1,0.7443695,1,0
628466,Isaiah Navarro,24/25,2025,0,0.7442565,1,1
363541,Samu Pérez,24/25,2025,1,0.7442209,1,0
1186672,Valerio Bertucci,24/25,2025,1,0.74421346,1,0
461726,Alessandro Martina,24/25,2025,1,0.7438666,1,0
918414,Paris Brunner,24/25,2025,0,0.7437383,1,1
997478,Othniël Raterink,24/25,2025,1,0.7436794,1,0
156887,Álvaro Peña,24/25,2025,1,0.7436645,1,0
1067111,Alassan Manjam,24/25,2025,0,0.74365133,1,1
317429,Manuel Farrando,24/25,2025,0,0.7435264,1,1
614157,Kelvin Boateng,24/25,2025,1,0.7434828,1,0
817128,Lorenzo Lo Duca,24/25,2025,0,0.7433085,1,1
258287,Patrik Pinte,24/25,2025,1,0.74327123,1,0
323589,Dálcio,24/25,2025,1,0.7432362,1,0
546944,Taylor Gardner-Hickman,24/25,2025,1,0.7431701,1,0
810066,Kaïs Najeh,24/25,2025,0,0.74316055,1,1
940750,Hugo Buyla,24/25,2025,0,0.74308854,1,1
558727,Muhammed Gümüşkaya,24/25,2025,1,0.7427252,1,0
847579,Isaac Heath,24/25,2025,1,0.7426884,1,0
724783,Tawanda Chirewa,24/25,2025,0,0.7426535,1,1
942415,Niccolò Stacchiotti,24/25,2025,1,0.74254876,1,0
911479,Imran Ali,24/25,2025,1,0.74253815,1,0
1074917,Jonathan Silva,24/25,2025,1,0.7424451,1,0
1025744,Rafael Vlăsceanu,24/25,2025,1,0.74232733,1,0
396638,Manor Solomon,24/25,2025,1,0.7420538,1,0
855890,Jenson Metcalfe,24/25,2025,1,0.74188244,1,0
728580,Daniel Villaseca,24/25,2025,0,0.7418238,1,1
947696,Miroslav Kolev,24/25,2025,0,0.74177295,1,1
446101,Fermín Ruiz,24/25,2025,1,0.7416585,1,0
634259,Javier Vicario,24/25,2025,1,0.74161,1,0
536811,Nicolò Milani,24/25,2025,1,0.74150884,1,0
921610,Nestorly Lumbu,24/25,2025,1,0.74149317,1,0
85908,Luca Dürholtz,24/25,2025,1,0.741314,1,0
448557,Lorenzo Meledandri,24/25,2025,1,0.74130285,1,0
1173024,Nathan Fernandes,24/25,2025,0,0.74126005,1,1
571601,Federico Moraschi,24/25,2025,1,0.7412289,1,0
680322,Samuel Nnoshiri,24/25,2025,1,0.7411215,1,0
800988,Benjamin Boakye,24/25,2025,1,0.7410749,1,0
708001,Guille Perero,24/25,2025,1,0.74107414,1,0
468256,Daniel Penha,24/25,2025,1,0.7410308,1,0
911373,Dominik Kovács,24/25,2025,1,0.7409817,1,0
343536,Ikhsan Fandi,24/25,2025,1,0.74088186,1,0
331463,Alessandro Aloia,24/25,2025,1,0.7407403,1,0
390638,Arthur Cabral,24/25,2025,1,0.74068147,1,0
1056968,David Arredondo,24/25,2025,0,0.74019355,1,1
1053571,Christian Cugnata,24/25,2025,1,0.7400851,1,0
717960,Luis Sánchez,24/25,2025,0,0.7400451,1,1
424021,Dapo Mebude,24/25,2025,1,0.7399071,1,0
1120307,Destiny Ilahude,24/25,2025,0,0.7398772,1,1
262047,Almir Aganspahic,24/25,2025,0,0.7398506,1,1
789722,Feritali Erdem,24/25,2025,1,0.7398284,1,0
1150430,Davide Sesti,24/25,2025,1,0.73969847,1,0
344806,Lubomir Tupta,24/25,2025,1,0.7396255,1,0
946275,Ian Forns,24/25,2025,1,0.7394857,1,0
684210,Jaidon Anthony,24/25,2025,1,0.739444,1,0
166959,Mustafa Saymak,24/25,2025,0,0.7393154,1,1
730821,Julian Markvoort,24/25,2025,1,0.73930913,1,0
624266,Ross McCausland,24/25,2025,1,0.7393087,1,0
617596,Mattia Cretti,24/25,2025,1,0.7392679,1,0
481117,Othmane Boussaid,24/25,2025,0,0.739106,1,1
700103,Óscar Siafa,24/25,2025,1,0.73897153,1,0
1123059,Pochito,24/25,2025,1,0.7389691,1,0
584546,Rodri Hernando,24/25,2025,0,0.7389436,1,1
875294,Konstantinos Goumas,24/25,2025,1,0.7389352,1,0
818381,Mark-Emilio Papazov,24/25,2025,0,0.7388632,1,1
467241,Oleksandr Safronov,24/25,2025,1,0.73867697,1,0
366883,Daniel Tetour,24/25,2025,1,0.738605,1,0
1055225,Arthur Inaka,24/25,2025,1,0.7385973,1,0
198298,Carmine De Sena,24/25,2025,1,0.7385008,1,0
817523,André Lopes,24/25,2025,1,0.7384325,1,0
371927,Caíque Lemes,24/25,2025,0,0.7383849,1,1
625338,Marcos Bautista,24/25,2025,1,0.73834074,1,0
234787,Lucas João,24/25,2025,1,0.7383188,1,0
210683,Juanma Acevedo,24/25,2025,1,0.73826,1,0
547818,Raul Steau,24/25,2025,0,0.73825455,1,1
1109812,Boston Billups,24/25,2025,1,0.7381497,1,0
903188,Dejvi Metaj,24/25,2025,1,0.7379656,1,0
594273,Jeremy Antonisse,24/25,2025,1,0.73783517,1,0
1049833,Simone Mascheroni,24/25,2025,1,0.73775953,1,0
1020226,Luka Callø,24/25,2025,1,0.7374699,1,0
636331,André Shinyashiki,24/25,2025,0,0.737469,1,1
435665,Vladyslav Khomutov,24/25,2025,1,0.7373703,1,0
483104,Soufiane Lagzir,24/25,2025,1,0.73729545,1,0
257456,Chico Geraldes,24/25,2025,1,0.7370974,1,0
242359,Juan Musso,24/25,2025,1,0.7370748,1,0
388139,Mateo Topic,24/25,2025,0,0.7369178,1,1
568719,Leonardo Agius,24/25,2025,1,0.73689616,1,0
486766,Aílson Tavares,24/25,2025,1,0.7368462,1,0
696164,Tim Oermann,24/25,2025,1,0.73664343,1,0
947689,Aseel Al-Harbi,24/25,2025,1,0.7365958,1,0
855134,Skelly Alvero,24/25,2025,0,0.7365765,1,1
536846,Javier Ajenjo,24/25,2025,1,0.7364959,1,0
253238,Toni Arranz,24/25,2025,1,0.7364355,1,0
606552,Marco Rienhardt,24/25,2025,1,0.7363229,1,0
713633,Raúl Castro,24/25,2025,0,0.73620033,1,1
636096,Raúl Blanco,24/25,2025,1,0.7361367,1,0
372468,David Grilo,24/25,2025,1,0.7360032,1,0
1087487,Vimal Yoganathan,24/25,2025,0,0.7358954,1,1
935229,Marvel,24/25,2025,1,0.73578936,1,0
843931,Timipere Johnson Eboh,24/25,2025,1,0.7357886,1,0
718032,Stephane Keller,24/25,2025,1,0.73567224,1,0
721526,Calal Hüseynov,24/25,2025,0,0.7356023,1,1
818703,Elia Tantalocchi,24/25,2025,1,0.73551065,1,0
930586,Simone Milo,24/25,2025,1,0.7354679,1,0
510369,Carlos Cordero,24/25,2025,0,0.73537886,1,1
934494,Tommaso Plini,24/25,2025,1,0.7351935,1,0
338107,Simone Rossetti,24/25,2025,0,0.73515,1,1
708634,Andrea Arpini,24/25,2025,0,0.7351306,1,1
625881,Eneko Delgado,24/25,2025,1,0.7350827,1,0
144303,Lazar Markovic,24/25,2025,1,0.7350736,1,0
917158,Davide Ziu,24/25,2025,0,0.735036,1,1
210143,Álex Gallar,24/25,2025,0,0.73497003,1,1
1215994,Stefano Codraro,24/25,2025,1,0.7349384,1,0
675878,Cristian,24/25,2025,0,0.73484755,1,1
669517,David Ruiz,24/25,2025,1,0.73469615,1,0
131257,Jonathan Moya,24/25,2025,1,0.7346417,1,0
720984,Márk Helembai,24/25,2025,1,0.7346009,1,0
566630,Romeo Vucic,24/25,2025,0,0.73444694,1,1
192279,Kepa Arrizabalaga,24/25,2025,1,0.73442024,1,0
1295593,Nicholas Dmitrovic,24/25,2025,0,0.7344022,1,1
610690,Oliver Wright,24/25,2025,1,0.73437744,1,0
386577,Federico Mastropietro,24/25,2025,1,0.7342434,1,0
184573,Victor Lindelöf,24/25,2025,1,0.73413956,1,0
883122,Anas Haj Mohamed,24/25,2025,1,0.7341126,1,0
261406,Seung-woo Ryu,24/25,2025,1,0.7340588,1,0
1059772,Mattia Parente,24/25,2025,1,0.73400253,1,0
598486,Mário Balbúrdia,24/25,2025,0,0.7336707,1,1
636297,Joel Jiménez,24/25,2025,1,0.7335934,1,0
634290,Abraham Bahachille,24/25,2025,1,0.73355085,1,0
955299,Carlo Soldati,24/25,2025,1,0.73350334,1,0
481692,Georgios Vrakas,24/25,2025,1,0.7332507,1,0
119115,Diego Falcinelli,24/25,2025,1,0.7331443,1,0
837205,Franco Ravizzoli,24/25,2025,1,0.73306876,1,0
638589,Ángel Algobia,24/25,2025,1,0.7330581,1,0
599060,Haik Moussakhanian,24/25,2025,1,0.73303115,1,0
741287,Diego Rosado,24/25,2025,1,0.73278314,1,0
409550,Andrea Giusti,24/25,2025,1,0.7327468,1,0
591353,Robinho,24/25,2025,1,0.7327148,1,0
1159022,Mateus Lusuardi,24/25,2025,1,0.7323577,1,0
247366,Marcos Mauro,24/25,2025,0,0.7322724,1,1
782632,Jibril Othman,24/25,2025,0,0.7322328,1,1
468314,Caio Lopes,24/25,2025,1,0.73215824,1,0
634928,Paul Álvarez,24/25,2025,0,0.73206776,1,1
455348,Víctor San Bartolomé,24/25,2025,1,0.73200154,1,0
162959,Daniele Rugani,24/25,2025,0,0.73197246,1,1
183298,Chris Long,24/25,2025,1,0.7318792,1,0
704234,Diego Fornari,24/25,2025,1,0.7318655,1,0
875253,Duccio Nannini,24/25,2025,1,0.73186034,1,0
614064,Jasper Moon,24/25,2025,0,0.7318019,1,1
457107,Ángel López,24/25,2025,1,0.7317347,1,0
336856,Luis Acosta,24/25,2025,0,0.73168594,1,1
522731,Pablo Bolado,24/25,2025,1,0.7316126,1,0
341647,Cengiz Ünder,24/25,2025,1,0.7315641,1,0
597106,Luiz Gustavo,24/25,2025,1,0.73155195,1,0
766764,Dani Lidueña,24/25,2025,1,0.7313706,1,0
930390,Nikolas Brandis,24/25,2025,0,0.7313428,1,1
217285,Filip Kusic,24/25,2025,1,0.7313266,1,0
935173,Manuel Rosetti,24/25,2025,1,0.7311698,1,0
418567,Markus Solbakken,24/25,2025,1,0.7311279,1,0
935782,Francesco Vallarelli,24/25,2025,1,0.730912,1,0
625066,Alejandro Ibarrondo,24/25,2025,1,0.73085886,1,0
240337,Antonio Arpino,24/25,2025,1,0.73078126,1,0
622258,Lukas Raab,24/25,2025,1,0.7307379,1,0
998321,Johan Bångsbo,24/25,2025,1,0.73073,1,0
919756,Karim Hüneburg,24/25,2025,1,0.730606,1,0
541867,Pitu Doncel,24/25,2025,0,0.7304955,1,1
168452,Gabriele Zerbo,24/25,2025,1,0.7304502,1,0
667066,Alessio Guerini,24/25,2025,0,0.730334,1,1
508153,Emmanuel Toku,24/25,2025,1,0.73027396,1,0
743327,Tamir Berman,24/25,2025,1,0.7302438,1,0
311146,Nikola Sipcic,24/25,2025,1,0.73019385,1,0
624347,Nikola Janjic,24/25,2025,1,0.7301184,1,0
517379,Housseine Zakouani,24/25,2025,1,0.7300491,1,0
633649,Adam Devine,24/25,2025,1,0.72977537,1,0
929871,Matteo Plaia,24/25,2025,1,0.72973275,1,0
1288196,Gabriel Cantonati,24/25,2025,1,0.72963685,1,0
73735,Juha Pirinen,24/25,2025,1,0.72956955,1,0
1187297,Nelson Zaba,24/25,2025,1,0.72955966,1,0
821501,Javi Antón,24/25,2025,1,0.72945404,1,0
230968,Alexandros Nikolias,24/25,2025,1,0.72944796,1,0
1225848,Álex Monerris,24/25,2025,1,0.7294184,1,0
898885,Manolis Faitakis,24/25,2025,0,0.729361,1,1
896526,Patrick Kelly,24/25,2025,1,0.72935694,1,0
644244,Enis Cokaj,24/25,2025,0,0.72919315,1,1
1103113,Daniele Balba,24/25,2025,1,0.7291256,1,0
244285,Sinan Kurt,24/25,2025,0,0.7291092,1,1
534121,Andrea Marino,24/25,2025,1,0.7290803,1,0
456647,Francesco Rillo,24/25,2025,0,0.7290512,1,1
924304,Adrián Dénes,24/25,2025,1,0.7290141,1,0
621770,Matías Vesprini,24/25,2025,1,0.7289796,1,0
667050,Dino Mehić,24/25,2025,1,0.72896814,1,0
1205219,Andrea Prandini,24/25,2025,1,0.7289622,1,0
543390,Mamadou Traoré,24/25,2025,1,0.72895044,1,0
581113,Bryan Fiabema,24/25,2025,0,0.7288694,1,1
586982,Levi Laing,24/25,2025,0,0.7288378,1,1
1188586,Alessandro Rossi,24/25,2025,1,0.7288103,1,0
1099652,Patrick Ouotro,24/25,2025,1,0.7287756,1,0
391672,Elias Kratzer,24/25,2025,1,0.7287648,1,0
423196,Gabriele Fumanti,24/25,2025,1,0.72851807,1,0
820723,Jan Urbich,24/25,2025,1,0.7284629,1,0
629718,Akileu Ndreca,24/25,2025,1,0.728383,1,0
1069869,Bruno Franco,24/25,2025,1,0.72836214,1,0
989819,Ivane Chegra,24/25,2025,1,0.7282694,1,0
128876,Dávid Kelemen,24/25,2025,0,0.7282602,1,1
783885,Iván Fernández,24/25,2025,1,0.7282468,1,0
249963,Adriano Schmidt,24/25,2025,1,0.7279689,1,0
724107,Luca Di Maggio,24/25,2025,1,0.727955,1,0
746145,Tomoyuki Doi,24/25,2025,1,0.72793806,1,0
177964,Yusupha Njie,24/25,2025,0,0.7278932,1,1
526784,Amadou Ciss,24/25,2025,1,0.7278858,1,0
97731,Salvatore Giglio,24/25,2025,1,0.727836,1,0
451282,Tamás Kiss,24/25,2025,1,0.7277784,1,0
351750,Léo Natel,24/25,2025,1,0.7276606,1,0
1056655,Rubén Quintanilla,24/25,2025,1,0.7274853,1,0
946730,Klahos Zani,24/25,2025,1,0.7274464,1,0
1041934,Jeremy Jorge,24/25,2025,1,0.7273462,1,0
187860,André Sousa,24/25,2025,0,0.72730607,1,1
160137,Tom Barkhuizen,24/25,2025,1,0.7272905,1,0
876626,Finn Delap,24/25,2025,0,0.72718394,1,1
391787,Alessandro Romairone,24/25,2025,1,0.72717905,1,0
421869,Nicholas Rizzo,24/25,2025,1,0.72713244,1,0
733235,Goma,24/25,2025,0,0.7271131,1,1
935842,Alexandr Urban,24/25,2025,1,0.72705024,1,0
503327,Teddy Okou,24/25,2025,1,0.7269469,1,0
433183,Tommy Doyle,24/25,2025,1,0.726898,1,0
929573,Joel Silva,24/25,2025,1,0.7268938,1,0
741098,César Yanis,24/25,2025,0,0.72680616,1,1
542570,Roberto Pierno,24/25,2025,1,0.72677064,1,0
631050,Alfonso Liceras,24/25,2025,0,0.7265304,1,1
204180,Atabey Çiçek,24/25,2025,0,0.726513,1,1
490616,Sergio Nieto,24/25,2025,1,0.726324,1,0
935088,Dani García,24/25,2025,1,0.72625333,1,0
602156,Guillem Molina,24/25,2025,1,0.72617376,1,0
1164510,Gabriel Graziani,24/25,2025,1,0.7260577,1,0
668277,Alan Godoy,24/25,2025,1,0.72604066,1,0
614500,Mattia Sangalli,24/25,2025,0,0.72594404,1,1
326030,Ché Nunnely,24/25,2025,1,0.725533,1,0
967823,Adrián Bobi,24/25,2025,1,0.72548705,1,0
709377,Andrés Campos,24/25,2025,1,0.72547126,1,0
337798,Abdu Conté,24/25,2025,1,0.725236,1,0
1056760,Michael Manuzzi,24/25,2025,1,0.72501415,1,0
627218,Txus Alba,24/25,2025,1,0.72497344,1,0
610383,Filippo Frison,24/25,2025,1,0.7248048,1,0
983138,Mattia Maffei,24/25,2025,1,0.72479016,1,0
996478,Samuel Hodur,24/25,2025,0,0.7247066,1,1
1088323,Javi Sola,24/25,2025,0,0.72470295,1,1
74559,Moritz Göttel,24/25,2025,1,0.72469616,1,0
691486,Filippo Di Natale,24/25,2025,1,0.7246649,1,0
917781,Matti Wagner,24/25,2025,1,0.72451824,1,0
461727,Francesco Palermo,24/25,2025,1,0.72447264,1,0
492000,Nikola Gavric,24/25,2025,1,0.72442913,1,0
602767,Justin Forst,24/25,2025,1,0.72439593,1,0
1053207,Curro Domínguez,24/25,2025,1,0.724349,1,0
666614,Clement Ikenna,24/25,2025,0,0.72426176,1,1
486031,Nico González,24/25,2025,1,0.7242185,1,0
930766,Giuseppe Mazzola,24/25,2025,1,0.7240513,1,0
89368,Borja García,24/25,2025,0,0.723989,1,1
521475,Bryan Hein,24/25,2025,1,0.7239525,1,0
1191677,András Perczel,24/25,2025,1,0.7239297,1,0
128036,Bright Addae,24/25,2025,0,0.7238917,1,1
1086495,Edoardo Nunziati,24/25,2025,0,0.7238529,1,1
815384,Matheus Dias,24/25,2025,1,0.7238358,1,0
1152997,Mateo Scheffer Bracco,24/25,2025,1,0.72375935,1,0
934208,Diego Voncina,24/25,2025,1,0.72374296,1,0
908946,Niklas Castelle,24/25,2025,1,0.7236411,1,0
708388,Adrián Corral,24/25,2025,1,0.72349405,1,0
270988,Ben Purrington,24/25,2025,1,0.72346807,1,0
533506,Lazar Vujanic,24/25,2025,1,0.7233996,1,0
531973,Gianluigi Sueva,24/25,2025,1,0.723364,1,0
914853,Spyros Angelidis,24/25,2025,1,0.72330976,1,0
307924,Mergim Berisha,24/25,2025,0,0.7232895,1,1
455610,Thomas Erman,24/25,2025,1,0.7232671,1,0
842802,Javier Akapo,24/25,2025,1,0.72326505,1,0
340425,Zan Medved,24/25,2025,1,0.7231624,1,0
459953,Giacomo Manzari,24/25,2025,1,0.7230454,1,0
293228,Dario Saric,24/25,2025,1,0.7229732,1,0
1061277,Germán García,24/25,2025,0,0.72279435,1,1
842764,Moudjatovic,24/25,2025,0,0.7227625,1,1
867784,Davide Aloia,24/25,2025,1,0.7227469,1,0
335593,Ben Barclay,24/25,2025,1,0.72265536,1,0
344151,Bilal Boutobba,24/25,2025,1,0.72250956,1,0
723733,Bernardo Folha,24/25,2025,0,0.7223613,1,1
296704,Jaume Valens,24/25,2025,1,0.72235334,1,0
721468,Víctor Morales,24/25,2025,1,0.72229517,1,0
405885,Giacomo Raspadori,24/25,2025,1,0.72206813,1,0
676277,Pietro Bruni,24/25,2025,1,0.72188735,1,0
549758,Jurguens Montenegro,24/25,2025,1,0.7218846,1,0
331376,Werick Caetano,24/25,2025,1,0.72181904,1,0
304319,Milos Zukanovic,24/25,2025,1,0.7217092,1,0
1054209,Mahamadou Baldé,24/25,2025,1,0.7216951,1,0
620764,Elvir Zukaj,24/25,2025,1,0.7216743,1,0
885858,Riccardo De Zen,24/25,2025,0,0.72158456,1,1
589456,Rafa Núñez,24/25,2025,1,0.7214931,1,0
947432,Marcos Fernández,24/25,2025,0,0.72137296,1,1
976219,Lorenzo Carfora,24/25,2025,0,0.7212844,1,1
975348,Joan Tincres,24/25,2025,0,0.7209618,1,1
1055871,Paolo De Lucci,24/25,2025,1,0.7209281,1,0
823525,Lorenzo Villa,24/25,2025,1,0.7207945,1,0
468549,Tamir Glazer,24/25,2025,1,0.7205515,1,0
240197,Isaac Donkor,24/25,2025,1,0.72053057,1,0
328850,Giorgio Recino,24/25,2025,1,0.7204999,1,0
1151716,Mounir Jebbar,24/25,2025,1,0.7204603,1,0
938179,Luca Gramignoli,24/25,2025,1,0.720421,1,0
395870,Francesco Verde,24/25,2025,1,0.7204062,1,0
1153675,Pedro Ramos,24/25,2025,0,0.7202815,1,1
1056096,Eghosa Bello,24/25,2025,1,0.7202206,1,0
796216,Emmanuel Gyamfi,24/25,2025,1,0.72008544,1,0
344415,Dominik Steczyk,24/25,2025,0,0.7200537,1,1
1153922,Dylan Iglesias,24/25,2025,1,0.7198902,1,0
340325,Reiss Nelson,24/25,2025,1,0.719875,1,0
421768,Alessandro Cortinovis,24/25,2025,0,0.7198288,1,1
575212,Isaac Fletcher,24/25,2025,0,0.71982616,1,1
432224,Mateo Karamatic,24/25,2025,1,0.7197594,1,0
818507,Andrea Sorrentino,24/25,2025,1,0.71972454,1,0
530927,Silvian Matei,24/25,2025,1,0.7197068,1,0
1060196,Claudio Giardino,24/25,2025,1,0.71970165,1,0
287764,Luca Procacci,24/25,2025,0,0.71970105,1,1
1063856,Abdoulaye Traoré,24/25,2025,0,0.7196621,1,1
628463,Adrián Gómez,24/25,2025,1,0.71961457,1,0
949472,Fabricio,24/25,2025,1,0.7195709,1,0
523978,Luis Vacas,24/25,2025,1,0.7194966,1,0
906339,Antonio Jozanovic,24/25,2025,1,0.7194901,1,0
854085,Ivan Mensah,24/25,2025,1,0.7194258,1,0
734736,Hassimi Fadiga,24/25,2025,1,0.71935916,1,0
560988,Azzan Al-Tamtami,24/25,2025,1,0.71926475,1,0
1185755,Samuele Sina,24/25,2025,1,0.7191544,1,0
391780,Derrick Köhn,24/25,2025,1,0.7191212,1,0
1062967,Jon Merino,24/25,2025,1,0.7190954,1,0
908621,Nabil Aberdin,24/25,2025,0,0.71898586,1,1
616823,Alain García,24/25,2025,1,0.7187311,1,0
336736,Daniel Lasure,24/25,2025,1,0.718703,1,0
715690,Sergio Navarro,24/25,2025,0,0.7185476,1,1
1283847,Mattia Panzera,24/25,2025,1,0.71853757,1,0
1123002,Gerardo Agnelli,24/25,2025,0,0.71844983,1,1
187290,Kevin Brobbey,24/25,2025,1,0.7182755,1,0
724178,Luis Hasa,24/25,2025,1,0.7181569,1,0
571743,Armando Broja,24/25,2025,1,0.7181229,1,0
571116,Eyram Leveh,24/25,2025,1,0.7180948,1,0
700664,Balázs Farkas,24/25,2025,1,0.71804076,1,0
1226103,Tijan Sonha,24/25,2025,1,0.717947,1,0
710675,Nowend Lorenzo,24/25,2025,1,0.71735775,1,0
964590,Kaique Pereira,24/25,2025,1,0.71711516,1,0
1053228,Matteo Fravola,24/25,2025,1,0.7170824,1,0
197468,Davide Agazzi,24/25,2025,0,0.7170394,1,1
710000,David Cuenca,24/25,2025,1,0.7169795,1,0
341724,Relu,24/25,2025,1,0.716703,1,0
938431,Marko Kerkez,24/25,2025,1,0.7166653,1,0
354664,Junior Flemmings,24/25,2025,0,0.7165874,1,1
1177641,Samuel Bockay,24/25,2025,1,0.7163372,1,0
907633,Giorgio Citterio,24/25,2025,0,0.7160178,1,1
1231367,Filippo Pedone,24/25,2025,1,0.7159462,1,0
1296876,Marc Domènech,24/25,2025,0,0.71575445,1,1
924497,Lorenzo Orellano,24/25,2025,1,0.71570504,1,0
522669,Georgios Manousakis,24/25,2025,1,0.7156869,1,0
810067,Louis Mouquet,24/25,2025,1,0.7152896,1,0
321895,Youssouf Dao,24/25,2025,0,0.7152886,1,1
346181,Oli Hawkins,24/25,2025,1,0.71515095,1,0
1332569,Luigi De Simone,24/25,2025,1,0.7151117,1,0
1049439,Alessio Porzio,24/25,2025,0,0.71510875,1,1
1056169,Lorenzo Giorgi,24/25,2025,1,0.7149192,1,0
548590,Najm Shwan,24/25,2025,1,0.7148985,1,0
928591,Tiziano Vianello,24/25,2025,1,0.7147886,1,0
452192,Paul Grave,24/25,2025,1,0.71460897,1,0
532107,Ben Folami,24/25,2025,0,0.71455115,1,1
1078990,Markel Arana,24/25,2025,1,0.71439797,1,0
471466,Lorenzo Barzon,24/25,2025,1,0.71438247,1,0
866916,Tom Negrel,24/25,2025,0,0.7143684,1,1
531909,Jordan Gele,24/25,2025,1,0.7143621,1,0
315209,Çekdar Orhan,24/25,2025,0,0.7143068,1,1
359212,Richárd Zsolnai,24/25,2025,1,0.7142506,1,0
631068,Mike Cevallos,24/25,2025,1,0.71420896,1,0
267093,Milos Milovic,24/25,2025,1,0.71399546,1,0
771032,Andrés Rodríguez,24/25,2025,1,0.713911,1,0
610649,Ryan Alebiosu,24/25,2025,1,0.71391016,1,0
388363,Maximilian Bauer,24/25,2025,0,0.7138186,1,1
829736,Rico Wuttke,24/25,2025,1,0.7137992,1,0
448705,Diant Ramaj,24/25,2025,1,0.71378,1,0
933253,Bernie Lennemann,24/25,2025,0,0.7136994,1,1
392179,Hjalmar Ekdal,24/25,2025,0,0.7136048,1,1
566658,Adolfo Romero,24/25,2025,1,0.7135594,1,0
1111776,Ibou Sané,24/25,2025,0,0.7135584,1,1
333498,Dino Halilovic,24/25,2025,1,0.7135165,1,0
617645,Luigi Gianfreda,24/25,2025,1,0.71349597,1,0
1042216,Tibor Jager,24/25,2025,1,0.7134172,1,0
942497,Jahmai Simpson-Pusey,24/25,2025,1,0.71322614,1,0
120980,Aaron Muirhead,24/25,2025,1,0.71321,1,0
924759,Luca Lechner,24/25,2025,1,0.7131302,1,0
1091219,Abdoulaye Kanté,24/25,2025,1,0.7128601,1,0
319231,Claudiu Micovschi,24/25,2025,0,0.7128499,1,1
767258,Juanan Aguilera,24/25,2025,0,0.71282077,1,1
514280,Pepijn Doesburg,24/25,2025,0,0.71269906,1,1
164893,Márk Jagodics,24/25,2025,1,0.7125961,1,0
710860,Leandro Alves,24/25,2025,0,0.71257645,1,1
654511,Yuya Yoshimura,24/25,2025,1,0.71244556,1,0
846543,Noa Zuliani,24/25,2025,1,0.71234936,1,0
454321,Jorge Benguché,24/25,2025,0,0.71234566,1,1
907087,Berkay Yilmaz,24/25,2025,0,0.71224296,1,1
564968,Francisco Meixedo,24/25,2025,1,0.71223426,1,0
672881,Paolo Coly,24/25,2025,1,0.7120666,1,0
704594,Danil Ankudinov,24/25,2025,1,0.71191055,1,0
394345,Mohamed Rabbas,24/25,2025,1,0.7118799,1,0
1052726,Edu Sánchez,24/25,2025,1,0.71179545,1,0
882917,Alessio Aprile,24/25,2025,1,0.71174246,1,0
457031,Ibrahima Ndiaye,24/25,2025,1,0.71169126,1,0
1068036,Niccolò Abbà,24/25,2025,0,0.7116542,1,1
90772,Cem Ekinci,24/25,2025,1,0.7115431,1,0
687464,Franko Sabljic,24/25,2025,1,0.71153396,1,0
466813,Miguelete,24/25,2025,0,0.7114945,1,1
870093,Pablo García,24/25,2025,1,0.71145445,1,0
666918,Jordi Ortega,24/25,2025,1,0.71142423,1,0
461843,Juan Berrocal,24/25,2025,1,0.711398,1,0
1281601,Leonardo Tassi,24/25,2025,1,0.71135557,1,0
196785,Emanuel Taffertshofer,24/25,2025,1,0.7113224,1,0
704720,Cosimo Severi,24/25,2025,0,0.7112095,1,1
428746,Eric Ramírez,24/25,2025,1,0.71119875,1,0
786438,Jony Álamo,24/25,2025,1,0.71099025,1,0
933059,Tommaso Raineri,24/25,2025,1,0.71097195,1,0
435406,Demba Thiam,24/25,2025,1,0.71090436,1,0
146519,Haythem Jouini,24/25,2025,1,0.71090156,1,0
356474,Leon Augusto,24/25,2025,0,0.7106269,1,1
961985,Borja Calvo,24/25,2025,1,0.710614,1,0
583641,Antonee Burke-Gilroy,24/25,2025,0,0.7105781,1,1
510545,Jesús Jiménez,24/25,2025,1,0.71056235,1,0
1054429,Carlos Guirao,24/25,2025,0,0.71054435,1,1
198300,Marco Moras,24/25,2025,0,0.7105256,1,1
1326570,Matteo Zenoni,24/25,2025,1,0.71044713,1,0
212229,Halil Akbunar,24/25,2025,0,0.71040845,1,1
934651,Leon Çalışkan,24/25,2025,1,0.71038824,1,0
648509,Fourat Soltani,24/25,2025,1,0.7102831,1,0
237923,Sotiris Tsiloulis,24/25,2025,1,0.71020687,1,0
554463,Gustavo Souza,24/25,2025,1,0.7102052,1,0
345748,Andreas Bruus,24/25,2025,1,0.71017563,1,0
89650,Johannes Geis,24/25,2025,1,0.7101105,1,0
331389,Andrés Tello,24/25,2025,1,0.71010923,1,0
598101,Roberto Fernández,24/25,2025,1,0.7100921,1,0
1058858,Andrea Di Siena,24/25,2025,0,0.7097975,1,1
458134,Davide Barosi,24/25,2025,0,0.7097925,1,1
717952,Mario de Luis,24/25,2025,1,0.7097762,1,0
531274,Diego Fuoli,24/25,2025,1,0.7097019,1,0
430310,Andrew Irving,24/25,2025,0,0.7096719,1,1
596821,Scott Banks,24/25,2025,1,0.7096463,1,0
1290030,Niccolò Cavallotti,24/25,2025,1,0.7092042,1,0
1176566,Nicolas Naso,24/25,2025,1,0.70906955,1,0
320826,Ayodele Adetula,24/25,2025,1,0.708957,1,0
1065998,Edoardo Olivieri,24/25,2025,1,0.708897,1,0
394346,Emanuel Vignato,24/25,2025,1,0.70886797,1,0
562421,Onni Tiihonen,24/25,2025,0,0.70873344,1,1
1083228,Davide Ruffato,24/25,2025,1,0.70843375,1,0
282694,Augusto Solari,24/25,2025,1,0.7083986,1,0
339584,Robert Mudrazija,24/25,2025,1,0.7083385,1,0
417575,Uros Racic,24/25,2025,1,0.70808184,1,0
663244,Jota Silva,24/25,2025,1,0.7080424,1,0
85380,Andrea Seculin,24/25,2025,1,0.70800114,1,0
434433,Nikola Krstović,24/25,2025,1,0.70791656,1,0
695506,Francisco Varela,24/25,2025,1,0.7078944,1,0
830304,Gellért Dúzs,24/25,2025,0,0.70780194,1,1
892421,Alex Quevedo,24/25,2025,0,0.7077632,1,1
335821,George Ganea,24/25,2025,0,0.70771784,1,1
834754,Ibai Sanz,24/25,2025,0,0.707622,1,1
331503,Alejandro Viedma,24/25,2025,1,0.7075744,1,0
986231,Elia Caneva,24/25,2025,1,0.7075341,1,0
342876,Didier Desprez,24/25,2025,1,0.70741826,1,0
627624,Lorenzo Peschetola,24/25,2025,0,0.7074029,1,1
341317,Oliver Burke,24/25,2025,1,0.7073279,1,0
120029,Džiugas Bartkus,24/25,2025,1,0.7073189,1,0
417669,Christos Kountouriotis,24/25,2025,1,0.70726806,1,0
1066452,Mattia Mascella,24/25,2025,0,0.70705533,1,1
178459,Davie Selke,24/25,2025,1,0.7070212,1,0
503161,Denzel Tawiah,24/25,2025,1,0.7068117,1,0
744941,Sekou Lega,24/25,2025,1,0.7065543,1,0
498000,Gavin Didzilatis,24/25,2025,1,0.7065007,1,0
634452,Pablo García,24/25,2025,1,0.7064336,1,0
1135091,Victor Rodriguez,24/25,2025,1,0.70632774,1,0
848657,Luka Lecic,24/25,2025,0,0.70628893,1,1
59615,Alessandro De Respinis,24/25,2025,1,0.7062418,1,0
158118,Tarkan Serbest,24/25,2025,0,0.70622593,1,1
1031607,Nico Petras,24/25,2025,1,0.70622337,1,0
344508,Remzifaik Selmani,24/25,2025,1,0.7061608,1,0
199633,Raman Chibsah,24/25,2025,1,0.70611465,1,0
83256,Özkan Yıldırım,24/25,2025,1,0.705978,1,0
723667,Brahima Diarra,24/25,2025,0,0.70594233,1,1
130484,Marco Cuomo,24/25,2025,0,0.705773,1,1
353396,Dylan Mboumbouni,24/25,2025,1,0.7055792,1,0
914195,Yutaka Michiwaki,24/25,2025,0,0.70557404,1,1
227347,Valentin Antov,24/25,2025,0,0.7055296,1,1
719986,Fito,24/25,2025,0,0.7055237,1,1
941883,Martín Tejón,24/25,2025,1,0.70544225,1,0
948606,Téo James Michel,24/25,2025,1,0.7053299,1,0
877672,Ali Jasim,24/25,2025,1,0.70481235,1,0
916429,Kelvin Patrick,24/25,2025,1,0.70456743,1,0
55595,Benjamin Mokulu,24/25,2025,1,0.7045341,1,0
442493,Kornél Csernik,24/25,2025,1,0.7044636,1,0
567479,Alberto Simoni,24/25,2025,1,0.7043737,1,0
481009,Teddy Sutherland,24/25,2025,1,0.70437235,1,0
352832,Pepo,24/25,2025,0,0.7042526,1,1
503291,Rayan Ghrieb,24/25,2025,1,0.7042338,1,0
352597,Lado Mokhevishvili,24/25,2025,1,0.7042116,1,0
583767,Semir Telalovic,24/25,2025,1,0.70416963,1,0
736340,Mattia Pretato,24/25,2025,0,0.704085,1,1
373374,Brian Mansilla,24/25,2025,1,0.7040081,1,0
95737,Bassel Jradi,24/25,2025,1,0.7038663,1,0
342240,Thijmen Goppel,24/25,2025,1,0.70384824,1,0
284737,Törles Knöll,24/25,2025,0,0.70379305,1,1
805835,Rémy Vita,24/25,2025,1,0.70359486,1,0
809180,Teddy Averlant,24/25,2025,1,0.70340097,1,0
69457,Richi de Souza,24/25,2025,0,0.70336944,1,1
408494,Lorenzo Zerbato,24/25,2025,0,0.7033391,1,1
662701,Joao Grimaldo,24/25,2025,0,0.7032532,1,1
1063198,Andor Lapu,24/25,2025,1,0.7032194,1,0
374142,Manu Sánchez,24/25,2025,1,0.70321065,1,0
1055864,Simone Verdosci,24/25,2025,1,0.703037,1,0
337310,Lamin Jallow,24/25,2025,1,0.70283014,1,0
466587,Michal Zapletal,24/25,2025,0,0.7027559,1,1
503032,Edu Frías,24/25,2025,0,0.70271397,1,1
430764,Alberto Senese,24/25,2025,1,0.702615,1,0
932738,Emanuele Sichi,24/25,2025,1,0.70260817,1,0
587700,Pascal Kokott,24/25,2025,1,0.7025517,1,0
1054346,Antonio Delaj,24/25,2025,1,0.70242417,1,0
89708,Junior Fernandes,24/25,2025,1,0.7021915,1,0
621370,Matías Palacios,24/25,2025,0,0.7021363,1,1
1123927,Tommaso Lagomarsino,24/25,2025,1,0.70205736,1,0
267035,Jannes Vollert,24/25,2025,0,0.70203036,1,1
193050,Valmir Sulejmani,24/25,2025,1,0.70200586,1,0
535958,Ricardo Matos,24/25,2025,1,0.70197624,1,0
355397,Víctor Pastrana,24/25,2025,1,0.70185286,1,0
1108584,Adam Rasheed,24/25,2025,0,0.7017982,1,1
230210,Lolo Plá,24/25,2025,1,0.7017525,1,0
431581,Edoardo Duca,24/25,2025,1,0.70174736,1,0
1226095,Miguel Ángel Abad,24/25,2025,0,0.7017092,1,1
332823,Adrian Justinussen,24/25,2025,0,0.7016393,1,1
627408,Edwin Rodríguez,24/25,2025,0,0.70158833,1,1
1132749,Alex Sánchez,24/25,2025,0,0.70147103,1,1
239584,Matteo Gerbaudo,24/25,2025,1,0.7014657,1,0
240889,Anas Ouahim,24/25,2025,1,0.7014143,1,0
634110,Pablo Santiago,24/25,2025,1,0.7013578,1,0
531783,Rob Atkinson,24/25,2025,0,0.7013473,1,1
1196322,Riccardo Pasquetto,24/25,2025,0,0.701346,1,1
1064122,Valen Gómez,24/25,2025,1,0.70133305,1,0
466808,Jaume Cuéllar,24/25,2025,0,0.7012537,1,1
349570,Diney Borges,24/25,2025,0,0.7011366,1,1
938678,Leonardo Mendicino,24/25,2025,1,0.7010998,1,0
719720,David Argüelles,24/25,2025,1,0.7010843,1,0
935228,Dani Vicente,24/25,2025,1,0.70089483,1,0
404959,Gabriele Fabbian,24/25,2025,0,0.7008176,1,1
929864,Rafa Fernández,24/25,2025,1,0.7007349,1,0
507494,Guillaume Furrer,24/25,2025,1,0.70072293,1,0
522954,Georgios Moustakopoulos,24/25,2025,1,0.7006475,1,0
647323,Hiran Ahmed,24/25,2025,1,0.7005935,1,0
695646,Charles Boli,24/25,2025,1,0.70058376,1,0
791694,Luís Ribeiro,24/25,2025,1,0.70052487,1,0
1061810,Karol Di Mauro,24/25,2025,0,0.700449,1,1
1044645,Alejandro Palop,24/25,2025,1,0.7003937,1,0
716898,Luka Hyryläinen,24/25,2025,1,0.7003495,1,0
572910,Benjamin Luis,24/25,2025,1,0.7002091,1,0
411544,Sherwin Seedorf,24/25,2025,1,0.7002052,1,0
550580,Shuto Machino,24/25,2025,1,0.7001891,1,0
227314,Nelson Bonilla,24/25,2025,1,0.70013523,1,0
544258,Elios Minaj,24/25,2025,0,0.70012367,1,1
336070,Álvaro Casas,24/25,2025,1,0.70011735,1,0
1176418,Owen Stirton,24/25,2025,1,0.70008194,1,0
1184961,Filippo Piva,24/25,2025,1,0.70006984,1,0
713355,Samuel Calderoni,24/25,2025,1,0.70004344,1,0
81173,Janis Blaswich,24/25,2025,1,0.69952637,1,0
701052,Bilal Kandoussi,24/25,2025,1,0.6994596,1,0
112583,Diego Michiels,24/25,2025,0,0.69938624,1,1
824200,Franco de Jesús,24/25,2025,1,0.6993348,1,0
396114,Víctor Morillo,24/25,2025,1,0.69922286,1,0
975689,Óscar Cortés,24/25,2025,1,0.6990164,1,0
727578,David Astals,24/25,2025,1,0.69895685,1,0
557612,Sékou Mara,24/25,2025,1,0.698923,1,0
392777,Jonathan Panzo,24/25,2025,1,0.69878125,1,0
346855,Matteo Meisl,24/25,2025,1,0.6987679,1,0
267674,Gabriel Colombatti,24/25,2025,0,0.69864285,1,1
151620,Gergő Nagy,24/25,2025,1,0.6986159,1,0
146761,Roberto Guitto,24/25,2025,0,0.698508,1,1
170838,Salih Uçan,24/25,2025,0,0.69844455,1,1
960983,Agus Moreno,24/25,2025,1,0.69841295,1,0
623718,Konstantinos Roukounakis,24/25,2025,1,0.6984101,1,0
320426,Andrea Gulli,24/25,2025,1,0.69830334,1,0
141654,Michele Fornasier,24/25,2025,0,0.6982749,1,1
341717,Miguel Acosta,24/25,2025,1,0.6981324,1,0
603691,Ernestas Juškevičius,24/25,2025,1,0.6980246,1,0
931782,Juanmi Durán,24/25,2025,1,0.69800806,1,0
646737,Marcos Denia,24/25,2025,1,0.6979613,1,0
545332,Mikkel Kaufmann,24/25,2025,0,0.69795835,1,1
803421,Max Conway,24/25,2025,0,0.69785076,1,1
993666,Mouhamed Diallo,24/25,2025,0,0.697638,1,1
358011,Giorgio Losa,24/25,2025,0,0.6976362,1,1
802949,Nicolas Perotta,24/25,2025,1,0.69746524,1,0
614546,Sergio León,24/25,2025,1,0.6974146,1,0
278343,Felix Uduokhai,24/25,2025,1,0.69710535,1,0
196831,Charmaine Häusl,24/25,2025,1,0.697072,1,0
567454,Lorenzo Lucchesi,24/25,2025,1,0.697009,1,0
459180,Riccardo Spaltro,24/25,2025,1,0.69698894,1,0
1348532,Juanma Cordero,24/25,2025,0,0.6969068,1,1
729109,Leonardo Francalanci,24/25,2025,1,0.6968534,1,0
1108739,Riccardo Pavesi,24/25,2025,0,0.69659245,1,1
352425,Witiness Quembo,24/25,2025,1,0.69649154,1,0
991486,Iván Quivira,24/25,2025,1,0.69647,1,0
574448,Harry Tyrer,24/25,2025,0,0.6964482,1,1
882721,Matteo Agrimi,24/25,2025,0,0.696222,1,1
973690,Luca Lohr,24/25,2025,1,0.69617385,1,0
197880,Raphael Guzzo,24/25,2025,1,0.695923,1,0
938452,Claudio Cristallo,24/25,2025,1,0.69579333,1,0
653065,Bahattin Karahan,24/25,2025,1,0.69578224,1,0
604455,Adar Ratner,24/25,2025,0,0.69564325,1,1
520068,Petr Kudakovskiy,24/25,2025,1,0.6956218,1,0
355456,Diego Valenti,24/25,2025,1,0.6954335,1,0
836493,Gonzalo Abrego,24/25,2025,0,0.6953418,1,1
73951,Kehinde Fatai,24/25,2025,1,0.6952043,1,0
823893,Giovanni Zito,24/25,2025,1,0.69519895,1,0
262391,Lluís López,24/25,2025,1,0.6951937,1,0
1051090,Samuele Magni,24/25,2025,0,0.6950428,1,1
833369,Amine Groune,24/25,2025,1,0.69502586,1,0
724023,Ondrej Kukucka,24/25,2025,1,0.69501704,1,0
814848,Owen Goodman,24/25,2025,1,0.69493306,1,0
737256,Manuel Botta,24/25,2025,1,0.6948785,1,0
609651,Alexandros Tereziou,24/25,2025,1,0.694877,1,0
1195327,Shayibu Abubakari,24/25,2025,1,0.6947628,1,0
185109,Ellis Harrison,24/25,2025,1,0.69465876,1,0
396646,Guy Dahan,24/25,2025,0,0.6943044,1,1
940135,Christos Papadopoulos,24/25,2025,1,0.6942195,1,0
204654,Bashkim Velija,24/25,2025,1,0.69401324,1,0
802205,Danilo Bajraktari,24/25,2025,0,0.6939839,1,1
867042,Antoan Stoyanov,24/25,2025,1,0.69370943,1,0
706017,Riccardo Sganzerla,24/25,2025,0,0.6936484,1,1
589753,Ilija Masic,24/25,2025,0,0.6935421,1,1
420465,Tiago Djaló,24/25,2025,1,0.6934977,1,0
1056315,Davide Lazzaro,24/25,2025,1,0.69341016,1,0
550108,Nicola Zalewski,24/25,2025,1,0.6932081,1,0
707785,Guglielmo Mignani,24/25,2025,1,0.6931364,1,0
1175942,Davide Chiandussi,24/25,2025,1,0.69306755,1,0
357148,Diogo Queirós,24/25,2025,1,0.6930192,1,0
274753,Carlos Gutiérrez,24/25,2025,1,0.6929443,1,0
754435,Rodrigo Callegari,24/25,2025,1,0.6928899,1,0
635944,Nico Conesa,24/25,2025,1,0.6928301,1,0
226181,Amir Bilali,24/25,2025,1,0.6926171,1,0
339919,Iliya Yurukov,24/25,2025,1,0.69252044,1,0
882765,Alessandro Borgo,24/25,2025,0,0.6924976,1,1
524924,Mattia Trinchera,24/25,2025,0,0.69244325,1,1
673971,Franklin Sasere,24/25,2025,1,0.692388,1,0
885226,Riyad Idrissi,24/25,2025,0,0.6922925,1,1
349905,Cesare Pogliano,24/25,2025,0,0.69228435,1,1
1310864,Riccardo Iacoponi,24/25,2025,1,0.6922244,1,0
512061,Cristian Fernández,24/25,2025,0,0.69216305,1,1
126118,Kamil Wiktorski,24/25,2025,1,0.6921138,1,0
602223,Kay Seidemann,24/25,2025,0,0.69206333,1,1
254039,José Antonio Caro,24/25,2025,0,0.6920492,1,1
665525,Jayson Papeau,24/25,2025,1,0.69161886,1,0
1174733,Emiliano Bugari,24/25,2025,1,0.69153464,1,0
164344,Simone D'Anna,24/25,2025,0,0.69127274,1,1
465255,Tommaso Gentile,24/25,2025,1,0.6911692,1,0
690488,Aleksandar Vasiljevic,24/25,2025,0,0.6910891,1,1
1183411,Karel Pérez,24/25,2025,1,0.69108695,1,0
1262995,Chiemeka Azurunwa,24/25,2025,1,0.6909391,1,0
692739,Miraç Asıltekin,24/25,2025,1,0.6908537,1,0
645774,Eren Dinkçi,24/25,2025,0,0.69080377,1,1
679680,Julian Bell,24/25,2025,1,0.69079447,1,0
1243090,Ilya Vasin,24/25,2025,0,0.69078153,1,1
801357,Gabriel Pellegrino,24/25,2025,1,0.69077367,1,0
1048337,Foster Gyamfi,24/25,2025,0,0.6906957,1,1
1174855,Dominik Hegedus,24/25,2025,0,0.6906621,1,1
1065266,Ander Ibáñez,24/25,2025,1,0.69038886,1,0
632497,Miquel Llabrés,24/25,2025,0,0.69034684,1,1
1230033,Edmond Lenghel,24/25,2025,1,0.69023424,1,0
377851,Mitar Cukovic,24/25,2025,1,0.69013226,1,0
418215,Ricardo Farcaș,24/25,2025,1,0.6900741,1,0
1254491,Fran Sabina,24/25,2025,0,0.68994766,1,1
816012,Gino Costanzo,24/25,2025,0,0.68993163,1,1
802214,Melsi Cereni,24/25,2025,1,0.68979305,1,0
246836,Momcilo Raspopovic,24/25,2025,1,0.6896189,1,0
804028,Kevin Lebersorger,24/25,2025,1,0.689523,1,0
153754,Hasan Kılıç,24/25,2025,1,0.6894906,1,0
1056273,Edoardo Negri,24/25,2025,1,0.68947804,1,0
312760,Andrija Filipovic,24/25,2025,1,0.6894591,1,0
622526,Dani Satoca,24/25,2025,1,0.6894015,1,0
709962,Pol Muñoz,24/25,2025,1,0.68937945,1,0
312245,Ryan Moon,24/25,2025,1,0.6893659,1,0
639246,Hyeon-gyu Oh,24/25,2025,0,0.6892846,1,1
89654,Edisson Jordanov,24/25,2025,1,0.6892681,1,0
894517,Dren Terrnava,24/25,2025,1,0.6891605,1,0
922977,Petr Mirvald,24/25,2025,1,0.6889732,1,0
987811,Ifeanyi David Nduka,24/25,2025,1,0.6889438,1,0
815495,Daniel Matteucci,24/25,2025,0,0.68894297,1,1
742023,Romildo Del Piage,24/25,2025,1,0.68885875,1,0
601893,Karl Albers,24/25,2025,1,0.68885696,1,0
1062525,Álex Serradell,24/25,2025,1,0.6887663,1,0
799138,Oliver Maric,24/25,2025,0,0.688541,1,1
1058990,Edoardo Salvador,24/25,2025,1,0.6884741,1,0
934136,Francesco Minerva,24/25,2025,1,0.6880605,1,0
440737,Nemanja Tosic,24/25,2025,0,0.6879659,1,1
814982,Marc Enke,24/25,2025,1,0.6879654,1,0
613968,Evagoras Antoniou,24/25,2025,0,0.687744,1,1
668552,Darío Sarmiento,24/25,2025,1,0.68771833,1,0
1078416,Bradel Kiwa,24/25,2025,0,0.6876591,1,1
971775,Kikín,24/25,2025,0,0.68764335,1,1
447823,Oier Luengo,24/25,2025,0,0.6875895,1,1
710881,David Ovsonka,24/25,2025,1,0.68752795,1,0
844755,Ekhiotz Orobio,24/25,2025,1,0.6875152,1,0
348553,Pablo Clavería,24/25,2025,0,0.6874836,1,1
930751,Iacopo Casani,24/25,2025,1,0.68735874,1,0
818538,Francesco Sena,24/25,2025,0,0.6873241,1,1
285591,Luca Guadalupi,24/25,2025,1,0.6873052,1,0
491960,Benito,24/25,2025,1,0.6872885,1,0
1143097,Piet Scobel,24/25,2025,1,0.68719316,1,0
161484,Lee Erwin,24/25,2025,1,0.6868588,1,0
977382,Yeiner Londoño,24/25,2025,1,0.6865215,1,0
342350,Francesco D'Orsi,24/25,2025,0,0.6864846,1,1
1070312,Nathan Tronchet,24/25,2025,1,0.6864348,1,0
1082519,Charlys,24/25,2025,1,0.6863952,1,0
1185116,Zalán Gregor,24/25,2025,1,0.6863343,1,0
966905,Marco Ladisa,24/25,2025,0,0.6862906,1,1
418208,Ionuț Rus,24/25,2025,0,0.6861724,1,1
345189,Luka Lochoshvili,24/25,2025,1,0.686172,1,0
309841,Andre Green,24/25,2025,1,0.68613654,1,0
1013106,Guillem Terma,24/25,2025,1,0.68606585,1,0
699018,Zac Ashworth,24/25,2025,0,0.6860002,1,1
823486,Michael Kayode,24/25,2025,1,0.6859606,1,0
721669,Dominik Földi,24/25,2025,0,0.6859486,1,1
818850,Bilario Azizi,24/25,2025,1,0.68585855,1,0
937956,Pau Prim,24/25,2025,1,0.68575525,1,0
634374,Macula,24/25,2025,1,0.6856801,1,0
834463,Iker Córdoba,24/25,2025,1,0.68559754,1,0
355468,Primi Férriz,24/25,2025,1,0.6855698,1,0
909482,Luke Kenny,24/25,2025,1,0.6854296,1,0
638210,Mikel Zabala,24/25,2025,0,0.685335,1,1
984964,Niccolò Fortini,24/25,2025,0,0.68530744,1,1
1116074,Gabriele Federico,24/25,2025,1,0.685253,1,0
422573,Sergiu Jurj,24/25,2025,0,0.68514913,1,1
591375,Stiven Plaza,24/25,2025,1,0.6850599,1,0
924901,Halid Djankpata,24/25,2025,1,0.68502134,1,0
396160,Gonzalo Almenara,24/25,2025,0,0.6849013,1,1
424736,Can Karatas,24/25,2025,1,0.6847775,1,0
587458,Kevin Agudelo,24/25,2025,0,0.68465924,1,1
328455,Juriën Gaari,24/25,2025,1,0.68461585,1,0
715624,José Currás,24/25,2025,1,0.68453133,1,0
954016,Edoardo Scquizzato,24/25,2025,0,0.68452406,1,1
1066212,Mladen Mutavčić,24/25,2025,1,0.68439555,1,0
1043471,Augusto Dabó,24/25,2025,1,0.684319,1,0
209291,Jack Bonham,24/25,2025,0,0.684303,1,1
627228,Yan Couto,24/25,2025,1,0.68427587,1,0
449019,Louis Appéré,24/25,2025,1,0.68419844,1,0
377042,Michael Folorunsho,24/25,2025,1,0.68413454,1,0
954271,Bendegúz Lehoczki,24/25,2025,1,0.6841338,1,0
358261,Konstantinos Doumtsios,24/25,2025,1,0.6839792,1,0
263860,Jason Remeseiro,24/25,2025,1,0.6839369,1,0
651843,Nick Perc,24/25,2025,0,0.68369347,1,1
949961,Bas Huisman,24/25,2025,1,0.6834796,1,0
291124,Gaëtan Laura,24/25,2025,1,0.68332815,1,0
584809,Ivan Durdov,24/25,2025,0,0.68328005,1,1
351792,David Tijanic,24/25,2025,1,0.683232,1,0
456165,Kleto Gjura,24/25,2025,0,0.68315065,1,1
217918,Aleksandar Damcevski,24/25,2025,0,0.6830279,1,1
812987,Nick Meier,24/25,2025,1,0.682957,1,0
908764,Matteo Galassi,24/25,2025,1,0.6828455,1,0
1061281,Carlos Reina,24/25,2025,0,0.6826446,1,1
503002,Samuele Bonaccorsi,24/25,2025,1,0.68244326,1,0
1186267,Steliyan Stoyanov,24/25,2025,1,0.68242556,1,0
836804,Tarek Aggoun,24/25,2025,0,0.68236536,1,1
459637,Francesco Baschirotto,24/25,2025,1,0.6823263,1,0
1274871,Gabriele Petrucci,24/25,2025,1,0.6821845,1,0
188640,Augustine Okrah,24/25,2025,0,0.6821041,1,1
1149706,Andrea Lombari,24/25,2025,0,0.68207127,1,1
577590,Pedro Brazão,24/25,2025,0,0.681964,1,1
268175,Jordi Ortega,24/25,2025,0,0.6818767,1,1
389837,Nicolò Casale,24/25,2025,1,0.6817905,1,0
389842,Matteo Pinton,24/25,2025,1,0.6817529,1,0
901082,Faisal Al-Ghamdi,24/25,2025,0,0.6816776,1,1
459300,Axel Desjardins,24/25,2025,1,0.6816383,1,0
622745,William Mackleyther,24/25,2025,1,0.68161815,1,0
804711,Ousmane Camara,24/25,2025,0,0.68158716,1,1
1172382,Francesco Limberti,24/25,2025,0,0.68144333,1,1
1055933,Daniel Babaj,24/25,2025,1,0.6813925,1,0
329327,Matteo Buratto,24/25,2025,1,0.68135625,1,0
128676,Gonzalo Llerena,24/25,2025,0,0.68135256,1,1
565822,Harvey Elliott,24/25,2025,1,0.6813282,1,0
1051778,Simone Fiore,24/25,2025,1,0.6813075,1,0
290701,Georges Douglas Petdji Tsila,24/25,2025,1,0.6811873,1,0
1237768,Ignacio Casari,24/25,2025,1,0.68109703,1,0
241378,Jordy Bruijn,24/25,2025,1,0.68106556,1,0
568153,Cristian Delgado,24/25,2025,0,0.6809977,1,1
648520,Alex Vigo,24/25,2025,0,0.6809862,1,1
249121,Noah Sonko Sundberg,24/25,2025,1,0.68096274,1,0
311435,Ferni,24/25,2025,1,0.6809354,1,0
981742,Adilson,24/25,2025,1,0.6808024,1,0
566791,Ahmed Abdelkader,24/25,2025,0,0.68073297,1,1
308560,Jhon Murillo,24/25,2025,1,0.68044204,1,0
918855,Mike Manegold,24/25,2025,1,0.68043745,1,0
419120,Paulo Vítor,24/25,2025,1,0.6803259,1,0
711999,Lesley Ugochukwu,24/25,2025,1,0.6803029,1,0
1057820,Jeremy Agbonifo,24/25,2025,1,0.68027467,1,0
883346,Tommaso Ricordi,24/25,2025,1,0.6802383,1,0
745493,Umberto De Luca,24/25,2025,0,0.68017775,1,1
255904,Kaiser,24/25,2025,0,0.68017113,1,1
941120,Yazid Joshan,24/25,2025,0,0.6801448,1,1
1051905,Kira Yamamoto,24/25,2025,1,0.68011594,1,0
804906,Sebastiaan Hagedoorn,24/25,2025,0,0.680109,1,1
332069,Philip Rejnhold,24/25,2025,1,0.6801015,1,0
393217,Mert Yılmaz,24/25,2025,1,0.6800737,1,0
209063,Marius Briceag,24/25,2025,0,0.68006945,1,1
959294,Eryk Grzywacz,24/25,2025,0,0.6800678,1,1
397677,Niko Bretschneider,24/25,2025,1,0.68006694,1,0
1064546,Andres Labie,24/25,2025,1,0.67997456,1,0
470815,Niklas Tauer,24/25,2025,0,0.6799693,1,1
416587,Vladan Djekic,24/25,2025,1,0.67988664,1,0
333003,Antonio Sepe,24/25,2025,1,0.679719,1,0
291399,Nanu,24/25,2025,1,0.6797127,1,0
485591,Mohamed Taabouni,24/25,2025,1,0.6796678,1,0
910682,Dennis Gaustad,24/25,2025,1,0.67963076,1,0
440879,Stefano Tuzza,24/25,2025,0,0.6796092,1,1
1304447,Malik Odeyinka,24/25,2025,1,0.6794936,1,0
1088267,Lapo Accorsini,24/25,2025,1,0.6792898,1,0
153678,Kingsley Schindler,24/25,2025,1,0.67923,1,0
1105550,Moussa Seck Ndoye,24/25,2025,1,0.679087,1,0
1062513,Karlson Nwanege,24/25,2025,1,0.67908514,1,0
866082,Danilo Al-Saed,24/25,2025,1,0.6790651,1,0
395612,Nicolò Clerici,24/25,2025,1,0.6790311,1,0
1169857,Freddie Anderson,24/25,2025,0,0.67891705,1,1
703655,Noah Botic,24/25,2025,1,0.6788623,1,0
440323,Ismael Benktib,24/25,2025,1,0.6786139,1,0
1195771,Justin Adozi,24/25,2025,1,0.67849773,1,0
504398,Sergio Montero,24/25,2025,1,0.6784679,1,0
158080,Eneko Zabaleta,24/25,2025,0,0.6784524,1,1
195704,Alexandros Kartalis,24/25,2025,0,0.6782887,1,1
963150,Moi Parra,24/25,2025,0,0.67828506,1,1
511878,Agapios Vrikkis,24/25,2025,1,0.6781244,1,0
244915,Oleksiy Zinkevych,24/25,2025,0,0.6781006,1,1
204642,Mite Cikarski,24/25,2025,0,0.6780644,1,1
353967,Şiyar Kepir,24/25,2025,1,0.6780484,1,0
811200,Nikolaos Kanellopoulos,24/25,2025,1,0.67787737,1,0
726670,Simon Micuda,24/25,2025,1,0.6778562,1,0
375770,Gabriel Souza,24/25,2025,0,0.6778468,1,1
203167,Dimitrios Popovic,24/25,2025,0,0.67774045,1,1
668211,Marcos Sánchez,24/25,2025,1,0.6776664,1,0
404584,Marcus Forss,24/25,2025,1,0.6774977,1,0
432752,Ivan Brnic,24/25,2025,0,0.67717534,1,1
315850,Marco Tumminello,24/25,2025,1,0.67714936,1,0
196445,Dustin Corea,24/25,2025,1,0.6771318,1,0
388537,Nikolay Prudnikov,24/25,2025,0,0.6769847,1,1
938509,Igor Nikic,24/25,2025,1,0.6766791,1,0
1193782,Francesco Bochicchio,24/25,2025,1,0.6765454,1,0
1304196,Eduard Ihnatov,24/25,2025,0,0.6765085,1,1
670362,Esmeraldo Kondaj,24/25,2025,1,0.6764538,1,0
341088,Jacopo Pagnini,24/25,2025,1,0.67643076,1,0
1066093,Guillermo Macho,24/25,2025,1,0.676352,1,0
707550,Fabrizio Cavegn,24/25,2025,1,0.6762569,1,0
877257,Mattia Leoncini,24/25,2025,1,0.6762079,1,0
181768,Hernani,24/25,2025,0,0.6760538,1,1
607914,Johan Kury,24/25,2025,1,0.6760184,1,0
709241,Thierno Barry,24/25,2025,1,0.6759124,1,0
896234,Guillermo Balzi,24/25,2025,0,0.6756638,1,1
786827,Marius Wörl,24/25,2025,1,0.6756599,1,0
166275,Grigoriy Morozov,24/25,2025,0,0.67559797,1,1
262608,Adama Traoré,24/25,2025,0,0.67542475,1,1
278501,Paul Mullin,24/25,2025,1,0.67536205,1,0
551233,Álvaro Mayorga,24/25,2025,1,0.6753233,1,0
583699,Andrej Ilic,24/25,2025,1,0.6752941,1,0
937672,Joel Aubin Vidékon,24/25,2025,1,0.675229,1,0
387199,Benaissa Benamar,24/25,2025,1,0.67505,1,0
486604,Vitezslav Jaros,24/25,2025,1,0.6749496,1,0
931961,Onur Kaplan,24/25,2025,0,0.67491925,1,1
669310,Danylo Goncharuk,24/25,2025,0,0.67491734,1,1
159847,Francesco Galuppini,24/25,2025,0,0.67491436,1,1
580484,Leonardo Petrovic,24/25,2025,1,0.67489016,1,0
938677,Tommaso Mancioppi,24/25,2025,0,0.6748787,1,1
237669,Dereck Kutesa,24/25,2025,1,0.67481405,1,0
798419,Ferdinand Scholl,24/25,2025,1,0.67479426,1,0
1056958,Aser Palacios,24/25,2025,0,0.67478985,1,1
454292,Dean Liço,24/25,2025,0,0.6746661,1,1
872090,Mouhcine Bouriga,24/25,2025,1,0.674662,1,0
744960,Mohamed Souboul,24/25,2025,0,0.6746312,1,1
1057995,Yao Jean Charles,24/25,2025,0,0.6745958,1,1
566927,Giovanni Corradini,24/25,2025,1,0.67458284,1,0
862363,Abdellah Haimoud,24/25,2025,1,0.67453957,1,0
173750,Nouha Dicko,24/25,2025,0,0.67447686,1,1
999417,Francesco Pinto,24/25,2025,1,0.6743884,1,0
69392,Adriano Grimaldi,24/25,2025,1,0.67421615,1,0
433652,Benjamin Kimpioka,24/25,2025,1,0.67411774,1,0
1208731,Edoardo Cavaliere,24/25,2025,0,0.6740931,1,1
429881,Federico Simonti,24/25,2025,1,0.67407763,1,0
926643,Fernando Lesme,24/25,2025,1,0.67406625,1,0
642757,Francesco Lo Celso,24/25,2025,0,0.67405766,1,1
632872,Francisco Mwepu,24/25,2025,1,0.67405045,1,0
636417,Konstantinos Dionellis,24/25,2025,1,0.67390525,1,0
1188539,Giuseppe Coppola,24/25,2025,0,0.673897,1,1
936668,Federico Maffi,24/25,2025,1,0.67386526,1,0
496606,Dominick Zator,24/25,2025,1,0.6737929,1,0
929748,Marco Oliva,24/25,2025,1,0.6737503,1,0
1055874,Manex Gibelalde,24/25,2025,1,0.6735475,1,0
810888,Ken Tchouangue,24/25,2025,1,0.67348754,1,0
321551,Abdullah Celik,24/25,2025,1,0.67343867,1,0
1060418,Thomas Renda,24/25,2025,0,0.67342424,1,1
1211929,Iaia Manco Danfa,24/25,2025,1,0.6733822,1,0
502062,D'Margio Wright-Phillips,24/25,2025,0,0.67330766,1,1
640492,Faissal Zangré,24/25,2025,1,0.67323726,1,0
891439,Javier Duce,24/25,2025,0,0.67301047,1,1
593480,Aymane Mourid,24/25,2025,1,0.67293817,1,0
199947,Davide Voltan,24/25,2025,1,0.67279696,1,0
948933,Jacob MacIntyre,24/25,2025,1,0.6726737,1,0
1176398,Edoardo Bettinelli,24/25,2025,1,0.67266375,1,0
312932,Eraldo Cinari,24/25,2025,1,0.6726626,1,0
935499,Lucas Pérez,24/25,2025,1,0.6726588,1,0
468036,Dimitris Emmanouilidis,24/25,2025,1,0.6725779,1,0
1033847,Hugo López,24/25,2025,1,0.6725409,1,0
407398,Carl Björk,24/25,2025,0,0.67253095,1,1
929746,Leonardo Di Tommaso,24/25,2025,1,0.67252076,1,0
808651,Emirhan Acar,24/25,2025,1,0.6725093,1,0
705517,Ilhan Fandi,24/25,2025,1,0.67248505,1,0
988300,Marwan Chafaa,24/25,2025,1,0.6724745,1,0
738108,Samuele Zona,24/25,2025,1,0.67242306,1,0
466812,Nils Mortimer,24/25,2025,0,0.6723687,1,1
291266,Godfred Donsah,24/25,2025,0,0.6723574,1,1
217149,Antonio Marín,24/25,2025,0,0.6722946,1,1
894688,Joshua Dudock,24/25,2025,1,0.67227685,1,0
381348,Daniel Mancini,24/25,2025,0,0.67218983,1,1
797756,Ariel Reinero,24/25,2025,1,0.6720678,1,0
829771,Tim Hoops,24/25,2025,1,0.6720343,1,0
280387,Vincent Sierro,24/25,2025,1,0.67196625,1,0
823331,Luca Gozzo,24/25,2025,0,0.67190367,1,1
170927,Simon Falette,24/25,2025,1,0.6718528,1,0
469892,Yair Castro,24/25,2025,1,0.6716097,1,0
397850,Gabriele Gibilterra,24/25,2025,1,0.67159635,1,0
620015,Tenton Yenne,24/25,2025,1,0.67143303,1,0
621910,Apostolos Tsilingiris,24/25,2025,1,0.6713137,1,0
1308600,Alessandro Bonora,24/25,2025,1,0.67131305,1,0
642521,Leonardo Marchi,24/25,2025,0,0.6713053,1,1
1202299,Nadir El Jamali,24/25,2025,0,0.67128867,1,1
1107994,Gabriel Obekpa,24/25,2025,0,0.6711588,1,1
604794,Vincenzo Vitale,24/25,2025,1,0.67096376,1,0
238639,Steve Mounié,24/25,2025,1,0.67089343,1,0
818083,Rodrigo Guedes,24/25,2025,1,0.6707674,1,0
225824,Atanas Iliev,24/25,2025,1,0.6707285,1,0
423172,José Manuel Alonso,24/25,2025,1,0.6706981,1,0
970633,Unai Hernández,24/25,2025,1,0.6706825,1,0
807836,Sandji Baradji,24/25,2025,1,0.6706804,1,0
199199,Bryan Gioè,24/25,2025,1,0.6705922,1,0
949493,Ion Ciobanu,24/25,2025,1,0.67059034,1,0
430192,Aarón Rey,24/25,2025,1,0.67052484,1,0
1001362,Max Vartuli,24/25,2025,0,0.670452,1,1
255468,Adam Andersson,24/25,2025,1,0.6704238,1,0
357176,Alessandro Tripaldelli,24/25,2025,1,0.6703996,1,0
670144,José Gallegos,24/25,2025,1,0.6703866,1,0
1192959,Federico Ottini,24/25,2025,1,0.6703682,1,0
597165,Samuel Teles,24/25,2025,1,0.67036533,1,0
459224,Francesco Piccardi,24/25,2025,0,0.67035824,1,1
317742,Nils Lihsek,24/25,2025,1,0.67005974,1,0
832898,Simon Polasek,24/25,2025,1,0.6700281,1,0
65262,Rubén Martínez,24/25,2025,0,0.67002654,1,1
936689,Davide Collu,24/25,2025,1,0.66999376,1,0
731467,Simone Giorgeschi,24/25,2025,1,0.6699564,1,0
615350,Cenk Özkacar,24/25,2025,1,0.6699197,1,0
397444,Marco Mosca,24/25,2025,1,0.6697072,1,0
1051736,Marco Taramelli,24/25,2025,1,0.6694844,1,0
1069756,Mitchell Bates,24/25,2025,1,0.6692714,1,0
632921,Mario Riquelme,24/25,2025,0,0.6692484,1,1
709182,Beñat de Jesús,24/25,2025,0,0.6692014,1,1
632915,Carlos Sánchez,24/25,2025,0,0.6691499,1,1
672868,Pietro Giordani,24/25,2025,1,0.6689395,1,0
995010,Santiago Frasson,24/25,2025,0,0.66892844,1,1
1064538,Ali Houary,24/25,2025,1,0.6687745,1,0
1051262,Gabriele Massaro,24/25,2025,0,0.6687407,1,1
605242,Monju Momuluh,24/25,2025,1,0.6686999,1,0
599739,Xavier Simons,24/25,2025,1,0.6686199,1,0
988986,Lorenzo Biagioni,24/25,2025,1,0.6685148,1,0
623119,Styopa Mkrtchyan,24/25,2025,0,0.6684725,1,1
913019,Vladislav Vasiljev,24/25,2025,1,0.66846603,1,0
921662,Charlie Tasker,24/25,2025,0,0.668323,1,1
183836,Dino Hotic,24/25,2025,1,0.6682784,1,0
888290,Iker Pedernales,24/25,2025,0,0.6682284,1,1
441385,Gonzalo Maroni,24/25,2025,0,0.66819024,1,1
335795,András Hársfalvi,24/25,2025,1,0.66811156,1,0
710347,Alfonso Sepe,24/25,2025,1,0.6678823,1,0
273130,Federico Gino,24/25,2025,1,0.66778797,1,0
255359,Valeriy Gorbachik,24/25,2025,1,0.6676789,1,0
876519,Sofyan Cola,24/25,2025,1,0.6676493,1,0
621933,Clemens Steinbauer,24/25,2025,1,0.66751754,1,0
923915,Antal Yaakobishvili,24/25,2025,1,0.66748536,1,0
610370,Fran Pérez,24/25,2025,1,0.66745025,1,0
440880,Simone Menabò,24/25,2025,1,0.6673165,1,0
1094415,Mohamed Hamdoune,24/25,2025,1,0.66724813,1,0
116094,Philip Fontein,24/25,2025,1,0.6671783,1,0
287327,Matteo Pautassi,24/25,2025,0,0.6668918,1,1
381752,Alfonso Candelas,24/25,2025,0,0.6668041,1,1
947447,David Conejero,24/25,2025,1,0.6667006,1,0
312682,Dudu Nardini,24/25,2025,1,0.6665531,1,0
694674,Christian Farini,24/25,2025,1,0.666361,1,0
883283,Soule Sidibe,24/25,2025,0,0.666338,1,1
461511,Yac Diori,24/25,2025,1,0.66630983,1,0
254280,Reuben Acquah,24/25,2025,1,0.6662452,1,0
1319849,Abdullah Mansour Al-Rashidi,24/25,2025,0,0.66624486,1,1
883084,Alessio Sarpa,24/25,2025,1,0.66623926,1,0
396158,Carlos Cobo,24/25,2025,1,0.66607124,1,0
1042315,Kevin Kántor,24/25,2025,0,0.6660278,1,1
533355,Adrià Gené,24/25,2025,1,0.6659663,1,0
657446,Bernardo Couto,24/25,2025,0,0.665913,1,1
445971,Manolis Aliatidis,24/25,2025,1,0.6658369,1,0
891869,Leonardo Colombo,24/25,2025,0,0.6657752,1,1
834492,Iker Varela,24/25,2025,1,0.6657037,1,0
667061,Simone Maglieri,24/25,2025,1,0.6653862,1,0
237029,Marcell Sobotta,24/25,2025,1,0.6653566,1,0
242638,Efthymios Koulouris,24/25,2025,1,0.6652904,1,0
692036,Marcel Bergmann,24/25,2025,1,0.6652686,1,0
50962,András Simon,24/25,2025,0,0.6652454,1,1
529826,Emanuele Cigagna,24/25,2025,0,0.66522753,1,1
146642,Ferdinando Mastroianni,24/25,2025,1,0.6651985,1,0
832977,Juan Cruz Guasone,24/25,2025,0,0.66512793,1,1
778847,Alberto Trapero,24/25,2025,1,0.6649939,1,0
382550,Joe Hilton,24/25,2025,0,0.6647961,1,1
393240,Boyd Reith,24/25,2025,1,0.6647759,1,0
745177,Nazim Babaï,24/25,2025,0,0.66475916,1,1
760019,Matteo Casarotto,24/25,2025,1,0.66470927,1,0
796726,Renato Júnior,24/25,2025,1,0.66462237,1,0
163085,Michel Panatti,24/25,2025,0,0.6645451,1,1
110316,Gerardo Strumbo,24/25,2025,0,0.6644786,1,1
222007,Bernard Kyere,24/25,2025,1,0.6643855,1,0
469018,Antonio Metlika,24/25,2025,1,0.66432387,1,0
62379,Cristian Pasquato,24/25,2025,0,0.66417325,1,1
476101,Sergi Segura,24/25,2025,0,0.6641553,1,1
875344,Leo Di Martino,24/25,2025,1,0.6640956,1,0
459946,Carlo Alberto Tosi,24/25,2025,0,0.6639371,1,1
116772,Niklas Brandt,24/25,2025,1,0.6638699,1,0
654173,Brad Young,24/25,2025,1,0.6637901,1,0
803377,Fromsa,24/25,2025,1,0.6637256,1,0
934461,Federico Chinetti,24/25,2025,1,0.6635925,1,0
644771,Odilon Kossounou,24/25,2025,1,0.663578,1,0
600823,Daniele Favale,24/25,2025,1,0.66355723,1,0
525850,Kane Smith,24/25,2025,1,0.66353446,1,0
518348,Kelechi John,24/25,2025,1,0.6634955,1,0
240343,Vincenzo Guarino,24/25,2025,1,0.66346043,1,0
1168427,Alberto Locati,24/25,2025,1,0.6633594,1,0
613765,Gianmarco Antonacci,24/25,2025,1,0.6633567,1,0
345343,James McGarry,24/25,2025,1,0.6633365,1,0
476057,Guytho Mijland,24/25,2025,1,0.6632483,1,0
194067,Moustapha,24/25,2025,0,0.6632246,1,1
815677,Vinicius Mello,24/25,2025,0,0.66304374,1,1
298743,Stanisa Mandic,24/25,2025,0,0.6630314,1,1
512127,Fabrício Isidoro,24/25,2025,1,0.6627586,1,0
655300,Patrik Vydra,24/25,2025,0,0.66259843,1,1
227073,Patrik Kelemen,24/25,2025,0,0.66256046,1,1
337725,Christian Kouamé,24/25,2025,0,0.6624145,1,1
1070713,Kevin Lekaj,24/25,2025,1,0.66238725,1,0
765232,Roman Yalovenko,24/25,2025,0,0.6623544,1,1
392959,Andrea Colpani,24/25,2025,0,0.66232634,1,1
929742,Marco Nazzaro,24/25,2025,1,0.66213304,1,0
55605,Hasan Ali Kaldırım,24/25,2025,1,0.66212934,1,0
639691,Ricky Maset,24/25,2025,0,0.66207296,1,1
712042,Jacopo Ricco,24/25,2025,1,0.6620407,1,0
385906,Kevin Varga,24/25,2025,1,0.6619302,1,0
814002,Luca Sonzogni,24/25,2025,1,0.6618912,1,0
225963,Lautaro Giannetti,24/25,2025,1,0.6618032,1,0
1085886,Joe Thomas,24/25,2025,1,0.6617679,1,0
371148,Lenny Vallier,24/25,2025,1,0.66165537,1,0
271966,Mbaye Diagne,24/25,2025,1,0.6615241,1,0
1019145,Omar Ouhdadi,24/25,2025,1,0.66146636,1,0
818130,Filippo Cinel,24/25,2025,0,0.6614065,1,1
91059,Joshua King,24/25,2025,1,0.66080046,1,0
395685,Gédéon Kalulu,24/25,2025,1,0.6607788,1,0
646744,Carlos Alemán,24/25,2025,1,0.6607216,1,0
346629,Isi Manellari,24/25,2025,1,0.6606269,1,0
691355,Junior Bakayoko,24/25,2025,0,0.66046625,1,1
731899,Álvaro Zamora,24/25,2025,1,0.6604576,1,0
682225,Ahmad Assaf,24/25,2025,1,0.66044664,1,0
650472,Blnd Hassan,24/25,2025,1,0.66039515,1,0
471936,Oliver Christensen,24/25,2025,1,0.6603801,1,0
505999,Monday Etim,24/25,2025,1,0.66031414,1,0
517729,Jaume Pascual,24/25,2025,1,0.6602784,1,0
390079,Milos Drincic,24/25,2025,1,0.6601318,1,0
574772,Lázaro,24/25,2025,1,0.6600455,1,0
111819,Neto,24/25,2025,1,0.65994775,1,0
467994,Luca Belardinelli,24/25,2025,0,0.65989816,1,1
927263,Riccardo Campedelli,24/25,2025,1,0.6598719,1,0
947440,Gabriel Ramis,24/25,2025,0,0.6598543,1,1
124173,Fabrizio Poli,24/25,2025,1,0.65983427,1,0
256118,Saber Hraiech,24/25,2025,1,0.6598187,1,0
387371,Riccardo Stronati,24/25,2025,0,0.6597494,1,1
152733,Onur Bulut,24/25,2025,1,0.65970683,1,0
515581,Aidan Steele,24/25,2025,1,0.65952563,1,0
89756,Yashir Islame,24/25,2025,0,0.6593541,1,1
655629,Fotis Pseftis,24/25,2025,0,0.6591305,1,1
191359,Florian Pick,24/25,2025,1,0.6591174,1,0
634429,Iker Piedra,24/25,2025,1,0.65911466,1,0
492313,Rodrigo Guth,24/25,2025,1,0.65905356,1,0
409472,Ousama Siddiki,24/25,2025,0,0.65902454,1,1
912509,Jamal Rogero,24/25,2025,1,0.65884084,1,0
1065268,Álex Jimenez,24/25,2025,1,0.6587927,1,0
1179405,Antonio Guerriero,24/25,2025,0,0.65861654,1,1
670683,Hugo Félix,24/25,2025,1,0.65859455,1,0
520438,Abdelmounaim Boutouil,24/25,2025,1,0.6584957,1,0
806930,Kasper Kiilerich,24/25,2025,0,0.65847665,1,1
815567,Andrea Mazza,24/25,2025,1,0.6584023,1,0
1163638,Yeimar Mosquera,24/25,2025,0,0.65836006,1,1
797754,Ilario Porzi,24/25,2025,1,0.6582369,1,0
284701,Samuel Portugal,24/25,2025,1,0.6581927,1,0
61464,Karim Yoda,24/25,2025,1,0.65778387,1,0
1011280,Donart Ibraimi,24/25,2025,1,0.65761304,1,0
71273,Stefan Scepovic,24/25,2025,0,0.6576041,1,1
396172,Miki Muñoz,24/25,2025,0,0.6575387,1,1
341516,Ponck,24/25,2025,1,0.65750694,1,0
479636,Henrique Jocú,24/25,2025,1,0.65743935,1,0
1201233,Cade Melrose,24/25,2025,0,0.6573999,1,1
969346,Alex Hudok,24/25,2025,0,0.65732086,1,1
445548,Charlie Brown,24/25,2025,0,0.657138,1,1
282076,Ianis Hagi,24/25,2025,1,0.65711254,1,0
381950,Alexis Saelemaekers,24/25,2025,0,0.65706605,1,1
1292591,Jack Nunn,24/25,2025,0,0.6570593,1,1
524216,Ibrahim Tomiwa,24/25,2025,0,0.65703505,1,1
1146943,Adam Knaze,24/25,2025,0,0.6570018,1,1
846358,Kerr Smith,24/25,2025,1,0.6569353,1,0
420886,Elisha Sam,24/25,2025,1,0.65689784,1,0
387129,Róber Pier,24/25,2025,1,0.6568171,1,0
1079591,Lorenzo Ciarmoli,24/25,2025,1,0.6567273,1,0
975440,Jacob Aboosah,24/25,2025,0,0.65666944,1,1
146680,Andrea Barberis,24/25,2025,1,0.6566658,1,0
552437,Mohammed Amine Chakir,24/25,2025,1,0.65663534,1,0
1126573,Richard Benko,24/25,2025,1,0.6566267,1,0
59558,Emilio Nsue,24/25,2025,0,0.65653723,1,1
234006,Keagan Dolly,24/25,2025,1,0.6563355,1,0
654539,Adrien Truffert,24/25,2025,1,0.65630424,1,0
1180712,Niccolò Bigi,24/25,2025,1,0.65619886,1,0
987505,Alessandro Elia,24/25,2025,1,0.6561796,1,0
927933,Velizar-Iliya Iliev,24/25,2025,1,0.65608233,1,0
153897,Arnold Budimbu,24/25,2025,1,0.65577424,1,0
539800,Momodou Jaiteh,24/25,2025,1,0.65570635,1,0
1015624,Óscar Perea,24/25,2025,1,0.65553457,1,0
442329,Daniel Celea,24/25,2025,1,0.6555124,1,0
655525,Yeferson Paz,24/25,2025,0,0.6554611,1,1
421927,Adrian Rus,24/25,2025,1,0.6554588,1,0
810673,Ilhan Altuntas,24/25,2025,1,0.65525913,1,0
662452,Juan Alegría,24/25,2025,1,0.6552129,1,0
973608,Toni Dols,24/25,2025,1,0.6548839,1,0
279927,Doru Popadiuc,24/25,2025,1,0.6548034,1,0
160624,Nils Brüning,24/25,2025,1,0.6546962,1,0
494282,Mees Kreekels,24/25,2025,1,0.65468055,1,0
1126756,Kelve Semedo,24/25,2025,1,0.6545811,1,0
160374,Riccardo Galli,24/25,2025,0,0.6545314,1,1
1164509,Thomas Graziani,24/25,2025,1,0.6543573,1,0
953036,Daithí McCallion,24/25,2025,0,0.65431464,1,1
782889,Tom Moustier,24/25,2025,0,0.65429413,1,1
1182972,Andrea Santarelli,24/25,2025,1,0.6541888,1,0
636094,Javier Hermelo,24/25,2025,0,0.6541885,1,1
1059439,Paweł Depka,24/25,2025,1,0.6541731,1,0
548111,Álex Baena,24/25,2025,1,0.6540678,1,0
501794,Jannik Rochelt,24/25,2025,0,0.6539115,1,1
1054319,Davide Biz,24/25,2025,1,0.65374136,1,0
1033045,Michal Willmann,24/25,2025,1,0.6537025,1,0
606572,Rubén Sanchidrián,24/25,2025,1,0.65337396,1,0
990731,Hakim Sahabo,24/25,2025,0,0.653217,1,1
1010862,Rhani Abdennour,24/25,2025,0,0.6531868,1,1
1094885,Otávio,24/25,2025,1,0.6531261,1,0
254487,Jean Luc Assoubre,24/25,2025,1,0.6529628,1,0
925844,Umberto Morleo,24/25,2025,1,0.65291107,1,0
262521,Enrico Baldini,24/25,2025,1,0.6528878,1,0
574769,Alejandro Santana Viniegra,24/25,2025,1,0.6528696,1,0
386065,Giuseppe D'Iglio,24/25,2025,1,0.65277225,1,0
945701,Dani Clavijo,24/25,2025,0,0.65261775,1,1
707608,Victor Valverde,24/25,2025,1,0.65258604,1,0
1295724,Francesco Maiolo,24/25,2025,1,0.65243965,1,0
308822,José Romo,24/25,2025,1,0.65242326,1,0
859134,Amine Zouhzouh,24/25,2025,1,0.6523697,1,0
255933,Michael Seaton,24/25,2025,1,0.65216625,1,0
128905,Josh McEachran,24/25,2025,1,0.6521543,1,0
1054924,Rubén Domínguez,24/25,2025,1,0.6521092,1,0
824737,Mattia Aprea,24/25,2025,1,0.65206885,1,0
570059,Nikola Gluscevic,24/25,2025,0,0.65202266,1,1
75327,Marco Calderoni,24/25,2025,0,0.65200126,1,1
710653,Iker Alday,24/25,2025,1,0.6518937,1,0
247672,Rodrigo Gómez,24/25,2025,0,0.65185213,1,1
167472,Youssouf M'Changama,24/25,2025,1,0.6518239,1,0
713523,Mateus da Silva,24/25,2025,1,0.6517925,1,0
936502,Matteo Zamarian,24/25,2025,1,0.65177405,1,0
949343,Davide Avdullari,24/25,2025,1,0.65173215,1,0
373876,Robert Ivanov,24/25,2025,1,0.6517284,1,0
348532,Georgios Xenitidis,24/25,2025,1,0.6515615,1,0
349796,Evren Korkmaz,24/25,2025,0,0.65146345,1,1
354482,Amir Murillo,24/25,2025,0,0.65146077,1,1
120347,Andrea Sala,24/25,2025,0,0.6513752,1,1
641665,Robert Starecek,24/25,2025,1,0.65136147,1,0
1050912,Riccardo Rossi,24/25,2025,0,0.6513182,1,1
395888,Nicola Andreoli,24/25,2025,1,0.65125704,1,0
944738,Cristian Antonciuc,24/25,2025,0,0.651188,1,1
610484,Adel Bettaieb,24/25,2025,1,0.65108603,1,0
533877,Martin Vanak,24/25,2025,1,0.65097505,1,0
195601,Janik Mäder,24/25,2025,0,0.65072006,1,1
356024,Rubilio Castillo,24/25,2025,1,0.650691,1,0
919620,Joseph Nduquidi,24/25,2025,1,0.6506643,1,0
357997,Thomas Schirò,24/25,2025,1,0.65047413,1,0
617762,Habib Oueslati,24/25,2025,0,0.65038383,1,1
719723,Juan Aspra,24/25,2025,0,0.6502958,1,1
447661,Douglas Luiz,24/25,2025,1,0.6502826,1,0
434981,Toyosi Olusanya,24/25,2025,1,0.6501681,1,0
605015,Raffaele Cartano,24/25,2025,1,0.65015936,1,0
636414,Jorge Sarmiento,24/25,2025,1,0.6499365,1,0
970266,Steven Hall,24/25,2025,0,0.64970344,1,1
602549,Elydjah Mendy,24/25,2025,1,0.64963627,1,0
533061,Elias Ramírez,24/25,2025,0,0.6496017,1,1
740191,Kevin Doukoure,24/25,2025,0,0.64957637,1,1
466452,Ivan Milicevic,24/25,2025,1,0.64944535,1,0
537375,Simo Bouzaidi,24/25,2025,1,0.6493352,1,0
289228,Eduart Rroca,24/25,2025,0,0.6493272,1,1
1125758,Alex Aguado,24/25,2025,0,0.64927936,1,1
410221,Pape Seydou,24/25,2025,0,0.6490788,1,1
742521,Jhon Solís,24/25,2025,0,0.64881116,1,1
893304,Xavi Bauzà,24/25,2025,0,0.64872897,1,1
902200,Jesse Khan,24/25,2025,0,0.64848214,1,1
146844,Kerim Frei,24/25,2025,1,0.64845663,1,0
401736,Yaya Sithole,24/25,2025,0,0.6483686,1,1
589768,Ton Ripoll,24/25,2025,0,0.6482827,1,1
283286,Robin Bormuth,24/25,2025,1,0.6482357,1,0
628052,Martin Petkov,24/25,2025,1,0.6482111,1,0
704469,Vincenzo Galletta,24/25,2025,1,0.6482073,1,0
679217,Dion Dërmaku,24/25,2025,1,0.64820254,1,0
1065451,Mikel Ansó,24/25,2025,1,0.6481235,1,0
619323,Fausto Perseu,24/25,2025,1,0.6478742,1,0
401384,Nicola Nanni,24/25,2025,1,0.6477935,1,0
61360,Ciro Sirignano,24/25,2025,0,0.64776635,1,1
704347,Antonio Pio Iervolino,24/25,2025,0,0.6475483,1,1
494827,Lucas Zeller,24/25,2025,0,0.6474415,1,1
955276,Timi Atiki Egbe,24/25,2025,1,0.64736074,1,0
251079,Ertuğrul Ersoy,24/25,2025,1,0.6473607,1,0
271271,Pablo Carbonell,24/25,2025,1,0.64718425,1,0
1226008,Yanis Fetheddine,24/25,2025,1,0.64708567,1,0
895946,Giovanni Perini,24/25,2025,1,0.6470105,1,0
658534,Lasso Coulibaly,24/25,2025,0,0.6469388,1,1
1056223,Andreas Chatzinikolaou,24/25,2025,0,0.64691293,1,1
344605,Boubakary Soumaré,24/25,2025,0,0.6467715,1,1
526164,Kristian Kirkegaard,24/25,2025,1,0.64676005,1,0
929743,Matteo Zazza,24/25,2025,1,0.6467586,1,0
468688,Maximilian Weisbäcker,24/25,2025,1,0.64666414,1,0
527791,Jack Sparkes,24/25,2025,1,0.6466548,1,0
1161617,Boubacar Diallo,24/25,2025,1,0.6464912,1,0
295822,Robert Geantă,24/25,2025,1,0.64640576,1,0
741833,Ángel Cano,24/25,2025,1,0.64634085,1,0
557264,Lorenzo Fino,24/25,2025,0,0.64603746,1,1
211251,Darwin Machís,24/25,2025,1,0.6460147,1,0
539795,Bryan Okoh,24/25,2025,1,0.6458021,1,0
503004,Alessio Rizzo,24/25,2025,1,0.64572024,1,0
904145,Guillem Naranjo,24/25,2025,1,0.6456255,1,0
737892,Renzo Orihuela,24/25,2025,0,0.6455227,1,1
476355,Cícero,24/25,2025,0,0.6453918,1,1
446211,Morros,24/25,2025,1,0.6452688,1,0
786686,Diego Gambale,24/25,2025,1,0.64468575,1,0
291359,Tom Lang,24/25,2025,0,0.64467895,1,1
289156,Julius Szöke,24/25,2025,1,0.64457077,1,0
183538,Ivan Goranov,24/25,2025,1,0.6445158,1,0
830382,Klaidher Macedo,24/25,2025,1,0.6442681,1,0
45529,Said Ahmed Said,24/25,2025,1,0.6442556,1,0
927251,Gianmarco Castorri,24/25,2025,1,0.6442399,1,0
167890,Alberto Masi,24/25,2025,1,0.64421433,1,0
221421,Kleis Bozhanaj,24/25,2025,1,0.644112,1,0
896352,Anas Alaoui,24/25,2025,1,0.64409673,1,0
392563,Alessandro Di Munno,24/25,2025,1,0.64386904,1,0
743705,Douglas Sequeira,24/25,2025,1,0.64385736,1,0
596067,Felippe Cardoso,24/25,2025,0,0.6438045,1,1
567196,Cristian Măgerușan,24/25,2025,1,0.64375967,1,0
933516,Nicolò Dal Lago,24/25,2025,0,0.6436551,1,1
199303,Paolo Valagussa,24/25,2025,1,0.64350057,1,0
689358,János Takács,24/25,2025,1,0.643419,1,0
873978,Musa Isah,24/25,2025,0,0.64336646,1,1
482364,Leard Sadriu,24/25,2025,1,0.64325994,1,0
490386,Jay-Dee Geusens,24/25,2025,0,0.6432551,1,1
745596,Batuhan Yavuz,24/25,2025,0,0.6431701,1,1
1307101,Andrea Cirillo,24/25,2025,1,0.6431417,1,0
709407,Dwann Oliveira,24/25,2025,1,0.6431062,1,0
965715,Lassina Kone Junior,24/25,2025,0,0.6430949,1,1
908210,Alex King,24/25,2025,1,0.64309216,1,0
1074629,Ivan Djantou,24/25,2025,1,0.64307547,1,0
814349,Nicholas Fantoni,24/25,2025,0,0.64303195,1,1
695279,Michal Matus,24/25,2025,1,0.6430214,1,0
174733,Omar Colley,24/25,2025,1,0.6430088,1,0
623412,Mihai Popa,24/25,2025,0,0.64298207,1,1
365449,Xian Emmers,24/25,2025,1,0.6428911,1,0
490426,Krépin Diatta,24/25,2025,0,0.64280355,1,1
548511,Federico Botti,24/25,2025,0,0.6426736,1,1
149209,Maximilian Jansen,24/25,2025,1,0.64257646,1,0
706860,Mitchy Ntelo,24/25,2025,0,0.6425718,1,1
713644,Bryan Zaragoza,24/25,2025,1,0.64249605,1,0
1175271,Francesco Fazio,24/25,2025,1,0.6424599,1,0
391498,Mert Çetin,24/25,2025,1,0.6424123,1,0
938722,Oier Gastesi,24/25,2025,1,0.6423113,1,0
25808,Oto John,24/25,2025,0,0.6422612,1,1
343794,Gustavo Santos,24/25,2025,0,0.64215,1,1
813057,Lorenzo Busato,24/25,2025,1,0.6419804,1,0
1064412,Samu Almagro,24/25,2025,0,0.6418843,1,1
938672,Pietro Asiatico,24/25,2025,1,0.64176106,1,0
589459,Joseda Menargues,24/25,2025,1,0.64173174,1,0
592498,Tiago Manso,24/25,2025,0,0.64155847,1,1
1123335,Hamza Bellari,24/25,2025,1,0.64143753,1,0
1077315,Anastasios Loupas,24/25,2025,1,0.6413014,1,0
1046491,Alessandro Grano,24/25,2025,1,0.64122677,1,0
708369,Esteban Aparicio,24/25,2025,0,0.6412256,1,1
651335,Kanto Fitiavana Voahariniaina,24/25,2025,0,0.64120287,1,1
238950,Francesco Di Mariano,24/25,2025,1,0.6410782,1,0
573403,Bogdan Mandic,24/25,2025,1,0.6410126,1,0
341295,Tyler Walker,24/25,2025,1,0.64087397,1,0
479709,Paolo Cannistrà,24/25,2025,1,0.64087087,1,0
271495,Abdülkadir Ömür,24/25,2025,1,0.6408636,1,0
643725,Stefano Molinari,24/25,2025,1,0.64074224,1,0
625653,Iker Kortajarena,24/25,2025,0,0.64065504,1,1
466809,Konrad de la Fuente,24/25,2025,1,0.64061564,1,0
697716,Serginho,24/25,2025,1,0.6406012,1,0
100131,William Carvalho,24/25,2025,1,0.640574,1,0
694141,Fynn Seidel,24/25,2025,1,0.6405686,1,0
240310,Matteo Gaiani,24/25,2025,1,0.6404032,1,0
418557,Johan Hove,24/25,2025,0,0.64038,1,1
739076,Aboubacar Lô,24/25,2025,1,0.640291,1,0
263066,Francis Ferrón,24/25,2025,1,0.64027035,1,0
339122,Domi Berlanga,24/25,2025,1,0.6401903,1,0
897658,Daniele Triacca,24/25,2025,1,0.64016765,1,0
836196,Matyas Vojta,24/25,2025,0,0.64002764,1,1
821124,Nicola Anelli,24/25,2025,1,0.6399831,1,0
456292,Ellery Balcombe,24/25,2025,0,0.63988674,1,1
709998,Lucas Alcázar,24/25,2025,1,0.63986117,1,0
419597,Iyayi Atiemwen,24/25,2025,1,0.6397716,1,0
476024,Léo Abreu,24/25,2025,1,0.63970673,1,0
457251,Gabriele Ingrosso,24/25,2025,1,0.6397049,1,0
115333,Juanpe,24/25,2025,1,0.6395233,1,0
421343,Fabio Gonella,24/25,2025,1,0.63951635,1,0
527813,Robin Bird,24/25,2025,0,0.63948625,1,1
1182170,Lorenzo Tavernini,24/25,2025,1,0.6394179,1,0
900460,Mattia Parlato,24/25,2025,1,0.63938385,1,0
687560,Tom Hendriks,24/25,2025,1,0.6390485,1,0
455824,Tommaso Scarrone,24/25,2025,1,0.63903815,1,0
1043030,Guga,24/25,2025,0,0.6390307,1,1
715635,Alex Rodríguez,24/25,2025,1,0.63901365,1,0
336756,Miguel Silva,24/25,2025,0,0.63899606,1,1
842149,Kieren Flavell,24/25,2025,0,0.6388731,1,1
271092,Eduardo Loscos,24/25,2025,1,0.6386954,1,0
140803,Anthony Limbombe,24/25,2025,1,0.6386086,1,0
642591,Maranhão,24/25,2025,0,0.6385561,1,1
1124243,Lorenzo Ceppi,24/25,2025,1,0.6383417,1,0
725677,Fritz Schröder,24/25,2025,0,0.63831294,1,1
362744,Elyaz Zidane,24/25,2025,0,0.6382969,1,1
1099721,Mamadou Sané,24/25,2025,0,0.63826907,1,1
1139455,Favour Inyeka Ogbu,24/25,2025,0,0.63807166,1,1
896424,Samuel John Nwachukwu,24/25,2025,1,0.6380141,1,0
512365,José Ortega,24/25,2025,0,0.6378399,1,1
284055,Tim Kießling,24/25,2025,1,0.6377496,1,0
724062,Mario Pejazic,24/25,2025,1,0.63739026,1,0
487850,Oladapo Afolayan,24/25,2025,0,0.63735783,1,1
188478,Radoslav Tsonev,24/25,2025,1,0.63732296,1,0
285973,Juanmi Heredero,24/25,2025,1,0.6372763,1,0
776303,Marco Pellegrino,24/25,2025,1,0.6372166,1,0
1048081,Massimo Zappa,24/25,2025,1,0.63709974,1,0
293202,Jordi Aláez,24/25,2025,1,0.6369631,1,0
221028,Foday Trawally,24/25,2025,0,0.63695455,1,1
471890,Max Geschwill,24/25,2025,1,0.636896,1,0
659650,Demis Maugeri,24/25,2025,0,0.63688904,1,1
959106,Weslley Patati,24/25,2025,1,0.6367941,1,0
572689,Ivan Milosavljevic,24/25,2025,1,0.63676125,1,0
537436,Ludovico Ricci,24/25,2025,1,0.63664937,1,0
617646,Crocefisso Cancelli,24/25,2025,1,0.6362951,1,0
646823,Mario Camero,24/25,2025,1,0.6362672,1,0
249210,Rubén Gálvez,24/25,2025,1,0.6362263,1,0
1185019,Benedikt Rottensteiner,24/25,2025,1,0.63620406,1,0
937477,Giulio Antonini,24/25,2025,1,0.6361774,1,0
526873,Jake Eastwood,24/25,2025,1,0.6360705,1,0
537367,Alfonso Pastor,24/25,2025,1,0.63594776,1,0
213510,Jota,24/25,2025,0,0.6359037,1,1
424709,Cheick Timite,24/25,2025,1,0.6358463,1,0
601894,Florian Horenburg,24/25,2025,1,0.63580245,1,0
185702,Danny Rose,24/25,2025,0,0.6357044,1,1
814468,Matteo Polizzi,24/25,2025,1,0.6356562,1,0
463455,Federico Zazzi,24/25,2025,1,0.6354776,1,0
994017,Mirco Moretti,24/25,2025,1,0.63546693,1,0
709671,Răzvan Pașcalău,24/25,2025,1,0.6352548,1,0
568362,Suphanat Mueanta,24/25,2025,0,0.6352471,1,1
727697,Nico Grimbs,24/25,2025,1,0.6352244,1,0
421873,Elia Caprile,24/25,2025,1,0.6351457,1,0
333494,Jakub Pokorny,24/25,2025,1,0.63512665,1,0
801425,Sam Bell,24/25,2025,1,0.63506114,1,0
400671,Daan Klomp,24/25,2025,1,0.6350299,1,0
834756,Julen Lartitegi,24/25,2025,1,0.63501596,1,0
127610,Mexer,24/25,2025,1,0.6348812,1,0
405687,Tom Krauß,24/25,2025,1,0.6348674,1,0
583607,William de Camargo,24/25,2025,1,0.6347442,1,0
669914,Malik Djibril,24/25,2025,0,0.63467675,1,1
688638,Lorenz Hollenbach,24/25,2025,1,0.634524,1,0
1044735,Filip Mikes,24/25,2025,1,0.6343888,1,0
162036,Diego Caballo,24/25,2025,1,0.63434964,1,0
503727,Cody David,24/25,2025,0,0.63428175,1,1
728311,Edmilson Correia,24/25,2025,0,0.63412726,1,1
501007,Marko Bugarin,24/25,2025,0,0.63411605,1,1
909270,Denis Dinev,24/25,2025,1,0.63405555,1,0
937224,Rubén Catalá,24/25,2025,1,0.6340497,1,0
434711,Jakov Blagaic,24/25,2025,1,0.63385695,1,0
698548,Marko Lazetić,24/25,2025,1,0.6337862,1,0
556059,Marino Illescas,24/25,2025,1,0.6336702,1,0
697515,Mario Mustapic,24/25,2025,1,0.6336193,1,0
364233,Sidy Sarr,24/25,2025,1,0.6335469,1,0
931938,Dimitrios Grammenos,24/25,2025,1,0.63340783,1,0
983810,Senan Mullen,24/25,2025,1,0.633383,1,0
764543,Luka Lukovic,24/25,2025,1,0.63320464,1,0
1045438,Safyan Toure,24/25,2025,1,0.63313365,1,0
169460,Turgay Gemicibaşı,24/25,2025,1,0.63306254,1,0
111417,Charyl Chappuis,24/25,2025,0,0.6329766,1,1
624059,Emir Karalic,24/25,2025,1,0.63287854,1,0
343094,Martin Palincsár,24/25,2025,1,0.6328593,1,0
1299058,Joey Zwaan,24/25,2025,0,0.63282424,1,1
993989,Nikola Velichkovski,24/25,2025,1,0.6327627,1,0
1012513,Gracien Deseri,24/25,2025,1,0.6327249,1,0
178107,Michael Santos,24/25,2025,0,0.6327009,1,1
575693,Ibrahim Cissoko,24/25,2025,1,0.632595,1,0
1151630,Álex Rubio,24/25,2025,1,0.6325948,1,0
590630,Jaber Issa,24/25,2025,0,0.6325291,1,1
705288,Angelo Talia,24/25,2025,0,0.6324459,1,1
928748,Áron Papp,24/25,2025,0,0.63243943,1,1
601058,Simeon Petrov,24/25,2025,1,0.632287,1,0
534410,Sikiru Olatunbosun,24/25,2025,1,0.63223153,1,0
373433,Adryelson,24/25,2025,1,0.63210773,1,0
394332,Alberto Marini,24/25,2025,0,0.6319343,1,1
820599,Marco Rao,24/25,2025,0,0.6318056,1,1
203532,Naby Sarr,24/25,2025,0,0.63176686,1,1
537360,Giuseppe Guadagni,24/25,2025,1,0.6317413,1,0
335733,Daniel Naumov,24/25,2025,1,0.6315631,1,0
659270,Lendrit Shala,24/25,2025,0,0.63147724,1,1
384761,Leonardo Sequeira,24/25,2025,0,0.63137037,1,1
814966,Agustín Sienra,24/25,2025,1,0.6313683,1,0
873981,Diego González,24/25,2025,0,0.6313324,1,1
359210,Alfa Semedo,24/25,2025,1,0.6311824,1,0
932752,Thomas Zouaghi,24/25,2025,1,0.63113135,1,0
283196,Kasper Dolberg,24/25,2025,1,0.6311207,1,0
99348,Antonio Amaro,24/25,2025,1,0.63110346,1,0
852727,Diego García,24/25,2025,0,0.6309576,1,1
586855,Loreintz Rosier,24/25,2025,1,0.6309381,1,0
244997,Arne Sicker,24/25,2025,1,0.6308116,1,0
217139,Santi Canedo,24/25,2025,0,0.63081133,1,1
521996,Yevgeniy Terzi,24/25,2025,1,0.63075787,1,0
719680,Kristi Montgomery,24/25,2025,0,0.630723,1,1
729167,Emmanuel Ntsiakoh,24/25,2025,1,0.6306639,1,0
388795,Oumar Gonzalez,24/25,2025,0,0.63035965,1,1
613388,Zakaria Daqoune,24/25,2025,1,0.63028187,1,0
669933,Jonata Machado,24/25,2025,1,0.6302723,1,0
993228,Josh Lock,24/25,2025,1,0.63012457,1,0
450196,Ugochukwu Oduenyi,24/25,2025,1,0.6301023,1,0
582406,Marian Smatlak,24/25,2025,0,0.6297615,1,1
718586,Manu Morillo,24/25,2025,1,0.62974995,1,0
441079,Mauro Cerutti,24/25,2025,1,0.62967205,1,0
1111660,Joseph Sabobo,24/25,2025,1,0.6296467,1,0
947115,Xavi Grande,24/25,2025,1,0.6296226,1,0
375857,Kristijan Bistrovic,24/25,2025,1,0.6296161,1,0
935509,Gianluca Rossi,24/25,2025,1,0.6295102,1,0
500274,Lorenzo Milani,24/25,2025,0,0.6294057,1,1
352607,Darío García,24/25,2025,1,0.6294055,1,0
200177,Giuseppe Nicolao,24/25,2025,1,0.6293326,1,0
182913,Adrien Rabiot,24/25,2025,1,0.6293301,1,0
478347,Marian Huja,24/25,2025,1,0.62920105,1,0
1001035,Marcos Carrillo,24/25,2025,1,0.62919956,1,0
605466,Iker Unzueta,24/25,2025,1,0.62904555,1,0
187329,Sandy Walsh,24/25,2025,1,0.628862,1,0
164771,Jordan Veretout,24/25,2025,1,0.62871534,1,0
539665,Fredrik Oppegård,24/25,2025,0,0.62868303,1,1
1037758,Alexander Dikarev,24/25,2025,1,0.6285971,1,0
1297382,Valerio Conti,24/25,2025,0,0.6285406,1,1
457620,Vasilios Athanasiou,24/25,2025,1,0.6284709,1,0
604796,Carlitos,24/25,2025,0,0.6282814,1,1
74300,Luka Milivojevic,24/25,2025,1,0.6282413,1,0
563137,Robert Navarro,24/25,2025,1,0.62807983,1,0
321685,Mirza Mustafic,24/25,2025,1,0.62801224,1,0
417516,Francesco Gobbi,24/25,2025,0,0.6279102,1,1
392634,Gabriele Dalla Bernardina,24/25,2025,0,0.6278784,1,1
820381,Mohamed Brahimi,24/25,2025,1,0.6278714,1,0
212746,Alexandru Băluță,24/25,2025,1,0.62781733,1,0
269171,Gökhan Gül,24/25,2025,1,0.6276267,1,0
451848,Geoffrey Acheampong,24/25,2025,1,0.62761813,1,0
1170416,Scott Constable,24/25,2025,0,0.6275415,1,1
488784,Magnus Kofod Andersen,24/25,2025,0,0.62749,1,1
808027,Dorian Chiotti,24/25,2025,1,0.62748325,1,0
875208,Johnny Kenny,24/25,2025,0,0.6274625,1,1
932763,Alessandro Di Bitonto,24/25,2025,1,0.62744105,1,0
124517,Sebastian Kerk,24/25,2025,1,0.62730527,1,0
857297,Ignacio Guerrico,24/25,2025,0,0.6272024,1,1
905011,Ibrahim Maza,24/25,2025,1,0.6271407,1,0
766580,Jacobo Guzmán,24/25,2025,1,0.62688744,1,0
839973,Dino Grozdanic,24/25,2025,0,0.62684375,1,1
1052350,Nick Rothweiler,24/25,2025,0,0.62680167,1,1
710479,Jesús Palomeque,24/25,2025,1,0.6267991,1,0
158791,Sergio Postigo,24/25,2025,0,0.6267943,1,1
221907,Romell Quioto,24/25,2025,1,0.6267924,1,0
413033,Lamine Ghezali,24/25,2025,1,0.62658095,1,0
921431,Adam Kölle,24/25,2025,0,0.62640005,1,1
598136,Christoph Maier,24/25,2025,1,0.62626743,1,0
715330,Filippo Magnaldi,24/25,2025,0,0.6260914,1,1
236734,Axel Werner,24/25,2025,1,0.6258711,1,0
213351,Christian Irobiso,24/25,2025,1,0.6257747,1,0
1207547,Pier Francesco Galiano,24/25,2025,1,0.62574446,1,0
507486,Simon Sohm,24/25,2025,1,0.62566143,1,0
390631,Tobias Gunte,24/25,2025,1,0.6256155,1,0
794115,Che Krabbendam,24/25,2025,1,0.62554306,1,0
931783,David Sellés,24/25,2025,1,0.6253516,1,0
661711,Jonas Oehmichen,24/25,2025,0,0.62512195,1,1
1048043,Alessandro Piseddu,24/25,2025,1,0.62507296,1,0
459704,Mattia Fiorini,24/25,2025,0,0.6250188,1,1
102037,Jamal Bhuyan,24/25,2025,0,0.6249919,1,1
908967,Valon Aliji,24/25,2025,0,0.6249882,1,1
1073023,Radoslaw Zelezny,24/25,2025,1,0.62490237,1,0
452165,Manoubi Haddad,24/25,2025,0,0.6248139,1,1
393739,Tin Matic,24/25,2025,1,0.6247363,1,0
289583,Antoine Lejoly,24/25,2025,1,0.62466836,1,0
136114,Simone Magnaghi,24/25,2025,1,0.62465954,1,0
584087,Roni Arabaci,24/25,2025,1,0.62464243,1,0
1168851,Omar Khedr,24/25,2025,0,0.6242862,1,1
675612,Babis Drakas,24/25,2025,0,0.6242157,1,1
188470,Francisco Calvo,24/25,2025,1,0.6239674,1,0
1048011,Samuel Ardau,24/25,2025,1,0.62388337,1,0
1137322,Álex Lizancos,24/25,2025,1,0.62380815,1,0
336325,Enrique Peña Zauner,24/25,2025,0,0.62380147,1,1
703822,Ties Oostra,24/25,2025,1,0.62368953,1,0
960941,Jacopo Bacci,24/25,2025,0,0.62367463,1,1
688495,Thomas Scapin,24/25,2025,1,0.6234046,1,0
696687,Hugo Neves,24/25,2025,1,0.62340045,1,0
1280693,Riccardo Bisetto,24/25,2025,1,0.62335473,1,0
117518,Aykut Özer,24/25,2025,1,0.6233307,1,0
719985,Pol Bassa,24/25,2025,1,0.6232618,1,0
887738,Zylyf Muça,24/25,2025,1,0.6232603,1,0
205792,Jordanco Naumoski,24/25,2025,0,0.62324065,1,1
307341,Andrea Trainotti,24/25,2025,0,0.62317634,1,1
196226,Mehmet Kurt,24/25,2025,0,0.62292546,1,1
1070284,Emerick Lopes,24/25,2025,1,0.6228064,1,0
948271,Borja Alonso,24/25,2025,1,0.62278277,1,0
595916,Alejandro Cañizo,24/25,2025,0,0.62266606,1,1
1245283,Pablo Barea,24/25,2025,1,0.6226339,1,0
351216,Manel Royo,24/25,2025,1,0.6226316,1,0
96133,Fabio Scarsella,24/25,2025,0,0.6225565,1,1
256636,Bence Daru,24/25,2025,1,0.6225468,1,0
490967,Andri Gudjohnsen,24/25,2025,1,0.6223148,1,0
563135,Marc Lachèvre,24/25,2025,1,0.6222344,1,0
448920,Enea Mihaj,24/25,2025,1,0.6221972,1,0
636360,Javi Moreno,24/25,2025,0,0.6221831,1,1
932737,Enea Pitti,24/25,2025,1,0.6220726,1,0
465555,Djordje Petrovic,24/25,2025,1,0.62202835,1,0
486098,Louis Hall,24/25,2025,1,0.6219846,1,0
395833,Harry Paton,24/25,2025,1,0.6219187,1,0
120917,Sean Parker,24/25,2025,0,0.62187594,1,1
926193,Luiz Labenz,24/25,2025,1,0.6217235,1,0
1182169,Roberto Berizzi,24/25,2025,1,0.6215999,1,0
524287,Robin Friedrich,24/25,2025,1,0.62159145,1,0
929887,Adam Sevinsky,24/25,2025,0,0.6215406,1,1
710678,Christian Mutilva,24/25,2025,1,0.62144446,1,0
882772,Álvaro Bastida,24/25,2025,1,0.62141407,1,0
603471,Danilo Spoljaric,24/25,2025,0,0.6213706,1,1
354772,Michaell Chirinos,24/25,2025,0,0.6213491,1,1
536520,Ruben Providence,24/25,2025,0,0.62134475,1,1
254477,Joan Campins,24/25,2025,1,0.6212164,1,0
1154876,Kasey Bos,24/25,2025,1,0.62102914,1,0
131664,Abdul Ajagun,24/25,2025,1,0.62099254,1,0
426142,Jan de Boer,24/25,2025,0,0.62098986,1,1
660544,Marcel Ratnik,24/25,2025,1,0.6209046,1,0
76569,Kerim Avcı,24/25,2025,1,0.6207712,1,0
198999,Paolo Ropolo,24/25,2025,1,0.62063134,1,0
314369,Matteo Gasperi,24/25,2025,0,0.62052065,1,1
146603,Roland Baracskai,24/25,2025,0,0.6202136,1,1
597256,Houssen Abderrahmane,24/25,2025,0,0.62020046,1,1
241402,Rewan Amin,24/25,2025,0,0.620134,1,1
875219,Marselino Ferdinan,24/25,2025,1,0.6201098,1,0
515624,Henri Koudossou,24/25,2025,1,0.6200679,1,0
1076073,Américo Neves,24/25,2025,1,0.62006414,1,0
498048,Julián Guevara,24/25,2025,0,0.6200092,1,1
927715,Xiko Gomes,24/25,2025,0,0.620008,1,1
1111051,Mamadou Gning,24/25,2025,0,0.6197847,1,1
905719,Nikola Vukic,24/25,2025,0,0.61970985,1,1
905015,Jon de Luis,24/25,2025,0,0.6194867,1,1
16043,Alessandro Albertini,24/25,2025,1,0.6194073,1,0
882980,Mattia Benvenuto,24/25,2025,1,0.61938614,1,0
1146719,Yasin Belhadj,24/25,2025,0,0.6193319,1,1
139781,Tom Bradshaw,24/25,2025,0,0.6190873,1,1
818898,Federico Magro,24/25,2025,1,0.61902803,1,0
199258,Andrea Petagna,24/25,2025,0,0.61898184,1,1
223974,Stefan Posch,24/25,2025,1,0.6189744,1,0
158770,Mauro Quiroga,24/25,2025,0,0.61893773,1,1
944583,Marko Perovic,24/25,2025,0,0.6188773,1,1
810355,Jannik Zahmel,24/25,2025,1,0.61886877,1,0
235923,Mattia Muroni,24/25,2025,1,0.61882985,1,0
184816,Ahmed Hassan,24/25,2025,1,0.6185895,1,0
305521,Mohammadmehdi Mehdikhani,24/25,2025,0,0.61857074,1,1
297198,Christian Ilic,24/25,2025,1,0.618549,1,0
365175,Benson Sakala,24/25,2025,1,0.6185477,1,0
655893,Ravil Tagir,24/25,2025,0,0.6184953,1,1
710670,Kevin Soeiro,24/25,2025,1,0.6184294,1,0
673830,Luis Phelipe,24/25,2025,0,0.61838245,1,1
1065861,Ernesto Ballabile,24/25,2025,1,0.61809283,1,0
614195,Dani Plomer,24/25,2025,1,0.61809075,1,0
666923,Momo Touré,24/25,2025,1,0.6178631,1,0
373301,Silva,24/25,2025,1,0.6178479,1,0
321579,Jake Beesley,24/25,2025,1,0.6178225,1,0
216401,Marvin Ajani,24/25,2025,1,0.617751,1,0
704709,Mattia Damiani,24/25,2025,1,0.61760485,1,0
512401,Alvaro Iuliano,24/25,2025,0,0.6173642,1,1
198418,Dimitar Evtimov,24/25,2025,1,0.61725104,1,0
242716,Enzo Basilio,24/25,2025,1,0.6172422,1,0
506855,Cyrill Akono,24/25,2025,0,0.6172246,1,1
282799,Kaloudis Lemonis,24/25,2025,1,0.617215,1,0
810312,Juri Schüchter,24/25,2025,1,0.61688656,1,0
531674,Rúben Rodrigues,24/25,2025,1,0.6168016,1,0
182108,Seba Pérez,24/25,2025,1,0.61678225,1,0
151568,Xhelil Abdulla,24/25,2025,0,0.61674786,1,1
820659,Mattia Vitale,24/25,2025,1,0.61667347,1,0
964241,Luca Nocerino,24/25,2025,1,0.616459,1,0
510761,Bryan Barrios,24/25,2025,0,0.61644745,1,1
741090,Jonas Rouhi,24/25,2025,0,0.6164456,1,1
249459,Tarsi Aguado,24/25,2025,1,0.6162847,1,0
1175869,Jesús Belza,24/25,2025,0,0.6162537,1,1
916165,Jan Stein,24/25,2025,1,0.6162136,1,0
677179,Raúl Tavares,24/25,2025,0,0.6161645,1,1
241310,Neluț Roșu,24/25,2025,1,0.61607933,1,0
1231401,Victor Orakpo,24/25,2025,1,0.6159944,1,0
476149,George Lapslie,24/25,2025,0,0.61586535,1,1
289149,Nicolás Orsini,24/25,2025,0,0.61575675,1,1
888136,Karim Cardoni,24/25,2025,0,0.61574507,1,1
446188,Rodrigo Escudero,24/25,2025,1,0.61549383,1,0
604486,Mihailo Trkulja,24/25,2025,1,0.61535823,1,0
765068,Pedro Antonio Rodriguez,24/25,2025,0,0.61524236,1,1
927608,Diogo Amaro,24/25,2025,0,0.6150304,1,1
167810,Riccardo Chiarello,24/25,2025,1,0.6150151,1,0
741254,Gerard Hernández,24/25,2025,1,0.6146875,1,0
813152,Makan Aïko,24/25,2025,0,0.61458164,1,1
700789,Nor Maviram,24/25,2025,0,0.61455894,1,1
625405,Noah Godwin,24/25,2025,1,0.61446536,1,0
938946,Ayoub Chaikhoun,24/25,2025,1,0.6144252,1,0
936714,Mariano Nichele,24/25,2025,1,0.6144159,1,0
1249656,Amoako Minta,24/25,2025,1,0.6144117,1,0
647955,Quadri Liameed,24/25,2025,1,0.6143799,1,0
520908,Ekin Celebi,24/25,2025,1,0.6143374,1,0
124416,Patrick Schmidt,24/25,2025,0,0.61417085,1,1
1075192,Sergio Carmona,24/25,2025,1,0.6140202,1,0
1056392,Jakub Greliak,24/25,2025,1,0.6139176,1,0
695877,Denis Ciobanu,24/25,2025,0,0.613777,1,1
1090074,Filippo Liberati,24/25,2025,1,0.6137397,1,0
1229846,Daniel Michel,24/25,2025,1,0.613681,1,0
611905,Claudio Messaggi,24/25,2025,0,0.61352444,1,1
321976,Matko Kramer,24/25,2025,1,0.6134502,1,0
1284085,Tomas Castillo,24/25,2025,0,0.61317915,1,1
1012421,Matija Popović,24/25,2025,1,0.61315763,1,0
730581,Loïc Badé,24/25,2025,1,0.61294454,1,0
632349,Jarell Quansah,24/25,2025,1,0.61289793,1,0
960274,Michele Grande,24/25,2025,0,0.61289614,1,1
192736,Sabin Merino,24/25,2025,1,0.61288595,1,0
481675,Christos Mandas,24/25,2025,0,0.61282486,1,1
661157,Marcel Ruszel,24/25,2025,1,0.61281973,1,0
589481,Matías Basterrechea,24/25,2025,1,0.61278915,1,0
877211,Success Edogun,24/25,2025,0,0.61275166,1,1
818819,Giuseppe Fares,24/25,2025,0,0.61269605,1,1
1036533,Matteo Cabella,24/25,2025,0,0.6126389,1,1
187097,Budu Zivzivadze,24/25,2025,0,0.61244124,1,1
1183952,Tommaso Serioli,24/25,2025,1,0.6123893,1,0
425975,Davide Di Stefano,24/25,2025,1,0.6122655,1,0
392633,Pietro Gecchele,24/25,2025,0,0.61217093,1,1
94304,Goran Causic,24/25,2025,0,0.6121178,1,1
1157538,Jan Petek,24/25,2025,1,0.6121172,1,0
1051467,Tommaso Vinzioli,24/25,2025,1,0.61210513,1,0
455922,Jan Olschowsky,24/25,2025,0,0.61204356,1,1
877118,Martin Georgiev,24/25,2025,0,0.6120331,1,1
646698,Gabriel Misehouy,24/25,2025,1,0.6120109,1,0
396115,Eliseo Falcón,24/25,2025,1,0.6119689,1,0
405211,Andrea Giacomazzi,24/25,2025,0,0.6118784,1,1
1027421,Ahmed Khatir,24/25,2025,1,0.6118071,1,0
1063448,Ilias Elyazidi,24/25,2025,1,0.6117881,1,0
671438,Aristot Tambwe-Kasengele,24/25,2025,1,0.61177284,1,0
1054934,Maroan Sannadi,24/25,2025,0,0.61160624,1,1
485798,Davide Munari,24/25,2025,1,0.6112724,1,0
951296,Christos Almyras,24/25,2025,1,0.6110916,1,0
899271,Idumba Fasika,24/25,2025,1,0.6110228,1,0
718178,Miguel Peña,24/25,2025,1,0.61077756,1,0
598162,Javi Gómez,24/25,2025,1,0.61076903,1,0
1061825,Mattia Esposito,24/25,2025,1,0.6107287,1,0
358008,Gianluca Gaetano,24/25,2025,1,0.610575,1,0
276080,Iván Turrillo,24/25,2025,0,0.61021686,1,1
1009483,Antonio Bazdaric,24/25,2025,1,0.6101628,1,0
56898,Salvatore Caturano,24/25,2025,1,0.610142,1,0
282365,Juan Cruz Kaprof,24/25,2025,1,0.61010945,1,0
129991,Bart Vriends,24/25,2025,0,0.60994047,1,1
923141,Nikolaos Vakouftsis,24/25,2025,0,0.60986775,1,1
1158757,Alejandro Herranz,24/25,2025,1,0.60984683,1,0
99345,Ante Vukusic,24/25,2025,0,0.60980725,1,1
967948,Garang Kuol,24/25,2025,1,0.6098049,1,0
956590,Bence Somfalvi,24/25,2025,1,0.6097951,1,0
674136,Joel Senior,24/25,2025,0,0.6097036,1,1
867700,Joshua Duffus,24/25,2025,1,0.60956633,1,0
142947,Patrik Bacsa,24/25,2025,0,0.60943097,1,1
896014,Adrià Nicoli,24/25,2025,0,0.60939926,1,1
815180,Robert Kwasigroch,24/25,2025,1,0.6093942,1,0
699419,Karim El Kounni,24/25,2025,1,0.6092195,1,0
300156,Linas Megelaitis,24/25,2025,1,0.6091959,1,0
488869,Martin Janacek,24/25,2025,1,0.60918814,1,0
189157,Vasilios Papadopoulos,24/25,2025,0,0.6090101,1,1
460216,Jack Earing,24/25,2025,1,0.6090033,1,0
1113888,Andrew Wogan,24/25,2025,1,0.6089862,1,0
229007,Lyes Houri,24/25,2025,0,0.60875326,1,1
496357,Mehdi Boudjemaa,24/25,2025,0,0.6085077,1,1
598571,Yusuf Örnek,24/25,2025,1,0.60849357,1,0
1109255,Skander Tahri,24/25,2025,0,0.6084639,1,1
635940,Guille Bernabeu,24/25,2025,1,0.6083601,1,0
510310,Sivert Mannsverk,24/25,2025,1,0.60833555,1,0
775048,Omar Mohamedhoesein,24/25,2025,0,0.60823077,1,1
648046,Evan Ferguson,24/25,2025,1,0.6081464,1,0
234189,Trezeguet,24/25,2025,1,0.607808,1,0
636147,Marcos Bustillo,24/25,2025,1,0.6077914,1,0
607226,Loum Tchaouna,24/25,2025,1,0.6077811,1,0
555018,Lucas Araújo,24/25,2025,1,0.6077596,1,0
1064543,Nordin Al Lal,24/25,2025,0,0.6076817,1,1
834483,Álex Padilla,24/25,2025,0,0.6076328,1,1
1031510,Eric Topór,24/25,2025,0,0.6075409,1,1
905949,Massil Adjaoudi,24/25,2025,0,0.6074416,1,1
324946,Emanuel Cecchini,24/25,2025,0,0.60735273,1,1
531214,Adis Jasic,24/25,2025,1,0.60734254,1,0
537458,Joan Rojas,24/25,2025,0,0.60733885,1,1
930790,Jean Castegnaro,24/25,2025,1,0.6073043,1,0
483640,Jan Koudelka,24/25,2025,0,0.60725,1,1
205569,Mickaël Malsa,24/25,2025,1,0.606774,1,0
616903,Moustapha Yabre,24/25,2025,0,0.606749,1,1
270187,Tomás Sánchez,24/25,2025,0,0.60671836,1,1
262861,Sebastián Palacios,24/25,2025,1,0.60633075,1,0
467435,Yannik Schlößer,24/25,2025,1,0.60618055,1,0
914505,Tommaso Duca,24/25,2025,1,0.6061222,1,0
913085,Néné Gbamblé,24/25,2025,0,0.6060866,1,1
354702,Jassim Al-Jalabi,24/25,2025,1,0.6059758,1,0
961948,Marcos Fernández,24/25,2025,1,0.6058764,1,0
1042715,Karse,24/25,2025,1,0.6057796,1,0
470882,Fuad Sule,24/25,2025,1,0.6054772,1,0
513441,Diego González,24/25,2025,1,0.60545963,1,0
484572,Anass Nouader,24/25,2025,1,0.6054444,1,0
531121,Juan Gutiérrez,24/25,2025,0,0.60535014,1,1
1064402,Ander Sánchez,24/25,2025,0,0.60533786,1,1
462977,Benjamín Garré,24/25,2025,0,0.6053092,1,1
894456,Dachi Lordkipanidze,24/25,2025,0,0.60514486,1,1
724099,Claudio Turi,24/25,2025,1,0.60513663,1,0
891312,Fran Árbol,24/25,2025,1,0.60508466,1,0
636302,Jordi Pola,24/25,2025,0,0.60507,1,1
557642,Larry-Nana Oellers,24/25,2025,1,0.6048587,1,0
1056213,Orazio Pazienza,24/25,2025,0,0.604836,1,1
586059,Will Hondermarck,24/25,2025,1,0.6047813,1,0
932740,Jonas Harder,24/25,2025,1,0.6045256,1,0
207965,Giacomo Risaliti,24/25,2025,1,0.604483,1,0
469828,Mihajlo Neskovic,24/25,2025,0,0.60443,1,1
502245,Dion De Neve,24/25,2025,1,0.60429794,1,0
441098,Lucas Masoero,24/25,2025,1,0.6042776,1,0
631410,Vasilios Spinos,24/25,2025,0,0.6041358,1,1
659420,Mattia Motolese,24/25,2025,1,0.6040988,1,0
251896,Jesús Vallejo,24/25,2025,1,0.6040618,1,0
1299824,Stijn Middendorp,24/25,2025,0,0.6040446,1,1
163654,Kevin García,24/25,2025,0,0.603949,1,1
942889,Jawad El Jemili,24/25,2025,1,0.60384595,1,0
401064,Alessandro Rossi,24/25,2025,1,0.60377955,1,0
244192,Pierluigi Gollini,24/25,2025,0,0.6037788,1,1
82657,Christopher Braun,24/25,2025,0,0.6037683,1,1
532908,Matteo Bongiorni,24/25,2025,1,0.6035497,1,0
1187269,Alessio Pesoli,24/25,2025,1,0.6035253,1,0
872502,Mattia Alessio,24/25,2025,0,0.6034563,1,1
1049599,Michele Scienza,24/25,2025,1,0.6032384,1,0
1030192,Gil Ebner,24/25,2025,1,0.6031831,1,0
1256478,Lorougnon Gohi,24/25,2025,1,0.6031318,1,0
53200,Eli Sabiá,24/25,2025,1,0.6031146,1,0
1210422,Aboubacar Bassinga,24/25,2025,1,0.60309744,1,0
829838,Hennes Behrens,24/25,2025,0,0.6030764,1,1
215679,Georges-Kevin N'Koudou,24/25,2025,1,0.6030338,1,0
221309,Óscar Plano,24/25,2025,1,0.6029948,1,0
518472,Willyan Rocha,24/25,2025,1,0.6029832,1,0
1056025,Marco Fastiggi,24/25,2025,1,0.6029712,1,0
535740,Giuseppe Ciocci,24/25,2025,0,0.6029415,1,1
1032447,Julio Cabrera,24/25,2025,0,0.60284346,1,1
315871,Federico Valietti,24/25,2025,1,0.6027466,1,0
371345,Dimitar Sheytanov,24/25,2025,1,0.6027199,1,0
1027216,François Mughe,24/25,2025,0,0.60261315,1,1
986173,Pasquale Ruiz Giraldo,24/25,2025,1,0.60259545,1,0
977753,Giuseppe Balzano,24/25,2025,0,0.6025708,1,1
858886,Georgios Charalampoglou,24/25,2025,1,0.60249424,1,0
167254,Dominic Ball,24/25,2025,1,0.6024539,1,0
249157,Fredrik Jensen,24/25,2025,1,0.6024215,1,0
166557,Luca Baldassin,24/25,2025,1,0.6023759,1,0
257805,Mathias Normann,24/25,2025,1,0.6023173,1,0
740159,David Sousa,24/25,2025,1,0.6022061,1,0
839533,Stepan Beran,24/25,2025,1,0.6021722,1,0
412539,Dimitar Iliev,24/25,2025,0,0.60212475,1,1
1043003,Yasin Özcan,24/25,2025,1,0.6018357,1,0
131505,Rodrigo,24/25,2025,0,0.60174483,1,1
1147892,Pau Palacín,24/25,2025,1,0.6017395,1,0
621195,Bas Van den Eynden,24/25,2025,1,0.60169905,1,0
496415,Nicolás Reniero,24/25,2025,0,0.60164243,1,1
1163866,Samad Popoola,24/25,2025,0,0.601579,1,1
1059678,Luca Horst,24/25,2025,1,0.60156476,1,0
431422,Nathan Trott,24/25,2025,1,0.6015593,1,0
1291792,Agustín Juarez,24/25,2025,1,0.60154915,1,0
332593,Patrick Andrade,24/25,2025,1,0.60153353,1,0
347885,Fabio Morselli,24/25,2025,0,0.6014454,1,1
837085,Azeez Oseni,24/25,2025,1,0.60133725,1,0
561647,Kaan Caliskaner,24/25,2025,1,0.6013269,1,0
624569,Samuel Attah Kumi,24/25,2025,0,0.6012566,1,1
903563,Matteo Rizzo,24/25,2025,1,0.6010629,1,0
919874,Lyubomir Vasilev,24/25,2025,0,0.6009223,1,1
1175656,Thomas Diego Altomonte,24/25,2025,1,0.6008353,1,0
1047861,Watts,24/25,2025,1,0.6008143,1,0
1001554,Berkay Aslan,24/25,2025,1,0.60074025,1,0
445623,Cem Üstündag,24/25,2025,1,0.6007008,1,0
1055547,Unax Álvarez,24/25,2025,0,0.6006468,1,1
388326,Atanas Kabov,24/25,2025,1,0.6005757,1,0
864485,Alexandru Gutium,24/25,2025,1,0.60010594,1,0
1309281,Filippo Pedini,24/25,2025,0,0.6000748,1,1
576737,Firza Andika,24/25,2025,1,0.6000698,1,0
552939,Alessio Buttaro,24/25,2025,1,0.59992033,1,0
176422,Adrià Gallego,24/25,2025,1,0.59989345,1,0
939751,Matej Kadlec,24/25,2025,0,0.59983695,1,1
733422,Jake Rooney,24/25,2025,1,0.5998099,1,0
696146,Tim Giesen,24/25,2025,1,0.599796,1,0
1073176,Oumar Pona,24/25,2025,0,0.59968686,1,1
551147,Clench Loufilou,24/25,2025,0,0.59953815,1,1
1182220,Tommaso Scartabelli,24/25,2025,1,0.59951526,1,0
1045159,Daniel Barat,24/25,2025,0,0.5994434,1,1
126634,Francesco Rossi,24/25,2025,0,0.5992678,1,1
894162,Aron Gjergji,24/25,2025,0,0.5990656,1,1
1061660,Selvi Clua,24/25,2025,0,0.5989248,1,1
244940,Salih Özcan,24/25,2025,0,0.5989026,1,1
874080,Mason Burstow,24/25,2025,1,0.5988908,1,0
415383,Hervé Koffi,24/25,2025,1,0.5988495,1,0
264848,Rúben Lameiras,24/25,2025,0,0.5988233,1,1
401383,Davide Colonna,24/25,2025,1,0.5987708,1,0
635318,Juanpa Palomares,24/25,2025,1,0.59870964,1,0
292032,Pelle Hoppe,24/25,2025,1,0.59859943,1,0
1059479,Stefen Tchamche,24/25,2025,0,0.5984256,1,1
125342,Ohad Levita,24/25,2025,1,0.59813154,1,0
282427,Fran Ganfornina,24/25,2025,0,0.5980942,1,1
614623,Alexandru Oroian,24/25,2025,0,0.5980385,1,1
601117,Marco Wagner,24/25,2025,1,0.5979417,1,0
800028,Alexandros Kedikoglou,24/25,2025,0,0.5978982,1,1
665552,Denis Dziuba,24/25,2025,1,0.59788,1,0
939804,Keno-Miguel Meyer,24/25,2025,1,0.59765613,1,0
528040,Milan Obradovic,24/25,2025,1,0.59762084,1,0
796212,Philipp Schulz,24/25,2025,0,0.59748995,1,1
241889,Antonio Barreca,24/25,2025,1,0.5974798,1,0
250013,Angelo Fulgini,24/25,2025,1,0.59725356,1,0
719926,Áron Csongvai,24/25,2025,0,0.59717923,1,1
358512,Ibrahima Conté,24/25,2025,1,0.597164,1,0
1290144,Gennaro Di Somma,24/25,2025,1,0.59715843,1,0
164262,Dávid Kovács,24/25,2025,0,0.5971018,1,1
138816,Alessio Curcio,24/25,2025,1,0.5969502,1,0
1052859,Vladyslav Kopotun,24/25,2025,0,0.596767,1,1
74230,Pablo Sarabia,24/25,2025,1,0.5966425,1,0
745246,Levin Mattmüller,24/25,2025,1,0.5964073,1,0
309923,Jaime Moreno,24/25,2025,0,0.5963875,1,1
1056226,Aristidis Andrikopoulos,24/25,2025,1,0.5963657,1,0
523606,Cleylton,24/25,2025,0,0.59627646,1,1
186621,Vasilios Gavriilidis,24/25,2025,0,0.5962227,1,1
525867,Fraser Horsfall,24/25,2025,1,0.59614444,1,0
198084,Marco Frediani,24/25,2025,0,0.59614015,1,1
1218877,Mustafa Owaid,24/25,2025,1,0.5960848,1,0
433168,Nathanael Ogbeta,24/25,2025,1,0.596056,1,0
444571,Curtis Tilt,24/25,2025,1,0.595925,1,0
800611,Jonathan Pitou,24/25,2025,1,0.5958784,1,0
592927,Péter Törőcsik,24/25,2025,1,0.5957771,1,0
628303,Julian Weigel,24/25,2025,0,0.5957683,1,1
697280,George Earthy,24/25,2025,0,0.59574044,1,1
706822,Roshaun Mathurin,24/25,2025,1,0.5957402,1,0
259183,Serhat Koruk,24/25,2025,0,0.5957175,1,1
1163461,Jack Shepherd,24/25,2025,0,0.5956557,1,1
925221,Elion Jashari,24/25,2025,1,0.5956153,1,0
207005,Mohamed Bettamer,24/25,2025,1,0.59556645,1,0
762611,Carlos Inglada,24/25,2025,1,0.59551233,1,0
426213,Rodrigo Conceição,24/25,2025,1,0.59544826,1,0
999387,Christian Roseti,24/25,2025,1,0.59522545,1,0
981485,Luis Córdova,24/25,2025,0,0.595207,1,1
525131,Yacine Bourhane,24/25,2025,1,0.5950977,1,0
961945,Félix Garreta,24/25,2025,0,0.5948652,1,1
845277,Dominik Biniek,24/25,2025,0,0.5947777,1,1
1284577,Alessandro Nardo,24/25,2025,0,0.5947086,1,1
815028,Panagiotis Anastasopoulos,24/25,2025,1,0.59467113,1,0
485729,Fashion Sakala,24/25,2025,0,0.59453726,1,1
614228,Jaume Villar,24/25,2025,0,0.59447867,1,1
152975,Aleix Coch,24/25,2025,0,0.5944755,1,1
567476,Gabriele Berto,24/25,2025,0,0.5943855,1,1
591785,Milen Stoev,24/25,2025,1,0.59437513,1,0
938388,Panagiotis Tsantilas,24/25,2025,0,0.59422123,1,1
745608,Noel Werner,24/25,2025,1,0.59416157,1,0
237732,Leandro Putaro,24/25,2025,1,0.593909,1,0
401583,Julián Chicco,24/25,2025,1,0.5938403,1,0
530032,Quaresma,24/25,2025,0,0.59367126,1,1
431470,Alessandro Minelli,24/25,2025,1,0.5935129,1,0
636254,Rakip Bregu,24/25,2025,1,0.5934618,1,0
696656,Rodri Andrade,24/25,2025,0,0.5934012,1,1
1287735,Oscar Vargas,24/25,2025,0,0.59312075,1,1
86083,Richard Marcone,24/25,2025,1,0.5930013,1,0
1055082,Andrea Oliviero,24/25,2025,0,0.59297544,1,1
1075575,Marius Courcoul,24/25,2025,0,0.5929218,1,1
255744,Samir Caetano,24/25,2025,1,0.59290653,1,0
585818,Frantz Pierrot,24/25,2025,1,0.59289336,1,0
265967,Salvatore Aloi,24/25,2025,1,0.5927798,1,0
167505,Danu Spataru,24/25,2025,1,0.59269744,1,0
590203,Efthymios Pavlakis,24/25,2025,1,0.59269375,1,0
344971,Nehar Sadiki,24/25,2025,1,0.59267646,1,0
410222,Ousseynou Thioune,24/25,2025,1,0.5926022,1,0
493000,Sebastián Villa,24/25,2025,0,0.59256464,1,1
924031,Leo Eberle,24/25,2025,1,0.5923866,1,0
458715,Robson Bambu,24/25,2025,1,0.5923822,1,0
711034,Gianmarco Todisco,24/25,2025,1,0.5923434,1,0
691482,Jacopo Fazzini,24/25,2025,1,0.59233075,1,0
422400,Ezequiel Montagna,24/25,2025,1,0.5922974,1,0
577881,Mohamed Ali Ben Romdhane,24/25,2025,1,0.59223646,1,0
504091,Pedrinho,24/25,2025,0,0.59220856,1,1
1118034,Hammam Al-Hammami,24/25,2025,1,0.5921143,1,0
821542,Moussa Baradji,24/25,2025,1,0.5920316,1,0
64793,Leonardo Pavoletti,24/25,2025,0,0.5919536,1,1
99924,Tano Bonnín,24/25,2025,1,0.59184164,1,0
312683,Arthur Bonaldo,24/25,2025,0,0.59182686,1,1
576125,Thierry Gale,24/25,2025,1,0.5918066,1,0
85164,Andre Hoffmann,24/25,2025,1,0.59158504,1,0
421118,Cris Montes,24/25,2025,1,0.5915352,1,0
910540,Ben Jablonski,24/25,2025,0,0.59148455,1,1
1066821,Vasilios Archontakakis,24/25,2025,0,0.5914024,1,1
336830,Jaime Santos,24/25,2025,1,0.591367,1,0
306166,Nuno Da Costa,24/25,2025,1,0.59124553,1,0
467992,Samuele Ricci,24/25,2025,1,0.59114236,1,0
194218,Yeltsin Tejeda,24/25,2025,0,0.5910742,1,1
688747,Juanjo Sánchez,24/25,2025,1,0.59107167,1,0
1031769,Tim Windsheimer,24/25,2025,1,0.59102863,1,0
320259,Sito Pascual,24/25,2025,0,0.5910082,1,1
829299,Max Weiß,24/25,2025,1,0.5909929,1,0
200736,Jorge Aparicio,24/25,2025,0,0.59083915,1,1
324111,Teun Bijleveld,24/25,2025,1,0.5906826,1,0
744728,Arijon Ibrahimovic,24/25,2025,1,0.59067714,1,0
156721,Luka Milunovic,24/25,2025,1,0.59052265,1,0
990259,Christos Kosidis,24/25,2025,0,0.5904154,1,1
575620,Mauricio Villalobos,24/25,2025,1,0.59035647,1,0
1030201,Noel Kaiser,24/25,2025,1,0.5902566,1,0
226151,Sean Kelly,24/25,2025,1,0.5902528,1,0
914539,Yoan Koré,24/25,2025,1,0.59020364,1,0
714612,Dilhan Demir,24/25,2025,1,0.59014267,1,0
718579,Iván Martínez,24/25,2025,0,0.59001386,1,1
587688,Zdravko Dimitrov,24/25,2025,0,0.59001285,1,1
68033,Steven Zuber,24/25,2025,0,0.58999914,1,1
330795,Caniggia Elva,24/25,2025,0,0.5899963,1,1
383630,Stavros Panagiotou,24/25,2025,1,0.5899512,1,0
493983,Pavel Sokol,24/25,2025,1,0.5899206,1,0
222225,Pius Krätschmer,24/25,2025,1,0.58971846,1,0
400871,Kacper Krzepisz,24/25,2025,1,0.5897088,1,0
329924,Jacob Karlstrøm,24/25,2025,0,0.5896959,1,1
1075193,Andrea Casagni,24/25,2025,0,0.5896484,1,1
519748,Zé Ricardo,24/25,2025,0,0.5894957,1,1
1016280,Lukas Sinn,24/25,2025,1,0.5893044,1,0
463760,Ethan Erhahon,24/25,2025,1,0.5891683,1,0
668684,Konstantinos Lampsias,24/25,2025,1,0.589106,1,0
1188665,Tommaso Piacenza,24/25,2025,1,0.5890017,1,0
228405,Serhat Kot,24/25,2025,1,0.5889049,1,0
410061,Loïc Kouagba,24/25,2025,1,0.58874726,1,0
136641,Dimitrios Diamantakos,24/25,2025,1,0.5885128,1,0
1214320,Sydney Osazuwa,24/25,2025,0,0.5884921,1,1
997827,Thiago Helguera,24/25,2025,1,0.58842105,1,0
401386,David Tomassini,24/25,2025,0,0.5882788,1,1
926931,Emanuel Marincău,24/25,2025,1,0.58826417,1,0
817275,Filippo Mozzo,24/25,2025,0,0.5882006,1,1
407098,Jakub Kaminski,24/25,2025,1,0.58805954,1,0
702911,Luis Asué,24/25,2025,1,0.5880187,1,0
1048618,Philipp Maybach,24/25,2025,0,0.58801246,1,1
203628,Tim Bunge,24/25,2025,0,0.58789146,1,1
340447,Emanuele Spinozzi,24/25,2025,0,0.5877826,1,1
66736,Lisandro Magallán,24/25,2025,1,0.58769804,1,0
702354,Idrissa Thiam,24/25,2025,1,0.5875171,1,0
109816,Roland Vólent,24/25,2025,0,0.5873847,1,1
605779,Kewin Komar,24/25,2025,1,0.5872053,1,0
431597,Johannes Sabah,24/25,2025,1,0.5870717,1,0
541628,Oliver Sonne,24/25,2025,0,0.5870533,1,1
84377,Jonatan Gómez,24/25,2025,1,0.58691186,1,0
611070,Moha Keita,24/25,2025,0,0.5869089,1,1
974387,Jude Bonnar,24/25,2025,1,0.58688146,1,0
516038,Kai Merk,24/25,2025,1,0.5867504,1,0
853344,Sekou Yansané,24/25,2025,0,0.58674586,1,1
279829,Alexandros Anagnostopoulos,24/25,2025,1,0.58665013,1,0
406556,Tom McGill,24/25,2025,0,0.58658814,1,1
221984,David Forniés,24/25,2025,0,0.58650917,1,1
441422,Maximiliano Lovera,24/25,2025,0,0.58636457,1,1
962144,Unax del Cura,24/25,2025,1,0.5863572,1,0
991312,Nikita Baranok,24/25,2025,0,0.58628386,1,1
655899,Serdar Saatçı,24/25,2025,0,0.5862557,1,1
926766,Johaneko Louis-Jean,24/25,2025,0,0.5862546,1,1
464220,Botond Nándori,24/25,2025,0,0.5860973,1,1
371370,Ismet Sinani,24/25,2025,1,0.5860536,1,0
815477,Michele Tommasi,24/25,2025,0,0.5859838,1,1
296577,Macauley Bonne,24/25,2025,1,0.58585614,1,0
975211,Nicolò Allasina,24/25,2025,0,0.58584696,1,1
922783,Marios Dervishi,24/25,2025,0,0.58579737,1,1
282897,Kristiyan Malinov,24/25,2025,1,0.58574873,1,0
130765,Stuart Armstrong,24/25,2025,1,0.5857464,1,0
634117,Pablo Valencia,24/25,2025,1,0.58565414,1,0
1183220,Andrea Collaro,24/25,2025,1,0.5856018,1,0
621997,Cieran Slicker,24/25,2025,1,0.58542496,1,0
810307,Dimitrios Goumas,24/25,2025,0,0.58534056,1,1
1035765,Ilyas Ansah,24/25,2025,1,0.58532333,1,0
633624,Cole McKinnon,24/25,2025,1,0.58517,1,0
675946,Marin Petkov,24/25,2025,0,0.5851526,1,1
668328,Lukas Hrdlicka,24/25,2025,0,0.585116,1,1
765972,Zepiqueno Redmond,24/25,2025,1,0.58507824,1,0
765468,Milan de Haan,24/25,2025,1,0.5850397,1,0
282722,Álex Collado,24/25,2025,1,0.58490074,1,0
455932,Lars Gindorf,24/25,2025,1,0.5848762,1,0
636693,David Navarro,24/25,2025,0,0.5848119,1,1
519869,Mehdi Loune,24/25,2025,1,0.5848025,1,0
616634,Andrea Mallamo,24/25,2025,1,0.5847745,1,0
632498,Miguelito,24/25,2025,0,0.5847226,1,1
700565,Brian Cipenga,24/25,2025,0,0.5846558,1,1
344595,Aurélien Nguiamba,24/25,2025,1,0.58463407,1,0
580329,Elvis Baffour,24/25,2025,0,0.5845157,1,1
954687,Francesco Macchi,24/25,2025,1,0.58450377,1,0
683101,Saverio Domanico,24/25,2025,0,0.58417207,1,1
315125,Javairô Dilrosun,24/25,2025,1,0.58414716,1,0
486204,Klisman Cake,24/25,2025,0,0.5841406,1,1
391063,Filippo Chiti,24/25,2025,0,0.584011,1,1
926935,Fritz Engel,24/25,2025,1,0.5839024,1,0
118317,Afonso Taira,24/25,2025,1,0.5838892,1,0
361540,Nazzareno Ciccarelli,24/25,2025,1,0.583879,1,0
397812,Daniele Rocco,24/25,2025,1,0.58378416,1,0
214770,Borja López,24/25,2025,1,0.58361906,1,0
1183293,Edoardo Ferrari,24/25,2025,0,0.5834652,1,1
118375,Dardo Miloc,24/25,2025,0,0.5834559,1,1
667640,Alexandru Borbei,24/25,2025,1,0.58342856,1,0
454625,Matías Cóccaro,24/25,2025,0,0.5833123,1,1
1063333,Jorge Cabello,24/25,2025,0,0.5833119,1,1
172015,Fernando Pacheco,24/25,2025,1,0.5832855,1,0
490506,José Solbes,24/25,2025,1,0.5832055,1,0
707350,Max Scholze,24/25,2025,1,0.58300626,1,0
934998,Abdou M'bark El Id,24/25,2025,0,0.5829869,1,1
604458,Aaron Sky Schwarz,24/25,2025,1,0.58295006,1,0
278190,Ivan Konovalov,24/25,2025,1,0.5828876,1,0
911531,Alexis Golfinos,24/25,2025,1,0.58286226,1,0
522990,Leonardo Mannella,24/25,2025,0,0.582853,1,1
816897,Lorenzo Podda,24/25,2025,1,0.58274585,1,0
63491,Andreas Vasilogiannis,24/25,2025,0,0.58273625,1,1
1129797,Giovanni Di Lelio,24/25,2025,0,0.58261275,1,1
847217,Alberto Spina,24/25,2025,0,0.58258647,1,1
538073,Romain Matthys,24/25,2025,1,0.5825616,1,0
1030197,Joel Skowronek,24/25,2025,1,0.5820978,1,0
463030,Markus Kaasa,24/25,2025,1,0.5819807,1,0
536698,Julian Larsson,24/25,2025,0,0.5819069,1,1
520695,Pepe Bernal,24/25,2025,1,0.58183825,1,0
379869,Arthur Desmas,24/25,2025,1,0.58181095,1,0
415550,Joaquín Ardaiz,24/25,2025,1,0.581708,1,0
624293,Ayman Abdelrahman,24/25,2025,0,0.58164203,1,1
935420,Andrea Toma,24/25,2025,1,0.58162606,1,0
935828,Mohamed Alì Zoma,24/25,2025,1,0.58161473,1,0
415816,Diallang Jaiyesimi,24/25,2025,0,0.58147794,1,1
1180000,Jac Norris,24/25,2025,1,0.5814147,1,0
565821,Mika Biereth,24/25,2025,0,0.58136773,1,1
718668,Tala,24/25,2025,0,0.5813319,1,1
635445,Jayden Nelson,24/25,2025,0,0.5813176,1,1
805065,Iyad Mohamed,24/25,2025,0,0.5813147,1,1
84711,João Aurélio,24/25,2025,0,0.5813031,1,1
328573,Barnabás Varga,24/25,2025,0,0.5812403,1,1
494283,Enrico Dueñas,24/25,2025,1,0.5812328,1,0
534070,Nicholas Martini,24/25,2025,1,0.58123,1,0
635566,Aitor Ekiza,24/25,2025,1,0.58116794,1,0
1189343,Giandomenico Panaro,24/25,2025,1,0.5810471,1,0
316750,Tosin Kehinde,24/25,2025,1,0.58104396,1,0
191850,Kosmas Gezos,24/25,2025,1,0.580927,1,0
220878,Issiaga Sylla,24/25,2025,1,0.5808114,1,0
168989,Silvan Widmer,24/25,2025,0,0.5808092,1,1
246204,Salvi Sánchez,24/25,2025,1,0.58077085,1,0
395714,Alex Rolfini,24/25,2025,1,0.58041406,1,0
288690,Manprit Sarkaria,24/25,2025,1,0.5804056,1,0
734348,Hernán Zazas,24/25,2025,1,0.58015263,1,0
344969,Davor Zdravkovski,24/25,2025,1,0.580132,1,0
369258,Dudu,24/25,2025,0,0.5801206,1,1
337670,Alessio Da Cruz,24/25,2025,1,0.57994413,1,0
190941,Ángelo Sagal,24/25,2025,1,0.5799263,1,0
107267,Djamal Ziane,24/25,2025,0,0.5798783,1,1
169362,Luka Zahovic,24/25,2025,0,0.5797945,1,1
439292,Sydney van Hooijdonk,24/25,2025,0,0.57969505,1,1
282821,Corey Blackett-Taylor,24/25,2025,0,0.5796947,1,1
682625,David Valero,24/25,2025,0,0.5796768,1,1
569373,Isaac Solet,24/25,2025,0,0.57966465,1,1
379892,Diego Campos,24/25,2025,0,0.57964045,1,1
192239,Ryan Williams,24/25,2025,0,0.5795442,1,1
322683,Markus Poom,24/25,2025,0,0.5794771,1,1
1200419,Djylian N'Guessan,24/25,2025,0,0.5794664,1,1
336667,Assim Madibo,24/25,2025,1,0.5794659,1,0
430798,Don Bolsius,24/25,2025,0,0.5792485,1,1
500624,Filippo Vandelli,24/25,2025,1,0.5792425,1,0
244130,Sullay Kaikai,24/25,2025,0,0.5791934,1,1
986892,Max Lippert,24/25,2025,1,0.5791747,1,0
216263,Aymen Souda,24/25,2025,1,0.5791718,1,0
145707,Danilo,24/25,2025,0,0.5791123,1,1
335310,Áron Fejős,24/25,2025,1,0.57906216,1,0
276768,Nolan Mbemba,24/25,2025,1,0.5790222,1,0
710591,Athanasios Papadakos,24/25,2025,1,0.5788788,1,0
379820,Francesco Mazzavillani,24/25,2025,0,0.5788768,1,1
92693,Darío Benedetto,24/25,2025,1,0.57879996,1,0
847650,Tommaso Senzamici,24/25,2025,0,0.57877773,1,1
618806,Alfredo Pedraza,24/25,2025,1,0.5786354,1,0
226058,Luka Bogdan,24/25,2025,1,0.5786039,1,0
744278,Benjamín Rojas,24/25,2025,1,0.5785196,1,0
748316,Juan Manuel Cruz,24/25,2025,1,0.57801914,1,0
615618,Santiago Eneme,24/25,2025,1,0.5779825,1,0
741252,Aarón Alonso,24/25,2025,1,0.57795113,1,0
523363,Kaio,24/25,2025,1,0.577914,1,0
461903,João Silva,24/25,2025,0,0.57789403,1,1
390135,Abbas Yassin Mohamad,24/25,2025,1,0.577812,1,0
1103543,Clarence Corallo,24/25,2025,1,0.5777367,1,0
875328,Biel,24/25,2025,1,0.577431,1,0
941458,Jere Vrcic,24/25,2025,0,0.5773945,1,1
113400,Aubrey David,24/25,2025,0,0.57734793,1,1
1004385,Owen Martinez-Jullien,24/25,2025,1,0.576997,1,0
612489,Alessio Nepi,24/25,2025,0,0.57697016,1,1
247661,Gideon Jung,24/25,2025,1,0.57688195,1,0
594277,Jonathan Mulder,24/25,2025,1,0.5768811,1,0
357987,Leonardo Stanzani,24/25,2025,0,0.5768136,1,1
661467,Gerónimo Bortagaray,24/25,2025,0,0.5768075,1,1
177031,Emrah Başsan,24/25,2025,1,0.5767832,1,0
1056227,Leonard Muca,24/25,2025,1,0.5766533,1,0
226005,Franco Fragapane,24/25,2025,0,0.5766375,1,1
120095,José Campaña,24/25,2025,1,0.5765954,1,0
607164,Enzo Cornelisse,24/25,2025,1,0.5765531,1,0
952216,Samuel Kuffour,24/25,2025,0,0.5764975,1,1
1061527,Bobby Pointon,24/25,2025,0,0.5764185,1,1
392131,Simon Asta,24/25,2025,1,0.5763891,1,0
586712,Symeon Papadopoulos,24/25,2025,1,0.5763611,1,0
1046151,Jusuf Ugljanin,24/25,2025,1,0.57623786,1,0
400044,Balázs Tóth,24/25,2025,0,0.57622105,1,1
1238259,Pau Fernández,24/25,2025,0,0.5761312,1,1
1304289,Amin Ziblim,24/25,2025,1,0.5760178,1,0
1132600,Zalán Maronyay,24/25,2025,0,0.575947,1,1
354145,Jorge Carrascal,24/25,2025,1,0.5759122,1,0
1000630,Pablo López,24/25,2025,1,0.5758582,1,0
1020852,Abdulmalik Al-Jaber,24/25,2025,1,0.57579243,1,0
427633,Chadrack Muzungu,24/25,2025,1,0.5757571,1,0
1054933,Daouda Doumbia,24/25,2025,1,0.5757512,1,0
988243,Noah Maboulou,24/25,2025,1,0.57569987,1,0
244930,Hikmet Çiftçi,24/25,2025,0,0.5756715,1,1
1056753,Davide Finizio,24/25,2025,1,0.5756616,1,0
935822,Vladyslav Nagrudnyi,24/25,2025,1,0.5755862,1,0
567309,Naatan Skyttä,24/25,2025,1,0.5755443,1,0
297731,Enrico Bearzotti,24/25,2025,0,0.5755327,1,1
177596,Javi Bonilla,24/25,2025,0,0.57551014,1,1
129314,Kristian Álvarez,24/25,2025,1,0.57549727,1,0
284454,Iván Rodríguez,24/25,2025,0,0.5753812,1,1
772354,Christopher Olsa,24/25,2025,1,0.5753416,1,0
135217,Patrick Olsen,24/25,2025,1,0.5752955,1,0
594731,Fabio Gruber,24/25,2025,0,0.5751296,1,1
1308605,Giovanni Severino,24/25,2025,1,0.5751238,1,0
1099543,Andrew Buah,24/25,2025,1,0.57507604,1,0
528834,Jan Shcherbakovski,24/25,2025,1,0.5750463,1,0
1056043,Matteo Donatiello,24/25,2025,0,0.5750294,1,1
333092,Josiel Núñez,24/25,2025,1,0.57502794,1,0
728321,Petar Karaangelov,24/25,2025,0,0.57493705,1,1
979858,Manuel Conti,24/25,2025,0,0.5747687,1,1
562287,Christian Celesia,24/25,2025,0,0.57471645,1,1
122493,Amir Sayoud,24/25,2025,1,0.5746508,1,0
463753,Harry Cochrane,24/25,2025,1,0.57464886,1,0
214316,Luciano Vietto,24/25,2025,0,0.57459486,1,1
518152,Tobias Peitz,24/25,2025,1,0.57457477,1,0
100001,Carlos Auzqui,24/25,2025,0,0.57443017,1,1
634432,Iván Muñoz,24/25,2025,0,0.5743678,1,1
705080,Mattia Codromaz,24/25,2025,0,0.57417434,1,1
834491,Alejandro Rego,24/25,2025,1,0.57407856,1,0
190222,Sander van de Streek,24/25,2025,0,0.57405245,1,1
926995,Amar Diagne,24/25,2025,0,0.57399166,1,1
1107991,Ognjen Teofilovic,24/25,2025,1,0.57398593,1,0
486132,Júnior Mendieta,24/25,2025,1,0.573874,1,0
397099,Jordi Osei-Tutu,24/25,2025,0,0.5738626,1,1
699418,Jakub Kaluzinski,24/25,2025,1,0.57376736,1,0
213035,Amadou Moutari,24/25,2025,1,0.573607,1,0
1270449,Aarón Martin,24/25,2025,1,0.5735788,1,0
257468,Nemanja Glavcic,24/25,2025,0,0.57348335,1,1
1021391,Emmanuel Poku,24/25,2025,0,0.5734797,1,1
708534,Alejandro Jay,24/25,2025,1,0.57347345,1,0
724036,Apostolos Christopoulos,24/25,2025,0,0.5734098,1,1
719673,Ben Gannon-Doak,24/25,2025,1,0.57317156,1,0
558890,Sergio Gómez,24/25,2025,0,0.5730269,1,1
742018,Dejan Radonjic,24/25,2025,0,0.5729691,1,1
412046,Iván Chapela,24/25,2025,1,0.5728321,1,0
784722,Jaume Tovar,24/25,2025,0,0.57281864,1,1
345654,Marlos Moreno,24/25,2025,1,0.57272166,1,0
94192,Patrick Drewes,24/25,2025,1,0.57238996,1,0
866888,José Matos,24/25,2025,1,0.57237,1,0
494350,Yaw Annor,24/25,2025,0,0.57223725,1,1
1370672,Modou Seye,24/25,2025,0,0.5720508,1,1
529315,Alexander Muci,24/25,2025,1,0.57181734,1,0
396337,Miguel San Román,24/25,2025,1,0.5718084,1,0
96140,Jorge Correa,24/25,2025,0,0.5717999,1,1
708267,Nassim Benaissa,24/25,2025,1,0.57170844,1,0
963674,Vladimir Ivanov,24/25,2025,0,0.57169193,1,1
419999,Guessouma Fofana,24/25,2025,0,0.5716588,1,1
877759,Kian Corbally,24/25,2025,0,0.5715313,1,1
907619,Melvin Rémy,24/25,2025,1,0.5714872,1,0
385923,Brandon Wilson,24/25,2025,0,0.57139987,1,1
815346,Nathan Gassama,24/25,2025,0,0.57137924,1,1
936509,Daniel Tarko,24/25,2025,0,0.5712976,1,1
448844,Carlos Neva,24/25,2025,1,0.57119775,1,0
97241,Victor Pálsson,24/25,2025,1,0.5709458,1,0
718232,Abdoulaye Kamara,24/25,2025,1,0.57090586,1,0
669793,Andrea Bozzolan,24/25,2025,1,0.5707237,1,0
897853,Petar Marinov,24/25,2025,0,0.5706246,1,1
618021,Djordje Jovicic,24/25,2025,1,0.5705543,1,0
569366,Enzo Millot,24/25,2025,1,0.57050705,1,0
721731,Antonio Prisco,24/25,2025,0,0.57037514,1,1
1171668,Malthe Kjølby,24/25,2025,1,0.57035005,1,0
577260,Facundo Batista,24/25,2025,1,0.57005596,1,0
331637,Tom Baack,24/25,2025,1,0.570023,1,0
451942,Sam Todd,24/25,2025,0,0.56997484,1,1
561702,Gaizka Ayesa,24/25,2025,0,0.569751,1,1
1177190,Ye-chan Lee,24/25,2025,0,0.56955725,1,1
790473,Elia Summa,24/25,2025,0,0.56947213,1,1
1166093,Georgios Konstantakopoulos,24/25,2025,0,0.5694377,1,1
993353,Kaloyan Pehlivanov,24/25,2025,0,0.5694359,1,1
593917,Ramin Alii,24/25,2025,1,0.5694085,1,0
689022,Nadir Ajanovic,24/25,2025,0,0.56940556,1,1
1124805,Noel Jakac,24/25,2025,1,0.56922156,1,0
260557,Slavko Damjanovic,24/25,2025,1,0.5691259,1,0
1009618,Aljaz Strajnar,24/25,2025,1,0.5690748,1,0
395070,Damiano Lia,24/25,2025,1,0.56897724,1,0
623173,Anestis Vlachomitros,24/25,2025,1,0.5689727,1,0
598611,Jesús de Miguel,24/25,2025,1,0.5688947,1,0
184491,Naïm Sliti,24/25,2025,0,0.5688428,1,1
853948,Alejandro Piedrahita,24/25,2025,0,0.56880236,1,1
340394,Abdelhamid Sabiri,24/25,2025,0,0.5686749,1,1
937207,Lennart Pohlmann,24/25,2025,1,0.5685688,1,0
1056287,Pietro Pinelli,24/25,2025,0,0.5684714,1,1
197898,Edoardo Lancini,24/25,2025,1,0.5684135,1,0
807034,Marco Schabauer,24/25,2025,1,0.56839913,1,0
70245,Ignasi Miquel,24/25,2025,1,0.56838566,1,0
1045997,Devon Matthews,24/25,2025,0,0.56834733,1,1
1228715,Samu Rodríguez,24/25,2025,0,0.5681376,1,1
651003,Tommaso Maressa,24/25,2025,1,0.56811684,1,0
276030,Artur Jorge,24/25,2025,1,0.5680827,1,0
443612,Yuri Matias,24/25,2025,1,0.56803924,1,0
264992,Andreas Makris,24/25,2025,0,0.5680277,1,1
526026,Felix Holzhacker,24/25,2025,0,0.56799394,1,1
605780,Dawid Kocyla,24/25,2025,0,0.5679662,1,1
931916,Dimitrios Retsos,24/25,2025,1,0.5679346,1,0
494847,Lovro Majkic,24/25,2025,1,0.5676184,1,0
387991,Steffen Westphal,24/25,2025,1,0.56739146,1,0
35416,David McGoldrick,24/25,2025,1,0.5672906,1,0
436176,Takuto Yasuoka,24/25,2025,0,0.5669563,1,1
744186,Chico Lamba,24/25,2025,1,0.5669147,1,0
203125,Gregory Wüthrich,24/25,2025,1,0.5668808,1,0
435022,Ramón Miérez,24/25,2025,1,0.56680614,1,0
1047127,Luc Dabrowski,24/25,2025,1,0.5667697,1,0
354507,Roberto Domínguez,24/25,2025,0,0.5667306,1,1
705341,Silvio Brustolin,24/25,2025,0,0.56661284,1,1
164534,Francesco Forte,24/25,2025,1,0.5663759,1,0
462087,Arjen van der Heide,24/25,2025,0,0.5661628,1,1
293360,Jakub Martinec,24/25,2025,1,0.566022,1,0
852517,Shaq Forde,24/25,2025,0,0.56599575,1,1
72638,Yohandry Orozco,24/25,2025,1,0.56590927,1,0
945763,Dani Martinez,24/25,2025,0,0.56585974,1,1
826528,Federico Gomes Gerth,24/25,2025,1,0.56568426,1,0
630523,Martin Svidersky,24/25,2025,1,0.5656312,1,0
673511,Chiheb Labidi,24/25,2025,0,0.56560653,1,1
118071,Shane McEleney,24/25,2025,0,0.56548554,1,1
148396,Abdoulay Diaby,24/25,2025,1,0.5654622,1,0
586756,Festy Ebosele,24/25,2025,0,0.5654594,1,1
624751,Lyall Cameron,24/25,2025,1,0.56535137,1,0
434109,Fabian Windhager,24/25,2025,0,0.5649107,1,1
576040,Elvis Sakyi,24/25,2025,1,0.56474656,1,0
910192,Wilson Samaké,24/25,2025,1,0.56457245,1,0
182392,Pieros Sotiriou,24/25,2025,0,0.56457216,1,1
744956,Luke Pearce,24/25,2025,0,0.56455976,1,1
374326,Oliver Edvardsen,24/25,2025,0,0.56440943,1,1
672607,Adam Senior,24/25,2025,1,0.5643505,1,0
495602,Moha Ramos,24/25,2025,1,0.56412005,1,0
740102,Mateja Djordjević,24/25,2025,1,0.5640686,1,0
391797,Matteo Della Morte,24/25,2025,1,0.56389904,1,0
893997,Cameron Ferguson,24/25,2025,1,0.56389874,1,0
1245815,Siviwe Magidigidi,24/25,2025,1,0.5638671,1,0
1318491,Samuele Dimatteo,24/25,2025,1,0.5638352,1,0
448854,Emmanuel Dennis,24/25,2025,1,0.5637503,1,0
663703,Nicola Dipinto,24/25,2025,0,0.5636137,1,1
385413,Marco Sfanò,24/25,2025,1,0.5635663,1,0
834767,Loren Sánchez,24/25,2025,1,0.56346065,1,0
892633,Aitor Pérez,24/25,2025,0,0.5634319,1,1
1030374,Alberto Ulloa,24/25,2025,1,0.5634078,1,0
831162,Gino Infantino,24/25,2025,0,0.56334126,1,1
162063,Salva Ruiz,24/25,2025,0,0.5633196,1,1
909683,Joan Puig,24/25,2025,1,0.56331086,1,0
396678,Alfie Kilgour,24/25,2025,1,0.5632867,1,0
123551,Sam Morsy,24/25,2025,1,0.5632444,1,0
164402,Dioni,24/25,2025,1,0.5632055,1,0
240892,Bongani Zungu,24/25,2025,0,0.5630898,1,1
386685,Matheo Raab,24/25,2025,1,0.5628445,1,0
974581,Cenny Neumann,24/25,2025,1,0.56277233,1,0
106641,Kane Hemmings,24/25,2025,1,0.5627606,1,0
1073565,Nikola Medojevic,24/25,2025,0,0.56268716,1,1
121032,Aaron Taylor-Sinclair,24/25,2025,0,0.56261945,1,1
885310,Ardit Nuredini,24/25,2025,1,0.5622911,1,0
139435,Dani Rodríguez,24/25,2025,0,0.5622321,1,1
255119,Elias Dolah,24/25,2025,1,0.56221753,1,0
711323,Alejandro Parada,24/25,2025,1,0.56200165,1,0
1295909,Abdul Moro,24/25,2025,0,0.56198514,1,1
567497,Filipe Relvas,24/25,2025,1,0.56197125,1,0
740617,Damiano Basili,24/25,2025,1,0.56195706,1,0
1258840,Asier Larrión,24/25,2025,1,0.56183255,1,0
1001936,Paul Walters,24/25,2025,0,0.5617003,1,1
607228,Félix Nzouango,24/25,2025,1,0.561611,1,0
746892,Giuseppe Simone,24/25,2025,0,0.56145877,1,1
736048,Arsen Lleshi,24/25,2025,0,0.56115115,1,1
745299,Tom Kerssens,24/25,2025,1,0.5611478,1,0
166680,Pol Roigé,24/25,2025,1,0.56113935,1,0
645962,Joep Munsters,24/25,2025,1,0.56105775,1,0
471135,Richard Krizan,24/25,2025,1,0.561046,1,0
1035864,Leon Mergner,24/25,2025,0,0.56104577,1,1
962174,Jacopo Lanzi,24/25,2025,0,0.5608257,1,1
562601,Souleymane Anne,24/25,2025,0,0.5606249,1,1
459778,Andrea Ghiggini,24/25,2025,1,0.56052554,1,0
1020652,Chico Gonçalves,24/25,2025,0,0.56049293,1,1
683670,Darragh Power,24/25,2025,0,0.5603426,1,1
878150,Amario Cozier-Duberry,24/25,2025,1,0.56032884,1,0
719646,Bernardo,24/25,2025,0,0.5603102,1,1
229909,Tobias Kordick,24/25,2025,1,0.560275,1,0
669677,Alan Marinelli,24/25,2025,1,0.56027305,1,0
226026,Xandro Schenk,24/25,2025,1,0.56020993,1,0
279923,Roberto Dias,24/25,2025,0,0.56016845,1,1
392577,Matteo Rover,24/25,2025,1,0.5601633,1,0
638138,Brais Martínez,24/25,2025,1,0.5600318,1,0
40792,Manuel Riemann,24/25,2025,1,0.55998963,1,0
190756,Juan Ramírez,24/25,2025,0,0.5599287,1,1
818909,Raffaele Lattuchella,24/25,2025,1,0.55975956,1,0
1030153,Justin Bourgault,24/25,2025,0,0.5597451,1,1
324472,Diego Borghini,24/25,2025,1,0.5594727,1,0
976203,Francesco Rucci,24/25,2025,1,0.5593646,1,0
1047410,Justin Lukas,24/25,2025,1,0.5592018,1,0
90478,Lukas Van Eenoo,24/25,2025,1,0.559004,1,0
995105,Giulio Patrignani,24/25,2025,1,0.55899936,1,0
802663,Samuele Rosini,24/25,2025,1,0.5589252,1,0
723009,Jordy de Beer,24/25,2025,0,0.55871266,1,1
197476,Alex Redolfi,24/25,2025,1,0.55867684,1,0
567114,Liam Morrison,24/25,2025,0,0.5586403,1,1
808452,Jack Milne,24/25,2025,0,0.55848426,1,1
196538,Lorenzo Remedi,24/25,2025,1,0.5584316,1,0
724031,Angelos Angelopoulos,24/25,2025,0,0.5583123,1,1
705099,Cornelius Staver,24/25,2025,1,0.55798,1,0
250826,Saeed Al-Mowalad,24/25,2025,0,0.55791324,1,1
1307419,Cristiano Novelli,24/25,2025,0,0.5577979,1,1
763182,Josué Casimir,24/25,2025,1,0.557653,1,0
603864,Lewis Miller,24/25,2025,1,0.5576219,1,0
386825,Emanuele Presello,24/25,2025,0,0.5575533,1,1
386833,Guido Variola,24/25,2025,0,0.55731714,1,1
966681,Alex Henderson,24/25,2025,0,0.5570477,1,1
127222,Tommaso Ceccarelli,24/25,2025,0,0.55686945,1,1
927269,Teodor Ivanov,24/25,2025,1,0.556776,1,0
1049803,Domenico Anzelmo,24/25,2025,1,0.556461,1,0
612756,Amoah Sam,24/25,2025,0,0.55638045,1,1
840794,Dylan Perera,24/25,2025,0,0.55621773,1,1
255361,Nikita Kaplenko,24/25,2025,1,0.55618596,1,0
648458,Emmanuel Sarpong,24/25,2025,0,0.5561815,1,1
1077242,Aodhan Doherty,24/25,2025,0,0.55610067,1,1
899542,Lorenzo Romani,24/25,2025,1,0.55604357,1,0
404968,Nicola De Vido,24/25,2025,1,0.55603766,1,0
470393,Twan van der Zeeuw,24/25,2025,0,0.55601585,1,1
867611,José de León,24/25,2025,1,0.5560146,1,0
53077,Alberto Botía,24/25,2025,0,0.55595475,1,1
203123,Haris Tabakovic,24/25,2025,1,0.55586284,1,0
340437,Andrea Paolelli,24/25,2025,0,0.5558283,1,1
476353,Thalis,24/25,2025,0,0.55582696,1,1
230552,Diego Laxalt,24/25,2025,1,0.55561,1,0
640893,Ethan Walker,24/25,2025,0,0.5555044,1,1
1057584,Jason Anastasini,24/25,2025,0,0.5554695,1,1
907917,Kristaps Grabovskis,24/25,2025,1,0.55544114,1,0
660768,Max Thompson,24/25,2025,0,0.55541384,1,1
534244,Adama Diarrassouba,24/25,2025,0,0.5553714,1,1
1060382,Daniele Kola,24/25,2025,1,0.55513173,1,0
237679,Tobias Schättin,24/25,2025,1,0.5551194,1,0
711628,Pablo Pérez,24/25,2025,1,0.55495864,1,0
410075,Danilo Greco,24/25,2025,1,0.5547151,1,0
802713,Adam Ahmad,24/25,2025,1,0.5546994,1,0
1049715,Alessandro Diana,24/25,2025,0,0.5546675,1,1
1165327,Lorenzo Bosia,24/25,2025,1,0.5546534,1,0
60541,Guillaume Gigliotti,24/25,2025,1,0.55463636,1,0
308388,Kyle Dempsey,24/25,2025,0,0.554598,1,1
313359,Alexis Pérez,24/25,2025,1,0.5545832,1,0
139393,Tomané,24/25,2025,1,0.55456036,1,0
563340,Felipe Santos,24/25,2025,0,0.5544252,1,1
538678,Macauley Southam-Hales,24/25,2025,1,0.55437714,1,0
696598,Ibrahim Cissé,24/25,2025,0,0.5541434,1,1
1175183,Peterson Paul,24/25,2025,0,0.5540503,1,1
733496,JJ McKiernan,24/25,2025,1,0.55386734,1,0
1318477,Farès Ben Rahem,24/25,2025,1,0.5536698,1,0
1109887,Filip Kaczmarek,24/25,2025,0,0.5536514,1,1
189650,Tim Receveur,24/25,2025,1,0.55364066,1,0
801886,Isak Jensen,24/25,2025,1,0.553588,1,0
256023,Serkan Yusein,24/25,2025,0,0.5535741,1,1
570417,Nathan Broome,24/25,2025,1,0.5533453,1,0
908295,Martín Cascajo,24/25,2025,1,0.55326396,1,0
611198,Álex Blesa,24/25,2025,1,0.5525372,1,0
670119,Victor Loturi,24/25,2025,0,0.5524975,1,1
297373,Mike Hauptmeijer,24/25,2025,1,0.5524564,1,0
596882,Álvaro Espínola,24/25,2025,1,0.5522636,1,0
742411,Eddy Lanzi,24/25,2025,1,0.5520822,1,0
666234,Mohamed Simakan,24/25,2025,1,0.55163544,1,0
336731,Nacho Gil,24/25,2025,1,0.55151826,1,0
503619,Andrea Papetti,24/25,2025,1,0.55119115,1,0
1054332,Riccardo Bordoni,24/25,2025,1,0.55115855,1,0
834488,Aimar Duñabeitia,24/25,2025,0,0.5511195,1,1
918957,Davide Renzetti,24/25,2025,1,0.5509962,1,0
524925,Modibo Sagnan,24/25,2025,1,0.55096024,1,0
676922,Moussa Sidibé,24/25,2025,1,0.5509138,1,0
637469,Zean Dalügge,24/25,2025,1,0.55079746,1,0
310645,Taher Mohamed,24/25,2025,0,0.55077815,1,1
508762,Darius Ghindovean,24/25,2025,1,0.55071837,1,0
614992,Fotis Kotsonis,24/25,2025,1,0.55069476,1,0
822100,Federico Romeo,24/25,2025,0,0.5506384,1,1
170914,Thibaut Peyre,24/25,2025,1,0.5505615,1,0
205533,Damien Dussaut,24/25,2025,1,0.55036044,1,0
981323,Antonello Serra,24/25,2025,0,0.55030733,1,1
262613,Pelle van Amersfoort,24/25,2025,0,0.5502417,1,1
923759,Valentin Atangana,24/25,2025,1,0.5500198,1,0
1145118,El Hadji Macoumba Gningue,24/25,2025,0,0.549984,1,1
315568,Lorenzo Di Livio,24/25,2025,1,0.5499764,1,0
92870,Emanuele Gatto,24/25,2025,1,0.5498853,1,0
422401,Milton Valenzuela,24/25,2025,1,0.5498063,1,0
569866,Roberto López,24/25,2025,0,0.5497446,1,1
1182084,Giulio Leo,24/25,2025,1,0.5496083,1,0
319171,Andrea Danzi,24/25,2025,1,0.5495054,1,0
445241,Roberto Iezzi,24/25,2025,1,0.54943126,1,0
687309,Aleks Radzhabov,24/25,2025,1,0.5491177,1,0
1045312,Harri John,24/25,2025,1,0.5491074,1,0
718123,Samuel Nongoh,24/25,2025,0,0.5489536,1,1
900938,Junior Olaitan,24/25,2025,1,0.5488533,1,0
371142,Myziane Maolida,24/25,2025,0,0.5488292,1,1
389578,Thomas Bolis,24/25,2025,0,0.54880726,1,1
387078,Andrea Boscolo Papo,24/25,2025,0,0.5487675,1,1
937042,Darius Fălcușan,24/25,2025,1,0.548744,1,0
90800,Diego Rodríguez,24/25,2025,0,0.5487174,1,1
278651,Gerard Valentín,24/25,2025,1,0.5485812,1,0
294568,Omer Atzili,24/25,2025,0,0.54842097,1,1
188888,Sheraldo Becker,24/25,2025,1,0.5482322,1,0
949118,Ibrahima Diallo,24/25,2025,0,0.54807836,1,1
125918,Lucas Villafañez,24/25,2025,0,0.5479867,1,1
656345,Nacho Ramón,24/25,2025,0,0.54793894,1,1
818088,Leandro Godoy,24/25,2025,1,0.5479162,1,0
566857,Semih Sahin,24/25,2025,1,0.5478127,1,0
1089326,Yuriy Bakalyar,24/25,2025,0,0.5476818,1,1
52570,Fraser Forster,24/25,2025,1,0.5475305,1,0
272698,Mohamed Hamdaoui,24/25,2025,0,0.54740554,1,1
709214,Beñat Gerenabarrena,24/25,2025,1,0.5472325,1,0
342018,Tennai Watson,24/25,2025,1,0.5472047,1,0
1279326,Othman Faridi,24/25,2025,0,0.54718345,1,1
388888,Samu Casado,24/25,2025,1,0.54709226,1,0
1059771,Filippo Vertua,24/25,2025,1,0.54684955,1,0
538569,Tommaso Milanese,24/25,2025,1,0.54678464,1,0
1129198,Eivind Helland,24/25,2025,0,0.54665035,1,1
492489,Christian Vestergaard,24/25,2025,1,0.5465332,1,0
271646,Karim Loukili,24/25,2025,0,0.546387,1,1
284301,Philipp Wendt,24/25,2025,1,0.54624176,1,0
56100,Leon Balogun,24/25,2025,1,0.5461799,1,0
495124,Brian Orosco,24/25,2025,0,0.54612494,1,1
803401,Ryan Andrews,24/25,2025,1,0.54579973,1,0
1073078,Fernando Mimbacas,24/25,2025,1,0.5453794,1,0
229949,Ary Papel,24/25,2025,0,0.54536116,1,1
205006,Rick Karsdorp,24/25,2025,1,0.5453489,1,0
423440,Martín Zubimendi,24/25,2025,1,0.5449485,1,0
815219,Ivan Mandić,24/25,2025,1,0.5448909,1,0
736041,Haris Mesic,24/25,2025,1,0.5447823,1,0
682351,Arthur Györgyi,24/25,2025,1,0.54477376,1,0
1164001,Andrea Di Vincenzo,24/25,2025,1,0.5447722,1,0
245030,Milan Gajic,24/25,2025,0,0.5445678,1,1
934386,Pietro Candelari,24/25,2025,0,0.54449123,1,1
421764,Matteo Cardinali,24/25,2025,0,0.5443914,1,1
158120,Ismael Tajouri-Shradi,24/25,2025,1,0.5443855,1,0
929257,Joonas Frenzel,24/25,2025,0,0.54435855,1,1
391346,Julio Gracia,24/25,2025,0,0.54430085,1,1
1076170,Denis Kala,24/25,2025,0,0.5442931,1,1
738481,Emmanuel van de Blaak,24/25,2025,1,0.5442681,1,0
392500,Felice D'Amico,24/25,2025,1,0.54415154,1,0
339328,Owen Wijndal,24/25,2025,0,0.5440969,1,1
1120228,Endika Buján,24/25,2025,0,0.5437826,1,1
342046,Axel Tuanzebe,24/25,2025,1,0.5436676,1,0
670682,Marco Cruz,24/25,2025,1,0.5435889,1,0
961821,Elián Sosa,24/25,2025,1,0.54357237,1,0
589374,Milson,24/25,2025,0,0.5434749,1,1
262097,Birsent Karagaren,24/25,2025,1,0.5433847,1,0
856532,Kai McLean,24/25,2025,0,0.54319954,1,1
632829,Niccolò Pietra,24/25,2025,1,0.5430904,1,0
390159,Vincenzo Millico,24/25,2025,1,0.5430845,1,0
1063329,Andrés García,24/25,2025,0,0.5430756,1,1
668718,Vasilios Katsoulidis,24/25,2025,1,0.54305625,1,0
280700,Yohan Boli,24/25,2025,1,0.54300785,1,0
177065,Florin Andone,24/25,2025,0,0.542857,1,1
672024,Georgios Papadopoulos,24/25,2025,1,0.542845,1,0
630108,David Petrovic,24/25,2025,0,0.54278105,1,1
1066142,Dominik Pech,24/25,2025,1,0.54270214,1,0
322765,Nathan Gartside,24/25,2025,1,0.542626,1,0
293325,Emil Riis,24/25,2025,1,0.54245543,1,0
405833,Bruno Silva,24/25,2025,0,0.54244393,1,1
394352,Massimo Bertagnoli,24/25,2025,1,0.54243344,1,0
167792,Nicolò Bianchi,24/25,2025,1,0.5421849,1,0
377606,Mohamed Al-Shebli,24/25,2025,0,0.5420469,1,1
932733,Leonardo Baroncelli,24/25,2025,1,0.54197985,1,0
1040836,Yeray Carpio,24/25,2025,0,0.5418777,1,1
1020642,Anton Ihde,24/25,2025,0,0.54183644,1,1
459652,Filippo Austoni,24/25,2025,0,0.54175067,1,1
1066822,Georgios Botopoulos,24/25,2025,0,0.541727,1,1
646735,Aitor Gismera,24/25,2025,1,0.5416419,1,0
245993,Fabio Ramon Tomassini,24/25,2025,0,0.5415287,1,1
221312,Jordan Sánchez,24/25,2025,0,0.54150736,1,1
288340,Phillip Tietz,24/25,2025,0,0.54145724,1,1
301037,Aleksandr Filin,24/25,2025,1,0.5414496,1,0
197830,Josh Sheehan,24/25,2025,0,0.5413361,1,1
1147210,Francis Castillo,24/25,2025,1,0.5412189,1,0
897668,Giacomo Gabbiani,24/25,2025,1,0.54119,1,0
1075584,Luan Gadegbeku,24/25,2025,0,0.5411537,1,1
189483,Issouf Paro,24/25,2025,0,0.5410275,1,1
581000,Eynel Soares,24/25,2025,0,0.5409549,1,1
593934,Nuno Rodrigues,24/25,2025,0,0.5409508,1,1
1236200,Peter Kareem,24/25,2025,0,0.5409213,1,1
223029,Fábio Martins,24/25,2025,1,0.540871,1,0
84535,Eduardo Salvio,24/25,2025,0,0.5407884,1,1
1157429,Gu Costa,24/25,2025,1,0.5407592,1,0
254985,Taulant Seferi,24/25,2025,0,0.54073024,1,1
181661,Rolando Blackburn,24/25,2025,0,0.5406724,1,1
692128,Davide Ferri,24/25,2025,0,0.5405098,1,1
160671,Manu Molina,24/25,2025,1,0.5404886,1,0
794349,Julien Le Cardinal,24/25,2025,0,0.54046315,1,1
444445,Tommaso Degl'Innocenti,24/25,2025,0,0.540153,1,1
634118,Ibaider Garriz,24/25,2025,1,0.54011554,1,0
663940,Riccardo Tomella,24/25,2025,0,0.53994596,1,1
612810,Guus Beaumont,24/25,2025,0,0.53988063,1,1
564792,Giovanni Garofani,24/25,2025,1,0.53977996,1,0
720524,Alexis Chamorro,24/25,2025,0,0.53955317,1,1
1049862,Samuele Capolupo,24/25,2025,0,0.5394008,1,1
806168,Paul Joly,24/25,2025,1,0.5392798,1,0
573133,Charlie McCann,24/25,2025,1,0.5392401,1,0
271622,Óttar Magnús Karlsson,24/25,2025,1,0.53915125,1,0
540887,Enrico Oviszach,24/25,2025,1,0.5390797,1,0
875334,Semih Kılıçsoy,24/25,2025,1,0.53885394,1,0
93633,Stipe Batarilo,24/25,2025,1,0.53880197,1,0
386447,Alessandro Fiordaliso,24/25,2025,1,0.5386496,1,0
704260,Eugenio Fusco,24/25,2025,1,0.53864,1,0
461959,Douglas Aurélio,24/25,2025,0,0.5385536,1,1
309414,Frederik Børsting,24/25,2025,1,0.5385223,1,0
1040792,Muhammad Huzaifa,24/25,2025,0,0.5384249,1,1
570553,Erik Shuranov,24/25,2025,1,0.5383253,1,0
1192068,Tommaso Nucifero,24/25,2025,1,0.5383249,1,0
812991,Arne Rühlemann,24/25,2025,1,0.53827375,1,0
385412,Jordan Amissah,24/25,2025,1,0.5380863,1,0
943828,Olivier de Nijs,24/25,2025,0,0.53804636,1,1
242267,Saleh Al-Shehri,24/25,2025,0,0.53786486,1,1
166326,Peter Leeuwenburgh,24/25,2025,0,0.5377421,1,1
1025410,Zakaria Ouazane,24/25,2025,0,0.5376757,1,1
460347,Giovani Bamba,24/25,2025,1,0.53709626,1,0
71570,Iago Herrerín,24/25,2025,1,0.53705096,1,0
993687,Lorenzo Biliboc,24/25,2025,1,0.5370387,1,0
278332,Florian Neuhaus,24/25,2025,0,0.5370154,1,1
124548,Bebeto,24/25,2025,0,0.5370077,1,1
533783,Maks Ebong,24/25,2025,0,0.5369404,1,1
814528,Georgios Kosteas,24/25,2025,1,0.53676265,1,0
439488,Diego Díaz,24/25,2025,0,0.53653616,1,1
406912,Gabriele Bellodi,24/25,2025,0,0.53639597,1,1
934148,Gabriele Perricci,24/25,2025,1,0.53633296,1,0
1151753,Ádám Szamosi,24/25,2025,0,0.53617567,1,1
948936,Kyle Ure,24/25,2025,1,0.5361227,1,0
396167,Charlie Scott,24/25,2025,0,0.53599524,1,1
921955,Joaquin Domingo Dalmasso,24/25,2025,0,0.53594524,1,1
461895,Diogo Sousa,24/25,2025,0,0.5359272,1,1
884065,Simone D'Uffizi,24/25,2025,0,0.5358681,1,1
536451,Andrea Silipo,24/25,2025,0,0.5358113,1,1
980464,Pedro Igor,24/25,2025,0,0.5357991,1,1
147993,Florin Bejan,24/25,2025,0,0.53579307,1,1
319202,Radu Boboc,24/25,2025,1,0.5356797,1,0
808320,Andreas Maarup,24/25,2025,1,0.53565705,1,0
469762,Agustín Cardozo,24/25,2025,0,0.53544813,1,1
973575,Guilherme Zimovski,24/25,2025,0,0.53524685,1,1
337812,Julijan Popović,24/25,2025,1,0.5352093,1,0
1074574,Garabet Takesian,24/25,2025,1,0.5351525,1,0
528632,Wanderson,24/25,2025,0,0.53498113,1,1
322754,Joe Crowe,24/25,2025,0,0.53488827,1,1
500782,Willy Vogt,24/25,2025,1,0.53481716,1,0
875860,David Amigo,24/25,2025,0,0.53469735,1,1
582717,David Ramos,24/25,2025,1,0.534517,1,0
188180,Benjamin Verbic,24/25,2025,0,0.534503,1,1
396307,Danilo Quaranta,24/25,2025,1,0.5345015,1,0
1056171,Alessandro Bassino,24/25,2025,0,0.5343793,1,1
194549,Simy,24/25,2025,1,0.5341442,1,0
504215,Giovanni Reyna,24/25,2025,1,0.5340063,1,0
377298,Guillem Castell,24/25,2025,0,0.5339847,1,1
511023,Dani Gallardo,24/25,2025,0,0.53395337,1,1
874081,Karoy Anderson,24/25,2025,0,0.5339485,1,1
94603,Patrick Bauer,24/25,2025,1,0.5338928,1,0
399473,Luke Thomas,24/25,2025,0,0.5338346,1,1
928612,Hamza el Dahri,24/25,2025,1,0.5337282,1,0
171078,Kevin Holt,24/25,2025,1,0.53362536,1,0
855299,Ben Krauhaus,24/25,2025,1,0.53352785,1,0
919831,Daniel Nikolov,24/25,2025,1,0.5334951,1,0
1170812,Riccardo Ornaghi,24/25,2025,1,0.53331035,1,0
816576,Edson Silva,24/25,2025,0,0.5333055,1,1
58884,Nacho Fernández,24/25,2025,0,0.53315455,1,1
400549,Magnus Kaastrup,24/25,2025,1,0.5331064,1,0
296281,Milan Vusurovic,24/25,2025,1,0.5330735,1,0
648906,Zoltán Vasvári,24/25,2025,0,0.53294045,1,1
923536,Andreas Myklebust,24/25,2025,0,0.5328826,1,1
928621,Franco González,24/25,2025,1,0.5327066,1,0
102132,Nicklas Helenius,24/25,2025,0,0.5325625,1,1
1218115,Oumar Conté,24/25,2025,1,0.53219694,1,0
618808,Diego Espejo,24/25,2025,0,0.53219515,1,1
253734,Ismael Silva,24/25,2025,0,0.5318763,1,1
1185001,Simone Tarolli,24/25,2025,1,0.53184915,1,0
651735,Magnus Knudsen,24/25,2025,0,0.5318417,1,1
71918,David Ferreiro,24/25,2025,0,0.53182274,1,1
113890,David Mitchell,24/25,2025,1,0.5317502,1,0
273937,Avdo Spahic,24/25,2025,0,0.5317323,1,1
240206,Jacopo Manconi,24/25,2025,0,0.53168327,1,1
633093,Eneko Aguilar,24/25,2025,1,0.53166825,1,0
1009332,Kemal Çırpan,24/25,2025,1,0.5316088,1,0
842910,Ayrton Costa,24/25,2025,0,0.53157896,1,1
535545,Jacopo Nelli,24/25,2025,1,0.53157717,1,0
806392,Cheikh Touré,24/25,2025,1,0.531345,1,0
230902,Javi Barrio,24/25,2025,0,0.531338,1,1
668996,Joaquín Blázquez,24/25,2025,0,0.5312596,1,1
264913,Adam Mitchell,24/25,2025,0,0.53113973,1,1
417515,Mbaye Seck,24/25,2025,0,0.53113353,1,1
854697,Georgi Karakashev,24/25,2025,1,0.5309609,1,0
339510,Tihomir Kostadinov,24/25,2025,1,0.53091526,1,0
431185,Giannis Gerolemou,24/25,2025,1,0.530662,1,0
259930,Gabriel Fernández,24/25,2025,0,0.53063804,1,1
345742,Alessandro Quaini,24/25,2025,0,0.5306041,1,1
496062,Víctor Griffith,24/25,2025,0,0.53047866,1,1
698741,Marcus Ifill,24/25,2025,0,0.5303917,1,1
1285999,John Batigi,24/25,2025,1,0.53033507,1,0
555118,Toño Calvo,24/25,2025,0,0.5303112,1,1
685506,Christian Travaglini,24/25,2025,0,0.5303059,1,1
181378,Gaëtan Laborde,24/25,2025,1,0.53027946,1,0
211107,João Afonso,24/25,2025,0,0.5301892,1,1
895331,Dani Pérez,24/25,2025,0,0.53012294,1,1
167854,Matteo Meucci,24/25,2025,0,0.52978784,1,1
463798,Alessandro Coppola,24/25,2025,1,0.52966726,1,0
75489,Niclas Füllkrug,24/25,2025,0,0.52961046,1,1
343022,Terell Thomas,24/25,2025,0,0.5296013,1,1
694236,Craig Ross,24/25,2025,1,0.5295424,1,0
1262393,Gabriel Rafele,24/25,2025,1,0.5295138,1,0
504825,Gian Marco Crespi,24/25,2025,1,0.52949786,1,0
371436,Francisco Sierralta,24/25,2025,1,0.52949464,1,0
455830,Andrea Anselmo,24/25,2025,0,0.5294752,1,1
1013227,George Andrews,24/25,2025,1,0.5293905,1,0
287717,Emanuele Ndoj,24/25,2025,1,0.52926487,1,0
341270,Carlos Gilbert,24/25,2025,1,0.52907467,1,0
415525,Kanya Fujimoto,24/25,2025,1,0.5290466,1,0
199179,Nikolaos Melissas,24/25,2025,1,0.5288774,1,0
338070,Konstantinos Tsimikas,24/25,2025,1,0.5288545,1,0
623773,Kristoffer Lund,24/25,2025,1,0.52880543,1,0
1095428,Hugo Riccobene,24/25,2025,0,0.528779,1,1
1172592,Simão Silva,24/25,2025,0,0.52865815,1,1
646208,Will Swan,24/25,2025,1,0.5286317,1,0
234761,Danny Bejarano,24/25,2025,1,0.5285549,1,0
388058,Benjamin Goller,24/25,2025,1,0.528474,1,0
220686,Antonio Vutov,24/25,2025,1,0.5284484,1,0
646750,Cristhian Mosquera,24/25,2025,1,0.5280995,1,0
234068,Maximilian Pommer,24/25,2025,0,0.52809787,1,1
412041,Álex Millán,24/25,2025,1,0.5280264,1,0
867033,Facundo Queiroz,24/25,2025,1,0.5278356,1,0
1059719,Filippo Galafassi,24/25,2025,0,0.52783453,1,1
901026,Claudio Panzarino,24/25,2025,0,0.5278298,1,1
1229922,Facundo Alarcón,24/25,2025,1,0.52770895,1,0
906902,Elliott Nevitt,24/25,2025,0,0.5277044,1,1
1223892,Koke Mota,24/25,2025,0,0.5275778,1,1
390117,Samuele Damiani,24/25,2025,1,0.52756834,1,0
634125,Xabi Huarte,24/25,2025,1,0.52756256,1,0
187847,Yassine Benzia,24/25,2025,1,0.52749324,1,0
618805,Iker Bachiller,24/25,2025,1,0.5274472,1,0
890817,Dimitrios Stamatakis,24/25,2025,0,0.5272341,1,1
450790,Benny,24/25,2025,0,0.5272219,1,1
173146,Gurpreet Singh Sandhu,24/25,2025,0,0.5271797,1,1
1182192,Simone Cat Berro,24/25,2025,1,0.5269703,1,0
882964,Claudio Parlato,24/25,2025,1,0.5268872,1,0
146099,Remi Mulumba,24/25,2025,0,0.5268355,1,1
815541,Guglielmo Floridia,24/25,2025,1,0.52680373,1,0
784862,Eryk Kobza,24/25,2025,0,0.52677244,1,1
704846,Mattia La Marca,24/25,2025,1,0.5265608,1,0
290273,Álvaro Tejero,24/25,2025,1,0.52637947,1,0
789389,Ben Summers,24/25,2025,0,0.5261945,1,1
406699,Mosawer Ahadi,24/25,2025,1,0.52617186,1,0
282921,Daniele Casella,24/25,2025,1,0.5261551,1,0
172323,Cameron Howieson,24/25,2025,0,0.52611053,1,1
336665,Sultan Al-Brake,24/25,2025,0,0.5260952,1,1
435605,Cristopher Núñez,24/25,2025,0,0.52608836,1,1
664808,August Priske,24/25,2025,0,0.5260354,1,1
946971,Marin Prekodravac,24/25,2025,1,0.5259545,1,0
1168861,Faton Ademi,24/25,2025,0,0.5258575,1,1
161251,Jorge Casado,24/25,2025,0,0.52581257,1,1
121337,Patrick McEleney,24/25,2025,0,0.52576345,1,1
265592,Mitch Pinnock,24/25,2025,1,0.52572775,1,0
1077670,Axel Tape,24/25,2025,1,0.5255605,1,0
324512,Giannis Varkas,24/25,2025,0,0.52555525,1,1
49499,Georginio Wijnaldum,24/25,2025,0,0.5255503,1,1
398063,Luke Southwood,24/25,2025,1,0.5255311,1,0
853299,Rafa Llorente,24/25,2025,0,0.5254325,1,1
725352,Endri Muhameti,24/25,2025,1,0.5253753,1,0
436585,Delano Burgzorg,24/25,2025,0,0.5253689,1,1
927267,Nicolò Amadori,24/25,2025,1,0.52533215,1,0
584254,Maximilian Breunig,24/25,2025,1,0.5251458,1,0
74297,Gaël Kakuta,24/25,2025,0,0.5251368,1,1
56682,Andrea Signorini,24/25,2025,0,0.5250049,1,1
746695,Kamaldeen Sulemana,24/25,2025,1,0.5249826,1,0
944331,Youssoupha Niang,24/25,2025,0,0.52479255,1,1
863829,Alagie Saine,24/25,2025,0,0.5247536,1,1
73932,Alessio Luciani,24/25,2025,1,0.52472234,1,0
892482,Alessandro Scacchetti,24/25,2025,1,0.5246969,1,0
554398,Vasilios Sourlis,24/25,2025,1,0.5246465,1,0
285179,Vincent Atinga,24/25,2025,0,0.5246034,1,1
730265,Rodrigo Piloto,24/25,2025,0,0.5245279,1,1
355791,Fabrizio Brignani,24/25,2025,1,0.52450436,1,0
226219,Sean Raggett,24/25,2025,0,0.5244785,1,1
1052420,Aboubaka Soumahoro,24/25,2025,0,0.5243973,1,1
710497,Stojan Lekovic,24/25,2025,0,0.5242295,1,1
392375,Jake Hastie,24/25,2025,0,0.5242221,1,1
66106,Sergio Canales,24/25,2025,0,0.5242103,1,1
934621,Roman Doulashi,24/25,2025,1,0.5241892,1,0
263627,Carlos Vigaray,24/25,2025,1,0.52408797,1,0
256120,Wilfrid Kaptoum,24/25,2025,1,0.5240021,1,0
21286,Ousmane Pato,24/25,2025,1,0.52398485,1,0
228940,João Novais,24/25,2025,1,0.5239721,1,0
484215,Toby Sibbick,24/25,2025,1,0.5239704,1,0
342966,Dennis Smarsch,24/25,2025,1,0.5239161,1,0
1066823,Konstantinos Roumeliotis,24/25,2025,0,0.52387154,1,1
877215,David Toure,24/25,2025,1,0.5238634,1,0
357858,Marc Tsoungui,24/25,2025,1,0.5237483,1,0
121257,Adam Forshaw,24/25,2025,0,0.5233371,1,1
607779,Sergio Moreno,24/25,2025,1,0.5231952,1,0
740322,Hassan Aladin,24/25,2025,0,0.52313113,1,1
928573,Joël van der Wilt,24/25,2025,0,0.52297336,1,1
1056224,Dimitri Valkanis,24/25,2025,1,0.5229317,1,0
395522,Samuel Essende,24/25,2025,0,0.5229177,1,1
189100,Sasa Ivkovic,24/25,2025,0,0.5228222,1,1
459577,Gabriele Perretta,24/25,2025,0,0.5228103,1,1
709967,Toni Caravaca,24/25,2025,0,0.5227693,1,1
668276,Hugo Novoa,24/25,2025,1,0.5227513,1,0
369078,Rahil Mammadov,24/25,2025,1,0.5226743,1,0
448883,Kristers Tobers,24/25,2025,0,0.52264327,1,1
124260,Julián Velázquez,24/25,2025,1,0.5222967,1,0
728262,Julián Palacios,24/25,2025,0,0.52223426,1,1
542511,Paul Ngongo,24/25,2025,0,0.522195,1,1
1197188,Abdulatif Hammody,24/25,2025,0,0.5221896,1,1
181612,Tomas Huk,24/25,2025,1,0.5219622,1,0
379980,Meritan Shabani,24/25,2025,1,0.5218959,1,0
951316,Iker Balda,24/25,2025,1,0.5218557,1,0
355273,Ben Kennedy,24/25,2025,0,0.52178955,1,1
454238,Tomás Alarcón,24/25,2025,0,0.52156764,1,1
379875,Leandro Antunes,24/25,2025,0,0.5214847,1,1
702275,Julián Mahicas,24/25,2025,0,0.5214659,1,1
166317,Milan Lutonsky,24/25,2025,0,0.5213752,1,1
528387,Dato Chertkoev,24/25,2025,0,0.5212544,1,1
1118150,Emmanuel Uchenna,24/25,2025,0,0.5209493,1,1
1001546,Jerome Kortebusch,24/25,2025,1,0.52076524,1,0
936027,Alessandro Pavanati,24/25,2025,0,0.52070165,1,1
63200,Ashley Barnes,24/25,2025,0,0.52039516,1,1
922772,Charalampos Kallanxhi,24/25,2025,0,0.5202556,1,1
376252,Shane McLoughlin,24/25,2025,1,0.5198551,1,0
392767,Danny Namaso,24/25,2025,1,0.519837,1,0
810073,Younes El Hannach,24/25,2025,0,0.51978296,1,1
426426,Josh Gordon,24/25,2025,1,0.5195216,1,0
337922,Esteban Burgos,24/25,2025,0,0.51931673,1,1
458499,Vasilios Tsimopoulos,24/25,2025,0,0.51924735,1,1
251106,Enes Ünal,24/25,2025,0,0.5190571,1,1
279909,Faisal Bangal,24/25,2025,0,0.51904607,1,1
125103,Marvin Ducksch,24/25,2025,1,0.51904523,1,0
448466,Jovane Cabral,24/25,2025,0,0.51903903,1,1
486597,Matías Nani,24/25,2025,1,0.5190077,1,0
222332,Lasha Dvali,24/25,2025,1,0.5189991,1,0
158569,Marco Spinosa,24/25,2025,1,0.51896304,1,0
52377,Adrian Cieslewicz,24/25,2025,0,0.5189549,1,1
375392,Paulo Moreira,24/25,2025,0,0.51893073,1,1
1015829,Tugra Turhan,24/25,2025,1,0.51881844,1,0
283528,Ignacio Pussetto,24/25,2025,1,0.51878285,1,0
1146759,Nick Doktorczyk,24/25,2025,0,0.51828104,1,1
189441,Lucas Ocampos,24/25,2025,0,0.5182685,1,1
1061040,Devran Bozardiç,24/25,2025,1,0.5182306,1,0
185817,Jizz Hornkamp,24/25,2025,0,0.51819044,1,1
540876,Promise Omochere,24/25,2025,0,0.518094,1,1
1000675,Alejo Sarco,24/25,2025,0,0.5180826,1,1
71019,Bartosz Salamon,24/25,2025,1,0.5180423,1,0
884809,Luke Rahmann,24/25,2025,1,0.5178676,1,0
267152,Sebastian Musiolik,24/25,2025,1,0.5178383,1,0
1071651,Ousmane Sow,24/25,2025,0,0.5178057,1,1
933555,Alessio Pozzoli,24/25,2025,0,0.5177304,1,1
332250,Nicolás Oroz,24/25,2025,0,0.5176559,1,1
614797,Abdoulaye Sall,24/25,2025,0,0.5176263,1,1
572874,Dimitrios Tatsis,24/25,2025,0,0.5176235,1,1
286037,Dusan Stevanovic,24/25,2025,1,0.517483,1,0
563662,Jacopo Muggeo,24/25,2025,0,0.5174312,1,1
450382,Rubén Morillas,24/25,2025,0,0.51730067,1,1
134608,Hélder Tavares,24/25,2025,0,0.5172454,1,1
1035504,Nikolas Penev,24/25,2025,1,0.5171656,1,0
509247,Euan Henderson,24/25,2025,1,0.5171473,1,0
674921,Nikola Soldo,24/25,2025,1,0.5171384,1,0
85928,Danny Lafferty,24/25,2025,0,0.51709205,1,1
678546,Mexx Meerdink,24/25,2025,0,0.51688975,1,1
112663,Eliran Atar,24/25,2025,0,0.51678383,1,1
801427,Marlee Francois,24/25,2025,0,0.51675504,1,1
402581,Thomas Rodríguez,24/25,2025,0,0.51661146,1,1
274828,Milan Kocic,24/25,2025,0,0.516487,1,1
671108,Kota Takai,24/25,2025,1,0.5164703,1,0
934496,Gioele Cardoni,24/25,2025,0,0.51644915,1,1
1189292,Ander Izagirre,24/25,2025,0,0.51643807,1,1
417972,Kei Hirose,24/25,2025,0,0.5163963,1,1
1058394,Pietro Parmiggiani,24/25,2025,1,0.5163588,1,0
402963,Georgios Daviotis,24/25,2025,0,0.51633024,1,1
982832,Adri Heredia,24/25,2025,1,0.5163032,1,0
196147,Kenny-Prince Redondo,24/25,2025,0,0.51609176,1,1
572299,Iago López,24/25,2025,1,0.5160138,1,0
1056956,Mikel Santos,24/25,2025,0,0.51597136,1,1
379092,Maxime Giron,24/25,2025,1,0.5159129,1,0
538168,Soumaila Ouattara,24/25,2025,1,0.51584804,1,0
59349,Diego Mariño,24/25,2025,1,0.515667,1,0
793243,Tim Hartzell,24/25,2025,0,0.5155723,1,1
1049834,Stephen Nenè,24/25,2025,1,0.51538575,1,0
701819,Daniele Ghilardi,24/25,2025,1,0.5153018,1,0
65841,Josep Antoni,24/25,2025,1,0.5152247,1,0
659459,Carney Chukwuemeka,24/25,2025,1,0.5150876,1,0
361124,Joey Jacobs,24/25,2025,0,0.5148098,1,1
1110073,Nilas Yacobi,24/25,2025,1,0.5148012,1,0
818376,Federico Ruggeri,24/25,2025,0,0.5147605,1,1
624905,Ramón Vila,24/25,2025,1,0.51463014,1,0
225693,Fabinho,24/25,2025,0,0.5144775,1,1
280278,Petar Vitanov,24/25,2025,0,0.5143087,1,1
664708,Equi Fernández,24/25,2025,1,0.5141514,1,0
339751,Pavel Zabelin,24/25,2025,1,0.5141142,1,0
182875,Jean-Charles Castelletto,24/25,2025,1,0.51399195,1,0
374281,Christian Bassogog,24/25,2025,0,0.513986,1,1
234499,Frédéric Maciel,24/25,2025,1,0.5139295,1,0
1086493,Alessio Manetti,24/25,2025,0,0.51388603,1,1
1050650,Adam Mayor,24/25,2025,1,0.5138122,1,0
429892,Davíd Ingvarsson,24/25,2025,0,0.5137119,1,1
501489,Zakaria Sawo,24/25,2025,0,0.5136897,1,1
856423,João Costa,24/25,2025,0,0.51347303,1,1
601113,Filip Ristanic,24/25,2025,0,0.5133129,1,1
415646,Bruno Jordão,24/25,2025,1,0.5131282,1,0
511128,Kellian van der Kaap,24/25,2025,1,0.5130283,1,0
501131,Ali Youssef,24/25,2025,0,0.5129961,1,1
74345,Dénes Szakály,24/25,2025,0,0.5127412,1,1
199717,Giancarlo Malcore,24/25,2025,0,0.5126703,1,1
728688,Denis Kramar,24/25,2025,0,0.51264113,1,1
467437,Malik Tillman,24/25,2025,1,0.5123937,1,0
318508,Olivier Boscagli,24/25,2025,1,0.51236767,1,0
785266,Joserra de Diego,24/25,2025,0,0.5122149,1,1
535959,Duk,24/25,2025,0,0.51212555,1,1
671549,Enes Osmani,24/25,2025,0,0.5120684,1,1
74960,Martin Dúbravka,24/25,2025,1,0.5120488,1,0
124884,Marco Bizot,24/25,2025,1,0.5118865,1,0
656179,Gustav Højbjerg,24/25,2025,0,0.51178795,1,1
1123842,Alexander Zenti,24/25,2025,1,0.51172036,1,0
947639,Olawale Farayola,24/25,2025,1,0.5116084,1,0
456877,Rekeem Harper,24/25,2025,1,0.5114646,1,0
297034,Ilya Petrov,24/25,2025,0,0.5113318,1,1
907588,Khalid Abu El Haija,24/25,2025,1,0.51128757,1,0
503781,John Buckley,24/25,2025,1,0.5111833,1,0
344968,Milan Ristovski,24/25,2025,0,0.51108223,1,1
612517,Bashir Humphreys,24/25,2025,1,0.51094097,1,0
340345,Borja San Emeterio,24/25,2025,0,0.5105989,1,1
212912,Nader Matar,24/25,2025,0,0.5104681,1,1
110931,Marco Fossati,24/25,2025,1,0.51046765,1,0
540059,Andreas Athanasakopoulos,24/25,2025,1,0.51039636,1,0
999402,Diego Sia,24/25,2025,0,0.5102812,1,1
690479,Stefan Vukic,24/25,2025,1,0.51026064,1,0
62049,Mame Diouf,24/25,2025,0,0.5102015,1,1
908857,Ágúst Orri Thorsteinsson,24/25,2025,0,0.5100272,1,1
920041,Emmanuel Elekwa,24/25,2025,1,0.5098892,1,0
203510,Yuriy Kovalev,24/25,2025,0,0.50988203,1,1
203496,Nabil Fekir,24/25,2025,0,0.50984484,1,1
934503,Stefano Tomaselli,24/25,2025,0,0.5098129,1,1
509234,Mattéo Ahlinvi,24/25,2025,0,0.5096826,1,1
865324,Lizandro Claros,24/25,2025,0,0.5095353,1,1
267753,Nicolás Ibáñez,24/25,2025,0,0.50935423,1,1
456331,Sion Bradley,24/25,2025,1,0.50913405,1,0
918974,Ibuki Nemoto,24/25,2025,0,0.5089646,1,1
1115586,Vaclav Zahradnicek,24/25,2025,0,0.5089331,1,1
1306762,Miguel Ángel Álvarez Ortiz,24/25,2025,1,0.5088811,1,0
530881,Oludare Olufunwa,24/25,2025,0,0.5084516,1,1
292740,Latyr Fall,24/25,2025,1,0.5081545,1,0
197860,Pedro Rebocho,24/25,2025,0,0.50814164,1,1
232418,Ondrej Duda,24/25,2025,1,0.50801015,1,0
410735,Jamie Jacobs,24/25,2025,1,0.50798404,1,0
287564,Giorgio Tumbarello,24/25,2025,1,0.5079798,1,0
292417,Demarai Gray,24/25,2025,1,0.50793624,1,0
583058,Alvyn Sanches,24/25,2025,1,0.50791436,1,0
608534,Edward Bolaños,24/25,2025,0,0.5079021,1,1
682103,Adrián Lledó,24/25,2025,1,0.5078911,1,0
116968,Carlos Izquierdoz,24/25,2025,0,0.50787735,1,1
897423,David Odogu,24/25,2025,1,0.5077519,1,0
486665,Marek Polasek,24/25,2025,1,0.5074796,1,0
396085,Marco Ballabio,24/25,2025,0,0.5074507,1,1
425733,Nikola Stevanovic,24/25,2025,1,0.5073753,1,0
936745,Ismaël Konaté,24/25,2025,0,0.50735265,1,1
1052377,Juraj Badelj,24/25,2025,0,0.5073098,1,1
295183,Răzvan Marin,24/25,2025,1,0.5069924,1,0
297649,Leonardo Rivoira,24/25,2025,0,0.5068205,1,1
599074,Kristiyan Peshov,24/25,2025,1,0.5067388,1,0
293241,Miomir Djurickovic,24/25,2025,1,0.5067277,1,0
427376,Eric Biasiol,24/25,2025,1,0.50665814,1,0
356396,Joe Wright,24/25,2025,1,0.50663155,1,0
867909,Harry Vaughan,24/25,2025,0,0.5065888,1,1
395164,José Angulo,24/25,2025,1,0.5065754,1,0
637782,André Amaro,24/25,2025,0,0.5065382,1,1
664420,Albert Caparrós,24/25,2025,0,0.50628704,1,1
238407,Alexander Sørloth,24/25,2025,0,0.505962,1,1
625884,Julio Martínez,24/25,2025,0,0.5058446,1,1
451889,Sho Yamamoto,24/25,2025,0,0.5057466,1,1
1048417,Lukas Novotny,24/25,2025,0,0.5055878,1,1
1185900,Aaron Croce,24/25,2025,1,0.5055041,1,0
502475,Samuele Vitale,24/25,2025,1,0.50544983,1,0
504518,Kofi Balmer,24/25,2025,0,0.50543106,1,1
482204,Callan Elliot,24/25,2025,0,0.5053233,1,1
275020,Héber Pena,24/25,2025,1,0.5052875,1,0
152419,David Gold,24/25,2025,0,0.5052123,1,1
578916,Ognjen Gasevic,24/25,2025,1,0.5051896,1,0
1042811,Lorenzo De Leo,24/25,2025,0,0.50504184,1,1
397257,Luca Giudici,24/25,2025,1,0.50501925,1,0
333856,Felix Schmiederer,24/25,2025,0,0.5049979,1,1
490384,Koni De Winter,24/25,2025,1,0.50499165,1,0
210711,Julián Montenegro,24/25,2025,0,0.5049868,1,1
930165,Andrea Piazza,24/25,2025,0,0.5049582,1,1
394778,Manuel Pavesi,24/25,2025,0,0.5049222,1,1
395091,Giordano Trovade,24/25,2025,0,0.50488085,1,1
673976,Anders Hoff,24/25,2025,0,0.5048678,1,1
1009938,Álvaro Merencio,24/25,2025,1,0.5047041,1,0
884820,Almugera Kabar,24/25,2025,0,0.50470155,1,1
344844,Mouhammed-Ali Dhaini,24/25,2025,0,0.5046822,1,1
696883,Juan Brunet,24/25,2025,1,0.5046752,1,0
355479,Ferdinando Del Sole,24/25,2025,1,0.5045869,1,0
535031,Federico Papini,24/25,2025,1,0.5045329,1,0
424371,Iván Martínez,24/25,2025,1,0.50449616,1,0
1045446,Dmytro Bogdanov,24/25,2025,1,0.50436836,1,0
924110,Efe Korkut,24/25,2025,0,0.5041104,1,1
160438,Mohamed Elneny,24/25,2025,0,0.5040205,1,1
353609,Titas Krapikas,24/25,2025,1,0.50398827,1,0
1038512,Asier Osambela,24/25,2025,1,0.5039662,1,0
932479,Jakob Sieve,24/25,2025,0,0.5039496,1,1
685657,Silas Andersen,24/25,2025,0,0.50394356,1,1
131821,Thomas Lam,24/25,2025,0,0.5038968,1,1
1056970,Asier Hierro,24/25,2025,0,0.5037077,1,1
339982,Bright Gyamfi,24/25,2025,1,0.5036926,1,0
627829,Christian Bianchetti,24/25,2025,1,0.503653,1,0
653707,Martin Smolenski,24/25,2025,0,0.5035556,1,1
1004062,Frederik Emmery,24/25,2025,0,0.5034246,1,1
509492,Jagoba Zárraga,24/25,2025,1,0.5034218,1,0
288067,Mats Köhlert,24/25,2025,1,0.5033976,1,0
432959,Perotti,24/25,2025,1,0.50330645,1,0
287635,Assane Dioussé,24/25,2025,0,0.50325507,1,1
289553,Xavier Gies,24/25,2025,1,0.50319767,1,0
288487,Cristian Cruz,24/25,2025,0,0.50317854,1,1
124895,Bart Schenkeveld,24/25,2025,1,0.50314647,1,0
78507,Derrick Tshimanga,24/25,2025,0,0.503128,1,1
951099,Ron Schweizer,24/25,2025,0,0.5027857,1,1
141224,Mohamed Ibrahim,24/25,2025,0,0.50276345,1,1
196446,Liam Dick,24/25,2025,1,0.50275207,1,0
536511,Gobé Gouano,24/25,2025,1,0.50273013,1,0
392281,Matteo Di Giovanni,24/25,2025,0,0.5026377,1,1
569579,Alessandro Tozzuolo,24/25,2025,1,0.5025656,1,0
205054,Norbert Gyömbér,24/25,2025,0,0.5024502,1,1
541914,Anton Kovalev,24/25,2025,0,0.50242877,1,1
932741,Mattia Ievoli,24/25,2025,1,0.5023254,1,0
1121945,Martin Georgiev,24/25,2025,0,0.5022406,1,1
1191770,César Álvarez,24/25,2025,0,0.50215656,1,1
327757,Krzysztof Piatek,24/25,2025,1,0.5019321,1,0
392964,Emmanuel Latte Lath,24/25,2025,0,0.5018751,1,1
353147,Dennis Adeniran,24/25,2025,1,0.5018644,1,0
342978,Apostolos Stikas,24/25,2025,1,0.501857,1,0
489343,Leo Oppermann,24/25,2025,0,0.5018434,1,1
1175370,Federico Renda,24/25,2025,0,0.5018127,1,1
405670,Yannik Engelhardt,24/25,2025,1,0.5018106,1,0
1180370,Pietro Reggiori,24/25,2025,0,0.5016867,1,1
330179,Gianluca Esposito,24/25,2025,0,0.50153226,1,1
895458,Adrián Pica,24/25,2025,1,0.50146544,1,0
193777,Charlie Raglan,24/25,2025,1,0.5014385,1,0
101213,Pedro Obiang,24/25,2025,1,0.501355,1,0
533222,Luca Maffioletti,24/25,2025,1,0.50131506,1,0
129579,Glenn Claes,24/25,2025,1,0.50119996,1,0
637788,Gustavo Mendonça,24/25,2025,0,0.50109714,1,1
897023,Joel Thompson,24/25,2025,1,0.5010672,1,0
281404,Kenedy,24/25,2025,1,0.5010596,1,0
1001156,Viktor Tatar,24/25,2025,0,0.50105953,1,1
813856,Bence Ominger,24/25,2025,0,0.5009078,1,1
820367,Pavel Georgiev,24/25,2025,0,0.50082326,1,1
1044395,Marten-Chris Paalberg,24/25,2025,0,0.5007212,1,1
664875,Rilind Kabashi,24/25,2025,1,0.50067544,1,0
379168,Noah Fadiga,24/25,2025,1,0.50040865,1,0
284177,Tim Handwerker,24/25,2025,1,0.5000814,1,0
336041,Victor Mena,24/25,2025,1,0.5000786,1,0
218140,George Honeyman,24/25,2025,1,0.49975282,0,1
666551,Maestro,24/25,2025,1,0.49974513,0,1
297583,Woo-yeong Jeong,24/25,2025,1,0.49972424,0,1
505307,Ryan De Havilland,24/25,2025,0,0.49964043,0,0
808509,Danilo,24/25,2025,1,0.4995091,0,1
689639,Javi Villar,24/25,2025,0,0.49944583,0,0
433091,Jalen Hawkins,24/25,2025,0,0.49929777,0,0
999365,Mattia Piermarini,24/25,2025,1,0.49929395,0,1
884818,Robin Lisewski,24/25,2025,1,0.49925652,0,1
667925,Sebastian Revan,24/25,2025,1,0.49924487,0,1
129374,Marc Martínez,24/25,2025,1,0.49923667,0,1
199453,Sebastian Osigwe,24/25,2025,1,0.49916074,0,1
391344,Luis Lara,24/25,2025,1,0.49915755,0,1
915283,Masrur Kiyomidinov,24/25,2025,1,0.4991551,0,1
795523,Enes Yılmaz,24/25,2025,1,0.4990495,0,1
221316,Lucas Vázquez,24/25,2025,1,0.49897915,0,1
384060,Tino Kadewere,24/25,2025,1,0.49882853,0,1
312317,Logan Rogerson,24/25,2025,0,0.4987352,0,0
937999,Simone Cortese,24/25,2025,1,0.4984546,0,1
345890,Ruben Hoogenhout,24/25,2025,1,0.4983846,0,1
627213,Gabriel Pereira,24/25,2025,0,0.49833095,0,0
82361,Christian Mathenia,24/25,2025,0,0.49820426,0,0
731214,Diego Nieves,24/25,2025,0,0.49797738,0,0
647548,Anthony Walker,24/25,2025,1,0.49782285,0,1
926135,Omari Kellyman,24/25,2025,1,0.49773684,0,1
419571,Myer Bevan,24/25,2025,0,0.49761018,0,0
477547,Daniil Paroutis,24/25,2025,0,0.49760044,0,0
599331,Andrés Sánchez,24/25,2025,0,0.49758923,0,0
372711,Amine Harit,24/25,2025,1,0.49756876,0,1
240237,Behar Ramadani,24/25,2025,0,0.4974813,0,0
398030,Giuseppe Caso,24/25,2025,0,0.49736506,0,0
441383,Alex Petkov,24/25,2025,1,0.4973453,0,1
412607,Eoin Toal,24/25,2025,0,0.49727622,0,0
235840,Pedro Pinto,24/25,2025,1,0.49717268,0,1
481344,Alessandro Russo,24/25,2025,1,0.49701598,0,1
140776,Yannick Carrasco,24/25,2025,0,0.4969636,0,0
585868,Vladislav Naydenov,24/25,2025,0,0.49669123,0,0
539807,Christian Marques,24/25,2025,1,0.49667668,0,1
135490,Lindsay Rose,24/25,2025,0,0.4966057,0,0
1250522,Javi Morcillo,24/25,2025,1,0.49657136,0,1
396328,Luis Perea,24/25,2025,1,0.49642733,0,1
557939,Neto Borges,24/25,2025,1,0.49641916,0,1
369082,Robert Ergas,24/25,2025,1,0.4963671,0,1
909737,Matías Galarza,24/25,2025,0,0.49626103,0,0
228917,Jorge Miramón,24/25,2025,0,0.4962592,0,0
613129,Christian Aucelli,24/25,2025,0,0.49620163,0,0
388042,Karlo Muhar,24/25,2025,1,0.4961095,0,1
112632,Raphael Augusto,24/25,2025,1,0.49606612,0,1
657742,Joaquín Sosa,24/25,2025,1,0.49604657,0,1
937278,Filippo Turone,24/25,2025,0,0.49603555,0,0
740578,Arsen Vitarigov,24/25,2025,0,0.49598318,0,0
289713,Mamadou Fall,24/25,2025,0,0.4958684,0,0
692771,Byron Burgering,24/25,2025,1,0.49585998,0,1
277646,Stanley Ratifo,24/25,2025,0,0.49578825,0,0
610417,Andrew,24/25,2025,0,0.49572027,0,0
713907,Iván Rubio,24/25,2025,0,0.49550113,0,0
697144,Burak İnce,24/25,2025,1,0.49538103,0,1
1053933,Ruan,24/25,2025,1,0.49525872,0,1
713787,Jhoanner Chávez,24/25,2025,0,0.49523836,0,0
561027,Youssef Ayman,24/25,2025,0,0.49516657,0,0
135824,Ryan De Vries,24/25,2025,0,0.49516594,0,0
184534,Alexander Ludwig,24/25,2025,0,0.4951555,0,0
845581,Nedjeljko Kovinic,24/25,2025,1,0.4949454,0,1
187353,Milos Degenek,24/25,2025,0,0.4949023,0,0
376211,Matías Vargas,24/25,2025,0,0.49489775,0,0
286044,Marco Weymans,24/25,2025,0,0.49472612,0,0
563614,Tidiane Keita,24/25,2025,1,0.49466184,0,1
672202,Camilo,24/25,2025,0,0.4946402,0,0
278761,Kürsad Sürmeli,24/25,2025,1,0.4943356,0,1
286413,Mario León,24/25,2025,0,0.4942885,0,0
282410,José Carlos Lazo,24/25,2025,0,0.4942481,0,0
423289,Álvaro Salinas,24/25,2025,1,0.49398738,0,1
866247,Tommaso Rubino,24/25,2025,1,0.49383017,0,1
1102070,Kiani Inge,24/25,2025,1,0.49374202,0,1
73846,Paul-José Mpoku,24/25,2025,1,0.49370554,0,1
290733,Gian Filippo Felicioli,24/25,2025,0,0.49358672,0,0
191895,Rafał Kurzawa,24/25,2025,1,0.49352416,0,1
220978,Andrea Gasbarro,24/25,2025,1,0.49334586,0,1
149526,Marco Crimi,24/25,2025,1,0.49323618,0,1
510330,Diego García,24/25,2025,0,0.4930735,0,0
192855,Mehdi Khalil,24/25,2025,0,0.4929978,0,0
1048013,Nicola Grandu,24/25,2025,0,0.4929218,0,0
897418,Yannik Dasbach,24/25,2025,0,0.4929139,0,0
479718,Guillermo May,24/25,2025,0,0.49279842,0,0
1306528,Filippo Vignaroli,24/25,2025,0,0.49264997,0,0
550934,Amador Zarco,24/25,2025,0,0.49239832,0,0
411410,Kaloyan Krastev,24/25,2025,1,0.49234885,0,1
504855,John McAtee,24/25,2025,0,0.4922595,0,0
415970,Joe Worrall,24/25,2025,0,0.49211013,0,0
577486,Gastón Álvarez,24/25,2025,0,0.49210623,0,0
945759,Fran Tafalla,24/25,2025,1,0.49199194,0,1
500191,Pepe Sánchez,24/25,2025,0,0.49191016,0,0
948735,Mattia Rizzo,24/25,2025,1,0.49175394,0,1
411465,Andrea Rizzo Pinna,24/25,2025,1,0.49173155,0,1
844637,Marc Pubill,24/25,2025,1,0.49158064,0,1
500687,Tyrese Shade,24/25,2025,1,0.4915391,0,1
370833,Doğukan Sinik,24/25,2025,1,0.49147758,0,1
625838,David Harrington,24/25,2025,0,0.4913368,0,0
927953,Bradley Mayo,24/25,2025,0,0.49127436,0,0
1159662,Ellis Williams,24/25,2025,0,0.4911568,0,0
1180811,Adam Baallal,24/25,2025,0,0.4911344,0,0
1083113,Gianni Vadacca,24/25,2025,1,0.49112785,0,1
59082,Heinz Lindner,24/25,2025,1,0.4910512,0,1
686339,Daniil Polyanskiy,24/25,2025,1,0.49101424,0,1
946393,Nikolay Sotnikov,24/25,2025,0,0.4906057,0,0
967658,Augusto Bando,24/25,2025,0,0.4905489,0,0
337946,Jairo Izquierdo,24/25,2025,1,0.4904515,0,1
387378,Luther Singh,24/25,2025,0,0.49024123,0,0
820694,Jacopo Atzeni,24/25,2025,1,0.49021122,0,1
150788,Yahya Al-Shehri,24/25,2025,0,0.4900764,0,0
396276,Francesco Rizzo,24/25,2025,1,0.49004912,0,1
59009,Jörg Siebenhandl,24/25,2025,0,0.48998654,0,0
364635,Francesco Mele,24/25,2025,1,0.489545,0,1
199169,Umberto Germano,24/25,2025,1,0.48934355,0,1
634460,Álex Balboa,24/25,2025,1,0.48898533,0,1
358166,Eldor Shomurodov,24/25,2025,1,0.488924,0,1
498234,Tomás Domingos,24/25,2025,1,0.4889233,0,1
471641,Ángelo Martino,24/25,2025,1,0.4888112,0,1
463776,Antonio Granata,24/25,2025,1,0.48878884,0,1
278586,Francesco Forte,24/25,2025,0,0.48864645,0,0
281769,Mario Hermoso,24/25,2025,0,0.48842058,0,0
667060,Tommaso Bertini,24/25,2025,1,0.48832336,0,1
855615,Abdoulaye Bakayoko,24/25,2025,0,0.48821273,0,0
1103652,Marius Louër,24/25,2025,0,0.4880974,0,0
433976,Tudor Băluță,24/25,2025,1,0.488015,0,1
366278,Rodrigo Pinho,24/25,2025,0,0.4878954,0,0
833093,Asparuh Smilkov,24/25,2025,0,0.48757166,0,0
291739,Milot Rashica,24/25,2025,0,0.4875644,0,0
863831,Lamarana Jallow,24/25,2025,0,0.48750183,0,0
1267574,Cristian Audisio,24/25,2025,0,0.48746297,0,0
395291,Patrick Kurzen,24/25,2025,1,0.4873325,0,1
457221,Lucas Robertone,24/25,2025,0,0.4871474,0,0
448468,Jefferson Encada,24/25,2025,1,0.4870712,0,1
363223,Jack Hendry,24/25,2025,0,0.48689604,0,0
315289,Myrto Uzuni,24/25,2025,0,0.48689178,0,0
1061820,Lorenzo Venturino,24/25,2025,0,0.48674992,0,0
741097,Irving Gudiño,24/25,2025,1,0.48668197,0,1
280044,Luca Zanon,24/25,2025,1,0.4866248,0,1
878340,Aleksa Maras,24/25,2025,1,0.48653993,0,1
170895,Garry Rodrigues,24/25,2025,1,0.48648474,0,1
1035852,Magnus Baars,24/25,2025,1,0.48640957,0,1
604864,Dimitrios Theodoridis,24/25,2025,1,0.48618597,0,1
440755,Benny,24/25,2025,1,0.48613548,0,1
459643,Precious Amayah,24/25,2025,0,0.48593724,0,0
124187,Philipp Kühn,24/25,2025,0,0.4859121,0,0
511876,Giorgos Naoum,24/25,2025,0,0.48539948,0,0
984136,Callum Stead,24/25,2025,0,0.48526886,0,0
629531,Artem Bilyi,24/25,2025,1,0.4852371,0,1
720517,Matías Barboza,24/25,2025,1,0.48513293,0,1
933683,Simone Pieraccini,24/25,2025,1,0.48511013,0,1
342209,Kévin N'Doram,24/25,2025,0,0.485073,0,0
350347,Michael Woud,24/25,2025,0,0.48493436,0,0
658244,Luigi Samele,24/25,2025,0,0.48490477,0,0
553772,Oleksandr Romanchuk,24/25,2025,1,0.48441324,0,1
135853,Manuel Lanzini,24/25,2025,1,0.4844073,0,1
464535,Zisis Chatzistravos,24/25,2025,1,0.48432836,0,1
156764,Gavin Reilly,24/25,2025,0,0.48421386,0,0
335100,Sam Schreck,24/25,2025,0,0.48418528,0,0
397401,Emanuele Boveri,24/25,2025,0,0.48415053,0,0
727129,Ayoub Assal,24/25,2025,0,0.48392284,0,0
110934,Simone Sini,24/25,2025,0,0.48382366,0,0
1306916,Luca Maffei,24/25,2025,1,0.4837913,0,1
683620,Antoni Milambo,24/25,2025,1,0.48374447,0,1
190687,Joshua Smits,24/25,2025,1,0.48353618,0,1
397448,Andrea Procaccio,24/25,2025,0,0.48350808,0,0
601143,Nikolas Veratschnig,24/25,2025,0,0.4833192,0,0
631349,Shakhboz Umarov,24/25,2025,1,0.48330712,0,1
472246,Mika Schroers,24/25,2025,1,0.4830223,0,1
77363,Jovan Nikolic,24/25,2025,0,0.4828744,0,0
209212,Solly March,24/25,2025,0,0.48285526,0,0
404383,Pedro Marques,24/25,2025,0,0.48280513,0,0
399336,Vincenzo Garofalo,24/25,2025,1,0.48272523,0,1
1153574,Viktorio Valkov,24/25,2025,0,0.482677,0,0
1062258,Gabriel Fernandes,24/25,2025,1,0.4826318,0,1
897492,Nick Zimmermann,24/25,2025,0,0.48258328,0,0
836223,Norbert Dencinger,24/25,2025,0,0.48248658,0,0
646701,Prince Aning,24/25,2025,0,0.4824678,0,0
1162365,Bandar Darwish,24/25,2025,0,0.4824204,0,0
251303,Johannes Eggestein,24/25,2025,1,0.48235583,0,1
352898,João Amaral,24/25,2025,1,0.48232883,0,1
836547,Serginho,24/25,2025,0,0.48225003,0,0
504530,Pier Luigi Simonetti,24/25,2025,0,0.4822407,0,0
262365,Antonio Puertas,24/25,2025,1,0.48220745,0,1
358948,Bright Osayi-Samuel,24/25,2025,1,0.48217097,0,1
420921,Vasilios Chatziemmanouil,24/25,2025,1,0.48213172,0,1
918149,Kassim Hadji,24/25,2025,0,0.48195982,0,0
928056,Jacopo Tarantino,24/25,2025,1,0.4819189,0,1
162056,Gonzalo Melero,24/25,2025,1,0.48190135,0,1
568484,Andrea Romano,24/25,2025,0,0.48178348,0,0
187908,Hugo Sousa,24/25,2025,0,0.48170647,0,0
557610,Isaac Lihadji,24/25,2025,0,0.48153377,0,0
459452,Riccardo Ladinetti,24/25,2025,0,0.48144516,0,0
851220,Amine Sbaï,24/25,2025,0,0.48121613,0,0
644158,Lucas Silva,24/25,2025,0,0.48119175,0,0
190804,Uros Djurdjevic,24/25,2025,0,0.4811886,0,0
247596,Kenneth Paal,24/25,2025,1,0.4811402,0,1
1270735,Alessandro Bartelloni,24/25,2025,1,0.48105553,0,1
979850,Andrea Cogoni,24/25,2025,0,0.48099282,0,0
562530,Iker San Vicente,24/25,2025,0,0.48092955,0,0
522664,Diego Ruiz,24/25,2025,1,0.48086432,0,1
142990,Stefano Scognamillo,24/25,2025,1,0.48083594,0,1
181498,George Evans,24/25,2025,1,0.48081356,0,1
527270,Falko Michel,24/25,2025,0,0.48074523,0,0
531413,Ale Meléndez,24/25,2025,0,0.4807275,0,0
816515,Tom Bloxham,24/25,2025,0,0.48043904,0,0
351894,Léo Santos,24/25,2025,0,0.4802741,0,0
214247,Sebastián Gorga,24/25,2025,1,0.4802247,0,1
864769,Brandon Bokangu,24/25,2025,0,0.48017174,0,0
945498,Elías Benali,24/25,2025,0,0.4800649,0,0
547754,Ianis Stoica,24/25,2025,1,0.4800593,0,1
677509,Jesse Randall,24/25,2025,0,0.47984433,0,0
377387,Sergio Córdova,24/25,2025,1,0.47970077,0,1
400485,Adam Ounas,24/25,2025,1,0.47963408,0,1
396517,Fuseini Zackaria,24/25,2025,1,0.47960433,0,1
348546,Konstantinos Tampas,24/25,2025,0,0.47956157,0,0
287871,Fabrizio Alastra,24/25,2025,0,0.47953442,0,0
469976,Christopher Operi,24/25,2025,0,0.47927907,0,0
567148,Harry Stone,24/25,2025,0,0.47875997,0,0
936223,Nicolò Verza,24/25,2025,0,0.4782574,0,0
1082269,Josh Gentles,24/25,2025,1,0.47821367,0,1
714144,Radek Lehovec,24/25,2025,0,0.47819698,0,0
1193047,Zsombor Szilágyi,24/25,2025,1,0.4780288,0,1
391271,Javier Ablanque,24/25,2025,0,0.47802314,0,0
459649,Joseph Ekuban,24/25,2025,0,0.4776574,0,0
961297,Rodrigo Mendoza,24/25,2025,0,0.47752494,0,0
738119,Antonino Viola,24/25,2025,0,0.4774183,0,0
1059172,Ahmed Ouattara Kossonou,24/25,2025,0,0.47741705,0,0
244927,Accursio Bentivegna,24/25,2025,1,0.47724766,0,1
422203,Umut Güneş,24/25,2025,0,0.4771266,0,0
701036,Gianluca Parodi,24/25,2025,1,0.47712222,0,1
1261750,Matteo Vitrotti,24/25,2025,1,0.47698385,0,1
275956,Nader Ghandri,24/25,2025,0,0.47691783,0,0
327126,Anuar,24/25,2025,1,0.47673902,0,1
240157,Gianmarco Vannucchi,24/25,2025,1,0.47672752,0,1
564049,Steve Seddon,24/25,2025,1,0.4766019,0,1
275678,Masies Artien,24/25,2025,1,0.47640848,0,1
963139,Francisco Perruzzi,24/25,2025,0,0.4762436,0,0
480692,Luis Díaz,24/25,2025,1,0.4761713,0,1
314280,Taylor Moore,24/25,2025,0,0.47614467,0,0
245157,Borja Martínez,24/25,2025,1,0.47609288,0,1
97567,Roman Bezus,24/25,2025,1,0.47576982,0,1
420807,Simranjit Thandi,24/25,2025,1,0.47560626,0,1
441626,Alex Pla,24/25,2025,0,0.47559094,0,0
495033,Nathan Bishop,24/25,2025,1,0.47547007,0,1
1116267,Kristian Mandic,24/25,2025,1,0.4753027,0,1
172623,Ramy Rabia,24/25,2025,1,0.47471827,0,1
495963,Richie Musaba,24/25,2025,0,0.4744323,0,0
911757,Liam Bennett,24/25,2025,0,0.4743915,0,0
329135,Petar Lela,24/25,2025,1,0.4743196,0,1
177960,Hamza Barry,24/25,2025,1,0.47425085,0,1
410436,Bailey Peacock-Farrell,24/25,2025,1,0.4741579,0,1
367405,Andreas Heimer,24/25,2025,0,0.4739369,0,0
898356,Alessandro Berretta,24/25,2025,1,0.47391412,0,1
182185,Milan Rundic,24/25,2025,1,0.47388446,0,1
894668,Stefan Bukinac,24/25,2025,0,0.4736634,0,0
985717,Taylan Harris,24/25,2025,1,0.47364515,0,1
234866,Rai Marchán,24/25,2025,1,0.4736078,0,1
830841,Leonel Bucca,24/25,2025,1,0.4734764,0,1
419936,Jesús Ramírez,24/25,2025,1,0.47343072,0,1
650256,Paolo Vismara,24/25,2025,0,0.47340843,0,0
960458,Konstantin Aleksa,24/25,2025,0,0.47338432,0,0
708300,Vladimir Zeman,24/25,2025,0,0.47325662,0,0
724103,Michele Casali,24/25,2025,1,0.47325155,0,1
295331,Isaac Success,24/25,2025,0,0.47321188,0,0
672535,Carmine Cretella,24/25,2025,1,0.4731191,0,1
157478,Rufat Dadashov,24/25,2025,0,0.47311398,0,0
614480,Luca Zanetti,24/25,2025,0,0.47281882,0,0
667049,Amer Mehić,24/25,2025,1,0.47279873,0,1
818227,Alberto Leone,24/25,2025,1,0.47274908,0,1
568709,Francesco Barranca,24/25,2025,0,0.47266108,0,0
386148,Joe Quigley,24/25,2025,1,0.47263628,0,1
1318390,Niccolò Mennini,24/25,2025,1,0.47257602,0,1
93557,Ulrich Taffertshofer,24/25,2025,0,0.47247094,0,0
1170825,Riccardo Finazzi,24/25,2025,1,0.47231293,0,1
280039,Marco Soprano,24/25,2025,0,0.472252,0,0
536619,Raúl Sánchez,24/25,2025,1,0.4722307,0,1
567475,Andrea Ceresoli,24/25,2025,1,0.47222072,0,1
350322,Emanuele Anastasia,24/25,2025,1,0.47215074,0,1
130357,Andrea Schenetti,24/25,2025,1,0.4719883,0,1
1119447,Christopher Bonsu Baah,24/25,2025,1,0.47198722,0,1
904662,Louis Mouton,24/25,2025,1,0.47193208,0,1
168189,Luca Calapai,24/25,2025,1,0.47189757,0,1
904707,Yannis Nahounou,24/25,2025,1,0.47163078,0,1
901019,Neil El Aynaoui,24/25,2025,1,0.47136334,0,1
488868,Nándor Kóródi,24/25,2025,0,0.4713448,0,0
662808,Rodney Elongo-Yombo,24/25,2025,1,0.47127885,0,1
406054,Davide Marcandella,24/25,2025,0,0.47121477,0,0
507115,Lachlan Brook,24/25,2025,1,0.4712142,0,1
401533,Matheusinho,24/25,2025,1,0.4711419,0,1
463605,Bafodé Diakité,24/25,2025,1,0.47108063,0,1
390304,Federico Ravaglia,24/25,2025,0,0.47102022,0,0
395740,Samuele Rosano,24/25,2025,0,0.4709997,0,0
373381,Pasquale Giannotti,24/25,2025,0,0.4709551,0,0
1082133,Csongor Komáromi,24/25,2025,0,0.4709358,0,0
421769,Davide Ghislandi,24/25,2025,0,0.4708247,0,0
64134,Néstor Araújo,24/25,2025,0,0.47074583,0,0
1164330,Martin Pedroarena,24/25,2025,0,0.47064495,0,0
829279,Kimi Merk,24/25,2025,1,0.47055992,0,1
610400,William Bøving,24/25,2025,1,0.4705241,0,1
715140,Emerson Rodríguez,24/25,2025,0,0.4704241,0,0
549582,Chris Conn-Clarke,24/25,2025,0,0.47028014,0,0
467151,Mahmoud Jaber,24/25,2025,1,0.47000268,0,1
641553,Alessio Rizza,24/25,2025,0,0.46989697,0,0
820240,Dominik Șoptirean,24/25,2025,1,0.46987173,0,1
396116,Miguel Ángel Cera,24/25,2025,0,0.4696338,0,0
240955,Mattia Lombardo,24/25,2025,0,0.46961728,0,0
986258,Siaka Bakayoko,24/25,2025,0,0.4694641,0,0
1127727,Simone Pirani,24/25,2025,1,0.46938977,0,1
128909,Jack Robinson,24/25,2025,1,0.4693064,0,1
163374,Aboubakar Bakayoko,24/25,2025,1,0.4690696,0,1
401855,Dylan Fox,24/25,2025,0,0.4688503,0,0
861221,Ebenezer Annan,24/25,2025,1,0.46880955,0,1
611906,Nnamdi Ofoborh,24/25,2025,1,0.46873468,0,1
287528,Connor Mahoney,24/25,2025,0,0.46870863,0,0
218431,Amir Abedzadeh,24/25,2025,0,0.46867052,0,0
646669,Jamal Gonzaga,24/25,2025,1,0.46853298,0,1
689891,Romoney Crichlow,24/25,2025,1,0.46835333,0,1
906329,Roger Fernandes,24/25,2025,1,0.46835265,0,1
340918,Caoimhín Kelleher,24/25,2025,1,0.46823692,0,1
928726,Roberto Arroyo,24/25,2025,0,0.46817872,0,0
965940,Zack Nelson,24/25,2025,0,0.46806768,0,0
181547,Gonçalo Paciência,24/25,2025,0,0.46805108,0,0
554811,Riccardo Nessi,24/25,2025,1,0.46798167,0,1
448264,Afonso Freitas,24/25,2025,0,0.46794763,0,0
113358,Sofiane Hanni,24/25,2025,0,0.46789798,0,0
197744,Nicolò Fazzi,24/25,2025,1,0.46786803,0,1
313830,Pablo Galdames,24/25,2025,0,0.46785864,0,0
821113,Paolo Gardoni,24/25,2025,0,0.4676715,0,0
1002758,Giacomo Maucci,24/25,2025,1,0.46758214,0,1
245070,Alen Ozbolt,24/25,2025,0,0.4674105,0,0
917996,Patrik Pelles,24/25,2025,0,0.4673236,0,0
914370,Josh Woods,24/25,2025,0,0.46726444,0,0
85148,Julian Draxler,24/25,2025,0,0.46705902,0,0
604008,Emam Ashour,24/25,2025,0,0.46671757,0,0
1047043,Tjark Reinert,24/25,2025,0,0.4665327,0,0
262554,Clifford Aboagye,24/25,2025,1,0.46629158,0,1
595240,Milan Hokke,24/25,2025,1,0.46623787,0,1
397435,Marco Di Lernia,24/25,2025,1,0.46603066,0,1
1049757,Lorenzo Viano,24/25,2025,1,0.46602613,0,1
638588,Martín Pascual,24/25,2025,1,0.46599892,0,1
658674,Luan Patrick,24/25,2025,1,0.46587694,0,1
990009,Jasper Hartog,24/25,2025,0,0.46569765,0,0
796865,Lamine Sy,24/25,2025,1,0.46556562,0,1
911487,Samba Koné,24/25,2025,0,0.46500117,0,0
1307148,Amedeo Vendramini,24/25,2025,1,0.46497056,0,1
131357,Pedro Capó,24/25,2025,1,0.4649336,0,1
162961,Valerio Verre,24/25,2025,0,0.46490675,0,0
1333057,Ettore Sani,24/25,2025,1,0.4646306,0,1
572798,Jakub Matousek,24/25,2025,0,0.46444908,0,0
817001,Filippo Bertolotti,24/25,2025,0,0.46438274,0,0
935019,Danylo Krevsun,24/25,2025,0,0.46433246,0,0
143358,Ádám Gyurcsó,24/25,2025,1,0.4642436,0,1
292357,Georgios Manthatis,24/25,2025,1,0.46420944,0,1
1014054,Andrea Melani,24/25,2025,1,0.46403,0,1
550466,Ivan Turitsov,24/25,2025,0,0.4640037,0,0
356106,Diego Gregori,24/25,2025,0,0.46390322,0,0
1321713,Justin Raviele,24/25,2025,1,0.46385962,0,1
751104,Milosz Matysik,24/25,2025,0,0.4637791,0,0
418173,Djihad Bizimana,24/25,2025,0,0.4637226,0,0
295868,Dragoș Nedelcu,24/25,2025,1,0.46364394,0,1
288237,Jérémy Gélin,24/25,2025,1,0.46359065,0,1
186481,Matthew Clarke,24/25,2025,1,0.46317047,0,1
121265,Toto Nsiala,24/25,2025,0,0.4630258,0,0
415902,Niclas Müller,24/25,2025,0,0.4629767,0,0
391408,Antonio D'Alena,24/25,2025,0,0.46273398,0,0
234249,Federico Andrada,24/25,2025,1,0.46272942,0,1
1046692,Ólafur Hjaltason,24/25,2025,0,0.46267858,0,0
1255577,Francesco Tumiatti,24/25,2025,0,0.46265408,0,0
1046867,Jan Ziolkowski,24/25,2025,1,0.4624246,0,1
868327,Hristiyan Slavkov,24/25,2025,1,0.4624246,0,1
1130174,Bennedikt Wüstenhagen,24/25,2025,1,0.46210226,0,1
287640,Andrea Gemignani,24/25,2025,1,0.46196073,0,1
747810,Tiago Hernández,24/25,2025,0,0.46188125,0,0
355033,Enrico Silletti,24/25,2025,0,0.46185368,0,0
769063,Luka Romero,24/25,2025,0,0.4617426,0,0
1321718,João Gastão,24/25,2025,1,0.46172258,0,1
462353,Yousef Hassan,24/25,2025,1,0.46168327,0,1
581330,Eiran Cashin,24/25,2025,1,0.46163934,0,1
90451,Iván Marcone,24/25,2025,0,0.46162653,0,0
472909,Ivan Bulatovic,24/25,2025,0,0.46138197,0,0
228645,Wout Weghorst,24/25,2025,0,0.4612659,0,0
112457,Alessandro Bassoli,24/25,2025,1,0.46126005,0,1
298575,Kike Barja,24/25,2025,0,0.4611249,0,0
129129,João Pedro,24/25,2025,1,0.4610661,0,1
510388,Lucas Anacker,24/25,2025,0,0.46104062,0,0
291397,Samba Camara,24/25,2025,1,0.4609032,0,1
257462,Luka Jović,24/25,2025,1,0.46085075,0,1
815550,Andrea Bartoccioni,24/25,2025,0,0.4607807,0,0
251309,Dennis Geiger,24/25,2025,0,0.4607331,0,0
820252,Benchimol,24/25,2025,0,0.4604448,0,0
935476,Nicholas Pluvio,24/25,2025,0,0.46020916,0,0
103427,Chris Smalling,24/25,2025,0,0.46017075,0,0
587310,Marc Nielsen,24/25,2025,0,0.46013162,0,0
284724,Nehuén Paz,24/25,2025,1,0.46011305,0,1
1185914,Roberto Sandu,24/25,2025,0,0.46011108,0,0
136643,Giannis Gianniotas,24/25,2025,1,0.46002746,0,1
808224,Andres Sfait,24/25,2025,0,0.45980474,0,0
487846,Guillaume Renault,24/25,2025,0,0.45941353,0,0
357162,Florentino,24/25,2025,1,0.45932326,0,1
908929,Facundo Costantini,24/25,2025,1,0.4591264,0,1
361925,Achraf Bencharki,24/25,2025,0,0.45895693,0,0
315110,Karl Toko Ekambi,24/25,2025,1,0.45895627,0,1
1015874,Kjartan Már Kjartansson,24/25,2025,1,0.4589455,0,1
485533,Máté Fekete,24/25,2025,0,0.45887467,0,0
891092,Pablo Rojo,24/25,2025,0,0.45837313,0,0
890532,Fayssal Harchaoui,24/25,2025,0,0.45834458,0,0
696346,Jay Stansfield,24/25,2025,0,0.4583032,0,0
713638,Neskes,24/25,2025,0,0.45824584,0,0
1182963,Matteo Enza,24/25,2025,1,0.45824343,0,1
295024,Samet Akaydin,24/25,2025,0,0.45806864,0,0
179548,Stavros Petavrakis,24/25,2025,1,0.4580009,0,1
724025,Matej Sin,24/25,2025,1,0.4578888,0,1
277560,Armando Ortiz,24/25,2025,1,0.4577648,0,1
1113024,Vasilije Markovic,24/25,2025,0,0.45770273,0,0
1017689,Kristiyan Valkov,24/25,2025,0,0.4576046,0,0
784741,Julius Hoffmann,24/25,2025,1,0.4571932,0,1
130149,Giannis Pasas,24/25,2025,0,0.4570744,0,0
1073397,Kenan Bilalovic,24/25,2025,1,0.45704952,0,1
827950,Ousmane Camara,24/25,2025,0,0.45699564,0,0
288251,Sébastien Salles-Lamonge,24/25,2025,0,0.4568879,0,0
159288,Arlind Ajeti,24/25,2025,0,0.4568874,0,0
199564,Michele Calì,24/25,2025,0,0.45668408,0,0
206927,Jakub Habusta,24/25,2025,0,0.45665425,0,0
154319,André Geraldes,24/25,2025,0,0.45654112,0,0
490763,Kalvin Ketu,24/25,2025,0,0.45639303,0,0
348520,Vincenzo Plescia,24/25,2025,1,0.45637134,0,1
1225762,Adnane Ghailan,24/25,2025,0,0.45625874,0,0
464186,Noah Lovisa,24/25,2025,1,0.45624003,0,1
1065442,Iñigo Arguibide,24/25,2025,0,0.45622206,0,0
382204,Martin Koscelník,24/25,2025,0,0.45615175,0,0
708193,Rok Bržan,24/25,2025,1,0.45596704,0,1
504198,Connor Parsons,24/25,2025,0,0.45594725,0,0
293281,Jacob Bruun Larsen,24/25,2025,1,0.45577154,0,1
286276,Alfredo Bifulco,24/25,2025,0,0.45567715,0,0
483385,Nicke Kabamba,24/25,2025,0,0.45565775,0,0
1191122,Meson Becchio,24/25,2025,1,0.45563567,0,1
199921,Davide Petermann,24/25,2025,1,0.45561507,0,1
864733,Léo Alaba,24/25,2025,0,0.45556855,0,0
163295,Ali Fathi,24/25,2025,0,0.45547584,0,0
708624,Andrea Quarena,24/25,2025,0,0.45523366,0,0
820148,Emre Uzun,24/25,2025,1,0.45512286,0,1
311696,Kuki Zalazar,24/25,2025,0,0.4550191,0,0
734543,Tommaso Lombardi,24/25,2025,0,0.45481265,0,0
355663,Anass Najah,24/25,2025,1,0.45478946,0,1
183313,Michael Gonçalves,24/25,2025,1,0.45466852,0,1
743387,Stanis Idumbo,24/25,2025,1,0.45464242,0,1
468283,Shaocong Wu,24/25,2025,0,0.4546271,0,0
1061046,Keeto Thermoncy,24/25,2025,0,0.4544378,0,0
979199,Yoël van den Ban,24/25,2025,1,0.45380583,0,1
513175,Adrián Crespo,24/25,2025,0,0.45376277,0,0
654723,Bogdan Shubin,24/25,2025,0,0.45372787,0,0
406008,Yan Valery,24/25,2025,0,0.45355836,0,0
631472,Bruno Langa,24/25,2025,1,0.45353574,0,1
511883,Andronikos Kakoullis,24/25,2025,1,0.45347288,0,1
1004786,Mohammed Umar,24/25,2025,0,0.45331234,0,0
933830,Chalpan Abdulnasir,24/25,2025,0,0.4532558,0,0
1179482,Iker Luque,24/25,2025,0,0.4532214,0,0
920309,Fredrik Nissen,24/25,2025,1,0.45313087,0,1
315063,Nahitan Nández,24/25,2025,0,0.45301434,0,0
456938,Javi Avilés,24/25,2025,0,0.45282027,0,0
491702,Nacho Pais,24/25,2025,1,0.45277256,0,1
710292,Ibrahima,24/25,2025,0,0.4527545,0,0
1170814,Mirko Personeni,24/25,2025,1,0.45245603,0,1
929909,San-Luca Spitali,24/25,2025,0,0.45238423,0,0
1020729,Teymur Charyyev,24/25,2025,0,0.45216396,0,0
223890,Rober Correa,24/25,2025,1,0.45171267,0,1
286389,Joshua Endres,24/25,2025,0,0.4517102,0,0
836336,Nuno Lima,24/25,2025,0,0.4515842,0,0
402114,Alessio Di Massimo,24/25,2025,0,0.45156124,0,0
74741,Dragan Mihajlovic,24/25,2025,0,0.4515557,0,0
280982,Eoghan O'Connell,24/25,2025,1,0.45141888,0,1
158534,Max Power,24/25,2025,1,0.45131373,0,1
1230807,Máté Ecseri,24/25,2025,0,0.45126072,0,0
700405,Ollie Tanner,24/25,2025,0,0.45121965,0,0
166591,Rodrigo Rey,24/25,2025,0,0.45112994,0,0
119120,Robert Leipertz,24/25,2025,0,0.45108622,0,0
705090,Luc Elsner,24/25,2025,0,0.4509432,0,0
390719,Oliver Urso,24/25,2025,0,0.4508798,0,0
284855,Yael Ballesteros,24/25,2025,0,0.45084754,0,0
192875,William Troost-Ekong,24/25,2025,0,0.45080236,0,0
366653,Manu Ramírez,24/25,2025,0,0.45074207,0,0
579565,Ísak Jóhannesson,24/25,2025,1,0.4503434,0,1
878160,Reuell Walters,24/25,2025,0,0.450283,0,0
1172908,Amine Chabane,24/25,2025,0,0.44979265,0,0
740498,Pastor,24/25,2025,1,0.4497886,0,1
250777,Fabrizio Ferrante,24/25,2025,0,0.44966593,0,0
964633,Tebo Gabriel,24/25,2025,1,0.4496533,0,1
580070,Matheus Freitas,24/25,2025,1,0.44960392,0,1
704191,Andrea Cecchetto,24/25,2025,0,0.44960204,0,0
817302,Sergio Barlocco,24/25,2025,0,0.4492836,0,0
1131037,Samuel Konney,24/25,2025,1,0.44926962,0,1
733904,Michalis Patiras,24/25,2025,1,0.44921207,0,1
595943,Jaden Montnor,24/25,2025,0,0.4491885,0,0
158793,Fran Sota,24/25,2025,0,0.44913694,0,0
74228,Marc Muniesa,24/25,2025,0,0.4490297,0,0
560903,Patrick William,24/25,2025,0,0.44887027,0,0
490651,Gerardo Bonet,24/25,2025,0,0.44877255,0,0
653274,Martin Cocorocchio,24/25,2025,1,0.44864577,0,1
546213,Tuta,24/25,2025,1,0.4486402,0,1
121532,Kostakis Artymatas,24/25,2025,0,0.44853935,0,0
645686,Lamare Bogarde,24/25,2025,0,0.44853723,0,0
189521,Jorman Aguilar,24/25,2025,1,0.44839472,0,1
556314,András Pusztai,24/25,2025,0,0.44830346,0,0
347958,Gaétan Weissbeck,24/25,2025,0,0.44814274,0,0
481367,Miguel Merentiel,24/25,2025,0,0.44813314,0,0
243606,Anastasios Donis,24/25,2025,1,0.44812903,0,1
457090,Stan van Dijck,24/25,2025,1,0.44805732,0,1
1065454,Unai Santos,24/25,2025,0,0.44788274,0,0
1309985,Gonzalo Casas,24/25,2025,1,0.44767377,0,1
1103456,Marcell Nemes,24/25,2025,0,0.44767168,0,0
393284,Emmanuel Osadebe,24/25,2025,1,0.44750518,0,1
936753,Pietro Comi,24/25,2025,0,0.44706798,0,0
933658,Seb Osment,24/25,2025,1,0.44690406,0,1
260166,Ui-jo Hwang,24/25,2025,0,0.44682515,0,0
91949,Trigueira,24/25,2025,0,0.44681358,0,0
818892,Nicola Bagnolini,24/25,2025,1,0.44677338,0,1
918449,Matteo Schablas,24/25,2025,0,0.44667965,0,0
184310,Inters Gui,24/25,2025,1,0.44660327,0,1
432698,Kornelius Normann,24/25,2025,1,0.4465079,0,1
256866,Carlos Salcedo,24/25,2025,0,0.44645512,0,0
817753,Aisar Ahmed,24/25,2025,0,0.44630918,0,0
724041,Enock Agyei,24/25,2025,0,0.44602916,0,0
78818,Dario Dumic,24/25,2025,0,0.4459555,0,0
416380,Ragnar Ache,24/25,2025,1,0.44594353,0,1
444523,Lucas Paquetá,24/25,2025,0,0.44583815,0,0
944335,Justin von der Hitz,24/25,2025,1,0.44560653,0,1
711384,Gexan Elosegi,24/25,2025,0,0.44538996,0,0
167826,Luca Verna,24/25,2025,1,0.44520473,0,1
732507,Agustín Martegani,24/25,2025,0,0.44515932,0,0
946394,Mark Mokin,24/25,2025,1,0.44501767,0,1
179471,Curtis Good,24/25,2025,0,0.4449019,0,0
892127,Kayden Wolff,24/25,2025,0,0.44476876,0,0
342984,Bertalan Kun,24/25,2025,0,0.44406918,0,0
704593,Galymzhan Kenzhebek,24/25,2025,1,0.44355264,0,1
459988,Gennaro Borrelli,24/25,2025,1,0.4435314,0,1
1226717,Andrea Ratti,24/25,2025,0,0.4434976,0,0
711352,Francesco Zallu,24/25,2025,0,0.44348925,0,0
1268443,Miroslav Georgiev,24/25,2025,0,0.44344708,0,0
337282,Jake Brimmer,24/25,2025,0,0.44335434,0,0
38232,Jonathan McDonald,24/25,2025,0,0.4432723,0,0
384524,Serafin Szota,24/25,2025,0,0.44313025,0,0
726717,Konstantinos Pomonis,24/25,2025,1,0.442928,0,1
407907,Gelson Dala,24/25,2025,0,0.4428889,0,0
630752,Óli Valur Ómarsson,24/25,2025,0,0.44286034,0,0
280832,Carlo Crialese,24/25,2025,1,0.44282755,0,1
1003451,Breno,24/25,2025,1,0.44280687,0,1
396841,Louis Verstraete,24/25,2025,0,0.442638,0,0
724034,Athanasios Karamanis,24/25,2025,0,0.44248092,0,0
1001788,Ibrahim Fofana,24/25,2025,0,0.44242412,0,0
622031,Tommaso De Nipoti,24/25,2025,1,0.4422885,0,1
462328,Alessandro Fabbri,24/25,2025,1,0.44202873,0,1
502435,Federico Cardella,24/25,2025,0,0.4419421,0,0
235783,Dom Thomas,24/25,2025,1,0.44187877,0,1
696613,Gabriele Pagliai,24/25,2025,1,0.44177383,0,1
418219,Vladimir Screciu,24/25,2025,0,0.44174874,0,0
462738,Naoufel Khacef,24/25,2025,0,0.44166565,0,0
684116,Silas Ostrzinski,24/25,2025,0,0.4416432,0,0
702890,Armando Miculi,24/25,2025,0,0.44115782,0,0
631002,Raúl García,24/25,2025,0,0.44114625,0,0
243616,Paschalis Kassos,24/25,2025,1,0.44093925,0,1
920968,Ronaldo Nájera,24/25,2025,0,0.4407638,0,0
292365,Paulo Henrique,24/25,2025,1,0.44072917,0,1
466820,Xhonatan Lajthia,24/25,2025,0,0.44071323,0,0
440163,Miguel Mellado,24/25,2025,1,0.44061485,0,1
470594,Clinton Mola,24/25,2025,0,0.44034308,0,0
631278,Abbas Ibrahim,24/25,2025,0,0.44030815,0,0
166683,Mamadou Sylla,24/25,2025,1,0.44007617,0,1
205586,Tokmac Chol Nguen,24/25,2025,0,0.43991747,0,0
1228383,Ismael Barea,24/25,2025,1,0.43990365,0,1
602792,Florian Wustinger,24/25,2025,0,0.4398883,0,0
881260,Jassem Koleilat,24/25,2025,0,0.43982333,0,0
524428,Nicolas Galazzi,24/25,2025,1,0.43974447,0,1
917931,Aaron Bayakala,24/25,2025,0,0.43972212,0,0
658874,Seung-bin Kim,24/25,2025,0,0.43963397,0,0
1077175,Honest Ahanor,24/25,2025,1,0.43940187,0,1
242532,Rober Ibáñez,24/25,2025,1,0.43918484,0,1
95795,Václav Hladký,24/25,2025,0,0.4391147,0,0
246424,Elbis,24/25,2025,1,0.43908727,0,1
335209,Kevin Diks,24/25,2025,1,0.43902412,0,1
282954,Frederik Brandhof,24/25,2025,1,0.43897763,0,1
504075,Rafael Brito,24/25,2025,0,0.43884426,0,0
1011139,Jaden Dixon,24/25,2025,0,0.43878743,0,0
952770,Strahinja Stojkovic,24/25,2025,1,0.43876457,0,1
611793,James Hill,24/25,2025,0,0.43868893,0,0
710672,Xabi Irurita,24/25,2025,0,0.43862453,0,0
491705,Facundo Colidio,24/25,2025,0,0.43843976,0,0
342148,Zé Gomes,24/25,2025,0,0.4383015,0,0
548032,Sandali Condé,24/25,2025,0,0.43821484,0,0
1056743,Milos Milicevic,24/25,2025,0,0.43816265,0,0
138850,Stefan Drazic,24/25,2025,0,0.43794084,0,0
280283,Raphael Silva,24/25,2025,1,0.43788794,0,1
155036,Simone Corazza,24/25,2025,0,0.43785855,0,0
897408,Luis Hauer,24/25,2025,0,0.4377837,0,0
313691,Brayan Riascos,24/25,2025,0,0.43769503,0,0
542654,Sebastian Jørgensen,24/25,2025,1,0.43767366,0,1
1174327,Domiziano Tirelli,24/25,2025,1,0.437586,0,1
225929,György Hursán,24/25,2025,0,0.43757707,0,0
970683,Piotr Pardel,24/25,2025,0,0.43744645,0,0
745075,David Preu,24/25,2025,0,0.43742225,0,0
907464,Tommy Leigh,24/25,2025,0,0.43739673,0,0
546543,Darwin Núñez,24/25,2025,1,0.43737102,0,1
263482,Michael Olunga,24/25,2025,1,0.4372126,0,1
961944,Ginés Sorroche,24/25,2025,0,0.43720487,0,0
700992,Giacomo Ruggeri,24/25,2025,1,0.43702284,0,1
168427,Dawid Abramowicz,24/25,2025,1,0.4369631,0,1
250028,Ivan Ljubic,24/25,2025,1,0.4369196,0,1
1162160,Maher Carrizo,24/25,2025,0,0.43666086,0,0
287920,Tim Skarke,24/25,2025,0,0.43664095,0,0
396428,Rodrigo Escoval,24/25,2025,0,0.43649682,0,0
379249,Matheus Reis,24/25,2025,0,0.4364612,0,0
1175463,Cassiano Bouzon,24/25,2025,1,0.43643624,0,1
695422,Théo De Percin,24/25,2025,0,0.43635306,0,0
822959,Tom Bischof,24/25,2025,1,0.43620566,0,1
667251,Hugo Bolin,24/25,2025,0,0.43615857,0,0
568156,Antonio Pacheco,24/25,2025,0,0.4361365,0,0
1216188,Alessandro Panza,24/25,2025,1,0.43597478,0,1
193151,Abdullah Al-Hafith,24/25,2025,1,0.43581867,0,1
212216,Jhonatan,24/25,2025,0,0.4357886,0,0
1053246,Chidera Okoh,24/25,2025,0,0.4356097,0,0
537602,João Mário,24/25,2025,1,0.43552795,0,1
623568,Tilemachos Karampas,24/25,2025,0,0.43540132,0,0
257235,Ahmad Moein Doozandeh,24/25,2025,0,0.43524504,0,0
803967,Sanel Saljic,24/25,2025,0,0.43521675,0,0
657962,Leonard Bredol,24/25,2025,0,0.43513936,0,0
829392,Jashar Beluli,24/25,2025,0,0.43510848,0,0
952715,Andrea Zilio,24/25,2025,0,0.43506172,0,0
789738,Yannick Michaelis,24/25,2025,0,0.43502745,0,0
748541,Joeri Oud,24/25,2025,0,0.43500194,0,0
125165,Jesús Corona,24/25,2025,0,0.4349296,0,0
1283297,Liam Russell,24/25,2025,0,0.4348815,0,0
663128,Luka Damjanovic,24/25,2025,1,0.43466273,0,1
531065,Oussama El Azzouzi,24/25,2025,1,0.43459535,0,1
318507,Paul Bernardoni,24/25,2025,1,0.43450907,0,1
315968,James Jones,24/25,2025,0,0.4345071,0,0
1123259,Emanuele Tesauro,24/25,2025,1,0.43426892,0,1
198067,Filip Helander,24/25,2025,1,0.4341696,0,1
924087,Mika Haas,24/25,2025,0,0.43388852,0,0
499574,Petr Mikulec,24/25,2025,0,0.43378145,0,0
724711,Matyas Jedlicka,24/25,2025,0,0.43377316,0,0
283214,Mathias Kristensen,24/25,2025,0,0.43363202,0,0
1075582,Jules Stawiecki,24/25,2025,0,0.43358353,0,0
346309,Morgan Faßbender,24/25,2025,0,0.4335575,0,0
1039621,Marvin Pohl,24/25,2025,1,0.4335058,0,1
926839,Ivan Sulev,24/25,2025,0,0.43350554,0,0
217273,Irfan Sahman,24/25,2025,0,0.4332957,0,0
956694,Benedek Simon,24/25,2025,0,0.4332147,0,0
1004759,Moritz Wiezorrek,24/25,2025,0,0.4330594,0,0
390691,Adri Pérez,24/25,2025,1,0.4326432,0,1
198768,Heini Vatnsdal,24/25,2025,0,0.43254206,0,0
464469,Torbjørn Heggem,24/25,2025,1,0.43247765,0,1
242882,Higinio Marín,24/25,2025,0,0.43240774,0,0
232296,Ramon Machado,24/25,2025,0,0.43233776,0,0
531679,Ethan Laird,24/25,2025,0,0.4321769,0,0
601235,Viktor Haragos,24/25,2025,0,0.4321748,0,0
548347,Melvin Zinga,24/25,2025,0,0.43205786,0,0
789045,Igor Milioransa,24/25,2025,0,0.43157828,0,0
27992,Luka Modrić,24/25,2025,1,0.43149084,0,1
818102,Leonardo Caferri,24/25,2025,0,0.43141404,0,0
60445,Jonathan dos Santos,24/25,2025,0,0.43133384,0,0
423436,Santiago Ascacíbar,24/25,2025,0,0.43127918,0,0
315312,Juanma García,24/25,2025,1,0.430962,0,1
42004,Deni Alar,24/25,2025,0,0.4309497,0,0
1059814,Kelliano,24/25,2025,1,0.43087983,0,1
1264191,Sicu Camara,24/25,2025,0,0.4308053,0,0
796298,Calum Scanlon,24/25,2025,0,0.43077624,0,0
274175,Solomon Udo,24/25,2025,1,0.4306714,0,1
324633,Abdulmajeed Al-Sulayhim,24/25,2025,1,0.4306245,0,1
352223,Israel Suero,24/25,2025,0,0.4304922,0,0
421870,Michael Ntube,24/25,2025,0,0.43042067,0,0
690852,Kristóf Sármány,24/25,2025,0,0.43039224,0,0
339556,Rico Henry,24/25,2025,0,0.4301672,0,0
1133052,Enzo Tacafred,24/25,2025,0,0.43008938,0,0
402089,Ben Whitfield,24/25,2025,1,0.43007565,0,1
258951,Tamás Csilus,24/25,2025,0,0.42995024,0,0
920308,Elison Makolli,24/25,2025,0,0.42989177,0,0
257477,Milos Zlatkovic,24/25,2025,1,0.4298823,0,1
520716,Malte Wengerowski,24/25,2025,0,0.42983934,0,0
997909,Tommaso Ravaglioli,24/25,2025,1,0.42981684,0,1
255957,Mahir Emreli,24/25,2025,1,0.42979965,0,1
802997,Norman Bassette,24/25,2025,1,0.4295992,0,1
913461,Alessandro Seghetti,24/25,2025,1,0.42958388,0,1
1288949,Abdoulaye Kanté,24/25,2025,1,0.429569,0,1
379315,Edgaras Utkus,24/25,2025,0,0.4294558,0,0
573968,Krzysztof Kubica,24/25,2025,0,0.42928517,0,0
64601,Sunil Chhetri,24/25,2025,0,0.42924407,0,0
706933,Manuel Alagna,24/25,2025,0,0.42921466,0,0
745595,Marlon Ubani,24/25,2025,1,0.42917526,0,1
606570,Sergio Guerrero,24/25,2025,1,0.42915532,0,1
1196125,Stilyan Rusenov,24/25,2025,0,0.42915154,0,0
1131161,Robinio Vaz,24/25,2025,0,0.42899466,0,0
273438,Danilo Barbosa,24/25,2025,1,0.42897227,0,1
88705,Michele Rigione,24/25,2025,0,0.42861992,0,0
930152,Enrico Casarotti,24/25,2025,1,0.4286199,0,1
211397,Miguel Borja,24/25,2025,0,0.42855257,0,0
979625,Paulo Vitor,24/25,2025,1,0.428251,0,1
265176,Phil Neumann,24/25,2025,1,0.42819977,0,1
331214,Brice Wembangomo,24/25,2025,0,0.4278711,0,0
325443,Viktor Gyökeres,24/25,2025,1,0.4276715,0,1
340032,Christophe Nduwarugira,24/25,2025,0,0.42762506,0,0
367443,Jonas Wendlinger,24/25,2025,0,0.42759597,0,0
279472,Nathan Burke,24/25,2025,0,0.42756137,0,0
193319,Luís Silva,24/25,2025,0,0.42754182,0,0
722280,Luismi Gutiérrez,24/25,2025,0,0.4273076,0,0
668177,Javi Serrano,24/25,2025,0,0.4272127,0,0
1065440,Mauro Echegoyen,24/25,2025,0,0.42709205,0,0
253839,Álvaro Medrán,24/25,2025,0,0.4270729,0,0
484160,Alex Sposito,24/25,2025,1,0.42706764,0,1
880533,Spyros Kostopoulos,24/25,2025,0,0.42698547,0,0
894159,Klevi Totoshi,24/25,2025,0,0.4269292,0,0
217593,Todor Nedelev,24/25,2025,1,0.42684868,0,1
240342,Lorenzo Filippini,24/25,2025,1,0.42681438,0,1
552955,Santiago Gimenez,24/25,2025,0,0.4267859,0,0
1182468,Darius Băncilă,24/25,2025,1,0.42667267,0,1
533632,Mads Frøkjær,24/25,2025,0,0.42664504,0,0
394875,Federico Chiossi,24/25,2025,0,0.4266118,0,0
1123382,Elio Trochen,24/25,2025,0,0.42636347,0,0
117549,Rodri Ríos,24/25,2025,1,0.42635456,0,1
380478,Victor Braga,24/25,2025,1,0.42617345,0,1
941420,Jack O'Reilly,24/25,2025,1,0.42615613,0,1
269677,Vladyslav Krayev,24/25,2025,0,0.42577037,0,0
998101,Alex Tóth,24/25,2025,0,0.42576382,0,0
163223,Mirko Gori,24/25,2025,0,0.4257339,0,0
735349,Rafail Sgouros,24/25,2025,1,0.42572862,0,1
554234,Joel Randall,24/25,2025,0,0.42566866,0,0
311130,Lorenzo Melchiori,24/25,2025,0,0.42539862,0,0
556982,Marcus Dinanga,24/25,2025,0,0.4253682,0,0
912743,Zhivko Dimitrov,24/25,2025,1,0.42533404,0,1
238809,Florent Hadergjonaj,24/25,2025,0,0.4252408,0,0
524481,Roger Ibañez,24/25,2025,0,0.4250111,0,0
274694,Ionuț Nedelcearu,24/25,2025,0,0.42494705,0,0
966649,Connor O'Brien,24/25,2025,0,0.42491797,0,0
1112392,David Hoxha,24/25,2025,0,0.42473185,0,0
1058399,Maximilian Ibrahimović,24/25,2025,1,0.42455778,0,1
1152979,Levin Chiumento,24/25,2025,0,0.42451042,0,0
130353,Hördur Magnússon,24/25,2025,1,0.4244123,0,1
642967,Brayan Vera,24/25,2025,0,0.42435667,0,0
777150,Zakaria Fdaouch,24/25,2025,0,0.42433453,0,0
707397,Filippo Manfrin,24/25,2025,0,0.4242581,0,0
539226,Simone Benincasa,24/25,2025,0,0.4241861,0,0
460103,Matteo Magliocchetti,24/25,2025,0,0.42415687,0,0
798040,Niklas Tepe,24/25,2025,0,0.42403722,0,0
68327,Jay O'Shea,24/25,2025,0,0.42397627,0,0
689090,Davide Lamesta,24/25,2025,0,0.42371517,0,0
681693,Pedro Henrique,24/25,2025,1,0.42351606,0,1
980939,Wyll Stanway,24/25,2025,0,0.42331183,0,0
44948,Fernando Forestieri,24/25,2025,1,0.42327824,0,1
595126,Davino Knappe,24/25,2025,0,0.42326006,0,0
941080,Jon García,24/25,2025,0,0.4230277,0,0
1023191,George Hemmings,24/25,2025,0,0.42291018,0,0
252641,Pione Sisto,24/25,2025,0,0.42289308,0,0
267330,Joel Abu Hanna,24/25,2025,0,0.42286515,0,0
158795,David Timor,24/25,2025,1,0.42275536,0,1
381524,Jaume Pol,24/25,2025,0,0.42266226,0,0
638875,Varo Álvarez,24/25,2025,0,0.4225934,0,0
149516,Atınç Nukan,24/25,2025,0,0.42252523,0,0
326029,Donyell Malen,24/25,2025,0,0.42245963,0,0
1164260,Edin Etoski,24/25,2025,0,0.42239234,0,0
460629,Colin Dagba,24/25,2025,0,0.42221594,0,0
313888,Davíd Kristján Ólafsson,24/25,2025,0,0.4221957,0,0
717244,Dimitar Ivanov,24/25,2025,0,0.4220855,0,0
128105,Peter Zulj,24/25,2025,0,0.42204505,0,0
367620,Jacopo Cioce,24/25,2025,0,0.42204335,0,0
376127,Stefan Kovac,24/25,2025,1,0.42194918,0,1
669174,Martin Paskalev,24/25,2025,0,0.42186582,0,0
375790,Dávid Mészáros,24/25,2025,0,0.42182416,0,0
1158985,Gerónimo Spina,24/25,2025,0,0.42160255,0,0
273945,Miroslav Bogosavac,24/25,2025,0,0.4215672,0,0
983248,Callan McKenna,24/25,2025,0,0.42149708,0,0
980036,Matheus Sampaio,24/25,2025,0,0.4213434,0,0
164489,Szymon Sobczak,24/25,2025,0,0.4210801,0,0
1121304,Emmanuel Gono,24/25,2025,0,0.4210704,0,0
312341,Luca Ravanelli,24/25,2025,1,0.4209463,0,1
452068,Ayman Azhil,24/25,2025,0,0.42083004,0,0
398808,Martin Hongla,24/25,2025,0,0.4206345,0,0
529512,Kristo Hussar,24/25,2025,0,0.42049184,0,0
802518,Julius Voldby,24/25,2025,1,0.42036828,0,1
394033,Stefan Schimmer,24/25,2025,0,0.42030555,0,0
379821,Christian Tommasini,24/25,2025,0,0.4202732,0,0
538527,Enzo Cabrera,24/25,2025,0,0.42019784,0,0
741253,Javier Boñar,24/25,2025,0,0.4201571,0,0
275512,Emanuel Mammana,24/25,2025,0,0.4199566,0,0
131102,Jeison Murillo,24/25,2025,0,0.41994113,0,0
1108127,Luciano Maidana,24/25,2025,0,0.41992044,0,0
335920,Nils Piwernetz,24/25,2025,0,0.41963246,0,0
77001,Rajiv van La Parra,24/25,2025,0,0.41962907,0,0
108880,Koen Casteels,24/25,2025,0,0.4194138,0,0
897921,Lorenzo Menegazzo,24/25,2025,1,0.41933697,0,1
74642,Mattia Minesso,24/25,2025,0,0.4192559,0,0
716685,Giannis Ioannidis,24/25,2025,0,0.41909266,0,0
281633,Alberto Tentardini,24/25,2025,0,0.41908562,0,0
255501,Iñigo Lekue,24/25,2025,0,0.41906363,0,0
1099924,Yael Trepy,24/25,2025,0,0.4190512,0,0
874429,Aron Sasu,24/25,2025,0,0.41874704,0,0
96254,Pietro Terracciano,24/25,2025,1,0.41873848,0,1
959193,Dagoberto Espinoza,24/25,2025,0,0.4184907,0,0
354741,Loren Morón,24/25,2025,0,0.41802222,0,0
216179,Stefano Sensi,24/25,2025,1,0.41786945,0,1
78570,Anthony Moris,24/25,2025,1,0.4176781,0,1
900199,Gustav Lindgren,24/25,2025,0,0.41759673,0,0
251836,Robert Taylor,24/25,2025,0,0.41746402,0,0
566823,Achraf Dari,24/25,2025,0,0.4173382,0,0
904335,Leander Fritzsche,24/25,2025,1,0.41713133,0,1
289847,Aris Vaporakis,24/25,2025,0,0.41712412,0,0
809167,Ciaran Gilligan,24/25,2025,0,0.41709748,0,0
831161,Lautaro Blanco,24/25,2025,0,0.4169721,0,0
243106,Husam Kamal,24/25,2025,0,0.41694084,0,0
83370,Stefano Scappini,24/25,2025,1,0.41679943,0,1
235413,Jaromir Zmrhal,24/25,2025,0,0.41663557,0,0
477930,Rıdvan Yılmaz,24/25,2025,1,0.41656393,0,1
720932,Egor Parkhomenko,24/25,2025,1,0.41633958,0,1
322077,Besard Šabović,24/25,2025,0,0.41631025,0,0
1250341,Diego Deisadze,24/25,2025,0,0.41620493,0,0
62270,Danilo Russo,24/25,2025,1,0.41613552,0,1
235052,Abderrazak Hamdallah,24/25,2025,1,0.41612288,0,1
90044,Kristinn Steindórsson,24/25,2025,0,0.4159293,0,0
856406,Noah Madsen,24/25,2025,0,0.4158524,0,0
628624,Adam Ratajczyk,24/25,2025,0,0.4157482,0,0
1073748,Kacper Potulski,24/25,2025,1,0.41571528,0,1
324803,Nicolas Janvier,24/25,2025,0,0.41556746,0,0
345740,Gaetano Logoluso,24/25,2025,0,0.41555938,0,0
332866,Shaun Want,24/25,2025,1,0.41509953,0,1
357225,Mark Shelton,24/25,2025,0,0.4150802,0,0
351751,Rodrigo Borges,24/25,2025,0,0.41495347,0,0
707982,Dimitri Jepihhin,24/25,2025,0,0.41489846,0,0
875153,Klevis Kasa,24/25,2025,0,0.41487417,0,0
796739,Júnior Almeida,24/25,2025,0,0.41482386,0,0
895937,Marco Palestra,24/25,2025,1,0.41480565,0,1
810100,Taylan Bulut,24/25,2025,1,0.4147938,0,1
883007,Filippo Mane,24/25,2025,0,0.4146861,0,0
938177,Tommaso Cecotti,24/25,2025,0,0.41419873,0,0
1054169,Giulio Scuderi,24/25,2025,1,0.41407767,0,1
703007,Andreas Karamanolis,24/25,2025,1,0.41401213,0,1
645880,Ifet Djakovac,24/25,2025,0,0.41393402,0,0
738474,David Kalokoh,24/25,2025,0,0.4139319,0,0
535670,Colm Whelan,24/25,2025,0,0.41377908,0,0
280088,Juan Gargiulo,24/25,2025,0,0.41373596,0,0
255729,Awer Mabil,24/25,2025,0,0.4134189,0,0
117720,Nils Winter,24/25,2025,0,0.41338187,0,0
353403,Samuel Moutoussamy,24/25,2025,1,0.41337445,0,1
284058,Kai Brünker,24/25,2025,0,0.41328534,0,0
461625,Alberto Salido,24/25,2025,0,0.41325516,0,0
744903,Ieltsin Camões,24/25,2025,0,0.41314515,0,0
633463,Adam Randell,24/25,2025,1,0.41304705,0,1
246200,William Popp,24/25,2025,1,0.41295806,0,1
61697,Wes Foderingham,24/25,2025,1,0.41268954,0,1
94116,Patrick Göbel,24/25,2025,0,0.41267833,0,0
195215,Thomas Gösweiner,24/25,2025,0,0.41260806,0,0
910867,Wiktor Matyjewicz,24/25,2025,0,0.412565,0,0
837050,Rob Apter,24/25,2025,1,0.41246787,0,1
342012,Rody de Boer,24/25,2025,0,0.41245764,0,0
51152,Aleksandar Mitrović,24/25,2025,1,0.41235602,0,1
400941,Michele Vano,24/25,2025,0,0.41228858,0,0
396108,Juanmi Carrión,24/25,2025,1,0.41184172,0,1
292808,Wout Faes,24/25,2025,0,0.41179028,0,0
345778,Rilind Neziri,24/25,2025,0,0.41175035,0,0
340435,Eros De Santis,24/25,2025,1,0.41169828,0,1
351727,Dmitriy Bessmertnyi,24/25,2025,1,0.4116334,0,1
1270432,Hunor Kuzma,24/25,2025,0,0.4115808,0,0
465848,Preslav Borukov,24/25,2025,0,0.41151345,0,0
1009446,Tyler Meiser,24/25,2025,1,0.41115195,0,1
260041,Josef Kvida,24/25,2025,0,0.41085294,0,0
627224,Gabriel Silva,24/25,2025,0,0.41057125,0,0
286259,Davide Riccardi,24/25,2025,0,0.4104556,0,0
1035971,Antoni Franke,24/25,2025,0,0.41035482,0,0
303248,Pedro López,24/25,2025,0,0.4102473,0,0
820807,Francesco Toniolo,24/25,2025,0,0.41020688,0,0
342787,Ilias Evangelou,24/25,2025,0,0.41012853,0,0
1033919,Mahamadou Doumbia,24/25,2025,1,0.41008064,0,1
1269895,Andrea Giardino,24/25,2025,1,0.4100489,0,1
266809,Nicolás Freire,24/25,2025,0,0.40988347,0,0
982267,Ibrahim Sulemana,24/25,2025,1,0.4097359,0,1
651005,Cher Ndour,24/25,2025,0,0.40972725,0,0
796169,Márk Hodonicki,24/25,2025,0,0.40969077,0,0
858491,Alexandru Capac,24/25,2025,1,0.4096196,0,1
936665,Don O'Niel,24/25,2025,0,0.4094961,0,0
569288,Elias Bördner,24/25,2025,1,0.40943456,0,1
569035,Fahad Bayo,24/25,2025,1,0.40910196,0,1
649765,Ákos Király,24/25,2025,0,0.4090771,0,0
350532,Jakub Westendorf,24/25,2025,0,0.408793,0,0
745611,Joshua Uwakhonye,24/25,2025,0,0.40879223,0,0
1166025,Vojtech Novak,24/25,2025,0,0.40878475,0,0
709767,Ji-soo Kim,24/25,2025,1,0.40873352,0,1
392060,Alessandro Raimo,24/25,2025,0,0.4086113,0,0
412529,Lukas Giessing,24/25,2025,0,0.40854424,0,0
57299,Michele Marconi,24/25,2025,0,0.40840638,0,0
343945,Niccolò Zanellato,24/25,2025,0,0.40809765,0,0
131978,Ross Barkley,24/25,2025,0,0.40796265,0,0
511813,Sidnei Tavares,24/25,2025,1,0.40790305,0,1
390724,Manuel Ferrini,24/25,2025,0,0.40785858,0,0
533060,Anderson Cruz,24/25,2025,0,0.40777838,0,0
214798,Craig Goodwin,24/25,2025,1,0.4077707,0,1
135492,Youssouf Sabaly,24/25,2025,1,0.40776387,0,1
343157,Angelos Zioulis,24/25,2025,0,0.40767917,0,0
455425,Nando Pijnaker,24/25,2025,0,0.40749583,0,0
568662,Min-gi Kang,24/25,2025,0,0.40741816,0,0
400050,Keve Tóth,24/25,2025,0,0.40740547,0,0
363720,Kai Westerhoff,24/25,2025,0,0.4068218,0,0
553303,Mathias Kubel,24/25,2025,0,0.40665945,0,0
526992,Alessandro Galeandro,24/25,2025,0,0.4064322,0,0
51730,Jamie Murphy,24/25,2025,0,0.40628362,0,0
1073208,Ştefan Senciuc,24/25,2025,1,0.40611526,0,1
451241,Marco Bauer,24/25,2025,0,0.4060235,0,0
268742,Márton Lorentz,24/25,2025,1,0.4057153,0,1
160222,Uros Spajic,24/25,2025,0,0.40568322,0,0
681829,Nilton,24/25,2025,0,0.4056743,0,0
274839,Wilfred Ndidi,24/25,2025,1,0.40554675,0,1
703577,Kegs Chauke,24/25,2025,0,0.4052141,0,0
682814,Nassim L'Ghoul,24/25,2025,1,0.40516597,0,1
979578,Jonathan Flensborg,24/25,2025,0,0.40513304,0,0
802629,Isaac Ogundere,24/25,2025,0,0.40508386,0,0
919863,Hristo Petrov,24/25,2025,1,0.40505546,0,1
538253,Simão,24/25,2025,0,0.40402502,0,0
187496,Maurice Multhaup,24/25,2025,0,0.40397972,0,0
509116,Babacar Dione,24/25,2025,1,0.40392432,0,1
942091,Filippo Mencaraglia,24/25,2025,0,0.40345955,0,0
381963,Mike Tresor,24/25,2025,0,0.4031808,0,0
492104,Abdelrahman Boudah,24/25,2025,1,0.4029932,0,1
334297,Kostandin Kariqi,24/25,2025,0,0.40294233,0,0
921065,Yannick Mausehund,24/25,2025,0,0.40285912,0,0
1314528,Ilan Daf,24/25,2025,0,0.4028067,0,0
832326,Romualdas Jansonas,24/25,2025,1,0.4027937,0,1
237846,Edmílson Junior,24/25,2025,0,0.4027843,0,0
742163,Joel Bagan,24/25,2025,0,0.4025094,0,0
216375,Felipe Avenatti,24/25,2025,1,0.40246555,0,1
754634,Axel Henriksson,24/25,2025,1,0.40246534,0,1
1003925,Henrijs Auseklis,24/25,2025,0,0.40244937,0,0
1226502,Evan Mooney,24/25,2025,0,0.40238455,0,0
601819,Stefano Pennati,24/25,2025,0,0.4023706,0,0
321482,Mikko Pitkänen,24/25,2025,0,0.40235958,0,0
1055878,Deacon van der Klaauw,24/25,2025,1,0.40226248,0,1
461484,Frederik Ibsen,24/25,2025,0,0.40219614,0,0
62750,Giacomo Rosaia,24/25,2025,0,0.40218487,0,0
195192,Marco Manetta,24/25,2025,1,0.40206268,0,1
470241,Andreas Chrysostomou,24/25,2025,0,0.40171248,0,0
254685,Zdravko Manasiev,24/25,2025,1,0.40167406,0,1
193724,Vito Hammershöy-Mistrati,24/25,2025,0,0.40116918,0,0
92488,Paddy Madden,24/25,2025,1,0.40099865,0,1
448395,Giulio Favale,24/25,2025,0,0.40083334,0,0
926301,Tiago Pereira Cardoso,24/25,2025,0,0.4008222,0,0
378532,Jonathan Stöver,24/25,2025,0,0.4002121,0,0
85960,Manuel Zeitz,24/25,2025,0,0.40017974,0,0
334186,Fabian Kunze,24/25,2025,1,0.4001774,0,1
818252,Pedro Malheiro,24/25,2025,1,0.40004978,0,1
158863,Iñigo Martínez,24/25,2025,1,0.39990523,0,1
818246,Noah Kruth,24/25,2025,0,0.3997942,0,0
354567,Stephen Humphrys,24/25,2025,1,0.39957306,0,1
146164,Max Meyer,24/25,2025,0,0.39955187,0,0
598153,Dimitrios Tsakmakis,24/25,2025,0,0.3993969,0,0
143798,Pavel Kaderabek,24/25,2025,1,0.399225,0,1
131789,Roberto Firmino,24/25,2025,1,0.398973,0,1
1009658,Julio Soler,24/25,2025,0,0.3988367,0,0
1171293,Joshua Vuillermoz,24/25,2025,1,0.39871636,0,1
1372149,Gibril Sosseh,24/25,2025,0,0.3986734,0,0
938412,Theofilos Kakadiaris,24/25,2025,0,0.3985654,0,0
182870,Fidan Aliti,24/25,2025,0,0.39849022,0,0
508398,Jordan Brown,24/25,2025,1,0.39844605,0,1
841353,Gojko Petovic,24/25,2025,0,0.39827502,0,0
396955,Emmanuele Esposito,24/25,2025,0,0.39819407,0,0
531253,Luke Cooper,24/25,2025,0,0.39799783,0,0
559324,Youri Regeer,24/25,2025,0,0.39792654,0,0
134327,Fabio Benedetto,24/25,2025,0,0.39775616,0,0
1241188,Laurenz Pölking,24/25,2025,0,0.3976702,0,0
862733,Freddy Bomo,24/25,2025,1,0.39746308,0,1
94529,Stephan El Shaarawy,24/25,2025,0,0.39740732,0,0
284884,Óscar Rodríguez,24/25,2025,1,0.3973853,0,1
390726,Matteo Rossini,24/25,2025,0,0.39737397,0,0
261056,Giacomo Ricci,24/25,2025,1,0.39714974,0,1
357868,Benjamin Kabeya,24/25,2025,0,0.39712316,0,0
407491,Luka Gugeshashvili,24/25,2025,1,0.3966678,0,1
61694,Neil Etheridge,24/25,2025,0,0.39605755,0,0
101345,Pasquale Maiorino,24/25,2025,0,0.39590567,0,0
1049728,Nicolas Previtali,24/25,2025,0,0.3958871,0,0
400174,Kristófer Kristinsson,24/25,2025,0,0.39588425,0,0
185195,Nikko Boxall,24/25,2025,0,0.39583784,0,0
460619,Pascal Mulder,24/25,2025,0,0.39583597,0,0
906254,Chris Forino,24/25,2025,0,0.39578712,0,0
376232,Bassam Al-Rawi,24/25,2025,0,0.39566538,0,0
433049,Youssef En-Nesyri,24/25,2025,0,0.39543515,0,0
1177810,Valdemar Møller,24/25,2025,0,0.3952149,0,0
84911,Daniel Genov,24/25,2025,0,0.39502504,0,0
1134119,Digne Kaelas Pounga,24/25,2025,0,0.3948926,0,0
334371,Marcos Curado,24/25,2025,0,0.39473292,0,0
340323,Savvas Mourgos,24/25,2025,0,0.39463502,0,0
187384,Cristian Buonaiuto,24/25,2025,0,0.39449385,0,0
397797,Giovanni Pinto,24/25,2025,0,0.39448506,0,0
357996,Davide Grassini,24/25,2025,0,0.3940807,0,0
139751,Filip Stojkovic,24/25,2025,1,0.39391074,0,1
242668,Paschalis Staikos,24/25,2025,1,0.39390475,0,1
342702,Michel Vlap,24/25,2025,1,0.3938686,0,1
1145455,Nils Ramming,24/25,2025,1,0.39385864,0,1
366213,Miłosz Mleczko,24/25,2025,0,0.39378646,0,0
220848,Yannick Gomis,24/25,2025,0,0.39362973,0,0
610607,Jakub Surovcik,24/25,2025,0,0.39334545,0,0
300168,Mikel Vesga,24/25,2025,0,0.39334118,0,0
273872,Joey Breitfeld,24/25,2025,0,0.39273298,0,0
74463,Dániel Póser,24/25,2025,0,0.39271957,0,0
336644,Cedric Euschen,24/25,2025,0,0.39269385,0,0
1285737,Nicolò Lazzaro,24/25,2025,1,0.3926804,0,1
323704,Malcom,24/25,2025,0,0.3925615,0,0
833268,Alonso Aceves,24/25,2025,0,0.39230964,0,0
406094,Damiano Menna,24/25,2025,0,0.39226955,0,0
1152976,Eric Porstner,24/25,2025,1,0.39187023,0,1
1110622,Francesco Nunziata,24/25,2025,1,0.39177844,0,1
957822,Eddy Kouadio,24/25,2025,0,0.39164016,0,0
1241219,Kaly,24/25,2025,0,0.39163014,0,0
924447,Tunde Akinsola,24/25,2025,0,0.39132148,0,0
162819,Rafa Lopes,24/25,2025,0,0.39113763,0,0
959620,Dillon Berko,24/25,2025,0,0.39105898,0,0
718037,Marcel Sgrò,24/25,2025,0,0.39103073,0,0
606222,Juanca Pineda,24/25,2025,0,0.3908672,0,0
470242,Michalis Ioannou,24/25,2025,0,0.39083266,0,0
892165,Sergej Levak,24/25,2025,1,0.390823,0,1
1025800,Jonas Feddersen,24/25,2025,0,0.39080518,0,0
548109,Iván Morante,24/25,2025,0,0.39074853,0,0
600041,Mattia Felici,24/25,2025,0,0.3907397,0,0
221876,Mikkel Wohlgemuth,24/25,2025,0,0.39058027,0,0
524210,Sean McLoughlin,24/25,2025,1,0.3905378,0,1
710677,Iker Muñoz,24/25,2025,0,0.3902968,0,0
620156,Denis Vala,24/25,2025,0,0.38987803,0,0
911465,Joshua Krüger,24/25,2025,0,0.38986325,0,0
929467,Kamil Jakubczyk,24/25,2025,0,0.38975602,0,0
226006,Emanuel Insúa,24/25,2025,1,0.3897048,0,1
127076,Jérôme Roussillon,24/25,2025,1,0.38968265,0,1
391470,Marcus Browne,24/25,2025,0,0.3896363,0,0
900172,Stefano Mazzaroppi,24/25,2025,0,0.38932824,0,0
1276321,Ivaylo Nedelchev,24/25,2025,0,0.38928676,0,0
394920,Filippo Sgarbi,24/25,2025,1,0.3892158,0,1
492786,Andrea Allegretto,24/25,2025,0,0.38907775,0,0
491946,Paya Pichkah,24/25,2025,0,0.3888087,0,0
489463,Kyogo Furuhashi,24/25,2025,1,0.38859758,0,1
1153628,Yannik Wagner,24/25,2025,0,0.3885603,0,0
383153,Kelechi Nwakali,24/25,2025,0,0.38855886,0,0
654918,Matteo Dams,24/25,2025,0,0.38852775,0,0
204960,Ibou Touray,24/25,2025,1,0.38843146,0,1
576739,Valgeir Valgeirsson,24/25,2025,0,0.38838452,0,0
908061,Vojtech Hranos,24/25,2025,1,0.38784394,0,1
289065,Simone Palombi,24/25,2025,0,0.38771635,0,0
692020,Lasse Wilhelm,24/25,2025,0,0.3874023,0,0
197613,Alexandre Guedes,24/25,2025,0,0.3874,0,0
568333,Adam Obert,24/25,2025,0,0.38737357,0,0
947360,Kassoum Ouattara,24/25,2025,0,0.38732675,0,0
930571,Oscar Gloukh,24/25,2025,1,0.38725886,0,1
205849,Gjoko Zajkov,24/25,2025,1,0.38673675,0,1
397392,Riccardo Gemelli,24/25,2025,0,0.38665813,0,0
383008,Daniel Azevedo,24/25,2025,0,0.38651526,0,0
207834,Yassine Bounou,24/25,2025,0,0.38644478,0,0
291286,Liam Walsh,24/25,2025,1,0.3862726,0,1
485545,As Ibrahima Diakité,24/25,2025,0,0.38602653,0,0
1055079,Luca Lai,24/25,2025,0,0.38599125,0,0
696893,Richard Taylor,24/25,2025,1,0.38593823,0,1
685145,Filip Bundgaard,24/25,2025,0,0.38582078,0,0
805287,Blaise Tsague,24/25,2025,0,0.38579804,0,0
547039,Isaak Davies,24/25,2025,0,0.38574803,0,0
351181,Yusuf,24/25,2025,0,0.38567543,0,0
852739,Rei Zaimi,24/25,2025,1,0.38555187,0,1
425764,Kelsey Mooney,24/25,2025,0,0.3854844,0,0
908676,Amath Cissé,24/25,2025,1,0.38540068,0,1
793721,Louis Schmidt,24/25,2025,0,0.38535127,0,0
278205,Viktor Ergin,24/25,2025,1,0.38534388,0,1
1018784,Adrian Svanbäck,24/25,2025,1,0.3853291,0,1
1025408,Tijn Peters,24/25,2025,0,0.38498014,0,0
203662,Giannis Sotirakos,24/25,2025,1,0.3848902,0,1
689632,Guillem Rodríguez,24/25,2025,0,0.38481513,0,0
735672,Maël de Gevigney,24/25,2025,0,0.38466683,0,0
1165333,Yanis Senhadji,24/25,2025,0,0.38441807,0,0
265072,Simone Auriletto,24/25,2025,0,0.38415265,0,0
1009441,Felipe Chávez,24/25,2025,0,0.38402605,0,0
872170,Gregorio Tanco,24/25,2025,1,0.38381582,0,1
335440,Emil Christensen,24/25,2025,0,0.3837904,0,0
291423,Giorgio Piacentini,24/25,2025,0,0.3837791,0,0
142208,Emil Bergström,24/25,2025,1,0.38368246,0,1
56853,Federico Casarini,24/25,2025,0,0.38366407,0,0
572441,Maximilian Adamski,24/25,2025,0,0.3835556,0,0
457961,Theodoros Venetikidis,24/25,2025,0,0.38354754,0,0
1005965,Paul Hainke,24/25,2025,0,0.3833246,0,0
197602,Rúben Semedo,24/25,2025,1,0.38323724,0,1
1018922,Òscar Masqué,24/25,2025,0,0.38310963,0,0
409533,Nick Shinton,24/25,2025,0,0.3830962,0,0
981693,Don-Angelo Konadu,24/25,2025,0,0.38301113,0,0
151213,Ross Callachan,24/25,2025,1,0.3828647,0,1
639237,Vedat Tunc,24/25,2025,0,0.3828635,0,0
315862,Filippo Melegoni,24/25,2025,0,0.3827183,0,0
470375,Mateusz Zukowski,24/25,2025,1,0.38269737,0,1
392719,Ben Meyer,24/25,2025,1,0.3823982,0,1
237356,Michal Rzuchowski,24/25,2025,0,0.38236767,0,0
36139,Dušan Tadić,24/25,2025,1,0.38227192,0,1
215213,Aleksandr Vasyutin,24/25,2025,0,0.38211665,0,0
609648,Petros Bagalianis,24/25,2025,0,0.38173184,0,0
230457,Bruno Gaspar,24/25,2025,1,0.3816444,0,1
565523,Edu Espiau,24/25,2025,1,0.38140646,0,1
534377,Kialy Abdoul Kone,24/25,2025,0,0.38115907,0,0
619884,Emil Engqvist,24/25,2025,0,0.38115513,0,0
744478,Dominik Pestic,24/25,2025,1,0.38079023,0,1
216683,Fafà Picault,24/25,2025,0,0.38056728,0,0
60916,Ryan Dow,24/25,2025,0,0.38055465,0,0
588747,Tim Civeja,24/25,2025,0,0.38039482,0,0
80197,Salomón Rondón,24/25,2025,1,0.3803562,0,1
1025179,Gergő Kovács,24/25,2025,0,0.3802692,0,0
345758,Jamie Barjonas,24/25,2025,1,0.38023648,0,1
994604,Matai Akinmboni,24/25,2025,0,0.38023266,0,0
1042816,Matteo Marini,24/25,2025,0,0.37957585,0,0
704337,William Rovida,24/25,2025,0,0.3794854,0,0
234033,Tobias Trautner,24/25,2025,0,0.37940684,0,0
549021,João Sérgio,24/25,2025,0,0.37940505,0,0
288311,Ibrahim Blati Touré,24/25,2025,0,0.37940478,0,0
196146,Kasim Rabihic,24/25,2025,0,0.3792811,0,0
816578,Pascal Fuchs,24/25,2025,0,0.37898803,0,0
740753,Gleb Vershinin,24/25,2025,0,0.37894386,0,0
476237,Steven Alzate,24/25,2025,1,0.37894002,0,1
404418,Dávid Hancko,24/25,2025,1,0.37856334,0,1
895906,Dimitrios Laskaris,24/25,2025,0,0.37846613,0,0
190442,Alan Ruiz,24/25,2025,1,0.37843937,0,1
530166,Stylianos Kokovas,24/25,2025,0,0.37837818,0,0
73090,Vid Belec,24/25,2025,0,0.37830865,0,0
529357,Aris Sörensen,24/25,2025,0,0.37824628,0,0
411179,Mika Schneider,24/25,2025,0,0.37820867,0,0
728256,Luca Andrada,24/25,2025,0,0.3779859,0,0
630995,Rodri Sánchez,24/25,2025,0,0.37784782,0,0
1086319,Lucio Bonofiglio,24/25,2025,1,0.37757438,0,1
256718,Sven van Beek,24/25,2025,0,0.3775084,0,0
155054,Luis Felipe Gallegos,24/25,2025,0,0.37745717,0,0
1285972,Lorenzo Costa,24/25,2025,0,0.3774265,0,0
735984,Lucas Shlimon,24/25,2025,1,0.37741214,0,1
352598,Dragan Grivić,24/25,2025,1,0.37721315,0,1
458780,Gianluca Mastromonaco,24/25,2025,0,0.377208,0,0
1134304,Joseph Liteta,24/25,2025,0,0.3769978,0,0
121137,Stuart Bannigan,24/25,2025,1,0.37677738,0,1
160630,Alessandro Ligi,24/25,2025,0,0.37676224,0,0
1178033,Lauris Bausenwein,24/25,2025,0,0.3767614,0,0
658536,Simon Adingra,24/25,2025,1,0.37666437,0,1
173589,Viktor Klonaridis,24/25,2025,1,0.37651762,0,1
381706,Arvid Brorsson,24/25,2025,0,0.37648582,0,0
314205,Danny Collinge,24/25,2025,0,0.3763469,0,0
175449,Moi Gómez,24/25,2025,0,0.37621823,0,0
513972,Juan Flere,24/25,2025,0,0.37619877,0,0
684061,Lucas Soares,24/25,2025,0,0.37619734,0,0
349944,Sérgio Conceição,24/25,2025,1,0.37618083,0,1
139352,Gus Ledes,24/25,2025,0,0.3761653,0,0
277033,David Brooks,24/25,2025,0,0.37612876,0,0
929878,Filip Sidklev,24/25,2025,1,0.37611774,0,1
684307,Youssef Amyn,24/25,2025,1,0.37604252,0,1
801069,Jimmy Evans,24/25,2025,0,0.37596515,0,0
491648,Diego Valencia,24/25,2025,0,0.3758282,0,0
221687,Alex Gilliead,24/25,2025,1,0.37485778,0,1
470606,Leighton Clarkson,24/25,2025,0,0.37474245,0,0
603564,Bakari Camara,24/25,2025,0,0.3746206,0,0
891833,Skye Vink,24/25,2025,0,0.37449962,0,0
186239,Fabricio Pedrozo,24/25,2025,0,0.3744524,0,0
400653,Jan Matousek,24/25,2025,0,0.3743815,0,0
685160,Mark McKenzie,24/25,2025,0,0.3743632,0,0
1025415,Martin Todorski,24/25,2025,0,0.37423888,0,0
65302,Pau Torres,24/25,2025,0,0.37418252,0,0
334570,Stefano Selvatico,24/25,2025,0,0.37417963,0,0
835373,André Escobar,24/25,2025,0,0.3741396,0,0
574199,David Lelle,24/25,2025,0,0.3740658,0,0
182323,Lucas Lima,24/25,2025,1,0.3739863,0,1
345095,Almoez Ali,24/25,2025,0,0.37388766,0,0
406151,Zé Pedro,24/25,2025,1,0.37387908,0,1
1078216,Dennis Krpalek,24/25,2025,0,0.37363833,0,0
253765,Wesley Hoedt,24/25,2025,0,0.37357956,0,0
772349,Fabian Feiner,24/25,2025,0,0.37355992,0,0
732743,Sam Long,24/25,2025,0,0.37332538,0,0
332826,Hannes Agnarsson,24/25,2025,0,0.3733013,0,0
294808,Franck Kessié,24/25,2025,0,0.37323156,0,0
146937,Francesco Lisi,24/25,2025,0,0.37291905,0,0
496484,Nick Akoto,24/25,2025,0,0.37289912,0,0
340289,Alessandro Dalmasso,24/25,2025,0,0.3727105,0,0
523977,Miguel Baeza,24/25,2025,0,0.37265244,0,0
800948,Jan-Carlo Simić,24/25,2025,1,0.372417,0,1
448058,Giannis Papanikolaou,24/25,2025,0,0.37240735,0,0
897478,Etienne Borie,24/25,2025,0,0.37228265,0,0
867185,Ismael Ferrer,24/25,2025,0,0.3722238,0,0
684178,Jason Sraha,24/25,2025,0,0.3721018,0,0
744729,Tarek Buchmann,24/25,2025,1,0.37208927,0,1
1025412,Ryan van de Pavert,24/25,2025,0,0.3718901,0,0
218355,Conor Grant,24/25,2025,0,0.37174773,0,0
484992,Aïmen Moueffek,24/25,2025,0,0.37171847,0,0
88701,Filippo Perucchini,24/25,2025,1,0.37152618,0,1
542572,Sergio Maselli,24/25,2025,0,0.371465,0,0
148812,Aurél Farkas,24/25,2025,0,0.3714018,0,0
927870,Niccolò Bianchi,24/25,2025,0,0.37138492,0,0
756811,Manuel Llano,24/25,2025,0,0.37134293,0,0
531824,Kike Hermoso,24/25,2025,0,0.37097347,0,0
391788,CJ Hamilton,24/25,2025,0,0.37085697,0,0
135747,Luca Lezzerini,24/25,2025,1,0.3708524,0,1
278467,Iván Pérez,24/25,2025,1,0.37081963,0,1
1069532,Owen Cuddihy,24/25,2025,0,0.37077266,0,0
749942,Felix Hagmann,24/25,2025,0,0.37057143,0,0
70639,Petr Reinberk,24/25,2025,0,0.37043613,0,0
750877,Milan Silva Rasmussen,24/25,2025,1,0.37010917,0,1
898127,Fedor Lapoukhov,24/25,2025,0,0.36989918,0,0
939745,Lorenzo Torriani,24/25,2025,0,0.36985752,0,0
198410,Adrian Dabasse,24/25,2025,0,0.36968833,0,0
518676,Patrick Luan,24/25,2025,0,0.3696674,0,0
662065,Stanislav Lomako,24/25,2025,1,0.3696394,0,1
236997,Tiago Silva,24/25,2025,1,0.36954004,0,1
258911,Mukhtar Ali,24/25,2025,0,0.36936048,0,0
1012731,Luis Balbo,24/25,2025,0,0.3692963,0,0
284876,Paolo Fernandes,24/25,2025,1,0.36876878,0,1
237144,Stefan Maderer,24/25,2025,0,0.36868617,0,0
385614,Andrzej Trubeha,24/25,2025,0,0.36862963,0,0
634267,David González,24/25,2025,0,0.36837775,0,0
250686,Bjørn Johnsen,24/25,2025,0,0.36827153,0,0
696693,Loide Augusto,24/25,2025,1,0.36826628,0,1
936739,Dominic Vavassori,24/25,2025,0,0.3682035,0,0
318058,Manuel Nicoletti,24/25,2025,1,0.36791113,0,1
648893,István Pekár,24/25,2025,0,0.3671308,0,0
191188,Alexis Sauvage,24/25,2025,0,0.36712715,0,0
203853,Oleksandr Zinchenko,24/25,2025,1,0.36710188,0,1
690147,Felix Paschke,24/25,2025,0,0.36699954,0,0
199976,Marco Sportiello,24/25,2025,1,0.36691672,0,1
333666,Dominik Lanius,24/25,2025,0,0.36689463,0,0
826795,Dariusz Stalmach,24/25,2025,0,0.36670038,0,0
1010466,Lucas Bretón,24/25,2025,1,0.36667484,0,1
374081,Aitor Buñuel,24/25,2025,1,0.36651823,0,1
420179,Gianluca Saro,24/25,2025,1,0.36648592,0,1
457420,Matteo Figoli,24/25,2025,0,0.36642838,0,0
95673,Tom van Weert,24/25,2025,0,0.36634606,0,0
729174,Julius Kliti,24/25,2025,0,0.3662405,0,0
674501,Jonathan Gómez,24/25,2025,1,0.36623102,0,1
691905,Karim El Abed,24/25,2025,1,0.36622298,0,1
875511,Paulo Victor,24/25,2025,1,0.36618042,0,1
751033,Pierrick Moulin,24/25,2025,1,0.36614528,0,1
202764,Mohamed El-Munir,24/25,2025,0,0.3659587,0,0
518451,Assad Al-Hamlawi,24/25,2025,1,0.3659211,0,1
228750,Alessandro Golinucci,24/25,2025,0,0.36578256,0,0
229265,Luca Ferri,24/25,2025,0,0.36566582,0,0
268250,Bonifác Csonka,24/25,2025,0,0.36555097,0,0
242497,Pere Pons,24/25,2025,0,0.36530784,0,0
330560,Alessandro Celli,24/25,2025,0,0.36501816,0,0
183365,Höskuldur Gunnlaugsson,24/25,2025,0,0.3647191,0,0
267014,Matteo Battistini,24/25,2025,0,0.3644264,0,0
377605,Hamdou El Houni,24/25,2025,0,0.36439115,0,0
532776,Amine Adli,24/25,2025,1,0.36424685,0,1
838221,Dudu Hatamoto,24/25,2025,1,0.36401388,0,1
126953,Bojan Zogovic,24/25,2025,0,0.36393225,0,0
264011,Gergő Rácz,24/25,2025,0,0.36369964,0,0
441622,Roger Escoruela,24/25,2025,0,0.36365187,0,0
236467,Till Schumacher,24/25,2025,0,0.36357373,0,0
83002,Hiroki Sakai,24/25,2025,0,0.36345637,0,0
1022312,Jure Marinovich,24/25,2025,0,0.36337626,0,0
934034,Dimitrios Metaxas,24/25,2025,0,0.36337054,0,0
64804,Thierry Moutinho,24/25,2025,0,0.36331603,0,0
736202,Brayan Gil,24/25,2025,0,0.3633144,0,0
456898,Vladan Danilović,24/25,2025,0,0.36315778,0,0
246278,Ángel García,24/25,2025,0,0.36309254,0,0
345098,Tameem Al-Muhaza,24/25,2025,0,0.362995,0,0
729872,Igor Miladinovic,24/25,2025,0,0.36290038,0,0
44017,Javi Martínez,24/25,2025,1,0.3628332,0,1
601507,Michele Voltan,24/25,2025,0,0.3627579,0,0
505657,Tyreik Wright,24/25,2025,0,0.36272722,0,0
633111,Álex Calatrava,24/25,2025,0,0.36264217,0,0
60410,Marcos Acuña,24/25,2025,0,0.36255056,0,0
307511,Mirko Kos,24/25,2025,0,0.36248457,0,0
52490,Kevin Sommer,24/25,2025,0,0.3623143,0,0
503770,Folarin Balogun,24/25,2025,0,0.3622192,0,0
1048147,Federico Cassa,24/25,2025,0,0.3621955,0,0
293785,Aidan McAdams,24/25,2025,0,0.36215714,0,0
536697,Amel Mujanic,24/25,2025,0,0.3619147,0,0
383810,Arnau Campeny,24/25,2025,0,0.36189654,0,0
510229,Jordi Cano,24/25,2025,0,0.36182266,0,0
185164,Jacob Barrett Laursen,24/25,2025,0,0.3614249,0,0
262704,Michal Reichl,24/25,2025,0,0.361228,0,0
555194,Mathías Tomás,24/25,2025,1,0.36122644,0,1
334804,Kenny Dougall,24/25,2025,0,0.36055928,0,0
249046,Stefano Negro,24/25,2025,1,0.36035064,0,1
1036636,Ivan Marchev,24/25,2025,0,0.36030197,0,0
128011,Petros Mantalos,24/25,2025,0,0.3602924,0,0
720934,Ivan Mikhnyuk,24/25,2025,0,0.36014378,0,0
806793,Clément Akpa,24/25,2025,0,0.36013603,0,0
165852,Cosimo Chiricò,24/25,2025,1,0.36010942,0,1
839789,Bálint Szabó,24/25,2025,0,0.36010107,0,0
543537,Seydouba Cissé,24/25,2025,0,0.36006832,0,0
787936,Ollie Hulbert,24/25,2025,0,0.35995224,0,0
240158,Francesco Vicari,24/25,2025,0,0.35958618,0,0
820393,Hamza Alaa,24/25,2025,1,0.3594373,0,1
433447,Zak Ruggiero,24/25,2025,1,0.35942155,0,1
468309,Lucas Rosa,24/25,2025,0,0.35906178,0,0
118997,Aitor Fernández,24/25,2025,0,0.35904458,0,0
296234,Deco,24/25,2025,0,0.35904112,0,0
226300,Michael Dellinger,24/25,2025,0,0.35901666,0,0
686977,Justin Seven,24/25,2025,0,0.35892978,0,0
291653,Josef Weberbauer,24/25,2025,0,0.35886857,0,0
304144,Alen Sherri,24/25,2025,1,0.35867238,0,1
378872,Kayden Jackson,24/25,2025,0,0.35867238,0,0
922892,Baran Moğultay,24/25,2025,1,0.35844073,0,1
624942,Raúl Moro,24/25,2025,1,0.35841098,0,1
405982,Idris Kanu,24/25,2025,0,0.35832587,0,0
459763,Marco Carnesecchi,24/25,2025,0,0.35831195,0,0
364245,Jordan Teze,24/25,2025,0,0.35824043,0,0
457743,Mohamed Konaté,24/25,2025,1,0.35817224,0,1
631258,Alistair Smith,24/25,2025,1,0.35812065,0,1
934202,Raffaele Romano,24/25,2025,1,0.35785457,0,1
1017396,Simeon Turlakov,24/25,2025,1,0.35781038,0,1
586746,Marios Vichos,24/25,2025,0,0.35773462,0,0
613040,Youness Lachhab,24/25,2025,0,0.35765177,0,0
958487,Walid Bouabdeli,24/25,2025,0,0.35763958,0,0
336855,Elliot Newby,24/25,2025,0,0.3574782,0,0
386792,Stefan Korsch,24/25,2025,0,0.3574626,0,0
487836,Simone Panada,24/25,2025,0,0.3574184,0,0
208880,Amor Layouni,24/25,2025,0,0.35738382,0,0
617021,Ben Old,24/25,2025,0,0.35736254,0,0
339832,Atanas Karachorov,24/25,2025,0,0.3573475,0,0
931668,Elias Benkara,24/25,2025,0,0.35731006,0,0
342911,Dimitrios Oungialidis,24/25,2025,0,0.35728073,0,0
912447,Florian Dimmer,24/25,2025,0,0.3572383,0,0
741545,Daniel Armstrong,24/25,2025,0,0.3572284,0,0
1251246,Moritz Busch,24/25,2025,0,0.357094,0,0
450427,Vasilios Xenopoulos,24/25,2025,0,0.35705605,0,0
611305,Nicola Gori,24/25,2025,0,0.35704422,0,0
593410,Yahya Kalley,24/25,2025,0,0.3570423,0,0
286328,Scott Stewart,24/25,2025,0,0.35699177,0,0
707602,Edgar Piloyan,24/25,2025,1,0.35659295,0,1
21327,Ron-Robert Zieler,24/25,2025,1,0.3561268,0,1
933205,Tibor Szabó,24/25,2025,0,0.35611427,0,0
383042,Gemelson Vieira,24/25,2025,0,0.35608706,0,0
483461,Erik Expósito,24/25,2025,0,0.35601133,0,0
1049322,Rodrick Tcheuna,24/25,2025,0,0.3558294,0,0
238868,Rubén Peña,24/25,2025,1,0.3558043,0,1
703225,Matteo Falasca,24/25,2025,0,0.3556834,0,0
592358,Victor Lobry,24/25,2025,0,0.35558635,0,0
732206,Georgie Gent,24/25,2025,0,0.35542628,0,0
458800,Andrea Mattioli,24/25,2025,0,0.35526976,0,0
204198,Romain Saïss,24/25,2025,0,0.3552014,0,0
238752,Keita Baldé,24/25,2025,0,0.35512093,0,0
178469,Michael Krmencik,24/25,2025,0,0.35504588,0,0
474838,Brian Plat,24/25,2025,0,0.35473683,0,0
646704,Maxim Dekker,24/25,2025,0,0.35473156,0,0
467486,Antoine Leautey,24/25,2025,1,0.35450903,0,1
505673,Víctor Mollejo,24/25,2025,1,0.35447535,0,1
940411,Nóel Atli Arnórsson,24/25,2025,0,0.3543195,0,0
402970,Dimitrios Stavropoulos,24/25,2025,0,0.35422662,0,0
141050,Danilo Pereira,24/25,2025,0,0.35412753,0,0
333851,Ákos Sigér,24/25,2025,0,0.35407263,0,0
125020,José Luis Palomino,24/25,2025,1,0.35403186,0,1
1015825,Elio Rufener,24/25,2025,0,0.35391185,0,0
159838,Yoann Barbet,24/25,2025,0,0.3539094,0,0
902987,Mats Seiler,24/25,2025,0,0.35376146,0,0
1073217,Vincenzo Lettieri,24/25,2025,0,0.35375553,0,0
464402,Dániel Karacs,24/25,2025,0,0.3536469,0,0
956605,Zsombor Petroff,24/25,2025,0,0.3534031,0,0
614988,Ilias Kostis,24/25,2025,0,0.35331562,0,0
1209287,Jano Monserrate,24/25,2025,0,0.35328904,0,0
323167,Matteo Gabbia,24/25,2025,0,0.35321847,0,0
295073,Kleton Perntreou,24/25,2025,1,0.35294414,0,1
537706,Lucas Fox,24/25,2025,0,0.35283652,0,0
1065441,Carlos Lumbreras,24/25,2025,0,0.35282707,0,0
354061,Lukas Malicsek,24/25,2025,0,0.35278428,0,0
369111,Georgios Tzovaras,24/25,2025,0,0.35213247,0,0
666563,Kelvin John,24/25,2025,0,0.35199422,0,0
486624,Musa Barrow,24/25,2025,0,0.35192817,0,0
258914,Brad Collins,24/25,2025,1,0.35181525,0,1
183720,Anwar El Ghazi,24/25,2025,1,0.35160545,0,1
196304,John Owen,24/25,2025,1,0.3514451,0,1
314381,Adam Phillips,24/25,2025,0,0.35123056,0,0
223668,Kevin Fery,24/25,2025,0,0.3510364,0,0
1022388,Levente Babós,24/25,2025,1,0.3505933,0,1
254968,Dario Marzino,24/25,2025,0,0.3505344,0,0
170903,Steeve Yago,24/25,2025,0,0.35043594,0,0
93128,Kalidou Koulibaly,24/25,2025,0,0.34985736,0,0
466806,Álvaro Sanz,24/25,2025,1,0.34975493,0,1
404995,Davide Diaw,24/25,2025,0,0.34958738,0,0
923667,Joeri Heerkens,24/25,2025,1,0.34942633,0,1
269870,Mattia Bortolussi,24/25,2025,0,0.3492717,0,0
564890,André Clóvis,24/25,2025,0,0.34918478,0,0
896732,Damian van der Vaart,24/25,2025,0,0.34916806,0,0
459151,Nicolò Cambiaghi,24/25,2025,0,0.34916592,0,0
115382,Guilherme,24/25,2025,0,0.3491457,0,0
570651,Amiro Amadou,24/25,2025,0,0.3489034,0,0
338855,Matija Horvat,24/25,2025,0,0.34878743,0,0
586744,Panagiotis Liagas,24/25,2025,0,0.34870756,0,0
649568,Pavel Juroska,24/25,2025,0,0.34838283,0,0
653401,Isaak Akritidis,24/25,2025,0,0.34831643,0,0
1173845,Borna Ivanda,24/25,2025,1,0.34818834,0,1
461582,Issiar Dramé,24/25,2025,0,0.34790912,0,0
164830,Márió Németh,24/25,2025,0,0.34762967,0,0
990008,Wassim Bouziane,24/25,2025,1,0.34759992,0,1
213947,Farid Abderrahmane,24/25,2025,0,0.3475736,0,0
283001,Noah Sarenren Bazee,24/25,2025,0,0.34745106,0,0
340415,Tomi Horvat,24/25,2025,0,0.34738037,0,0
938676,Filippo Scotti,24/25,2025,0,0.3472848,0,0
335221,Dani Martín,24/25,2025,1,0.34690768,0,1
938373,Kiyani Zeggen,24/25,2025,0,0.346906,0,0
395120,Stefano Bonaiti,24/25,2025,1,0.3468931,0,1
251892,Juan Soriano,24/25,2025,0,0.34687436,0,0
447221,Hamza Mendyl,24/25,2025,0,0.3468605,0,0
303308,Cihan Kahraman,24/25,2025,0,0.34680703,0,0
536837,Federico Bergonzi,24/25,2025,0,0.3466378,0,0
717296,Lucas Areco,24/25,2025,0,0.3464697,0,0
544895,Paulinho Bóia,24/25,2025,0,0.3464464,0,0
920310,Taha Ayari,24/25,2025,0,0.34635943,0,0
549791,Augustus Kargbo,24/25,2025,0,0.34597296,0,0
229004,Moussa Dembélé,24/25,2025,0,0.34564307,0,0
561899,Abdollah Ali Saei,24/25,2025,0,0.34556398,0,0
806948,Frank Feller,24/25,2025,0,0.34543106,0,0
136109,Alexei Koselev,24/25,2025,0,0.34538764,0,0
418615,Lucas França,24/25,2025,0,0.34528255,0,0
18922,Karim Benzema,24/25,2025,0,0.3452236,0,0
322517,Joël Schmied,24/25,2025,0,0.3451456,0,0
121402,Ahmad Benali,24/25,2025,1,0.34506768,0,1
340166,Alessio Castro-Montes,24/25,2025,1,0.34504527,0,1
308371,Mikel Villanueva,24/25,2025,1,0.34489274,0,1
665971,Jonas Nickisch,24/25,2025,1,0.3444657,0,1
645955,Rick,24/25,2025,0,0.34425443,0,0
678991,Ulisses,24/25,2025,0,0.3441328,0,0
380191,Ioannis Pittas,24/25,2025,0,0.344053,0,0
152695,Martin Sindelar,24/25,2025,0,0.34402966,0,0
832656,Elias Egerton,24/25,2025,0,0.3439917,0,0
212804,Florian Tardieu,24/25,2025,0,0.3439351,0,0
329324,Johannes Dörfler,24/25,2025,0,0.34391695,0,0
944095,Olle Samuelsson,24/25,2025,1,0.3438442,0,1
247355,Borja Díaz,24/25,2025,0,0.3427105,0,0
987366,Aaron Bouwman,24/25,2025,0,0.34255344,0,0
567456,Andrea Bonetti,24/25,2025,0,0.34242022,0,0
303254,Fikayo Tomori,24/25,2025,0,0.34231728,0,0
390725,Andrea Masetti,24/25,2025,0,0.3422432,0,0
203654,Tozé,24/25,2025,0,0.34222332,0,0
157543,Dimitrios Kourbelis,24/25,2025,0,0.34205732,0,0
874041,Kamarl Grant,24/25,2025,0,0.34170997,0,0
410305,Erik Gerbi,24/25,2025,0,0.34167567,0,0
704156,Nicholas Gioacchini,24/25,2025,0,0.34161755,0,0
680906,Mustapha Gbolahan Salami,24/25,2025,0,0.34140968,0,0
1055876,Jesper Zwart,24/25,2025,1,0.34111992,0,1
503854,Joel Grodowski,24/25,2025,0,0.34075227,0,0
361504,Rafa Mujica,24/25,2025,0,0.34072277,0,0
1088420,Michele Sasso,24/25,2025,1,0.34068462,0,1
119292,Danilo Wiebe,24/25,2025,0,0.3406819,0,0
265289,Alberto Jiménez,24/25,2025,0,0.3406397,0,0
616638,Alassane Sidibe,24/25,2025,0,0.34059227,0,0
89297,Rodrigo Battaglia,24/25,2025,0,0.34048438,0,0
1000698,Kirill Parmonov,24/25,2025,0,0.34043613,0,0
1058392,Lorenzo Grilli,24/25,2025,0,0.34043005,0,0
51349,Mikkel Rygaard,24/25,2025,0,0.34042928,0,0
465818,Brian Rodríguez,24/25,2025,0,0.34042466,0,0
352599,Stefan Loncar,24/25,2025,0,0.34011275,0,0
147697,Vinícius,24/25,2025,0,0.33995065,0,0
717900,Tommaso Guercio,24/25,2025,0,0.33985448,0,0
121570,Konstantinos Laifis,24/25,2025,0,0.339781,0,0
282095,Viktor Karl Einarsson,24/25,2025,0,0.33969697,0,0
693125,Liam Higgins,24/25,2025,0,0.33951882,0,0
223977,Igor Julião,24/25,2025,0,0.3390805,0,0
345586,Kasper Lunding,24/25,2025,0,0.33879238,0,0
394123,Manuel Peretti,24/25,2025,0,0.33867416,0,0
386442,Alessandro Zanellati,24/25,2025,1,0.33866376,0,1
683895,Emmanuel Agbadou,24/25,2025,0,0.33857006,0,0
820013,Péter Szalai,24/25,2025,0,0.33856246,0,0
114341,Anselmo,24/25,2025,1,0.33843443,0,1
284342,Conan Ledesma,24/25,2025,0,0.33839545,0,0
341570,Guillermo Vallejo,24/25,2025,0,0.33838147,0,0
394435,Sheriff Sinyan,24/25,2025,0,0.3383623,0,0
692338,Devin Angleberger,24/25,2025,0,0.3380956,0,0
848089,Illaijh de Ruijter,24/25,2025,0,0.33783087,0,0
1260549,Samuele Piro,24/25,2025,1,0.3377185,0,1
140914,Thomas O'Brien,24/25,2025,0,0.33750638,0,0
699233,Aleksa Puric,24/25,2025,1,0.337326,0,1
476599,Alex Passaniti,24/25,2025,0,0.33702105,0,0
935036,Bogdan Budko,24/25,2025,1,0.33699715,0,1
305946,José Gomes,24/25,2025,0,0.33698636,0,0
167470,Mattia Maita,24/25,2025,1,0.33688673,0,1
141099,Vlastimil Danicek,24/25,2025,0,0.33668956,0,0
33571,Lorenzo De Silvestri,24/25,2025,0,0.33656543,0,0
993537,Johnbosco Samuel Kalu,24/25,2025,1,0.33651635,0,1
416108,Youcef Atal,24/25,2025,0,0.3363392,0,0
198617,Jan Vondra,24/25,2025,0,0.33618295,0,0
724437,Kaleb Jiménez,24/25,2025,0,0.336167,0,0
113133,Germán Pezzella,24/25,2025,0,0.335964,0,0
403437,Ciaran Kelly,24/25,2025,0,0.3359253,0,0
895330,Salvi Esquivel,24/25,2025,0,0.33573696,0,0
624462,Jan Reichert,24/25,2025,0,0.33565322,0,0
820375,David Rodríguez,24/25,2025,0,0.33502167,0,0
356099,Cristián Borja,24/25,2025,0,0.33499682,0,0
636601,Aleksa Djurasovic,24/25,2025,0,0.33494186,0,0
1153630,Tobias Weigel,24/25,2025,0,0.3348669,0,0
559800,Oliver Casey,24/25,2025,0,0.33486655,0,0
945496,Simo Keddari,24/25,2025,0,0.3347865,0,0
906315,Hugo Cuenca,24/25,2025,0,0.3346963,0,0
1049726,Matteo Colombara,24/25,2025,0,0.3345736,0,0
696012,Mikail Özkan,24/25,2025,0,0.33447254,0,0
829874,Lilian Raolisoa,24/25,2025,0,0.3344429,0,0
427572,Zuriko Davitashvili,24/25,2025,0,0.33434296,0,0
693342,Martin Achkov,24/25,2025,0,0.33425033,0,0
975139,Wilmer Olofsson,24/25,2025,1,0.3340828,0,1
89086,Aleksandr Kokorin,24/25,2025,0,0.33383545,0,0
446248,Shaquille Pinas,24/25,2025,1,0.33357632,0,1
432895,Pedro,24/25,2025,0,0.33353767,0,0
402733,Gonzalo Montiel,24/25,2025,0,0.3335106,0,0
678441,Daniele Montevago,24/25,2025,0,0.33347407,0,0
102558,Marco Verratti,24/25,2025,1,0.33346844,0,1
623561,Triantafyllos Tsapras,24/25,2025,0,0.3334282,0,0
329365,Luca Köbele,24/25,2025,0,0.3333371,0,0
1075876,Alessandro Sassaro,24/25,2025,1,0.33332568,0,1
109855,Tim Paterok,24/25,2025,0,0.33323622,0,0
192073,Rubén Bover,24/25,2025,0,0.33307773,0,0
425781,Leon Sipos,24/25,2025,0,0.33292517,0,0
950400,Ahmad Faqa,24/25,2025,0,0.33283862,0,0
512754,Maxence Carlier,24/25,2025,0,0.3327052,0,0
71662,Marco Paixão,24/25,2025,1,0.33263353,0,1
336646,Akram Afif,24/25,2025,0,0.33262214,0,0
531229,Sam Jones,24/25,2025,0,0.3325954,0,0
1141560,Kader Meïté,24/25,2025,0,0.33241245,0,0
416809,Daniel Hanslik,24/25,2025,0,0.3323672,0,0
241391,Oussama Idrissi,24/25,2025,0,0.33235893,0,0
498171,Alexander Ahl-Holmström,24/25,2025,0,0.33207825,0,0
340879,Merih Demiral,24/25,2025,0,0.33167887,0,0
800953,Elisio Widmann,24/25,2025,0,0.33143187,0,0
659804,John Mercado,24/25,2025,1,0.33140126,0,1
877872,Ben Hughes,24/25,2025,1,0.33138454,0,1
58382,Kristian Böhnlein,24/25,2025,0,0.33126384,0,0
404257,Veljko Nikolic,24/25,2025,0,0.33122912,0,0
235931,Alessandro Deiola,24/25,2025,0,0.33118358,0,0
1055070,Luca Nesi,24/25,2025,0,0.33110726,0,0
413032,Ibrahima Diallo,24/25,2025,1,0.3310567,0,1
196231,Marvin Friedrich,24/25,2025,0,0.3309041,0,0
927347,Kiril Georgiev,24/25,2025,0,0.33069533,0,0
536460,Andrea Ghezzi,24/25,2025,0,0.33069488,0,0
311266,Rubén Díez,24/25,2025,0,0.330637,0,0
997908,Mattia Arrigoni,24/25,2025,0,0.33045545,0,0
103284,Dieumerci Ndongala,24/25,2025,0,0.33007032,0,0
1046875,Wojciech Jakubik,24/25,2025,0,0.32998416,0,0
579263,Augustine Boakye,24/25,2025,0,0.32985404,0,0
940915,Alexéi Rojas,24/25,2025,0,0.3296827,0,0
1002454,Ferdinand Riha,24/25,2025,0,0.32964456,0,0
186901,Marek Rodák,24/25,2025,0,0.32963216,0,0
184260,Anders Holvad,24/25,2025,0,0.32946387,0,0
996327,Dmitriy Denisenko,24/25,2025,0,0.3292823,0,0
638631,Elijah Krahn,24/25,2025,0,0.32918638,0,0
326230,Ryan Hedges,24/25,2025,0,0.3286965,0,0
538964,Thijs Dallinga,24/25,2025,0,0.32868737,0,0
627658,Eldin Dzogovic,24/25,2025,0,0.32867062,0,0
395973,Nikita Golub,24/25,2025,0,0.32865748,0,0
501087,Soufiane Messeguem,24/25,2025,0,0.3286007,0,0
889435,Obed Vargas,24/25,2025,0,0.328096,0,0
599552,Williams Alarcón,24/25,2025,0,0.32804593,0,0
212198,Vaná Alves,24/25,2025,0,0.32788643,0,0
81999,Joselu,24/25,2025,0,0.3278631,0,0
270051,Andrei Girotto,24/25,2025,0,0.32764918,0,0
472249,Jan Thielmann,24/25,2025,0,0.32730466,0,0
337385,Riccardo Gatti,24/25,2025,1,0.3272987,0,1
326921,Christopher Lannert,24/25,2025,0,0.3271512,0,0
438311,Victor Stina,24/25,2025,1,0.32659456,0,1
208116,Curro Sánchez,24/25,2025,0,0.3264748,0,0
272786,Gábor Megyeri,24/25,2025,0,0.32599103,0,0
633668,Giovanni Fabbian,24/25,2025,0,0.32598767,0,0
62358,Luca Castiglia,24/25,2025,0,0.32595813,0,0
687383,Iwan Lewis,24/25,2025,1,0.32579947,0,1
471582,Zaydou Youssouf,24/25,2025,0,0.3256043,0,0
336747,Jorge Pombo,24/25,2025,0,0.32545525,0,0
610878,Jacopo Desogus,24/25,2025,0,0.3254367,0,0
272618,Teddy Bouriaud,24/25,2025,0,0.3254321,0,0
945500,Rayane Belaid,24/25,2025,0,0.325357,0,0
285096,Gabriele Rocchi,24/25,2025,1,0.32531258,0,1
168550,Andrea Brighenti,24/25,2025,1,0.3251613,0,1
1115746,Kirill Malykh,24/25,2025,0,0.32502273,0,0
521329,Carlos Redru,24/25,2025,0,0.32499743,0,0
581018,Andrija Katic,24/25,2025,0,0.3249765,0,0
295703,Ilya Rashchenya,24/25,2025,0,0.3247543,0,0
1041292,Osian Evans,24/25,2025,1,0.3242177,0,1
711631,Marcelo Expósito,24/25,2025,0,0.3242042,0,0
203645,Manuel Martic,24/25,2025,1,0.32401896,0,1
625647,Yago Cantero,24/25,2025,0,0.32396892,0,0
707530,Ardian Bajrami,24/25,2025,1,0.32378173,0,1
356325,Leon Schneider,24/25,2025,0,0.32366347,0,0
626854,Kevin Höög Jansson,24/25,2025,0,0.32356697,0,0
422377,Aboubakary Koita,24/25,2025,0,0.3232101,0,0
1175307,Marcello Carollo,24/25,2025,0,0.32306406,0,0
540329,Tomas Frühwald,24/25,2025,0,0.32285526,0,0
955193,Petr Zika,24/25,2025,0,0.3225219,0,0
118022,Younès Belhanda,24/25,2025,0,0.32236785,0,0
908314,Valentin Kostov,24/25,2025,0,0.32203376,0,0
151636,Marlon Ritter,24/25,2025,0,0.3219132,0,0
584452,Nikolaos Michelis,24/25,2025,0,0.32184914,0,0
116471,Hobie Verhulst,24/25,2025,0,0.32172227,0,0
354742,Pepe Castaño,24/25,2025,0,0.3216625,0,0
708070,Pietro Saio,24/25,2025,1,0.3216153,0,1
562409,Afeez Aremu,24/25,2025,0,0.32152453,0,0
507345,Leonidas Stergiou,24/25,2025,0,0.3214775,0,0
615180,Gaetano Vitale,24/25,2025,1,0.3213495,0,1
955263,Kévin Pedro,24/25,2025,0,0.32120335,0,0
595781,Jimmy Suárez,24/25,2025,0,0.32119045,0,0
1106292,Yassin Hamdi,24/25,2025,0,0.32117265,0,0
413268,Kevin Yakob,24/25,2025,0,0.32116118,0,0
451164,Damian Hilbrycht,24/25,2025,0,0.32070807,0,0
158106,Peter Michorl,24/25,2025,0,0.32068998,0,0
270609,Róbert Kővári,24/25,2025,0,0.3206517,0,0
31653,Tobias Sippel,24/25,2025,0,0.32060635,0,0
279454,MJ Williams,24/25,2025,0,0.3204041,0,0
187778,Ádám Viczián,24/25,2025,0,0.32016042,0,0
278309,Simone Russini,24/25,2025,0,0.3200374,0,0
576094,Kevin Toppenberg,24/25,2025,0,0.31996137,0,0
355501,Amadou Diawara,24/25,2025,1,0.31990135,0,1
1099350,Dan Barton,24/25,2025,1,0.31969452,0,1
374421,Marvin Lorch,24/25,2025,0,0.31914827,0,0
121483,Jan Oblak,24/25,2025,0,0.31913817,0,0
208022,Giovanni Zarfino,24/25,2025,1,0.31903273,0,1
1038310,Rody Junior Effaghe,24/25,2025,0,0.31895718,0,0
867678,Harun Ibrahim,24/25,2025,1,0.3188655,0,1
328847,Daniele Pinto,24/25,2025,0,0.3188568,0,0
356236,Tomoki Iwata,24/25,2025,0,0.31880575,0,0
134424,Nick Powell,24/25,2025,1,0.31853434,0,1
472176,Salvatore Boccia,24/25,2025,0,0.31847134,0,0
559263,Fábio Carvalho,24/25,2025,0,0.31843108,0,0
421984,Vaclav Drchal,24/25,2025,0,0.3183616,0,0
807318,Ryan Finnigan,24/25,2025,1,0.31833005,0,1
61617,Paolo Rozzio,24/25,2025,0,0.31787723,0,0
487830,Christian Dimarco,24/25,2025,1,0.31774378,0,1
127182,Thomas Monconduit,24/25,2025,0,0.3177328,0,0
726667,Hugo Pavek,24/25,2025,0,0.3169835,0,0
336051,Agus Medina,24/25,2025,0,0.3167445,0,0
416088,Romain Correia,24/25,2025,0,0.3166164,0,0
596998,Felix Meyer,24/25,2025,0,0.316612,0,0
503864,Ludvig Henriksen,24/25,2025,0,0.3165578,0,0
804885,Martin Expérience,24/25,2025,0,0.316536,0,0
970279,Jacques Ekomié,24/25,2025,0,0.3164146,0,0
266359,Benjamin Bourigeaud,24/25,2025,0,0.31639487,0,0
738046,Ismael Mansaray,24/25,2025,1,0.31618014,0,1
351441,Atanas Chernev,24/25,2025,1,0.31614578,0,1
146710,Martin Frydek,24/25,2025,0,0.31597185,0,0
765110,Jakub Tosnar,24/25,2025,0,0.31593016,0,0
129592,Julien De Sart,24/25,2025,0,0.31582248,0,0
1254223,Stanislav Yovkov,24/25,2025,0,0.3158183,0,0
502893,Denzel Jubitana,24/25,2025,0,0.31570214,0,0
450173,Gaius Makouta,24/25,2025,0,0.31568366,0,0
392139,Sebastian Müller,24/25,2025,0,0.3155667,0,0
688881,Vinícius Lopes,24/25,2025,0,0.315406,0,0
123258,Ivan Varone,24/25,2025,1,0.31527388,0,1
271335,Fabiano,24/25,2025,0,0.3149995,0,0
743496,Kévin Danois,24/25,2025,0,0.31497654,0,0
528515,Maximilian Großer,24/25,2025,0,0.31459957,0,0
878416,Michalis Voriazidis,24/25,2025,1,0.3144165,0,1
295761,Stefano Aiolfi,24/25,2025,0,0.31421536,0,0
925505,Giovanni Giunti,24/25,2025,0,0.31414905,0,0
621122,Matteo Angeli,24/25,2025,0,0.31401762,0,0
72505,Thomas Meißner,24/25,2025,0,0.3136994,0,0
176182,Luca Maniero,24/25,2025,0,0.3136704,0,0
153664,Khaled Narey,24/25,2025,1,0.31364298,0,1
465844,Stefan Gavrilov,24/25,2025,0,0.31359932,0,0
459127,Andrea Invernizzi,24/25,2025,0,0.31335092,0,0
340700,Ivan Prtajin,24/25,2025,1,0.31327328,0,1
205938,Mario Pašalić,24/25,2025,0,0.31308642,0,0
146660,Ronaldo,24/25,2025,1,0.31305176,0,1
178942,Bruno Brígido,24/25,2025,0,0.31304777,0,0
196095,Luca Waldschmidt,24/25,2025,0,0.31299168,0,0
679903,Ryoya Morishita,24/25,2025,1,0.31294614,0,1
741352,Dmitriy Lutik,24/25,2025,0,0.31273708,0,0
182313,Badra Ali Sangaré,24/25,2025,1,0.31247965,0,1
156681,Stefan Haudum,24/25,2025,0,0.31242555,0,0
461619,Fernando Medrano,24/25,2025,1,0.31238315,0,1
471004,Luis Binks,24/25,2025,1,0.31235495,0,1
45320,Ángel Di María,24/25,2025,1,0.31233707,0,1
122676,Robert Zulj,24/25,2025,1,0.31228715,0,1
814007,Corrado Riviera,24/25,2025,0,0.31222573,0,0
548802,John Liebelt,24/25,2025,0,0.3120599,0,0
451237,Laurin Tost,24/25,2025,0,0.3119903,0,0
487603,Domen Gril,24/25,2025,0,0.31185833,0,0
580747,Yvann Maçon,24/25,2025,0,0.3118535,0,0
815556,Antonio Gala,24/25,2025,1,0.31174147,0,1
569140,Lassine Sinayoko,24/25,2025,0,0.3116812,0,0
232390,Lukas Skovajsa,24/25,2025,0,0.3116151,0,0
330210,Dawid Gojny,24/25,2025,0,0.31156886,0,0
321239,Everton,24/25,2025,0,0.31148848,0,0
201654,Barna Kesztyűs,24/25,2025,0,0.3113408,0,0
940769,Artem Zhevnerenko,24/25,2025,0,0.31130573,0,0
88680,Luca Caldirola,24/25,2025,1,0.3112296,0,1
525140,Goduine Koyalipou,24/25,2025,1,0.31122723,0,1
94295,Jonas Thorsen,24/25,2025,0,0.31117463,0,0
537764,Carlos Algarra,24/25,2025,0,0.31115538,0,0
454567,Orkun Kökçü,24/25,2025,1,0.3111307,0,1
977464,Arthur,24/25,2025,0,0.3110213,0,0
278690,Michał Marcjanik,24/25,2025,0,0.3110152,0,0
265078,Patrick Cutrone,24/25,2025,1,0.31099972,0,1
128509,Dany Carvajal,24/25,2025,0,0.31068173,0,0
124769,Luca Marrone,24/25,2025,0,0.3106413,0,0
584065,Marc Richter,24/25,2025,1,0.31015497,0,1
122243,Niall Canavan,24/25,2025,0,0.31015167,0,0
345760,David Turnbull,24/25,2025,0,0.31003442,0,0
368482,Riccardo Orsolini,24/25,2025,0,0.30974424,0,0
421710,Patryk Szysz,24/25,2025,1,0.30968255,0,1
182722,Bruno Varela,24/25,2025,1,0.30949408,0,1
460625,Konstantinos Balogiannis,24/25,2025,0,0.30932963,0,0
1080421,Ieuan Owen,24/25,2025,0,0.3093221,0,0
277137,Renato Tapia,24/25,2025,1,0.30876663,0,1
242086,Patrik Schick,24/25,2025,0,0.30869448,0,0
936755,Alberto Manzoni,24/25,2025,0,0.30848533,0,0
787907,Benjamin Tahirović,24/25,2025,0,0.30826622,0,0
940553,Relja Obric,24/25,2025,0,0.30814403,0,0
967523,Aaron Reid,24/25,2025,0,0.30800888,0,0
776737,Joselito,24/25,2025,0,0.30784377,0,0
1015248,Ivaylo Videv,24/25,2025,1,0.30784047,0,1
89034,Riccardo Brosco,24/25,2025,0,0.30751735,0,0
1162101,Egor Grivenev,24/25,2025,0,0.3072887,0,0
73564,Jason Steele,24/25,2025,0,0.3072547,0,0
145070,Ovays Azizi,24/25,2025,1,0.3072494,0,1
1279569,Ivan Tolkachev,24/25,2025,0,0.30699793,0,0
54534,Agustín Marchesín,24/25,2025,0,0.3069929,0,0
484367,Theocharis Iliadis,24/25,2025,0,0.30690184,0,0
1009463,Niklas Swider,24/25,2025,0,0.3067099,0,0
149231,Fidel,24/25,2025,1,0.3066582,0,1
1049590,Meshak Babanzila,24/25,2025,0,0.30653235,0,0
719230,Alex Szabó,24/25,2025,0,0.30621982,0,0
234733,Panagiotis Deligiannidis,24/25,2025,1,0.3062124,0,1
313477,Paolo Ghiglione,24/25,2025,1,0.30618253,0,1
425268,Liam Coyle,24/25,2025,0,0.30604786,0,0
371150,Loïc Bessilé,24/25,2025,0,0.30572632,0,0
315984,Michael Kelly,24/25,2025,0,0.3054955,0,0
222385,Karim Boudiaf,24/25,2025,0,0.30523914,0,0
800874,Sino Absamadov,24/25,2025,1,0.30515808,0,1
148215,Nicky Devlin,24/25,2025,0,0.30513364,0,0
198607,Lukas Hulka,24/25,2025,0,0.30498353,0,0
1268641,Alesandro Nikolov,24/25,2025,0,0.3047328,0,0
1065043,Pontus Dahbo,24/25,2025,0,0.30468708,0,0
860658,Holger Bux,24/25,2025,0,0.30445427,0,0
1015401,Paul Reverson,24/25,2025,0,0.30422175,0,0
594997,Yohann Magnin,24/25,2025,1,0.30395994,0,1
524081,Nicolai Vallys,24/25,2025,0,0.30385777,0,0
408288,Jesús Ruiz,24/25,2025,1,0.30380142,0,1
399668,Yuriy Lovets,24/25,2025,0,0.30374366,0,0
266302,Sergej Milinković-Savić,24/25,2025,0,0.3037365,0,0
123579,Torben Rehfeldt,24/25,2025,1,0.3033202,0,1
796297,Jobe Bellingham,24/25,2025,1,0.30314955,0,1
623100,Sam Snaith,24/25,2025,1,0.3026973,0,1
514370,Jubril Okedina,24/25,2025,1,0.30244994,0,1
344178,Bence Szabó,24/25,2025,0,0.30238527,0,0
1058514,Montrell Culbreath,24/25,2025,0,0.30230647,0,0
1066213,Asier Bonel,24/25,2025,1,0.3022875,0,1
107205,Connor Krempicki,24/25,2025,0,0.30227137,0,0
225459,Carlos Hernández,24/25,2025,0,0.30205634,0,0
727585,Joel Torrance,24/25,2025,0,0.30186895,0,0
240244,Cristian Dell'Orco,24/25,2025,0,0.30171514,0,0
901801,Michalis Panagidis,24/25,2025,0,0.30141982,0,0
536826,Nacho Quintana,24/25,2025,0,0.3014183,0,0
231471,Theofanis Tzandaris,24/25,2025,0,0.30136654,0,0
195049,Michael Eberwein,24/25,2025,0,0.30131668,0,0
903202,Jordi Jaku,24/25,2025,0,0.3012237,0,0
375095,Michael Cheek,24/25,2025,0,0.30116376,0,0
76158,Alexander Meyer,24/25,2025,0,0.30110133,0,0
344395,Jorge Fernandes,24/25,2025,0,0.3010264,0,0
293569,Josh Brownhill,24/25,2025,1,0.300967,0,1
915269,Vladislav Drapeza,24/25,2025,1,0.30087456,0,1
648886,Samuel Loric,24/25,2025,0,0.3007675,0,0
392048,Erald Lakti,24/25,2025,0,0.30070367,0,0
670845,Omari Forson,24/25,2025,0,0.3007009,0,0
216661,Alexandru Crețu,24/25,2025,1,0.30065084,0,1
595653,Anton Dowds,24/25,2025,0,0.30060226,0,0
393436,Aly Abeid,24/25,2025,0,0.300549,0,0
395693,Houssem Aouar,24/25,2025,0,0.3004143,0,0
182877,Anthony Martial,24/25,2025,1,0.3001014,0,1
254997,Francesco Salvemini,24/25,2025,1,0.30002496,0,1
45567,Jonathan Biabiany,24/25,2025,0,0.29998243,0,0
469718,Gerardo Arteaga,24/25,2025,0,0.2999249,0,0
47594,Zlatan Alomerovic,24/25,2025,0,0.29970747,0,0
1031551,Lorenzo Maasland,24/25,2025,0,0.2997042,0,0
225452,Patrick Roberts,24/25,2025,1,0.2996714,0,1
49501,Elias Kachunga,24/25,2025,0,0.29942197,0,0
612143,Kylian Kaïboue,24/25,2025,0,0.2993573,0,0
183299,Callum Robinson,24/25,2025,0,0.29920754,0,0
655177,Zeno Ibsen Rossi,24/25,2025,0,0.29908487,0,0
665582,David Seger,24/25,2025,1,0.2989367,0,1
291120,Adrien Julloux,24/25,2025,0,0.2987933,0,0
182713,Carlos Daniel,24/25,2025,0,0.29827815,0,0
408505,Tommaso Panelli,24/25,2025,0,0.29805794,0,0
381792,Maicol Origlio,24/25,2025,0,0.29802364,0,0
607494,Elario Ghassan,24/25,2025,0,0.29798108,0,0
727495,Nikola Iliev,24/25,2025,0,0.29774076,0,0
228584,David Simón,24/25,2025,0,0.29771256,0,0
176553,Aymeric Laporte,24/25,2025,1,0.29769862,0,1
237607,Fabio Maiolo,24/25,2025,0,0.29753396,0,0
903706,Albion Rrahmani,24/25,2025,0,0.2973894,0,0
1001686,Arthur,24/25,2025,0,0.29726812,0,0
918811,Mattia Fortin,24/25,2025,1,0.29724577,0,1
1004834,George Ilenikhena,24/25,2025,0,0.29699495,0,0
377607,Muaid Ellafi,24/25,2025,0,0.29697496,0,0
229194,Aron Bjarnason,24/25,2025,0,0.29691288,0,0
558133,Kyle Harrison,24/25,2025,1,0.29679814,0,1
319859,Mathias Jensen,24/25,2025,0,0.29678646,0,0
432116,Noah Lewis,24/25,2025,0,0.29669607,0,0
460800,Ilian Iliev,24/25,2025,0,0.29668966,0,0
355157,Arsen Kasa,24/25,2025,0,0.2966443,0,0
357164,Rafael Leão,24/25,2025,0,0.2966086,0,0
106270,Florian Kainz,24/25,2025,0,0.2965733,0,0
137745,Marçal,24/25,2025,0,0.29629648,0,0
271763,Alibek Aliev,24/25,2025,0,0.29550114,0,0
565168,Aleksandr Mikhalenko,24/25,2025,0,0.2953361,0,0
1058791,Andreas Redkin,24/25,2025,0,0.2951448,0,0
231792,Christos Gromitsaris,24/25,2025,0,0.29513204,0,0
363227,James Penrice,24/25,2025,1,0.29491857,0,1
243104,Mohamed Al-Bakri,24/25,2025,0,0.2948095,0,0
148941,Domenico Franco,24/25,2025,1,0.2945394,0,1
260657,Erik Wekesser,24/25,2025,0,0.2945026,0,0
272706,James Lawrence,24/25,2025,0,0.29438442,0,0
490609,Lasse Rieß,24/25,2025,0,0.2942617,0,0
69511,Patrick Mortensen,24/25,2025,0,0.29399934,0,0
401535,Gabriel Batista,24/25,2025,0,0.29393303,0,0
713404,Daniel Piscaglia,24/25,2025,0,0.29375723,0,0
310527,Paulo Azzi,24/25,2025,1,0.29337108,0,1
616631,Matteo Ruggeri,24/25,2025,1,0.2933536,0,1
627294,Fer Niño,24/25,2025,0,0.2932144,0,0
316934,Nikola Moro,24/25,2025,0,0.29320347,0,0
126321,Carl Jenkinson,24/25,2025,0,0.29316014,0,0
176936,Julián Cuesta,24/25,2025,1,0.29291257,0,1
503160,Paul Nebel,24/25,2025,0,0.29280612,0,0
461629,Gustavo Assunção,24/25,2025,1,0.29275793,0,1
798576,Lorenzo Monteleone,24/25,2025,0,0.29275662,0,0
667521,Cian Ashford,24/25,2025,0,0.29268166,0,0
954090,Rayan Lutin,24/25,2025,0,0.29268065,0,0
143559,Matija Nastasić,24/25,2025,1,0.2924475,0,1
1182739,Severin Nioule,24/25,2025,0,0.29226795,0,0
222813,Marko Grujić,24/25,2025,1,0.29215926,0,1
179462,Emiljano Musta,24/25,2025,0,0.29176655,0,0
86793,Gabriele Angella,24/25,2025,0,0.29150027,0,0
813137,Niccolò Pisilli,24/25,2025,0,0.29138198,0,0
611861,Natan Girma,24/25,2025,0,0.29134282,0,0
93753,Calogero Rizzuto,24/25,2025,0,0.29075348,0,0
930150,Tommaso Ebone,24/25,2025,1,0.2905889,0,1
714488,Daniel Monga,24/25,2025,0,0.290537,0,0
697278,Charlie Webster,24/25,2025,0,0.2903704,0,0
961022,Benja Domínguez,24/25,2025,0,0.29019743,0,0
319306,Lewis Thomas,24/25,2025,0,0.29010484,0,0
192467,Lukas Wilton,24/25,2025,0,0.29009333,0,0
315254,Mees de Wit,24/25,2025,0,0.2900801,0,0
640556,Rav van den Berg,24/25,2025,1,0.28990966,0,1
400532,Joel Felix,24/25,2025,0,0.28989688,0,0
818131,Fabio Cariolato,24/25,2025,0,0.28989545,0,0
540536,Carlos Vicente,24/25,2025,0,0.28986776,0,0
481834,Andrea Carboni,24/25,2025,0,0.28963602,0,0
212713,Kiko,24/25,2025,0,0.2894579,0,0
635803,Oluwatobiloba Alagbe,24/25,2025,0,0.28941858,0,0
930021,Justin Faltyn,24/25,2025,0,0.28940377,0,0
524564,Can Degirmenci,24/25,2025,1,0.28937787,0,1
688560,Nick McAllister,24/25,2025,0,0.28918755,0,0
823075,Lewis Rees,24/25,2025,0,0.2889136,0,0
559333,Kian Fitz-Jim,24/25,2025,0,0.28873736,0,0
251813,Niclas Eliasson,24/25,2025,0,0.2887251,0,0
126705,Martin Sourzac,24/25,2025,0,0.28870237,0,0
116088,Marius Bülter,24/25,2025,1,0.28861234,0,1
577832,Jesper Ceesay,24/25,2025,1,0.2885673,0,1
337799,Pedro Ferreira,24/25,2025,0,0.28851703,0,0
687983,Adrian Kireski,24/25,2025,1,0.2880196,0,1
800995,Ro-Zangelo Daal,24/25,2025,0,0.28790444,0,0
480955,Miguel Atienza,24/25,2025,0,0.28789487,0,0
267497,Kristi Qose,24/25,2025,0,0.2878474,0,0
819211,Ethan Butera,24/25,2025,0,0.28781512,0,0
765105,Roman Mokrovics,24/25,2025,0,0.28757712,0,0
887638,Davide Bartesaghi,24/25,2025,1,0.28745574,0,1
728722,Julius Lindberg,24/25,2025,0,0.28732258,0,0
411371,Tommaso Nobile,24/25,2025,0,0.28689188,0,0
500763,Marvin Keller,24/25,2025,0,0.28677318,0,0
396429,Diogo Calila,24/25,2025,0,0.28659528,0,0
517376,Yusuf Sarı,24/25,2025,0,0.2865558,0,0
157167,Hrvoje Milicevic,24/25,2025,0,0.28642526,0,0
832896,Jack Wilkie,24/25,2025,0,0.28640705,0,0
525385,Tobias Dombrowa,24/25,2025,0,0.28596961,0,0
939870,Jef Tchouangue,24/25,2025,0,0.28573772,0,0
597804,Jonas Kersken,24/25,2025,0,0.28543738,0,0
334225,Mika Hanraths,24/25,2025,0,0.2852535,0,0
324321,Bernard Mensah,24/25,2025,1,0.2851526,0,1
1050787,Lorenzo Lischetti,24/25,2025,1,0.28498328,0,1
443322,Erik Nissen,24/25,2025,0,0.28484112,0,0
448027,Florian Kleinhansl,24/25,2025,0,0.28477594,0,0
574191,Yassir Atty,24/25,2025,0,0.28475583,0,0
1070408,Mylo van der Lans,24/25,2025,0,0.28469855,0,0
528245,Dorian Cevis,24/25,2025,0,0.28450844,0,0
397248,Giorgio Galli,24/25,2025,1,0.284148,0,1
46413,Ante Budimir,24/25,2025,0,0.28391963,0,0
620834,Joel Bichsel,24/25,2025,0,0.28388864,0,0
928630,Finn de Bruin,24/25,2025,0,0.28370637,0,0
442531,Edouard Mendy,24/25,2025,0,0.28369644,0,0
625120,Pavel Prishivalko,24/25,2025,0,0.28364253,0,0
220755,Matthew Pennington,24/25,2025,1,0.28343543,0,1
343388,Norbert Benkő-Bíró,24/25,2025,0,0.2833991,0,0
341882,Andy Cannon,24/25,2025,0,0.2830327,0,0
832462,Krisztián Székely,24/25,2025,0,0.28297845,0,0
710865,Dominik Csontos,24/25,2025,0,0.28286755,0,0
632912,Salah Zakaria,24/25,2025,0,0.28283238,0,0
658530,Jonas Jensen-Abbew,24/25,2025,0,0.28283226,0,0
429915,Maxim De Cuyper,24/25,2025,1,0.28281045,0,1
1136742,Nikita Ovsyanik,24/25,2025,0,0.2827428,0,0
281246,Kamil Zapolnik,24/25,2025,0,0.28269628,0,0
808901,Leandro Frroku,24/25,2025,0,0.28247857,0,0
402911,Stefano Rossoni,24/25,2025,0,0.28240436,0,0
469669,Yvan Neyou,24/25,2025,1,0.2822417,0,1
538810,Chris Ramos,24/25,2025,1,0.28193858,0,1
420064,Caio Henrique,24/25,2025,0,0.28192067,0,0
179757,Maximiliano Olivera,24/25,2025,0,0.28187403,0,0
625124,Sergey Sazonchik,24/25,2025,0,0.2818679,0,0
687640,Matteo Sorzi,24/25,2025,0,0.2818025,0,0
95950,Graeme Shinnie,24/25,2025,0,0.2816902,0,0
439465,Gaizka Larrazabal,24/25,2025,0,0.28155264,0,0
147540,Ales Cermak,24/25,2025,0,0.28134575,0,0
65001,Armend Alimi,24/25,2025,1,0.28132698,0,1
45717,Nenê,24/25,2025,0,0.28121167,0,0
40680,Sven Ulreich,24/25,2025,0,0.2812091,0,0
668267,Marcos Leonardo,24/25,2025,0,0.28105068,0,0
484703,Michael Liguori,24/25,2025,1,0.28074503,0,1
195051,Gianluca Gaudino,24/25,2025,0,0.28049496,0,0
340339,Jorge Sáenz,24/25,2025,0,0.28048426,0,0
930772,Corey Hurford,24/25,2025,0,0.28039724,0,0
537171,Semuel Pizzignacco,24/25,2025,0,0.28013048,0,0
693413,David Idowu,24/25,2025,0,0.2801294,0,0
675278,Eric Kahl,24/25,2025,0,0.2801114,0,0
580027,Luca Connell,24/25,2025,0,0.27972516,0,0
1067168,Harry Howell,24/25,2025,0,0.27970275,0,0
334822,David Lischka,24/25,2025,0,0.27967754,0,0
21101,Milan Petrzela,24/25,2025,1,0.27947208,0,1
659649,Federico Casolari,24/25,2025,0,0.27945268,0,0
344381,Christopher Nkunku,24/25,2025,1,0.27914658,0,1
517422,Simon Baekgaard,24/25,2025,0,0.27875102,0,0
538389,Denis Sadovskiy,24/25,2025,1,0.2787357,0,1
207376,Konstantinos Bouloulis,24/25,2025,0,0.27870834,0,0
655012,Lucas Stassin,24/25,2025,0,0.27836093,0,0
874376,Brooklyn Ilunga,24/25,2025,0,0.27814025,0,0
862146,Artem Zimin,24/25,2025,0,0.27805182,0,0
74229,Koke,24/25,2025,0,0.27795646,0,0
954265,Lorenzo Riccio,24/25,2025,0,0.27786112,0,0
741136,Maksim Vospukov,24/25,2025,0,0.27777204,0,0
1010150,Adam Bakoune,24/25,2025,1,0.27775627,0,1
1007809,Daniel Skaarud,24/25,2025,0,0.27739555,0,0
328658,Kristoffer Ajer,24/25,2025,0,0.27729797,0,0
1081530,Pharell Kegni,24/25,2025,0,0.2772767,0,0
268113,Sean Klaiber,24/25,2025,0,0.27708092,0,0
44118,Marc Pujol,24/25,2025,0,0.27685118,0,0
646189,Topi Keskinen,24/25,2025,0,0.27674958,0,0
781971,Jean-Marie Nadjombe,24/25,2025,1,0.27671283,0,1
213854,Cedric Gondo,24/25,2025,0,0.2766811,0,0
1329955,Osian Ellis,24/25,2025,0,0.27657166,0,0
167393,James Husband,24/25,2025,0,0.27601898,0,0
251664,Ivan Toney,24/25,2025,0,0.27574855,0,0
684173,Ryan Glover,24/25,2025,0,0.2757484,0,0
879236,Zé Vítor,24/25,2025,0,0.27572125,0,0
456523,Eder González,24/25,2025,0,0.27560443,0,0
174247,Luke McCullough,24/25,2025,0,0.275502,0,0
1111839,Sainey Sanyang,24/25,2025,0,0.2754128,0,0
320722,Zizo,24/25,2025,1,0.27509767,0,1
336974,Makana Baku,24/25,2025,0,0.27504906,0,0
987355,Lucas Jetten,24/25,2025,0,0.27493104,0,0
387601,Giuseppe Stancampiano,24/25,2025,1,0.27476752,0,1
1055084,Nicolò Tordiglione,24/25,2025,1,0.27472496,0,1
657155,Sidney Lima,24/25,2025,0,0.27466336,0,0
684519,Gerasimos Mitoglou,24/25,2025,0,0.27452806,0,0
314341,Chris Willock,24/25,2025,0,0.27452266,0,0
19483,Tobias Müller,24/25,2025,0,0.27377537,0,0
717241,Aleksandar Buchkov,24/25,2025,0,0.27372962,0,0
214775,Óliver Torres,24/25,2025,0,0.27367952,0,0
238367,Cassiano,24/25,2025,0,0.27360603,0,0
124932,Francesco De Rose,24/25,2025,0,0.2732276,0,0
163656,Connor Goldson,24/25,2025,0,0.2728794,0,0
354133,Kevin Varas,24/25,2025,0,0.27253103,0,0
989508,Victor Gonçalves Andersson,24/25,2025,0,0.27251616,0,0
1200313,Clayton Diandy,24/25,2025,0,0.27238137,0,0
547985,Fabiano Parisi,24/25,2025,0,0.2722976,0,0
140712,Lukas Scepanik,24/25,2025,0,0.2722438,0,0
552655,Troy Parrott,24/25,2025,0,0.27195808,0,0
542796,Mathias Jørgensen,24/25,2025,1,0.27186516,0,1
227089,Matthias Köbbing,24/25,2025,0,0.27186513,0,0
369162,Lamar Yarbrough,24/25,2025,0,0.27163512,0,0
669569,Nicolo Baldani,24/25,2025,0,0.27158841,0,0
986324,Bodin Tomasevic,24/25,2025,0,0.27124885,0,0
337043,Leonard Langhans,24/25,2025,0,0.27112928,0,0
903218,Gabriel Ramaj,24/25,2025,0,0.27108243,0,0
289843,Sean Goss,24/25,2025,0,0.2707766,0,0
487428,Nikola Tavares,24/25,2025,0,0.270709,0,0
615930,Matei Ilie,24/25,2025,0,0.2704858,0,0
530780,Jason Knight,24/25,2025,0,0.27046248,0,0
293614,Nikolay Minkov,24/25,2025,0,0.27043924,0,0
412474,Frankie Musonda,24/25,2025,1,0.27039737,0,1
111873,Emiliano Martínez,24/25,2025,0,0.27037522,0,0
371141,Stanley Nsoki,24/25,2025,1,0.2703448,0,1
694928,Samuel Lino,24/25,2025,1,0.2701356,0,1
440730,Bence Varga,24/25,2025,1,0.2700849,0,1
441170,Valentin Rosier,24/25,2025,1,0.26969907,0,1
671649,Álvaro Djaló,24/25,2025,1,0.26968762,0,1
207061,Francis de Vries,24/25,2025,0,0.2694481,0,0
807688,Yassin Belkhdim,24/25,2025,0,0.26941526,0,0
160929,Marvin Schwäbe,24/25,2025,0,0.2693674,0,0
924030,Lucas Beetz,24/25,2025,0,0.2691445,0,0
163652,Jacopo Furlan,24/25,2025,0,0.26879555,0,0
704338,Paolo Chierichetti,24/25,2025,0,0.26877305,0,0
616142,Jonathan Spedalieri,24/25,2025,0,0.2686753,0,0
392569,Gabriele Zappa,24/25,2025,0,0.26855394,0,0
268957,José Matos,24/25,2025,1,0.26816064,0,1
84840,Bence Somodi,24/25,2025,0,0.2679898,0,0
348431,Cazim Suljic,24/25,2025,0,0.26772806,0,0
267486,Bruno Lulaj,24/25,2025,0,0.26752245,0,0
479999,Eberechi Eze,24/25,2025,1,0.2674274,0,1
199270,Zoltán Medgyes,24/25,2025,0,0.26705828,0,0
423967,Michel Termanini,24/25,2025,1,0.26696616,0,1
1198833,Sergio Aragoneses,24/25,2025,1,0.26670212,0,1
574671,Strahinja Pavlović,24/25,2025,0,0.26652417,0,0
341481,Lorenzo Libutti,24/25,2025,0,0.26636586,0,0
704453,Kevin Bright,24/25,2025,0,0.26627582,0,0
34296,Athanasios Papageorgiou,24/25,2025,0,0.2662289,0,0
924115,Tim Janisch,24/25,2025,0,0.26589587,0,0
324214,Vasile Mogoș,24/25,2025,0,0.26585105,0,0
724104,Fabio Chiarodia,24/25,2025,0,0.26580966,0,0
39161,Robert Garrett,24/25,2025,0,0.2657495,0,0
163203,Francesco Vassallo,24/25,2025,0,0.26573867,0,0
83983,Lucas Mendes,24/25,2025,0,0.2657103,0,0
38998,Marquitos,24/25,2025,0,0.2650206,0,0
297277,Aidan Wilson,24/25,2025,0,0.26501587,0,0
717885,Marwane Kritta,24/25,2025,0,0.26500547,0,0
637273,Mohammed Kamara,24/25,2025,0,0.26483724,0,0
250845,José María Giménez,24/25,2025,0,0.26472747,0,0
1269524,Daniil Kulikov,24/25,2025,0,0.26469907,0,0
225676,Adam Lundkvist,24/25,2025,0,0.26462907,0,0
503991,Yunus Musah,24/25,2025,1,0.26455605,0,1
214538,Matheus Uribe,24/25,2025,0,0.2645204,0,0
195057,Raffaele Celia,24/25,2025,0,0.26429814,0,0
167228,Raúl Lizoain,24/25,2025,0,0.26415682,0,0
895905,Dimitrios Kaloskamis,24/25,2025,1,0.26397094,0,1
696028,Noah Pesch,24/25,2025,1,0.26390898,0,1
214666,Connor Roberts,24/25,2025,0,0.2637009,0,0
494586,Mickaël Nadé,24/25,2025,0,0.26349834,0,0
315138,Mats Knoester,24/25,2025,0,0.26317167,0,0
285771,Roger Martínez,24/25,2025,0,0.2627306,0,0
1088697,Jinairo Johnson,24/25,2025,0,0.26263076,0,0
411662,Lucas Veríssimo,24/25,2025,1,0.26261562,0,1
78047,Brice Maubleu,24/25,2025,0,0.26260766,0,0
690146,Amoro Diedhiou,24/25,2025,0,0.2624825,0,0
1115375,Sergey Kruzhilin,24/25,2025,0,0.26244912,0,0
67886,Paulo Victor,24/25,2025,1,0.2620948,0,1
768621,Oluwasegun Olalere,24/25,2025,0,0.26197323,0,0
79045,Jeroen Zoet,24/25,2025,0,0.2619068,0,0
425808,Sebastian Hausner,24/25,2025,0,0.2618108,0,0
435288,Giannis Kosti,24/25,2025,0,0.26167083,0,0
154396,Danilo Soares,24/25,2025,0,0.26164868,0,0
1130619,Jónatan Gudni Arnarsson,24/25,2025,0,0.26122028,0,0
465082,Georgi Nikolov,24/25,2025,1,0.2611269,0,1
153306,Bartosz Kopacz,24/25,2025,0,0.2607148,0,0
529885,Christian Kouan,24/25,2025,0,0.26058564,0,0
281900,Paolo Bartolomei,24/25,2025,0,0.26023257,0,0
96539,Marc Mateu,24/25,2025,1,0.2599069,0,1
228727,Pedro Miguel,24/25,2025,0,0.2598091,0,0
666167,Nicolas Ortegel,24/25,2025,1,0.25935358,0,1
70019,Seamus Conneely,24/25,2025,0,0.25930497,0,0
425400,Farid El Melali,24/25,2025,1,0.25927794,0,1
1185190,Tino Kusanovic,24/25,2025,1,0.25918192,0,1
191792,Craig Watson,24/25,2025,1,0.2591819,0,1
167685,Alessandro Micai,24/25,2025,1,0.25880894,0,1
606026,Albie Morgan,24/25,2025,0,0.25868845,0,0
281791,Damian Węglarz,24/25,2025,0,0.25854367,0,0
635371,Daniël Deen,24/25,2025,0,0.25853673,0,0
808475,MT,24/25,2025,0,0.25853646,0,0
90035,Kristinn Jónsson,24/25,2025,0,0.25840926,0,0
1036552,Egor Kress,24/25,2025,0,0.25831714,0,0
408247,Daniele Ciappellano,24/25,2025,0,0.25828564,0,0
324861,Julian Justvan,24/25,2025,0,0.2582463,0,0
454121,Galeno,24/25,2025,0,0.25817585,0,0
242469,Mario Gargiulo,24/25,2025,1,0.25787166,0,1
433993,Andy Scott,24/25,2025,0,0.2578169,0,0
563963,Mohammed Salisu,24/25,2025,0,0.25781342,0,0
384664,Maciej Wolski,24/25,2025,0,0.25768954,0,0
281773,José León,24/25,2025,0,0.25747108,0,0
990883,Nick Cherny,24/25,2025,0,0.25714967,0,0
192088,Enis Bytyqi,24/25,2025,0,0.25693855,0,0
225161,Rúben Neves,24/25,2025,0,0.25690523,0,0
197745,Riccardo Fiamozzi,24/25,2025,1,0.25688416,0,1
307664,Marko Raguz,24/25,2025,0,0.2566907,0,0
315511,Arkadiusz Kasperkiewicz,24/25,2025,0,0.25660104,0,0
696822,Emir Kuhinja,24/25,2025,0,0.2564638,0,0
253905,Grego Sierra,24/25,2025,0,0.2563899,0,0
169681,Frederico Venâncio,24/25,2025,0,0.2562524,0,0
1005997,Nicolò Baldo,24/25,2025,0,0.2562263,0,0
801029,Enoch Mastoras,24/25,2025,0,0.25615558,0,0
1083607,Dudu,24/25,2025,0,0.25597283,0,0
157539,Konstantinos Fortounis,24/25,2025,0,0.25581488,0,0
1048080,Federico Simonetto,24/25,2025,0,0.25575972,0,0
696022,Maximilian Neutgens,24/25,2025,0,0.25570226,0,0
915897,Petar Markovic,24/25,2025,0,0.2555673,0,0
223197,Marius Lode,24/25,2025,0,0.255537,0,0
224458,Pyry Soiri,24/25,2025,1,0.25547343,0,1
452447,Maciej Ambrosiewicz,24/25,2025,0,0.25540966,0,0
167480,Nicola Pavan,24/25,2025,0,0.25535122,0,0
228953,Richard Neudecker,24/25,2025,0,0.2553387,0,0
371003,Ante Palaversa,24/25,2025,0,0.25528666,0,0
449860,Filippo Pirola,24/25,2025,0,0.2550101,0,0
511113,Álex Cano,24/25,2025,0,0.25463048,0,0
547006,Keenan Patten,24/25,2025,0,0.25456357,0,0
521928,Luca Sirch,24/25,2025,0,0.25438294,0,0
325994,Rasmus Lauritsen,24/25,2025,0,0.2543481,0,0
798050,Gavin Beavers,24/25,2025,0,0.2542662,0,0
408311,Andrea Delcarro,24/25,2025,0,0.25403595,0,0
520815,Ousseynou Ba,24/25,2025,0,0.25398064,0,0
929966,Nico Vidic,24/25,2025,0,0.2539688,0,0
81800,Jan Kovarik,24/25,2025,0,0.25389263,0,0
614498,Fabio Cortinovis,24/25,2025,1,0.25383887,0,1
742201,Giuliano Simeone,24/25,2025,0,0.25382006,0,0
1250836,Riccardo Ori,24/25,2025,1,0.25378105,0,1
974564,Winners Osawe,24/25,2025,0,0.2537319,0,0
1066953,Mateo Chávez,24/25,2025,1,0.2535662,0,1
334207,Maxim Leitsch,24/25,2025,0,0.25352234,0,0
307183,Sirlord Conteh,24/25,2025,0,0.25338504,0,0
936536,João Costa,24/25,2025,0,0.25293434,0,0
936750,Pietro Tornaghi,24/25,2025,0,0.25272265,0,0
221611,Paulo Otávio,24/25,2025,0,0.252453,0,0
160525,Antoni Sarcevic,24/25,2025,0,0.25214648,0,0
295764,Aschraf El Mahdioui,24/25,2025,0,0.2521113,0,0
576024,Julián Alvarez,24/25,2025,0,0.2520024,0,0
347594,Florian Miguel,24/25,2025,0,0.25197095,0,0
855256,Alex Scott,24/25,2025,0,0.25189832,0,0
420811,George Tanner,24/25,2025,0,0.25168374,0,0
817999,Dawyn-Paul Donner,24/25,2025,0,0.25160897,0,0
339808,Theo Hernández,24/25,2025,1,0.25140277,0,1
718303,Ernest Poku,24/25,2025,1,0.25138506,0,1
1015875,Tómas Johannessen,24/25,2025,1,0.2513346,0,1
165513,Berat Djimsiti,24/25,2025,0,0.2513241,0,0
1013793,Lukas Moudry,24/25,2025,0,0.25127208,0,0
62351,Abdoulaye Bamba,24/25,2025,0,0.25104076,0,0
309398,David Grözinger,24/25,2025,1,0.25080702,0,1
717411,Yegor Yarmolyuk,24/25,2025,0,0.25068384,0,0
385185,Rico Wehrle,24/25,2025,0,0.25060675,0,0
94964,Bentley Baxter Bahn,24/25,2025,0,0.25053746,0,0
458165,Giacomo Benedetti,24/25,2025,1,0.25025332,0,1
336663,Jassem Mohammed,24/25,2025,0,0.24984983,0,0
607854,Éderson,24/25,2025,0,0.2495931,0,0
816590,Uche Obiogumu,24/25,2025,1,0.2495285,0,1
704147,Dean McMaster,24/25,2025,0,0.2494777,0,0
937952,Javier Fernández,24/25,2025,0,0.24943794,0,0
124415,Hasan Pepic,24/25,2025,0,0.24936083,0,0
877131,Rosen Marinov,24/25,2025,1,0.24933195,0,1
413403,Ezri Konsa,24/25,2025,0,0.24925087,0,0
929130,Mathijs Menu,24/25,2025,0,0.24900714,0,0
866609,Luke Gauer,24/25,2025,0,0.2489919,0,0
199257,László Pekár,24/25,2025,0,0.24898188,0,0
417238,Andrey Yordanov,24/25,2025,0,0.24872462,0,0
158946,Erdoğan Yeşilyurt,24/25,2025,0,0.24859987,0,0
1100501,Bozhidar Petrov,24/25,2025,0,0.24808754,0,0
406935,Terence Vancooten,24/25,2025,0,0.24808279,0,0
906570,Dennis Azakir,24/25,2025,0,0.24807894,0,0
401913,Ramiro Macagno,24/25,2025,0,0.24788257,0,0
1082485,Dylan Watret,24/25,2025,0,0.24709313,0,0
328985,Matteo Marotta,24/25,2025,0,0.24706276,0,0
82350,Stefan Bell,24/25,2025,0,0.2470345,0,0
392773,Alex Cochrane,24/25,2025,0,0.24692456,0,0
234888,Georgios Athanasiadis,24/25,2025,1,0.24685207,0,1
290533,Yann Bodiger,24/25,2025,1,0.24684675,0,1
153084,Leon Goretzka,24/25,2025,0,0.24647358,0,0
65072,Juan Manuel Insaurralde,24/25,2025,0,0.24628925,0,0
7161,Jonas Hofmann,24/25,2025,0,0.24575572,0,0
323754,Wilhelm Nilsson,24/25,2025,0,0.24572496,0,0
286297,Lorenzo Pellegrini,24/25,2025,0,0.24566898,0,0
1108145,Cheick Oumar Konaté,24/25,2025,0,0.24557649,0,0
726114,Mario Mitaj,24/25,2025,0,0.24550289,0,0
482792,Simone Rabbi,24/25,2025,0,0.24539626,0,0
147131,Javier Cabrera,24/25,2025,0,0.24512011,0,0
323611,Sigitas Olberkis,24/25,2025,0,0.24482916,0,0
308989,Sergio González,24/25,2025,1,0.24471308,0,1
567931,Jan-Luca Warm,24/25,2025,0,0.24468921,0,0
490760,Tchamba,24/25,2025,0,0.2445878,0,0
585700,Juan Cruz,24/25,2025,0,0.24425654,0,0
836066,Bledar Lila,24/25,2025,0,0.24417788,0,0
404688,Waldo Rubio,24/25,2025,1,0.24389958,0,1
395516,Moussa Diaby,24/25,2025,0,0.24377435,0,0
146752,Gianluca Caprari,24/25,2025,0,0.24341889,0,0
169497,Juan Cruz,24/25,2025,0,0.24330293,0,0
716104,Lassana Mendes,24/25,2025,0,0.24293633,0,0
812783,Karlo Lusavec,24/25,2025,0,0.24245429,0,0
284165,Steven Bergwijn,24/25,2025,0,0.2424064,0,0
996897,Diego Gómez,24/25,2025,0,0.24233101,0,0
392966,Nadir Zortea,24/25,2025,1,0.24228913,0,1
215864,Mijat Gacinovic,24/25,2025,0,0.24207708,0,0
903414,Carlo Faedo,24/25,2025,0,0.24206272,0,0
726697,Cristian Devenish,24/25,2025,0,0.24202634,0,0
341126,Umberto De Lucia,24/25,2025,0,0.24202417,0,0
171424,Riyad Mahrez,24/25,2025,0,0.24198206,0,0
951643,Zakhar Gitselev,24/25,2025,0,0.24190496,0,0
195911,João Oliveira,24/25,2025,0,0.24185726,0,0
99343,Ander Herrera,24/25,2025,0,0.24154413,0,0
1102496,Aleksandr Shvedchikov,24/25,2025,1,0.24154148,0,1
671057,Rio Dyer,24/25,2025,0,0.24130294,0,0
201731,Lukas Wedl,24/25,2025,0,0.24086997,0,0
579288,Robin Tihi,24/25,2025,0,0.24051519,0,0
251322,Philipp Köhn,24/25,2025,0,0.24041373,0,0
384264,Aden Baldwin,24/25,2025,0,0.24028079,0,0
786795,Mesut Yusuf,24/25,2025,0,0.2401617,0,0
602854,Dmitriy Krivosheev,24/25,2025,0,0.24008444,0,0
108468,Benjamin Tiedemann,24/25,2025,1,0.23997264,0,1
133179,Marten de Roon,24/25,2025,0,0.23965107,0,0
111073,Ryan Allsop,24/25,2025,0,0.23961353,0,0
395230,Hakim Guenouche,24/25,2025,0,0.2395986,0,0
337082,Julian Krahl,24/25,2025,0,0.23910052,0,0
554903,Mateo Retegui,24/25,2025,1,0.23894294,0,1
347253,Dany Mota,24/25,2025,0,0.23892277,0,0
962149,Ousmane Diallo,24/25,2025,0,0.2388977,0,0
927768,Lucas Pires,24/25,2025,0,0.23880424,0,0
148817,Szilveszter Hangya,24/25,2025,0,0.23866014,0,0
336928,Alessio Milillo,24/25,2025,0,0.23826729,0,0
448628,Javi Galán,24/25,2025,0,0.23755799,0,0
640245,Will Fish,24/25,2025,0,0.23751129,0,0
173859,Davide Zappacosta,24/25,2025,0,0.23730268,0,0
319723,Tornike Gaprindashvili,24/25,2025,0,0.23724824,0,0
1003307,Egor Bozhko,24/25,2025,0,0.2371768,0,0
572879,Stavros Pilios,24/25,2025,0,0.23654826,0,0
159142,Aderllan Santos,24/25,2025,0,0.2362756,0,0
955427,Henry Camara,24/25,2025,0,0.236231,0,0
237141,Benedikt Kirsch,24/25,2025,0,0.23609547,0,0
459231,Francesco Cerretelli,24/25,2025,0,0.2360897,0,0
331560,Takehiro Tomiyasu,24/25,2025,1,0.23607258,0,1
233656,Marek Havlík,24/25,2025,0,0.23600774,0,0
454863,András Schäfer,24/25,2025,0,0.23574376,0,0
626474,Rubin Colwill,24/25,2025,0,0.23574148,0,0
170911,Donovan Léon,24/25,2025,0,0.2356965,0,0
689505,Johnny Cardoso,24/25,2025,1,0.23564348,0,1
1081951,Ilian Antonov,24/25,2025,0,0.23561263,0,0
152093,Anderson Correia,24/25,2025,0,0.23529908,0,0
1023784,Robert Kampa,24/25,2025,0,0.235213,0,0
8198,Cristiano Ronaldo,24/25,2025,0,0.23520735,0,0
425239,Alessandro Capelli,24/25,2025,0,0.2350918,0,0
1100514,Yulian Gilov,24/25,2025,0,0.23503874,0,0
605454,Valdemar Sadrifar,24/25,2025,1,0.2349836,0,1
989112,Veljko Milosavljevic,24/25,2025,1,0.23485276,0,1
123550,Jamie Grimes,24/25,2025,0,0.23475717,0,0
696011,Pierre Nadjombe,24/25,2025,1,0.23470877,0,1
51569,Sasa Strujic,24/25,2025,0,0.23448451,0,0
120300,Ivan Knezevic,24/25,2025,0,0.23445237,0,0
702441,Sinaly Diomandé,24/25,2025,0,0.2343495,0,0
435500,Sergio González,24/25,2025,1,0.23417407,0,1
924114,Dustin Forkel,24/25,2025,1,0.2341389,0,1
121267,Connor Roberts,24/25,2025,1,0.233935,0,1
185181,Michel Lieder,24/25,2025,0,0.23340787,0,0
255838,Patrick Ciurria,24/25,2025,0,0.23334567,0,0
724532,Sinclair Armstrong,24/25,2025,0,0.23327443,0,0
296897,Patrick Sontheimer,24/25,2025,0,0.23324987,0,0
87650,Julian Derstroff,24/25,2025,0,0.2325145,0,0
495666,William Saliba,24/25,2025,0,0.23249723,0,0
528618,Leon Gino Schmidt,24/25,2025,0,0.2324359,0,0
509423,Jack Armer,24/25,2025,0,0.23203856,0,0
1069757,Jasper Payne,24/25,2025,1,0.23192729,0,1
980134,Maksim Samotoy,24/25,2025,0,0.23181362,0,0
231289,Otávio,24/25,2025,1,0.23172234,0,1
381133,Pasqual Verkamp,24/25,2025,0,0.23162119,0,0
613192,Jens Castrop,24/25,2025,1,0.23161213,0,1
334999,Finn Becker,24/25,2025,1,0.23143117,0,1
550468,Radoslav Zhivkov,24/25,2025,0,0.2313674,0,0
515613,Marko Divković,24/25,2025,0,0.23129776,0,0
61297,Milan Mijatovic,24/25,2025,0,0.23117886,0,0
82112,Julian Riedel,24/25,2025,0,0.23097897,0,0
548937,Evan Rottier,24/25,2025,0,0.23086202,0,0
335245,Marc Navarro,24/25,2025,0,0.23075297,0,0
918867,Zack Clarke,24/25,2025,1,0.2305832,0,1
285944,Tarek Chahed,24/25,2025,0,0.23007642,0,0
77563,Samuel Sahin-Radlinger,24/25,2025,0,0.22995968,0,0
256448,Gianluca Mancini,24/25,2025,0,0.2294366,0,0
1011936,Kaye Furo,24/25,2025,1,0.22925156,0,1
315777,Matthew Olosunde,24/25,2025,1,0.22917533,0,1
559319,Kilian Nikièma,24/25,2025,0,0.22916,0,0
85543,Niklas Lomb,24/25,2025,0,0.2289528,0,0
298589,David García,24/25,2025,0,0.22879788,0,0
467537,Callum Roberts,24/25,2025,1,0.22861409,0,1
576033,Doğan Alemdar,24/25,2025,1,0.22837242,0,1
166237,Leandro Paredes,24/25,2025,1,0.22824125,0,1
945753,Julio Díaz,24/25,2025,0,0.22810398,0,0
1084760,Marto Boychev,24/25,2025,0,0.22798775,0,0
60220,Matej Delac,24/25,2025,0,0.22789007,0,0
192731,Jakub Holubek,24/25,2025,0,0.22780742,0,0
60517,Yacine Brahimi,24/25,2025,0,0.22777231,0,0
110036,Dominique Heintz,24/25,2025,0,0.22776963,0,0
78956,Driss Fettouhi,24/25,2025,0,0.22776808,0,0
395118,Pietro Fusi,24/25,2025,0,0.22751853,0,0
1069538,Jake Morris,24/25,2025,0,0.22728214,0,0
410696,Anthony Landázuri,24/25,2025,0,0.22721966,0,0
258032,Yuri Ribeiro,24/25,2025,0,0.22704753,0,0
528451,Tobias Bech,24/25,2025,0,0.2270159,0,0
128220,Luis Alberto,24/25,2025,0,0.22697173,0,0
962154,Albert Navarro,24/25,2025,0,0.22673994,0,0
632495,Josep Gayá,24/25,2025,1,0.22653458,0,1
504153,Joe Scally,24/25,2025,0,0.22618476,0,0
667515,Ruben Davies,24/25,2025,0,0.22591376,0,0
442248,Ethan Pinnock,24/25,2025,0,0.2255701,0,0
177821,Daryl van Mieghem,24/25,2025,0,0.22543198,0,0
119296,Emre Can,24/25,2025,0,0.22531444,0,0
324358,Ollie Watkins,24/25,2025,0,0.2252828,0,0
659813,Piero Hincapié,24/25,2025,1,0.2252207,0,1
1071956,Emmanuel Biumla,24/25,2025,0,0.22498104,0,0
849520,Santiago Castro,24/25,2025,0,0.22456482,0,0
682719,Simão Rocha,24/25,2025,0,0.224186,0,0
810895,Eliesse Ben Seghir,24/25,2025,1,0.22411816,0,1
940740,Ivan Grudko,24/25,2025,0,0.22411792,0,0
236981,Timo Hübers,24/25,2025,0,0.22386347,0,0
567217,Ebrima Colley,24/25,2025,0,0.2238367,0,0
468272,Gustavo Cascardo,24/25,2025,0,0.22372545,0,0
250490,Christian Fassnacht,24/25,2025,0,0.2237209,0,0
1050212,Nayrobi Vargas,24/25,2025,0,0.22364399,0,0
61841,Adam Smith,24/25,2025,0,0.22363754,0,0
731174,Aleksandr Kuchinskiy,24/25,2025,0,0.22362575,0,0
656159,Julius Madsen,24/25,2025,0,0.22338174,0,0
124507,Fabian Menig,24/25,2025,0,0.22326963,0,0
1058353,Andrea Natali,24/25,2025,1,0.22325265,0,1
689892,Ben Jackson,24/25,2025,0,0.22312729,0,0
414799,Lewis Strapp,24/25,2025,0,0.22289479,0,0
293084,Johannes Handl,24/25,2025,0,0.22276554,0,0
763953,Egor Osipov,24/25,2025,0,0.2226797,0,0
484389,Kell Watts,24/25,2025,0,0.22259907,0,0
464530,Theocharis Tsingaras,24/25,2025,0,0.22246927,0,0
205809,Marcus Rohdén,24/25,2025,0,0.22229101,0,0
595936,Misha Engel,24/25,2025,1,0.22215721,0,1
925986,Vladislav Ignatjev,24/25,2025,0,0.2218875,0,0
693412,Chinonso Offor,24/25,2025,1,0.22184873,0,1
396488,Giuseppe Coccia,24/25,2025,1,0.2216275,0,1
731130,Nikita Patsenko,24/25,2025,0,0.22155881,0,0
929133,Rio Robbemond,24/25,2025,0,0.22140428,0,0
200512,Sadio Mané,24/25,2025,0,0.22136137,0,0
1008564,Billy van Duijl,24/25,2025,0,0.2213532,0,0
738514,Tristan Kuijsten,24/25,2025,1,0.22123702,0,1
427868,Dan Jefferies,24/25,2025,1,0.22111416,0,1
100980,Mads Fenger,24/25,2025,0,0.22091839,0,0
335721,Ben White,24/25,2025,0,0.22064315,0,0
293771,Evgeniy Yablonskiy,24/25,2025,0,0.22048464,0,0
1075147,Lennart Karl,24/25,2025,1,0.22028834,0,1
912438,Tim Müller,24/25,2025,0,0.22015451,0,0
929132,Jeremiah Esajas,24/25,2025,0,0.21989092,0,0
456844,Adam Roscrow,24/25,2025,0,0.21984297,0,0
418651,Yahia Fofana,24/25,2025,1,0.21977298,0,1
1190206,Hari Thomas,24/25,2025,0,0.21970515,0,0
701055,Anton Gaaei,24/25,2025,0,0.219264,0,0
1034079,Gabriel Zlatanov,24/25,2025,0,0.2190519,0,0
488626,Jesús Areso,24/25,2025,1,0.21904644,0,1
192169,Jonas Föhrenbach,24/25,2025,0,0.21893372,0,0
655488,Gabriel Martinelli,24/25,2025,0,0.21845321,0,0
419723,Elias Cobbaut,24/25,2025,0,0.2182267,0,0
289432,Dylan Batubinsika,24/25,2025,0,0.21808432,0,0
950091,Stefanos Tzimas,24/25,2025,0,0.21807459,0,0
1105532,Jorthy Mokio,24/25,2025,0,0.21803272,0,0
746712,Pietro Comuzzo,24/25,2025,0,0.21794298,0,0
191903,Ferjani Sassi,24/25,2025,0,0.21782888,0,0
331963,Filip Panák,24/25,2025,0,0.21763058,0,0
126664,Lucas Digne,24/25,2025,0,0.21747786,0,0
543501,Ibrahim Sadiq,24/25,2025,0,0.2172842,0,0
392710,Lennard Maloney,24/25,2025,0,0.21697496,0,0
815237,Tony Reitz,24/25,2025,0,0.21678981,0,0
270055,Kiki,24/25,2025,0,0.21665312,0,0
568503,Manuel Holzmann,24/25,2025,0,0.21651843,0,0
1106982,Seydou Sano,24/25,2025,0,0.21631734,0,0
931828,Tom Walters,24/25,2025,0,0.21630323,0,0
776890,Nicolas Jackson,24/25,2025,1,0.21592289,0,1
503865,Alexander Jensen,24/25,2025,0,0.21585596,0,0
739443,Igor Thiago,24/25,2025,0,0.21583214,0,0
346849,Christoph Klarer,24/25,2025,0,0.21558338,0,0
214131,Artem Soroko,24/25,2025,0,0.21554235,0,0
519561,Ole Martin Kolskogen,24/25,2025,0,0.21538109,0,0
990637,Zachary Athekame,24/25,2025,1,0.21535917,0,1
1268640,Petko Panayotov,24/25,2025,0,0.21523857,0,0
1118395,Pavel Kotlyarov,24/25,2025,0,0.21517539,0,0
548935,Steven van der Sloot,24/25,2025,0,0.2150495,0,0
810833,Arda Süne,24/25,2025,0,0.21492869,0,0
731138,Aleksey Abramov,24/25,2025,0,0.21478401,0,0
978808,Georgi Chorbadzhiyski,24/25,2025,0,0.2147665,0,0
210631,Davide Zagnoni,24/25,2025,0,0.21455002,0,0
395695,Elisha Owusu,24/25,2025,0,0.21454662,0,0
931376,Ondrej Lilling,24/25,2025,0,0.21451274,0,0
159088,Robert Andrich,24/25,2025,0,0.21448772,0,0
1005240,Christian Mawissa,24/25,2025,0,0.21440648,0,0
61887,Federico Macheda,24/25,2025,0,0.21438809,0,0
212430,Diamantis Chouchoumis,24/25,2025,1,0.21415253,0,1
453678,James Gibbons,24/25,2025,0,0.2140304,0,0
617141,Pavel Seleznev,24/25,2025,0,0.2135811,0,0
517402,Bjarne Pudel,24/25,2025,0,0.2135604,0,0
342223,Kévin Appin,24/25,2025,0,0.21352635,0,0
1124448,Ivan Oreshkevich,24/25,2025,0,0.21326448,0,0
311730,Tarek Salman,24/25,2025,0,0.21306081,0,0
652054,Martin Vitík,24/25,2025,1,0.212917,0,1
243714,Kingsley Coman,24/25,2025,1,0.21262887,0,1
370683,Andreas Hanche-Olsen,24/25,2025,0,0.21247663,0,0
692608,Ben Engdahl,24/25,2025,0,0.21241242,0,0
253210,Nicolai Poulsen,24/25,2025,0,0.21235761,0,0
1013797,Ondrej Penxa,24/25,2025,0,0.21195501,0,0
766538,Ermek Kenzhebaev,24/25,2025,1,0.21180189,0,1
293134,Mikkel Kallesøe,24/25,2025,1,0.211746,0,1
199325,Ander Cantero,24/25,2025,0,0.21150889,0,0
165793,Takumi Minamino,24/25,2025,0,0.2112251,0,0
592387,Sebastian Sebulonsen,24/25,2025,1,0.21116354,0,1
514285,Quilindschy Hartman,24/25,2025,1,0.21079981,0,1
322677,Perry Ng,24/25,2025,0,0.21052644,0,0
1100752,Vasil Kaymakanov,24/25,2025,0,0.21052395,0,0
776880,Lev Lenssen,24/25,2025,1,0.21036603,0,1
214532,Pierrick Capelle,24/25,2025,0,0.21001215,0,0
314241,Josh Laurent,24/25,2025,0,0.20957562,0,0
552425,Jon Moncayola,24/25,2025,0,0.20951359,0,0
633655,Chris Mochrie,24/25,2025,0,0.20936058,0,0
255163,Dominic Smith,24/25,2025,1,0.20929305,0,1
577394,Denso Kasius,24/25,2025,0,0.20923686,0,0
1043566,Josiah Uwakhonye,24/25,2025,0,0.20907263,0,0
63463,Daniel Wass,24/25,2025,0,0.20887433,0,0
597000,Eric Martel,24/25,2025,0,0.20860247,0,0
111811,Florent Hanin,24/25,2025,0,0.20847641,0,0
726668,Tadeas Hajovsky,24/25,2025,0,0.20835173,0,0
341466,Tobias Mölgaard,24/25,2025,0,0.20822336,0,0
829249,Justus Götze,24/25,2025,0,0.20788456,0,0
189640,Michal Travnik,24/25,2025,0,0.20785245,0,0
140461,Artem Rakhmanov,24/25,2025,1,0.20768319,0,1
469781,Marcos Senesi,24/25,2025,0,0.20753147,0,0
1111063,Sean Steur,24/25,2025,0,0.20735635,0,0
442816,Fran Gámez,24/25,2025,1,0.20713995,0,1
171696,Marco Perrotta,24/25,2025,0,0.20706199,0,0
361074,Peer Koopmeiners,24/25,2025,0,0.20701133,0,0
213260,Rubén García,24/25,2025,0,0.20689301,0,0
584490,Giannis Tsivelekidis,24/25,2025,1,0.20675448,0,1
833372,Amine Naïfi,24/25,2025,0,0.20658742,0,0
164729,Panagiotis Tsintotas,24/25,2025,0,0.20632523,0,0
45228,Ryan Flynn,24/25,2025,0,0.20582533,0,0
125781,Antoine Griezmann,24/25,2025,0,0.2055896,0,0
537477,João Goulart,24/25,2025,0,0.2054639,0,0
357992,Raoul Bellanova,24/25,2025,0,0.2053526,0,0
207302,Sergio Rico,24/25,2025,0,0.20503017,0,0
337383,Andrea Boffelli,24/25,2025,0,0.2050013,0,0
467434,Rocco Reitz,24/25,2025,0,0.20494772,0,0
313719,George Oakley,24/25,2025,0,0.20487122,0,0
742274,Christian Intsoen,24/25,2025,0,0.20485294,0,0
1108253,Dimitar Papazov,24/25,2025,0,0.20476769,0,0
587333,Sekou Sylla,24/25,2025,0,0.20474061,0,0
1058533,Adam Herdonsson,24/25,2025,0,0.20473234,0,0
818906,Yoan Bornosuzov,24/25,2025,0,0.20459381,0,0
435208,Béni Nkololo,24/25,2025,1,0.20452577,0,1
119472,Milan Heca,24/25,2025,0,0.20435381,0,0
148367,Christian Nørgaard,24/25,2025,1,0.20419201,0,1
124410,Rani Khedira,24/25,2025,0,0.2041657,0,0
613085,Tobías Reinhart,24/25,2025,0,0.204147,0,0
704682,Marco Forapani,24/25,2025,0,0.20369953,0,0
393904,Filippo Delli Carri,24/25,2025,1,0.20369309,0,1
408563,Jerome Opoku,24/25,2025,0,0.20355825,0,0
946385,Arseniy Skopets,24/25,2025,0,0.20327744,0,0
634131,Aimar Oroz,24/25,2025,0,0.20316838,0,0
657575,Abubakr Barry,24/25,2025,0,0.20309672,0,0
507479,Darian Males,24/25,2025,0,0.20307228,0,0
161072,Baris Atik,24/25,2025,0,0.20274949,0,0
555500,Jorge Herrando,24/25,2025,0,0.20262209,0,0
315867,Gianluca Scamacca,24/25,2025,0,0.2025528,0,0
929128,Koen Schilder,24/25,2025,0,0.20243315,0,0
323403,Dimitar Velkovski,24/25,2025,0,0.20213723,0,0
156617,Marcelo Brozović,24/25,2025,0,0.20195371,0,0
728478,Gavin Molloy,24/25,2025,0,0.20177537,0,0
875631,Sanders Ngabo,24/25,2025,1,0.20176606,0,1
260416,Lorenzo Paolucci,24/25,2025,0,0.20175943,0,0
346073,Justin Bretgeld,24/25,2025,0,0.20168309,0,0
455600,Corey Whitely,24/25,2025,0,0.2016459,0,0
406634,Matt O'Riley,24/25,2025,1,0.20125666,0,1
978438,Patrik Kristal,24/25,2025,0,0.201212,0,0
346561,Luca Ranieri,24/25,2025,0,0.20086108,0,0
525113,Jérémy Mellot,24/25,2025,1,0.20085923,0,1
312678,Léo Duarte,24/25,2025,0,0.20067123,0,0
1155804,Emre Ünüvar,24/25,2025,0,0.20060681,0,0
51227,Dame Traoré,24/25,2025,0,0.20050983,0,0
272845,Laurin von Piechowski,24/25,2025,0,0.20044325,0,0
846848,Dixon Kabongo,24/25,2025,0,0.20025025,0,0
77809,Julian Korb,24/25,2025,0,0.20014048,0,0
486464,Max Bird,24/25,2025,0,0.20006932,0,0
314362,Hayden Coulson,24/25,2025,0,0.19999816,0,0
357047,Gautier Larsonneur,24/25,2025,0,0.19987153,0,0
547382,Cameron Pring,24/25,2025,0,0.1997578,0,0
392761,Zech Medley,24/25,2025,0,0.19960985,0,0
254683,Giorgio Conrotto,24/25,2025,1,0.19942118,0,1
289446,Yerry Mina,24/25,2025,0,0.19935216,0,0
1118293,Fynn Schenten,24/25,2025,0,0.19930783,0,0
468249,Vitinho,24/25,2025,0,0.1992166,0,0
335587,Philipp Hanke,24/25,2025,0,0.19906726,0,0
607224,Hannibal,24/25,2025,0,0.19887747,0,0
741871,Justin Gröger,24/25,2025,0,0.19886304,0,0
719382,Matteo Waem,24/25,2025,0,0.19879296,0,0
314398,Jae-sung Lee,24/25,2025,0,0.19875723,0,0
72776,Hugo Marques,24/25,2025,0,0.1984069,0,0
163606,Alessio Vita,24/25,2025,0,0.19837677,0,0
1270796,Christ Tapé,24/25,2025,0,0.19835915,0,0
463792,Luca Gemello,24/25,2025,0,0.19834061,0,0
131745,Nikolai Alho,24/25,2025,0,0.19815049,0,0
413859,Mael Corboz,24/25,2025,0,0.19786341,0,0
250768,Ross White,24/25,2025,0,0.19783524,0,0
1067439,Fritz Fleck,24/25,2025,0,0.19770421,0,0
1141179,Mussa Kaba,24/25,2025,0,0.19760776,0,0
568242,Lachezar Kotev,24/25,2025,0,0.19758606,0,0
461477,Tyler Walton,24/25,2025,0,0.19756398,0,0
412629,Filip Vasko,24/25,2025,0,0.19753775,0,0
1281876,Yulian Iliev,24/25,2025,0,0.19748117,0,0
185467,Jake Reeves,24/25,2025,0,0.19745703,0,0
404604,Patrik Blahut,24/25,2025,0,0.19677646,0,0
804936,Eskil Edh,24/25,2025,0,0.19669624,0,0
129554,Steven Berghuis,24/25,2025,0,0.19649138,0,0
547044,Ryan Bevan,24/25,2025,0,0.1962556,0,0
964204,Gavin Gallagher,24/25,2025,0,0.19598177,0,0
1070979,Wael Mohya,24/25,2025,1,0.19554946,0,1
341227,Juan Miranda,24/25,2025,0,0.19553304,0,0
94201,Robin Knoche,24/25,2025,0,0.19551851,0,0
627208,Andres Jasson,24/25,2025,0,0.19548567,0,0
891379,Nordine Kandil,24/25,2025,0,0.19542098,0,0
112302,Roberto Pereyra,24/25,2025,0,0.19538233,0,0
238722,Dominik Reimann,24/25,2025,0,0.19532953,0,0
175722,Eric Dier,24/25,2025,1,0.19532366,0,1
248393,Peter Olayinka,24/25,2025,0,0.19510671,0,0
40617,Sam Hutchinson,24/25,2025,0,0.19506803,0,0
198709,Cédric Hountondji,24/25,2025,1,0.19504926,0,1
73269,Javier Matilla,24/25,2025,0,0.19500323,0,0
559327,Youri Baas,24/25,2025,0,0.19496083,0,0
807418,Jude Arthurs,24/25,2025,0,0.1949533,0,0
182682,Lefteris Choutesiotis,24/25,2025,0,0.19489032,0,0
359693,James Tilley,24/25,2025,1,0.19474497,0,1
483916,Lazaros Rota,24/25,2025,0,0.19472092,0,0
59434,Artem Putivtsev,24/25,2025,0,0.19444756,0,0
908128,Mark Krasnov,24/25,2025,1,0.19440462,0,1
289846,Ashley Fletcher,24/25,2025,0,0.19429891,0,0
118244,Sean McGinty,24/25,2025,1,0.1938278,0,1
723614,Francesco D'Alessio,24/25,2025,0,0.19373061,0,0
43300,Ciprian Deac,24/25,2025,0,0.19360505,0,0
284346,Phillip Menzel,24/25,2025,0,0.19357647,0,0
487847,Omar Bugiel,24/25,2025,0,0.1932875,0,0
625047,Beñat Prados,24/25,2025,0,0.19310454,0,0
988406,Kasper Boogaard,24/25,2025,0,0.1929461,0,0
470267,Pavel Gorbach,24/25,2025,0,0.19290933,0,0
308279,Rolando Mandragora,24/25,2025,0,0.19288547,0,0
333516,Sebastian Vasiliadis,24/25,2025,0,0.19278283,0,0
453870,Benedict Hollerbach,24/25,2025,1,0.19278051,0,1
1183953,Luca Gobbo,24/25,2025,0,0.19265668,0,0
646707,Wouter Goes,24/25,2025,0,0.1925081,0,0
255508,Iñaki Williams,24/25,2025,0,0.19247216,0,0
636888,Udoka Godwin-Malife,24/25,2025,0,0.19236438,0,0
483742,Antonio Perera,24/25,2025,1,0.19229062,0,1
339151,Sven Sonnenberg,24/25,2025,0,0.19224462,0,0
740558,Roman Horak,24/25,2025,0,0.19211696,0,0
223035,Gigli Ndefe,24/25,2025,0,0.19184545,0,0
1186932,Edoardo Zanchi,24/25,2025,0,0.19146569,0,0
445616,Gift Links,24/25,2025,0,0.19144656,0,0
148153,Lewis Dunk,24/25,2025,0,0.19142625,0,0
282689,Seung-ho Paik,24/25,2025,0,0.19138484,0,0
344001,Kelland Absalom,24/25,2025,0,0.19137865,0,0
159471,Serge Gnabry,24/25,2025,0,0.19099946,0,0
80435,Korey Smith,24/25,2025,0,0.19086945,0,0
1123649,Pavel Dubovskiy,24/25,2025,0,0.19067806,0,0
668951,Matías Soulé,24/25,2025,0,0.19043416,0,0
410787,Joël Monteiro,24/25,2025,0,0.190358,0,0
48015,Lukas Hradecky,24/25,2025,1,0.19033974,0,1
609887,Alex Robertson,24/25,2025,0,0.19031703,0,0
181373,Antoine Conte,24/25,2025,0,0.1903026,0,0
196763,Korbinian Burger,24/25,2025,0,0.19022642,0,0
343332,Stefano Russo,24/25,2025,0,0.18987094,0,0
212847,Adam Webster,24/25,2025,0,0.18979314,0,0
290552,Qazim Laci,24/25,2025,1,0.18962063,0,1
339023,Matty Stevens,24/25,2025,0,0.18943895,0,0
387626,Leon Bailey,24/25,2025,1,0.18938029,0,1
196357,Jonathan Tah,24/25,2025,1,0.18935654,0,1
708635,Lorenzo Bernasconi,24/25,2025,0,0.18935299,0,0
743598,Ângelo,24/25,2025,0,0.18924072,0,0
51510,Ángel Rodríguez,24/25,2025,1,0.18917255,0,1
80894,Lukasz Skorupski,24/25,2025,0,0.18883343,0,0
581106,Kristian Arnstad,24/25,2025,0,0.18879744,0,0
312819,Silvere Ganvoula,24/25,2025,1,0.18867089,0,1
796213,Nelson Weiper,24/25,2025,0,0.188623,0,0
964471,Andrea Torriani,24/25,2025,0,0.18845971,0,0
169687,Nikolaos Papadopoulos,24/25,2025,0,0.1884521,0,0
384553,Luca Kilian,24/25,2025,0,0.18794389,0,0
270541,Serhou Guirassy,24/25,2025,0,0.18788847,0,0
809498,Luca Kerber,24/25,2025,0,0.18786506,0,0
834752,Unai Gómez,24/25,2025,0,0.18774426,0,0
450945,Ivan Zhestkin,24/25,2025,0,0.1877051,0,0
536342,Francesco Amatucci,24/25,2025,0,0.18753752,0,0
425795,Callum Maycock,24/25,2025,0,0.18735605,0,0
842341,Maxime Estève,24/25,2025,0,0.18710802,0,0
84751,Luca Martinelli,24/25,2025,0,0.18708572,0,0
334042,Orbelín Pineda,24/25,2025,0,0.18707293,0,0
134192,Will Richards,24/25,2025,0,0.18706791,0,0
29559,Guillermo Ochoa,24/25,2025,1,0.18690544,0,1
493038,Maximilian Schütt,24/25,2025,0,0.18684536,0,0
628712,Simeon Chatov,24/25,2025,0,0.18680254,0,0
73700,Nikolaos Kaltsas,24/25,2025,0,0.18666843,0,0
354456,Aynsley Pears,24/25,2025,0,0.18623295,0,0
364135,Moise Kean,24/25,2025,0,0.18608585,0,0
477556,Emanuele Zuelli,24/25,2025,0,0.18596041,0,0
197299,Francesco Belli,24/25,2025,0,0.18587238,0,0
293367,Nicolás Schiavi,24/25,2025,0,0.18559395,0,0
503987,Noni Madueke,24/25,2025,1,0.18548812,0,1
481091,Silas Gnaka,24/25,2025,0,0.18524553,0,0
1121944,Lachezar Ivanov,24/25,2025,0,0.18522455,0,0
255755,Alex Telles,24/25,2025,0,0.18510547,0,0
1143676,Luca Messori,24/25,2025,0,0.18498404,0,0
745601,Rafael Lubach,24/25,2025,0,0.18481195,0,0
190263,Predrag Rajković,24/25,2025,0,0.18475124,0,0
193116,John McGinn,24/25,2025,0,0.18407218,0,0
63821,Aron Gunnarsson,24/25,2025,0,0.18402246,0,0
787152,Veit Stange,24/25,2025,0,0.18401884,0,0
136514,Charalampos Lykogiannis,24/25,2025,0,0.1839874,0,0
111038,Dennis Appiah,24/25,2025,0,0.18375579,0,0
473050,Kevin Schade,24/25,2025,0,0.18366219,0,0
195611,Alexander Siebeck,24/25,2025,0,0.1835303,0,0
118050,Aleksandr Skshinetskiy,24/25,2025,0,0.18340927,0,0
88917,Ian Mackay,24/25,2025,1,0.18334696,0,1
658115,Abel Bretones,24/25,2025,0,0.18328461,0,0
819798,Jacob Andersen,24/25,2025,0,0.18321371,0,0
530173,Julian Niehues,24/25,2025,0,0.18318027,0,0
1116190,Daniel Richter,24/25,2025,1,0.18303141,0,1
49637,Shaun Whalley,24/25,2025,0,0.18281685,0,0
461019,Samuele Birindelli,24/25,2025,0,0.18281096,0,0
479643,Alexandre Penetra,24/25,2025,0,0.18245669,0,0
740550,Vladislav Davydov,24/25,2025,0,0.18245374,0,0
476344,Emerson Royal,24/25,2025,1,0.1821539,0,1
257814,Gregor Kobel,24/25,2025,0,0.18187709,0,0
610570,Julián Bartolo,24/25,2025,0,0.18162735,0,0
161057,Carl Klaus,24/25,2025,0,0.18157162,0,0
334526,Denis Zakaria,24/25,2025,0,0.1815574,0,0
254965,Sandro Lauper,24/25,2025,0,0.1814371,0,0
848757,Rayan Atikallah,24/25,2025,0,0.181425,0,0
538977,Georginio Rutter,24/25,2025,0,0.18122907,0,0
170962,Nicolas Saint-Ruf,24/25,2025,0,0.18088537,0,0
282411,Marcos Llorente,24/25,2025,0,0.1808505,0,0
102017,Jorginho,24/25,2025,1,0.18078597,0,1
223727,Godswill Ekpolo,24/25,2025,0,0.1807518,0,0
576430,Dmitriy Kaplunov,24/25,2025,0,0.18070027,0,0
822917,Adam Davies,24/25,2025,0,0.18068412,0,0
890721,Myles Lewis-Skelly,24/25,2025,0,0.18066007,0,0
257437,Rob Dickie,24/25,2025,0,0.18047051,0,0
418561,Kristoffer Klaesson,24/25,2025,0,0.18042427,0,0
442891,Martin Terrier,24/25,2025,0,0.18004842,0,0
1098513,Seniko Doua,24/25,2025,0,0.179985,0,0
233782,Aïssa Laïdouni,24/25,2025,0,0.17972453,0,0
424042,Nahuel Molina,24/25,2025,0,0.17964663,0,0
564545,Edmond Tapsoba,24/25,2025,0,0.1796084,0,0
322293,Felix Beijmo,24/25,2025,0,0.17945887,0,0
607720,Jonas Urbig,24/25,2025,0,0.17881784,0,0
355369,Jordan,24/25,2025,1,0.17878199,0,1
199248,Bryan Cristante,24/25,2025,0,0.17838128,0,0
211345,Mansur,24/25,2025,0,0.1783433,0,0
704772,Rome-Jayden Owusu-Oduro,24/25,2025,0,0.17832153,0,0
456838,Eliot Evans,24/25,2025,0,0.17823075,0,0
1024171,Taiyu Yamasaki,24/25,2025,0,0.17821273,0,0
617754,Mylian Jiménez,24/25,2025,1,0.1781569,0,1
531236,Callum Sainty,24/25,2025,0,0.17768341,0,0
156937,Johan Hammar,24/25,2025,0,0.17753398,0,0
805601,Ben Margetson,24/25,2025,0,0.17728741,0,0
433818,Scott Twine,24/25,2025,0,0.17651212,0,0
543093,Josh Neufville,24/25,2025,1,0.17650315,0,1
192635,Nico Elvedi,24/25,2025,0,0.17610984,0,0
343537,Artem Dovbyk,24/25,2025,0,0.17608692,0,0
797802,Nikita Sokolovskiy,24/25,2025,0,0.17576958,0,0
67797,Milan Borjan,24/25,2025,0,0.17569089,0,0
171033,Anatoli Gospodinov,24/25,2025,0,0.17563039,0,0
299561,Adrian Chovan,24/25,2025,0,0.17560413,0,0
364409,Gabriel Osho,24/25,2025,1,0.17543867,0,1
160963,Robin Zentner,24/25,2025,0,0.17540242,0,0
371686,Carlens Arcus,24/25,2025,0,0.17531104,0,0
87422,Valentin Roberge,24/25,2025,0,0.17482114,0,0
391903,Emir Azemovic,24/25,2025,0,0.17467576,0,0
401578,Exequiel Palacios,24/25,2025,0,0.17428412,0,0
132779,Branko Pauljevic,24/25,2025,0,0.1742448,0,0
185691,Konstantinos Triantafyllopoulos,24/25,2025,0,0.17415409,0,0
732241,Luis Bates,24/25,2025,0,0.1734697,0,0
332341,Todd Cantwell,24/25,2025,0,0.17317654,0,0
1259900,Eyyüb Yasar,24/25,2025,0,0.17299418,0,0
344569,Vladislav Kabachevskiy,24/25,2025,1,0.17296588,0,1
768911,Ivan Sanko,24/25,2025,0,0.17276743,0,0
1287831,Giannis Spandonidis,24/25,2025,0,0.17275563,0,0
125714,Mark Flekken,24/25,2025,1,0.17243142,0,1
283233,Jacob Rasmussen,24/25,2025,1,0.17228986,0,1
942065,Julian Oerip,24/25,2025,0,0.17221965,0,0
709187,Nico Williams,24/25,2025,0,0.17215496,0,0
894470,Davide Baroncioni,24/25,2025,0,0.1720287,0,0
826724,Danila Sokol,24/25,2025,0,0.17192286,0,0
223053,Quini,24/25,2025,0,0.17174762,0,0
289683,Frederik Tingager,24/25,2025,0,0.17172444,0,0
649053,Ashley Charles,24/25,2025,0,0.17140636,0,0
453807,Vincent Müller,24/25,2025,0,0.17132834,0,0
160357,Mario Sampirisi,24/25,2025,0,0.17110904,0,0
299471,Ryan Johnson,24/25,2025,0,0.17095572,0,0
1104610,Nikita Neskoromnyi,24/25,2025,0,0.17061694,0,0
592116,Yuki Ohashi,24/25,2025,0,0.17028132,0,0
578804,Sven Mijnans,24/25,2025,0,0.17021978,0,0
992569,Massimo Pessina,24/25,2025,0,0.16999862,0,0
503743,Morgan Rogers,24/25,2025,0,0.16993895,0,0
591949,Aaron Hickey,24/25,2025,0,0.16992052,0,0
269093,Manfred Fischer,24/25,2025,0,0.16983165,0,0
138055,Haris Belkebla,24/25,2025,0,0.16975129,0,0
148355,Jens Jönsson,24/25,2025,0,0.16965172,0,0
110928,Lorenzo Crisetig,24/25,2025,0,0.16923061,0,0
253677,Tyrone Mings,24/25,2025,0,0.1683111,0,0
904790,Mark Verkuijl,24/25,2025,0,0.16774498,0,0
322989,Kaan Kairinen,24/25,2025,0,0.16752237,0,0
264302,Dimitar Mitov,24/25,2025,0,0.16751796,0,0
129558,Sam Walker,24/25,2025,0,0.1671968,0,0
695644,Jean Hugonet,24/25,2025,0,0.16716819,0,0
107219,Leart Paçarada,24/25,2025,1,0.1668123,0,1
202886,Ruben Loftus-Cheek,24/25,2025,0,0.16652776,0,0
415381,Mats Wieffer,24/25,2025,0,0.16648051,0,0
128886,András Horváth,24/25,2025,0,0.16613485,0,0
282700,Enric Franquesa,24/25,2025,0,0.16610196,0,0
210178,Pablo Marí,24/25,2025,0,0.16577835,0,0
921521,Dylan MacDonald,24/25,2025,0,0.1655434,0,0
289255,Andoni Gorosabel,24/25,2025,0,0.16550379,0,0
243725,Olivier Kemen,24/25,2025,0,0.16528031,0,0
340322,Nathan Tella,24/25,2025,0,0.16522522,0,0
106872,Kevin Stöger,24/25,2025,0,0.1650321,0,0
580195,Jamal Musiala,24/25,2025,0,0.1648798,0,0
83119,Reinhold Ranftl,24/25,2025,0,0.16478272,0,0
380350,Igor Julio,24/25,2025,1,0.16468127,0,1
235275,Jordi Vanlerberghe,24/25,2025,0,0.1644992,0,0
59032,Aleksandar Dragovic,24/25,2025,0,0.16440412,0,0
271773,Franz Brorsson,24/25,2025,1,0.1642317,0,1
373191,Flávio,24/25,2025,0,0.16416769,0,0
541555,Enzo Boyomo,24/25,2025,0,0.1639443,0,0
798043,Tom Rothe,24/25,2025,0,0.16390908,0,0
66501,Robbie Willmott,24/25,2025,0,0.16354652,0,0
541231,Sepp van den Berg,24/25,2025,0,0.16351078,0,0
132098,Harry Kane,24/25,2025,0,0.16313283,0,0
496650,George Ratcliffe,24/25,2025,1,0.16252021,0,1
851725,Ivan Tasev,24/25,2025,0,0.16246574,0,0
483046,Josip Stanisic,24/25,2025,0,0.16243987,0,0
859035,Kees Smit,24/25,2025,0,0.1623197,0,0
543382,Mohamed Camara,24/25,2025,0,0.16224363,0,0
187492,Julian Brandt,24/25,2025,0,0.16186567,0,0
179451,Donald Love,24/25,2025,0,0.16084689,0,0
222209,Thomas Strakosha,24/25,2025,0,0.16078979,0,0
162272,Rhys Wilson,24/25,2025,0,0.16043094,0,0
681935,Jonas Kühl,24/25,2025,0,0.16003221,0,0
335177,Farrend Rawson,24/25,2025,0,0.15969956,0,0
216399,Philipp Hercher,24/25,2025,0,0.15955438,0,0
504148,Tariq Lamptey,24/25,2025,1,0.15955384,0,1
629588,Nathan Ngoumou,24/25,2025,0,0.15919456,0,0
213670,Lucas Torró,24/25,2025,0,0.15871815,0,0
281252,Mads Thychosen,24/25,2025,0,0.15863025,0,0
284959,Marc Roberts,24/25,2025,0,0.15841557,0,0
67063,Danny Welbeck,24/25,2025,0,0.15831444,0,0
659570,Vladislav Solanovich,24/25,2025,0,0.15822718,0,0
467623,Lyle Foster,24/25,2025,0,0.15796867,0,0
177779,Janik Haberer,24/25,2025,0,0.15795444,0,0
643574,Kaishu Sano,24/25,2025,0,0.15784925,0,0
344576,Rayan Raveloson,24/25,2025,0,0.15779059,0,0
581357,Jan Schöppner,24/25,2025,0,0.15761837,0,0
1170813,Javison Idele,24/25,2025,0,0.15760095,0,0
666467,Marco Rus,24/25,2025,0,0.15697804,0,0
182932,Davy Klaassen,24/25,2025,0,0.15670832,0,0
249089,Lewis Cook,24/25,2025,0,0.15665853,0,0
608165,Ben Dempsey,24/25,2025,0,0.15647018,0,0
453016,Anthony Caci,24/25,2025,0,0.15597625,0,0
1172422,Filip Öhman,24/25,2025,0,0.15583074,0,0
817521,Maximilian Kinzig,24/25,2025,0,0.15572523,0,0
228948,Thilo Kehrer,24/25,2025,0,0.15558079,0,0
404387,Joe Lewis,24/25,2025,0,0.15546016,0,0
741257,Álex Jiménez,24/25,2025,1,0.15523946,0,1
357662,Declan Rice,24/25,2025,0,0.15519057,0,0
710671,Adama Boiro,24/25,2025,0,0.15516292,0,0
351597,Shayne Lavery,24/25,2025,0,0.15503359,0,0
203938,Branco van den Boomen,24/25,2025,0,0.15496452,0,0
1059344,Lukas Mikulaj,24/25,2025,0,0.15496148,0,0
196435,Saidy Janko,24/25,2025,0,0.15491524,0,0
474152,Valeriy Potorocha,24/25,2025,1,0.15489404,0,1
174344,Fayçal Fajr,24/25,2025,1,0.15487297,0,1
657723,Idris Odutayo,24/25,2025,0,0.15439251,0,0
690425,Philip Fahrner,24/25,2025,0,0.15425362,0,0
59377,David de Gea,24/25,2025,0,0.15397133,0,0
185869,Grant Smith,24/25,2025,0,0.1539171,0,0
1048145,Andrea Bonanomi,24/25,2025,0,0.15374006,0,0
44698,Mário Camora,24/25,2025,0,0.15358602,0,0
702447,Nick Twisk,24/25,2025,0,0.15342017,0,0
406040,Ademola Lookman,24/25,2025,0,0.15316363,0,0
469050,Nathan Collins,24/25,2025,0,0.15295742,0,0
179863,Andreas Naumann,24/25,2025,0,0.15293483,0,0
315779,Christian Pulisic,24/25,2025,0,0.15285505,0,0
150462,Alessandro Salvi,24/25,2025,0,0.15274937,0,0
116881,Andrey Zaleskiy,24/25,2025,0,0.1524524,0,0
146799,Alberto Brignoli,24/25,2025,0,0.15244055,0,0
692737,Aljoscha Kemlein,24/25,2025,0,0.15171605,0,0
373373,Lucas Martínez Quarta,24/25,2025,0,0.15131614,0,0
38340,Ivelin Popov,24/25,2025,1,0.15073323,0,1
591916,Aitor Paredes,24/25,2025,0,0.1506933,0,0
906598,Jason Amann,24/25,2025,0,0.15027381,0,0
542469,Lumbardh Dellova,24/25,2025,0,0.15023556,0,0
401529,Dodô,24/25,2025,0,0.15005282,0,0
1186500,Ricky-Lee Owen,24/25,2025,0,0.14971149,0,0
911955,Morgan Owen,24/25,2025,0,0.14970177,0,0
180167,Sivert Heltne Nilsen,24/25,2025,0,0.14918339,0,0
538642,Juho Kilo,24/25,2025,0,0.14905626,0,0
114060,Enric Gallego,24/25,2025,0,0.14901923,0,0
248738,Sergio Herrera,24/25,2025,0,0.14899945,0,0
48226,Sam Foley,24/25,2025,0,0.14898743,0,0
161056,Joshua Kimmich,24/25,2025,0,0.14876842,0,0
435772,Charles De Ketelaere,24/25,2025,0,0.14850114,0,0
787151,Lukas Ullrich,24/25,2025,0,0.1482746,0,0
284270,Moritz Nicolas,24/25,2025,0,0.14825375,0,0
386505,James Brophy,24/25,2025,0,0.14816923,0,0
314820,Keiran Williams,24/25,2025,0,0.14806724,0,0
104223,Jordy Clasie,24/25,2025,0,0.14790443,0,0
223972,Patrick Pentz,24/25,2025,0,0.14751297,0,0
366458,Kalle Joelsson,24/25,2025,0,0.14747544,0,0
251075,Zeki Çelik,24/25,2025,0,0.14717877,0,0
166601,Niklas Süle,24/25,2025,0,0.14717515,0,0
912541,Rhys Armstrong,24/25,2025,0,0.14711085,0,0
90317,Daniel Batz,24/25,2025,0,0.1468545,0,0
397171,Gideon Mensah,24/25,2025,0,0.1466326,0,0
362977,Josip Juranovic,24/25,2025,0,0.14659055,0,0
192492,Jordan Lefort,24/25,2025,0,0.146348,0,0
571604,Giorgio Scalvini,24/25,2025,0,0.14629498,0,0
446625,Alexander Nollenberger,24/25,2025,0,0.14586532,0,0
485585,Ian Maatsen,24/25,2025,0,0.14556187,0,0
337092,Tim Siersleben,24/25,2025,0,0.14554228,0,0
275937,Emil Viyachki,24/25,2025,0,0.14532666,0,0
127573,Phillipp Mwene,24/25,2025,0,0.14526214,0,0
385394,Alberto Dossena,24/25,2025,0,0.14509651,0,0
111195,Joël Veltman,24/25,2025,0,0.14490634,0,0
48280,Edinson Cavani,24/25,2025,0,0.14488864,0,0
571020,Oihan Sancet,24/25,2025,0,0.1448306,0,0
918969,Lamine Camara,24/25,2025,0,0.14457028,0,0
182906,Mike Maignan,24/25,2025,0,0.14403854,0,0
775605,Pablo Barrios,24/25,2025,0,0.14392328,0,0
429287,Olaus Skarsem,24/25,2025,0,0.14353895,0,0
242606,Josh Cullen,24/25,2025,0,0.14295667,0,0
320403,Mark Sykes,24/25,2025,0,0.14288224,0,0
261504,Aleix García,24/25,2025,0,0.14277485,0,0
283497,Mathias Honsak,24/25,2025,0,0.14266819,0,0
751701,Kian Jenkins,24/25,2025,0,0.14244555,0,0
93315,Henrik Dalsgaard,24/25,2025,0,0.14242257,0,0
735710,Bjarne Kasper,24/25,2025,1,0.14234579,0,1
565093,Bart Verbruggen,24/25,2025,0,0.1423432,0,0
316264,Martin Ødegaard,24/25,2025,0,0.14233024,0,0
335103,Linton Maina,24/25,2025,0,0.14217643,0,0
748804,Mika Godts,24/25,2025,0,0.14209257,0,0
282144,Marin Pongracic,24/25,2025,0,0.14204147,0,0
644401,Keane Lewis-Potter,24/25,2025,0,0.14157905,0,0
307658,Tin Plavotic,24/25,2025,0,0.1415494,0,0
675623,Job Kalisvaart,24/25,2025,1,0.14150625,0,1
578461,Nikola Borisov,24/25,2025,1,0.14132583,0,1
449796,Alejandro Catena,24/25,2025,0,0.14106405,0,0
148252,Remo Freuler,24/25,2025,0,0.14050035,0,0
272636,Harold Moukoudi,24/25,2025,0,0.14039367,0,0
255488,Yeray Álvarez,24/25,2025,0,0.13924313,0,0
56066,Enzo Pérez,24/25,2025,0,0.13916533,0,0
71834,Aitor Sanz,24/25,2025,0,0.13829477,0,0
75921,Christopher Trimmel,24/25,2025,0,0.13814698,0,0
188477,Borislav Tsonev,24/25,2025,1,0.13810448,0,1
33829,José Fonte,24/25,2025,0,0.13786116,0,0
338670,Mile Svilar,24/25,2025,0,0.13765343,0,0
143039,Damjan Djokovic,24/25,2025,0,0.13747919,0,0
270393,Robert Skov,24/25,2025,0,0.1369502,0,0
471055,Marvin Pieringer,24/25,2025,0,0.13663627,0,0
170986,Raphaël Guerreiro,24/25,2025,0,0.1365406,0,0
239941,Lukas Haraslin,24/25,2025,0,0.13643149,0,0
330659,Justin Kluivert,24/25,2025,0,0.13610558,0,0
374213,Jari Vlak,24/25,2025,0,0.13603468,0,0
97616,Sotirios Papagiannopoulos,24/25,2025,0,0.13601483,0,0
413565,Jhon Lucumí,24/25,2025,0,0.13589613,0,0
912455,Simon Walde,24/25,2025,0,0.13582127,0,0
354476,Diogo Tomas,24/25,2025,0,0.13541873,0,0
296359,Félix Eboa Eboa,24/25,2025,0,0.13500237,0,0
425334,Matty Cash,24/25,2025,0,0.13457759,0,0
66497,Michael Morrison,24/25,2025,0,0.13426758,0,0
344695,Dayot Upamecano,24/25,2025,0,0.13377874,0,0
562077,Yuriy Kozlov,24/25,2025,0,0.13361104,0,0
151583,Daniel Heber,24/25,2025,0,0.13360791,0,0
333859,Lubambo Musonda,24/25,2025,0,0.1336005,0,0
597432,Leopold Querfeld,24/25,2025,0,0.1334443,0,0
557407,Devyne Rensch,24/25,2025,0,0.13315086,0,0
262396,Unai Simón,24/25,2025,0,0.1331277,0,0
268216,Marcus Mathisen,24/25,2025,0,0.13293149,0,0
371001,Josip Sutalo,24/25,2025,0,0.13281476,0,0
503075,Isak Hien,24/25,2025,0,0.13258553,0,0
748839,Phil Mooney,24/25,2025,0,0.13251439,0,0
221446,Lee Evans,24/25,2025,0,0.13239613,0,0
667287,Yasin Ayari,24/25,2025,0,0.13158344,0,0
576314,Jan Paul van Hecke,24/25,2025,0,0.13104878,0,0
332705,Tyler Adams,24/25,2025,0,0.13101889,0,0
906969,Daniel Gleiber,24/25,2025,1,0.130933,0,1
332179,Matteo Pessina,24/25,2025,0,0.13071878,0,0
46083,Domagoj Vida,24/25,2025,0,0.13033465,0,0
355816,Ko Itakura,24/25,2025,1,0.13013148,0,1
262749,David Raya,24/25,2025,0,0.13004877,0,0
566723,Michael Olise,24/25,2025,0,0.12925461,0,0
524000,Dani Vivian,24/25,2025,0,0.12920853,0,0
267328,Danny Gosset,24/25,2025,0,0.12862633,0,0
196792,Julian Weigl,24/25,2025,1,0.12845705,0,1
973085,Carlos Baleba,24/25,2025,0,0.12814662,0,0
199221,Andreas Linde,24/25,2025,0,0.12796615,0,0
750903,Jaouen Hadjam,24/25,2025,0,0.12767649,0,0
686692,Gruff John,24/25,2025,1,0.12757455,0,1
542690,Frederik Alves,24/25,2025,0,0.12748459,0,0
74952,Tomas Tujvel,24/25,2025,0,0.127375,0,0
388409,Philipp Sander,24/25,2025,0,0.12650572,0,0
223967,Konrad Laimer,24/25,2025,0,0.12593395,0,0
608172,Ardon Jashari,24/25,2025,1,0.12526146,0,1
61651,Jordan Henderson,24/25,2025,1,0.12511735,0,1
503780,Hayden Carter,24/25,2025,0,0.124887556,0,0
117478,Marnon Busch,24/25,2025,0,0.12483556,0,0
282422,Mumo Muñoz,24/25,2025,0,0.12474381,0,0
340205,Gorka Guruzeta,24/25,2025,0,0.12445167,0,0
159977,Plamen Krachunov,24/25,2025,0,0.12421231,0,0
247915,Jonas Omlin,24/25,2025,0,0.12382724,0,0
289267,Adrián Lapeña,24/25,2025,0,0.123726875,0,0
624690,Manu Koné,24/25,2025,0,0.123691864,0,0
424013,Lewis McGrattan,24/25,2025,0,0.123493426,0,0
268185,Joe Williams,24/25,2025,0,0.12331566,0,0
106987,Marcel Sabitzer,24/25,2025,0,0.12322266,0,0
496094,Karim Adeyemi,24/25,2025,0,0.123181775,0,0
260846,Asger Sörensen,24/25,2025,0,0.12292212,0,0
107775,Frederik Rönnow,24/25,2025,0,0.1226156,0,0
44666,Michele Rinaldi,24/25,2025,0,0.12231188,0,0
75890,Kristoffer Nordfeldt,24/25,2025,0,0.12164518,0,0
1012534,Yankuba Minteh,24/25,2025,0,0.12138211,0,0
351809,Robin Le Normand,24/25,2025,0,0.12094383,0,0
371149,Evan Ndicka,24/25,2025,0,0.12085359,0,0
387047,Danilho Doekhi,24/25,2025,0,0.12082624,0,0
171731,Semen Shestilovskiy,24/25,2025,0,0.12077741,0,0
249580,Marin Orlinov,24/25,2025,0,0.120589845,0,0
338425,Álex Berenguer,24/25,2025,0,0.119964294,0,0
227084,Benedikt Gimber,24/25,2025,0,0.11964275,0,0
210348,Sondre Tronstad,24/25,2025,0,0.11948713,0,0
917120,Tanguy Zoukrou,24/25,2025,0,0.11941849,0,0
61812,Yuri Berchiche,24/25,2025,0,0.119023554,0,0
353892,Hiroki Ito,24/25,2025,0,0.11888912,0,0
1110070,Matthias Wamu Oyatambwe,24/25,2025,1,0.11863715,0,1
333942,Lion Schweers,24/25,2025,0,0.11852168,0,0
789018,James Eto'o,24/25,2025,0,0.11807039,0,0
193082,Alejandro Grimaldo,24/25,2025,0,0.117904246,0,0
345590,Jens Odgaard,24/25,2025,0,0.11727637,0,0
85906,Danny da Costa,24/25,2025,0,0.117133126,0,0
569598,Youssouf Fofana,24/25,2025,0,0.11688032,0,0
435338,Gabriel Magalhães,24/25,2025,0,0.11669523,0,0
147462,Alexander Callens,24/25,2025,0,0.11620948,0,0
353634,Robert Ljubicic,24/25,2025,0,0.11617309,0,0
433177,Bukayo Saka,24/25,2025,0,0.1160585,0,0
399776,Pau Torres,24/25,2025,0,0.11585228,0,0
1131973,Jack Porter,24/25,2025,0,0.115471356,0,0
22860,Jesper Hansen,24/25,2025,0,0.11523955,0,0
485706,Amadou Onana,24/25,2025,0,0.11520354,0,0
209570,Alex Gammond,24/25,2025,0,0.11436947,0,0
199704,Yunis Abdelhamid,24/25,2025,1,0.11420722,0,1
309400,Kai Havertz,24/25,2025,0,0.114052095,0,0
77825,Etrit Berisha,24/25,2025,0,0.11340512,0,0
957241,Elijah Dijkstra,24/25,2025,0,0.113322936,0,0
456807,Will Fuller,24/25,2025,0,0.11329267,0,0
273669,Adrian Beck,24/25,2025,0,0.11283501,0,0
206050,Paulo Dybala,24/25,2025,0,0.11252491,0,0
23523,Thomas Mikkelsen,24/25,2025,0,0.112125136,0,0
878885,Rhys Schwank,24/25,2025,0,0.111448355,0,0
159139,Philipp Wiesinger,24/25,2025,0,0.11137346,0,0
122842,Joel Edwards,24/25,2025,0,0.11035558,0,0
540941,Mikkel Damsgaard,24/25,2025,0,0.110245764,0,0
504849,Kaoru Mitoma,24/25,2025,0,0.1093962,0,0
140444,Andrea Montanari,24/25,2025,0,0.10915426,0,0
344354,Omar Sowunmi,24/25,2025,0,0.108930215,0,0
578392,Maximilian Beier,24/25,2025,0,0.10884043,0,0
361772,Dino Besirovic,24/25,2025,0,0.10870832,0,0
531288,Mathew Jones,24/25,2025,0,0.107449576,0,0
284732,Ramy Bensebaini,24/25,2025,0,0.10705369,0,0
64303,Tomas Frystak,24/25,2025,0,0.10702345,0,0
232454,Nadiem Amiri,24/25,2025,0,0.10655758,0,0
711337,Evanilson,24/25,2025,0,0.106493175,0,0
363205,Gabriel Jesus,24/25,2025,0,0.106418155,0,0
863207,Martin Stoychev,24/25,2025,0,0.105172336,0,0
338424,Mikel Merino,24/25,2025,0,0.1051226,0,0
337062,Ben Thompson,24/25,2025,0,0.10413858,0,0
479202,Ryan Sears,24/25,2025,0,0.10386368,0,0
504616,Tom Price,24/25,2025,0,0.10235135,0,0
215118,Calum Chambers,24/25,2025,0,0.10225234,0,0
138392,Ivan Buonocunto,24/25,2025,0,0.09964821,0,0
399434,Marcus Tavernier,24/25,2025,0,0.099544086,0,0
388294,Omar Traoré,24/25,2025,0,0.0994102,0,0
188077,Ryan Christie,24/25,2025,0,0.09923138,0,0
118847,Dominik Kohr,24/25,2025,0,0.09853743,0,0
229006,Franck Honorat,24/25,2025,0,0.09843707,0,0
144028,Leandro Trossard,24/25,2025,0,0.09837738,0,0
133731,Patrick Mainka,24/25,2025,0,0.09616146,0,0
251302,Niklas Dorsch,24/25,2025,0,0.09608961,0,0
426281,Josh Earl,24/25,2025,0,0.09492946,0,0
106128,Aron Giacomoni,24/25,2025,0,0.09485652,0,0
428563,Lewis Ferguson,24/25,2025,0,0.094837196,0,0
823231,Dango Ouattara,24/25,2025,1,0.09376352,0,1
270171,Vitaly Janelt,24/25,2025,0,0.093159616,0,0
406640,Felix Nmecha,24/25,2025,0,0.09194574,0,0
503482,Min-jae Kim,24/25,2025,0,0.0910626,0,0
192077,Scott McMann,24/25,2025,0,0.090570435,0,0
795274,Mayckel Lahdo,24/25,2025,1,0.08977247,0,1
370789,Julian Ryerson,24/25,2025,0,0.08901792,0,0
284010,Robin Hack,24/25,2025,0,0.08850403,0,0
357156,Diogo Leite,24/25,2025,0,0.088361666,0,0
193033,Tim Kleindienst,24/25,2025,0,0.08818468,0,0
934317,Maxim Dal,24/25,2025,1,0.088042855,0,1
249565,Youri Tielemans,24/25,2025,0,0.08771336,0,0
126751,Iñigo Ruiz de Galarreta,24/25,2025,0,0.0867969,0,0
277179,Angeliño,24/25,2025,0,0.08204807,0,0
1202361,Bradley Burrowes,24/25,2025,0,0.08138071,0,0
82873,Pascal Groß,24/25,2025,0,0.08129922,0,0
867688,Jack Hinshelwood,24/25,2025,0,0.078387484,0,0
369316,Ferdi Kadıoğlu,24/25,2025,0,0.07685344,0,0
9273,Tobias Duffner,24/25,2025,0,0.07674569,0,0
426428,Paulo Mendes,24/25,2025,0,0.07440193,0,0
119085,Loris Benito,24/25,2025,0,0.07200724,0,0
193004,Waldemar Anton,24/25,2025,0,0.07096622,0,0
388198,Nico Schlotterbeck,24/25,2025,0,0.068131596,0,0
420243,Jurriën Timber,24/25,2025,0,0.06746196,0,0
186477,Herbert Bockhorn,24/25,2025,0,0.065861404,0,0
349599,Pervis Estupiñán,24/25,2025,1,0.0652436,0,1
240190,Unknown Player,24/25,2025,0,0.06464949,0,0
938729,Mikel Jauregizar,24/25,2025,0,0.06291308,0,0
1178213,Federico Steffanoni,24/25,2025,0,0.06281837,0,0
816502,Unknown Player,24/25,2025,1,0.0625395,0,1
733438,Seiya Maikuma,24/25,2025,0,0.06108292,0,0
12778,David Hutton,24/25,2025,0,0.060233127,0,0
792380,Aleksandar Pavlovic,24/25,2025,0,0.057773948,0,0
62112,Byron Webster,24/25,2025,0,0.057112493,0,0
94005,Sead Kolasinac,24/25,2025,0,0.055442143,0,0
502821,Riccardo Calafiori,24/25,2025,0,0.05518688,0,0
394327,Boubacar Kamara,24/25,2025,0,0.052453045,0,0
3333,James Milner,24/25,2025,0,0.052244715,0,0
392378,Darren Thomas,24/25,2025,0,0.051735792,0,0
696348,Unknown Player,24/25,2025,1,0.05087884,0,1
424204,Alphonso Davies,24/25,2025,0,0.050822563,0,0
535927,Luke McNally,24/25,2025,0,0.050494805,0,0
615966,Unknown Player,24/25,2025,0,0.049160704,0,0
17259,Manuel Neuer,24/25,2025,0,0.04561392,0,0
457235,Unknown Player,24/25,2025,0,0.04431356,0,0
226971,Unknown Player,24/25,2025,1,0.04115838,0,1
748720,Unknown Player,24/25,2025,1,0.03965756,0,1
942414,Unknown Player,24/25,2025,0,0.039081328,0,0
542458,Unknown Player,24/25,2025,1,0.037014455,0,1
496649,Unknown Player,24/25,2025,0,0.0363875,0,0
577381,Unknown Player,24/25,2025,1,0.034912113,0,1
792548,Unknown Player,24/25,2025,0,0.034275506,0,0
393607,Unknown Player,24/25,2025,0,0.031868257,0,0
1188666,Unknown Player,24/25,2025,0,0.031266183,0,0
423608,Unknown Player,24/25,2025,0,0.031193845,0,0
923121,Unknown Player,24/25,2025,0,0.031119337,0,0
160938,Unknown Player,24/25,2025,0,0.030982502,0,0
708080,Unknown Player,24/25,2025,0,0.030275857,0,0
543103,Unknown Player,24/25,2025,0,0.030198311,0,0
293194,Unknown Player,24/25,2025,0,0.03014256,0,0
574806,Unknown Player,24/25,2025,0,0.029969942,0,0
1279791,Unknown Player,24/25,2025,0,0.028892005,0,0
597083,Unknown Player,24/25,2025,0,0.028700963,0,0
441264,Unknown Player,24/25,2025,0,0.027950352,0,0
1182452,Unknown Player,24/25,2025,0,0.027763125,0,0
116231,Unknown Player,24/25,2025,0,0.027349789,0,0
1187470,Unknown Player,24/25,2025,0,0.02727895,0,0
1090830,Unknown Player,24/25,2025,0,0.027276166,0,0
215167,Unknown Player,24/25,2025,1,0.027012238,0,1
599115,Unknown Player,24/25,2025,0,0.026643688,0,0
912443,Unknown Player,24/25,2025,0,0.026558766,0,0
883214,Unknown Player,24/25,2025,0,0.026221547,0,0
963786,Unknown Player,24/25,2025,0,0.025778934,0,0
593381,Unknown Player,24/25,2025,0,0.02569361,0,0
935517,Unknown Player,24/25,2025,0,0.025160642,0,0
504969,Unknown Player,24/25,2025,0,0.025096228,0,0
1105972,Unknown Player,24/25,2025,0,0.024835913,0,0
668547,Unknown Player,24/25,2025,0,0.024469664,0,0
412366,Unknown Player,24/25,2025,0,0.024288543,0,0
535469,Unknown Player,24/25,2025,0,0.024257118,0,0
395237,Unknown Player,24/25,2025,0,0.024076873,0,0
676411,Unknown Player,24/25,2025,0,0.023839528,0,0
346528,Unknown Player,24/25,2025,0,0.023833347,0,0
1130743,Unknown Player,24/25,2025,0,0.023740333,0,0
1027446,Unknown Player,24/25,2025,0,0.023590686,0,0
284604,Unknown Player,24/25,2025,0,0.023561038,0,0
808213,Unknown Player,24/25,2025,0,0.02355283,0,0
189231,Unknown Player,24/25,2025,0,0.023543898,0,0
948294,Unknown Player,24/25,2025,0,0.023482691,0,0
552927,Unknown Player,24/25,2025,0,0.023314536,0,0
1200586,Unknown Player,24/25,2025,0,0.023266109,0,0
229003,Unknown Player,24/25,2025,0,0.022969889,0,0
457442,Unknown Player,24/25,2025,0,0.022950238,0,0
979754,Unknown Player,24/25,2025,0,0.02286739,0,0
1154305,Unknown Player,24/25,2025,0,0.022853894,0,0
991458,Unknown Player,24/25,2025,0,0.022785822,0,0
85370,Unknown Player,24/25,2025,0,0.022633882,0,0
446708,Unknown Player,24/25,2025,0,0.022600494,0,0
1277787,Unknown Player,24/25,2025,0,0.02241791,0,0
815583,Unknown Player,24/25,2025,0,0.02230645,0,0
375320,Unknown Player,24/25,2025,0,0.0218243,0,0
832821,Unknown Player,24/25,2025,0,0.021822535,0,0
200615,Unknown Player,24/25,2025,0,0.021784209,0,0
383165,Unknown Player,24/25,2025,0,0.021782437,0,0
55000,Unknown Player,24/25,2025,1,0.021768734,0,1
1337321,Unknown Player,24/25,2025,0,0.021741387,0,0
803839,Unknown Player,24/25,2025,0,0.021736639,0,0
159883,Unknown Player,24/25,2025,0,0.021643605,0,0
213988,Unknown Player,24/25,2025,0,0.021080319,0,0
358738,Unknown Player,24/25,2025,0,0.020940905,0,0
702326,Unknown Player,24/25,2025,0,0.020907503,0,0
549384,Unknown Player,24/25,2025,0,0.020892618,0,0
1202384,Unknown Player,24/25,2025,0,0.020889228,0,0
593357,Unknown Player,24/25,2025,0,0.020844718,0,0
1214452,Unknown Player,24/25,2025,0,0.020820646,0,0
507354,Unknown Player,24/25,2025,0,0.020614928,0,0
346562,Unknown Player,24/25,2025,0,0.020596143,0,0
135872,Unknown Player,24/25,2025,0,0.020571342,0,0
1095546,Unknown Player,24/25,2025,0,0.02055659,0,0
928051,Unknown Player,24/25,2025,0,0.020509211,0,0
1062847,Unknown Player,24/25,2025,0,0.020487392,0,0
421871,Unknown Player,24/25,2025,0,0.020448841,0,0
459374,Unknown Player,24/25,2025,0,0.020441664,0,0
566879,Unknown Player,24/25,2025,0,0.020374076,0,0
160350,Unknown Player,24/25,2025,0,0.020304946,0,0
824128,Unknown Player,24/25,2025,0,0.020259816,0,0
1048151,Unknown Player,24/25,2025,0,0.020248977,0,0
399936,Unknown Player,24/25,2025,0,0.020199781,0,0
1079186,Unknown Player,24/25,2025,0,0.020086681,0,0
617905,Unknown Player,24/25,2025,0,0.019916965,0,0
533321,Unknown Player,24/25,2025,0,0.019794533,0,0
948278,Unknown Player,24/25,2025,0,0.019793803,0,0
1136532,Unknown Player,24/25,2025,0,0.019719243,0,0
890368,Unknown Player,24/25,2025,0,0.019684758,0,0
418218,Unknown Player,24/25,2025,0,0.019678773,0,0
872742,Unknown Player,24/25,2025,0,0.019678531,0,0
511025,Unknown Player,24/25,2025,0,0.019492295,0,0
199736,Unknown Player,24/25,2025,0,0.019463668,0,0
580142,Unknown Player,24/25,2025,0,0.019448772,0,0
376083,Unknown Player,24/25,2025,0,0.019402906,0,0
1078795,Unknown Player,24/25,2025,0,0.019390766,0,0
198104,Unknown Player,24/25,2025,0,0.019365238,0,0
702167,Unknown Player,24/25,2025,0,0.019354573,0,0
993645,Unknown Player,24/25,2025,0,0.019338131,0,0
692463,Unknown Player,24/25,2025,0,0.019297313,0,0
475949,Unknown Player,24/25,2025,0,0.019281013,0,0
531437,Unknown Player,24/25,2025,0,0.019241214,0,0
542336,Unknown Player,24/25,2025,0,0.019223027,0,0
831992,Unknown Player,24/25,2025,0,0.019213706,0,0
463178,Unknown Player,24/25,2025,0,0.019195473,0,0
547248,Unknown Player,24/25,2025,0,0.019164043,0,0
377576,Unknown Player,24/25,2025,0,0.01900327,0,0
949275,Unknown Player,24/25,2025,0,0.018993082,0,0
336931,Unknown Player,24/25,2025,0,0.018970571,0,0
815529,Unknown Player,24/25,2025,0,0.018930666,0,0
241471,Unknown Player,24/25,2025,0,0.018859237,0,0
369267,Unknown Player,24/25,2025,0,0.018671425,0,0
443778,Unknown Player,24/25,2025,0,0.018615162,0,0
329668,Unknown Player,24/25,2025,0,0.018520674,0,0
1104136,Unknown Player,24/25,2025,0,0.018506533,0,0
928032,Unknown Player,24/25,2025,0,0.018404907,0,0
1099555,Unknown Player,24/25,2025,0,0.018394405,0,0
343599,Unknown Player,24/25,2025,0,0.018345961,0,0
711381,Unknown Player,24/25,2025,0,0.018332027,0,0
463339,Unknown Player,24/25,2025,0,0.018302925,0,0
581701,Unknown Player,24/25,2025,0,0.01825626,0,0
939374,Unknown Player,24/25,2025,0,0.018242698,0,0
223997,Unknown Player,24/25,2025,0,0.018241951,0,0
303116,Unknown Player,24/25,2025,0,0.018168904,0,0
1055221,Unknown Player,24/25,2025,0,0.018156655,0,0
354678,Unknown Player,24/25,2025,0,0.018136574,0,0
1059299,Unknown Player,24/25,2025,0,0.018069873,0,0
895667,Unknown Player,24/25,2025,0,0.017972613,0,0
819369,Unknown Player,24/25,2025,0,0.017935367,0,0
940220,Unknown Player,24/25,2025,0,0.017906155,0,0
325602,Unknown Player,24/25,2025,0,0.01789726,0,0
664622,Unknown Player,24/25,2025,0,0.01789535,0,0
156575,Unknown Player,24/25,2025,0,0.017777642,0,0
403151,Unknown Player,24/25,2025,0,0.017736,0,0
709215,Unknown Player,24/25,2025,0,0.017662937,0,0
458816,Unknown Player,24/25,2025,0,0.01763649,0,0
183166,Unknown Player,24/25,2025,0,0.017620526,0,0
24846,Unknown Player,24/25,2025,0,0.017580902,0,0
163264,Unknown Player,24/25,2025,0,0.017570438,0,0
824312,Unknown Player,24/25,2025,0,0.017504357,0,0
1277195,Unknown Player,24/25,2025,0,0.017497502,0,0
394844,Unknown Player,24/25,2025,0,0.017468361,0,0
431698,Unknown Player,24/25,2025,0,0.0174626,0,0
221624,Unknown Player,24/25,2025,0,0.017439885,0,0
637013,Unknown Player,24/25,2025,0,0.017409338,0,0
644159,Unknown Player,24/25,2025,0,0.017406287,0,0
185401,Unknown Player,24/25,2025,0,0.017403131,0,0
438682,Unknown Player,24/25,2025,0,0.017266808,0,0
1073288,Unknown Player,24/25,2025,0,0.01725276,0,0
452477,Unknown Player,24/25,2025,0,0.017170954,0,0
727081,Unknown Player,24/25,2025,0,0.017157786,0,0
195720,Unknown Player,24/25,2025,0,0.017142065,0,0
299189,Unknown Player,24/25,2025,0,0.017081339,0,0
796678,Unknown Player,24/25,2025,0,0.017063573,0,0
998196,Unknown Player,24/25,2025,0,0.017060647,0,0
1326685,Unknown Player,24/25,2025,0,0.017053261,0,0
500689,Unknown Player,24/25,2025,0,0.01693856,0,0
743600,Unknown Player,24/25,2025,0,0.016905028,0,0
892932,Unknown Player,24/25,2025,0,0.016885046,0,0
975729,Unknown Player,24/25,2025,0,0.016821058,0,0
878102,Unknown Player,24/25,2025,0,0.016746957,0,0
102427,Unknown Player,24/25,2025,0,0.016715093,0,0
796435,Unknown Player,24/25,2025,0,0.016679995,0,0
1027253,Unknown Player,24/25,2025,0,0.016675506,0,0
399990,Unknown Player,24/25,2025,0,0.016632048,0,0
458739,Unknown Player,24/25,2025,0,0.016620893,0,0
936571,Unknown Player,24/25,2025,0,0.016616046,0,0
168959,Unknown Player,24/25,2025,0,0.016602112,0,0
942988,Unknown Player,24/25,2025,0,0.016558658,0,0
972367,Unknown Player,24/25,2025,0,0.01650333,0,0
1380598,Unknown Player,24/25,2025,0,0.016448138,0,0
692208,Unknown Player,24/25,2025,0,0.016409867,0,0
860694,Unknown Player,24/25,2025,0,0.016401079,0,0
149931,Unknown Player,24/25,2025,0,0.016400125,0,0
780136,Unknown Player,24/25,2025,0,0.016391627,0,0
719987,Unknown Player,24/25,2025,0,0.016364435,0,0
815523,Unknown Player,24/25,2025,0,0.016343255,0,0
1060962,Unknown Player,24/25,2025,0,0.01629121,0,0
943636,Unknown Player,24/25,2025,0,0.016285121,0,0
1105549,Unknown Player,24/25,2025,0,0.01628173,0,0
521956,Unknown Player,24/25,2025,0,0.016269797,0,0
1175145,Unknown Player,24/25,2025,0,0.016255425,0,0
924800,Unknown Player,24/25,2025,0,0.016233204,0,0
849632,Unknown Player,24/25,2025,0,0.016207166,0,0
297443,Unknown Player,24/25,2025,0,0.016190024,0,0
58088,Unknown Player,24/25,2025,0,0.016186332,0,0
1057582,Unknown Player,24/25,2025,0,0.016185816,0,0
355444,Unknown Player,24/25,2025,0,0.016173013,0,0
353479,Unknown Player,24/25,2025,0,0.01617227,0,0
163053,Unknown Player,24/25,2025,0,0.016150456,0,0
200195,Unknown Player,24/25,2025,0,0.016150024,0,0
938105,Unknown Player,24/25,2025,0,0.016144767,0,0
1175538,Unknown Player,24/25,2025,0,0.016140277,0,0
1064920,Unknown Player,24/25,2025,0,0.016111625,0,0
1225835,Unknown Player,24/25,2025,0,0.016074479,0,0
910905,Unknown Player,24/25,2025,0,0.016063215,0,0
741501,Unknown Player,24/25,2025,0,0.016030554,0,0
693037,Unknown Player,24/25,2025,0,0.01602663,0,0
610889,Unknown Player,24/25,2025,0,0.016021043,0,0
321234,Unknown Player,24/25,2025,0,0.016020434,0,0
445037,Unknown Player,24/25,2025,0,0.015988007,0,0
519651,Unknown Player,24/25,2025,0,0.015897049,0,0
629005,Unknown Player,24/25,2025,0,0.01587897,0,0
370863,Unknown Player,24/25,2025,0,0.01587277,0,0
416699,Unknown Player,24/25,2025,0,0.015868288,0,0
288716,Unknown Player,24/25,2025,0,0.015835349,0,0
175446,Unknown Player,24/25,2025,0,0.01581235,0,0
885179,Unknown Player,24/25,2025,0,0.015789637,0,0
1163778,Unknown Player,24/25,2025,0,0.015737059,0,0
635347,Unknown Player,24/25,2025,0,0.015732894,0,0
883540,Unknown Player,24/25,2025,0,0.015728721,0,0
176412,Unknown Player,24/25,2025,0,0.015704041,0,0
945709,Unknown Player,24/25,2025,0,0.015702087,0,0
459482,Unknown Player,24/25,2025,0,0.015699966,0,0
975138,Unknown Player,24/25,2025,0,0.01568614,0,0
420931,Unknown Player,24/25,2025,0,0.015676212,0,0
166661,Unknown Player,24/25,2025,0,0.015647342,0,0
363466,Unknown Player,24/25,2025,0,0.015644714,0,0
453704,Unknown Player,24/25,2025,0,0.015586398,0,0
1064471,Unknown Player,24/25,2025,0,0.015584585,0,0
537143,Unknown Player,24/25,2025,0,0.015571282,0,0
646404,Unknown Player,24/25,2025,0,0.015561235,0,0
858324,Unknown Player,24/25,2025,0,0.015532911,0,0
738477,Unknown Player,24/25,2025,0,0.015531065,0,0
1196829,Unknown Player,24/25,2025,0,0.0155192,0,0
1187524,Unknown Player,24/25,2025,0,0.015492394,0,0
862989,Unknown Player,24/25,2025,0,0.015481086,0,0
1176866,Unknown Player,24/25,2025,0,0.015465949,0,0
761482,Unknown Player,24/25,2025,0,0.015463945,0,0
389804,Unknown Player,24/25,2025,0,0.015456673,0,0
471692,Unknown Player,24/25,2025,0,0.01540426,0,0
1084065,Unknown Player,24/25,2025,0,0.015364064,0,0
388121,Unknown Player,24/25,2025,0,0.015225933,0,0
636120,Unknown Player,24/25,2025,0,0.015217556,0,0
208077,Unknown Player,24/25,2025,0,0.015197923,0,0
217357,Unknown Player,24/25,2025,0,0.015165478,0,0
890421,Unknown Player,24/25,2025,0,0.015163421,0,0
229012,Unknown Player,24/25,2025,0,0.015119052,0,0
304042,Unknown Player,24/25,2025,0,0.015075099,0,0
617928,Unknown Player,24/25,2025,0,0.015062714,0,0
841107,Unknown Player,24/25,2025,0,0.015050748,0,0
287752,Unknown Player,24/25,2025,0,0.015049908,0,0
463603,Unknown Player,24/25,2025,0,0.0149881635,0,0
821522,Unknown Player,24/25,2025,0,0.01497407,0,0
780941,Unknown Player,24/25,2025,0,0.01496561,0,0
1176544,Unknown Player,24/25,2025,0,0.014923079,0,0
678371,Unknown Player,24/25,2025,0,0.014861282,0,0
595530,Unknown Player,24/25,2025,0,0.014856563,0,0
547534,Unknown Player,24/25,2025,0,0.014810517,0,0
457875,Unknown Player,24/25,2025,0,0.014753864,0,0
1107973,Unknown Player,24/25,2025,0,0.014732621,0,0
54217,Unknown Player,24/25,2025,0,0.014722422,0,0
1300301,Unknown Player,24/25,2025,0,0.014709977,0,0
90681,Unknown Player,24/25,2025,0,0.01470335,0,0
284321,Unknown Player,24/25,2025,0,0.014700664,0,0
379711,Unknown Player,24/25,2025,0,0.014630312,0,0
392444,Unknown Player,24/25,2025,0,0.014609168,0,0
617632,Unknown Player,24/25,2025,0,0.0145564135,0,0
895335,Unknown Player,24/25,2025,0,0.014523249,0,0
205503,Unknown Player,24/25,2025,0,0.014522852,0,0
581326,Unknown Player,24/25,2025,0,0.01451826,0,0
631094,Unknown Player,24/25,2025,0,0.014483766,0,0
1178393,Unknown Player,24/25,2025,0,0.014483161,0,0
963675,Unknown Player,24/25,2025,0,0.014476643,0,0
649726,Unknown Player,24/25,2025,0,0.014463824,0,0
199583,Unknown Player,24/25,2025,0,0.014388846,0,0
537599,Unknown Player,24/25,2025,0,0.014377767,0,0
666588,Unknown Player,24/25,2025,0,0.014350129,0,0
899819,Unknown Player,24/25,2025,0,0.014327013,0,0
259464,Unknown Player,24/25,2025,0,0.014315309,0,0
677958,Unknown Player,24/25,2025,0,0.014314515,0,0
163628,Unknown Player,24/25,2025,0,0.014303438,0,0
440312,Unknown Player,24/25,2025,0,0.014299459,0,0
70627,Unknown Player,24/25,2025,0,0.014297255,0,0
241380,Unknown Player,24/25,2025,0,0.014288634,0,0
705159,Unknown Player,24/25,2025,0,0.014264277,0,0
921203,Unknown Player,24/25,2025,0,0.014244987,0,0
559335,Unknown Player,24/25,2025,0,0.014235088,0,0
568148,Unknown Player,24/25,2025,0,0.014189364,0,0
691476,Unknown Player,24/25,2025,0,0.014186463,0,0
1055346,Unknown Player,24/25,2025,0,0.01415803,0,0
745178,Unknown Player,24/25,2025,0,0.014141061,0,0
866241,Unknown Player,24/25,2025,0,0.0141358245,0,0
1087052,Unknown Player,24/25,2025,0,0.014092742,0,0
1054931,Unknown Player,24/25,2025,0,0.014087978,0,0
1166976,Unknown Player,24/25,2025,0,0.014083688,0,0
638582,Unknown Player,24/25,2025,0,0.014043429,0,0
199896,Unknown Player,24/25,2025,0,0.014034432,0,0
631093,Unknown Player,24/25,2025,0,0.014022007,0,0
1082850,Unknown Player,24/25,2025,0,0.014011983,0,0
991773,Unknown Player,24/25,2025,0,0.01400782,0,0
400104,Unknown Player,24/25,2025,0,0.013987861,0,0
197981,Unknown Player,24/25,2025,0,0.013942205,0,0
799418,Unknown Player,24/25,2025,0,0.01392736,0,0
615917,Unknown Player,24/25,2025,0,0.013926154,0,0
389841,Unknown Player,24/25,2025,0,0.013917907,0,0
534082,Unknown Player,24/25,2025,0,0.013890317,0,0
215902,Unknown Player,24/25,2025,0,0.013880477,0,0
314297,Unknown Player,24/25,2025,0,0.013859288,0,0
226169,Unknown Player,24/25,2025,0,0.013839607,0,0
576027,Unknown Player,24/25,2025,0,0.013837336,0,0
447216,Unknown Player,24/25,2025,0,0.013811775,0,0
1006411,Unknown Player,24/25,2025,0,0.013801146,0,0
56609,Unknown Player,24/25,2025,0,0.013767658,0,0
636390,Unknown Player,24/25,2025,0,0.013750065,0,0
568157,Unknown Player,24/25,2025,0,0.013748933,0,0
1175205,Unknown Player,24/25,2025,0,0.013746897,0,0
104564,Unknown Player,24/25,2025,0,0.0137363365,0,0
348768,Unknown Player,24/25,2025,0,0.01372696,0,0
226964,Unknown Player,24/25,2025,0,0.013718255,0,0
1068318,Unknown Player,24/25,2025,0,0.013692007,0,0
385084,Unknown Player,24/25,2025,0,0.013691474,0,0
94037,Unknown Player,24/25,2025,0,0.013664834,0,0
1184913,Unknown Player,24/25,2025,0,0.013653516,0,0
719672,Unknown Player,24/25,2025,0,0.013647308,0,0
187673,Unknown Player,24/25,2025,0,0.01363731,0,0
1043709,Unknown Player,24/25,2025,0,0.013634391,0,0
632904,Unknown Player,24/25,2025,0,0.013607446,0,0
314773,Unknown Player,24/25,2025,0,0.013604509,0,0
823762,Unknown Player,24/25,2025,0,0.013578604,0,0
666168,Unknown Player,24/25,2025,0,0.01357838,0,0
706332,Unknown Player,24/25,2025,0,0.013567975,0,0
1004708,Unknown Player,24/25,2025,0,0.013554885,0,0
601405,Unknown Player,24/25,2025,0,0.013541336,0,0
1038851,Unknown Player,24/25,2025,0,0.01352845,0,0
1061035,Unknown Player,24/25,2025,0,0.013500988,0,0
567465,Unknown Player,24/25,2025,0,0.01346091,0,0
820285,Unknown Player,24/25,2025,0,0.013448586,0,0
508941,Unknown Player,24/25,2025,0,0.013444228,0,0
402580,Unknown Player,24/25,2025,0,0.013438644,0,0
496644,Unknown Player,24/25,2025,0,0.013388376,0,0
1040077,Unknown Player,24/25,2025,0,0.013374036,0,0
847283,Unknown Player,24/25,2025,0,0.013354595,0,0
1003088,Unknown Player,24/25,2025,0,0.013351397,0,0
643707,Unknown Player,24/25,2025,0,0.013336976,0,0
795437,Unknown Player,24/25,2025,0,0.013292074,0,0
638262,Unknown Player,24/25,2025,0,0.013277554,0,0
457778,Unknown Player,24/25,2025,0,0.013267563,0,0
591957,Unknown Player,24/25,2025,0,0.0132670505,0,0
167904,Unknown Player,24/25,2025,0,0.013252608,0,0
579089,Unknown Player,24/25,2025,0,0.013243694,0,0
1110023,Unknown Player,24/25,2025,0,0.013232009,0,0
871339,Unknown Player,24/25,2025,0,0.013220725,0,0
511545,Unknown Player,24/25,2025,0,0.013207762,0,0
657479,Unknown Player,24/25,2025,0,0.013183335,0,0
635904,Unknown Player,24/25,2025,0,0.013172204,0,0
580560,Unknown Player,24/25,2025,0,0.013159354,0,0
175828,Unknown Player,24/25,2025,0,0.013145967,0,0
1068102,Unknown Player,24/25,2025,0,0.013141575,0,0
1197868,Unknown Player,24/25,2025,0,0.013132811,0,0
11111,Unknown Player,24/25,2025,0,0.013118017,0,0
540690,Unknown Player,24/25,2025,0,0.013115425,0,0
1147623,Unknown Player,24/25,2025,0,0.013114808,0,0
598098,Unknown Player,24/25,2025,0,0.013111037,0,0
1073654,Unknown Player,24/25,2025,0,0.013103118,0,0
1369810,Unknown Player,24/25,2025,0,0.013098828,0,0
166315,Unknown Player,24/25,2025,0,0.013086671,0,0
457675,Unknown Player,24/25,2025,0,0.013066824,0,0
818880,Unknown Player,24/25,2025,0,0.013059921,0,0
294388,Unknown Player,24/25,2025,0,0.0130480705,0,0
197272,Unknown Player,24/25,2025,0,0.013047351,0,0
336959,Unknown Player,24/25,2025,0,0.013039709,0,0
1208182,Unknown Player,24/25,2025,0,0.013036653,0,0
934796,Unknown Player,24/25,2025,0,0.013032328,0,0
199767,Unknown Player,24/25,2025,0,0.013012979,0,0
1020544,Unknown Player,24/25,2025,0,0.013000479,0,0
672836,Unknown Player,24/25,2025,0,0.012996577,0,0
200062,Unknown Player,24/25,2025,0,0.012985755,0,0
832992,Unknown Player,24/25,2025,0,0.012981446,0,0
515112,Unknown Player,24/25,2025,1,0.012970509,0,1
457528,Unknown Player,24/25,2025,0,0.012962929,0,0
499604,Unknown Player,24/25,2025,0,0.012960776,0,0
1159786,Unknown Player,24/25,2025,0,0.012946534,0,0
334341,Unknown Player,24/25,2025,0,0.012930256,0,0
145840,Unknown Player,24/25,2025,0,0.012903809,0,0
595901,Unknown Player,24/25,2025,0,0.012899777,0,0
717957,Unknown Player,24/25,2025,0,0.012897742,0,0
93935,Unknown Player,24/25,2025,0,0.012883053,0,0
340870,Unknown Player,24/25,2025,0,0.012873554,0,0
167874,Unknown Player,24/25,2025,0,0.012868199,0,0
1205311,Unknown Player,24/25,2025,0,0.012852986,0,0
1317650,Unknown Player,24/25,2025,0,0.012836613,0,0
229817,Unknown Player,24/25,2025,0,0.012824256,0,0
335740,Unknown Player,24/25,2025,0,0.012819102,0,0
547041,Unknown Player,24/25,2025,0,0.012818311,0,0
636686,Unknown Player,24/25,2025,0,0.012813088,0,0
349715,Unknown Player,24/25,2025,0,0.012803634,0,0
743597,Unknown Player,24/25,2025,0,0.012786179,0,0
333923,Unknown Player,24/25,2025,0,0.012764967,0,0
163243,Unknown Player,24/25,2025,0,0.01276314,0,0
948958,Unknown Player,24/25,2025,0,0.012732691,0,0
202914,Unknown Player,24/25,2025,0,0.012688022,0,0
536506,Unknown Player,24/25,2025,0,0.012665004,0,0
613533,Unknown Player,24/25,2025,0,0.012659538,0,0
998205,Unknown Player,24/25,2025,0,0.012659484,0,0
745952,Unknown Player,24/25,2025,0,0.012636129,0,0
250543,Unknown Player,24/25,2025,0,0.0126230465,0,0
457448,Unknown Player,24/25,2025,0,0.012621329,0,0
265471,Unknown Player,24/25,2025,0,0.012620379,0,0
434224,Unknown Player,24/25,2025,0,0.012600982,0,0
187364,Unknown Player,24/25,2025,0,0.0125869345,0,0
1077728,Unknown Player,24/25,2025,0,0.012564428,0,0
527211,Unknown Player,24/25,2025,0,0.012562399,0,0
285322,Unknown Player,24/25,2025,0,0.012552856,0,0
82011,Unknown Player,24/25,2025,0,0.012514866,0,0
703767,Unknown Player,24/25,2025,0,0.012511792,0,0
745960,Unknown Player,24/25,2025,0,0.012496394,0,0
200167,Unknown Player,24/25,2025,0,0.012453178,0,0
925105,Unknown Player,24/25,2025,0,0.01243058,0,0
85177,Unknown Player,24/25,2025,0,0.012401012,0,0
195762,Unknown Player,24/25,2025,0,0.012387611,0,0
646672,Unknown Player,24/25,2025,0,0.01238158,0,0
461937,Unknown Player,24/25,2025,0,0.012359233,0,0
458777,Unknown Player,24/25,2025,0,0.012337332,0,0
50219,Unknown Player,24/25,2025,0,0.012331797,0,0
889540,Unknown Player,24/25,2025,0,0.01232469,0,0
396106,Unknown Player,24/25,2025,0,0.012316008,0,0
63596,Unknown Player,24/25,2025,0,0.01231326,0,0
617698,Unknown Player,24/25,2025,0,0.012304095,0,0
809986,Unknown Player,24/25,2025,0,0.012299953,0,0
146618,Unknown Player,24/25,2025,0,0.012295284,0,0
987442,Unknown Player,24/25,2025,0,0.012243571,0,0
195456,Unknown Player,24/25,2025,0,0.012210917,0,0
981399,Unknown Player,24/25,2025,0,0.012202676,0,0
1079183,Unknown Player,24/25,2025,0,0.012197247,0,0
279144,Unknown Player,24/25,2025,0,0.012187868,0,0
354666,Unknown Player,24/25,2025,0,0.01218015,0,0
91241,Unknown Player,24/25,2025,0,0.01217208,0,0
941155,Unknown Player,24/25,2025,0,0.01217169,0,0
125561,Unknown Player,24/25,2025,0,0.012161844,0,0
1147403,Unknown Player,24/25,2025,0,0.012156923,0,0
741267,Unknown Player,24/25,2025,0,0.012155595,0,0
595273,Unknown Player,24/25,2025,0,0.0121490415,0,0
466807,Unknown Player,24/25,2025,0,0.012133634,0,0
797734,Unknown Player,24/25,2025,0,0.012130262,0,0
183383,Unknown Player,24/25,2025,0,0.012127588,0,0
265132,Unknown Player,24/25,2025,0,0.012126474,0,0
986733,Unknown Player,24/25,2025,0,0.01212069,0,0
670717,Unknown Player,24/25,2025,0,0.012114485,0,0
395805,Unknown Player,24/25,2025,0,0.012083548,0,0
213911,Unknown Player,24/25,2025,0,0.012069826,0,0
567102,Unknown Player,24/25,2025,0,0.012058182,0,0
818422,Unknown Player,24/25,2025,0,0.012050526,0,0
533568,Unknown Player,24/25,2025,0,0.012038117,0,0
1175284,Unknown Player,24/25,2025,0,0.012035725,0,0
220496,Unknown Player,24/25,2025,0,0.012026711,0,0
967813,Unknown Player,24/25,2025,0,0.012023195,0,0
138144,Unknown Player,24/25,2025,0,0.012020181,0,0
465606,Unknown Player,24/25,2025,0,0.012009286,0,0
992501,Unknown Player,24/25,2025,0,0.012007243,0,0
812397,Unknown Player,24/25,2025,0,0.011993872,0,0
599675,Unknown Player,24/25,2025,0,0.011988934,0,0
393487,Unknown Player,24/25,2025,0,0.011979839,0,0
631221,Unknown Player,24/25,2025,0,0.011970569,0,0
937543,Unknown Player,24/25,2025,0,0.011952034,0,0
60551,Unknown Player,24/25,2025,0,0.011950835,0,0
293002,Unknown Player,24/25,2025,0,0.01193237,0,0
539677,Unknown Player,24/25,2025,0,0.011931111,0,0
453508,Unknown Player,24/25,2025,0,0.011916308,0,0
1202991,Unknown Player,24/25,2025,0,0.011899336,0,0
113130,Unknown Player,24/25,2025,0,0.011885675,0,0
263856,Unknown Player,24/25,2025,0,0.011863653,0,0
939344,Unknown Player,24/25,2025,0,0.011839478,0,0
343153,Unknown Player,24/25,2025,0,0.011823702,0,0
137576,Unknown Player,24/25,2025,0,0.011795526,0,0
890232,Unknown Player,24/25,2025,0,0.011777465,0,0
443542,Unknown Player,24/25,2025,0,0.011775596,0,0
980242,Unknown Player,24/25,2025,0,0.011762911,0,0
539631,Unknown Player,24/25,2025,0,0.011760771,0,0
456111,Unknown Player,24/25,2025,0,0.011756561,0,0
370704,Unknown Player,24/25,2025,0,0.011729236,0,0
345083,Unknown Player,24/25,2025,0,0.011722904,0,0
678447,Unknown Player,24/25,2025,0,0.011722279,0,0
148372,Unknown Player,24/25,2025,0,0.011664719,0,0
520947,Unknown Player,24/25,2025,0,0.0116573665,0,0
404268,Unknown Player,24/25,2025,0,0.011617039,0,0
1064116,Unknown Player,24/25,2025,0,0.011597209,0,0
358874,Unknown Player,24/25,2025,0,0.011590935,0,0
981713,Unknown Player,24/25,2025,0,0.011575747,0,0
312208,Unknown Player,24/25,2025,0,0.01156689,0,0
817330,Unknown Player,24/25,2025,0,0.011566848,0,0
499758,Unknown Player,24/25,2025,0,0.011551407,0,0
449443,Unknown Player,24/25,2025,0,0.011545077,0,0
470607,Unknown Player,24/25,2025,0,0.01153924,0,0
908760,Unknown Player,24/25,2025,0,0.011535656,0,0
175323,Unknown Player,24/25,2025,0,0.011530068,0,0
217145,Unknown Player,24/25,2025,0,0.0115105035,0,0
719683,Unknown Player,24/25,2025,0,0.011508187,0,0
628308,Unknown Player,24/25,2025,0,0.011498231,0,0
271281,Unknown Player,24/25,2025,0,0.0114942165,0,0
599593,Unknown Player,24/25,2025,0,0.011491952,0,0
230826,Unknown Player,24/25,2025,0,0.01144058,0,0
1004327,Unknown Player,24/25,2025,0,0.011432186,0,0
104555,Unknown Player,24/25,2025,0,0.011428592,0,0
397115,Unknown Player,24/25,2025,0,0.011417462,0,0
422929,Unknown Player,24/25,2025,0,0.011415723,0,0
222977,Unknown Player,24/25,2025,0,0.01140902,0,0
131101,Unknown Player,24/25,2025,0,0.011405793,0,0
943893,Unknown Player,24/25,2025,0,0.011382333,0,0
386574,Unknown Player,24/25,2025,0,0.011371815,0,0
224044,Unknown Player,24/25,2025,0,0.011359701,0,0
355630,Unknown Player,24/25,2025,0,0.011327155,0,0
253341,Unknown Player,24/25,2025,0,0.011323246,0,0
487346,Unknown Player,24/25,2025,0,0.011299287,0,0
463790,Unknown Player,24/25,2025,0,0.011290757,0,0
426084,Unknown Player,24/25,2025,0,0.011266542,0,0
558269,Unknown Player,24/25,2025,0,0.011251922,0,0
512111,Unknown Player,24/25,2025,0,0.011233221,0,0
854537,Unknown Player,24/25,2025,0,0.01121709,0,0
823992,Unknown Player,24/25,2025,0,0.01121166,0,0
43484,Unknown Player,24/25,2025,0,0.011207764,0,0
287663,Unknown Player,24/25,2025,0,0.011205059,0,0
134883,Unknown Player,24/25,2025,0,0.011196636,0,0
286375,Unknown Player,24/25,2025,0,0.011195142,0,0
559320,Unknown Player,24/25,2025,0,0.011186308,0,0
594227,Unknown Player,24/25,2025,0,0.011177725,0,0
107612,Unknown Player,24/25,2025,0,0.0111660315,0,0
418144,Unknown Player,24/25,2025,0,0.011161215,0,0
438927,Unknown Player,24/25,2025,0,0.011159457,0,0
271455,Unknown Player,24/25,2025,0,0.011157553,0,0
401437,Unknown Player,24/25,2025,0,0.011143814,0,0
811779,Unknown Player,24/25,2025,0,0.011112482,0,0
796307,Unknown Player,24/25,2025,0,0.011111278,0,0
259916,Unknown Player,24/25,2025,0,0.011086235,0,0
297194,Unknown Player,24/25,2025,0,0.011081693,0,0
706797,Unknown Player,24/25,2025,0,0.011081348,0,0
277381,Unknown Player,24/25,2025,0,0.011067363,0,0
113797,Unknown Player,24/25,2025,0,0.011054704,0,0
321071,Unknown Player,24/25,2025,0,0.011052936,0,0
1105529,Unknown Player,24/25,2025,0,0.011031208,0,0
628451,Unknown Player,24/25,2025,0,0.011027634,0,0
284306,Unknown Player,24/25,2025,0,0.0110130515,0,0
677382,Unknown Player,24/25,2025,0,0.011008145,0,0
277972,Unknown Player,24/25,2025,0,0.01097833,0,0
349712,Unknown Player,24/25,2025,0,0.010975591,0,0
163649,Unknown Player,24/25,2025,0,0.010963842,0,0
623036,Unknown Player,24/25,2025,0,0.010931201,0,0
167900,Unknown Player,24/25,2025,0,0.010923378,0,0
1180701,Unknown Player,24/25,2025,0,0.010911886,0,0
821350,Unknown Player,24/25,2025,0,0.010884643,0,0
84766,Unknown Player,24/25,2025,0,0.010862175,0,0
503684,Unknown Player,24/25,2025,0,0.010849963,0,0
757905,Unknown Player,24/25,2025,0,0.010841216,0,0
895591,Unknown Player,24/25,2025,0,0.0107936,0,0
587606,Unknown Player,24/25,2025,0,0.010782247,0,0
718177,Unknown Player,24/25,2025,0,0.01077634,0,0
1047098,Unknown Player,24/25,2025,0,0.010750015,0,0
818544,Unknown Player,24/25,2025,0,0.010748221,0,0
545567,Unknown Player,24/25,2025,0,0.010728445,0,0
837269,Unknown Player,24/25,2025,0,0.010716432,0,0
165007,Unknown Player,24/25,2025,0,0.010700949,0,0
240252,Unknown Player,24/25,2025,0,0.0106894355,0,0
845563,Unknown Player,24/25,2025,0,0.0106869,0,0
427576,Unknown Player,24/25,2025,0,0.010686738,0,0
289257,Unknown Player,24/25,2025,0,0.010683526,0,0
451677,Unknown Player,24/25,2025,0,0.010668247,0,0
738492,Unknown Player,24/25,2025,0,0.010666776,0,0
990202,Unknown Player,24/25,2025,0,0.010664181,0,0
79510,Unknown Player,24/25,2025,0,0.010647687,0,0
700078,Unknown Player,24/25,2025,0,0.010640757,0,0
168088,Unknown Player,24/25,2025,0,0.010630377,0,0
818546,Unknown Player,24/25,2025,0,0.010620206,0,0
604616,Unknown Player,24/25,2025,0,0.010603344,0,0
1042499,Unknown Player,24/25,2025,0,0.010574414,0,0
724112,Unknown Player,24/25,2025,0,0.0105688535,0,0
613449,Unknown Player,24/25,2025,0,0.010563763,0,0
563754,Unknown Player,24/25,2025,0,0.010561526,0,0
22686,Unknown Player,24/25,2025,0,0.010556479,0,0
56223,Unknown Player,24/25,2025,0,0.010531601,0,0
199070,Unknown Player,24/25,2025,0,0.010517234,0,0
374089,Unknown Player,24/25,2025,0,0.010516521,0,0
743381,Unknown Player,24/25,2025,0,0.010504951,0,0
287651,Unknown Player,24/25,2025,0,0.010500783,0,0
20137,Unknown Player,24/25,2025,0,0.010485979,0,0
537371,Unknown Player,24/25,2025,0,0.0104707405,0,0
1084447,Unknown Player,24/25,2025,0,0.010416096,0,0
559172,Unknown Player,24/25,2025,0,0.010402373,0,0
708099,Unknown Player,24/25,2025,0,0.01038509,0,0
646353,Unknown Player,24/25,2025,0,0.0103849275,0,0
431190,Unknown Player,24/25,2025,0,0.010367276,0,0
545647,Unknown Player,24/25,2025,0,0.010364811,0,0
583920,Unknown Player,24/25,2025,0,0.010333208,0,0
746974,Unknown Player,24/25,2025,0,0.0102856215,0,0
1176433,Unknown Player,24/25,2025,0,0.0102725625,0,0
724068,Unknown Player,24/25,2025,0,0.010272038,0,0
988977,Unknown Player,24/25,2025,0,0.0102704195,0,0
543387,Unknown Player,24/25,2025,0,0.010253576,0,0
1285176,Unknown Player,24/25,2025,0,0.010229914,0,0
325896,Unknown Player,24/25,2025,0,0.010213339,0,0
433358,Unknown Player,24/25,2025,0,0.0101969,0,0
285913,Unknown Player,24/25,2025,0,0.010184361,0,0
549313,Unknown Player,24/25,2025,0,0.010182679,0,0
571422,Unknown Player,24/25,2025,0,0.010168937,0,0
358505,Unknown Player,24/25,2025,0,0.010162954,0,0
1113634,Unknown Player,24/25,2025,0,0.010160734,0,0
847279,Unknown Player,24/25,2025,0,0.010157027,0,0
496996,Unknown Player,24/25,2025,0,0.010153906,0,0
1048452,Unknown Player,24/25,2025,0,0.010153499,0,0
1058396,Unknown Player,24/25,2025,0,0.010149058,0,0
860078,Unknown Player,24/25,2025,0,0.010144144,0,0
967319,Unknown Player,24/25,2025,0,0.010138807,0,0
374418,Unknown Player,24/25,2025,0,0.010114234,0,0
623040,Unknown Player,24/25,2025,0,0.010111112,0,0
838771,Unknown Player,24/25,2025,0,0.010101199,0,0
723010,Unknown Player,24/25,2025,0,0.010098125,0,0
197751,Unknown Player,24/25,2025,0,0.010097872,0,0
916497,Unknown Player,24/25,2025,0,0.010096423,0,0
125786,Unknown Player,24/25,2025,0,0.010081731,0,0
525576,Unknown Player,24/25,2025,0,0.010078068,0,0
391237,Unknown Player,24/25,2025,0,0.010070117,0,0
1127243,Unknown Player,24/25,2025,0,0.010066662,0,0
816006,Unknown Player,24/25,2025,0,0.010048621,0,0
908768,Unknown Player,24/25,2025,0,0.01003172,0,0
459102,Unknown Player,24/25,2025,0,0.010012578,0,0
1299566,Unknown Player,24/25,2025,0,0.010010035,0,0
110822,Unknown Player,24/25,2025,0,0.009992067,0,0
423614,Unknown Player,24/25,2025,0,0.0099447435,0,0
258878,Unknown Player,24/25,2025,0,0.009939768,0,0
138295,Unknown Player,24/25,2025,0,0.009925954,0,0
720532,Unknown Player,24/25,2025,0,0.009923227,0,0
1060893,Unknown Player,24/25,2025,0,0.00991468,0,0
87854,Unknown Player,24/25,2025,0,0.009912364,0,0
16911,Unknown Player,24/25,2025,0,0.009900742,0,0
911923,Unknown Player,24/25,2025,0,0.009888213,0,0
384789,Unknown Player,24/25,2025,0,0.009885604,0,0
633492,Unknown Player,24/25,2025,0,0.009881829,0,0
897651,Unknown Player,24/25,2025,0,0.009881646,0,0
650224,Unknown Player,24/25,2025,0,0.00987681,0,0
213975,Unknown Player,24/25,2025,0,0.009847281,0,0
661150,Unknown Player,24/25,2025,0,0.009828617,0,0
874947,Unknown Player,24/25,2025,0,0.009819228,0,0
287710,Unknown Player,24/25,2025,0,0.009818297,0,0
300536,Unknown Player,24/25,2025,0,0.009809743,0,0
1047101,Unknown Player,24/25,2025,0,0.009807136,0,0
405682,Unknown Player,24/25,2025,0,0.009804955,0,0
46552,Unknown Player,24/25,2025,0,0.009800299,0,0
126161,Unknown Player,24/25,2025,1,0.009799868,0,1
429983,Unknown Player,24/25,2025,0,0.009798545,0,0
945760,Unknown Player,24/25,2025,0,0.009788284,0,0
212391,Unknown Player,24/25,2025,0,0.009786972,0,0
169368,Unknown Player,24/25,2025,0,0.0097776735,0,0
493003,Unknown Player,24/25,2025,0,0.009752443,0,0
652698,Unknown Player,24/25,2025,0,0.00974985,0,0
257751,Unknown Player,24/25,2025,0,0.009741645,0,0
280978,Unknown Player,24/25,2025,0,0.009716461,0,0
333370,Unknown Player,24/25,2025,0,0.009711337,0,0
923838,Unknown Player,24/25,2025,0,0.009708114,0,0
926530,Unknown Player,24/25,2025,0,0.009708004,0,0
524008,Unknown Player,24/25,2025,0,0.009706826,0,0
824052,Unknown Player,24/25,2025,0,0.009694861,0,0
669219,Unknown Player,24/25,2025,0,0.009694114,0,0
191745,Unknown Player,24/25,2025,0,0.009693492,0,0
156566,Unknown Player,24/25,2025,0,0.009685979,0,0
358664,Unknown Player,24/25,2025,0,0.009677329,0,0
324806,Unknown Player,24/25,2025,0,0.00966602,0,0
140559,Unknown Player,24/25,2025,0,0.009658132,0,0
1296419,Unknown Player,24/25,2025,0,0.009645666,0,0
30677,Unknown Player,24/25,2025,0,0.009622485,0,0
1233680,Unknown Player,24/25,2025,0,0.009593922,0,0
287230,Unknown Player,24/25,2025,0,0.0095773265,0,0
617074,Unknown Player,24/25,2025,0,0.009562691,0,0
378482,Unknown Player,24/25,2025,0,0.0095595885,0,0
334705,Unknown Player,24/25,2025,0,0.009535402,0,0
611498,Unknown Player,24/25,2025,0,0.009529253,0,0
107444,Unknown Player,24/25,2025,0,0.009519514,0,0
663939,Unknown Player,24/25,2025,0,0.009519257,0,0
568177,Unknown Player,24/25,2025,0,0.009500788,0,0
443989,Unknown Player,24/25,2025,0,0.009489576,0,0
1291073,Unknown Player,24/25,2025,0,0.009489204,0,0
566965,Unknown Player,24/25,2025,0,0.009489106,0,0
967889,Unknown Player,24/25,2025,0,0.00946945,0,0
422052,Unknown Player,24/25,2025,0,0.00946683,0,0
388171,Unknown Player,24/25,2025,0,0.009465475,0,0
818237,Unknown Player,24/25,2025,0,0.009435568,0,0
329145,Unknown Player,24/25,2025,0,0.009423044,0,0
533354,Unknown Player,24/25,2025,0,0.009413546,0,0
217576,Unknown Player,24/25,2025,0,0.009366233,0,0
160560,Unknown Player,24/25,2025,0,0.009364473,0,0
528892,Unknown Player,24/25,2025,0,0.009353075,0,0
358250,Unknown Player,24/25,2025,0,0.009289869,0,0
487465,Unknown Player,24/25,2025,0,0.009265435,0,0
373916,Unknown Player,24/25,2025,0,0.009250984,0,0
195628,Unknown Player,24/25,2025,0,0.009205786,0,0
341049,Unknown Player,24/25,2025,0,0.009172981,0,0
636093,Unknown Player,24/25,2025,0,0.009153365,0,0
512690,Unknown Player,24/25,2025,0,0.00914027,0,0
1064391,Unknown Player,24/25,2025,0,0.009091045,0,0
237204,Unknown Player,24/25,2025,0,0.009088519,0,0
120977,Unknown Player,24/25,2025,0,0.009068221,0,0
126225,Unknown Player,24/25,2025,0,0.009055696,0,0
534166,Unknown Player,24/25,2025,0,0.009048476,0,0
544148,Unknown Player,24/25,2025,0,0.009043625,0,0
560725,Unknown Player,24/25,2025,0,0.009041207,0,0
439341,Unknown Player,24/25,2025,0,0.0090405485,0,0
277635,Unknown Player,24/25,2025,0,0.009010907,0,0
185551,Unknown Player,24/25,2025,0,0.008982504,0,0
98512,Unknown Player,24/25,2025,0,0.008950538,0,0
527329,Unknown Player,24/25,2025,0,0.008939767,0,0
635324,Unknown Player,24/25,2025,0,0.008933284,0,0
351843,Unknown Player,24/25,2025,0,0.0089214295,0,0
676266,Unknown Player,24/25,2025,0,0.008909299,0,0
183198,Unknown Player,24/25,2025,0,0.008899949,0,0
648195,Unknown Player,24/25,2025,0,0.0088979425,0,0
892929,Unknown Player,24/25,2025,0,0.008853918,0,0
924790,Unknown Player,24/25,2025,0,0.008823357,0,0
1013853,Unknown Player,24/25,2025,0,0.00878546,0,0
266795,Unknown Player,24/25,2025,0,0.008757732,0,0
601166,Unknown Player,24/25,2025,0,0.00875023,0,0
267113,Unknown Player,24/25,2025,0,0.008733751,0,0
343213,Unknown Player,24/25,2025,0,0.00872934,0,0
689637,Unknown Player,24/25,2025,0,0.008710298,0,0
745728,Unknown Player,24/25,2025,0,0.008690228,0,0
747258,Unknown Player,24/25,2025,0,0.008683859,0,0
103890,Unknown Player,24/25,2025,0,0.008680834,0,0
195335,Unknown Player,24/25,2025,0,0.008678066,0,0
282724,Unknown Player,24/25,2025,0,0.0086586885,0,0
508780,Unknown Player,24/25,2025,0,0.008658238,0,0
246963,Unknown Player,24/25,2025,0,0.008646279,0,0
820999,Unknown Player,24/25,2025,0,0.008632745,0,0
718547,Unknown Player,24/25,2025,0,0.008619259,0,0
1048199,Unknown Player,24/25,2025,0,0.008609469,0,0
589911,Unknown Player,24/25,2025,0,0.008609318,0,0
145553,Unknown Player,24/25,2025,0,0.008566297,0,0
505548,Unknown Player,24/25,2025,0,0.008545276,0,0
278092,Unknown Player,24/25,2025,0,0.008540337,0,0
347481,Unknown Player,24/25,2025,0,0.008539772,0,0
612093,Unknown Player,24/25,2025,0,0.008514869,0,0
335765,Unknown Player,24/25,2025,0,0.00850662,0,0
713479,Unknown Player,24/25,2025,0,0.008498625,0,0
435501,Unknown Player,24/25,2025,0,0.008486659,0,0
459697,Unknown Player,24/25,2025,0,0.008486053,0,0
730406,Unknown Player,24/25,2025,0,0.008478045,0,0
548671,Unknown Player,24/25,2025,0,0.00846853,0,0
764859,Unknown Player,24/25,2025,0,0.0084666805,0,0
959241,Unknown Player,24/25,2025,0,0.008424975,0,0
536081,Unknown Player,24/25,2025,0,0.008419174,0,0
1040079,Unknown Player,24/25,2025,0,0.008417227,0,0
788283,Unknown Player,24/25,2025,0,0.008375577,0,0
911810,Unknown Player,24/25,2025,0,0.008370062,0,0
303477,Unknown Player,24/25,2025,0,0.008363518,0,0
646699,Unknown Player,24/25,2025,0,0.008356367,0,0
638666,Unknown Player,24/25,2025,0,0.008348741,0,0
331505,Unknown Player,24/25,2025,0,0.008325666,0,0
747267,Unknown Player,24/25,2025,0,0.008318653,0,0
420002,Unknown Player,24/25,2025,0,0.008308641,0,0
303766,Unknown Player,24/25,2025,0,0.008280678,0,0
912468,Unknown Player,24/25,2025,0,0.008262977,0,0
279473,Unknown Player,24/25,2025,0,0.008254217,0,0
180215,Unknown Player,24/25,2025,0,0.008241151,0,0
565911,Unknown Player,24/25,2025,0,0.008232663,0,0
302371,Unknown Player,24/25,2025,0,0.008225518,0,0
630985,Unknown Player,24/25,2025,0,0.008193852,0,0
198981,Unknown Player,24/25,2025,0,0.008185378,0,0
297370,Unknown Player,24/25,2025,0,0.008165941,0,0
435778,Unknown Player,24/25,2025,0,0.008131917,0,0
227618,Unknown Player,24/25,2025,0,0.008120168,0,0
679050,Unknown Player,24/25,2025,0,0.008113449,0,0
205436,Unknown Player,24/25,2025,0,0.008082005,0,0
711383,Unknown Player,24/25,2025,0,0.00806726,0,0
550492,Unknown Player,24/25,2025,0,0.008060241,0,0
930756,Unknown Player,24/25,2025,0,0.008053965,0,0
1185046,Unknown Player,24/25,2025,0,0.008045942,0,0
808428,Unknown Player,24/25,2025,0,0.008036909,0,0
892221,Unknown Player,24/25,2025,0,0.0080125965,0,0
724881,Unknown Player,24/25,2025,0,0.007996728,0,0
403692,Unknown Player,24/25,2025,0,0.007993434,0,0
1120173,Unknown Player,24/25,2025,0,0.007981777,0,0
550446,Unknown Player,24/25,2025,0,0.007963942,0,0
207561,Unknown Player,24/25,2025,0,0.007957213,0,0
698536,Unknown Player,24/25,2025,0,0.00794835,0,0
571827,Unknown Player,24/25,2025,0,0.007943855,0,0
912525,Unknown Player,24/25,2025,0,0.007918207,0,0
347138,Unknown Player,24/25,2025,0,0.007896914,0,0
468264,Unknown Player,24/25,2025,0,0.007891152,0,0
717329,Unknown Player,24/25,2025,0,0.007883085,0,0
236168,Unknown Player,24/25,2025,0,0.007874978,0,0
475149,Unknown Player,24/25,2025,0,0.007870795,0,0
342195,Unknown Player,24/25,2025,0,0.007852998,0,0
599231,Unknown Player,24/25,2025,0,0.007843077,0,0
1231993,Unknown Player,24/25,2025,0,0.007842142,0,0
85383,Unknown Player,24/25,2025,0,0.007840651,0,0
372802,Unknown Player,24/25,2025,0,0.007839316,0,0
364711,Unknown Player,24/25,2025,0,0.007828356,0,0
620696,Unknown Player,24/25,2025,0,0.007820013,0,0
207014,Unknown Player,24/25,2025,0,0.007786432,0,0
656316,Unknown Player,24/25,2025,0,0.007769353,0,0
664581,Unknown Player,24/25,2025,0,0.007768677,0,0
89733,Unknown Player,24/25,2025,0,0.007707983,0,0
375044,Unknown Player,24/25,2025,0,0.0077054263,0,0
335591,Unknown Player,24/25,2025,0,0.00768855,0,0
579280,Unknown Player,24/25,2025,0,0.0076656747,0,0
637446,Unknown Player,24/25,2025,0,0.0076445024,0,0
812996,Unknown Player,24/25,2025,0,0.0075962692,0,0
249102,Unknown Player,24/25,2025,0,0.007559781,0,0
1120251,Unknown Player,24/25,2025,0,0.0074742786,0,0
473201,Unknown Player,24/25,2025,0,0.007452925,0,0
76163,Unknown Player,24/25,2025,0,0.007437815,0,0
908229,Unknown Player,24/25,2025,0,0.0074328706,0,0
778540,Unknown Player,24/25,2025,0,0.007421548,0,0
72121,Unknown Player,24/25,2025,0,0.007384526,0,0
237125,Unknown Player,24/25,2025,0,0.0073639015,0,0
419025,Unknown Player,24/25,2025,0,0.0073620025,0,0
542456,Unknown Player,24/25,2025,0,0.007357724,0,0
379743,Unknown Player,24/25,2025,0,0.0073340107,0,0
237100,Unknown Player,24/25,2025,0,0.007333413,0,0
636712,Unknown Player,24/25,2025,0,0.0073238458,0,0
537232,Unknown Player,24/25,2025,0,0.0072459714,0,0
104688,Unknown Player,24/25,2025,0,0.007241048,0,0
540378,Unknown Player,24/25,2025,0,0.0072118975,0,0
839807,Unknown Player,24/25,2025,0,0.0071886647,0,0
711633,Unknown Player,24/25,2025,0,0.007124616,0,0
217094,Unknown Player,24/25,2025,0,0.00707035,0,0
197791,Unknown Player,24/25,2025,0,0.007003938,0,0
466637,Unknown Player,24/25,2025,0,0.006994026,0,0
458187,Unknown Player,24/25,2025,0,0.006973612,0,0
340691,Unknown Player,24/25,2025,0,0.0069120945,0,0
106676,Unknown Player,24/25,2025,0,0.006878495,0,0
728861,Unknown Player,24/25,2025,0,0.006818095,0,0
342288,Unknown Player,24/25,2025,0,0.006810308,0,0
175445,Unknown Player,24/25,2025,0,0.006795494,0,0
988979,Unknown Player,24/25,2025,0,0.006691976,0,0
699783,Unknown Player,24/25,2025,0,0.006687556,0,0
289433,Unknown Player,24/25,2025,0,0.006636993,0,0
257727,Unknown Player,24/25,2025,0,0.0066291196,0,0
662476,Unknown Player,24/25,2025,0,0.0065274113,0,0
886909,Unknown Player,24/25,2025,0,0.006512857,0,0
220491,Unknown Player,24/25,2025,0,0.006488574,0,0
143045,Unknown Player,24/25,2025,0,0.0064242454,0,0
623519,Unknown Player,24/25,2025,0,0.006384391,0,0
1087262,Unknown Player,24/25,2025,0,0.006348179,0,0
626888,Unknown Player,24/25,2025,0,0.0062934705,0,0
77757,Unknown Player,24/25,2025,0,0.0061081797,0,0
1126888,Unknown Player,24/25,2025,0,0.0061070044,0,0
369563,Unknown Player,24/25,2025,0,0.006083805,0,0
618903,Unknown Player,24/25,2025,0,0.0057301703,0,0
289117,Unknown Player,24/25,2025,0,0.005717066,0,0
626724,Unknown Player,24/25,2025,0,0.0056956797,0,0
659331,Unknown Player,24/25,2025,0,0.005641954,0,0
617408,Unknown Player,24/25,2025,0,0.0056152577,0,0
356141,Unknown Player,24/25,2025,0,0.005603037,0,0
785353,Unknown Player,24/25,2025,0,0.005332499,0,0
492955,Unknown Player,24/25,2025,0,0.004682109,0,0
