player_id,player_name,season_name,summer_year,target,transfer_probability,predicted_label,is_error
398742,Tommaso Spaviero,24/25,2025,1,0.92764986,1,0
676422,Samuele Sorrentino,24/25,2025,1,0.9204068,1,0
840426,João Lima,24/25,2025,1,0.91416883,1,0
888182,Jorge Rastrojo,24/25,2025,1,0.9082566,1,0
930944,Tommaso Ghirardello,24/25,2025,1,0.90818167,1,0
391066,Giuseppe Montaperto,24/25,2025,1,0.90308124,1,0
610909,Oriol Martí,24/25,2025,1,0.9011565,1,0
933052,Timothy Ansah Ekuban,24/25,2025,1,0.90016687,1,0
805954,Manuel Garavini,24/25,2025,1,0.89831465,1,0
824887,Valentin Haberkon,24/25,2025,1,0.8969605,1,0
548729,Zeki Amdouni,24/25,2025,0,0.89313465,1,1
536112,Luca Manca,24/25,2025,0,0.89249426,1,1
959789,Gabriel Henin,24/25,2025,1,0.89042693,1,0
933054,Enrico Morri,24/25,2025,1,0.88944525,1,0
284000,Carlos Júnior,24/25,2025,0,0.88856685,1,1
1037696,Thomas Orfeini,24/25,2025,0,0.8882453,1,1
1028507,Óscar Vacas,24/25,2025,1,0.8867265,1,0
538918,Sebastiano Esposito,24/25,2025,1,0.8866822,1,0
930791,Filippo Cecchini,24/25,2025,1,0.88610244,1,0
733575,Ilies Faure,24/25,2025,1,0.88609123,1,0
610622,Urko Izeta,24/25,2025,0,0.8841695,1,1
936696,Giuseppe Ferrante,24/25,2025,1,0.88394004,1,0
659713,Gerson Sousa,24/25,2025,1,0.8838223,1,0
462250,João Félix,24/25,2025,1,0.8835752,1,0
353173,Falou Samb,24/25,2025,1,0.88221246,1,0
897617,Alessandro Torri,24/25,2025,1,0.88200486,1,0
167727,Andrea Belotti,24/25,2025,1,0.8816604,1,0
600730,José González,24/25,2025,0,0.88010025,1,1
704554,Santiago Muñóz,24/25,2025,0,0.87887216,1,1
607729,Jean-Pierre Tiéhi,24/25,2025,1,0.8788409,1,0
614719,Nicola Greco,24/25,2025,1,0.8788233,1,0
711445,Gioacchino Catania,24/25,2025,1,0.8781197,1,0
670860,James Beadle,24/25,2025,1,0.877922,1,0
315856,Christian Capone,24/25,2025,1,0.877218,1,0
215649,Mirko Marić,24/25,2025,0,0.8766231,1,1
634105,Alberto Marí,24/25,2025,1,0.87645954,1,0
419128,Bryan Mecca,24/25,2025,1,0.8742341,1,0
635570,Ander Dufur,24/25,2025,1,0.8741272,1,0
613727,Lorenzo Lombardi,24/25,2025,1,0.87375534,1,0
569368,Kelian Nsona,24/25,2025,1,0.87366575,1,0
331726,Tammy Abraham,24/25,2025,1,0.8735368,1,0
796892,Samuel Ntamack,24/25,2025,1,0.8731929,1,0
391138,Gioacchino Carullo,24/25,2025,1,0.8730976,1,0
120919,Giorgio Siani,24/25,2025,1,0.87284577,1,0
528833,Lazar Samardžić,24/25,2025,1,0.8726935,1,0
614086,Fábio Tavares,24/25,2025,1,0.8718841,1,0
298635,Grigoris Kastanos,24/25,2025,1,0.8716468,1,0
783429,Unai Dufur,24/25,2025,1,0.87119067,1,0
620393,Boubacar Coulibaly,24/25,2025,1,0.87111133,1,0
929799,Lorenzo Catania,24/25,2025,1,0.8710393,1,0
891922,Joel Priego,24/25,2025,1,0.8701408,1,0
951571,Bertony Renelus,24/25,2025,1,0.86973196,1,0
340067,King Udoh,24/25,2025,1,0.86847603,1,0
984749,Leonardo Saito,24/25,2025,0,0.86842334,1,1
937557,Francesco Costantini,24/25,2025,1,0.8682898,1,0
364380,Carlo Clemente,24/25,2025,1,0.86801076,1,0
995472,Gianmarco Di Biase,24/25,2025,1,0.8677659,1,0
935738,Antonio Coppola,24/25,2025,0,0.8676476,1,1
1283657,Edoardo Pierfederici,24/25,2025,1,0.8670929,1,0
255995,Mario González,24/25,2025,1,0.8670403,1,0
420513,Lorenzo Babbi,24/25,2025,1,0.86641073,1,0
1006089,Francesco Bova,24/25,2025,0,0.8660537,1,1
309180,Jan Mlakar,24/25,2025,1,0.8660342,1,0
701348,Gabriel Santoni,24/25,2025,0,0.8652346,1,1
409571,Mattia Mencagli,24/25,2025,1,0.8639634,1,0
446457,Miguel Ángel Martínez,24/25,2025,1,0.86364615,1,0
1101344,Emanuele Zanaboni,24/25,2025,1,0.86350036,1,0
924309,Samuele Zanini,24/25,2025,1,0.86342424,1,0
698721,Álvaro Cortés,24/25,2025,1,0.8629023,1,0
465988,Elia Giani,24/25,2025,1,0.8627674,1,0
361065,Mitchel Bakker,24/25,2025,0,0.8623095,1,1
744934,Mathieu Patouillet,24/25,2025,1,0.86227375,1,0
369707,Tomás Bolzicco,24/25,2025,0,0.8621953,1,1
670841,Junior Robinson,24/25,2025,1,0.8618407,1,0
543051,Billal Brahimi,24/25,2025,1,0.86179817,1,0
343289,André Bukia,24/25,2025,1,0.8615111,1,0
1174331,Paolo Pisano,24/25,2025,1,0.86134666,1,0
232376,Lucas Cueto,24/25,2025,1,0.8608908,1,0
715636,Iván López,24/25,2025,1,0.86086076,1,0
888267,Ariel Herrero,24/25,2025,1,0.8606913,1,0
979083,David López,24/25,2025,1,0.8605578,1,0
635581,Ander Yoldi,24/25,2025,0,0.8604802,1,1
636127,Chus Villar,24/25,2025,1,0.8603779,1,0
397411,Mirco Vassallo,24/25,2025,1,0.8593386,1,0
341019,Güven Yalçın,24/25,2025,1,0.85901475,1,0
455924,Davide Cortinovis,24/25,2025,1,0.8586982,1,0
496270,Gianmarco Cangiano,24/25,2025,1,0.8583326,1,0
1055133,Óscar Gonpi,24/25,2025,1,0.85797036,1,0
1296397,Leonardo Ferrario,24/25,2025,0,0.8579629,1,1
636359,Iván Serrano,24/25,2025,1,0.8578222,1,0
1148854,Jon Arruabarrena,24/25,2025,1,0.85777414,1,0
795791,Samuele Puglisi,24/25,2025,1,0.8577108,1,0
522502,Emmanuel Odianose,24/25,2025,1,0.8576873,1,0
1065761,Guilherme Neiva,24/25,2025,1,0.8573726,1,0
396125,José Carlos Márquez,24/25,2025,1,0.8571337,1,0
344869,Simon Banza,24/25,2025,0,0.8570893,1,1
543725,Ákos Zuigéber,24/25,2025,1,0.85686654,1,0
789792,Sergi Molina,24/25,2025,1,0.856198,1,0
672381,Jonathan Rowe,24/25,2025,1,0.85596955,1,0
633329,Adrián Garrido,24/25,2025,1,0.8558366,1,0
417830,Antonio Ferrara,24/25,2025,1,0.8554741,1,0
349873,Juan Hernández,24/25,2025,1,0.8552635,1,0
627276,Antonio Leal,24/25,2025,1,0.855254,1,0
202977,Luca Iotti,24/25,2025,0,0.8548457,1,1
340262,Luca Donaggio,24/25,2025,1,0.85464585,1,0
929829,Dani Simón,24/25,2025,1,0.8545092,1,0
817270,Alberto Centis,24/25,2025,1,0.8543876,1,0
980866,Talles Wander,24/25,2025,1,0.85434616,1,0
282810,Carles Pérez,24/25,2025,1,0.85422236,1,0
1154990,Miguel Pérez,24/25,2025,1,0.8539927,1,0
409896,Chinaecherem Ibe,24/25,2025,1,0.8539661,1,0
625630,Lorenzo Chiti,24/25,2025,1,0.8538379,1,0
466810,Ansu Fati,24/25,2025,1,0.8537377,1,0
504107,Edi Semedo,24/25,2025,0,0.8536455,1,1
891971,João Marques,24/25,2025,0,0.85349613,1,1
416371,Davide Zugaro,24/25,2025,1,0.85348284,1,0
457973,Agustín Coscia,24/25,2025,1,0.8532419,1,0
1054284,Riccardo Vesprini,24/25,2025,1,0.8532344,1,0
379877,Luis Henrique,24/25,2025,1,0.85308933,1,0
226812,Gorka Santamaría,24/25,2025,1,0.853033,1,0
442767,Iñigo Muñoz,24/25,2025,1,0.8529808,1,0
960001,Álvaro Martínez,24/25,2025,1,0.85295504,1,0
707575,Joan Salvá,24/25,2025,1,0.852882,1,0
713357,Filippo Palazzino,24/25,2025,0,0.8525575,1,1
983843,Neneca,24/25,2025,1,0.85231876,1,0
476531,Joan Piera,24/25,2025,1,0.85210496,1,0
814351,Filippo Scipione,24/25,2025,1,0.8518636,1,0
247377,Kevin Bonifazi,24/25,2025,0,0.8513038,1,1
524011,David Nates,24/25,2025,1,0.8512179,1,0
723498,Daniel Hais,24/25,2025,1,0.85106146,1,0
601823,Davide Pirola,24/25,2025,0,0.851058,1,1
930891,Darío Germil,24/25,2025,1,0.8510524,1,0
499830,Samuele Spalluto,24/25,2025,1,0.8508302,1,0
783419,Álvaro García,24/25,2025,1,0.85080075,1,0
1035221,Lorenzo Brusca,24/25,2025,1,0.8502446,1,0
696619,Mattia Gaddini,24/25,2025,1,0.8494663,1,0
229256,Guille Andrés,24/25,2025,1,0.8490827,1,0
707456,Fallou Sene,24/25,2025,1,0.8487042,1,0
812625,Agustín Álvarez,24/25,2025,1,0.8484085,1,0
780628,Oussama Chit,24/25,2025,1,0.84834635,1,0
819326,Ismaila Badje,24/25,2025,1,0.84817505,1,0
635937,Fran Moreno,24/25,2025,1,0.847543,1,0
818150,Lorenzo Chiarella,24/25,2025,1,0.8474295,1,0
430488,Edgar Sevikyan,24/25,2025,1,0.84659016,1,0
238968,Matteo Lomolino,24/25,2025,1,0.84618723,1,0
603451,Davide Petito,24/25,2025,1,0.845948,1,0
95424,Kyle Walker,24/25,2025,1,0.84543556,1,0
1157383,Angelo Traini,24/25,2025,1,0.8452535,1,0
531829,Dani Escriche,24/25,2025,0,0.8446682,1,1
717640,Álex Altube,24/25,2025,1,0.8444991,1,0
366729,Nazariy Rusyn,24/25,2025,1,0.8438864,1,0
442425,Georgi Rusev,24/25,2025,1,0.8438151,1,0
546627,Jacopo Pellegrini,24/25,2025,1,0.84376436,1,0
632929,Iván Castillo,24/25,2025,1,0.8434191,1,0
152431,Dominic Baumann,24/25,2025,1,0.8432853,1,0
295420,Steven Prieto,24/25,2025,1,0.8431716,1,0
1048316,Kareem Ben-Kmayal,24/25,2025,1,0.84280175,1,0
1020749,Gabriel Rabanillo,24/25,2025,1,0.84268117,1,0
217155,Borja Sánchez,24/25,2025,1,0.8426058,1,0
685793,Raúl Pesca,24/25,2025,1,0.8417224,1,0
475736,Loren Fernández,24/25,2025,1,0.8416309,1,0
913944,Sergio Montes,24/25,2025,1,0.8415931,1,0
1035760,Tommaso Pegoraro,24/25,2025,1,0.8415512,1,0
831699,Tiago Santos,24/25,2025,1,0.8413374,1,0
715640,Juan Durán,24/25,2025,1,0.8413031,1,0
198005,Cristian Ponde,24/25,2025,1,0.84081125,1,0
965038,Jaime Escobar,24/25,2025,1,0.8407776,1,0
548187,Alejandro Pérez,24/25,2025,1,0.8405745,1,0
634116,Yoel Ramírez,24/25,2025,1,0.84044796,1,0
590841,Migouel Alfarela,24/25,2025,1,0.8404416,1,0
787256,Jesús Hernández,24/25,2025,1,0.84011877,1,0
887254,Edu Gallardo,24/25,2025,0,0.84007263,1,1
243555,Miguel Santos,24/25,2025,0,0.8400459,1,1
199763,Sergio Garufi,24/25,2025,1,0.8397001,1,0
976828,Matteo Di Paola,24/25,2025,1,0.8394686,1,0
628494,Carlos García,24/25,2025,1,0.8394396,1,0
622236,Radek Vítek,24/25,2025,1,0.83935285,1,0
329517,Georgios Masouras,24/25,2025,1,0.83930033,1,0
260801,Eugenio Isnaldo,24/25,2025,1,0.83907276,1,0
383114,Gorka Pérez,24/25,2025,1,0.83901596,1,0
634268,Javier Albín,24/25,2025,1,0.83891046,1,0
1124149,Jaime Requés,24/25,2025,1,0.8387964,1,0
627215,Gabriel Noga,24/25,2025,1,0.8387457,1,0
924776,Mattia Bifini,24/25,2025,1,0.8387012,1,0
949077,Álex Alemán,24/25,2025,1,0.8386121,1,0
585536,Jonny Arriba,24/25,2025,1,0.8384328,1,0
917015,Fabio Torsiello,24/25,2025,1,0.83838123,1,0
513057,Javi Bueno,24/25,2025,1,0.83837104,1,0
596884,Adrián Butzke,24/25,2025,1,0.8382689,1,0
988862,Moustapha Cissé,24/25,2025,0,0.83817595,1,1
343237,Malik Karaahmet,24/25,2025,0,0.83785963,1,1
401173,Jadon Sancho,24/25,2025,1,0.8378134,1,0
1308575,Giovanni Otero,24/25,2025,1,0.8374098,1,0
610901,Cristiano Podestà,24/25,2025,1,0.8373056,1,0
398270,Chris Gueye,24/25,2025,1,0.8370205,1,0
568722,Jake Engerer,24/25,2025,0,0.8370024,1,1
718203,Manu Rico,24/25,2025,0,0.8358943,1,1
711635,Alexandro Fernández,24/25,2025,1,0.8357459,1,0
926854,Noel López,24/25,2025,1,0.8356872,1,0
634430,Israel Salazar,24/25,2025,1,0.83564717,1,0
511551,Joe Anderson,24/25,2025,0,0.83539885,1,1
708928,Sergio Chinchilla,24/25,2025,1,0.83538204,1,0
710089,Eduard Rusu,24/25,2025,0,0.83529335,1,1
464899,Alex Escardó,24/25,2025,1,0.8349346,1,0
341140,Nicolae Carnat,24/25,2025,1,0.8349328,1,0
395544,Pietro Tribelli,24/25,2025,0,0.83451456,1,1
1065246,Sergio Huecas,24/25,2025,0,0.834509,1,1
815652,Tiago Morais,24/25,2025,1,0.83435386,1,0
395875,Simone Ferrari,24/25,2025,1,0.83431697,1,0
937891,Francesco Raffaelli,24/25,2025,1,0.83426726,1,0
463666,Antoine Baroan,24/25,2025,1,0.83420056,1,0
888639,Ethan Wheatley,24/25,2025,1,0.8338583,1,0
435337,Alfredo Sualdea,24/25,2025,1,0.8338572,1,0
746553,Reyes Cleary,24/25,2025,1,0.833779,1,0
554251,Yasser Larouci,24/25,2025,1,0.83377844,1,0
470128,Sam Dalby,24/25,2025,1,0.833752,1,0
182752,Marlon Frey,24/25,2025,1,0.8336028,1,0
973703,Brenner,24/25,2025,1,0.8334952,1,0
704423,Mattia Florio,24/25,2025,1,0.8334531,1,0
956708,Loup-Diwan Gueho,24/25,2025,1,0.8333082,1,0
815546,Francesco Gioielli,24/25,2025,1,0.83329475,1,0
417346,Jack Harrison,24/25,2025,0,0.8330397,1,1
686808,Pietro Carcani,24/25,2025,1,0.8330203,1,0
534174,Samuele Vianni,24/25,2025,1,0.8328991,1,0
1003958,Samu Mayo,24/25,2025,1,0.8327253,1,0
364136,Lorenzo Gavioli,24/25,2025,1,0.832579,1,0
610369,Luis Hernáiz,24/25,2025,1,0.8323679,1,0
1041218,Asier Pérez,24/25,2025,1,0.83214813,1,0
338401,Ulrich Nnomo,24/25,2025,0,0.8320334,1,1
1060722,Moha Bassele,24/25,2025,0,0.8320097,1,1
783882,César Gómez,24/25,2025,1,0.8319854,1,0
125614,Sargis Adamyan,24/25,2025,0,0.8319329,1,1
534372,Javi Martín,24/25,2025,1,0.83136684,1,0
589096,Khalid Mohammed,24/25,2025,1,0.8312012,1,0
358903,Leroy Kwadwo,24/25,2025,1,0.8310981,1,0
928233,Younous Tassembedo,24/25,2025,1,0.8310764,1,0
945713,Marcos Moreno,24/25,2025,1,0.8305796,1,0
455374,Gianluca Bassano,24/25,2025,1,0.830478,1,0
231590,Braydon Manu,24/25,2025,0,0.83041525,1,1
614508,Adilson Silva,24/25,2025,1,0.83005065,1,0
360412,Jordy Caicedo,24/25,2025,1,0.8300301,1,0
390460,Richmond Tachie,24/25,2025,0,0.8300012,1,1
623640,Frixos Grivas,24/25,2025,1,0.82982296,1,0
1143878,Miguel Prieto,24/25,2025,1,0.82958305,1,0
741295,Enrique Herrero,24/25,2025,0,0.82957006,1,1
509144,Alessio Pertosa,24/25,2025,1,0.8293613,1,0
624267,Dale Taylor,24/25,2025,1,0.82915324,1,0
649016,El Bilal Touré,24/25,2025,1,0.82860786,1,0
529142,Daouda Beleme,24/25,2025,1,0.82859975,1,0
1048582,Darius Fustos,24/25,2025,1,0.82844,1,0
999745,Damola Ajayi,24/25,2025,1,0.8283543,1,0
933098,Alessandro Latini,24/25,2025,1,0.82806635,1,0
413477,Álex Gil,24/25,2025,1,0.82795966,1,0
1179588,Yuzún Ley,24/25,2025,1,0.8277247,1,0
369171,Niall Ennis,24/25,2025,1,0.8277113,1,0
460602,Franck Djoulou,24/25,2025,1,0.8277037,1,0
834485,Unai Egiluz,24/25,2025,0,0.8275325,1,1
936183,Christian Corradi,24/25,2025,1,0.8272825,1,0
611174,Jofre Cherta,24/25,2025,1,0.82720596,1,0
895947,Manuel Cesari,24/25,2025,0,0.82710534,1,1
239972,Jonas Carls,24/25,2025,1,0.8270564,1,0
1068762,Dawda Dambelleh,24/25,2025,1,0.8269718,1,0
636318,Chus Ruiz,24/25,2025,1,0.8267799,1,0
982894,Eric Iglesias,24/25,2025,1,0.8267282,1,0
543779,Patrik Posztobányi,24/25,2025,1,0.8267279,1,0
881542,Nene,24/25,2025,1,0.8266602,1,0
971006,Ayoub El Battioui,24/25,2025,1,0.8266365,1,0
995011,Jeremias Nunez,24/25,2025,1,0.82657844,1,0
780818,Josan Gordo,24/25,2025,1,0.826437,1,0
659705,Paulo Victor,24/25,2025,0,0.8263275,1,1
946282,Isaac Obeng,24/25,2025,1,0.8261782,1,0
727865,Alberto Basso Ricci,24/25,2025,1,0.82609034,1,0
397320,Luigi Palumbo,24/25,2025,1,0.825562,1,0
955357,Junior Kroupi,24/25,2025,0,0.82545304,1,1
491447,Alessio Rasi,24/25,2025,0,0.825333,1,1
1157868,Ricardo Solbes,24/25,2025,1,0.8251129,1,0
914880,Matteo Brezzo,24/25,2025,1,0.8248166,1,0
1065273,Sergio Pascual,24/25,2025,1,0.82437855,1,0
266203,Makis Giannikoglou,24/25,2025,1,0.8243411,1,0
1103113,Daniele Balba,24/25,2025,1,0.8240594,1,0
336160,Andrija Novakovich,24/25,2025,1,0.8238664,1,0
817150,Fabio Abiuso,24/25,2025,1,0.8236965,1,0
783481,Keko Hevia,24/25,2025,1,0.8235782,1,0
983196,Gaston Semenzin,24/25,2025,1,0.82351536,1,0
817127,Angelo Panarello,24/25,2025,1,0.8233275,1,0
398945,Miloš Bočić,24/25,2025,1,0.82322687,1,0
639732,Raúl Sola,24/25,2025,1,0.8231056,1,0
1334837,Jacobo de Oro,24/25,2025,0,0.8229792,1,1
936733,Filippo Illipronti,24/25,2025,1,0.82275486,1,0
678088,Luca Wollschläger,24/25,2025,1,0.82216024,1,0
499341,Milorad Stajic,24/25,2025,1,0.8221551,1,0
227081,Joaquín Correa,24/25,2025,1,0.8220665,1,0
554814,Diego Gómez,24/25,2025,1,0.8217387,1,0
702662,Adrián Verde,24/25,2025,1,0.82113236,1,0
432092,Roberto Piccoli,24/25,2025,1,0.8211067,1,0
601822,Alessandro Corti,24/25,2025,1,0.8210237,1,0
331375,Kike Fabra,24/25,2025,1,0.82102036,1,0
713637,David Santisteban,24/25,2025,1,0.82070965,1,0
386829,Edoardo Bovolon,24/25,2025,1,0.820606,1,0
535792,Francesco Barba,24/25,2025,0,0.82047576,1,1
936185,Tobia Mogentale,24/25,2025,1,0.8204688,1,0
700182,Facundo Pérez,24/25,2025,1,0.8204563,1,0
251882,Xiker Ozerinjauregi,24/25,2025,1,0.820452,1,0
1035300,Giovanni Cogo,24/25,2025,1,0.8203671,1,0
337333,Alex Král,24/25,2025,0,0.8202453,1,1
658546,Daniele Bolcano,24/25,2025,1,0.81964993,1,0
704175,Alessandro Orfei,24/25,2025,1,0.8192527,1,0
280833,Matteo Cericola,24/25,2025,1,0.8190987,1,0
1059365,Álex Maroto,24/25,2025,1,0.8189468,1,0
361500,Isma Aizpiri,24/25,2025,1,0.8186632,1,0
1329019,Alessandro Ghisleri,24/25,2025,1,0.81862783,1,0
699198,Carlos Cano,24/25,2025,1,0.8183936,1,0
399779,Chuca,24/25,2025,1,0.8182791,1,0
69212,Vincenzo Camilleri,24/25,2025,1,0.81810665,1,0
958647,Ümit Akdağ,24/25,2025,0,0.81807864,1,1
575478,Xabier Zaldua,24/25,2025,1,0.81774914,1,0
606128,Jacopo Cecconi,24/25,2025,1,0.8177138,1,0
420460,Giovanni Bruzzaniti,24/25,2025,1,0.8176587,1,0
348623,Mason Holgate,24/25,2025,1,0.8171181,1,0
448835,Gaizka Campos,24/25,2025,1,0.8170958,1,0
448705,Diant Ramaj,24/25,2025,1,0.816788,1,0
650999,Federico Accornero,24/25,2025,1,0.8167729,1,0
888493,Alejo Veliz,24/25,2025,1,0.816282,1,0
486031,Nico González,24/25,2025,1,0.8162302,1,0
934208,Diego Voncina,24/25,2025,1,0.81600875,1,0
1068110,Rabby Nzingoula,24/25,2025,0,0.81595004,1,1
1066186,Víctor Mingo,24/25,2025,1,0.8159408,1,0
431408,Alessio Leveque,24/25,2025,1,0.8158499,1,0
734426,Lewis Shipley,24/25,2025,1,0.81579995,1,0
451389,Fabio Laringe,24/25,2025,1,0.8156679,1,0
315859,Gabriele Gori,24/25,2025,1,0.8155568,1,0
947449,Victor Lázaro,24/25,2025,1,0.8150726,1,0
874017,Kylian Kouassi,24/25,2025,1,0.81473595,1,0
1065763,Jorge González,24/25,2025,0,0.81453717,1,1
933720,Telmo Neves,24/25,2025,1,0.8144841,1,0
1114719,Mario Cantero,24/25,2025,0,0.8144704,1,1
569033,Armindo Sieb,24/25,2025,0,0.8141894,1,1
891919,Jaime González,24/25,2025,1,0.8141025,1,0
715819,Kensly Vázquez,24/25,2025,1,0.8140391,1,0
543771,Kristjan Asllani,24/25,2025,1,0.8139086,1,0
641204,Mohamed Ayman Sanat,24/25,2025,1,0.81385833,1,0
470324,Juan Bauzá,24/25,2025,1,0.8135074,1,0
718036,Ato,24/25,2025,1,0.8134191,1,0
1073051,Héctor Oliva,24/25,2025,1,0.8132209,1,0
354164,Mario Gómez,24/25,2025,1,0.8131972,1,0
174694,Rony Lopes,24/25,2025,1,0.8130175,1,0
635344,Abraham del Moral,24/25,2025,1,0.81301665,1,0
412927,Álvaro Arnedo,24/25,2025,1,0.81292933,1,0
603680,Giorgio Bachini,24/25,2025,1,0.81292635,1,0
1022385,Fabricio Oviedo,24/25,2025,0,0.8127546,1,1
1045767,Pablo Muñoz,24/25,2025,1,0.8125342,1,0
907688,Riccardo Spaggiari,24/25,2025,1,0.8123716,1,0
455275,Javi Soler,24/25,2025,1,0.8121672,1,0
549018,João Dias,24/25,2025,1,0.81196713,1,0
946279,Javi Hernández,24/25,2025,0,0.81194854,1,1
1157042,Máté Gyurkó,24/25,2025,1,0.8118241,1,0
927107,Ni,24/25,2025,1,0.81170505,1,0
1061262,Pedro Augusto,24/25,2025,1,0.81164134,1,0
710679,Iker Benito,24/25,2025,0,0.81153023,1,1
346237,Kabongo Tshimanga,24/25,2025,1,0.811426,1,0
359216,Richárd Nagy,24/25,2025,1,0.8112129,1,0
554859,Unai Marino,24/25,2025,1,0.8110188,1,0
1162378,Ousmane Gueye,24/25,2025,1,0.81091523,1,0
660063,Cristian Esposito,24/25,2025,0,0.810878,1,1
258287,Patrik Pinte,24/25,2025,1,0.81081456,1,0
897645,Thomas Brahja,24/25,2025,1,0.8105778,1,0
815536,Edoardo Furini,24/25,2025,0,0.8104655,1,1
580801,Layton Stewart,24/25,2025,1,0.81040925,1,0
226025,Luca Mazzitelli,24/25,2025,1,0.8103664,1,0
817045,Samuele Regazzetti,24/25,2025,1,0.81029445,1,0
707107,Patricio Goglino,24/25,2025,1,0.80966073,1,0
551007,Eli King,24/25,2025,0,0.8095302,1,1
567529,Rui Pedro,24/25,2025,1,0.80946094,1,0
1160320,Oscar Moreso,24/25,2025,1,0.80939496,1,0
290806,Mattia Poletto,24/25,2025,1,0.80915433,1,0
304225,Dimitrios Mavrias,24/25,2025,1,0.80914026,1,0
334802,Jan Kuchta,24/25,2025,1,0.8090547,1,0
818960,Filippo Pinton,24/25,2025,1,0.8089269,1,0
723771,Amadou Sarr,24/25,2025,1,0.80881745,1,0
429873,Lloyd-Addo Kuffour,24/25,2025,1,0.80879843,1,0
616133,Mattia Tordini,24/25,2025,0,0.8087646,1,1
174915,Islam Slimani,24/25,2025,1,0.8087421,1,0
1026659,Ale Morales,24/25,2025,1,0.80862993,1,0
542720,Alessandro De Luca,24/25,2025,1,0.8085676,1,0
632898,Rodri Val,24/25,2025,1,0.8084563,1,0
527788,Alex Hartridge,24/25,2025,1,0.80844855,1,0
537270,Louie Sibley,24/25,2025,0,0.80831695,1,1
186945,Ignacio Varela,24/25,2025,0,0.8081411,1,1
935779,Mario Crasta,24/25,2025,1,0.8079562,1,0
381209,Rober Sierra,24/25,2025,1,0.8077781,1,0
441287,Mateo García,24/25,2025,0,0.80770856,1,1
134983,Andrea La Mantia,24/25,2025,1,0.80765843,1,0
579304,Emmanuel Attipoe,24/25,2025,1,0.8076221,1,0
938726,Miguel Barandalla,24/25,2025,0,0.8075678,1,1
726669,Lubos Prazenka,24/25,2025,1,0.8075057,1,0
395842,Franklyn Akammadu,24/25,2025,1,0.8073295,1,0
718307,Matías Segovia,24/25,2025,1,0.8070691,1,0
981444,Arnold Vula,24/25,2025,1,0.8070318,1,0
248337,Pablo Trigueros,24/25,2025,1,0.80695087,1,0
735342,Athanasios Prodromitis,24/25,2025,1,0.8067704,1,0
935740,Mattias Bonafede,24/25,2025,1,0.8067385,1,0
872380,Felix Afena-Gyan,24/25,2025,1,0.80673575,1,0
479712,Giorgio Lionetti,24/25,2025,1,0.8066921,1,0
336963,Paolo Grillo,24/25,2025,0,0.8066099,1,1
636392,Dani Vidal,24/25,2025,1,0.80645394,1,0
102413,Luca Zamparo,24/25,2025,1,0.80642945,1,0
539131,Alessio Brambilla,24/25,2025,1,0.8064016,1,0
1077262,Andrea Pavanello,24/25,2025,1,0.8063933,1,0
1110406,Ibrahim Osman,24/25,2025,1,0.8062956,1,0
821105,Davide Franzini,24/25,2025,1,0.8062639,1,0
229337,Samuele Neglia,24/25,2025,1,0.8061316,1,0
575498,Rave Assayag,24/25,2025,1,0.8060715,1,0
984708,Siren Diao,24/25,2025,1,0.8060407,1,0
1072763,Filippo Dodde,24/25,2025,0,0.80575794,1,1
1057696,Jesús Ares,24/25,2025,1,0.8055983,1,0
632893,Javi Hernández,24/25,2025,1,0.8055173,1,0
639640,Genny Rondinella,24/25,2025,1,0.8054791,1,0
814434,Gian Marco Fantoni,24/25,2025,1,0.8054698,1,0
497566,Goyo Medina,24/25,2025,1,0.80533075,1,0
725201,Nacho Pastor,24/25,2025,1,0.8052023,1,0
1168219,Said El Mala,24/25,2025,0,0.8048855,1,1
838813,Abderahmane Soussi,24/25,2025,0,0.8048464,1,1
548903,Leonel Ferroni,24/25,2025,1,0.8048079,1,0
898293,Yuri Maset,24/25,2025,1,0.8047836,1,0
951437,Lorenzo Boncompagni,24/25,2025,0,0.8046009,1,1
400644,Jeredy Hilterman,24/25,2025,0,0.80458075,1,1
780908,Elmer Cardoza,24/25,2025,0,0.80436206,1,1
709381,Iván Ramos,24/25,2025,1,0.8043558,1,0
1055398,Hugo Matos,24/25,2025,1,0.80423677,1,0
296429,Manuel Wintzheimer,24/25,2025,1,0.8040392,1,0
1062862,Ephraim Yeboah,24/25,2025,1,0.8040067,1,0
456157,Matteo Fracassini,24/25,2025,0,0.8039812,1,1
392968,Marco Bertoli,24/25,2025,1,0.80395305,1,0
843327,Mohamed Awad Alla,24/25,2025,1,0.8039427,1,0
826225,Gonzalo Calçada,24/25,2025,1,0.8039081,1,0
993516,Álvaro Domínguez,24/25,2025,1,0.80390567,1,0
935809,Tommaso Bocci,24/25,2025,1,0.8038477,1,0
175416,Cristiano Ingretolli,24/25,2025,0,0.8038225,1,1
536158,David Ballarín,24/25,2025,1,0.8037783,1,0
642270,Michelangelo Nieri,24/25,2025,1,0.8036462,1,0
619464,Aboubacar Doumbia,24/25,2025,1,0.80357987,1,0
710275,Benji Núñez,24/25,2025,1,0.8035308,1,0
328965,Aristotelis Kollaras,24/25,2025,1,0.8034909,1,0
1033478,Gastón Valles,24/25,2025,1,0.80342793,1,0
478408,Alessio Esposito,24/25,2025,1,0.803274,1,0
816789,Mattia Ortelli,24/25,2025,0,0.80323064,1,1
794777,Nicolas Milanovic,24/25,2025,1,0.8031432,1,0
1216111,Alex Sola,24/25,2025,1,0.80289173,1,0
818586,Alessandro Carnevale,24/25,2025,0,0.80287635,1,1
408287,Leonardo Moraschi,24/25,2025,1,0.8028099,1,0
321247,Emiliano Buendía,24/25,2025,0,0.80279076,1,1
982018,Yerai Dávila,24/25,2025,1,0.8027541,1,0
501196,Csaba Bukta,24/25,2025,1,0.8027051,1,0
672803,Bertuğ Yıldırım,24/25,2025,1,0.80251926,1,0
704832,Sebastiano Bianchi,24/25,2025,1,0.8024131,1,0
1055223,Isi Angulo,24/25,2025,1,0.80211335,1,0
709971,Xavi Moreno,24/25,2025,1,0.8021008,1,0
1185957,Federico Tuveri,24/25,2025,1,0.80209833,1,0
366047,Yankuba Jarju,24/25,2025,1,0.80206174,1,0
599153,Iñigo Alayeto,24/25,2025,0,0.8017974,1,1
1101361,Andrea Toldo,24/25,2025,1,0.8017706,1,0
1056526,Cristiano Rizzo,24/25,2025,1,0.8016774,1,0
526011,Etxebe Pamies,24/25,2025,1,0.80151916,1,0
325802,Fernando Andrada,24/25,2025,1,0.801463,1,0
932354,Víctor Rodríguez,24/25,2025,1,0.8014156,1,0
1052283,Darling Bladi,24/25,2025,1,0.8014006,1,0
636096,Raúl Blanco,24/25,2025,1,0.8012422,1,0
709997,Lorenzo Aguado,24/25,2025,1,0.8010369,1,0
1054922,Nico Njalla,24/25,2025,1,0.8009296,1,0
1105883,Edoardo Caporello,24/25,2025,1,0.80088156,1,0
396682,Luca Gagliano,24/25,2025,1,0.8007568,1,0
258881,Kyle Cameron,24/25,2025,1,0.8007341,1,0
567489,Cuba,24/25,2025,1,0.80046993,1,0
672449,Zé Pedro,24/25,2025,1,0.8004206,1,0
715679,Lalo Aguilar,24/25,2025,0,0.8003841,1,1
452078,Maxwell Gyamfi,24/25,2025,1,0.80030215,1,0
266217,Cristian Bunino,24/25,2025,1,0.8001336,1,0
805479,Jesús Clemente,24/25,2025,1,0.8000631,1,0
626962,Ewan Urain,24/25,2025,1,0.7995745,1,0
700997,Matteo Sementa,24/25,2025,1,0.79955864,1,0
542716,Mario Corcione,24/25,2025,1,0.79949063,1,0
717205,Martin Sorakov,24/25,2025,1,0.7992531,1,0
901736,Mario Sesè,24/25,2025,1,0.7992008,1,0
256749,Dani Santigosa,24/25,2025,1,0.7991856,1,0
1136037,Iker Ropero,24/25,2025,1,0.7991032,1,0
269558,Kwame Bonsu,24/25,2025,1,0.7987649,1,0
685807,Luís dos Santos,24/25,2025,1,0.79875606,1,0
692121,Robert Filip,24/25,2025,1,0.79871273,1,0
555076,Romain Faivre,24/25,2025,1,0.7986336,1,0
890629,Emi Hernández,24/25,2025,1,0.79850394,1,0
715683,Naim García,24/25,2025,0,0.79850066,1,1
500298,Antonio Figliola,24/25,2025,1,0.7983619,1,0
527601,Niccolò Bigica,24/25,2025,1,0.7982955,1,0
154819,Kwasi Wriedt,24/25,2025,1,0.7982609,1,0
728331,Roland Lehoczky,24/25,2025,0,0.7982357,1,1
1205018,Christian Iaiunese,24/25,2025,1,0.7981211,1,0
536372,Rodrigo Tuninetti,24/25,2025,1,0.79790753,1,0
939765,José Melro,24/25,2025,0,0.79787475,1,1
244338,Pelly Ruddock Mpanzu,24/25,2025,1,0.7977899,1,0
1189287,Aitor Galarza,24/25,2025,1,0.7977783,1,0
265970,Yusuf Cela,24/25,2025,1,0.79769504,1,0
1257776,Javi Tejedor,24/25,2025,0,0.7974631,1,1
495722,Devis Vásquez,24/25,2025,1,0.79720545,1,0
512123,Guillermo Alonso,24/25,2025,1,0.7971861,1,0
462296,Daniel Giampaolo,24/25,2025,1,0.79703647,1,0
1041169,Tomás Silva,24/25,2025,0,0.7969759,1,1
830912,Balázs Varga,24/25,2025,1,0.7969236,1,0
446101,Fermín Ruiz,24/25,2025,1,0.79690593,1,0
1168222,Malek El Mala,24/25,2025,0,0.79669917,1,1
162038,Raúl de Tomás,24/25,2025,1,0.7966855,1,0
363514,Tim Kips,24/25,2025,1,0.7966394,1,0
577741,Mattia Matese,24/25,2025,1,0.7965038,1,0
651269,Armin Gigovic,24/25,2025,1,0.7964955,1,0
337781,Arturo Molina,24/25,2025,1,0.7964008,1,0
1050889,Alessandro Boi,24/25,2025,0,0.79632825,1,1
935457,Salim El Jebari,24/25,2025,1,0.7960457,1,0
392313,Francesco Posocco,24/25,2025,1,0.7960338,1,0
936508,Federico Demo,24/25,2025,0,0.79595816,1,1
559805,Matthew Turner,24/25,2025,0,0.79582167,1,1
699632,Abraham Marcus,24/25,2025,1,0.7955516,1,0
632502,Adri Montalban,24/25,2025,1,0.795477,1,0
1225848,Álex Monerris,24/25,2025,1,0.79547197,1,0
718115,Zini,24/25,2025,0,0.79522294,1,1
520626,Gabriel Furtado,24/25,2025,1,0.79515517,1,0
935757,Daniel Holasek,24/25,2025,0,0.7949381,1,1
371008,Roko Baturina,24/25,2025,1,0.7947947,1,0
960024,Gabriele Fresia,24/25,2025,1,0.79463446,1,0
922907,Marek Jaron,24/25,2025,1,0.794547,1,0
745368,Filippo Puletto,24/25,2025,1,0.79439443,1,0
668183,Nico Serrano,24/25,2025,0,0.7943357,1,1
338288,Alex Valiño,24/25,2025,0,0.7942885,1,1
435712,Andrei Cordea,24/25,2025,1,0.79418486,1,0
704683,Jordan Amore,24/25,2025,1,0.7940178,1,0
979324,Eder García,24/25,2025,1,0.7938999,1,0
559130,Harrison Ashby,24/25,2025,0,0.7938192,1,1
1065483,Moussa Seck,24/25,2025,0,0.79378116,1,1
636387,Álex Pérez,24/25,2025,1,0.793607,1,0
303182,Nazareno Battista,24/25,2025,0,0.7935176,1,1
631055,Alberto Quintana,24/25,2025,1,0.7931486,1,0
911990,Ilyes Hamache,24/25,2025,1,0.7930662,1,0
827984,Mariano Carmona,24/25,2025,1,0.7930341,1,0
198015,Jefté Betancor,24/25,2025,1,0.79296005,1,0
1027170,Adam Horvat,24/25,2025,0,0.7928872,1,1
240401,Carlo Caporali,24/25,2025,1,0.7927811,1,0
341438,Mark Sifneos,24/25,2025,1,0.792367,1,0
373538,Daniel Zinon Kouko,24/25,2025,1,0.79229784,1,0
671693,Alberto Cristiano,24/25,2025,1,0.7922749,1,0
955299,Carlo Soldati,24/25,2025,1,0.7922486,1,0
860051,Ayoub Amraoui,24/25,2025,1,0.7920702,1,0
634772,David Hernández,24/25,2025,1,0.79202336,1,0
1114721,Brais Penela,24/25,2025,1,0.7917972,1,0
624870,Ed Carlos,24/25,2025,1,0.79149765,1,0
729169,Luca Butkovic,24/25,2025,1,0.7914002,1,0
937289,Simone Bonetti,24/25,2025,1,0.79122406,1,0
287870,Giuseppe Tedesco,24/25,2025,1,0.7908403,1,0
363610,Georgi Tunjov,24/25,2025,1,0.7907796,1,0
670402,Dennis Ozara,24/25,2025,1,0.7906053,1,0
1104393,Francesco Cinque,24/25,2025,1,0.790493,1,0
1064128,Víctor Sala,24/25,2025,1,0.7904532,1,0
331838,Lorenzo Polvani,24/25,2025,0,0.7903818,1,1
1178721,Rafel Bauzà,24/25,2025,1,0.7902922,1,0
459128,Marco Brescianini,24/25,2025,1,0.79011875,1,0
577738,Raffaele Fabiano,24/25,2025,1,0.790102,1,0
139576,Édson Rivera,24/25,2025,0,0.7900426,1,1
391401,Fisnik Zuka,24/25,2025,1,0.7898952,1,0
709591,Héctor Peña,24/25,2025,1,0.78987014,1,0
787136,Tommaso Carcani,24/25,2025,0,0.789835,1,1
629039,Luka Reischl,24/25,2025,1,0.7897316,1,0
878402,Joseph Antoine Na'a,24/25,2025,1,0.7893098,1,0
834737,Adri Miranda,24/25,2025,1,0.78930247,1,0
462251,Jorge Silva,24/25,2025,1,0.7892524,1,0
115133,Ivan Pesic,24/25,2025,1,0.78888065,1,0
342226,Irvin Cardona,24/25,2025,1,0.7887344,1,0
669915,Filippo Distefano,24/25,2025,1,0.7885222,1,0
227974,Ba-Muaka Simakala,24/25,2025,1,0.78830194,1,0
433257,Arvin Appiah,24/25,2025,1,0.788195,1,0
541646,Diego Barri,24/25,2025,1,0.7880328,1,0
313113,Álex López,24/25,2025,0,0.78767514,1,1
619490,Gregorio Zanella,24/25,2025,1,0.7876555,1,0
247813,Anthony Okpotu,24/25,2025,1,0.78764766,1,0
380277,Santi Samanes,24/25,2025,1,0.78764707,1,0
881175,Diogo Bebé,24/25,2025,0,0.7876404,1,1
935576,Hagan Frimpong,24/25,2025,1,0.78759885,1,0
602987,Mario Subaric,24/25,2025,1,0.7875414,1,0
386104,Emir Terzi,24/25,2025,1,0.78749716,1,0
222013,Haritz Albisua,24/25,2025,1,0.78731984,1,0
462381,Alberto Fernández,24/25,2025,1,0.78725284,1,0
661369,Mateusz Chmarek,24/25,2025,1,0.7871096,1,0
1056655,Rubén Quintanilla,24/25,2025,1,0.78705025,1,0
1180339,Francesco Esposito,24/25,2025,1,0.7870064,1,0
845313,Osman Foyo,24/25,2025,0,0.78693,1,1
505653,Fábio Silva,24/25,2025,1,0.7869118,1,0
627624,Lorenzo Peschetola,24/25,2025,0,0.7868134,1,1
931677,Miguel Carvalho,24/25,2025,1,0.78665656,1,0
821044,Francesco Pio Cucciniello,24/25,2025,1,0.7864478,1,0
1186670,Riccardo Yanovskyi,24/25,2025,1,0.78612435,1,0
628612,Aleix Roig,24/25,2025,1,0.7860026,1,0
144304,Ognjen Ozegovic,24/25,2025,1,0.78599995,1,0
1008348,Jan Feit,24/25,2025,0,0.7859414,1,1
620892,Arad Bar,24/25,2025,1,0.7859131,1,0
692207,Dani Cervera,24/25,2025,1,0.7858818,1,0
704469,Vincenzo Galletta,24/25,2025,1,0.7858333,1,0
964672,Mattia Gallo,24/25,2025,1,0.7857991,1,0
947435,Pablo Moyá,24/25,2025,1,0.78564775,1,0
272999,Miguel Almirón,24/25,2025,0,0.78555036,1,1
915492,Giulio Mengucci,24/25,2025,1,0.7851861,1,0
1053214,Alessandro De Luca,24/25,2025,1,0.78494245,1,0
644557,Willi Reincke,24/25,2025,1,0.78488564,1,0
976198,Alessandro Ceccarelli,24/25,2025,1,0.7848366,1,0
401581,Gianluca Mancuso,24/25,2025,1,0.7845494,1,0
995017,Octavio Casalongue,24/25,2025,1,0.7844539,1,0
343475,Ben Godfrey,24/25,2025,1,0.7844395,1,0
644244,Enis Cokaj,24/25,2025,0,0.7844295,1,1
888293,Carlos Mattheus,24/25,2025,1,0.78434885,1,0
938662,Elias Franco,24/25,2025,1,0.7841619,1,0
566572,Oğuzhan Matur,24/25,2025,0,0.7841509,1,1
203052,Filippo Di Maira,24/25,2025,1,0.78405106,1,0
660878,Luca Bacchin,24/25,2025,0,0.78401065,1,1
720037,Dani González,24/25,2025,1,0.7839608,1,0
294791,Chris Bedia,24/25,2025,0,0.7837873,1,1
546944,Taylor Gardner-Hickman,24/25,2025,1,0.78365475,1,0
258246,Harun Alpsoy,24/25,2025,1,0.7836285,1,0
712181,James Wright,24/25,2025,0,0.7836141,1,1
721526,Calal Hüseynov,24/25,2025,0,0.78333235,1,1
726120,Simon Simoni,24/25,2025,0,0.783278,1,1
396323,Rubén del Valle,24/25,2025,1,0.7832167,1,0
682624,Álex Gualda,24/25,2025,1,0.78292483,1,0
1088323,Javi Sola,24/25,2025,0,0.7826596,1,1
216464,Carlos Fernández,24/25,2025,1,0.7825745,1,0
478357,Anthony Correia,24/25,2025,1,0.7825327,1,0
720411,Roan Riera,24/25,2025,1,0.78248894,1,0
839905,Kevin Sánchez,24/25,2025,1,0.78243476,1,0
445584,Koldo Obieta,24/25,2025,0,0.78239816,1,1
951325,Antonio Del Gesso,24/25,2025,1,0.7823642,1,0
816135,Pedro Lima,24/25,2025,1,0.78235495,1,0
1034471,Khalid Noureddine,24/25,2025,1,0.78227764,1,0
1148697,Michal Kovacik,24/25,2025,0,0.782083,1,1
295082,Jon Sillero,24/25,2025,0,0.7820414,1,1
655723,Kyran Lofthouse,24/25,2025,1,0.78198266,1,0
268249,Isma Cerro,24/25,2025,1,0.7818427,1,0
902107,Mahir Rizvanovic,24/25,2025,1,0.78177774,1,0
568007,Ben Knight,24/25,2025,1,0.78175,1,0
343353,Mathieu Coquin,24/25,2025,1,0.7816667,1,0
1107626,Federico Giugno,24/25,2025,0,0.7814131,1,1
351691,Sam Cosgrove,24/25,2025,1,0.7813445,1,0
720139,Roland Hajdú,24/25,2025,1,0.7813112,1,0
937710,Edward Cedeño,24/25,2025,1,0.7812033,1,0
305947,Albert Gudmundsson,24/25,2025,1,0.7810214,1,0
729536,Federico Agazzi,24/25,2025,0,0.781002,1,1
536341,Diego Stramaccioni,24/25,2025,1,0.7809344,1,0
293602,Dor Hugi,24/25,2025,1,0.7809199,1,0
379872,Julen Monreal,24/25,2025,1,0.7809109,1,0
729178,Emmanuel Appiah,24/25,2025,1,0.7808336,1,0
1171468,Ángel Gómez,24/25,2025,1,0.78072804,1,0
379224,Kevin Presa,24/25,2025,1,0.7806585,1,0
590204,Athanasios Leonidopoulos,24/25,2025,1,0.780658,1,0
411537,Zian Flemming,24/25,2025,1,0.7806385,1,0
425031,Michalis Bousis,24/25,2025,1,0.78051484,1,0
696599,Cyril Khetir,24/25,2025,1,0.7805067,1,0
1078985,Rafaël De Palmas,24/25,2025,0,0.7803794,1,1
820685,Alessandro Marcucci,24/25,2025,1,0.7803628,1,0
677139,Yusri El Kandoussi,24/25,2025,1,0.7802998,1,0
820633,Coli Saco,24/25,2025,1,0.78025323,1,0
182446,Zinho Gano,24/25,2025,1,0.7802433,1,0
929321,Karim L'Koucha,24/25,2025,1,0.7802402,1,0
1125701,Yago Rodríguez,24/25,2025,0,0.7801743,1,1
827570,Luis Navarro,24/25,2025,1,0.7799394,1,0
700503,Santiago Naveda,24/25,2025,0,0.7799174,1,1
199330,Antonio Cotán,24/25,2025,1,0.7799008,1,0
924308,Matteo Gualandris,24/25,2025,1,0.7798694,1,0
1064601,Edu Llorente,24/25,2025,1,0.7797811,1,0
708496,Miguel Ángel Sanz,24/25,2025,1,0.7796597,1,0
694512,Hisham Layous,24/25,2025,1,0.7795746,1,0
525995,Stefan Hajdin,24/25,2025,1,0.7795697,1,0
1009941,Álex García,24/25,2025,1,0.7794441,1,0
512489,David Fondarella,24/25,2025,1,0.7793876,1,0
647392,Scott Smith,24/25,2025,1,0.7792082,1,0
902125,Ziad Ouled-Haj-M'hand,24/25,2025,1,0.77919567,1,0
910777,Aseel Abed,24/25,2025,1,0.77915955,1,0
704719,Christian Maianti,24/25,2025,1,0.7791159,1,0
726526,Stefan Mitrović,24/25,2025,1,0.77908903,1,0
341228,Juan Agüero,24/25,2025,1,0.7789543,1,0
164837,Kristopher Vida,24/25,2025,1,0.77893066,1,0
1050738,Riccardo Rebaudo,24/25,2025,0,0.7789237,1,1
357150,Jójó,24/25,2025,1,0.7787627,1,0
612826,Silas,24/25,2025,0,0.7786534,1,1
422459,Javier Belman,24/25,2025,0,0.7786105,1,1
294534,Janni Serra,24/25,2025,0,0.77859014,1,1
572686,Pol Prats,24/25,2025,1,0.77828944,1,0
193994,Yves Baraye,24/25,2025,1,0.77807015,1,0
497188,Florent Hasani,24/25,2025,0,0.77794534,1,1
892926,Leandro Antonetti,24/25,2025,1,0.7776055,1,0
501165,Sámuel Major,24/25,2025,1,0.7774719,1,0
940806,Isaac Mendes,24/25,2025,1,0.77736336,1,0
706170,Fernando Romero,24/25,2025,1,0.77722365,1,0
1056968,David Arredondo,24/25,2025,0,0.77717924,1,1
953857,Jesse Bal,24/25,2025,1,0.7771527,1,0
745114,Adrián Flaqué,24/25,2025,0,0.7771494,1,1
1028509,Néstor García Martinoli,24/25,2025,1,0.77684367,1,0
743327,Tamir Berman,24/25,2025,1,0.776833,1,0
395236,Yacine Adli,24/25,2025,1,0.7765605,1,0
343184,Sylla Sow,24/25,2025,1,0.77646154,1,0
100722,Lago Júnior,24/25,2025,1,0.77638954,1,0
625338,Marcos Bautista,24/25,2025,1,0.77637506,1,0
698540,Matija Gluscevic,24/25,2025,1,0.7763647,1,0
634106,Urko Collado,24/25,2025,0,0.77635074,1,1
906442,Javi Garrido,24/25,2025,0,0.77629185,1,1
670711,Diogo Pinto,24/25,2025,1,0.77621657,1,0
610411,Stephen Buer,24/25,2025,1,0.7761546,1,0
930377,Omar Sillah,24/25,2025,1,0.776093,1,0
401268,Olamide Shodipo,24/25,2025,1,0.77605987,1,0
357163,Filipe Soares,24/25,2025,1,0.7758437,1,0
177964,Yusupha Njie,24/25,2025,0,0.7758125,1,1
860998,Azarias Londoño,24/25,2025,0,0.7757537,1,1
635346,Diego Moreno,24/25,2025,1,0.7757462,1,0
307939,Alexander Schmidt,24/25,2025,1,0.77567554,1,0
460015,Kevin Buonavoglia,24/25,2025,1,0.77566457,1,0
830890,Marvin Senaya,24/25,2025,1,0.7755676,1,0
938678,Leonardo Mendicino,24/25,2025,1,0.77551806,1,0
324819,Maxime Bernauer,24/25,2025,1,0.77541244,1,0
131951,Kevin Lasagna,24/25,2025,1,0.7753429,1,0
412952,Nigel Thomas,24/25,2025,1,0.7753354,1,0
237226,Marvin Mehlem,24/25,2025,1,0.775254,1,0
336370,Jesaja Herrmann,24/25,2025,1,0.7751103,1,0
926643,Fernando Lesme,24/25,2025,1,0.7749292,1,0
441107,Dani Ramos,24/25,2025,0,0.7747632,1,1
467241,Oleksandr Safronov,24/25,2025,1,0.7747454,1,0
632708,Willy Ibáñez,24/25,2025,1,0.7746577,1,0
927904,Ethan Bouah,24/25,2025,1,0.77464014,1,0
734898,Kevin Miranda,24/25,2025,1,0.7745238,1,0
1010984,Mickael Dosso,24/25,2025,1,0.77451193,1,0
375299,Samuele Guddo,24/25,2025,1,0.7745001,1,0
1052854,Axl Van Himbeeck,24/25,2025,0,0.77438694,1,1
705881,Mikel Serrano,24/25,2025,1,0.7741929,1,0
881298,Cornelius Olsson,24/25,2025,1,0.7741516,1,0
933350,Tincho Conde,24/25,2025,1,0.77394146,1,0
415273,Trent Buhagiar,24/25,2025,1,0.77385926,1,0
918414,Paris Brunner,24/25,2025,0,0.7738355,1,1
525891,Jannick Buyla,24/25,2025,1,0.7737496,1,0
632503,Adrià Mercadal,24/25,2025,0,0.773705,1,1
104062,Adrian Popa,24/25,2025,0,0.7736007,1,1
552547,Lucas Poletto,24/25,2025,1,0.7735767,1,0
258475,Nikola Maras,24/25,2025,0,0.7733809,1,1
624542,Damiano Lazzeri,24/25,2025,0,0.77336353,1,1
311328,Nicholas Bensaja,24/25,2025,0,0.77328014,1,1
621277,Silvio Colella,24/25,2025,1,0.7729529,1,0
1052288,Karim Cissé,24/25,2025,0,0.7728755,1,1
572431,Valerio Baldassi,24/25,2025,1,0.772863,1,0
575564,Diego Larotonda,24/25,2025,1,0.7726221,1,0
454053,Daniele Trasciani,24/25,2025,1,0.77237546,1,0
549034,Rafa Rodrigues,24/25,2025,1,0.77236027,1,0
783880,Rafa Diz,24/25,2025,1,0.77233064,1,0
691678,Tommaso Fumagalli,24/25,2025,1,0.7721685,1,0
201734,Mamadou Kanoute,24/25,2025,0,0.77211154,1,1
946275,Ian Forns,24/25,2025,1,0.77196133,1,0
309977,Samuel Ballet,24/25,2025,1,0.7718642,1,0
696246,Patrik Mijic,24/25,2025,0,0.7718595,1,1
1186672,Valerio Bertucci,24/25,2025,1,0.7717901,1,0
634598,Javi Alonso,24/25,2025,0,0.77165675,1,1
332527,Sveinn Aron Gudjohnsen,24/25,2025,0,0.77165633,1,1
341647,Cengiz Ünder,24/25,2025,1,0.7716457,1,0
718314,Peter Olawale,24/25,2025,1,0.7715514,1,0
341497,Antonio Martiniello,24/25,2025,1,0.771529,1,0
979322,Álex Alonso,24/25,2025,1,0.77129805,1,0
884158,Saúl del Cerro,24/25,2025,0,0.77120376,1,1
392576,Jani Atanasov,24/25,2025,1,0.7711504,1,0
520395,Iago Novo,24/25,2025,1,0.7709881,1,0
1132749,Alex Sánchez,24/25,2025,0,0.7709802,1,1
149729,João Mário,24/25,2025,1,0.77091575,1,0
457107,Ángel López,24/25,2025,1,0.7708952,1,0
1041547,Juan Cruz Cerrudo,24/25,2025,1,0.77081287,1,0
934457,Riccardo Restelli,24/25,2025,1,0.7707219,1,0
139278,Luca Zander,24/25,2025,1,0.7706799,1,0
894414,Byani Mpata Lama,24/25,2025,1,0.770661,1,0
267916,Valeriano Nchama,24/25,2025,1,0.7705873,1,0
568154,Lucas Cañizares,24/25,2025,1,0.7701768,1,0
1025974,Findlay Marshall,24/25,2025,1,0.7700327,1,0
704230,Edoardo Bernardi,24/25,2025,1,0.76994634,1,0
334952,Luca Gelonese,24/25,2025,1,0.7699175,1,0
798371,Olamide Ibrahim,24/25,2025,1,0.769812,1,0
1019528,Charbel Wehbe,24/25,2025,1,0.7696126,1,0
408253,Mattia Mauri,24/25,2025,1,0.7694899,1,0
783437,İshak Karaoğul,24/25,2025,1,0.7694558,1,0
307924,Mergim Berisha,24/25,2025,0,0.7691046,1,1
1055225,Arthur Inaka,24/25,2025,1,0.7690458,1,0
488273,Aleksandr Sapovalov,24/25,2025,0,0.7689418,1,1
567026,Anton Efremov,24/25,2025,1,0.76892406,1,0
506470,Josh Bowler,24/25,2025,1,0.7688723,1,0
331389,Andrés Tello,24/25,2025,1,0.76884985,1,0
507351,Abdoul Guiebre,24/25,2025,1,0.76884943,1,0
668571,Daniel Kerl,24/25,2025,1,0.7687365,1,0
424736,Can Karatas,24/25,2025,1,0.76867193,1,0
386331,Christos Rovas,24/25,2025,1,0.7685055,1,0
318426,Ivan Ignatjev,24/25,2025,1,0.768443,1,0
247555,Edimilson Fernandes,24/25,2025,1,0.7684309,1,0
824082,Alessandro Contessi,24/25,2025,1,0.7684059,1,0
533110,Álex Pachón,24/25,2025,1,0.76837987,1,0
686972,Francesco Saverino,24/25,2025,1,0.76830685,1,0
998686,José Naranjo,24/25,2025,1,0.76818115,1,0
537944,Ilias Karargyris,24/25,2025,1,0.7678825,1,0
661135,Martín Bellotti,24/25,2025,1,0.76773435,1,0
148928,Saúl Ñíguez,24/25,2025,1,0.76773113,1,0
344806,Lubomir Tupta,24/25,2025,1,0.7677206,1,0
1058982,Nicolò Sancinito,24/25,2025,1,0.76771474,1,0
140757,Daniel Bessa,24/25,2025,1,0.7676109,1,0
907318,Charlie McArthur,24/25,2025,0,0.76758754,1,1
668275,Néstor Lucas,24/25,2025,1,0.7675871,1,0
1056096,Eghosa Bello,24/25,2025,1,0.7675627,1,0
1285016,Francesco Iuliano,24/25,2025,1,0.7675336,1,0
935782,Francesco Vallarelli,24/25,2025,1,0.76752335,1,0
1056144,Francesco Di Biagio,24/25,2025,1,0.76723075,1,0
435808,Lazare Amani,24/25,2025,1,0.76711315,1,0
1064660,Álvaro Calado,24/25,2025,0,0.76688576,1,1
156715,Marco Thiede,24/25,2025,1,0.766683,1,0
585761,Jonas Arcalean,24/25,2025,1,0.7666479,1,0
872176,Matija Krivokapic,24/25,2025,1,0.76633626,1,0
674429,Diego González,24/25,2025,1,0.76629716,1,0
625043,Oier López,24/25,2025,0,0.7662964,1,1
916332,Adolfo González,24/25,2025,1,0.7662921,1,0
565242,José Manuel Raigal,24/25,2025,1,0.76626116,1,0
589456,Rafa Núñez,24/25,2025,1,0.7662527,1,0
280416,Housem Ferchichi,24/25,2025,1,0.76618767,1,0
617720,Enrico Rossi,24/25,2025,1,0.76613325,1,0
276025,Rubio,24/25,2025,1,0.7660892,1,0
662327,Diego Rosa,24/25,2025,1,0.7660085,1,0
717465,Laurin Ulrich,24/25,2025,1,0.76573575,1,0
584546,Rodri Hernando,24/25,2025,0,0.76567554,1,1
709830,Francis Ezeh,24/25,2025,0,0.7655675,1,1
1152997,Mateo Scheffer Bracco,24/25,2025,1,0.7655137,1,0
596880,Jesús Cambil,24/25,2025,1,0.76537275,1,0
597201,Rúben Pereira,24/25,2025,1,0.76532465,1,0
930390,Nikolas Brandis,24/25,2025,0,0.76527363,1,1
818536,Clemente Tartaro,24/25,2025,1,0.765248,1,0
394777,Isaia Lattarulo,24/25,2025,1,0.765122,1,0
734736,Hassimi Fadiga,24/25,2025,1,0.7650382,1,0
723823,Vlad Rafailă,24/25,2025,1,0.7648789,1,0
825024,Ronnie Stutter,24/25,2025,1,0.7648373,1,0
704720,Cosimo Severi,24/25,2025,0,0.76481944,1,1
903188,Dejvi Metaj,24/25,2025,1,0.76479524,1,0
783885,Iván Fernández,24/25,2025,1,0.7646741,1,0
162044,Cristian Herrera,24/25,2025,1,0.7645142,1,0
373374,Brian Mansilla,24/25,2025,1,0.7644843,1,0
818703,Elia Tantalocchi,24/25,2025,1,0.7644616,1,0
628490,Genar Fornés,24/25,2025,1,0.76429355,1,0
940135,Christos Papadopoulos,24/25,2025,1,0.7642169,1,0
566630,Romeo Vucic,24/25,2025,0,0.7642027,1,1
784911,Diego Gutiérrez,24/25,2025,1,0.7639532,1,0
878507,Desmond Nketia,24/25,2025,1,0.7638129,1,0
931172,Gabriel Tutu,24/25,2025,0,0.7637982,1,1
386294,Stefano Chiariello,24/25,2025,1,0.7637083,1,0
331501,Erick Ferigra,24/25,2025,1,0.76363575,1,0
877672,Ali Jasim,24/25,2025,1,0.76354927,1,0
369908,Giuseppe Lauria,24/25,2025,1,0.7635003,1,0
618019,Andrej Pupovic,24/25,2025,0,0.7634738,1,1
610383,Filippo Frison,24/25,2025,1,0.7634317,1,0
678783,Yevgen Pidlepenets,24/25,2025,1,0.76341844,1,0
938349,Rober,24/25,2025,0,0.76338404,1,1
948047,Francesco Plaia,24/25,2025,1,0.76328117,1,0
907087,Berkay Yilmaz,24/25,2025,0,0.76317966,1,1
690889,Máté Kotula,24/25,2025,1,0.7630351,1,0
308367,José Antonio Soler,24/25,2025,1,0.7629847,1,0
510329,Hugo Rama,24/25,2025,1,0.7628798,1,0
707303,Samuele Lovaglio,24/25,2025,1,0.76269627,1,0
1198739,Joaco Peñalver,24/25,2025,1,0.7625875,1,0
877594,Luca Maini,24/25,2025,1,0.7624244,1,0
682588,Mateo Mejía,24/25,2025,1,0.7623147,1,0
286005,Julien Ngoy,24/25,2025,1,0.7622742,1,0
412959,Marouan Azarkan,24/25,2025,0,0.7622138,1,1
579287,Daniel Svensson,24/25,2025,1,0.76218516,1,0
426986,Filip Mihailov,24/25,2025,0,0.7620713,1,1
504064,Alexander Torvund,24/25,2025,1,0.7619918,1,0
628466,Isaiah Navarro,24/25,2025,0,0.76188904,1,1
110475,Dario Del Fabro,24/25,2025,1,0.76186395,1,0
860746,Pablo Álvarez,24/25,2025,1,0.7617939,1,0
825708,Josu Gallastegui,24/25,2025,1,0.76137793,1,0
372468,David Grilo,24/25,2025,1,0.76129943,1,0
608977,Nana Antwi,24/25,2025,0,0.7611938,1,1
810791,Ritchy Valmé,24/25,2025,0,0.7611381,1,1
242063,Vaclav Cerny,24/25,2025,1,0.7610917,1,0
732439,Nico Magno,24/25,2025,1,0.7608433,1,0
907634,Jacopo Cerasani,24/25,2025,1,0.76063186,1,0
510965,Ale Hernández,24/25,2025,1,0.76056874,1,0
145303,Mirko Giacobbe,24/25,2025,0,0.7604947,1,1
411838,Bruno Viana,24/25,2025,1,0.7604764,1,0
708001,Guille Perero,24/25,2025,1,0.7603569,1,0
710470,Hosine Bility,24/25,2025,1,0.760197,1,0
920193,Babucarr Boye,24/25,2025,1,0.7599667,1,0
883084,Alessio Sarpa,24/25,2025,1,0.7599509,1,0
820678,Emanuele Zucco,24/25,2025,1,0.75981826,1,0
610690,Oliver Wright,24/25,2025,1,0.7597753,1,0
668278,Ibon Ispizua,24/25,2025,1,0.7596986,1,0
654415,Alan Virginius,24/25,2025,1,0.7596819,1,0
989453,Oussama El Goumiri,24/25,2025,1,0.75963235,1,0
999735,Leonardo Barsotti,24/25,2025,1,0.75953835,1,0
782632,Jibril Othman,24/25,2025,0,0.75949377,1,1
481623,João Ferreira,24/25,2025,1,0.7594909,1,0
263267,Riad Bajic,24/25,2025,1,0.7594902,1,0
197482,Antonio Palma,24/25,2025,1,0.7594274,1,0
1123059,Pochito,24/25,2025,1,0.7593912,1,0
935996,Luan,24/25,2025,1,0.7593578,1,0
620388,Filippo Carli,24/25,2025,1,0.75902975,1,0
466799,Antonio Sola,24/25,2025,1,0.7587341,1,0
1020226,Luka Callø,24/25,2025,1,0.7587217,1,0
459300,Axel Desjardins,24/25,2025,1,0.7587021,1,0
1129454,Karlo Grgic,24/25,2025,0,0.7586677,1,1
390944,Mickaël Panos,24/25,2025,0,0.75854576,1,1
724107,Luca Di Maggio,24/25,2025,1,0.7584564,1,0
290412,Francesco Bigotto,24/25,2025,0,0.75842404,1,1
126516,Antonio Luna,24/25,2025,1,0.75810874,1,0
487840,Andrea Viviani,24/25,2025,1,0.7580798,1,0
928046,Giulio Misitano,24/25,2025,1,0.7580098,1,0
729155,Eren Öztürk,24/25,2025,1,0.7579205,1,0
917781,Matti Wagner,24/25,2025,1,0.7578353,1,0
417575,Uros Racic,24/25,2025,1,0.75774777,1,0
371607,Benito Cataldi,24/25,2025,0,0.7577424,1,1
976219,Lorenzo Carfora,24/25,2025,0,0.75765127,1,1
409550,Andrea Giusti,24/25,2025,1,0.75761575,1,0
1069692,Álex Toper,24/25,2025,1,0.7576087,1,0
582949,Vangelis Nikokyrakis,24/25,2025,1,0.7574558,1,0
711375,Asier Teijeira,24/25,2025,1,0.75736076,1,0
461726,Alessandro Martina,24/25,2025,1,0.7572399,1,0
708634,Andrea Arpini,24/25,2025,0,0.7571779,1,1
258835,Ricardo Gomes,24/25,2025,1,0.7571449,1,0
705401,Javi López,24/25,2025,1,0.75705934,1,0
549069,Diego Altube,24/25,2025,1,0.7570586,1,0
435336,Óscar de Frutos,24/25,2025,0,0.7570264,1,1
784551,Petar Malisic,24/25,2025,1,0.7570047,1,0
1087487,Vimal Yoganathan,24/25,2025,0,0.7568559,1,1
355924,Luca Sparandeo,24/25,2025,1,0.7568073,1,0
908946,Niklas Castelle,24/25,2025,1,0.7565632,1,0
1015405,Patrick Slanina,24/25,2025,0,0.75649446,1,1
339780,Svetoslav Kovachev,24/25,2025,1,0.7564435,1,0
1101300,Capi,24/25,2025,1,0.75643647,1,0
956126,Ian Olivera,24/25,2025,1,0.756313,1,0
898885,Manolis Faitakis,24/25,2025,0,0.75628185,1,1
355566,Barış Alıcı,24/25,2025,1,0.75621843,1,0
199375,Víctor Ruiz,24/25,2025,1,0.75617355,1,0
863522,Diego Negro,24/25,2025,1,0.7561106,1,0
707554,Fabio Lymann,24/25,2025,0,0.7561014,1,1
119115,Diego Falcinelli,24/25,2025,1,0.7560431,1,0
719426,Chemseddine Bekkouche,24/25,2025,1,0.7557583,1,0
818461,Marco Bevilacqua,24/25,2025,1,0.75571996,1,0
846543,Noa Zuliani,24/25,2025,1,0.7556136,1,0
448557,Lorenzo Meledandri,24/25,2025,1,0.7555958,1,0
396638,Manor Solomon,24/25,2025,1,0.75550795,1,0
935229,Marvel,24/25,2025,1,0.7554978,1,0
256682,Filippo Boccardi,24/25,2025,1,0.7553429,1,0
1074917,Jonathan Silva,24/25,2025,1,0.7553158,1,0
864465,Giacomo Venturini,24/25,2025,1,0.7550457,1,0
530157,Cem Türkmen,24/25,2025,1,0.75503886,1,0
144303,Lazar Markovic,24/25,2025,1,0.75496995,1,0
902702,Jayson Videira,24/25,2025,1,0.75495523,1,0
570458,Jake Garrett,24/25,2025,0,0.75494444,1,1
1278511,Emanuele Lo Zito,24/25,2025,0,0.7548757,1,1
399399,Jacopo Succi,24/25,2025,1,0.7548535,1,0
805835,Rémy Vita,24/25,2025,1,0.7547896,1,0
766764,Dani Lidueña,24/25,2025,1,0.75478846,1,0
181579,James Ward-Prowse,24/25,2025,0,0.75475925,1,1
614064,Jasper Moon,24/25,2025,0,0.7546934,1,1
210683,Juanma Acevedo,24/25,2025,1,0.754576,1,0
237430,Deyvison Fernandes,24/25,2025,1,0.754447,1,0
1194286,Gregorio Salvati,24/25,2025,1,0.75437474,1,0
242359,Juan Musso,24/25,2025,1,0.75429904,1,0
629383,Dani Garrido,24/25,2025,1,0.75429845,1,0
491026,Alexander Satariano,24/25,2025,1,0.7541766,1,0
297064,Francesco Bonfiglio,24/25,2025,1,0.7540883,1,0
340521,Gui Ramos,24/25,2025,0,0.7539156,1,1
336863,Juanjo Chavalés,24/25,2025,0,0.7538701,1,1
786438,Jony Álamo,24/25,2025,1,0.75386655,1,0
861707,Tiko Iniesta,24/25,2025,1,0.75368124,1,0
924759,Luca Lechner,24/25,2025,1,0.7535532,1,0
713633,Raúl Castro,24/25,2025,0,0.7534971,1,1
538971,Naouirou Ahamada,24/25,2025,0,0.75324506,1,1
568719,Leonardo Agius,24/25,2025,1,0.7530423,1,0
711999,Lesley Ugochukwu,24/25,2025,1,0.75303483,1,0
444208,Michael Obafemi,24/25,2025,1,0.7530114,1,0
885858,Riccardo De Zen,24/25,2025,0,0.7529919,1,1
486537,Sekou Camara,24/25,2025,0,0.7526551,1,1
1172731,Ismael Issa Algueche,24/25,2025,0,0.7522326,1,1
700664,Balázs Farkas,24/25,2025,1,0.7521967,1,0
669517,David Ruiz,24/25,2025,1,0.7518077,1,0
267431,Fabián Noguera,24/25,2025,1,0.7517656,1,0
797572,Stefan Lekovic,24/25,2025,0,0.7514581,1,1
596614,Federico Mencagli,24/25,2025,1,0.7514192,1,0
198300,Marco Moras,24/25,2025,0,0.7514093,1,1
796236,Zalán Debreceni,24/25,2025,1,0.75140095,1,0
1031968,Carlos Arauz,24/25,2025,1,0.7513569,1,0
935842,Alexandr Urban,24/25,2025,1,0.7513184,1,0
496995,Gergő Major,24/25,2025,1,0.75114805,1,0
935173,Manuel Rosetti,24/25,2025,1,0.7511274,1,0
314367,Marcus Edwards,24/25,2025,1,0.7510343,1,0
1159175,Mathew Gbomadu,24/25,2025,0,0.7509715,1,1
870093,Pablo García,24/25,2025,1,0.7508696,1,0
93853,Martin Kobylanski,24/25,2025,1,0.7506226,1,0
592925,András Huszti,24/25,2025,1,0.7505866,1,0
847436,Igor Strzałek,24/25,2025,0,0.7505612,1,1
634848,Jubril Adedeji,24/25,2025,0,0.7505477,1,1
504084,Tiago Ribeiro,24/25,2025,0,0.75032544,1,1
791694,Luís Ribeiro,24/25,2025,1,0.7501508,1,0
738570,Alessio Spatari,24/25,2025,1,0.75013053,1,0
951832,Manuele De Min,24/25,2025,0,0.7499948,1,1
736340,Mattia Pretato,24/25,2025,0,0.74997276,1,1
378520,Fernán Faerron,24/25,2025,1,0.7499411,1,0
946256,Nil Ruiz,24/25,2025,0,0.74991214,1,1
625881,Eneko Delgado,24/25,2025,1,0.74990463,1,0
806955,Dario Sits,24/25,2025,1,0.7497835,1,0
711371,Igor Irazu,24/25,2025,1,0.7495588,1,0
542697,Rasmus Carstensen,24/25,2025,1,0.7493241,1,0
59615,Alessandro De Respinis,24/25,2025,1,0.7492935,1,0
929871,Matteo Plaia,24/25,2025,1,0.74926275,1,0
1054209,Mahamadou Baldé,24/25,2025,1,0.74920434,1,0
921610,Nestorly Lumbu,24/25,2025,1,0.7491613,1,0
1237768,Ignacio Casari,24/25,2025,1,0.74901885,1,0
470807,Alessio Calisto,24/25,2025,1,0.74895096,1,0
953514,Jeremy Rebibo,24/25,2025,0,0.7489038,1,1
533502,Pietro Bencivenga,24/25,2025,0,0.74877536,1,1
667066,Alessio Guerini,24/25,2025,0,0.7487231,1,1
85908,Luca Dürholtz,24/25,2025,1,0.7485691,1,0
335593,Ben Barclay,24/25,2025,1,0.74841994,1,0
510369,Carlos Cordero,24/25,2025,0,0.7483115,1,1
293228,Dario Saric,24/25,2025,1,0.7482482,1,0
979760,Rayan Bamba,24/25,2025,1,0.7481596,1,0
684210,Jaidon Anthony,24/25,2025,1,0.74810755,1,0
246244,Sergio Aguza,24/25,2025,1,0.74803686,1,0
388139,Mateo Topic,24/25,2025,0,0.7476981,1,1
323589,Dálcio,24/25,2025,1,0.7476951,1,0
911126,Cristian Pecci,24/25,2025,0,0.747599,1,1
1107994,Gabriel Obekpa,24/25,2025,0,0.74740636,1,1
354246,Fareed Sadat,24/25,2025,0,0.74738806,1,1
832977,Juan Cruz Guasone,24/25,2025,0,0.74737495,1,1
168245,Giordano Pantano,24/25,2025,1,0.7472645,1,0
738112,Luca Moro,24/25,2025,0,0.7472085,1,1
234286,Mihai Leca,24/25,2025,1,0.74713457,1,0
1055075,Flavio Ferrari,24/25,2025,0,0.7470653,1,1
210143,Álex Gallar,24/25,2025,0,0.747022,1,1
783873,Álvaro López,24/25,2025,0,0.7470038,1,1
818507,Andrea Sorrentino,24/25,2025,1,0.7469425,1,0
456647,Francesco Rillo,24/25,2025,0,0.74692106,1,1
614811,Joe White,24/25,2025,1,0.74688786,1,0
1158757,Alejandro Herranz,24/25,2025,1,0.74687684,1,0
1193362,Andrea Esposito,24/25,2025,0,0.7466876,1,1
976159,Curro Bonilla,24/25,2025,1,0.74659026,1,0
921492,Chadi Ramadan,24/25,2025,1,0.7464816,1,0
604105,Ole Hoch,24/25,2025,1,0.74632514,1,0
326030,Ché Nunnely,24/25,2025,1,0.74618196,1,0
718032,Stephane Keller,24/25,2025,1,0.7461746,1,0
910615,Francesco Pistolesi,24/25,2025,1,0.74603564,1,0
456080,Karim Aribi,24/25,2025,1,0.74602884,1,0
503975,Joe Hodge,24/25,2025,1,0.7459731,1,0
914853,Spyros Angelidis,24/25,2025,1,0.7459259,1,0
89368,Borja García,24/25,2025,0,0.745836,1,1
908621,Nabil Aberdin,24/25,2025,0,0.7457543,1,1
935088,Dani García,24/25,2025,1,0.74574286,1,0
625066,Alejandro Ibarrondo,24/25,2025,1,0.7456957,1,0
895560,Manuel Esposito,24/25,2025,0,0.745669,1,1
390084,Aleksa Marusic,24/25,2025,0,0.7456084,1,1
884850,Antonio Toral,24/25,2025,1,0.74549246,1,0
576028,Thiago Almada,24/25,2025,1,0.7453938,1,0
730821,Julian Markvoort,24/25,2025,1,0.74530417,1,0
526784,Amadou Ciss,24/25,2025,1,0.7452525,1,0
874062,Nathan Asiimwe,24/25,2025,1,0.7452496,1,0
704234,Diego Fornari,24/25,2025,1,0.7452006,1,0
1216569,Osama El Bazar,24/25,2025,0,0.7450785,1,1
459009,Patrick Pasha,24/25,2025,1,0.7449767,1,0
228386,Joseph Boyamba,24/25,2025,1,0.7449758,1,0
340982,Florinel Coman,24/25,2025,0,0.7449692,1,1
435406,Demba Thiam,24/25,2025,1,0.7449658,1,0
260543,Nemanja Nikolic,24/25,2025,1,0.74494565,1,0
830113,Steven Nsimba,24/25,2025,1,0.74493957,1,0
1052726,Edu Sánchez,24/25,2025,1,0.7449009,1,0
634928,Paul Álvarez,24/25,2025,0,0.7448097,1,1
498000,Gavin Didzilatis,24/25,2025,1,0.7447669,1,0
959294,Eryk Grzywacz,24/25,2025,0,0.7444593,1,1
222502,Giovanni Foresta,24/25,2025,0,0.7444499,1,1
541867,Pitu Doncel,24/25,2025,0,0.7443507,1,1
800179,Maxime Langner,24/25,2025,1,0.7443338,1,0
614157,Kelvin Boateng,24/25,2025,1,0.744324,1,0
1022491,Stephan Wemakor,24/25,2025,1,0.7443199,1,0
997478,Othniël Raterink,24/25,2025,1,0.74428785,1,0
815532,Mattia Rigo,24/25,2025,1,0.7442247,1,0
929978,Andrea Agostini,24/25,2025,0,0.7442039,1,1
443697,Giuliano Alma,24/25,2025,0,0.7440923,1,1
432090,Nicolò Fagioli,24/25,2025,1,0.7437808,1,0
14881,Marcelo Carné,24/25,2025,1,0.74376535,1,0
522719,Samuel Obeng,24/25,2025,1,0.7437491,1,0
205878,Charlie Telfer,24/25,2025,1,0.74346566,1,0
536943,Daniele Olivieri,24/25,2025,1,0.7434303,1,0
965726,Armengol Portoles,24/25,2025,1,0.74326706,1,0
707221,Baptiste Rolland,24/25,2025,1,0.74318546,1,0
961075,Glenn McConnell,24/25,2025,0,0.7430297,1,1
1151716,Mounir Jebbar,24/25,2025,1,0.7429968,1,0
541035,Javi Duarte,24/25,2025,1,0.7429647,1,0
544258,Elios Minaj,24/25,2025,0,0.74287635,1,1
1065779,Raúl Sanchís,24/25,2025,1,0.7427878,1,0
933059,Tommaso Raineri,24/25,2025,1,0.7427209,1,0
732117,Dylan Williams,24/25,2025,1,0.74265623,1,0
882765,Alessandro Borgo,24/25,2025,0,0.7426529,1,1
717960,Luis Sánchez,24/25,2025,0,0.7426211,1,1
675878,Cristian,24/25,2025,0,0.7425953,1,1
423678,Meschack Elia,24/25,2025,1,0.7424986,1,0
339235,Tom McIntyre,24/25,2025,1,0.7424832,1,0
531909,Jordan Gele,24/25,2025,1,0.7424698,1,0
1296876,Marc Domènech,24/25,2025,0,0.74246615,1,1
536346,Alessandro Miola,24/25,2025,1,0.74246264,1,0
530298,Christian Conteh,24/25,2025,0,0.74244297,1,1
729937,Marco Teraschi,24/25,2025,1,0.7423646,1,0
408307,Francesco Delcarro,24/25,2025,1,0.7420962,1,0
1057318,Samuele Giallombardo,24/25,2025,0,0.7420657,1,1
741098,César Yanis,24/25,2025,0,0.7419865,1,1
503327,Teddy Okou,24/25,2025,1,0.7419564,1,0
983491,Matteo Corsa,24/25,2025,1,0.74194825,1,0
542570,Roberto Pierno,24/25,2025,1,0.74188185,1,0
796242,Kevin Kállai,24/25,2025,1,0.74174976,1,0
1040480,Lorenzo Pasquale,24/25,2025,0,0.7417407,1,1
823525,Lorenzo Villa,24/25,2025,1,0.7416938,1,0
549758,Jurguens Montenegro,24/25,2025,1,0.74163014,1,0
555719,Ali Akman,24/25,2025,1,0.7414024,1,0
610649,Ryan Alebiosu,24/25,2025,1,0.7412916,1,0
188436,Luigi Canotto,24/25,2025,1,0.741255,1,0
317429,Manuel Farrando,24/25,2025,0,0.7412404,1,1
533506,Lazar Vujanic,24/25,2025,1,0.74113244,1,0
368635,Juancho Victoria,24/25,2025,1,0.7410476,1,0
983138,Mattia Maffei,24/25,2025,1,0.74101156,1,0
514280,Pepijn Doesburg,24/25,2025,0,0.74094915,1,1
991486,Iván Quivira,24/25,2025,1,0.74080765,1,0
894945,Anartz Peña,24/25,2025,0,0.7407424,1,1
854484,Dylann Kam,24/25,2025,1,0.7406547,1,0
558727,Muhammed Gümüşkaya,24/25,2025,1,0.74049425,1,0
914195,Yutaka Michiwaki,24/25,2025,0,0.7404917,1,1
905013,Chilohem Onuoha,24/25,2025,0,0.74037623,1,1
1041934,Jeremy Jorge,24/25,2025,1,0.74037534,1,0
363541,Samu Pérez,24/25,2025,1,0.74034566,1,0
825731,Jean-Calvin Mbanga,24/25,2025,1,0.74024844,1,0
508153,Emmanuel Toku,24/25,2025,1,0.74023,1,0
391780,Derrick Köhn,24/25,2025,1,0.74020284,1,0
709377,Andrés Campos,24/25,2025,1,0.74017465,1,0
543390,Mamadou Traoré,24/25,2025,1,0.7400588,1,0
666614,Clement Ikenna,24/25,2025,0,0.74002934,1,1
940750,Hugo Buyla,24/25,2025,0,0.7399895,1,1
524860,Mickaël Biron,24/25,2025,1,0.73997706,1,0
840760,Ignacio Schor,24/25,2025,0,0.7398764,1,1
375791,Bence Pintér,24/25,2025,1,0.7398465,1,0
632499,Pablo Gálvez,24/25,2025,0,0.7397715,1,1
421869,Nicholas Rizzo,24/25,2025,1,0.7396738,1,0
941120,Yazid Joshan,24/25,2025,0,0.7395946,1,1
665348,Paolo Capogna,24/25,2025,1,0.7395324,1,0
531973,Gianluigi Sueva,24/25,2025,1,0.7395131,1,0
614500,Mattia Sangalli,24/25,2025,0,0.7394756,1,1
598893,Dumitru Rogac,24/25,2025,0,0.7394577,1,1
844755,Ekhiotz Orobio,24/25,2025,1,0.73940074,1,0
240337,Antonio Arpino,24/25,2025,1,0.7393957,1,0
938179,Luca Gramignoli,24/25,2025,1,0.7393495,1,0
634259,Javier Vicario,24/25,2025,1,0.7393191,1,0
817523,André Lopes,24/25,2025,1,0.7391001,1,0
591353,Robinho,24/25,2025,1,0.7390749,1,0
1171530,Iker Galindo,24/25,2025,1,0.73884284,1,0
520787,Ruan Teles,24/25,2025,1,0.73879343,1,0
464217,Szilárd Magyari,24/25,2025,1,0.7387742,1,0
767258,Juanan Aguilera,24/25,2025,0,0.73859024,1,1
911479,Imran Ali,24/25,2025,1,0.7383094,1,0
340425,Zan Medved,24/25,2025,1,0.7382726,1,0
800988,Benjamin Boakye,24/25,2025,1,0.7382377,1,0
932746,Mattia Saltalamacchia,24/25,2025,1,0.73822945,1,0
386577,Federico Mastropietro,24/25,2025,1,0.7382008,1,0
311146,Nikola Sipcic,24/25,2025,1,0.7381376,1,0
817028,Angelo Rechichi,24/25,2025,1,0.73798305,1,0
158623,Cyrus Christie,24/25,2025,1,0.7379708,1,0
597106,Luiz Gustavo,24/25,2025,1,0.73795015,1,0
386752,Ryan Wintle,24/25,2025,0,0.73785883,1,1
1060923,Oussama Boukir,24/25,2025,1,0.73780274,1,0
1157676,Adonija Ouanda,24/25,2025,0,0.73767215,1,1
961902,Neco Celorio,24/25,2025,1,0.7375779,1,0
638589,Ángel Algobia,24/25,2025,1,0.7375041,1,0
820938,Alessandro Silano,24/25,2025,1,0.7374337,1,0
617645,Luigi Gianfreda,24/25,2025,1,0.73742396,1,0
721468,Víctor Morales,24/25,2025,1,0.7373304,1,0
396645,Goni Naor,24/25,2025,0,0.7372593,1,1
567492,Konstantinos Balomenos,24/25,2025,1,0.7371925,1,0
1078990,Markel Arana,24/25,2025,1,0.7371306,1,0
635808,Georgios Stamoulis,24/25,2025,1,0.7370025,1,0
543539,Aly Soumah,24/25,2025,1,0.73692924,1,0
704285,Elia Maccherini Tonini,24/25,2025,1,0.73679805,1,0
998104,Gergely Kocsis,24/25,2025,1,0.7366053,1,0
717952,Mario de Luis,24/25,2025,1,0.73660046,1,0
1062967,Jon Merino,24/25,2025,1,0.73655486,1,0
1056169,Lorenzo Giorgi,24/25,2025,1,0.73645663,1,0
888392,Iñaki León,24/25,2025,0,0.7363449,1,1
998321,Johan Bångsbo,24/25,2025,1,0.73634374,1,0
351158,Jesús Cruz,24/25,2025,0,0.73631144,1,1
1057054,Riccardo Barbana,24/25,2025,1,0.73579526,1,0
623718,Konstantinos Roukounakis,24/25,2025,1,0.7357395,1,0
701052,Bilal Kandoussi,24/25,2025,1,0.7356126,1,0
1135091,Victor Rodriguez,24/25,2025,1,0.7356042,1,0
817128,Lorenzo Lo Duca,24/25,2025,0,0.73543614,1,1
401910,Iván Moreno,24/25,2025,1,0.73539734,1,0
670859,Antwoine Hackford,24/25,2025,1,0.7352671,1,0
69392,Adriano Grimaldi,24/25,2025,1,0.7352041,1,0
403834,Kahraman Demirtaş,24/25,2025,1,0.7351844,1,0
1099652,Patrick Ouotro,24/25,2025,1,0.7351099,1,0
634452,Pablo García,24/25,2025,1,0.73493934,1,0
628463,Adrián Gómez,24/25,2025,1,0.734919,1,0
1165116,Cosimo Bigazzi,24/25,2025,0,0.73478466,1,1
720984,Márk Helembai,24/25,2025,1,0.73476964,1,0
1215994,Stefano Codraro,24/25,2025,1,0.7347627,1,0
536811,Nicolò Milani,24/25,2025,1,0.73466307,1,0
733235,Goma,24/25,2025,0,0.7346147,1,1
882917,Alessio Aprile,24/25,2025,1,0.7346106,1,0
229657,Jamal Arago,24/25,2025,0,0.73422605,1,1
366883,Daniel Tetour,24/25,2025,1,0.7341145,1,0
581113,Bryan Fiabema,24/25,2025,0,0.73402613,1,1
542588,Alessandro Sorrentino,24/25,2025,1,0.73360866,1,0
875294,Konstantinos Goumas,24/25,2025,1,0.7332698,1,0
636737,Savio Piarulli,24/25,2025,1,0.7332696,1,0
704594,Danil Ankudinov,24/25,2025,1,0.7330104,1,0
439828,Cristian Pădurariu,24/25,2025,0,0.7329485,1,1
381204,Colau,24/25,2025,1,0.7329218,1,0
610335,Iván Jaime,24/25,2025,1,0.73278326,1,0
128036,Bright Addae,24/25,2025,0,0.73273367,1,1
249963,Adriano Schmidt,24/25,2025,1,0.73254776,1,0
183614,Ahmet Dereli,24/25,2025,1,0.7323406,1,0
1153922,Dylan Iglesias,24/25,2025,1,0.7323244,1,0
536846,Javier Ajenjo,24/25,2025,1,0.7321664,1,0
99003,Odise Roshi,24/25,2025,1,0.73214465,1,0
440737,Nemanja Tosic,24/25,2025,0,0.7321072,1,1
1140529,Mattia Ferrari,24/25,2025,1,0.7320479,1,0
435665,Vladyslav Khomutov,24/25,2025,1,0.7319644,1,0
458134,Davide Barosi,24/25,2025,0,0.7319536,1,1
397321,Paolo Lomasto,24/25,2025,1,0.73188764,1,0
587700,Pascal Kokott,24/25,2025,1,0.7318598,1,0
713644,Bryan Zaragoza,24/25,2025,1,0.73167187,1,0
531411,Esteban Orozco,24/25,2025,0,0.73165065,1,1
1304447,Malik Odeyinka,24/25,2025,1,0.7316274,1,0
344508,Remzifaik Selmani,24/25,2025,1,0.73158944,1,0
471936,Oliver Christensen,24/25,2025,1,0.7315853,1,0
610572,Ronald Gbizie,24/25,2025,1,0.7315799,1,0
1173024,Nathan Fernandes,24/25,2025,0,0.7315545,1,1
1295593,Nicholas Dmitrovic,24/25,2025,0,0.73132724,1,1
1060196,Claudio Giardino,24/25,2025,1,0.7312128,1,0
973665,Andrea Grilli,24/25,2025,1,0.7311122,1,0
1120845,Topo,24/25,2025,1,0.7310651,1,0
704553,Eugenio Pizzuto,24/25,2025,0,0.73100024,1,1
481692,Georgios Vrakas,24/25,2025,1,0.73097336,1,0
284737,Törles Knöll,24/25,2025,0,0.73090255,1,1
708315,Jakub Hrustinec,24/25,2025,1,0.7308883,1,0
519872,Livan Burcu,24/25,2025,0,0.73085177,1,1
915899,Dominik Nisandzic,24/25,2025,0,0.73080397,1,1
1181800,Davide Lauritano,24/25,2025,1,0.7307142,1,0
932738,Emanuele Sichi,24/25,2025,1,0.7306596,1,0
961985,Borja Calvo,24/25,2025,1,0.73062307,1,0
1150430,Davide Sesti,24/25,2025,1,0.7305214,1,0
566658,Adolfo Romero,24/25,2025,1,0.7304932,1,0
967823,Adrián Bobi,24/25,2025,1,0.73040223,1,0
833369,Amine Groune,24/25,2025,1,0.73029286,1,0
919756,Karim Hüneburg,24/25,2025,1,0.7302417,1,0
344151,Bilal Boutobba,24/25,2025,1,0.730219,1,0
929715,Connor O'Riordan,24/25,2025,1,0.7301294,1,0
1234011,Gabriele Casazza,24/25,2025,1,0.72993886,1,0
830304,Gellért Dúzs,24/25,2025,0,0.72983575,1,1
1069869,Bruno Franco,24/25,2025,1,0.72962606,1,0
631050,Alfonso Liceras,24/25,2025,0,0.729617,1,1
405885,Giacomo Raspadori,24/25,2025,1,0.7295806,1,0
627218,Txus Alba,24/25,2025,1,0.7295805,1,0
296704,Jaume Valens,24/25,2025,1,0.7293436,1,0
461843,Juan Berrocal,24/25,2025,1,0.7290215,1,0
351750,Léo Natel,24/25,2025,1,0.7290169,1,0
124911,Karim Laribi,24/25,2025,0,0.72900563,1,1
517379,Housseine Zakouani,24/25,2025,1,0.72894377,1,0
624347,Nikola Janjic,24/25,2025,1,0.72886807,1,0
946730,Klahos Zani,24/25,2025,1,0.7286386,1,0
676277,Pietro Bruni,24/25,2025,1,0.72862476,1,0
929864,Rafa Fernández,24/25,2025,1,0.7285421,1,0
521475,Bryan Hein,24/25,2025,1,0.728389,1,0
929573,Joel Silva,24/25,2025,1,0.72828156,1,0
602156,Guillem Molina,24/25,2025,1,0.72818863,1,0
394304,Manolo Portanova,24/25,2025,1,0.72789794,1,0
1044645,Alejandro Palop,24/25,2025,1,0.72789645,1,0
536703,Ivo Quaranta,24/25,2025,1,0.727887,1,0
847579,Isaac Heath,24/25,2025,1,0.72781134,1,0
471466,Lorenzo Barzon,24/25,2025,1,0.72772604,1,0
629718,Akileu Ndreca,24/25,2025,1,0.7275765,1,0
459953,Giacomo Manzari,24/25,2025,1,0.7275592,1,0
819083,Gabriele Costa,24/25,2025,1,0.72740394,1,0
996478,Samuel Hodur,24/25,2025,0,0.72735155,1,1
1159022,Mateus Lusuardi,24/25,2025,1,0.72729844,1,0
1348532,Juanma Cordero,24/25,2025,0,0.72722113,1,1
81173,Janis Blaswich,24/25,2025,1,0.7271943,1,0
877257,Mattia Leoncini,24/25,2025,1,0.7270595,1,0
796216,Emmanuel Gyamfi,24/25,2025,1,0.7270504,1,0
727578,David Astals,24/25,2025,1,0.7270041,1,0
1054346,Antonio Delaj,24/25,2025,1,0.72697496,1,0
316937,Michele Spinelli,24/25,2025,1,0.7268779,1,0
645774,Eren Dinkçi,24/25,2025,0,0.72685707,1,1
1177641,Samuel Bockay,24/25,2025,1,0.72683805,1,0
1187297,Nelson Zaba,24/25,2025,1,0.7267598,1,0
606552,Marco Rienhardt,24/25,2025,1,0.7267177,1,0
349570,Diney Borges,24/25,2025,0,0.7266763,1,1
924497,Lorenzo Orellano,24/25,2025,1,0.72665673,1,0
423196,Gabriele Fumanti,24/25,2025,1,0.7264873,1,0
371927,Caíque Lemes,24/25,2025,0,0.7264171,1,1
1230033,Edmond Lenghel,24/25,2025,1,0.7263974,1,0
1106258,Jorge Oreiro,24/25,2025,0,0.72632027,1,1
878114,Zak Bradshaw,24/25,2025,1,0.72624165,1,0
557264,Lorenzo Fino,24/25,2025,0,0.7260731,1,1
631015,Jakov Katusa,24/25,2025,1,0.72585845,1,0
491960,Benito,24/25,2025,1,0.72581214,1,0
1056273,Edoardo Negri,24/25,2025,1,0.72581196,1,0
683320,Jordi Ferrer,24/25,2025,0,0.7256919,1,1
716898,Luka Hyryläinen,24/25,2025,1,0.7256501,1,0
396949,Massimiliano Montuori,24/25,2025,1,0.7254691,1,0
263860,Jason Remeseiro,24/25,2025,1,0.7253565,1,0
187290,Kevin Brobbey,24/25,2025,1,0.72534007,1,0
1109812,Boston Billups,24/25,2025,1,0.72517353,1,0
855134,Skelly Alvero,24/25,2025,0,0.7248482,1,1
97731,Salvatore Giglio,24/25,2025,1,0.72472465,1,0
564305,Michel Adopo,24/25,2025,1,0.7246776,1,0
164344,Simone D'Anna,24/25,2025,0,0.7245481,1,1
115763,Koray Günter,24/25,2025,1,0.7244379,1,0
420465,Tiago Djaló,24/25,2025,1,0.72433025,1,0
459180,Riccardo Spaltro,24/25,2025,1,0.72422576,1,0
428746,Eric Ramírez,24/25,2025,1,0.7240579,1,0
447469,Hugo Alves,24/25,2025,1,0.72390395,1,0
345604,Toni Tasev,24/25,2025,1,0.72378904,1,0
341317,Oliver Burke,24/25,2025,1,0.7237831,1,0
715690,Sergio Navarro,24/25,2025,0,0.7237688,1,1
342350,Francesco D'Orsi,24/25,2025,0,0.72373056,1,1
668277,Alan Godoy,24/25,2025,1,0.7236644,1,0
1094885,Otávio,24/25,2025,1,0.7235718,1,0
469892,Yair Castro,24/25,2025,1,0.7235469,1,0
691486,Filippo Di Natale,24/25,2025,1,0.7233973,1,0
251432,Enock Barwuah,24/25,2025,1,0.72331935,1,0
262047,Almir Aganspahic,24/25,2025,0,0.72327507,1,1
1185116,Zalán Gregor,24/25,2025,1,0.7231187,1,0
1174733,Emiliano Bugari,24/25,2025,1,0.72311866,1,0
196050,Jeremias Lorch,24/25,2025,1,0.7228264,1,0
622745,William Mackleyther,24/25,2025,1,0.7227067,1,0
848657,Luka Lecic,24/25,2025,0,0.72259355,1,1
603691,Ernestas Juškevičius,24/25,2025,1,0.72254306,1,0
278343,Felix Uduokhai,24/25,2025,1,0.7223217,1,0
938452,Claudio Cristallo,24/25,2025,1,0.72226894,1,0
896526,Patrick Kelly,24/25,2025,1,0.72216743,1,0
455340,Jonatan González,24/25,2025,0,0.72216624,1,1
1169515,Alex Garzón,24/25,2025,1,0.72213405,1,0
615350,Cenk Özkacar,24/25,2025,1,0.72208405,1,0
646737,Marcos Denia,24/25,2025,1,0.72204155,1,0
392179,Hjalmar Ekdal,24/25,2025,0,0.7219609,1,1
170838,Salih Uçan,24/25,2025,0,0.7219472,1,1
1063198,Andor Lapu,24/25,2025,1,0.72189254,1,0
492000,Nikola Gavric,24/25,2025,1,0.7218908,1,0
930586,Simone Milo,24/25,2025,1,0.72181773,1,0
862392,Marco Orfano,24/25,2025,1,0.72174233,1,0
622258,Lukas Raab,24/25,2025,1,0.72142506,1,0
665525,Jayson Papeau,24/25,2025,1,0.72137666,1,0
636297,Joel Jiménez,24/25,2025,1,0.7212947,1,0
1111776,Ibou Sané,24/25,2025,0,0.72124594,1,1
392777,Jonathan Panzo,24/25,2025,1,0.7211864,1,0
1283847,Mattia Panzera,24/25,2025,1,0.7211626,1,0
1054429,Carlos Guirao,24/25,2025,0,0.72114146,1,1
1086495,Edoardo Nunziati,24/25,2025,0,0.7210226,1,1
531274,Diego Fuoli,24/25,2025,1,0.7209714,1,0
209291,Jack Bonham,24/25,2025,0,0.72092295,1,1
707329,Tomas Schanelec,24/25,2025,0,0.72074544,1,1
745493,Umberto De Luca,24/25,2025,0,0.7205835,1,1
621824,Andrea Nesci,24/25,2025,1,0.7205724,1,0
667997,Bilal Ouacharaf,24/25,2025,1,0.7204945,1,0
1054909,Pablo Busto,24/25,2025,0,0.7203995,1,1
290701,Georges Douglas Petdji Tsila,24/25,2025,1,0.7203402,1,0
304319,Milos Zukanovic,24/25,2025,1,0.7203232,1,0
1254491,Fran Sabina,24/25,2025,0,0.7202788,1,1
440323,Ismael Benktib,24/25,2025,1,0.7202533,1,0
1065998,Edoardo Olivieri,24/25,2025,1,0.7202351,1,0
804906,Sebastiaan Hagedoorn,24/25,2025,0,0.72013986,1,1
937224,Rubén Catalá,24/25,2025,1,0.7199899,1,0
843931,Timipere Johnson Eboh,24/25,2025,1,0.7199674,1,0
814349,Nicholas Fantoni,24/25,2025,0,0.7199554,1,1
875253,Duccio Nannini,24/25,2025,1,0.71964896,1,0
1043471,Augusto Dabó,24/25,2025,1,0.7196345,1,0
837890,Federico Ficini,24/25,2025,1,0.7194307,1,0
896234,Guillermo Balzi,24/25,2025,0,0.7193875,1,1
1059772,Mattia Parente,24/25,2025,1,0.7191443,1,0
452192,Paul Grave,24/25,2025,1,0.71904707,1,0
422287,Konstantinos Panagou,24/25,2025,1,0.7190065,1,0
394346,Emanuel Vignato,24/25,2025,1,0.7189638,1,0
596821,Scott Banks,24/25,2025,1,0.71883583,1,0
723733,Bernardo Folha,24/25,2025,0,0.71882224,1,1
388363,Maximilian Bauer,24/25,2025,0,0.7187079,1,1
338107,Simone Rossetti,24/25,2025,0,0.7184707,1,1
815495,Daniel Matteucci,24/25,2025,0,0.71843845,1,1
653065,Bahattin Karahan,24/25,2025,1,0.718349,1,0
455610,Thomas Erman,24/25,2025,1,0.718302,1,0
391672,Elias Kratzer,24/25,2025,1,0.7182945,1,0
240889,Anas Ouahim,24/25,2025,1,0.7182366,1,0
430310,Andrew Irving,24/25,2025,0,0.7181928,1,1
98854,Leonardo Pérez,24/25,2025,0,0.7181687,1,1
1234292,Vincenzo Arzillo,24/25,2025,1,0.71812534,1,0
1055864,Simone Verdosci,24/25,2025,1,0.7180643,1,0
184573,Victor Lindelöf,24/25,2025,1,0.7180538,1,0
898020,Athanasios Dabizas,24/25,2025,1,0.71802413,1,0
928591,Tiziano Vianello,24/25,2025,1,0.7178266,1,0
818850,Bilario Azizi,24/25,2025,1,0.7176693,1,0
987811,Ifeanyi David Nduka,24/25,2025,1,0.71761084,1,0
530927,Silvian Matei,24/25,2025,1,0.7176013,1,0
632497,Miquel Llabrés,24/25,2025,0,0.7175817,1,1
389844,Marco Hoxha,24/25,2025,0,0.7175552,1,1
466813,Miguelete,24/25,2025,0,0.7175197,1,1
522731,Pablo Bolado,24/25,2025,1,0.71751267,1,0
824200,Franco de Jesús,24/25,2025,1,0.717474,1,0
631068,Mike Cevallos,24/25,2025,1,0.7174497,1,0
1068036,Niccolò Abbà,24/25,2025,0,0.7174078,1,1
907633,Giorgio Citterio,24/25,2025,0,0.7173143,1,1
434433,Nikola Krstović,24/25,2025,1,0.7171975,1,0
511016,Javi Sánchez,24/25,2025,0,0.7169293,1,1
630106,Stefan Obradović,24/25,2025,1,0.7168961,1,0
866916,Tom Negrel,24/25,2025,0,0.71681845,1,1
1129805,Luigi Oriano,24/25,2025,1,0.7167709,1,0
979766,Mathis Lambourde,24/25,2025,1,0.7167285,1,0
904145,Guillem Naranjo,24/25,2025,1,0.71652585,1,0
599060,Haik Moussakhanian,24/25,2025,1,0.71645963,1,0
1056958,Aser Palacios,24/25,2025,0,0.7162134,1,1
1034123,Enrico Rovinelli,24/25,2025,0,0.7159589,1,1
199947,Davide Voltan,24/25,2025,1,0.71591324,1,0
1053228,Matteo Fravola,24/25,2025,1,0.7158912,1,0
281319,Alberth Elis,24/25,2025,1,0.7158018,1,0
486766,Aílson Tavares,24/25,2025,1,0.71576196,1,0
614546,Sergio León,24/25,2025,1,0.71567684,1,0
796726,Renato Júnior,24/25,2025,1,0.7156261,1,0
424021,Dapo Mebude,24/25,2025,1,0.71553993,1,0
1061742,Rodrigo Mendes,24/25,2025,1,0.71552783,1,0
818381,Mark-Emilio Papazov,24/25,2025,0,0.71542275,1,1
574448,Harry Tyrer,24/25,2025,0,0.7154176,1,1
365202,Daire O'Connor,24/25,2025,1,0.7152248,1,0
244285,Sinan Kurt,24/25,2025,0,0.71521384,1,1
1013106,Guillem Terma,24/25,2025,1,0.71494526,1,0
566927,Giovanni Corradini,24/25,2025,1,0.7149285,1,0
601058,Simeon Petrov,24/25,2025,1,0.71487415,1,0
548590,Najm Shwan,24/25,2025,1,0.7148674,1,0
1061810,Karol Di Mauro,24/25,2025,0,0.71481293,1,1
1058858,Andrea Di Siena,24/25,2025,0,0.7147107,1,1
551686,Khalid Muneer,24/25,2025,0,0.714709,1,1
55595,Benjamin Mokulu,24/25,2025,1,0.7146774,1,0
352597,Lado Mokhevishvili,24/25,2025,1,0.71452576,1,0
883122,Anas Haj Mohamed,24/25,2025,1,0.7145032,1,0
634110,Pablo Santiago,24/25,2025,1,0.7143491,1,0
594273,Jeremy Antonisse,24/25,2025,1,0.7142711,1,0
627293,Manín Gonzaga,24/25,2025,0,0.7142548,1,1
394345,Mohamed Rabbas,24/25,2025,1,0.71418506,1,0
1049833,Simone Mascheroni,24/25,2025,1,0.71405756,1,0
1205219,Andrea Prandini,24/25,2025,1,0.7138569,1,0
461505,Ricardo Silva,24/25,2025,1,0.71369606,1,0
522669,Georgios Manousakis,24/25,2025,1,0.71363187,1,0
635944,Nico Conesa,24/25,2025,1,0.7135094,1,0
168452,Gabriele Zerbo,24/25,2025,1,0.7133569,1,0
947689,Aseel Al-Harbi,24/25,2025,1,0.71331227,1,0
457031,Ibrahima Ndiaye,24/25,2025,1,0.71330017,1,0
321895,Youssouf Dao,24/25,2025,0,0.7132668,1,1
468549,Tamir Glazer,24/25,2025,1,0.7130411,1,0
698548,Marko Lazetić,24/25,2025,1,0.7128952,1,0
342240,Thijmen Goppel,24/25,2025,1,0.71260124,1,0
181768,Hernani,24/25,2025,0,0.71254075,1,1
731467,Simone Giorgeschi,24/25,2025,1,0.71253026,1,0
342876,Didier Desprez,24/25,2025,1,0.71233284,1,0
522954,Georgios Moustakopoulos,24/25,2025,1,0.71201676,1,0
947696,Miroslav Kolev,24/25,2025,0,0.7119775,1,1
344415,Dominik Steczyk,24/25,2025,0,0.71193445,1,1
634290,Abraham Bahachille,24/25,2025,1,0.7119044,1,0
572910,Benjamin Luis,24/25,2025,1,0.7118606,1,0
632921,Mario Riquelme,24/25,2025,0,0.7118019,1,1
418567,Markus Solbakken,24/25,2025,1,0.7117206,1,0
810067,Louis Mouquet,24/25,2025,1,0.71169055,1,0
466587,Michal Zapletal,24/25,2025,0,0.71160334,1,1
802214,Melsi Cereni,24/25,2025,1,0.71155804,1,0
534121,Andrea Marino,24/25,2025,1,0.711485,1,0
942415,Niccolò Stacchiotti,24/25,2025,1,0.711475,1,0
1065266,Ander Ibáñez,24/25,2025,1,0.7114654,1,0
465255,Tommaso Gentile,24/25,2025,1,0.71140194,1,0
346181,Oli Hawkins,24/25,2025,1,0.7112508,1,0
1055874,Manex Gibelalde,24/25,2025,1,0.71119493,1,0
257456,Chico Geraldes,24/25,2025,1,0.71113545,1,0
786827,Marius Wörl,24/25,2025,1,0.711118,1,0
901082,Faisal Al-Ghamdi,24/25,2025,0,0.7110982,1,1
1053571,Christian Cugnata,24/25,2025,1,0.71108705,1,0
198298,Carmine De Sena,24/25,2025,1,0.711079,1,0
906339,Antonio Jozanovic,24/25,2025,1,0.7109603,1,0
1049439,Alessio Porzio,24/25,2025,0,0.7108979,1,1
331376,Werick Caetano,24/25,2025,1,0.71077746,1,0
554463,Gustavo Souza,24/25,2025,1,0.7107265,1,0
1233176,Cedric Gnazale,24/25,2025,0,0.71070254,1,1
654511,Yuya Yoshimura,24/25,2025,1,0.71066797,1,0
418215,Ricardo Farcaș,24/25,2025,1,0.7106376,1,0
704347,Antonio Pio Iervolino,24/25,2025,0,0.7105664,1,1
1188586,Alessandro Rossi,24/25,2025,1,0.7105621,1,0
188640,Augustine Okrah,24/25,2025,0,0.7105584,1,1
679680,Julian Bell,24/25,2025,1,0.7105064,1,0
1176398,Edoardo Bettinelli,24/25,2025,1,0.71044123,1,0
604455,Adar Ratner,24/25,2025,0,0.71040905,1,1
934494,Tommaso Plini,24/25,2025,1,0.7103612,1,0
867042,Antoan Stoyanov,24/25,2025,1,0.7102483,1,0
359212,Richárd Zsolnai,24/25,2025,1,0.71017617,1,0
396646,Guy Dahan,24/25,2025,0,0.71009153,1,1
490616,Sergio Nieto,24/25,2025,1,0.7100862,1,0
497825,Guillaume Yenoussi,24/25,2025,0,0.7100617,1,1
183836,Dino Hotic,24/25,2025,1,0.710015,1,0
854085,Ivan Mensah,24/25,2025,1,0.7099806,1,0
709241,Thierno Barry,24/25,2025,1,0.7098723,1,0
227347,Valentin Antov,24/25,2025,0,0.70984757,1,1
931782,Juanmi Durán,24/25,2025,1,0.7098446,1,0
312245,Ryan Moon,24/25,2025,1,0.70983166,1,0
1066093,Guillermo Macho,24/25,2025,1,0.7097281,1,0
743495,Nehemiah Fernandez,24/25,2025,1,0.7097035,1,0
975348,Joan Tincres,24/25,2025,0,0.7095746,1,1
287764,Luca Procacci,24/25,2025,0,0.70948863,1,1
156887,Álvaro Peña,24/25,2025,1,0.70948595,1,0
713355,Samuel Calderoni,24/25,2025,1,0.7094746,1,0
810066,Kaïs Najeh,24/25,2025,0,0.7094075,1,1
634429,Iker Piedra,24/25,2025,1,0.70930463,1,0
197468,Davide Agazzi,24/25,2025,0,0.7092876,1,1
633649,Adam Devine,24/25,2025,1,0.70921683,1,0
599739,Xavier Simons,24/25,2025,1,0.7091994,1,0
583767,Semir Telalovic,24/25,2025,1,0.7091248,1,0
707785,Guglielmo Mignani,24/25,2025,1,0.7090757,1,0
648046,Evan Ferguson,24/25,2025,1,0.70892364,1,0
1226095,Miguel Ángel Abad,24/25,2025,0,0.70878,1,1
282694,Augusto Solari,24/25,2025,1,0.70868343,1,0
523978,Luis Vacas,24/25,2025,1,0.7083905,1,0
624266,Ross McCausland,24/25,2025,1,0.70828986,1,0
947447,David Conejero,24/25,2025,1,0.70820826,1,0
162959,Daniele Rugani,24/25,2025,0,0.708174,1,1
564968,Francisco Meixedo,24/25,2025,1,0.7081642,1,0
395870,Francesco Verde,24/25,2025,1,0.7081313,1,0
818130,Filippo Cinel,24/25,2025,0,0.70806,1,1
355397,Víctor Pastrana,24/25,2025,1,0.707754,1,0
1094415,Mohamed Hamdoune,24/25,2025,1,0.7077107,1,0
633650,Leon King,24/25,2025,1,0.7076145,1,0
481117,Othmane Boussaid,24/25,2025,0,0.70759535,1,1
984964,Niccolò Fortini,24/25,2025,0,0.7075724,1,1
341093,Filippo Boccardi,24/25,2025,1,0.707562,1,0
249121,Noah Sonko Sundberg,24/25,2025,1,0.7075238,1,0
906731,Răzvan Morariu,24/25,2025,0,0.70743704,1,1
937672,Joel Aubin Vidékon,24/25,2025,1,0.70735586,1,0
345748,Andreas Bruus,24/25,2025,1,0.707147,1,0
710000,David Cuenca,24/25,2025,1,0.7070454,1,0
709182,Beñat de Jesús,24/25,2025,0,0.7069995,1,1
697716,Serginho,24/25,2025,1,0.70699686,1,0
160137,Tom Barkhuizen,24/25,2025,1,0.706866,1,0
226825,Borja López,24/25,2025,0,0.70679754,1,1
1067111,Alassan Manjam,24/25,2025,0,0.7066939,1,1
74559,Moritz Göttel,24/25,2025,1,0.70667285,1,0
503161,Denzel Tawiah,24/25,2025,1,0.70658016,1,0
765232,Roman Yalovenko,24/25,2025,0,0.70652187,1,1
318799,Otis Khan,24/25,2025,1,0.7063064,1,0
989819,Ivane Chegra,24/25,2025,1,0.7062607,1,0
809180,Teddy Averlant,24/25,2025,1,0.706188,1,0
1163638,Yeimar Mosquera,24/25,2025,0,0.70617723,1,1
230968,Alexandros Nikolias,24/25,2025,1,0.70615345,1,0
636331,André Shinyashiki,24/25,2025,0,0.7061188,1,1
741287,Diego Rosado,24/25,2025,1,0.70602447,1,0
433183,Tommy Doyle,24/25,2025,1,0.7059591,1,0
339584,Robert Mudrazija,24/25,2025,1,0.7059242,1,0
1064546,Andres Labie,24/25,2025,1,0.70579654,1,0
69457,Richi de Souza,24/25,2025,0,0.7057739,1,1
557612,Sékou Mara,24/25,2025,1,0.7057461,1,0
1290030,Niccolò Cavallotti,24/25,2025,1,0.7056748,1,0
1176418,Owen Stirton,24/25,2025,1,0.705622,1,0
917158,Davide Ziu,24/25,2025,0,0.7055795,1,1
331463,Alessandro Aloia,24/25,2025,1,0.7055265,1,0
1051736,Marco Taramelli,24/25,2025,1,0.7055078,1,0
700103,Óscar Siafa,24/25,2025,1,0.7054345,1,0
532107,Ben Folami,24/25,2025,0,0.7053649,1,1
724178,Luis Hasa,24/25,2025,1,0.7053355,1,0
1326570,Matteo Zenoni,24/25,2025,1,0.70533043,1,0
456874,Francesco De Caro,24/25,2025,1,0.7051453,1,0
396114,Víctor Morillo,24/25,2025,1,0.70511144,1,0
217149,Antonio Marín,24/25,2025,0,0.7050518,1,1
468256,Daniel Penha,24/25,2025,1,0.7049546,1,0
451848,Geoffrey Acheampong,24/25,2025,1,0.7049314,1,0
741254,Gerard Hernández,24/25,2025,1,0.70483434,1,0
842764,Moudjatovic,24/25,2025,0,0.7046725,1,1
724783,Tawanda Chirewa,24/25,2025,0,0.70463014,1,1
374142,Manu Sánchez,24/25,2025,1,0.70459473,1,0
823331,Luca Gozzo,24/25,2025,0,0.7044524,1,1
348553,Pablo Clavería,24/25,2025,0,0.7044369,1,1
468314,Caio Lopes,24/25,2025,1,0.704417,1,0
634374,Macula,24/25,2025,1,0.7043697,1,0
728580,Daniel Villaseca,24/25,2025,0,0.7043389,1,1
1088267,Lapo Accorsini,24/25,2025,1,0.70430315,1,0
550580,Shuto Machino,24/25,2025,1,0.70415133,1,0
204180,Atabey Çiçek,24/25,2025,0,0.7041344,1,1
745177,Nazim Babaï,24/25,2025,0,0.7039531,1,1
312760,Andrija Filipovic,24/25,2025,1,0.7039359,1,0
911373,Dominik Kovács,24/25,2025,1,0.70387983,1,0
1033847,Hugo López,24/25,2025,1,0.7038153,1,0
335821,George Ganea,24/25,2025,0,0.7038042,1,1
1105550,Moussa Seck Ndoye,24/25,2025,1,0.70359296,1,0
966905,Marco Ladisa,24/25,2025,0,0.703525,1,1
1051262,Gabriele Massaro,24/25,2025,0,0.7035034,1,1
1153675,Pedro Ramos,24/25,2025,0,0.70340276,1,1
876626,Finn Delap,24/25,2025,0,0.70320266,1,1
771032,Andrés Rodríguez,24/25,2025,1,0.70314753,1,0
396158,Carlos Cobo,24/25,2025,1,0.70310533,1,0
182904,Clément Lenglet,24/25,2025,1,0.7030423,1,0
268175,Jordi Ortega,24/25,2025,0,0.7030263,1,1
1065268,Álex Jimenez,24/25,2025,1,0.70302206,1,0
1120307,Destiny Ilahude,24/25,2025,0,0.70298994,1,1
377042,Michael Folorunsho,24/25,2025,1,0.70292383,1,0
960983,Agus Moreno,24/25,2025,1,0.7029034,1,0
319231,Claudiu Micovschi,24/25,2025,0,0.70278555,1,1
1175942,Davide Chiandussi,24/25,2025,1,0.7026731,1,0
797754,Ilario Porzi,24/25,2025,1,0.70256394,1,0
672881,Paolo Coly,24/25,2025,1,0.7025486,1,0
575693,Ibrahim Cissoko,24/25,2025,1,0.7019847,1,0
354664,Junior Flemmings,24/25,2025,0,0.7019843,1,1
345087,Fatjon Jusufi,24/25,2025,0,0.7017818,1,1
547818,Raul Steau,24/25,2025,0,0.70171994,1,1
823486,Michael Kayode,24/25,2025,1,0.70170534,1,0
715083,Andrej Stojcevski,24/25,2025,1,0.70163345,1,0
430764,Alberto Senese,24/25,2025,1,0.70153105,1,0
455348,Víctor San Bartolomé,24/25,2025,1,0.70147014,1,0
503032,Edu Frías,24/25,2025,0,0.7014032,1,1
935228,Dani Vicente,24/25,2025,1,0.7013872,1,0
666923,Momo Touré,24/25,2025,1,0.7013464,1,0
524924,Mattia Trinchera,24/25,2025,0,0.7012939,1,1
803421,Max Conway,24/25,2025,0,0.7012332,1,1
352425,Witiness Quembo,24/25,2025,1,0.70111686,1,0
816012,Gino Costanzo,24/25,2025,0,0.700961,1,1
1048337,Foster Gyamfi,24/25,2025,0,0.70084345,1,1
647323,Hiran Ahmed,24/25,2025,1,0.7007983,1,0
160740,Ben Halloran,24/25,2025,0,0.7006453,1,1
648520,Alex Vigo,24/25,2025,0,0.70062125,1,1
255904,Kaiser,24/25,2025,0,0.70043844,1,1
876519,Sofyan Cola,24/25,2025,1,0.70042354,1,0
909482,Luke Kenny,24/25,2025,1,0.7004118,1,0
657776,Denny Pucci,24/25,2025,1,0.7003375,1,0
988300,Marwan Chafaa,24/25,2025,1,0.70028746,1,0
882721,Matteo Agrimi,24/25,2025,0,0.70022166,1,1
949961,Bas Huisman,24/25,2025,1,0.7002213,1,0
986231,Elia Caneva,24/25,2025,1,0.70019525,1,0
146519,Haythem Jouini,24/25,2025,1,0.70018905,1,0
571116,Eyram Leveh,24/25,2025,1,0.7001804,1,0
638210,Mikel Zabala,24/25,2025,0,0.70009977,1,1
336856,Luis Acosta,24/25,2025,0,0.6999101,1,1
602223,Kay Seidemann,24/25,2025,0,0.69990975,1,1
908764,Matteo Galassi,24/25,2025,1,0.69975686,1,0
924304,Adrián Dénes,24/25,2025,1,0.6996743,1,0
461727,Francesco Palermo,24/25,2025,1,0.69956195,1,0
589768,Ton Ripoll,24/25,2025,0,0.69952357,1,1
1051090,Samuele Magni,24/25,2025,0,0.6992755,1,1
586982,Levi Laing,24/25,2025,0,0.6992501,1,1
545332,Mikkel Kaufmann,24/25,2025,0,0.6991919,1,1
934136,Francesco Minerva,24/25,2025,1,0.6988756,1,0
648509,Fourat Soltani,24/25,2025,1,0.698791,1,0
1161617,Boubacar Diallo,24/25,2025,1,0.6987672,1,0
913019,Vladislav Vasiljev,24/25,2025,1,0.69875705,1,0
247366,Marcos Mauro,24/25,2025,0,0.6987083,1,1
1066212,Mladen Mutavčić,24/25,2025,1,0.69867516,1,0
885226,Riyad Idrissi,24/25,2025,0,0.6986141,1,1
707273,Brais Val,24/25,2025,1,0.6985908,1,0
483104,Soufiane Lagzir,24/25,2025,1,0.6985486,1,0
823893,Giovanni Zito,24/25,2025,1,0.6985248,1,0
320426,Andrea Gulli,24/25,2025,1,0.6984631,1,0
329327,Matteo Buratto,24/25,2025,1,0.6984474,1,0
866082,Danilo Al-Saed,24/25,2025,1,0.698347,1,0
829736,Rico Wuttke,24/25,2025,1,0.6983429,1,0
617596,Mattia Cretti,24/25,2025,1,0.69830525,1,0
183298,Chris Long,24/25,2025,1,0.6982299,1,0
571601,Federico Moraschi,24/25,2025,1,0.6982039,1,0
820723,Jan Urbich,24/25,2025,1,0.6981489,1,0
1262995,Chiemeka Azurunwa,24/25,2025,1,0.69810236,1,0
251680,Brandon Thomas,24/25,2025,1,0.69794524,1,0
451282,Tamás Kiss,24/25,2025,1,0.6978545,1,0
941883,Martín Tejón,24/25,2025,1,0.6977386,1,0
639246,Hyeon-gyu Oh,24/25,2025,0,0.6977385,1,1
431581,Edoardo Duca,24/25,2025,1,0.69769955,1,0
542741,Sunday Adetunji,24/25,2025,1,0.69768435,1,0
737892,Renzo Orihuela,24/25,2025,0,0.6976168,1,1
389842,Matteo Pinton,24/25,2025,1,0.6974943,1,0
724023,Ondrej Kukucka,24/25,2025,1,0.69736344,1,0
699018,Zac Ashworth,24/25,2025,0,0.6973407,1,1
1015624,Óscar Perea,24/25,2025,1,0.69732034,1,0
575212,Isaac Fletcher,24/25,2025,0,0.6973099,1,1
1025744,Rafael Vlăsceanu,24/25,2025,1,0.69722056,1,0
1042216,Tibor Jager,24/25,2025,1,0.69711334,1,0
602549,Elydjah Mendy,24/25,2025,1,0.6970498,1,0
744941,Sekou Lega,24/25,2025,1,0.69704634,1,0
680322,Samuel Nnoshiri,24/25,2025,1,0.6970037,1,0
981742,Adilson,24/25,2025,1,0.6969115,1,0
61464,Karim Yoda,24/25,2025,1,0.6969019,1,0
616823,Alain García,24/25,2025,1,0.6968291,1,0
1123002,Gerardo Agnelli,24/25,2025,0,0.69680154,1,1
128876,Dávid Kelemen,24/25,2025,0,0.696785,1,1
441220,Mamadou Diallo,24/25,2025,1,0.6967714,1,0
596067,Felippe Cardoso,24/25,2025,0,0.69669306,1,1
466812,Nils Mortimer,24/25,2025,0,0.69668305,1,1
742023,Romildo Del Piage,24/25,2025,1,0.6965296,1,0
837205,Franco Ravizzoli,24/25,2025,1,0.6964436,1,0
1057820,Jeremy Agbonifo,24/25,2025,1,0.69637245,1,0
343536,Ikhsan Fandi,24/25,2025,1,0.69633484,1,0
938431,Marko Kerkez,24/25,2025,1,0.69617367,1,0
468688,Maximilian Weisbäcker,24/25,2025,1,0.69617224,1,0
1291792,Agustín Juarez,24/25,2025,1,0.6959158,1,0
567479,Alberto Simoni,24/25,2025,1,0.69590807,1,0
933253,Bernie Lennemann,24/25,2025,0,0.69586277,1,1
343094,Martin Palincsár,24/25,2025,1,0.6957853,1,0
815567,Andrea Mazza,24/25,2025,1,0.6957327,1,0
1039738,Thiago Menna,24/25,2025,1,0.69572395,1,0
321551,Abdullah Celik,24/25,2025,1,0.6956994,1,0
947432,Marcos Fernández,24/25,2025,0,0.6956522,1,1
341717,Miguel Acosta,24/25,2025,1,0.69554204,1,0
692739,Miraç Asıltekin,24/25,2025,1,0.69536394,1,0
1288196,Gabriel Cantonati,24/25,2025,1,0.6951873,1,0
938677,Tommaso Mancioppi,24/25,2025,0,0.69516456,1,1
358425,Gonzalo Di Renzo,24/25,2025,1,0.6951569,1,0
1063856,Abdoulaye Traoré,24/25,2025,0,0.69513285,1,1
315209,Çekdar Orhan,24/25,2025,0,0.6948557,1,1
891439,Javier Duce,24/25,2025,0,0.69477624,1,1
1058990,Edoardo Salvador,24/25,2025,1,0.6947373,1,0
237923,Sotiris Tsiloulis,24/25,2025,1,0.6947215,1,0
855890,Jenson Metcalfe,24/25,2025,1,0.6946691,1,0
457251,Gabriele Ingrosso,24/25,2025,1,0.69460046,1,0
709671,Răzvan Pașcalău,24/25,2025,1,0.6945945,1,0
195704,Alexandros Kartalis,24/25,2025,0,0.6945652,1,1
571743,Armando Broja,24/25,2025,1,0.6944349,1,0
624059,Emir Karalic,24/25,2025,1,0.69438475,1,0
395612,Nicolò Clerici,24/25,2025,1,0.6943537,1,0
507494,Guillaume Furrer,24/25,2025,1,0.6940871,1,0
1031607,Nico Petras,24/25,2025,1,0.6940762,1,0
417669,Christos Kountouriotis,24/25,2025,1,0.6939675,1,0
447823,Oier Luengo,24/25,2025,0,0.6939337,1,1
738108,Samuele Zona,24/25,2025,1,0.69392645,1,0
710653,Iker Alday,24/25,2025,1,0.69380534,1,0
411544,Sherwin Seedorf,24/25,2025,1,0.69379765,1,0
262391,Lluís López,24/25,2025,1,0.6937818,1,0
377851,Mitar Cukovic,24/25,2025,1,0.69376343,1,0
535958,Ricardo Matos,24/25,2025,1,0.69374764,1,0
193050,Valmir Sulejmani,24/25,2025,1,0.6937341,1,0
196831,Charmaine Häusl,24/25,2025,1,0.69372106,1,0
267035,Jannes Vollert,24/25,2025,0,0.6935858,1,1
385906,Kevin Varga,24/25,2025,1,0.6934516,1,0
339919,Iliya Yurukov,24/25,2025,1,0.6933802,1,0
640492,Faissal Zangré,24/25,2025,1,0.69328207,1,0
95737,Bassel Jradi,24/25,2025,1,0.6930942,1,0
673971,Franklin Sasere,24/25,2025,1,0.6926936,1,0
425975,Davide Di Stefano,24/25,2025,1,0.6924714,1,0
161484,Lee Erwin,24/25,2025,1,0.69245815,1,0
598101,Roberto Fernández,24/25,2025,1,0.69233584,1,0
85380,Andrea Seculin,24/25,2025,1,0.69216555,1,0
1149706,Andrea Lombari,24/25,2025,0,0.69208175,1,1
355468,Primi Férriz,24/25,2025,1,0.6919811,1,0
267093,Milos Milovic,24/25,2025,1,0.6918995,1,0
336736,Daniel Lasure,24/25,2025,1,0.6917121,1,0
949472,Fabricio,24/25,2025,1,0.69165957,1,0
331503,Alejandro Viedma,24/25,2025,1,0.6914651,1,0
99296,Sema Velázquez,24/25,2025,1,0.6914551,1,0
1056315,Davide Lazzaro,24/25,2025,1,0.6914458,1,0
390638,Arthur Cabral,24/25,2025,1,0.691416,1,0
797756,Ariel Reinero,24/25,2025,1,0.69133717,1,0
550108,Nicola Zalewski,24/25,2025,1,0.69133365,1,0
284701,Samuel Portugal,24/25,2025,1,0.6913175,1,0
196785,Emanuel Taffertshofer,24/25,2025,1,0.691285,1,0
695646,Charles Boli,24/25,2025,1,0.69104123,1,0
977382,Yeiner Londoño,24/25,2025,1,0.69087106,1,0
834463,Iker Córdoba,24/25,2025,1,0.6908308,1,0
230210,Lolo Plá,24/25,2025,1,0.69070536,1,0
622526,Dani Satoca,24/25,2025,1,0.6905856,1,0
567196,Cristian Măgerușan,24/25,2025,1,0.6904433,1,0
867784,Davide Aloia,24/25,2025,1,0.6903621,1,0
990731,Hakim Sahabo,24/25,2025,0,0.6903594,1,1
251079,Ertuğrul Ersoy,24/25,2025,1,0.69026566,1,0
975689,Óscar Cortés,24/25,2025,1,0.69017065,1,0
212229,Halil Akbunar,24/25,2025,0,0.6901149,1,1
687464,Franko Sabljic,24/25,2025,1,0.690074,1,0
336070,Álvaro Casas,24/25,2025,1,0.6900649,1,0
158118,Tarkan Serbest,24/25,2025,0,0.6899648,1,1
1091219,Abdoulaye Kanté,24/25,2025,1,0.6898847,1,0
340325,Reiss Nelson,24/25,2025,1,0.68985957,1,0
395888,Nicola Andreoli,24/25,2025,1,0.68981993,1,0
691355,Junior Bakayoko,24/25,2025,0,0.68964833,1,1
562421,Onni Tiihonen,24/25,2025,0,0.6895963,1,1
709962,Pol Muñoz,24/25,2025,1,0.68958735,1,0
90772,Cem Ekinci,24/25,2025,1,0.6892825,1,0
254280,Reuben Acquah,24/25,2025,1,0.6892301,1,0
842802,Javier Akapo,24/25,2025,1,0.6892176,1,0
583699,Andrej Ilic,24/25,2025,1,0.68908983,1,0
812987,Nick Meier,24/25,2025,1,0.6890244,1,0
821501,Javi Antón,24/25,2025,1,0.68893605,1,0
192279,Kepa Arrizabalaga,24/25,2025,1,0.68878853,1,0
1108584,Adam Rasheed,24/25,2025,0,0.6886526,1,1
938722,Oier Gastesi,24/25,2025,1,0.6885912,1,0
954271,Bendegúz Lehoczki,24/25,2025,1,0.6885223,1,0
942497,Jahmai Simpson-Pusey,24/25,2025,1,0.6884895,1,0
1292591,Jack Nunn,24/25,2025,0,0.68839616,1,1
1070312,Nathan Tronchet,24/25,2025,1,0.68834114,1,0
621770,Matías Vesprini,24/25,2025,1,0.6882797,1,0
821124,Nicola Anelli,24/25,2025,1,0.6882283,1,0
217285,Filip Kusic,24/25,2025,1,0.6881495,1,0
670144,José Gallegos,24/25,2025,1,0.68812764,1,0
393217,Mert Yılmaz,24/25,2025,1,0.6881217,1,0
627408,Edwin Rodríguez,24/25,2025,0,0.6880727,1,1
178459,Davie Selke,24/25,2025,1,0.68803644,1,0
1055933,Daniel Babaj,24/25,2025,1,0.6879094,1,0
577590,Pedro Brazão,24/25,2025,0,0.6878875,1,1
937956,Pau Prim,24/25,2025,1,0.687812,1,0
405687,Tom Krauß,24/25,2025,1,0.6877188,1,0
160624,Nils Brüning,24/25,2025,1,0.68765336,1,0
945701,Dani Clavijo,24/25,2025,0,0.6876159,1,1
568153,Cristian Delgado,24/25,2025,0,0.68754435,1,1
1051905,Kira Yamamoto,24/25,2025,1,0.687455,1,0
485591,Mohamed Taabouni,24/25,2025,1,0.68740004,1,0
404959,Gabriele Fabbian,24/25,2025,0,0.6873327,1,1
896352,Anas Alaoui,24/25,2025,1,0.6872175,1,0
820381,Mohamed Brahimi,24/25,2025,1,0.687191,1,0
934507,Thomas Savalli,24/25,2025,1,0.68711764,1,0
333003,Antonio Sepe,24/25,2025,1,0.6870836,1,0
255468,Adam Andersson,24/25,2025,1,0.6870502,1,0
934651,Leon Çalışkan,24/25,2025,1,0.68666834,1,0
598486,Mário Balbúrdia,24/25,2025,0,0.68666744,1,1
778847,Alberto Trapero,24/25,2025,1,0.6866478,1,0
124173,Fabrizio Poli,24/25,2025,1,0.68653876,1,0
120347,Andrea Sala,24/25,2025,0,0.68642384,1,1
1169857,Freddie Anderson,24/25,2025,0,0.68639797,1,1
83256,Özkan Yıldırım,24/25,2025,1,0.68632954,1,0
441385,Gonzalo Maroni,24/25,2025,0,0.6862352,1,1
807836,Sandji Baradji,24/25,2025,1,0.68604535,1,0
836493,Gonzalo Abrego,24/25,2025,0,0.6860326,1,1
789722,Feritali Erdem,24/25,2025,1,0.6859447,1,0
432224,Mateo Karamatic,24/25,2025,1,0.6858485,1,0
657446,Bernardo Couto,24/25,2025,0,0.685828,1,1
694674,Christian Farini,24/25,2025,1,0.6857799,1,0
621370,Matías Palacios,24/25,2025,0,0.6857751,1,1
663244,Jota Silva,24/25,2025,1,0.68549746,1,0
341724,Relu,24/25,2025,1,0.6853817,1,0
537360,Giuseppe Guadagni,24/25,2025,1,0.6852722,1,0
332823,Adrian Justinussen,24/25,2025,0,0.68526185,1,1
802949,Nicolas Perotta,24/25,2025,1,0.68521076,1,0
723667,Brahima Diarra,24/25,2025,0,0.68519115,1,1
333498,Dino Halilovic,24/25,2025,1,0.6849642,1,0
719720,David Argüelles,24/25,2025,1,0.68494725,1,0
253238,Toni Arranz,24/25,2025,1,0.68484473,1,0
256636,Bence Daru,24/25,2025,1,0.684669,1,0
1270449,Aarón Martin,24/25,2025,1,0.684594,1,0
308560,Jhon Murillo,24/25,2025,1,0.6845793,1,0
583641,Antonee Burke-Gilroy,24/25,2025,0,0.68452656,1,1
894517,Dren Terrnava,24/25,2025,1,0.684454,1,0
1281601,Leonardo Tassi,24/25,2025,1,0.68407977,1,0
729109,Leonardo Francalanci,24/25,2025,1,0.68402165,1,0
503291,Rayan Ghrieb,24/25,2025,1,0.6840033,1,0
496606,Dominick Zator,24/25,2025,1,0.6839773,1,0
668211,Marcos Sánchez,24/25,2025,1,0.6839579,1,0
1085886,Joe Thomas,24/25,2025,1,0.6839407,1,0
291124,Gaëtan Laura,24/25,2025,1,0.68384814,1,0
112583,Diego Michiels,24/25,2025,0,0.6837914,1,1
1075193,Andrea Casagni,24/25,2025,0,0.6837719,1,1
995010,Santiago Frasson,24/25,2025,0,0.6836101,1,1
345189,Luka Lochoshvili,24/25,2025,1,0.68352985,1,0
120980,Aaron Muirhead,24/25,2025,1,0.68348354,1,0
815677,Vinicius Mello,24/25,2025,0,0.68337613,1,1
655629,Fotis Pseftis,24/25,2025,0,0.6832708,1,1
695506,Francisco Varela,24/25,2025,1,0.68319577,1,0
947440,Gabriel Ramis,24/25,2025,0,0.68286324,1,1
335795,András Hársfalvi,24/25,2025,1,0.68282706,1,0
710347,Alfonso Sepe,24/25,2025,1,0.68281925,1,0
349905,Cesare Pogliano,24/25,2025,0,0.68279374,1,1
240197,Isaac Donkor,24/25,2025,1,0.6827564,1,0
935231,Víctor Muñoz,24/25,2025,1,0.6826566,1,0
1051778,Simone Fiore,24/25,2025,1,0.6825557,1,0
1056223,Andreas Chatzinikolaou,24/25,2025,0,0.6825379,1,1
73735,Juha Pirinen,24/25,2025,1,0.6825145,1,0
931961,Onur Kaplan,24/25,2025,0,0.6824775,1,1
1082519,Charlys,24/25,2025,1,0.68209964,1,0
358261,Konstantinos Doumtsios,24/25,2025,1,0.6820661,1,0
667061,Simone Maglieri,24/25,2025,1,0.68203187,1,0
320826,Ayodele Adetula,24/25,2025,1,0.68193716,1,0
872090,Mouhcine Bouriga,24/25,2025,1,0.6818677,1,0
267674,Gabriel Colombatti,24/25,2025,0,0.68176526,1,1
587458,Kevin Agudelo,24/25,2025,0,0.68163985,1,1
973690,Luca Lohr,24/25,2025,1,0.68152225,1,0
605466,Iker Unzueta,24/25,2025,1,0.681429,1,0
910682,Dennis Gaustad,24/25,2025,1,0.68137604,1,0
609651,Alexandros Tereziou,24/25,2025,1,0.6813096,1,0
888290,Iker Pedernales,24/25,2025,0,0.6811565,1,1
567476,Gabriele Berto,24/25,2025,0,0.68099684,1,1
721669,Dominik Földi,24/25,2025,0,0.6808961,1,1
662701,Joao Grimaldo,24/25,2025,0,0.6808233,1,1
1166093,Georgios Konstantakopoulos,24/25,2025,0,0.6808039,1,1
511878,Agapios Vrikkis,24/25,2025,1,0.68066007,1,0
883283,Soule Sidibe,24/25,2025,0,0.68054485,1,1
442493,Kornél Csernik,24/25,2025,1,0.6805154,1,0
188478,Radoslav Tsonev,24/25,2025,1,0.68050385,1,0
801357,Gabriel Pellegrino,24/25,2025,1,0.68042624,1,0
672868,Pietro Giordani,24/25,2025,1,0.68033594,1,0
936668,Federico Maffi,24/25,2025,1,0.68029517,1,0
494282,Mees Kreekels,24/25,2025,1,0.6802566,1,0
533355,Adrià Gené,24/25,2025,1,0.68024343,1,0
834492,Iker Varela,24/25,2025,1,0.6800743,1,0
271495,Abdülkadir Ömür,24/25,2025,1,0.6800655,1,0
1132600,Zalán Maronyay,24/25,2025,0,0.6799309,1,1
1051467,Tommaso Vinzioli,24/25,2025,1,0.6798466,1,0
589753,Ilija Masic,24/25,2025,0,0.6798024,1,1
601893,Karl Albers,24/25,2025,1,0.67975146,1,0
960941,Jacopo Bacci,24/25,2025,0,0.6797228,1,1
239584,Matteo Gerbaudo,24/25,2025,1,0.67941695,1,0
152733,Onur Bulut,24/25,2025,1,0.67937195,1,0
1065451,Mikel Ansó,24/25,2025,1,0.67922777,1,0
353396,Dylan Mboumbouni,24/25,2025,1,0.6791914,1,0
754435,Rodrigo Callegari,24/25,2025,1,0.6791631,1,0
600823,Daniele Favale,24/25,2025,1,0.67915857,1,0
1163461,Jack Shepherd,24/25,2025,0,0.67914885,1,1
1174855,Dominik Hegedus,24/25,2025,0,0.67910737,1,1
467994,Luca Belardinelli,24/25,2025,0,0.6791002,1,1
502062,D'Margio Wright-Phillips,24/25,2025,0,0.6790554,1,1
164893,Márk Jagodics,24/25,2025,1,0.67902166,1,0
520068,Petr Kudakovskiy,24/25,2025,1,0.6789741,1,0
714612,Dilhan Demir,24/25,2025,1,0.6789532,1,0
1184961,Filippo Piva,24/25,2025,1,0.6788494,1,0
1319849,Abdullah Mansour Al-Rashidi,24/25,2025,0,0.678838,1,1
560988,Azzan Al-Tamtami,24/25,2025,1,0.678627,1,0
949493,Ion Ciobanu,24/25,2025,1,0.67858,1,0
1332569,Luigi De Simone,24/25,2025,1,0.6784146,1,0
1196322,Riccardo Pasquetto,24/25,2025,0,0.6783695,1,1
459224,Francesco Piccardi,24/25,2025,0,0.67834973,1,1
389837,Nicolò Casale,24/25,2025,1,0.67831576,1,0
1061281,Carlos Reina,24/25,2025,0,0.6782752,1,1
636417,Konstantinos Dionellis,24/25,2025,1,0.678198,1,0
1011280,Donart Ibraimi,24/25,2025,1,0.6781665,1,0
261611,Ali Adnan,24/25,2025,1,0.6781164,1,0
422573,Sergiu Jurj,24/25,2025,0,0.6781008,1,1
421768,Alessandro Cortinovis,24/25,2025,0,0.6780666,1,1
935499,Lucas Pérez,24/25,2025,1,0.6780586,1,0
798419,Ferdinand Scholl,24/25,2025,1,0.67800987,1,0
873978,Musa Isah,24/25,2025,0,0.67796093,1,1
454321,Jorge Benguché,24/25,2025,0,0.6779507,1,1
241378,Jordy Bruijn,24/25,2025,1,0.6779382,1,0
244915,Oleksiy Zinkevych,24/25,2025,0,0.67793405,1,1
391787,Alessandro Romairone,24/25,2025,1,0.6777523,1,0
815384,Matheus Dias,24/25,2025,1,0.67752916,1,0
337798,Abdu Conté,24/25,2025,1,0.6774748,1,0
146642,Ferdinando Mastroianni,24/25,2025,1,0.67746085,1,0
274753,Carlos Gutiérrez,24/25,2025,1,0.6773182,1,0
642591,Maranhão,24/25,2025,0,0.67708975,1,1
610370,Fran Pérez,24/25,2025,1,0.67702365,1,0
682225,Ahmad Assaf,24/25,2025,1,0.67699885,1,0
607914,Johan Kury,24/25,2025,1,0.67698544,1,0
627228,Yan Couto,24/25,2025,1,0.6769165,1,0
1143097,Piet Scobel,24/25,2025,1,0.67665255,1,0
89654,Edisson Jordanov,24/25,2025,1,0.67651856,1,0
909683,Joan Puig,24/25,2025,1,0.67647314,1,0
925844,Umberto Morleo,24/25,2025,1,0.6764408,1,0
567454,Lorenzo Lucchesi,24/25,2025,1,0.67637205,1,0
262608,Adama Traoré,24/25,2025,0,0.6763662,1,1
375770,Gabriel Souza,24/25,2025,0,0.6763175,1,1
1195327,Shayibu Abubakari,24/25,2025,1,0.67621547,1,0
130484,Marco Cuomo,24/25,2025,0,0.67611873,1,1
1126756,Kelve Semedo,24/25,2025,1,0.6761119,1,0
719986,Fito,24/25,2025,0,0.67597085,1,1
943161,Fatjon Bunjaku,24/25,2025,1,0.675737,1,0
459637,Francesco Baschirotto,24/25,2025,1,0.6755216,1,0
1146943,Adam Knaze,24/25,2025,0,0.67546445,1,1
392538,Tommaso Pobega,24/25,2025,1,0.6752155,1,0
166959,Mustafa Saymak,24/25,2025,0,0.6751768,1,1
1066452,Mattia Mascella,24/25,2025,0,0.6751303,1,1
283286,Robin Bormuth,24/25,2025,1,0.6750813,1,0
264848,Rúben Lameiras,24/25,2025,0,0.67505735,1,1
944738,Cristian Antonciuc,24/25,2025,0,0.67502815,1,1
875344,Leo Di Martino,24/25,2025,1,0.67499757,1,0
806930,Kasper Kiilerich,24/25,2025,0,0.6749589,1,1
236734,Axel Werner,24/25,2025,1,0.67478806,1,0
836804,Tarek Aggoun,24/25,2025,0,0.6747872,1,1
929742,Marco Nazzaro,24/25,2025,1,0.67475593,1,0
963150,Moi Parra,24/25,2025,0,0.6746948,1,1
423172,José Manuel Alonso,24/25,2025,1,0.6746641,1,0
931783,David Sellés,24/25,2025,1,0.6745594,1,0
1048081,Massimo Zappa,24/25,2025,1,0.67430466,1,0
494827,Lucas Zeller,24/25,2025,0,0.6742878,1,1
1164510,Gabriel Graziani,24/25,2025,1,0.67413175,1,0
908210,Alex King,24/25,2025,1,0.6740208,1,0
76569,Kerim Avcı,24/25,2025,1,0.67397636,1,0
1310864,Riccardo Iacoponi,24/25,2025,1,0.6738537,1,0
358011,Giorgio Losa,24/25,2025,0,0.6737834,1,1
1243090,Ilya Vasin,24/25,2025,0,0.67377585,1,1
421873,Elia Caprile,24/25,2025,1,0.6735709,1,0
311435,Ferni,24/25,2025,1,0.67355126,1,0
814848,Owen Goodman,24/25,2025,1,0.67350465,1,0
1079591,Lorenzo Ciarmoli,24/25,2025,1,0.6734257,1,0
240343,Vincenzo Guarino,24/25,2025,1,0.67331946,1,0
352832,Pepo,24/25,2025,0,0.67313015,1,1
356474,Leon Augusto,24/25,2025,0,0.6730078,1,1
381752,Alfonso Candelas,24/25,2025,0,0.6729521,1,1
234787,Lucas João,24/25,2025,1,0.67292285,1,0
1126573,Richard Benko,24/25,2025,1,0.67290163,1,0
1046491,Alessandro Grano,24/25,2025,1,0.67288244,1,0
636414,Jorge Sarmiento,24/25,2025,1,0.67274296,1,0
651843,Nick Perc,24/25,2025,0,0.6727193,1,1
351792,David Tijanic,24/25,2025,1,0.67252076,1,0
892421,Alex Quevedo,24/25,2025,0,0.6725024,1,1
839973,Dino Grozdanic,24/25,2025,0,0.67240334,1,1
1010862,Rhani Abdennour,24/25,2025,0,0.6723723,1,1
1195771,Justin Adozi,24/25,2025,1,0.6723697,1,0
726670,Simon Micuda,24/25,2025,1,0.67224693,1,0
666918,Jordi Ortega,24/25,2025,1,0.6720755,1,0
407398,Carl Björk,24/25,2025,0,0.67205524,1,1
1226103,Tijan Sonha,24/25,2025,1,0.671962,1,0
357148,Diogo Queirós,24/25,2025,1,0.67196006,1,0
388537,Nikolay Prudnikov,24/25,2025,0,0.6719583,1,1
623119,Styopa Mkrtchyan,24/25,2025,0,0.6719141,1,1
1055871,Paolo De Lucci,24/25,2025,1,0.671868,1,0
238639,Steve Mounié,24/25,2025,1,0.67178386,1,0
602767,Justin Forst,24/25,2025,1,0.6717688,1,0
621997,Cieran Slicker,24/25,2025,1,0.6715596,1,0
397677,Niko Bretschneider,24/25,2025,1,0.6715387,1,0
141654,Michele Fornasier,24/25,2025,0,0.6715099,1,1
510545,Jesús Jiménez,24/25,2025,1,0.6714983,1,0
1045438,Safyan Toure,24/25,2025,1,0.6712951,1,0
919620,Joseph Nduquidi,24/25,2025,1,0.6711248,1,0
1191677,András Perczel,24/25,2025,1,0.671061,1,0
440879,Stefano Tuzza,24/25,2025,0,0.67098475,1,1
539800,Momodou Jaiteh,24/25,2025,1,0.6709821,1,0
486604,Vitezslav Jaros,24/25,2025,1,0.67069227,1,0
396160,Gonzalo Almenara,24/25,2025,0,0.67069006,1,1
1207547,Pier Francesco Galiano,24/25,2025,1,0.6706837,1,0
1231367,Filippo Pedone,24/25,2025,1,0.67049986,1,0
570059,Nikola Gluscevic,24/25,2025,0,0.67047095,1,1
818083,Rodrigo Guedes,24/25,2025,1,0.6704652,1,0
936689,Davide Collu,24/25,2025,1,0.6703553,1,0
1057995,Yao Jean Charles,24/25,2025,0,0.6703378,1,1
506855,Cyrill Akono,24/25,2025,0,0.6703012,1,1
159847,Francesco Galuppini,24/25,2025,0,0.6700819,1,1
158770,Mauro Quiroga,24/25,2025,0,0.6700652,1,1
146761,Roberto Guitto,24/25,2025,0,0.6698006,1,1
930766,Giuseppe Mazzola,24/25,2025,1,0.66979736,1,0
574772,Lázaro,24/25,2025,1,0.6697406,1,0
718586,Manu Morillo,24/25,2025,1,0.66968375,1,0
927608,Diogo Amaro,24/25,2025,0,0.669613,1,1
670683,Hugo Félix,24/25,2025,1,0.6695949,1,0
834754,Ibai Sanz,24/25,2025,0,0.6695694,1,1
416587,Vladan Djekic,24/25,2025,1,0.66946816,1,0
710860,Leandro Alves,24/25,2025,0,0.6692181,1,1
1176566,Nicolas Naso,24/25,2025,1,0.66918784,1,0
1001362,Max Vartuli,24/25,2025,0,0.6691725,1,1
539795,Bryan Okoh,24/25,2025,1,0.6691386,1,0
568362,Suphanat Mueanta,24/25,2025,0,0.6691386,1,1
690488,Aleksandar Vasiljevic,24/25,2025,0,0.6690914,1,1
131257,Jonathan Moya,24/25,2025,1,0.6689441,1,0
461511,Yac Diori,24/25,2025,1,0.6688644,1,0
465555,Djordje Petrovic,24/25,2025,1,0.6687437,1,0
894688,Joshua Dudock,24/25,2025,1,0.66849273,1,0
280387,Vincent Sierro,24/25,2025,1,0.6683786,1,0
924901,Halid Djankpata,24/25,2025,1,0.66827387,1,0
173750,Nouha Dicko,24/25,2025,0,0.6680849,1,1
993666,Mouhamed Diallo,24/25,2025,0,0.6680811,1,1
512061,Cristian Fernández,24/25,2025,0,0.66802335,1,1
358008,Gianluca Gaetano,24/25,2025,1,0.6679398,1,0
719723,Juan Aspra,24/25,2025,0,0.66787326,1,1
803377,Fromsa,24/25,2025,1,0.66771287,1,0
859134,Amine Zouhzouh,24/25,2025,1,0.6677097,1,0
620764,Elvir Zukaj,24/25,2025,1,0.6676349,1,0
390079,Milos Drincic,24/25,2025,1,0.667625,1,0
632915,Carlos Sánchez,24/25,2025,0,0.66758496,1,1
565822,Harvey Elliott,24/25,2025,1,0.6675474,1,0
667640,Alexandru Borbei,24/25,2025,1,0.6675373,1,0
964590,Kaique Pereira,24/25,2025,1,0.66741115,1,0
745596,Batuhan Yavuz,24/25,2025,0,0.6674025,1,1
254039,José Antonio Caro,24/25,2025,0,0.66735905,1,1
526164,Kristian Kirkegaard,24/25,2025,1,0.6673528,1,0
1183952,Tommaso Serioli,24/25,2025,1,0.66727215,1,0
1116074,Gabriele Federico,24/25,2025,1,0.667269,1,0
1048011,Samuel Ardau,24/25,2025,1,0.66725487,1,0
195601,Janik Mäder,24/25,2025,0,0.6671293,1,1
348532,Georgios Xenitidis,24/25,2025,1,0.66707414,1,0
613968,Evagoras Antoniou,24/25,2025,0,0.6669857,1,1
1062525,Álex Serradell,24/25,2025,1,0.66696,1,0
829771,Tim Hoops,24/25,2025,1,0.6667674,1,0
948933,Jacob MacIntyre,24/25,2025,1,0.6667412,1,0
65262,Rubén Martínez,24/25,2025,0,0.6666477,1,1
1060418,Thomas Renda,24/25,2025,0,0.6665865,1,1
710881,David Ovsonka,24/25,2025,1,0.66651624,1,0
517729,Jaume Pascual,24/25,2025,1,0.6665121,1,0
153678,Kingsley Schindler,24/25,2025,1,0.66634625,1,0
89650,Johannes Geis,24/25,2025,1,0.66634345,1,0
802205,Danilo Bajraktari,24/25,2025,0,0.6663008,1,1
650472,Blnd Hassan,24/25,2025,1,0.6662489,1,0
970633,Unai Hernández,24/25,2025,1,0.6662319,1,0
91059,Joshua King,24/25,2025,1,0.6660312,1,0
365175,Benson Sakala,24/25,2025,1,0.66582394,1,0
373876,Robert Ivanov,24/25,2025,1,0.665775,1,0
371148,Lenny Vallier,24/25,2025,1,0.6657247,1,0
89756,Yashir Islame,24/25,2025,0,0.6657001,1,1
285591,Luca Guadalupi,24/25,2025,1,0.6655295,1,0
291399,Nanu,24/25,2025,1,0.6654553,1,0
447661,Douglas Luiz,24/25,2025,1,0.6654211,1,0
353967,Şiyar Kepir,24/25,2025,1,0.66526866,1,0
454292,Dean Liço,24/25,2025,0,0.665252,1,1
1123927,Tommaso Lagomarsino,24/25,2025,1,0.66521627,1,0
580484,Leonardo Petrovic,24/25,2025,1,0.66516525,1,0
529826,Emanuele Cigagna,24/25,2025,0,0.6650291,1,1
1099721,Mamadou Sané,24/25,2025,0,0.6649309,1,1
503002,Samuele Bonaccorsi,24/25,2025,1,0.6648362,1,0
153754,Hasan Kılıç,24/25,2025,1,0.6647529,1,0
830382,Klaidher Macedo,24/25,2025,1,0.6645254,1,0
524287,Robin Friedrich,24/25,2025,1,0.66451305,1,0
226181,Amir Bilali,24/25,2025,1,0.66449755,1,0
185109,Ellis Harrison,24/25,2025,1,0.6644692,1,0
408494,Lorenzo Zerbato,24/25,2025,0,0.66444653,1,1
1188539,Giuseppe Coppola,24/25,2025,0,0.6644322,1,1
459704,Mattia Fiorini,24/25,2025,0,0.66436654,1,1
261406,Seung-woo Ryu,24/25,2025,1,0.66429275,1,0
1295724,Francesco Maiolo,24/25,2025,1,0.66408366,1,0
641665,Robert Starecek,24/25,2025,1,0.663969,1,0
948271,Borja Alonso,24/25,2025,1,0.663924,1,0
566791,Ahmed Abdelkader,24/25,2025,0,0.6638135,1,1
614195,Dani Plomer,24/25,2025,1,0.66376156,1,0
298743,Stanisa Mandic,24/25,2025,0,0.6636766,1,1
469018,Antonio Metlika,24/25,2025,1,0.6636035,1,0
810673,Ilhan Altuntas,24/25,2025,1,0.663596,1,0
1123335,Hamza Bellari,24/25,2025,1,0.6634729,1,0
1109255,Skander Tahri,24/25,2025,0,0.66346014,1,1
916429,Kelvin Patrick,24/25,2025,1,0.66336864,1,0
520908,Ekin Celebi,24/25,2025,1,0.6633466,1,0
450196,Ugochukwu Oduenyi,24/25,2025,1,0.66320014,1,0
969346,Alex Hudok,24/25,2025,0,0.66309524,1,1
62379,Cristian Pasquato,24/25,2025,0,0.66296285,1,1
885310,Ardit Nuredini,24/25,2025,1,0.6629413,1,0
199633,Raman Chibsah,24/25,2025,1,0.66291684,1,0
1186267,Steliyan Stoyanov,24/25,2025,1,0.66291314,1,0
891869,Leonardo Colombo,24/25,2025,0,0.6628296,1,1
314369,Matteo Gasperi,24/25,2025,0,0.6627621,1,1
481009,Teddy Sutherland,24/25,2025,1,0.6627406,1,0
384761,Leonardo Sequeira,24/25,2025,0,0.6625771,1,1
552437,Mohammed Amine Chakir,24/25,2025,1,0.66255665,1,0
357176,Alessandro Tripaldelli,24/25,2025,1,0.6624502,1,0
397444,Marco Mosca,24/25,2025,1,0.6624321,1,0
814002,Luca Sonzogni,24/25,2025,1,0.66240394,1,0
111819,Neto,24/25,2025,1,0.66230047,1,0
668552,Darío Sarmiento,24/25,2025,1,0.6622396,1,0
667050,Dino Mehić,24/25,2025,1,0.6618621,1,0
706860,Mitchy Ntelo,24/25,2025,0,0.6617688,1,1
284055,Tim Kießling,24/25,2025,1,0.6616546,1,0
221421,Kleis Bozhanaj,24/25,2025,1,0.66164416,1,0
199199,Bryan Gioè,24/25,2025,1,0.66157657,1,0
392959,Andrea Colpani,24/25,2025,0,0.6615342,1,1
120029,Džiugas Bartkus,24/25,2025,1,0.6614408,1,0
922977,Petr Mirvald,24/25,2025,1,0.661401,1,0
776303,Marco Pellegrino,24/25,2025,1,0.6613721,1,0
707550,Fabrizio Cavegn,24/25,2025,1,0.6611737,1,0
742521,Jhon Solís,24/25,2025,0,0.6610442,1,1
994017,Mirco Moretti,24/25,2025,1,0.6608698,1,0
336325,Enrique Peña Zauner,24/25,2025,0,0.6606544,1,1
387199,Benaissa Benamar,24/25,2025,1,0.6605297,1,0
733496,JJ McKiernan,24/25,2025,1,0.6601899,1,0
605242,Monju Momuluh,24/25,2025,1,0.6601472,1,0
490386,Jay-Dee Geusens,24/25,2025,0,0.6601121,1,1
933516,Nicolò Dal Lago,24/25,2025,0,0.6600392,1,1
476024,Léo Abreu,24/25,2025,1,0.6599296,1,0
862363,Abdellah Haimoud,24/25,2025,1,0.6599004,1,0
337725,Christian Kouamé,24/25,2025,0,0.6597846,1,1
1137322,Álex Lizancos,24/25,2025,1,0.65976244,1,0
804711,Ousmane Camara,24/25,2025,0,0.6597572,1,1
586855,Loreintz Rosier,24/25,2025,1,0.6596861,1,0
349796,Evren Korkmaz,24/25,2025,0,0.6594851,1,1
395685,Gédéon Kalulu,24/25,2025,1,0.6594772,1,0
401384,Nicola Nanni,24/25,2025,1,0.65940386,1,0
597165,Samuel Teles,24/25,2025,1,0.6593102,1,0
1183411,Karel Pérez,24/25,2025,1,0.65921825,1,0
993989,Nikola Velichkovski,24/25,2025,1,0.6590857,1,0
466809,Konrad de la Fuente,24/25,2025,1,0.6590257,1,0
429881,Federico Simonti,24/25,2025,1,0.65893775,1,0
669310,Danylo Goncharuk,24/25,2025,0,0.6589021,1,1
1284085,Tomas Castillo,24/25,2025,0,0.65889746,1,1
71273,Stefan Scepovic,24/25,2025,0,0.6588788,1,1
254487,Jean Luc Assoubre,24/25,2025,1,0.65874857,1,0
743705,Douglas Sequeira,24/25,2025,1,0.6587137,1,0
593480,Aymane Mourid,24/25,2025,1,0.6587003,1,0
687560,Tom Hendriks,24/25,2025,1,0.65867573,1,0
479636,Henrique Jocú,24/25,2025,1,0.658605,1,0
204654,Bashkim Velija,24/25,2025,1,0.65859723,1,0
574769,Alejandro Santana Viniegra,24/25,2025,1,0.65840524,1,0
699419,Karim El Kounni,24/25,2025,1,0.6583957,1,0
520438,Abdelmounaim Boutouil,24/25,2025,1,0.658312,1,0
896424,Samuel John Nwachukwu,24/25,2025,1,0.6582839,1,0
646823,Mario Camero,24/25,2025,1,0.65824383,1,0
1182170,Lorenzo Tavernini,24/25,2025,1,0.65822273,1,0
55605,Hasan Ali Kaldırım,24/25,2025,1,0.6581739,1,0
341088,Jacopo Pagnini,24/25,2025,1,0.65807116,1,0
1185755,Samuele Sina,24/25,2025,1,0.6579475,1,0
918855,Mike Manegold,24/25,2025,1,0.65788215,1,0
912509,Jamal Rogero,24/25,2025,1,0.6578601,1,0
1032447,Julio Cabrera,24/25,2025,0,0.65784013,1,1
282076,Ianis Hagi,24/25,2025,1,0.6578284,1,0
744960,Mohamed Souboul,24/25,2025,0,0.6578021,1,1
1188665,Tommaso Piacenza,24/25,2025,1,0.6575558,1,0
505999,Monday Etim,24/25,2025,1,0.65750873,1,0
244192,Pierluigi Gollini,24/25,2025,0,0.65742254,1,1
249210,Rubén Gálvez,24/25,2025,1,0.6573497,1,0
1083228,Davide Ruffato,24/25,2025,1,0.6573329,1,0
1056760,Michael Manuzzi,24/25,2025,1,0.6572844,1,0
936502,Matteo Zamarian,24/25,2025,1,0.65713716,1,0
420886,Elisha Sam,24/25,2025,1,0.6570505,1,0
263066,Francis Ferrón,24/25,2025,1,0.65699375,1,0
1147892,Pau Palacín,24/25,2025,1,0.65699106,1,0
715624,José Currás,24/25,2025,1,0.6569404,1,0
764543,Luka Lukovic,24/25,2025,1,0.6568999,1,0
332069,Philip Rejnhold,24/25,2025,1,0.6568162,1,0
126118,Kamil Wiktorski,24/25,2025,1,0.65671045,1,0
390631,Tobias Gunte,24/25,2025,1,0.6566836,1,0
361540,Nazzareno Ciccarelli,24/25,2025,1,0.65660006,1,0
317742,Nils Lihsek,24/25,2025,1,0.65653086,1,0
606572,Rubén Sanchidrián,24/25,2025,1,0.6564986,1,0
932752,Thomas Zouaghi,24/25,2025,1,0.6563869,1,0
1064122,Valen Gómez,24/25,2025,1,0.65634537,1,0
527813,Robin Bird,24/25,2025,0,0.65626377,1,1
938509,Igor Nikic,24/25,2025,1,0.656239,1,0
971775,Kikín,24/25,2025,0,0.656184,1,1
964241,Luca Nocerino,24/25,2025,1,0.65615183,1,0
466808,Jaume Cuéllar,24/25,2025,0,0.65614074,1,1
999417,Francesco Pinto,24/25,2025,1,0.65606534,1,0
810888,Ken Tchouangue,24/25,2025,1,0.6558649,1,0
515581,Aidan Steele,24/25,2025,1,0.65584207,1,0
1125758,Alex Aguado,24/25,2025,0,0.65571696,1,1
421343,Fabio Gonella,24/25,2025,1,0.6557114,1,0
217918,Aleksandar Damcevski,24/25,2025,0,0.6556419,1,1
396172,Miki Muñoz,24/25,2025,0,0.65554994,1,1
158791,Sergio Postigo,24/25,2025,0,0.65550345,1,1
1042315,Kevin Kántor,24/25,2025,0,0.65545076,1,1
696164,Tim Oermann,24/25,2025,1,0.655428,1,0
619323,Fausto Perseu,24/25,2025,1,0.655231,1,0
526873,Jake Eastwood,24/25,2025,1,0.65519303,1,0
355456,Diego Valenti,24/25,2025,1,0.65483797,1,0
1168427,Alberto Locati,24/25,2025,1,0.6547919,1,0
470815,Niklas Tauer,24/25,2025,0,0.6547283,1,1
345343,James McGarry,24/25,2025,1,0.6546891,1,0
598571,Yusuf Örnek,24/25,2025,1,0.6545522,1,0
610484,Adel Bettaieb,24/25,2025,1,0.6541483,1,0
705517,Ilhan Fandi,24/25,2025,1,0.6540504,1,0
707608,Victor Valverde,24/25,2025,1,0.653759,1,0
661711,Jonas Oehmichen,24/25,2025,0,0.6537365,1,1
1175271,Francesco Fazio,24/25,2025,1,0.6537187,1,0
1054319,Davide Biz,24/25,2025,1,0.6537166,1,0
737256,Manuel Botta,24/25,2025,1,0.65365475,1,0
604794,Vincenzo Vitale,24/25,2025,1,0.6536081,1,0
646744,Carlos Alemán,24/25,2025,1,0.6536046,1,0
418557,Johan Hove,24/25,2025,0,0.6535835,1,1
1299058,Joey Zwaan,24/25,2025,0,0.6535531,1,1
604458,Aaron Sky Schwarz,24/25,2025,1,0.6535014,1,0
744728,Arijon Ibrahimovic,24/25,2025,1,0.65339816,1,0
728311,Edmilson Correia,24/25,2025,0,0.6533551,1,1
808651,Emirhan Acar,24/25,2025,1,0.6532145,1,0
397850,Gabriele Gibilterra,24/25,2025,1,0.65313447,1,0
954016,Edoardo Scquizzato,24/25,2025,0,0.6530625,1,1
533877,Martin Vanak,24/25,2025,1,0.6529559,1,0
697515,Mario Mustapic,24/25,2025,1,0.6529433,1,0
967948,Garang Kuol,24/25,2025,1,0.6529102,1,0
531121,Juan Gutiérrez,24/25,2025,0,0.65286094,1,1
814982,Marc Enke,24/25,2025,1,0.65280795,1,0
164771,Jordan Veretout,24/25,2025,1,0.6527636,1,0
163085,Michel Panatti,24/25,2025,0,0.652592,1,1
842149,Kieren Flavell,24/25,2025,0,0.65257186,1,1
688495,Thomas Scapin,24/25,2025,1,0.652563,1,0
392563,Alessandro Di Munno,24/25,2025,1,0.6525549,1,0
703822,Ties Oostra,24/25,2025,1,0.6525441,1,0
931938,Dimitrios Grammenos,24/25,2025,1,0.6525185,1,0
708369,Esteban Aparicio,24/25,2025,0,0.6522609,1,1
1054924,Rubén Domínguez,24/25,2025,1,0.65222234,1,0
927263,Riccardo Campedelli,24/25,2025,1,0.6522007,1,0
1019145,Omar Ouhdadi,24/25,2025,1,0.6521621,1,0
895946,Giovanni Perini,24/25,2025,1,0.6521418,1,0
1208731,Edoardo Cavaliere,24/25,2025,0,0.6521336,1,1
724062,Mario Pejazic,24/25,2025,1,0.65192515,1,0
1055547,Unax Álvarez,24/25,2025,0,0.65189964,1,1
949343,Davide Avdullari,24/25,2025,1,0.6518737,1,0
387129,Róber Pier,24/25,2025,1,0.651786,1,0
883346,Tommaso Ricordi,24/25,2025,1,0.6517133,1,0
381348,Daniel Mancini,24/25,2025,0,0.65145797,1,1
1064543,Nordin Al Lal,24/25,2025,0,0.6514111,1,1
203167,Dimitrios Popovic,24/25,2025,0,0.65136456,1,1
552939,Alessio Buttaro,24/25,2025,1,0.65134674,1,0
951296,Christos Almyras,24/25,2025,1,0.6513226,1,0
655300,Patrik Vydra,24/25,2025,0,0.65126044,1,1
536520,Ruben Providence,24/25,2025,0,0.651232,1,1
1043030,Guga,24/25,2025,0,0.65120864,1,1
929746,Leonardo Di Tommaso,24/25,2025,1,0.65110886,1,0
418208,Ionuț Rus,24/25,2025,0,0.6510685,1,1
409472,Ousama Siddiki,24/25,2025,0,0.651043,1,1
127610,Mexer,24/25,2025,1,0.65080136,1,0
948606,Téo James Michel,24/25,2025,1,0.65076303,1,0
739076,Aboubacar Lô,24/25,2025,1,0.65068066,1,0
1064538,Ali Houary,24/25,2025,1,0.6506302,1,0
417516,Francesco Gobbi,24/25,2025,0,0.6505235,1,1
197880,Raphael Guzzo,24/25,2025,1,0.6504562,1,0
270988,Ben Purrington,24/25,2025,1,0.650456,1,0
1075574,Amidou Doumbouya,24/25,2025,1,0.65034485,1,0
153897,Arnold Budimbu,24/25,2025,1,0.6502432,1,0
1304196,Eduard Ihnatov,24/25,2025,0,0.65013224,1,1
182913,Adrien Rabiot,24/25,2025,1,0.6501248,1,0
987505,Alessandro Elia,24/25,2025,1,0.6497241,1,0
293202,Jordi Aláez,24/25,2025,1,0.6496961,1,0
799138,Oliver Maric,24/25,2025,0,0.6496167,1,1
1113888,Andrew Wogan,24/25,2025,1,0.64954144,1,0
386065,Giuseppe D'Iglio,24/25,2025,1,0.6494597,1,0
1056392,Jakub Greliak,24/25,2025,1,0.6493609,1,0
227314,Nelson Bonilla,24/25,2025,1,0.64916617,1,0
328455,Juriën Gaari,24/25,2025,1,0.6490542,1,0
223974,Stefan Posch,24/25,2025,1,0.64896655,1,0
710670,Kevin Soeiro,24/25,2025,1,0.6489187,1,0
337310,Lamin Jallow,24/25,2025,1,0.64886534,1,0
457620,Vasilios Athanasiou,24/25,2025,1,0.64885503,1,0
251896,Jesús Vallejo,24/25,2025,1,0.6488313,1,0
923915,Antal Yaakobishvili,24/25,2025,1,0.64882654,1,0
1180712,Niccolò Bigi,24/25,2025,1,0.6486507,1,0
391498,Mert Çetin,24/25,2025,1,0.6485865,1,0
287327,Matteo Pautassi,24/25,2025,0,0.64848363,1,1
373433,Adryelson,24/25,2025,1,0.6484725,1,0
510310,Sivert Mannsverk,24/25,2025,1,0.648381,1,0
396678,Alfie Kilgour,24/25,2025,1,0.64834774,1,0
482364,Leard Sadriu,24/25,2025,1,0.6483089,1,0
432752,Ivan Brnic,24/25,2025,0,0.6482315,1,1
709407,Dwann Oliveira,24/25,2025,1,0.6482198,1,0
811200,Nikolaos Kanellopoulos,24/25,2025,1,0.6482095,1,0
433652,Benjamin Kimpioka,24/25,2025,1,0.64820796,1,0
146680,Andrea Barberis,24/25,2025,1,0.6481193,1,0
782889,Tom Moustier,24/25,2025,0,0.64801437,1,1
927251,Gianmarco Castorri,24/25,2025,1,0.6478146,1,0
712042,Jacopo Ricco,24/25,2025,1,0.6477507,1,0
635940,Guille Bernabeu,24/25,2025,1,0.6477485,1,0
170927,Simon Falette,24/25,2025,1,0.6476329,1,0
476101,Sergi Segura,24/25,2025,0,0.6474348,1,1
1035765,Ilyas Ansah,24/25,2025,1,0.64733416,1,0
1070713,Kevin Lekaj,24/25,2025,1,0.6472846,1,0
988986,Lorenzo Biagioni,24/25,2025,1,0.6472663,1,0
632498,Miguelito,24/25,2025,0,0.6472579,1,1
271966,Mbaye Diagne,24/25,2025,1,0.6469834,1,0
673830,Luis Phelipe,24/25,2025,0,0.6468775,1,1
623412,Mihai Popa,24/25,2025,0,0.64678234,1,1
598136,Christoph Maier,24/25,2025,1,0.64663446,1,0
621910,Apostolos Tsilingiris,24/25,2025,1,0.6466303,1,0
938672,Pietro Asiatico,24/25,2025,1,0.6465906,1,0
719680,Kristi Montgomery,24/25,2025,0,0.64647084,1,1
696687,Hugo Neves,24/25,2025,1,0.6463809,1,0
525850,Kane Smith,24/25,2025,1,0.64632446,1,0
242638,Efthymios Koulouris,24/25,2025,1,0.6460856,1,0
537367,Alfonso Pastor,24/25,2025,1,0.6460615,1,0
573403,Bogdan Mandic,24/25,2025,1,0.64601064,1,0
244997,Arne Sicker,24/25,2025,1,0.6459491,1,0
494283,Enrico Dueñas,24/25,2025,1,0.64586055,1,0
430192,Aarón Rey,24/25,2025,1,0.6456704,1,0
991312,Nikita Baranok,24/25,2025,0,0.6456684,1,1
694141,Fynn Seidel,24/25,2025,1,0.6455558,1,0
471890,Max Geschwill,24/25,2025,1,0.6455135,1,0
1108739,Riccardo Pavesi,24/25,2025,0,0.6453713,1,1
642757,Francesco Lo Celso,24/25,2025,0,0.64531964,1,1
1111660,Joseph Sabobo,24/25,2025,1,0.64519984,1,0
955276,Timi Atiki Egbe,24/25,2025,1,0.64505816,1,0
1062513,Karlson Nwanege,24/25,2025,1,0.6450391,1,0
689358,János Takács,24/25,2025,1,0.64478254,1,0
346855,Matteo Meisl,24/25,2025,1,0.644548,1,0
531783,Rob Atkinson,24/25,2025,0,0.64440054,1,1
760019,Matteo Casarotto,24/25,2025,1,0.6441758,1,0
703655,Noah Botic,24/25,2025,1,0.6439235,1,0
468036,Dimitris Emmanouilidis,24/25,2025,1,0.6438216,1,0
962144,Unax del Cura,24/25,2025,1,0.6437228,1,0
476355,Cícero,24/25,2025,0,0.643687,1,1
282722,Álex Collado,24/25,2025,1,0.6432721,1,0
643725,Stefano Molinari,24/25,2025,1,0.64325583,1,0
238950,Francesco Di Mariano,24/25,2025,1,0.64288527,1,0
1249656,Amoako Minta,24/25,2025,1,0.6428333,1,0
110316,Gerardo Strumbo,24/25,2025,0,0.6424864,1,1
929748,Marco Oliva,24/25,2025,1,0.6424335,1,0
794115,Che Krabbendam,24/25,2025,1,0.64243275,1,0
897658,Daniele Triacca,24/25,2025,1,0.64226884,1,0
289156,Julius Szöke,24/25,2025,1,0.6420955,1,0
632349,Jarell Quansah,24/25,2025,1,0.6417783,1,0
1074629,Ivan Djantou,24/25,2025,1,0.64176905,1,0
289583,Antoine Lejoly,24/25,2025,1,0.6417438,1,0
221028,Foday Trawally,24/25,2025,0,0.64162236,1,1
590630,Jaber Issa,24/25,2025,0,0.6414425,1,1
291266,Godfred Donsah,24/25,2025,0,0.64141786,1,1
733422,Jake Rooney,24/25,2025,1,0.6413607,1,0
765972,Zepiqueno Redmond,24/25,2025,1,0.64131606,1,0
86083,Richard Marcone,24/25,2025,1,0.6411764,1,0
887738,Zylyf Muça,24/25,2025,1,0.64116186,1,0
882772,Álvaro Bastida,24/25,2025,1,0.6410276,1,0
591375,Stiven Plaza,24/25,2025,1,0.6410149,1,0
25808,Oto John,24/25,2025,0,0.6409011,1,1
706822,Roshaun Mathurin,24/25,2025,1,0.64080656,1,0
116094,Philip Fontein,24/25,2025,1,0.64060044,1,0
725677,Fritz Schröder,24/25,2025,0,0.640551,1,1
449019,Louis Appéré,24/25,2025,1,0.6405407,1,0
225824,Atanas Iliev,24/25,2025,1,0.6404911,1,0
741090,Jonas Rouhi,24/25,2025,0,0.6403344,1,1
262521,Enrico Baldini,24/25,2025,1,0.6402835,1,0
421927,Adrian Rus,24/25,2025,1,0.6402826,1,0
1139455,Favour Inyeka Ogbu,24/25,2025,0,0.64021343,1,1
1069756,Mitchell Bates,24/25,2025,1,0.64019436,1,0
309841,Andre Green,24/25,2025,1,0.6400466,1,0
923141,Nikolaos Vakouftsis,24/25,2025,0,0.6400261,1,1
621933,Clemens Steinbauer,24/25,2025,1,0.6398763,1,0
613765,Gianmarco Antonacci,24/25,2025,1,0.63984096,1,0
1201233,Cade Melrose,24/25,2025,0,0.6398271,1,1
713523,Mateus da Silva,24/25,2025,1,0.63967603,1,0
343794,Gustavo Santos,24/25,2025,0,0.63961995,1,1
1059439,Paweł Depka,24/25,2025,1,0.6395813,1,0
445971,Manolis Aliatidis,24/25,2025,1,0.63957024,1,0
740191,Kevin Doukoure,24/25,2025,0,0.6395502,1,1
1182169,Roberto Berizzi,24/25,2025,1,0.6394052,1,0
839533,Stepan Beran,24/25,2025,1,0.63939303,1,0
1061277,Germán García,24/25,2025,0,0.63939023,1,1
926193,Luiz Labenz,24/25,2025,1,0.6392633,1,0
784722,Jaume Tovar,24/25,2025,0,0.6389992,1,1
930790,Jean Castegnaro,24/25,2025,1,0.638753,1,0
426142,Jan de Boer,24/25,2025,0,0.6387467,1,1
834483,Álex Padilla,24/25,2025,0,0.6387275,1,1
548511,Federico Botti,24/25,2025,0,0.63871545,1,1
234006,Keagan Dolly,24/25,2025,1,0.6385766,1,0
151620,Gergő Nagy,24/25,2025,1,0.63852733,1,0
278501,Paul Mullin,24/25,2025,1,0.6383829,1,0
527791,Jack Sparkes,24/25,2025,1,0.63818157,1,0
463760,Ethan Erhahon,24/25,2025,1,0.6380836,1,0
563135,Marc Lachèvre,24/25,2025,1,0.63807446,1,0
921662,Charlie Tasker,24/25,2025,0,0.6379944,1,1
138816,Alessio Curcio,24/25,2025,1,0.63790715,1,0
731899,Álvaro Zamora,24/25,2025,1,0.6378062,1,0
1172382,Francesco Limberti,24/25,2025,0,0.6376951,1,1
636302,Jordi Pola,24/25,2025,0,0.63763034,1,1
902200,Jesse Khan,24/25,2025,0,0.63754743,1,1
635445,Jayden Nelson,24/25,2025,0,0.63754284,1,1
928748,Áron Papp,24/25,2025,0,0.63745147,1,1
858886,Georgios Charalampoglou,24/25,2025,1,0.63743967,1,0
273132,Robin Gosens,24/25,2025,1,0.6374034,1,0
1226008,Yanis Fetheddine,24/25,2025,1,0.6372331,1,0
124416,Patrick Schmidt,24/25,2025,0,0.63719547,1,1
988243,Noah Maboulou,24/25,2025,1,0.63717055,1,0
1192959,Federico Ottini,24/25,2025,1,0.63710254,1,0
813152,Makan Aïko,24/25,2025,0,0.6370847,1,1
456292,Ellery Balcombe,24/25,2025,0,0.6370634,1,1
620015,Tenton Yenne,24/25,2025,1,0.637024,1,0
704709,Mattia Damiani,24/25,2025,1,0.6368668,1,0
632872,Francisco Mwepu,24/25,2025,1,0.6368156,1,0
727697,Nico Grimbs,24/25,2025,1,0.6367248,1,0
131664,Abdul Ajagun,24/25,2025,1,0.6366932,1,0
814966,Agustín Sienra,24/25,2025,1,0.6366245,1,0
765068,Pedro Antonio Rodriguez,24/25,2025,0,0.63661623,1,1
271271,Pablo Carbonell,24/25,2025,1,0.63656753,1,0
605015,Raffaele Cartano,24/25,2025,1,0.63652164,1,0
204642,Mite Cikarski,24/25,2025,0,0.63640374,1,1
986173,Pasquale Ruiz Giraldo,24/25,2025,1,0.6363448,1,0
419597,Iyayi Atiemwen,24/25,2025,1,0.6363138,1,0
431422,Nathan Trott,24/25,2025,1,0.63586265,1,0
936714,Mariano Nichele,24/25,2025,1,0.63576484,1,0
944583,Marko Perovic,24/25,2025,0,0.63570493,1,1
74230,Pablo Sarabia,24/25,2025,1,0.63569057,1,0
337670,Alessio Da Cruz,24/25,2025,1,0.6356573,1,0
766580,Jacobo Guzmán,24/25,2025,1,0.63562924,1,0
255744,Samir Caetano,24/25,2025,1,0.6355346,1,0
413033,Lamine Ghezali,24/25,2025,1,0.63550556,1,0
289228,Eduart Rroca,24/25,2025,0,0.6355014,1,1
166275,Grigoriy Morozov,24/25,2025,0,0.6354975,1,1
346629,Isi Manellari,24/25,2025,1,0.6353657,1,0
341295,Tyler Walker,24/25,2025,1,0.6352536,1,0
446211,Morros,24/25,2025,1,0.6351573,1,0
1274871,Gabriele Petrucci,24/25,2025,1,0.6350523,1,0
387371,Riccardo Stronati,24/25,2025,0,0.63496965,1,1
1001035,Marcos Carrillo,24/25,2025,1,0.6349096,1,0
577260,Facundo Batista,24/25,2025,1,0.63482416,1,0
584809,Ivan Durdov,24/25,2025,0,0.6347999,1,1
601894,Florian Horenburg,24/25,2025,1,0.6347892,1,0
708388,Adrián Corral,24/25,2025,1,0.634783,1,0
715635,Alex Rodríguez,24/25,2025,1,0.63452995,1,0
882980,Mattia Benvenuto,24/25,2025,1,0.6343709,1,0
341516,Ponck,24/25,2025,1,0.63430876,1,0
50962,András Simon,24/25,2025,0,0.63412493,1,1
115333,Juanpe,24/25,2025,1,0.63386935,1,0
611070,Moha Keita,24/25,2025,0,0.63379425,1,1
1076073,Américo Neves,24/25,2025,1,0.6337815,1,0
382550,Joe Hilton,24/25,2025,0,0.63363826,1,1
709998,Lucas Alcázar,24/25,2025,1,0.63361025,1,0
662452,Juan Alegría,24/25,2025,1,0.6335938,1,0
478347,Marian Huja,24/25,2025,1,0.63351876,1,0
710479,Jesús Palomeque,24/25,2025,1,0.6334454,1,0
518348,Kelechi John,24/25,2025,1,0.6333048,1,0
312683,Arthur Bonaldo,24/25,2025,0,0.6332691,1,1
375857,Kristijan Bistrovic,24/25,2025,1,0.6332559,1,0
834767,Loren Sánchez,24/25,2025,1,0.6330586,1,0
636147,Marcos Bustillo,24/25,2025,1,0.6330204,1,0
212746,Alexandru Băluță,24/25,2025,1,0.6329995,1,0
82657,Christopher Braun,24/25,2025,0,0.6329601,1,1
692036,Marcel Bergmann,24/25,2025,1,0.6329508,1,0
221309,Óscar Plano,24/25,2025,1,0.6329213,1,0
295822,Robert Geantă,24/25,2025,1,0.63285697,1,0
651003,Tommaso Maressa,24/25,2025,1,0.63265586,1,0
746145,Tomoyuki Doi,24/25,2025,1,0.6326385,1,0
916165,Jan Stein,24/25,2025,1,0.6326065,1,0
99345,Ante Vukusic,24/25,2025,0,0.6325777,1,1
786686,Diego Gambale,24/25,2025,1,0.6324617,1,0
975440,Jacob Aboosah,24/25,2025,0,0.6324516,1,1
205792,Jordanco Naumoski,24/25,2025,0,0.6321756,1,1
864485,Alexandru Gutium,24/25,2025,1,0.63209254,1,0
710675,Nowend Lorenzo,24/25,2025,1,0.6318989,1,0
1059678,Luca Horst,24/25,2025,1,0.63179564,1,0
255933,Michael Seaton,24/25,2025,1,0.63166964,1,0
1077315,Anastasios Loupas,24/25,2025,1,0.6316326,1,0
625653,Iker Kortajarena,24/25,2025,0,0.6314222,1,1
390117,Samuele Damiani,24/25,2025,1,0.63140625,1,0
531674,Rúben Rodrigues,24/25,2025,1,0.6312933,1,0
116772,Niklas Brandt,24/25,2025,1,0.63117254,1,0
321976,Matko Kramer,24/25,2025,1,0.6310449,1,0
818898,Federico Magro,24/25,2025,1,0.63097876,1,0
448920,Enea Mihaj,24/25,2025,1,0.63066405,1,0
1031510,Eric Topór,24/25,2025,0,0.63055235,1,1
670362,Esmeraldo Kondaj,24/25,2025,1,0.6304322,1,0
392634,Gabriele Dalla Bernardina,24/25,2025,0,0.63036066,1,1
647955,Quadri Liameed,24/25,2025,1,0.6302436,1,0
404584,Marcus Forss,24/25,2025,1,0.63009995,1,0
525867,Fraser Horsfall,24/25,2025,1,0.6300955,1,0
896014,Adrià Nicoli,24/25,2025,0,0.6299505,1,1
1027216,François Mughe,24/25,2025,0,0.62984,1,1
875208,Johnny Kenny,24/25,2025,0,0.62983125,1,1
696146,Tim Giesen,24/25,2025,1,0.62982863,1,0
682625,David Valero,24/25,2025,0,0.6297959,1,1
1037758,Alexander Dikarev,24/25,2025,1,0.6297075,1,0
813057,Lorenzo Busato,24/25,2025,1,0.62964314,1,0
158080,Eneko Zabaleta,24/25,2025,0,0.6295899,1,1
623173,Anestis Vlachomitros,24/25,2025,1,0.62953264,1,0
551233,Álvaro Mayorga,24/25,2025,1,0.6293687,1,0
628052,Martin Petkov,24/25,2025,1,0.62935907,1,0
934461,Federico Chinetti,24/25,2025,1,0.62932885,1,0
209063,Marius Briceag,24/25,2025,0,0.629291,1,1
466452,Ivan Milicevic,24/25,2025,1,0.62921906,1,0
655893,Ravil Tagir,24/25,2025,0,0.6289879,1,1
459946,Carlo Alberto Tosi,24/25,2025,0,0.62877876,1,1
225963,Lautaro Giannetti,24/25,2025,1,0.62857825,1,0
711034,Gianmarco Todisco,24/25,2025,1,0.62856007,1,0
1050912,Riccardo Rossi,24/25,2025,0,0.6284008,1,1
688747,Juanjo Sánchez,24/25,2025,1,0.6282678,1,0
1107991,Ognjen Teofilovic,24/25,2025,1,0.6281252,1,0
655525,Yeferson Paz,24/25,2025,0,0.62809575,1,1
222007,Bernard Kyere,24/25,2025,1,0.6280459,1,0
696598,Ibrahim Cissé,24/25,2025,0,0.62804204,1,1
254477,Joan Campins,24/25,2025,1,0.6279558,1,0
357997,Thomas Schirò,24/25,2025,1,0.62790656,1,0
930751,Iacopo Casani,24/25,2025,1,0.6277624,1,0
227073,Patrik Kelemen,24/25,2025,0,0.62774575,1,1
434981,Toyosi Olusanya,24/25,2025,1,0.6276926,1,0
804028,Kevin Lebersorger,24/25,2025,1,0.62767965,1,0
351216,Manel Royo,24/25,2025,1,0.6275502,1,0
279927,Doru Popadiuc,24/25,2025,1,0.62753135,1,0
203532,Naby Sarr,24/25,2025,0,0.6273889,1,1
1164509,Thomas Graziani,24/25,2025,1,0.6272674,1,0
53200,Eli Sabiá,24/25,2025,1,0.6272165,1,0
234189,Trezeguet,24/25,2025,1,0.6271748,1,0
496415,Nicolás Reniero,24/25,2025,0,0.6269944,1,1
182108,Seba Pérez,24/25,2025,1,0.6269353,1,0
745608,Noel Werner,24/25,2025,1,0.6268795,1,0
1103543,Clarence Corallo,24/25,2025,1,0.6268714,1,0
262861,Sebastián Palacios,24/25,2025,1,0.626814,1,0
45529,Said Ahmed Said,24/25,2025,1,0.62652963,1,0
339122,Domi Berlanga,24/25,2025,1,0.62651384,1,0
273130,Federico Gino,24/25,2025,1,0.6263932,1,0
613388,Zakaria Daqoune,24/25,2025,1,0.6263237,1,0
1210422,Aboubacar Bassinga,24/25,2025,1,0.6262912,1,0
592927,Péter Törőcsik,24/25,2025,1,0.6262595,1,0
631410,Vasilios Spinos,24/25,2025,0,0.6262122,1,1
513441,Diego González,24/25,2025,1,0.62612784,1,0
284454,Iván Rodríguez,24/25,2025,0,0.62605816,1,1
642521,Leonardo Marchi,24/25,2025,0,0.6260251,1,1
956590,Bence Somfalvi,24/25,2025,1,0.6258782,1,0
532908,Matteo Bongiorni,24/25,2025,1,0.6256282,1,0
146844,Kerim Frei,24/25,2025,1,0.6255902,1,0
237029,Marcell Sobotta,24/25,2025,1,0.6254563,1,0
419120,Paulo Vítor,24/25,2025,1,0.625356,1,0
492313,Rodrigo Guth,24/25,2025,1,0.62532717,1,0
524216,Ibrahim Tomiwa,24/25,2025,0,0.625218,1,1
128905,Josh McEachran,24/25,2025,1,0.62521154,1,0
659420,Mattia Motolese,24/25,2025,1,0.6252001,1,0
973608,Toni Dols,24/25,2025,1,0.6250998,1,0
167472,Youssouf M'Changama,24/25,2025,1,0.62507546,1,0
178107,Michael Santos,24/25,2025,0,0.62500435,1,1
265967,Salvatore Aloi,24/25,2025,1,0.6249193,1,0
1056213,Orazio Pazienza,24/25,2025,0,0.62481266,1,1
1182972,Andrea Santarelli,24/25,2025,1,0.6247799,1,0
847650,Tommaso Senzamici,24/25,2025,0,0.6247474,1,1
340447,Emanuele Spinozzi,24/25,2025,0,0.6246775,1,1
160374,Riccardo Galli,24/25,2025,0,0.6243666,1,1
174733,Omar Colley,24/25,2025,1,0.6242949,1,0
993228,Josh Lock,24/25,2025,1,0.6242796,1,0
250013,Angelo Fulgini,24/25,2025,1,0.6240912,1,0
335310,Áron Fejős,24/25,2025,1,0.62387896,1,0
1033045,Michal Willmann,24/25,2025,1,0.6236528,1,0
1218877,Mustafa Owaid,24/25,2025,1,0.6233866,1,0
1170416,Scott Constable,24/25,2025,0,0.62337,1,1
1012513,Gracien Deseri,24/25,2025,1,0.6233419,1,0
503727,Cody David,24/25,2025,0,0.62310535,1,1
149209,Maximilian Jansen,24/25,2025,1,0.62300676,1,0
582406,Marian Smatlak,24/25,2025,0,0.6230029,1,1
669914,Malik Djibril,24/25,2025,0,0.6229459,1,1
365449,Xian Emmers,24/25,2025,1,0.6227653,1,0
198418,Dimitar Evtimov,24/25,2025,1,0.62271625,1,0
910192,Wilson Samaké,24/25,2025,1,0.6226007,1,0
577881,Mohamed Ali Ben Romdhane,24/25,2025,1,0.6225263,1,0
501794,Jannik Rochelt,24/25,2025,0,0.622476,1,1
1370672,Modou Seye,24/25,2025,0,0.6223009,1,1
702354,Idrissa Thiam,24/25,2025,1,0.6221265,1,0
422400,Ezequiel Montagna,24/25,2025,1,0.6220965,1,0
128676,Gonzalo Llerena,24/25,2025,0,0.6220787,1,1
1053207,Curro Domínguez,24/25,2025,1,0.6220405,1,0
877118,Martin Georgiev,24/25,2025,0,0.6219994,1,1
512365,José Ortega,24/25,2025,0,0.6219697,1,1
217139,Santi Canedo,24/25,2025,0,0.6219514,1,1
431597,Johannes Sabah,24/25,2025,1,0.62185633,1,0
1042715,Karse,24/25,2025,1,0.62181157,1,0
393240,Boyd Reith,24/25,2025,1,0.62172145,1,0
900460,Mattia Parlato,24/25,2025,1,0.6216998,1,0
583607,William de Camargo,24/25,2025,1,0.6215235,1,0
534070,Nicholas Martini,24/25,2025,1,0.62149096,1,0
213351,Christian Irobiso,24/25,2025,1,0.6214895,1,0
307341,Andrea Trainotti,24/25,2025,0,0.621401,1,1
534410,Sikiru Olatunbosun,24/25,2025,1,0.6212677,1,0
863829,Alagie Saine,24/25,2025,0,0.6211024,1,1
434711,Jakov Blagaic,24/25,2025,1,0.6210649,1,0
528834,Jan Shcherbakovski,24/25,2025,1,0.6209841,1,0
947115,Xavi Grande,24/25,2025,1,0.6209471,1,0
537436,Ludovico Ricci,24/25,2025,1,0.620822,1,0
1056753,Davide Finizio,24/25,2025,1,0.6206635,1,0
1229846,Daniel Michel,24/25,2025,1,0.62052715,1,0
617762,Habib Oueslati,24/25,2025,0,0.6204909,1,1
584087,Roni Arabaci,24/25,2025,1,0.620441,1,0
187860,André Sousa,24/25,2025,0,0.6201477,1,1
120917,Sean Parker,24/25,2025,0,0.6201063,1,1
1000630,Pablo López,24/25,2025,1,0.6199019,1,0
651335,Kanto Fitiavana Voahariniaina,24/25,2025,0,0.61986876,1,1
486098,Louis Hall,24/25,2025,1,0.6198621,1,0
821542,Moussa Baradji,24/25,2025,1,0.6197754,1,0
393739,Tin Matic,24/25,2025,1,0.6197126,1,0
356024,Rubilio Castillo,24/25,2025,1,0.6196507,1,0
488869,Martin Janacek,24/25,2025,1,0.6194792,1,0
412539,Dimitar Iliev,24/25,2025,0,0.61943537,1,1
198084,Marco Frediani,24/25,2025,0,0.6194321,1,1
533061,Elias Ramírez,24/25,2025,0,0.6191823,1,1
834756,Julen Lartitegi,24/25,2025,1,0.6191436,1,0
744186,Chico Lamba,24/25,2025,1,0.6190563,1,0
455824,Tommaso Scarrone,24/25,2025,1,0.6190541,1,0
617646,Crocefisso Cancelli,24/25,2025,1,0.61904335,1,0
456165,Kleto Gjura,24/25,2025,0,0.6189559,1,1
908967,Valon Aliji,24/25,2025,0,0.6187836,1,1
618806,Alfredo Pedraza,24/25,2025,1,0.6187688,1,0
818538,Francesco Sena,24/25,2025,0,0.6186907,1,1
285973,Juanmi Heredero,24/25,2025,1,0.6186253,1,0
504398,Sergio Montero,24/25,2025,1,0.6185936,1,0
1054934,Maroan Sannadi,24/25,2025,0,0.6185883,1,1
396115,Eliseo Falcón,24/25,2025,1,0.6185728,1,0
1308600,Alessandro Bonora,24/25,2025,1,0.6185081,1,0
1179405,Antonio Guerriero,24/25,2025,0,0.618505,1,1
192736,Sabin Merino,24/25,2025,1,0.6184678,1,0
259183,Serhat Koruk,24/25,2025,0,0.61845255,1,1
1064402,Ander Sánchez,24/25,2025,0,0.6184266,1,1
668718,Vasilios Katsoulidis,24/25,2025,1,0.61842394,1,0
96133,Fabio Scarsella,24/25,2025,0,0.61842084,1,1
604486,Mihailo Trkulja,24/25,2025,1,0.61822206,1,0
336756,Miguel Silva,24/25,2025,0,0.61794263,1,1
242716,Enzo Basilio,24/25,2025,1,0.61788815,1,0
604796,Carlitos,24/25,2025,0,0.6178412,1,1
1020852,Abdulmalik Al-Jaber,24/25,2025,1,0.61781615,1,0
441422,Maximiliano Lovera,24/25,2025,0,0.617695,1,1
1185019,Benedikt Rottensteiner,24/25,2025,1,0.6176201,1,0
970266,Steven Hall,24/25,2025,0,0.6175948,1,1
481675,Christos Mandas,24/25,2025,0,0.6174197,1,1
185702,Danny Rose,24/25,2025,0,0.6172925,1,1
815180,Robert Kwasigroch,24/25,2025,1,0.61717427,1,0
1052350,Nick Rothweiler,24/25,2025,0,0.61712724,1,1
483640,Jan Koudelka,24/25,2025,0,0.61711824,1,1
394332,Alberto Marini,24/25,2025,0,0.61707884,1,1
919874,Lyubomir Vasilev,24/25,2025,0,0.617026,1,1
874080,Mason Burstow,24/25,2025,1,0.61700773,1,0
628303,Julian Weigel,24/25,2025,0,0.6168536,1,1
488784,Magnus Kofod Andersen,24/25,2025,0,0.6167231,1,1
383630,Stavros Panagiotou,24/25,2025,1,0.6166997,1,0
16043,Alessandro Albertini,24/25,2025,1,0.61666876,1,0
616903,Moustapha Yabre,24/25,2025,0,0.6166016,1,1
905015,Jon de Luis,24/25,2025,0,0.6164313,1,1
164262,Dávid Kovács,24/25,2025,0,0.6164253,1,1
820659,Mattia Vitale,24/25,2025,1,0.61637294,1,0
487850,Oladapo Afolayan,24/25,2025,0,0.6162083,1,1
111417,Charyl Chappuis,24/25,2025,0,0.61614984,1,1
256118,Saber Hraiech,24/25,2025,1,0.6160995,1,0
1064412,Samu Almagro,24/25,2025,0,0.6159917,1,1
74300,Luka Milivojevic,24/25,2025,1,0.61586946,1,0
808027,Dorian Chiotti,24/25,2025,1,0.6156671,1,0
73951,Kehinde Fatai,24/25,2025,1,0.6156374,1,0
837085,Azeez Oseni,24/25,2025,1,0.6155605,1,0
500274,Lorenzo Milani,24/25,2025,0,0.6154824,1,1
336667,Assim Madibo,24/25,2025,1,0.61545527,1,0
190756,Juan Ramírez,24/25,2025,0,0.61544186,1,1
831162,Gino Infantino,24/25,2025,0,0.6154334,1,1
452165,Manoubi Haddad,24/25,2025,0,0.61542875,1,1
719673,Ben Gannon-Doak,24/25,2025,1,0.615357,1,0
462977,Benjamín Garré,24/25,2025,0,0.61532855,1,1
668684,Konstantinos Lampsias,24/25,2025,1,0.6152294,1,0
1151753,Ádám Szamosi,24/25,2025,0,0.6150922,1,1
899271,Idumba Fasika,24/25,2025,1,0.61507726,1,0
576125,Thierry Gale,24/25,2025,1,0.6148485,1,0
207005,Mohamed Bettamer,24/25,2025,1,0.6147575,1,0
435022,Ramón Miérez,24/25,2025,1,0.61474603,1,0
765468,Milan de Haan,24/25,2025,1,0.6147247,1,0
431470,Alessandro Minelli,24/25,2025,1,0.6144784,1,0
695877,Denis Ciobanu,24/25,2025,0,0.6143619,1,1
467435,Yannik Schlößer,24/25,2025,1,0.6142126,1,0
914505,Tommaso Duca,24/25,2025,1,0.61415267,1,0
829838,Hennes Behrens,24/25,2025,0,0.61409706,1,1
1124805,Noel Jakac,24/25,2025,1,0.6140883,1,0
440880,Simone Menabò,24/25,2025,1,0.6138167,1,0
312682,Dudu Nardini,24/25,2025,1,0.6138034,1,0
199303,Paolo Valagussa,24/25,2025,1,0.61378974,1,0
59558,Emilio Nsue,24/25,2025,0,0.6136801,1,1
196226,Mehmet Kurt,24/25,2025,0,0.6136132,1,1
595916,Alejandro Cañizo,24/25,2025,0,0.61357576,1,1
169460,Turgay Gemicibaşı,24/25,2025,1,0.6135703,1,0
1146719,Yasin Belhadj,24/25,2025,0,0.613559,1,1
164402,Dioni,24/25,2025,1,0.61354613,1,0
352607,Darío García,24/25,2025,1,0.6135346,1,0
981485,Luis Córdova,24/25,2025,0,0.61349493,1,1
814468,Matteo Polizzi,24/25,2025,1,0.613446,1,0
1183220,Andrea Collaro,24/25,2025,1,0.61344504,1,0
194218,Yeltsin Tejeda,24/25,2025,0,0.6134,1,1
563137,Robert Navarro,24/25,2025,1,0.61324257,1,0
354482,Amir Murillo,24/25,2025,0,0.61310285,1,1
672607,Adam Senior,24/25,2025,1,0.6130262,1,0
1030374,Alberto Ulloa,24/25,2025,1,0.6128626,1,0
271092,Eduardo Loscos,24/25,2025,1,0.6127743,1,0
354702,Jassim Al-Jalabi,24/25,2025,1,0.6127221,1,0
888136,Karim Cardoni,24/25,2025,0,0.6126907,1,1
184816,Ahmed Hassan,24/25,2025,1,0.61266285,1,0
211251,Darwin Machís,24/25,2025,1,0.61264914,1,0
439488,Diego Díaz,24/25,2025,0,0.6125495,1,1
561647,Kaan Caliskaner,24/25,2025,1,0.61248064,1,0
187329,Sandy Walsh,24/25,2025,1,0.61247605,1,0
1231401,Victor Orakpo,24/25,2025,1,0.61246395,1,0
442329,Daniel Celea,24/25,2025,1,0.61245745,1,0
929887,Adam Sevinsky,24/25,2025,0,0.6124381,1,1
156721,Luka Milunovic,24/25,2025,1,0.61241204,1,0
762611,Carlos Inglada,24/25,2025,1,0.6124005,1,0
934386,Pietro Candelari,24/25,2025,0,0.6122914,1,1
700789,Nor Maviram,24/25,2025,0,0.6122503,1,1
255359,Valeriy Gorbachik,24/25,2025,1,0.61222,1,0
196445,Dustin Corea,24/25,2025,1,0.6122175,1,0
359210,Alfa Semedo,24/25,2025,1,0.6120448,1,0
430798,Don Bolsius,24/25,2025,0,0.61204284,1,1
130765,Stuart Armstrong,24/25,2025,1,0.6120017,1,0
139781,Tom Bradshaw,24/25,2025,0,0.61193556,1,1
401383,Davide Colonna,24/25,2025,1,0.6117448,1,0
89708,Junior Fernandes,24/25,2025,1,0.6117359,1,0
846358,Kerr Smith,24/25,2025,1,0.6115274,1,0
636094,Javier Hermelo,24/25,2025,0,0.61152214,1,1
291359,Tom Lang,24/25,2025,0,0.6115156,1,1
203628,Tim Bunge,24/25,2025,0,0.61123395,1,1
315850,Marco Tumminello,24/25,2025,1,0.61119574,1,0
929743,Matteo Zazza,24/25,2025,1,0.6111587,1,0
668328,Lukas Hrdlicka,24/25,2025,0,0.61111605,1,1
1049803,Domenico Anzelmo,24/25,2025,1,0.61098164,1,0
614228,Jaume Villar,24/25,2025,0,0.61096257,1,1
740617,Damiano Basili,24/25,2025,1,0.6109541,1,0
221984,David Forniés,24/25,2025,0,0.6109357,1,1
530032,Quaresma,24/25,2025,0,0.6109161,1,1
460216,Jack Earing,24/25,2025,1,0.61089957,1,0
1180000,Jac Norris,24/25,2025,1,0.61082506,1,0
324946,Emanuel Cecchini,24/25,2025,0,0.61078084,1,1
164534,Francesco Forte,24/25,2025,1,0.6107631,1,0
235923,Mattia Muroni,24/25,2025,1,0.6106975,1,0
388326,Atanas Kabov,24/25,2025,1,0.61069286,1,0
715330,Filippo Magnaldi,24/25,2025,0,0.6106735,1,1
905719,Nikola Vukic,24/25,2025,0,0.61065155,1,1
872502,Mattia Alessio,24/25,2025,0,0.6106474,1,1
815346,Nathan Gassama,24/25,2025,0,0.610491,1,1
695279,Michal Matus,24/25,2025,1,0.61045957,1,0
586059,Will Hondermarck,24/25,2025,1,0.61045533,1,0
635318,Juanpa Palomares,24/25,2025,1,0.6102794,1,0
937477,Giulio Antonini,24/25,2025,1,0.6102269,1,0
926935,Fritz Engel,24/25,2025,1,0.61013454,1,0
469828,Mihajlo Neskovic,24/25,2025,0,0.6101122,1,1
729167,Emmanuel Ntsiakoh,24/25,2025,1,0.60994625,1,0
688638,Lorenz Hollenbach,24/25,2025,1,0.6098905,1,0
1044735,Filip Mikes,24/25,2025,1,0.60981333,1,0
129991,Bart Vriends,24/25,2025,0,0.60965997,1,1
845277,Dominik Biniek,24/25,2025,0,0.6096101,1,1
675612,Babis Drakas,24/25,2025,0,0.6093893,1,1
336830,Jaime Santos,24/25,2025,1,0.6093508,1,0
117518,Aykut Özer,24/25,2025,1,0.6093133,1,0
659270,Lendrit Shala,24/25,2025,0,0.6092413,1,1
125342,Ohad Levita,24/25,2025,1,0.6091765,1,0
661157,Marcel Ruszel,24/25,2025,1,0.6091668,1,0
1047861,Watts,24/25,2025,1,0.609136,1,0
75327,Marco Calderoni,24/25,2025,0,0.6090961,1,1
718579,Iván Martínez,24/25,2025,0,0.60899705,1,1
939751,Matej Kadlec,24/25,2025,0,0.6088894,1,1
1245283,Pablo Barea,24/25,2025,1,0.6088272,1,0
400044,Balázs Tóth,24/25,2025,0,0.6087195,1,1
636360,Javi Moreno,24/25,2025,0,0.60866284,1,1
616634,Andrea Mallamo,24/25,2025,1,0.60856795,1,0
679217,Dion Dërmaku,24/25,2025,1,0.6084356,1,0
94304,Goran Causic,24/25,2025,0,0.60827214,1,1
191359,Florian Pick,24/25,2025,1,0.60804164,1,0
592498,Tiago Manso,24/25,2025,0,0.60789764,1,1
1175869,Jesús Belza,24/25,2025,0,0.60781807,1,1
187097,Budu Zivzivadze,24/25,2025,0,0.6077631,1,1
983810,Senan Mullen,24/25,2025,1,0.60775244,1,0
705288,Angelo Talia,24/25,2025,0,0.60748446,1,1
995105,Giulio Patrignani,24/25,2025,1,0.6074602,1,0
1193782,Francesco Bochicchio,24/25,2025,1,0.60745186,1,0
503004,Alessio Rizzo,24/25,2025,1,0.6073021,1,0
246836,Momcilo Raspopovic,24/25,2025,1,0.6072271,1,0
455922,Jan Olschowsky,24/25,2025,0,0.6068329,1,1
512401,Alvaro Iuliano,24/25,2025,0,0.6067034,1,1
61360,Ciro Sirignano,24/25,2025,0,0.60669,1,1
718668,Tala,24/25,2025,0,0.6066545,1,1
1172592,Simão Silva,24/25,2025,0,0.6065904,1,1
586756,Festy Ebosele,24/25,2025,0,0.60657495,1,1
501007,Marko Bugarin,24/25,2025,0,0.6065554,1,1
395833,Harry Paton,24/25,2025,1,0.6064249,1,0
528040,Milan Obradovic,24/25,2025,1,0.6063321,1,0
441079,Mauro Cerutti,24/25,2025,1,0.60621953,1,0
537375,Simo Bouzaidi,24/25,2025,1,0.6062154,1,0
645962,Joep Munsters,24/25,2025,1,0.6061608,1,0
463455,Federico Zazzi,24/25,2025,1,0.60615766,1,0
183538,Ivan Goranov,24/25,2025,1,0.6060973,1,0
308822,José Romo,24/25,2025,1,0.60604864,1,0
873981,Diego González,24/25,2025,0,0.6059586,1,1
1307101,Andrea Cirillo,24/25,2025,1,0.6058801,1,0
659650,Demis Maugeri,24/25,2025,0,0.6056858,1,1
237669,Dereck Kutesa,24/25,2025,1,0.6056662,1,0
172015,Fernando Pacheco,24/25,2025,1,0.6055771,1,0
332593,Patrick Andrade,24/25,2025,1,0.6055113,1,0
167505,Danu Spataru,24/25,2025,1,0.60548633,1,0
953036,Daithí McCallion,24/25,2025,0,0.6053021,1,1
1061660,Selvi Clua,24/25,2025,0,0.605099,1,1
344605,Boubakary Soumaré,24/25,2025,0,0.605087,1,1
1297382,Valerio Conti,24/25,2025,0,0.6049566,1,1
297198,Christian Ilic,24/25,2025,1,0.6047621,1,0
572689,Ivan Milosavljevic,24/25,2025,1,0.60474944,1,0
708267,Nassim Benaissa,24/25,2025,1,0.6047349,1,0
190941,Ángelo Sagal,24/25,2025,1,0.60470116,1,0
605779,Kewin Komar,24/25,2025,1,0.60468227,1,0
1056227,Leonard Muca,24/25,2025,1,0.6046714,1,0
939804,Keno-Miguel Meyer,24/25,2025,1,0.60441905,1,0
140803,Anthony Limbombe,24/25,2025,1,0.6043502,1,0
66736,Lisandro Magallán,24/25,2025,1,0.6043213,1,0
591785,Milen Stoev,24/25,2025,1,0.60424995,1,0
1111051,Mamadou Gning,24/25,2025,0,0.6041832,1,1
775048,Omar Mohamedhoesein,24/25,2025,0,0.6040587,1,1
932763,Alessandro Di Bitonto,24/25,2025,1,0.6040513,1,0
396337,Miguel San Román,24/25,2025,1,0.60397017,1,0
198999,Paolo Ropolo,24/25,2025,1,0.6037714,1,0
867700,Joshua Duffus,24/25,2025,1,0.6037376,1,0
282799,Kaloudis Lemonis,24/25,2025,1,0.6036652,1,0
515624,Henri Koudossou,24/25,2025,1,0.60366374,1,0
127222,Tommaso Ceccarelli,24/25,2025,0,0.6036299,1,1
938946,Ayoub Chaikhoun,24/25,2025,1,0.60361594,1,0
669933,Jonata Machado,24/25,2025,1,0.603492,1,0
476057,Guytho Mijland,24/25,2025,1,0.60302776,1,0
1090074,Filippo Liberati,24/25,2025,1,0.6030247,1,0
531214,Adis Jasic,24/25,2025,1,0.602894,1,0
1211929,Iaia Manco Danfa,24/25,2025,1,0.602745,1,0
1049599,Michele Scienza,24/25,2025,1,0.60272205,1,0
507486,Simon Sohm,24/25,2025,1,0.60271233,1,0
724036,Apostolos Christopoulos,24/25,2025,0,0.6025013,1,1
796212,Philipp Schulz,24/25,2025,0,0.6024926,1,1
216401,Marvin Ajani,24/25,2025,1,0.6023577,1,0
385413,Marco Sfanò,24/25,2025,1,0.6022935,1,0
941458,Jere Vrcic,24/25,2025,0,0.6022672,1,1
271622,Óttar Magnús Karlsson,24/25,2025,1,0.6021338,1,0
246204,Salvi Sánchez,24/25,2025,1,0.60212195,1,0
1124243,Lorenzo Ceppi,24/25,2025,1,0.60210556,1,0
496357,Mehdi Boudjemaa,24/25,2025,0,0.6020948,1,1
391063,Filippo Chiti,24/25,2025,0,0.6020758,1,1
567497,Filipe Relvas,24/25,2025,1,0.6020448,1,0
1036533,Matteo Cabella,24/25,2025,0,0.60203624,1,1
614623,Alexandru Oroian,24/25,2025,0,0.60202277,1,1
241310,Neluț Roșu,24/25,2025,1,0.6019807,1,0
461903,João Silva,24/25,2025,0,0.6018846,1,1
364233,Sidy Sarr,24/25,2025,1,0.6017418,1,0
490506,José Solbes,24/25,2025,1,0.60161364,1,0
927933,Velizar-Iliya Iliev,24/25,2025,1,0.6016048,1,0
801886,Isak Jensen,24/25,2025,1,0.6014639,1,0
603471,Danilo Spoljaric,24/25,2025,0,0.6014613,1,1
443612,Yuri Matias,24/25,2025,1,0.60139805,1,0
271646,Karim Loukili,24/25,2025,0,0.6013452,1,1
925221,Elion Jashari,24/25,2025,1,0.6012155,1,0
196538,Lorenzo Remedi,24/25,2025,1,0.6011022,1,0
1049715,Alessandro Diana,24/25,2025,0,0.6009612,1,1
557642,Larry-Nana Oellers,24/25,2025,1,0.6009251,1,0
1258840,Asier Larrión,24/25,2025,1,0.6009218,1,0
1187269,Alessio Pesoli,24/25,2025,1,0.6008824,1,0
746892,Giuseppe Simone,24/25,2025,0,0.60068566,1,1
312932,Eraldo Cinari,24/25,2025,1,0.6006757,1,0
607779,Sergio Moreno,24/25,2025,1,0.60065806,1,0
205569,Mickaël Malsa,24/25,2025,1,0.60060775,1,0
601117,Marco Wagner,24/25,2025,1,0.6005845,1,0
1157538,Jan Petek,24/25,2025,1,0.600506,1,0
805065,Iyad Mohamed,24/25,2025,0,0.6004698,1,1
344969,Davor Zdravkovski,24/25,2025,1,0.6004649,1,0
605780,Dawid Kocyla,24/25,2025,0,0.60041463,1,1
1016280,Lukas Sinn,24/25,2025,1,0.60038364,1,0
824737,Mattia Aprea,24/25,2025,1,0.6003507,1,0
135217,Patrick Olsen,24/25,2025,1,0.60034484,1,0
961948,Marcos Fernández,24/25,2025,1,0.60024184,1,0
1151630,Álex Rubio,24/25,2025,1,0.6002369,1,0
99348,Antonio Amaro,24/25,2025,1,0.60022616,1,0
1073176,Oumar Pona,24/25,2025,0,0.6001137,1,1
194067,Moustapha,24/25,2025,0,0.60003316,1,1
1063448,Ilias Elyazidi,24/25,2025,1,0.59995484,1,0
625405,Noah Godwin,24/25,2025,1,0.5998551,1,0
214316,Luciano Vietto,24/25,2025,0,0.5998423,1,1
229909,Tobias Kordick,24/25,2025,1,0.599834,1,0
226151,Sean Kelly,24/25,2025,1,0.599824,1,0
358512,Ibrahima Conté,24/25,2025,1,0.5997338,1,0
176422,Adrià Gallego,24/25,2025,1,0.599691,1,0
932737,Enea Pitti,24/25,2025,1,0.59968305,1,0
719985,Pol Bassa,24/25,2025,1,0.59966826,1,0
305521,Mohammadmehdi Mehdikhani,24/25,2025,0,0.5996229,1,1
597256,Houssen Abderrahmane,24/25,2025,0,0.59959733,1,1
742411,Eddy Lanzi,24/25,2025,1,0.5995487,1,0
707350,Max Scholze,24/25,2025,1,0.5995102,1,0
596882,Álvaro Espínola,24/25,2025,1,0.5994789,1,0
603864,Lewis Miller,24/25,2025,1,0.5994515,1,0
677179,Raúl Tavares,24/25,2025,0,0.59941065,1,1
1001554,Berkay Aslan,24/25,2025,1,0.5993181,1,0
1009483,Antonio Bazdaric,24/25,2025,1,0.5992644,1,0
1182220,Tommaso Scartabelli,24/25,2025,1,0.59922945,1,0
388795,Oumar Gonzalez,24/25,2025,0,0.5992124,1,1
905949,Massil Adjaoudi,24/25,2025,0,0.59920144,1,1
1063333,Jorge Cabello,24/25,2025,0,0.5991914,1,1
644771,Odilon Kossounou,24/25,2025,1,0.5988517,1,0
926766,Johaneko Louis-Jean,24/25,2025,0,0.59880143,1,1
1040836,Yeray Carpio,24/25,2025,0,0.59878606,1,1
1154876,Kasey Bos,24/25,2025,1,0.5985479,1,0
630523,Martin Svidersky,24/25,2025,1,0.5984736,1,0
654173,Brad Young,24/25,2025,1,0.5984372,1,0
1238259,Pau Fernández,24/25,2025,0,0.5982228,1,1
146603,Roland Baracskai,24/25,2025,0,0.59821385,1,1
1048043,Alessandro Piseddu,24/25,2025,1,0.5982075,1,0
565821,Mika Biereth,24/25,2025,0,0.5979769,1,1
424709,Cheick Timite,24/25,2025,1,0.5979565,1,0
455932,Lars Gindorf,24/25,2025,1,0.5978305,1,0
1045159,Daniel Barat,24/25,2025,0,0.5978277,1,1
226058,Luka Bogdan,24/25,2025,1,0.59780717,1,0
1318491,Samuele Dimatteo,24/25,2025,1,0.5975545,1,0
282365,Juan Cruz Kaprof,24/25,2025,1,0.5973836,1,0
1118034,Hammam Al-Hammami,24/25,2025,1,0.597368,1,0
909270,Denis Dinev,24/25,2025,1,0.59711254,1,0
1078416,Bradel Kiwa,24/25,2025,0,0.59711087,1,1
706017,Riccardo Sganzerla,24/25,2025,0,0.5970873,1,1
386833,Guido Variola,24/25,2025,0,0.59702003,1,1
1056043,Matteo Donatiello,24/25,2025,0,0.59693617,1,1
371370,Ismet Sinani,24/25,2025,1,0.5968798,1,0
330795,Caniggia Elva,24/25,2025,0,0.5968266,1,1
980464,Pedro Igor,24/25,2025,0,0.59680593,1,1
495602,Moha Ramos,24/25,2025,1,0.59678966,1,0
230552,Diego Laxalt,24/25,2025,1,0.596724,1,0
718178,Miguel Peña,24/25,2025,1,0.5967064,1,0
535545,Jacopo Nelli,24/25,2025,1,0.5966368,1,0
921431,Adam Kölle,24/25,2025,0,0.59658164,1,1
810307,Dimitrios Goumas,24/25,2025,0,0.5965395,1,1
1120228,Endika Buján,24/25,2025,0,0.59640425,1,1
486204,Klisman Cake,24/25,2025,0,0.5963798,1,1
401064,Alessandro Rossi,24/25,2025,1,0.59625554,1,0
213035,Amadou Moutari,24/25,2025,1,0.59618837,1,0
702911,Luis Asué,24/25,2025,1,0.5961816,1,0
400671,Daan Klomp,24/25,2025,1,0.5961809,1,0
476149,George Lapslie,24/25,2025,0,0.5961548,1,1
598162,Javi Gómez,24/25,2025,1,0.59611875,1,0
467992,Samuele Ricci,24/25,2025,1,0.5961175,1,0
891312,Fran Árbol,24/25,2025,1,0.59593314,1,0
521996,Yevgeniy Terzi,24/25,2025,1,0.59573513,1,0
512127,Fabrício Isidoro,24/25,2025,1,0.5957044,1,0
728688,Denis Kramar,24/25,2025,0,0.5956989,1,1
525131,Yacine Bourhane,24/25,2025,1,0.5956988,1,0
235840,Pedro Pinto,24/25,2025,1,0.59563947,1,0
853948,Alejandro Piedrahita,24/25,2025,0,0.5956067,1,1
373301,Silva,24/25,2025,1,0.5955829,1,0
683670,Darragh Power,24/25,2025,0,0.59556097,1,1
1061527,Bobby Pointon,24/25,2025,0,0.59554756,1,1
328850,Giorgio Recino,24/25,2025,1,0.5954837,1,0
444571,Curtis Tilt,24/25,2025,1,0.5953544,1,0
167254,Dominic Ball,24/25,2025,1,0.5952424,1,0
296577,Macauley Bonne,24/25,2025,1,0.5951597,1,0
148396,Abdoulay Diaby,24/25,2025,1,0.5951282,1,0
730265,Rodrigo Piloto,24/25,2025,0,0.5950247,1,1
847217,Alberto Spina,24/25,2025,0,0.59486526,1,1
523606,Cleylton,24/25,2025,0,0.5948467,1,1
857297,Ignacio Guerrico,24/25,2025,0,0.5948395,1,1
942889,Jawad El Jemili,24/25,2025,1,0.5948374,1,0
410061,Loïc Kouagba,24/25,2025,1,0.5948144,1,0
556059,Marino Illescas,24/25,2025,1,0.59480286,1,0
321685,Mirza Mustafic,24/25,2025,1,0.59477115,1,0
710678,Christian Mutilva,24/25,2025,1,0.59474134,1,0
199258,Andrea Petagna,24/25,2025,0,0.5947014,1,1
1147210,Francis Castillo,24/25,2025,1,0.5946971,1,0
822100,Federico Romeo,24/25,2025,0,0.5946363,1,1
415816,Diallang Jaiyesimi,24/25,2025,0,0.59459263,1,1
226005,Franco Fragapane,24/25,2025,0,0.5945849,1,1
427376,Eric Biasiol,24/25,2025,1,0.5944596,1,0
852727,Diego García,24/25,2025,0,0.59422374,1,1
415550,Joaquín Ardaiz,24/25,2025,1,0.5941764,1,0
801425,Sam Bell,24/25,2025,1,0.5941523,1,0
412046,Iván Chapela,24/25,2025,1,0.5940417,1,0
120095,José Campaña,24/25,2025,1,0.5940035,1,0
124517,Sebastian Kerk,24/25,2025,1,0.5938856,1,0
257805,Mathias Normann,24/25,2025,1,0.5938589,1,0
1070284,Emerick Lopes,24/25,2025,1,0.5936586,1,0
924031,Leo Eberle,24/25,2025,1,0.5936579,1,0
463753,Harry Cochrane,24/25,2025,1,0.5936297,1,0
142947,Patrik Bacsa,24/25,2025,0,0.59361494,1,1
1183293,Edoardo Ferrari,24/25,2025,0,0.5936101,1,1
439292,Sydney van Hooijdonk,24/25,2025,0,0.59360546,1,1
335733,Daniel Naumov,24/25,2025,1,0.59360176,1,0
241402,Rewan Amin,24/25,2025,0,0.59358764,1,1
977753,Giuseppe Balzano,24/25,2025,0,0.593488,1,1
207965,Giacomo Risaliti,24/25,2025,1,0.5933945,1,0
802713,Adam Ahmad,24/25,2025,1,0.59336436,1,0
539665,Fredrik Oppegård,24/25,2025,0,0.59322935,1,1
671438,Aristot Tambwe-Kasengele,24/25,2025,1,0.5932222,1,0
986892,Max Lippert,24/25,2025,1,0.5930694,1,0
401736,Yaya Sithole,24/25,2025,0,0.59294707,1,1
548111,Álex Baena,24/25,2025,1,0.5928989,1,0
316750,Tosin Kehinde,24/25,2025,1,0.59287703,1,0
386825,Emanuele Presello,24/25,2025,0,0.59285223,1,1
740159,David Sousa,24/25,2025,1,0.59282964,1,0
397812,Daniele Rocco,24/25,2025,1,0.59275,1,0
461895,Diogo Sousa,24/25,2025,0,0.5927438,1,1
538569,Tommaso Milanese,24/25,2025,1,0.5926985,1,0
464220,Botond Nándori,24/25,2025,0,0.59269184,1,1
490426,Krépin Diatta,24/25,2025,0,0.5925567,1,1
222225,Pius Krätschmer,24/25,2025,1,0.5924321,1,0
191850,Kosmas Gezos,24/25,2025,1,0.592381,1,0
1175656,Thomas Diego Altomonte,24/25,2025,1,0.5920223,1,0
354145,Jorge Carrascal,24/25,2025,1,0.5919925,1,0
85164,Andre Hoffmann,24/25,2025,1,0.59181637,1,0
493983,Pavel Sokol,24/25,2025,1,0.5917494,1,0
494847,Lovro Majkic,24/25,2025,1,0.59153676,1,0
406556,Tom McGill,24/25,2025,0,0.5914275,1,1
240310,Matteo Gaiani,24/25,2025,1,0.591328,1,0
333494,Jakub Pokorny,24/25,2025,1,0.59128034,1,0
866888,José Matos,24/25,2025,1,0.591091,1,0
397448,Andrea Procaccio,24/25,2025,0,0.5910177,1,1
820599,Marco Rao,24/25,2025,0,0.5910072,1,1
392131,Simon Asta,24/25,2025,1,0.5909161,1,0
306166,Nuno Da Costa,24/25,2025,1,0.590754,1,0
529315,Alexander Muci,24/25,2025,1,0.59074736,1,0
247672,Rodrigo Gómez,24/25,2025,0,0.59066916,1,1
654539,Adrien Truffert,24/25,2025,1,0.59061944,1,0
975211,Nicolò Allasina,24/25,2025,0,0.59047484,1,1
646698,Gabriel Misehouy,24/25,2025,1,0.59027576,1,0
344595,Aurélien Nguiamba,24/25,2025,1,0.59025025,1,0
1027421,Ahmed Khatir,24/25,2025,1,0.59015125,1,0
371345,Dimitar Sheytanov,24/25,2025,1,0.59001344,1,0
109816,Roland Vólent,24/25,2025,0,0.5900016,1,1
954687,Francesco Macchi,24/25,2025,1,0.58999324,1,0
562287,Christian Celesia,24/25,2025,0,0.5899705,1,1
1182084,Giulio Leo,24/25,2025,1,0.5899166,1,0
815477,Michele Tommasi,24/25,2025,0,0.5896146,1,1
563340,Felipe Santos,24/25,2025,0,0.58960116,1,1
400871,Kacper Krzepisz,24/25,2025,1,0.5895374,1,0
586712,Symeon Papadopoulos,24/25,2025,1,0.5895005,1,0
484572,Anass Nouader,24/25,2025,1,0.58949476,1,0
836196,Matyas Vojta,24/25,2025,0,0.58948445,1,1
633624,Cole McKinnon,24/25,2025,1,0.5893182,1,0
587688,Zdravko Dimitrov,24/25,2025,0,0.58919114,1,1
832898,Simon Polasek,24/25,2025,1,0.5890858,1,0
589459,Joseda Menargues,24/25,2025,1,0.58883005,1,0
1030192,Gil Ebner,24/25,2025,1,0.58876574,1,0
562601,Souleymane Anne,24/25,2025,0,0.58875453,1,1
719926,Áron Csongvai,24/25,2025,0,0.5887468,1,1
1099543,Andrew Buah,24/25,2025,1,0.5886754,1,0
1074574,Garabet Takesian,24/25,2025,1,0.5885357,1,0
1065861,Ernesto Ballabile,24/25,2025,1,0.58852863,1,0
607164,Enzo Cornelisse,24/25,2025,1,0.588406,1,0
1030201,Noel Kaiser,24/25,2025,1,0.5883226,1,0
934503,Stefano Tomaselli,24/25,2025,0,0.58827883,1,1
1009618,Aljaz Strajnar,24/25,2025,1,0.58801395,1,0
1013227,George Andrews,24/25,2025,1,0.5879707,1,0
910540,Ben Jablonski,24/25,2025,0,0.58779585,1,1
551147,Clench Loufilou,24/25,2025,0,0.5877666,1,1
960274,Michele Grande,24/25,2025,0,0.58770794,1,1
926931,Emanuel Marincău,24/25,2025,1,0.58765745,1,0
911531,Alexis Golfinos,24/25,2025,1,0.58760715,1,0
607226,Loum Tchaouna,24/25,2025,1,0.58755976,1,0
634432,Iván Muñoz,24/25,2025,0,0.58749425,1,1
100131,William Carvalho,24/25,2025,1,0.5873871,1,0
423289,Álvaro Salinas,24/25,2025,1,0.5873343,1,0
1043003,Yasin Özcan,24/25,2025,1,0.5871082,1,0
237732,Leandro Putaro,24/25,2025,1,0.58696514,1,0
344971,Nehar Sadiki,24/25,2025,1,0.5868566,1,0
913085,Néné Gbamblé,24/25,2025,0,0.5868384,1,1
815028,Panagiotis Anastasopoulos,24/25,2025,1,0.58678705,1,0
808452,Jack Milne,24/25,2025,0,0.58673245,1,1
441098,Lucas Masoero,24/25,2025,1,0.58665085,1,0
541628,Oliver Sonne,24/25,2025,0,0.58663535,1,1
1109887,Filip Kaczmarek,24/25,2025,0,0.5865775,1,1
795523,Enes Yılmaz,24/25,2025,1,0.58656573,1,0
504091,Pedrinho,24/25,2025,0,0.5865527,1,1
445548,Charlie Brown,24/25,2025,0,0.5864049,1,1
890817,Dimitrios Stamatakis,24/25,2025,0,0.58636785,1,1
145707,Danilo,24/25,2025,0,0.586268,1,1
177031,Emrah Başsan,24/25,2025,1,0.5860592,1,0
463030,Markus Kaasa,24/25,2025,1,0.5859251,1,0
676922,Moussa Sidibé,24/25,2025,1,0.5854581,1,0
946971,Marin Prekodravac,24/25,2025,1,0.5854502,1,0
1059771,Filippo Vertua,24/25,2025,1,0.5854324,1,0
498048,Julián Guevara,24/25,2025,0,0.58516055,1,1
535740,Giuseppe Ciocci,24/25,2025,0,0.5851207,1,1
385923,Brandon Wilson,24/25,2025,0,0.5850861,1,1
189650,Tim Receveur,24/25,2025,1,0.58508164,1,0
927715,Xiko Gomes,24/25,2025,0,0.5849551,1,1
646735,Aitor Gismera,24/25,2025,1,0.58493966,1,0
1001936,Paul Walters,24/25,2025,0,0.5845997,1,1
184491,Naïm Sliti,24/25,2025,0,0.58438927,1,1
810355,Jannik Zahmel,24/25,2025,1,0.5842426,1,0
479709,Paolo Cannistrà,24/25,2025,1,0.5840396,1,0
331637,Tom Baack,24/25,2025,1,0.58397245,1,0
748316,Juan Manuel Cruz,24/25,2025,1,0.5839516,1,0
435605,Cristopher Núñez,24/25,2025,0,0.58395016,1,1
930165,Andrea Piazza,24/25,2025,0,0.5837487,1,1
386685,Matheo Raab,24/25,2025,1,0.5837005,1,0
1214320,Sydney Osazuwa,24/25,2025,0,0.58368933,1,1
1287735,Oscar Vargas,24/25,2025,0,0.58361435,1,1
520695,Pepe Bernal,24/25,2025,1,0.58358943,1,0
611905,Claudio Messaggi,24/25,2025,0,0.5835844,1,1
400549,Magnus Kaastrup,24/25,2025,1,0.5832712,1,0
158569,Marco Spinosa,24/25,2025,1,0.5832396,1,0
362744,Elyaz Zidane,24/25,2025,0,0.5829587,1,1
655899,Serdar Saatçı,24/25,2025,0,0.5829446,1,1
1189292,Ander Izagirre,24/25,2025,0,0.5828931,1,1
524925,Modibo Sagnan,24/25,2025,1,0.58286524,1,0
624569,Samuel Attah Kumi,24/25,2025,0,0.5828481,1,1
637469,Zean Dalügge,24/25,2025,1,0.5827627,1,0
877211,Success Edogun,24/25,2025,0,0.5827444,1,1
1030153,Justin Bourgault,24/25,2025,0,0.58236986,1,1
181378,Gaëtan Laborde,24/25,2025,1,0.5820785,1,0
669677,Alan Marinelli,24/25,2025,1,0.5820248,1,0
538073,Romain Matthys,24/25,2025,1,0.582024,1,0
1056226,Aristidis Andrikopoulos,24/25,2025,1,0.5819917,1,0
594277,Jonathan Mulder,24/25,2025,1,0.5819828,1,0
485798,Davide Munari,24/25,2025,1,0.58195746,1,0
249459,Tarsi Aguado,24/25,2025,1,0.5818518,1,0
70245,Ignasi Miquel,24/25,2025,1,0.5818114,1,0
1083113,Gianni Vadacca,24/25,2025,1,0.5817673,1,0
169362,Luka Zahovic,24/25,2025,0,0.5817125,1,1
660544,Marcel Ratnik,24/25,2025,1,0.58168286,1,0
1031769,Tim Windsheimer,24/25,2025,1,0.58164555,1,0
276080,Iván Turrillo,24/25,2025,0,0.5816266,1,1
340394,Abdelhamid Sabiri,24/25,2025,0,0.5816207,1,1
189157,Vasilios Papadopoulos,24/25,2025,0,0.58161384,1,1
405211,Andrea Giacomazzi,24/25,2025,0,0.58153605,1,1
853344,Sekou Yansané,24/25,2025,0,0.5814901,1,1
166557,Luca Baldassin,24/25,2025,1,0.58144045,1,0
185817,Jizz Hornkamp,24/25,2025,0,0.5812618,1,1
510761,Bryan Barrios,24/25,2025,0,0.5811696,1,1
567114,Liam Morrison,24/25,2025,0,0.58104914,1,1
188470,Francisco Calvo,24/25,2025,1,0.5809585,1,0
324111,Teun Bijleveld,24/25,2025,1,0.5807029,1,0
446188,Rodrigo Escudero,24/25,2025,1,0.5806982,1,0
354772,Michaell Chirinos,24/25,2025,0,0.5806858,1,1
1066142,Dominik Pech,24/25,2025,1,0.5806241,1,0
523363,Kaio,24/25,2025,1,0.58051544,1,0
1061825,Mattia Esposito,24/25,2025,1,0.58041465,1,0
589481,Matías Basterrechea,24/25,2025,1,0.5804074,1,0
1245815,Siviwe Magidigidi,24/25,2025,1,0.5803086,1,0
96140,Jorge Correa,24/25,2025,0,0.5801595,1,1
661467,Gerónimo Bortagaray,24/25,2025,0,0.58005893,1,1
724099,Claudio Turi,24/25,2025,1,0.5798992,1,0
84377,Jonatan Gómez,24/25,2025,1,0.57988924,1,0
594731,Fabio Gruber,24/25,2025,0,0.57975376,1,1
379869,Arthur Desmas,24/25,2025,1,0.579727,1,0
220878,Issiaga Sylla,24/25,2025,1,0.57969433,1,0
903563,Matteo Rizzo,24/25,2025,1,0.5796185,1,0
454625,Matías Cóccaro,24/25,2025,0,0.57961804,1,1
728321,Petar Karaangelov,24/25,2025,0,0.5796034,1,1
462087,Arjen van der Heide,24/25,2025,0,0.57959104,1,1
664420,Albert Caparrós,24/25,2025,0,0.57949656,1,1
422401,Milton Valenzuela,24/25,2025,1,0.5793339,1,0
945763,Dani Martinez,24/25,2025,0,0.5793054,1,1
576737,Firza Andika,24/25,2025,1,0.5791044,1,0
167890,Alberto Masi,24/25,2025,1,0.5790179,1,0
518152,Tobias Peitz,24/25,2025,1,0.579011,1,0
125103,Marvin Ducksch,24/25,2025,1,0.5789513,1,0
190222,Sander van de Streek,24/25,2025,0,0.57892907,1,1
772354,Christopher Olsa,24/25,2025,1,0.57883114,1,0
638138,Brais Martínez,24/25,2025,1,0.5785533,1,0
867611,José de León,24/25,2025,1,0.5784935,1,0
213510,Jota,24/25,2025,0,0.5784167,1,1
922783,Marios Dervishi,24/25,2025,0,0.57831943,1,1
1052859,Vladyslav Kopotun,24/25,2025,0,0.57819325,1,1
509492,Jagoba Zárraga,24/25,2025,1,0.5780231,1,0
585818,Frantz Pierrot,24/25,2025,1,0.5779852,1,0
745246,Levin Mattmüller,24/25,2025,1,0.57794803,1,0
615618,Santiago Eneme,24/25,2025,1,0.577931,1,0
1012421,Matija Popović,24/25,2025,1,0.57769495,1,0
216263,Aymen Souda,24/25,2025,1,0.57766855,1,0
226026,Xandro Schenk,24/25,2025,1,0.57764167,1,0
1163866,Samad Popoola,24/25,2025,0,0.5776096,1,1
961821,Elián Sosa,24/25,2025,1,0.5775959,1,0
188888,Sheraldo Becker,24/25,2025,1,0.5775553,1,0
448844,Carlos Neva,24/25,2025,1,0.5775377,1,0
800028,Alexandros Kedikoglou,24/25,2025,0,0.5773866,1,1
834488,Aimar Duñabeitia,24/25,2025,0,0.577293,1,1
814528,Georgios Kosteas,24/25,2025,1,0.5771685,1,0
894456,Dachi Lordkipanidze,24/25,2025,0,0.5771592,1,1
1280693,Riccardo Bisetto,24/25,2025,1,0.5771566,1,0
907917,Kristaps Grabovskis,24/25,2025,1,0.57703274,1,0
674136,Joel Senior,24/25,2025,0,0.576655,1,1
493000,Sebastián Villa,24/25,2025,0,0.576569,1,1
815219,Ivan Mandić,24/25,2025,1,0.57656026,1,0
614992,Fotis Kotsonis,24/25,2025,1,0.5765531,1,0
639691,Ricky Maset,24/25,2025,0,0.5763977,1,1
167810,Riccardo Chiarello,24/25,2025,1,0.5763792,1,0
1045312,Harri John,24/25,2025,1,0.5763661,1,0
621195,Bas Van den Eynden,24/25,2025,1,0.5762764,1,0
635566,Aitor Ekiza,24/25,2025,1,0.5760739,1,0
993353,Kaloyan Pehlivanov,24/25,2025,0,0.5760017,1,1
237679,Tobias Schättin,24/25,2025,1,0.5757552,1,0
663703,Nicola Dipinto,24/25,2025,0,0.5755163,1,1
852517,Shaq Forde,24/25,2025,0,0.5754718,1,1
634117,Pablo Valencia,24/25,2025,1,0.5754283,1,0
665552,Denis Dziuba,24/25,2025,1,0.5754041,1,0
974387,Jude Bonnar,24/25,2025,1,0.57535756,1,0
599074,Kristiyan Peshov,24/25,2025,1,0.57533544,1,0
309923,Jaime Moreno,24/25,2025,0,0.5753309,1,1
181661,Rolando Blackburn,24/25,2025,0,0.5752766,1,1
1175183,Peterson Paul,24/25,2025,0,0.5752167,1,1
1073023,Radoslaw Zelezny,24/25,2025,1,0.5751421,1,0
451942,Sam Todd,24/25,2025,0,0.57508504,1,1
407098,Jakub Kaminski,24/25,2025,1,0.5750592,1,0
598611,Jesús de Miguel,24/25,2025,1,0.57504636,1,0
313359,Alexis Pérez,24/25,2025,1,0.57487625,1,0
340437,Andrea Paolelli,24/25,2025,0,0.57478756,1,1
966681,Alex Henderson,24/25,2025,0,0.5745581,1,1
947639,Olawale Farayola,24/25,2025,1,0.574406,1,0
657742,Joaquín Sosa,24/25,2025,1,0.5742441,1,0
900938,Junior Olaitan,24/25,2025,1,0.57416725,1,0
1185001,Simone Tarolli,24/25,2025,1,0.5741601,1,0
580329,Elvis Baffour,24/25,2025,0,0.5741005,1,1
1168861,Faton Ademi,24/25,2025,0,0.5740653,1,1
269171,Gökhan Gül,24/25,2025,1,0.574033,1,0
907619,Melvin Rémy,24/25,2025,1,0.5739012,1,0
536451,Andrea Silipo,24/25,2025,0,0.57387364,1,1
1191770,César Álvarez,24/25,2025,0,0.57384515,1,1
663940,Riccardo Tomella,24/25,2025,0,0.5737664,1,1
1075192,Sergio Carmona,24/25,2025,1,0.5737032,1,0
412041,Álex Millán,24/25,2025,1,0.57361156,1,0
377606,Mohamed Al-Shebli,24/25,2025,0,0.57355314,1,1
963674,Vladimir Ivanov,24/25,2025,0,0.57352656,1,1
802663,Samuele Rosini,24/25,2025,1,0.57352465,1,0
670682,Marco Cruz,24/25,2025,1,0.57349735,1,0
636254,Rakip Bregu,24/25,2025,1,0.57344663,1,0
934496,Gioele Cardoni,24/25,2025,0,0.57336056,1,1
705099,Cornelius Staver,24/25,2025,1,0.5730722,1,0
689022,Nadir Ajanovic,24/25,2025,0,0.5730667,1,1
426213,Rodrigo Conceição,24/25,2025,1,0.5730194,1,0
934998,Abdou M'bark El Id,24/25,2025,0,0.57291096,1,1
1304289,Amin Ziblim,24/25,2025,1,0.5728394,1,0
1054933,Daouda Doumbia,24/25,2025,1,0.5727758,1,0
162063,Salva Ruiz,24/25,2025,0,0.57274675,1,1
893304,Xavi Bauzà,24/25,2025,0,0.5726543,1,1
112632,Raphael Augusto,24/25,2025,1,0.5726423,1,0
102037,Jamal Bhuyan,24/25,2025,0,0.57248247,1,1
744278,Benjamín Rojas,24/25,2025,1,0.5722714,1,0
518472,Willyan Rocha,24/25,2025,1,0.5721467,1,0
1299824,Stijn Middendorp,24/25,2025,0,0.57204956,1,1
810312,Juri Schüchter,24/25,2025,1,0.5719149,1,0
322683,Markus Poom,24/25,2025,0,0.57182217,1,1
242532,Rober Ibáñez,24/25,2025,1,0.5718214,1,0
388058,Benjamin Goller,24/25,2025,1,0.5713267,1,0
659459,Carney Chukwuemeka,24/25,2025,1,0.57123095,1,0
297583,Woo-yeong Jeong,24/25,2025,1,0.57118124,1,0
590203,Efthymios Pavlakis,24/25,2025,1,0.5711753,1,0
1202299,Nadir El Jamali,24/25,2025,0,0.57113576,1,1
84535,Eduardo Salvio,24/25,2025,0,0.5711205,1,1
412607,Eoin Toal,24/25,2025,0,0.57104963,1,1
581000,Eynel Soares,24/25,2025,0,0.57098174,1,1
933555,Alessio Pozzoli,24/25,2025,0,0.57095164,1,1
990259,Christos Kosidis,24/25,2025,0,0.5708444,1,1
495124,Brian Orosco,24/25,2025,0,0.5706721,1,1
675946,Marin Petkov,24/25,2025,0,0.5706375,1,1
567309,Naatan Skyttä,24/25,2025,1,0.570616,1,0
742018,Dejan Radonjic,24/25,2025,0,0.5705386,1,1
129314,Kristian Álvarez,24/25,2025,1,0.57032454,1,0
718232,Abdoulaye Kamara,24/25,2025,1,0.5702804,1,0
427633,Chadrack Muzungu,24/25,2025,1,0.5701821,1,0
874081,Karoy Anderson,24/25,2025,0,0.5701523,1,1
276768,Nolan Mbemba,24/25,2025,1,0.5701425,1,0
806392,Cheikh Touré,24/25,2025,1,0.5700586,1,0
329924,Jacob Karlstrøm,24/25,2025,0,0.56998926,1,1
251106,Enes Ünal,24/25,2025,0,0.5699868,1,1
875219,Marselino Ferdinan,24/25,2025,1,0.569929,1,0
461959,Douglas Aurélio,24/25,2025,0,0.5698164,1,1
699418,Jakub Kaluzinski,24/25,2025,1,0.5697376,1,0
884065,Simone D'Uffizi,24/25,2025,0,0.5697359,1,1
705080,Mattia Codromaz,24/25,2025,0,0.56971437,1,1
1256478,Lorougnon Gohi,24/25,2025,1,0.5696994,1,0
374326,Oliver Edvardsen,24/25,2025,0,0.5696435,1,1
398063,Luke Southwood,24/25,2025,1,0.5695611,1,0
999387,Christian Roseti,24/25,2025,1,0.5694968,1,0
728262,Julián Palacios,24/25,2025,0,0.56939834,1,1
1262393,Gabriel Rafele,24/25,2025,1,0.5693414,1,0
486132,Júnior Mendieta,24/25,2025,1,0.5692542,1,0
554398,Vasilios Sourlis,24/25,2025,1,0.5692205,1,0
445623,Cem Üstündag,24/25,2025,1,0.5692166,1,0
905011,Ibrahim Maza,24/25,2025,1,0.5691806,1,0
763182,Josué Casimir,24/25,2025,1,0.5690772,1,0
937207,Lennart Pohlmann,24/25,2025,1,0.5690519,1,0
697280,George Earthy,24/25,2025,0,0.5689874,1,1
720524,Alexis Chamorro,24/25,2025,0,0.56896883,1,1
294568,Omer Atzili,24/25,2025,0,0.56893957,1,1
272698,Mohamed Hamdaoui,24/25,2025,0,0.5688367,1,1
1055082,Andrea Oliviero,24/25,2025,0,0.5687392,1,1
278190,Ivan Konovalov,24/25,2025,1,0.56872064,1,0
392633,Pietro Gecchele,24/25,2025,0,0.5686877,1,1
229949,Ary Papel,24/25,2025,0,0.56863,1,1
931916,Dimitrios Retsos,24/25,2025,1,0.56853986,1,0
810073,Younes El Hannach,24/25,2025,0,0.5684527,1,1
960458,Konstantin Aleksa,24/25,2025,0,0.56838804,1,1
516038,Kai Merk,24/25,2025,1,0.5683661,1,0
308388,Kyle Dempsey,24/25,2025,0,0.5682654,1,1
122493,Amir Sayoud,24/25,2025,1,0.5681881,1,0
404968,Nicola De Vido,24/25,2025,1,0.56816953,1,0
500782,Willy Vogt,24/25,2025,1,0.56800747,1,0
700565,Brian Cipenga,24/25,2025,0,0.5679829,1,1
893997,Cameron Ferguson,24/25,2025,1,0.56796914,1,0
624293,Ayman Abdelrahman,24/25,2025,0,0.56790954,1,1
241889,Antonio Barreca,24/25,2025,1,0.5679071,1,0
612810,Guus Beaumont,24/25,2025,0,0.56790566,1,1
390159,Vincenzo Millico,24/25,2025,1,0.5677976,1,0
965715,Lassina Kone Junior,24/25,2025,0,0.56776065,1,1
502245,Dion De Neve,24/25,2025,1,0.56770873,1,0
1229922,Facundo Alarcón,24/25,2025,1,0.56769556,1,0
463798,Alessandro Coppola,24/25,2025,1,0.56757843,1,0
244130,Sullay Kaikai,24/25,2025,0,0.56754225,1,1
648906,Zoltán Vasvári,24/25,2025,0,0.567541,1,1
333092,Josiel Núñez,24/25,2025,1,0.56752723,1,0
1009938,Álvaro Merencio,24/25,2025,1,0.5674269,1,0
794349,Julien Le Cardinal,24/25,2025,0,0.56734234,1,1
923536,Andreas Myklebust,24/25,2025,0,0.5672561,1,1
711323,Alejandro Parada,24/25,2025,1,0.5670138,1,0
1295909,Abdul Moro,24/25,2025,0,0.566989,1,1
146099,Remi Mulumba,24/25,2025,0,0.56698895,1,1
1168851,Omar Khedr,24/25,2025,0,0.5669825,1,1
288487,Cristian Cruz,24/25,2025,0,0.5669815,1,1
392500,Felice D'Amico,24/25,2025,1,0.56691986,1,0
566857,Semih Sahin,24/25,2025,1,0.56691235,1,0
1095428,Hugo Riccobene,24/25,2025,0,0.5668634,1,1
1066822,Georgios Botopoulos,24/25,2025,0,0.56676906,1,1
344844,Mouhammed-Ali Dhaini,24/25,2025,0,0.5666967,1,1
279923,Roberto Dias,24/25,2025,0,0.5665541,1,1
918957,Davide Renzetti,24/25,2025,1,0.56652725,1,0
197476,Alex Redolfi,24/25,2025,1,0.5665172,1,0
1189343,Giandomenico Panaro,24/25,2025,1,0.5665124,1,0
244930,Hikmet Çiftçi,24/25,2025,0,0.5664804,1,1
288690,Manprit Sarkaria,24/25,2025,1,0.56642693,1,0
396085,Marco Ballabio,24/25,2025,0,0.56637543,1,1
194549,Simy,24/25,2025,1,0.5663735,1,0
816576,Edson Silva,24/25,2025,0,0.56625706,1,1
627829,Christian Bianchetti,24/25,2025,1,0.56620806,1,0
908295,Martín Cascajo,24/25,2025,1,0.56614083,1,0
558890,Sergio Gómez,24/25,2025,0,0.56613195,1,1
263627,Carlos Vigaray,24/25,2025,1,0.5661078,1,0
107267,Djamal Ziane,24/25,2025,0,0.5660239,1,1
371436,Francisco Sierralta,24/25,2025,1,0.5659553,1,0
406912,Gabriele Bellodi,24/25,2025,0,0.56585765,1,1
260557,Slavko Damjanovic,24/25,2025,1,0.5658526,1,0
410221,Pape Seydou,24/25,2025,0,0.56584835,1,1
1056970,Asier Hierro,24/25,2025,0,0.56576616,1,1
709967,Toni Caravaca,24/25,2025,0,0.5657179,1,1
704260,Eugenio Fusco,24/25,2025,1,0.56571436,1,0
537458,Joan Rojas,24/25,2025,0,0.56561285,1,1
724031,Angelos Angelopoulos,24/25,2025,0,0.5654727,1,1
100001,Carlos Auzqui,24/25,2025,0,0.565325,1,1
245030,Milan Gajic,24/25,2025,0,0.56528157,1,1
834491,Alejandro Rego,24/25,2025,1,0.5651258,1,0
569366,Enzo Millot,24/25,2025,1,0.5651142,1,0
734348,Hernán Zazas,24/25,2025,1,0.5649941,1,0
448466,Jovane Cabral,24/25,2025,0,0.56498635,1,1
533783,Maks Ebong,24/25,2025,0,0.56496125,1,1
151568,Xhelil Abdulla,24/25,2025,0,0.5648212,1,1
1228715,Samu Rodríguez,24/25,2025,0,0.56479084,1,1
1035864,Leon Mergner,24/25,2025,0,0.56466556,1,1
1059479,Stefen Tchamche,24/25,2025,0,0.5646258,1,1
569373,Isaac Solet,24/25,2025,0,0.56458306,1,1
648458,Emmanuel Sarpong,24/25,2025,0,0.5643709,1,1
371142,Myziane Maolida,24/25,2025,0,0.56434673,1,1
710497,Stojan Lekovic,24/25,2025,0,0.56427294,1,1
282897,Kristiyan Malinov,24/25,2025,1,0.5642277,1,0
337812,Julijan Popović,24/25,2025,1,0.5640757,1,0
297373,Mike Hauptmeijer,24/25,2025,1,0.56404686,1,0
192239,Ryan Williams,24/25,2025,0,0.5640152,1,1
918974,Ibuki Nemoto,24/25,2025,0,0.56400084,1,1
1236200,Peter Kareem,24/25,2025,0,0.5637915,1,1
519748,Zé Ricardo,24/25,2025,0,0.5636455,1,1
1165327,Lorenzo Bosia,24/25,2025,1,0.5635972,1,0
342966,Dennis Smarsch,24/25,2025,1,0.56354934,1,0
736041,Haris Mesic,24/25,2025,1,0.56345767,1,0
56898,Salvatore Caturano,24/25,2025,1,0.5633261,1,0
254985,Taulant Seferi,24/25,2025,0,0.56314397,1,1
815541,Guglielmo Floridia,24/25,2025,1,0.5631395,1,0
276030,Artur Jorge,24/25,2025,1,0.56296635,1,0
197898,Edoardo Lancini,24/25,2025,1,0.5628276,1,0
128909,Jack Robinson,24/25,2025,1,0.56277007,1,0
935828,Mohamed Alì Zoma,24/25,2025,1,0.5627136,1,0
1066821,Vasilios Archontakakis,24/25,2025,0,0.5627099,1,1
820252,Benchimol,24/25,2025,0,0.56266636,1,1
234068,Maximilian Pommer,24/25,2025,0,0.562652,1,1
687309,Aleks Radzhabov,24/25,2025,1,0.56264,1,0
672024,Georgios Papadopoulos,24/25,2025,1,0.56262773,1,0
456938,Javi Avilés,24/25,2025,0,0.5626159,1,1
721731,Antonio Prisco,24/25,2025,0,0.5625395,1,1
282427,Fran Ganfornina,24/25,2025,0,0.5625329,1,1
1197188,Abdulatif Hammody,24/25,2025,0,0.5624837,1,1
818819,Giuseppe Fares,24/25,2025,0,0.5620433,1,1
301037,Aleksandr Filin,24/25,2025,1,0.5618659,1,0
845581,Nedjeljko Kovinic,24/25,2025,1,0.561152,1,0
741833,Ángel Cano,24/25,2025,1,0.5611163,1,0
1284577,Alessandro Nardo,24/25,2025,0,0.5611041,1,1
500687,Tyrese Shade,24/25,2025,1,0.561078,1,0
490967,Andri Gudjohnsen,24/25,2025,1,0.56107694,1,0
177960,Hamza Barry,24/25,2025,1,0.5609655,1,0
328573,Barnabás Varga,24/25,2025,0,0.56095153,1,1
1056025,Marco Fastiggi,24/25,2025,1,0.560694,1,0
901026,Claudio Panzarino,24/25,2025,0,0.5606327,1,1
741252,Aarón Alonso,24/25,2025,1,0.5606101,1,0
279829,Alexandros Anagnostopoulos,24/25,2025,1,0.56060505,1,0
1063329,Andrés García,24/25,2025,0,0.5605897,1,1
696656,Rodri Andrade,24/25,2025,0,0.5605764,1,1
249157,Fredrik Jensen,24/25,2025,1,0.56054413,1,0
136641,Dimitrios Diamantakos,24/25,2025,1,0.5604516,1,0
892633,Aitor Pérez,24/25,2025,0,0.5604294,1,1
576040,Elvis Sakyi,24/25,2025,1,0.5603495,1,0
536698,Julian Larsson,24/25,2025,0,0.56034297,1,1
339510,Tihomir Kostadinov,24/25,2025,1,0.56032187,1,0
538678,Macauley Southam-Hales,24/25,2025,1,0.56020296,1,0
197830,Josh Sheehan,24/25,2025,0,0.56017166,1,1
162036,Diego Caballo,24/25,2025,1,0.56006664,1,0
139393,Tomané,24/25,2025,1,0.55993545,1,0
1086493,Alessio Manetti,24/25,2025,0,0.5599171,1,1
568709,Francesco Barranca,24/25,2025,0,0.55991554,1,1
1004385,Owen Martinez-Jullien,24/25,2025,1,0.5599111,1,0
240892,Bongani Zungu,24/25,2025,0,0.5598053,1,1
172323,Cameron Howieson,24/25,2025,0,0.559589,1,1
257468,Nemanja Glavcic,24/25,2025,0,0.55955744,1,1
387991,Steffen Westphal,24/25,2025,1,0.5595053,1,0
1046151,Jusuf Ugljanin,24/25,2025,1,0.5593271,1,0
1047410,Justin Lukas,24/25,2025,1,0.5593225,1,0
1285999,John Batigi,24/25,2025,1,0.5591576,1,0
342018,Tennai Watson,24/25,2025,1,0.5591405,1,0
319171,Andrea Danzi,24/25,2025,1,0.5589229,1,0
575620,Mauricio Villalobos,24/25,2025,1,0.5588153,1,0
392577,Matteo Rover,24/25,2025,1,0.55865693,1,0
1021391,Emmanuel Poku,24/25,2025,0,0.55835366,1,1
1175370,Federico Renda,24/25,2025,0,0.5583511,1,1
1318477,Farès Ben Rahem,24/25,2025,1,0.5583454,1,0
470882,Fuad Sule,24/25,2025,1,0.55834234,1,0
345654,Marlos Moreno,24/25,2025,1,0.5583364,1,0
740102,Mateja Djordjević,24/25,2025,1,0.5582311,1,0
636693,David Navarro,24/25,2025,0,0.55811095,1,1
377298,Guillem Castell,24/25,2025,0,0.5580968,1,1
432959,Perotti,24/25,2025,1,0.5579865,1,0
72638,Yohandry Orozco,24/25,2025,1,0.5578061,1,0
390135,Abbas Yassin Mohamad,24/25,2025,1,0.5577769,1,0
398030,Giuseppe Caso,24/25,2025,0,0.55777067,1,1
570417,Nathan Broome,24/25,2025,1,0.55767936,1,0
582717,David Ramos,24/25,2025,1,0.55761176,1,0
658534,Lasso Coulibaly,24/25,2025,0,0.55752045,1,1
229007,Lyes Houri,24/25,2025,0,0.5574482,1,1
1075575,Marius Courcoul,24/25,2025,0,0.557403,1,1
618021,Djordje Jovicic,24/25,2025,1,0.55700463,1,0
710591,Athanasios Papadakos,24/25,2025,1,0.55692166,1,0
321579,Jake Beesley,24/25,2025,1,0.5568491,1,0
817275,Filippo Mozzo,24/25,2025,0,0.5567665,1,1
632829,Niccolò Pietra,24/25,2025,1,0.55665904,1,0
381950,Alexis Saelemaekers,24/25,2025,0,0.556651,1,1
1309281,Filippo Pedini,24/25,2025,0,0.5566158,1,1
640893,Ethan Walker,24/25,2025,0,0.55645174,1,1
683101,Saverio Domanico,24/25,2025,0,0.5564294,1,1
405833,Bruno Silva,24/25,2025,0,0.55642736,1,1
297731,Enrico Bearzotti,24/25,2025,0,0.556338,1,1
790473,Elia Summa,24/25,2025,0,0.5562785,1,1
623773,Kristoffer Lund,24/25,2025,1,0.55616987,1,0
1145118,El Hadji Macoumba Gningue,24/25,2025,0,0.5561406,1,1
448854,Emmanuel Dennis,24/25,2025,1,0.5560979,1,0
826528,Federico Gomes Gerth,24/25,2025,1,0.55605495,1,0
92870,Emanuele Gatto,24/25,2025,1,0.5559946,1,0
244940,Salih Özcan,24/25,2025,0,0.55594623,1,1
289149,Nicolás Orsini,24/25,2025,0,0.5558128,1,1
247661,Gideon Jung,24/25,2025,1,0.5557933,1,0
976203,Francesco Rucci,24/25,2025,1,0.5556696,1,0
612756,Amoah Sam,24/25,2025,0,0.5554261,1,1
369258,Dudu,24/25,2025,0,0.5549843,1,1
320259,Sito Pascual,24/25,2025,0,0.55466086,1,1
702275,Julián Mahicas,24/25,2025,0,0.55461365,1,1
56100,Leon Balogun,24/25,2025,1,0.55458844,1,0
256023,Serkan Yusein,24/25,2025,0,0.5545839,1,1
282821,Corey Blackett-Taylor,24/25,2025,0,0.55437803,1,1
914539,Yoan Koré,24/25,2025,1,0.5543643,1,0
458715,Robson Bambu,24/25,2025,1,0.5543298,1,0
324472,Diego Borghini,24/25,2025,1,0.5542887,1,0
223029,Fábio Martins,24/25,2025,1,0.55423194,1,0
1056287,Pietro Pinelli,24/25,2025,0,0.5542157,1,1
691482,Jacopo Fazzini,24/25,2025,1,0.554208,1,0
981323,Antonello Serra,24/25,2025,0,0.55409735,1,1
561702,Gaizka Ayesa,24/25,2025,0,0.55407286,1,1
928573,Joël van der Wilt,24/25,2025,0,0.5540369,1,1
1270735,Alessandro Bartelloni,24/25,2025,1,0.5540189,1,0
935420,Andrea Toma,24/25,2025,1,0.55397296,1,0
494350,Yaw Annor,24/25,2025,0,0.55382615,1,1
878150,Amario Cozier-Duberry,24/25,2025,1,0.55381477,1,0
485729,Fashion Sakala,24/25,2025,0,0.55374575,1,1
816897,Lorenzo Podda,24/25,2025,1,0.55369866,1,0
93633,Stipe Batarilo,24/25,2025,1,0.55363846,1,0
245993,Fabio Ramon Tomassini,24/25,2025,0,0.553483,1,1
410075,Danilo Greco,24/25,2025,1,0.5534425,1,0
397257,Luca Giudici,24/25,2025,1,0.5532144,1,0
293360,Jakub Martinec,24/25,2025,1,0.5530506,1,0
158120,Ismael Tajouri-Shradi,24/25,2025,1,0.55299634,1,0
445241,Roberto Iezzi,24/25,2025,1,0.5529162,1,0
415646,Bruno Jordão,24/25,2025,1,0.5527907,1,0
1020642,Anton Ihde,24/25,2025,0,0.55273694,1,1
807034,Marco Schabauer,24/25,2025,1,0.55260587,1,0
370833,Doğukan Sinik,24/25,2025,1,0.5526023,1,0
419999,Guessouma Fofana,24/25,2025,0,0.55256414,1,1
882964,Claudio Parlato,24/25,2025,1,0.5524518,1,0
818909,Raffaele Lattuchella,24/25,2025,1,0.5523027,1,0
1073565,Nikola Medojevic,24/25,2025,0,0.5522486,1,1
56682,Andrea Signorini,24/25,2025,0,0.5522044,1,1
935509,Gianluca Rossi,24/25,2025,1,0.55217177,1,0
255119,Elias Dolah,24/25,2025,1,0.55194044,1,0
800611,Jonathan Pitou,24/25,2025,1,0.5518598,1,0
806168,Paul Joly,24/25,2025,1,0.5518233,1,0
471135,Richard Krizan,24/25,2025,1,0.5518207,1,0
1129797,Giovanni Di Lelio,24/25,2025,0,0.5517877,1,1
709214,Beñat Gerenabarrena,24/25,2025,1,0.5517501,1,0
112663,Eliran Atar,24/25,2025,0,0.551737,1,1
177596,Javi Bonilla,24/25,2025,0,0.55168134,1,1
503619,Andrea Papetti,24/25,2025,1,0.5516775,1,0
1308605,Giovanni Severino,24/25,2025,1,0.55155325,1,0
396167,Charlie Scott,24/25,2025,0,0.55150634,1,1
1250522,Javi Morcillo,24/25,2025,1,0.55150306,1,0
293325,Emil Riis,24/25,2025,1,0.5514069,1,0
1164330,Martin Pedroarena,24/25,2025,0,0.55124176,1,1
593917,Ramin Alii,24/25,2025,1,0.55123943,1,0
394778,Manuel Pavesi,24/25,2025,0,0.5512058,1,1
187847,Yassine Benzia,24/25,2025,1,0.55084306,1,0
935822,Vladyslav Nagrudnyi,24/25,2025,1,0.55072874,1,0
501131,Ali Youssef,24/25,2025,0,0.5507259,1,1
803401,Ryan Andrews,24/25,2025,1,0.55063254,1,0
433168,Nathanael Ogbeta,24/25,2025,1,0.55055857,1,0
612489,Alessio Nepi,24/25,2025,0,0.55044705,1,1
1279326,Othman Faridi,24/25,2025,0,0.5503059,1,1
1045997,Devon Matthews,24/25,2025,0,0.5501999,1,1
200177,Giuseppe Nicolao,24/25,2025,1,0.54982466,1,0
125918,Lucas Villafañez,24/25,2025,0,0.5498207,1,1
522990,Leonardo Mannella,24/25,2025,0,0.5497578,1,1
670119,Victor Loturi,24/25,2025,0,0.54965657,1,1
949118,Ibrahima Diallo,24/25,2025,0,0.5495306,1,1
264992,Andreas Makris,24/25,2025,0,0.54950917,1,1
1052420,Aboubaka Soumahoro,24/25,2025,0,0.54948807,1,1
300156,Linas Megelaitis,24/25,2025,1,0.5494625,1,0
906902,Elliott Nevitt,24/25,2025,0,0.5494103,1,1
319202,Radu Boboc,24/25,2025,1,0.5492669,1,0
920041,Emmanuel Elekwa,24/25,2025,1,0.54917806,1,0
528632,Wanderson,24/25,2025,0,0.54912746,1,1
90478,Lukas Van Eenoo,24/25,2025,1,0.5489878,1,0
205006,Rick Karsdorp,24/25,2025,1,0.5488529,1,0
385412,Jordan Amissah,24/25,2025,1,0.5487933,1,0
725352,Endri Muhameti,24/25,2025,1,0.5487533,1,0
200736,Jorge Aparicio,24/25,2025,0,0.5487334,1,1
720517,Matías Barboza,24/25,2025,1,0.5486786,1,0
228940,João Novais,24/25,2025,1,0.5483543,1,0
669793,Andrea Bozzolan,24/25,2025,1,0.548353,1,0
1171668,Malthe Kjølby,24/25,2025,1,0.5483523,1,0
1182192,Simone Cat Berro,24/25,2025,1,0.5481106,1,0
234499,Frédéric Maciel,24/25,2025,1,0.5480949,1,0
948936,Kyle Ure,24/25,2025,1,0.54802436,1,0
220686,Antonio Vutov,24/25,2025,1,0.54786456,1,0
612517,Bashir Humphreys,24/25,2025,1,0.547813,1,0
181547,Gonçalo Paciência,24/25,2025,0,0.5478122,1,1
189441,Lucas Ocampos,24/25,2025,0,0.5477684,1,1
1056956,Mikel Santos,24/25,2025,0,0.54774696,1,1
997827,Thiago Helguera,24/25,2025,1,0.5477293,1,0
486665,Marek Polasek,24/25,2025,1,0.5476906,1,0
926995,Amar Diagne,24/25,2025,0,0.5476464,1,1
347885,Fabio Morselli,24/25,2025,0,0.5476009,1,1
401386,David Tomassini,24/25,2025,0,0.54755694,1,1
126634,Francesco Rossi,24/25,2025,0,0.5473935,1,1
203496,Nabil Fekir,24/25,2025,0,0.5473258,1,1
854697,Georgi Karakashev,24/25,2025,1,0.5471178,1,0
410735,Jamie Jacobs,24/25,2025,1,0.5470019,1,0
1025410,Zakaria Ouazane,24/25,2025,0,0.54692775,1,1
952216,Samuel Kuffour,24/25,2025,0,0.5467527,1,1
460347,Giovani Bamba,24/25,2025,1,0.5467473,1,0
1290144,Gennaro Di Somma,24/25,2025,1,0.54665124,1,0
877759,Kian Corbally,24/25,2025,0,0.54659534,1,1
519869,Mehdi Loune,24/25,2025,1,0.54649234,1,0
943828,Olivier de Nijs,24/25,2025,0,0.54638207,1,1
421764,Matteo Cardinali,24/25,2025,0,0.54634845,1,1
221907,Romell Quioto,24/25,2025,1,0.5462233,1,0
744956,Luke Pearce,24/25,2025,0,0.54610616,1,1
855615,Abdoulaye Bakayoko,24/25,2025,0,0.54605776,1,1
434109,Fabian Windhager,24/25,2025,0,0.5459628,1,1
829299,Max Weiß,24/25,2025,1,0.54580975,1,0
564792,Giovanni Garofani,24/25,2025,1,0.54574996,1,0
278651,Gerard Valentín,24/25,2025,1,0.54574615,1,0
199453,Sebastian Osigwe,24/25,2025,1,0.5457039,1,0
875860,David Amigo,24/25,2025,0,0.54563683,1,1
1118150,Emmanuel Uchenna,24/25,2025,0,0.54544145,1,1
936745,Ismaël Konaté,24/25,2025,0,0.5453284,1,1
812991,Arne Rühlemann,24/25,2025,1,0.54505557,1,0
656345,Nacho Ramón,24/25,2025,0,0.54501206,1,1
415525,Kanya Fujimoto,24/25,2025,1,0.5449429,1,0
840794,Dylan Perera,24/25,2025,0,0.5448575,1,1
167854,Matteo Meucci,24/25,2025,0,0.5448565,1,1
685506,Christian Travaglini,24/25,2025,0,0.54477686,1,1
492489,Christian Vestergaard,24/25,2025,1,0.54466766,1,0
284301,Philipp Wendt,24/25,2025,1,0.5446533,1,0
459778,Andrea Ghiggini,24/25,2025,1,0.5445787,1,0
139435,Dani Rodríguez,24/25,2025,0,0.5445055,1,1
161251,Jorge Casado,24/25,2025,0,0.54437184,1,1
979858,Manuel Conti,24/25,2025,0,0.54434526,1,1
678546,Mexx Meerdink,24/25,2025,0,0.54426086,1,1
738481,Emmanuel van de Blaak,24/25,2025,1,0.5442104,1,0
289713,Mamadou Fall,24/25,2025,0,0.5441915,1,1
974581,Cenny Neumann,24/25,2025,1,0.54410505,1,0
315568,Lorenzo Di Livio,24/25,2025,1,0.54409474,1,0
723009,Jordy de Beer,24/25,2025,0,0.5440549,1,1
1000675,Alejo Sarco,24/25,2025,0,0.5440493,1,1
99924,Tano Bonnín,24/25,2025,1,0.5439271,1,0
892482,Alessandro Scacchetti,24/25,2025,1,0.5438826,1,0
1170812,Riccardo Ornaghi,24/25,2025,1,0.543771,1,0
653707,Martin Smolenski,24/25,2025,0,0.54375553,1,1
118375,Dardo Miloc,24/25,2025,0,0.54356146,1,1
784862,Eryk Kobza,24/25,2025,0,0.543382,1,1
342978,Apostolos Stikas,24/25,2025,1,0.54328567,1,0
660768,Max Thompson,24/25,2025,0,0.5432424,1,1
1185900,Aaron Croce,24/25,2025,1,0.54323286,1,0
459577,Gabriele Perretta,24/25,2025,0,0.54321617,1,1
341270,Carlos Gilbert,24/25,2025,1,0.54306763,1,0
666234,Mohamed Simakan,24/25,2025,1,0.5430313,1,0
1157429,Gu Costa,24/25,2025,1,0.5429898,1,0
186621,Vasilios Gavriilidis,24/25,2025,0,0.54297805,1,1
336731,Nacho Gil,24/25,2025,1,0.54294276,1,0
389578,Thomas Bolis,24/25,2025,0,0.54287153,1,1
287717,Emanuele Ndoj,24/25,2025,1,0.5428385,1,0
160671,Manu Molina,24/25,2025,1,0.5428124,1,0
182392,Pieros Sotiriou,24/25,2025,0,0.5425116,1,1
820240,Dominik Șoptirean,24/25,2025,1,0.54244673,1,0
215679,Georges-Kevin N'Koudou,24/25,2025,1,0.54244584,1,0
867909,Harry Vaughan,24/25,2025,0,0.54244363,1,1
555018,Lucas Araújo,24/25,2025,1,0.5423421,1,0
894668,Stefan Bukinac,24/25,2025,0,0.54233617,1,1
567148,Harry Stone,24/25,2025,0,0.5423039,1,1
789389,Ben Summers,24/25,2025,0,0.5422171,1,1
526026,Felix Holzhacker,24/25,2025,0,0.54203475,1,1
395070,Damiano Lia,24/25,2025,1,0.5420308,1,0
651735,Magnus Knudsen,24/25,2025,0,0.5419816,1,1
697144,Burak İnce,24/25,2025,1,0.5419629,1,0
937278,Filippo Turone,24/25,2025,0,0.5419088,1,1
375392,Paulo Moreira,24/25,2025,0,0.5415863,1,1
601113,Filip Ristanic,24/25,2025,0,0.54155064,1,1
504825,Gian Marco Crespi,24/25,2025,1,0.54153824,1,0
928612,Hamza el Dahri,24/25,2025,1,0.541515,1,0
864733,Léo Alaba,24/25,2025,0,0.5414619,1,1
450790,Benny,24/25,2025,0,0.5414001,1,1
541914,Anton Kovalev,24/25,2025,0,0.5413595,1,1
92693,Darío Benedetto,24/25,2025,1,0.5412725,1,0
394352,Massimo Bertagnoli,24/25,2025,1,0.5411982,1,0
459452,Riccardo Ladinetti,24/25,2025,0,0.54102415,1,1
415383,Hervé Koffi,24/25,2025,1,0.54082024,1,0
203125,Gregory Wüthrich,24/25,2025,1,0.54076535,1,0
343022,Terell Thomas,24/25,2025,0,0.54068327,1,1
113400,Aubrey David,24/25,2025,0,0.54064107,1,1
708534,Alejandro Jay,24/25,2025,1,0.5405397,1,0
97241,Victor Pálsson,24/25,2025,1,0.54042387,1,0
897853,Petar Marinov,24/25,2025,0,0.5404142,1,1
673511,Chiheb Labidi,24/25,2025,0,0.5403723,1,1
907588,Khalid Abu El Haija,24/25,2025,1,0.5403259,1,0
938388,Panagiotis Tsantilas,24/25,2025,0,0.54031205,1,1
929257,Joonas Frenzel,24/25,2025,0,0.5402431,1,1
355479,Ferdinando Del Sole,24/25,2025,1,0.54015434,1,0
170914,Thibaut Peyre,24/25,2025,1,0.5398567,1,0
113890,David Mitchell,24/25,2025,1,0.53948736,1,0
897423,David Odogu,24/25,2025,1,0.53938216,1,0
182185,Milan Rundic,24/25,2025,1,0.53937864,1,0
400485,Adam Ounas,24/25,2025,1,0.5390784,1,0
283196,Kasper Dolberg,24/25,2025,1,0.5389931,1,0
279909,Faisal Bangal,24/25,2025,0,0.53892076,1,1
74345,Dénes Szakály,24/25,2025,0,0.53888077,1,1
1077242,Aodhan Doherty,24/25,2025,0,0.53880715,1,1
1020652,Chico Gonçalves,24/25,2025,0,0.5387214,1,1
647548,Anthony Walker,24/25,2025,1,0.5385937,1,0
459649,Joseph Ekuban,24/25,2025,0,0.53851855,1,1
189100,Sasa Ivkovic,24/25,2025,0,0.5385179,1,1
356106,Diego Gregori,24/25,2025,0,0.5383392,1,1
637788,Gustavo Mendonça,24/25,2025,0,0.5383235,1,1
277646,Stanley Ratifo,24/25,2025,0,0.5382183,1,1
391344,Luis Lara,24/25,2025,1,0.5381845,1,0
352898,João Amaral,24/25,2025,1,0.5380579,1,0
123551,Sam Morsy,24/25,2025,1,0.53797257,1,0
94192,Patrick Drewes,24/25,2025,1,0.53794104,1,0
1035504,Nikolas Penev,24/25,2025,1,0.53786105,1,0
451889,Sho Yamamoto,24/25,2025,0,0.5378575,1,1
808320,Andreas Maarup,24/25,2025,1,0.5378499,1,0
421118,Cris Montes,24/25,2025,1,0.5377867,1,0
698741,Marcus Ifill,24/25,2025,0,0.537673,1,1
730581,Loïc Badé,24/25,2025,1,0.53738564,1,0
152975,Aleix Coch,24/25,2025,0,0.5373055,1,1
240237,Behar Ramadani,24/25,2025,0,0.53721493,1,1
569866,Roberto López,24/25,2025,0,0.53721327,1,1
634118,Ibaider Garriz,24/25,2025,1,0.5372111,1,0
488868,Nándor Kóródi,24/25,2025,0,0.5369198,1,1
936509,Daniel Tarko,24/25,2025,0,0.53686494,1,1
894162,Aron Gjergji,24/25,2025,0,0.53682077,1,1
505307,Ryan De Havilland,24/25,2025,0,0.53674424,1,1
131505,Rodrigo,24/25,2025,0,0.5367328,1,1
354507,Roberto Domínguez,24/25,2025,0,0.53663886,1,1
296281,Milan Vusurovic,24/25,2025,1,0.53663474,1,0
672202,Camilo,24/25,2025,0,0.5366021,1,1
924110,Efe Korkut,24/25,2025,0,0.53658533,1,1
242267,Saleh Al-Shehri,24/25,2025,0,0.5365446,1,1
401583,Julián Chicco,24/25,2025,1,0.53644377,1,0
136114,Simone Magnaghi,24/25,2025,1,0.53639185,1,0
336665,Sultan Al-Brake,24/25,2025,0,0.5363867,1,1
624751,Lyall Cameron,24/25,2025,1,0.5363272,1,0
1049862,Samuele Capolupo,24/25,2025,0,0.5362647,1,1
1047127,Luc Dabrowski,24/25,2025,1,0.53626,1,0
1077670,Axel Tape,24/25,2025,1,0.5362134,1,0
270187,Tomás Sánchez,24/25,2025,0,0.53619814,1,1
267152,Sebastian Musiolik,24/25,2025,1,0.5361841,1,0
718123,Samuel Nongoh,24/25,2025,0,0.5361619,1,1
1307419,Cristiano Novelli,24/25,2025,0,0.5359182,1,1
309414,Frederik Børsting,24/25,2025,1,0.53577995,1,0
646701,Prince Aning,24/25,2025,0,0.5356902,1,1
923759,Valentin Atangana,24/25,2025,1,0.5354039,1,0
1223892,Koke Mota,24/25,2025,0,0.53539485,1,1
399336,Vincenzo Garofalo,24/25,2025,1,0.53519255,1,0
75489,Niclas Füllkrug,24/25,2025,0,0.5351631,1,1
719646,Bernardo,24/25,2025,0,0.53511745,1,1
230902,Javi Barrio,24/25,2025,0,0.53508216,1,1
262613,Pelle van Amersfoort,24/25,2025,0,0.5350509,1,1
540887,Enrico Oviszach,24/25,2025,1,0.535023,1,0
429892,Davíd Ingvarsson,24/25,2025,0,0.53497857,1,1
501489,Zakaria Sawo,24/25,2025,0,0.5349734,1,1
163654,Kevin García,24/25,2025,0,0.5348844,1,1
471641,Ángelo Martino,24/25,2025,1,0.53487146,1,0
391797,Matteo Della Morte,24/25,2025,1,0.5348372,1,0
1014054,Andrea Melani,24/25,2025,1,0.53476804,1,0
177065,Florin Andone,24/25,2025,0,0.5347614,1,1
486597,Matías Nani,24/25,2025,1,0.5347005,1,0
379820,Francesco Mazzavillani,24/25,2025,0,0.5344572,1,1
508762,Darius Ghindovean,24/25,2025,1,0.534422,1,0
265592,Mitch Pinnock,24/25,2025,1,0.53441226,1,0
469762,Agustín Cardozo,24/25,2025,0,0.5342729,1,1
572299,Iago López,24/25,2025,1,0.53416246,1,0
818088,Leandro Godoy,24/25,2025,1,0.5341138,1,0
118317,Afonso Taira,24/25,2025,1,0.5340907,1,0
1048618,Philipp Maybach,24/25,2025,0,0.53407604,1,1
205533,Damien Dussaut,24/25,2025,1,0.53400296,1,0
1044395,Marten-Chris Paalberg,24/25,2025,0,0.5339731,1,1
281769,Mario Hermoso,24/25,2025,0,0.5339571,1,1
433091,Jalen Hawkins,24/25,2025,0,0.53394437,1,1
372711,Amine Harit,24/25,2025,1,0.5339145,1,0
593934,Nuno Rodrigues,24/25,2025,0,0.533884,1,1
355791,Fabrizio Brignani,24/25,2025,1,0.5338258,1,0
555118,Toño Calvo,24/25,2025,0,0.5338137,1,1
530881,Oludare Olufunwa,24/25,2025,0,0.53373516,1,1
436176,Takuto Yasuoka,24/25,2025,0,0.53372145,1,1
397099,Jordi Osei-Tutu,24/25,2025,0,0.5336514,1,1
395164,José Angulo,24/25,2025,1,0.5335156,1,0
273937,Avdo Spahic,24/25,2025,0,0.5334963,1,1
94603,Patrick Bauer,24/25,2025,1,0.5333722,1,0
855299,Ben Krauhaus,24/25,2025,1,0.53333944,1,0
135824,Ryan De Vries,24/25,2025,0,0.5333307,1,1
406054,Davide Marcandella,24/25,2025,0,0.53301984,1,1
668996,Joaquín Blázquez,24/25,2025,0,0.5329736,1,1
570553,Erik Shuranov,24/25,2025,1,0.5329602,1,0
528387,Dato Chertkoev,24/25,2025,0,0.53295594,1,1
1054332,Riccardo Bordoni,24/25,2025,1,0.5329121,1,0
387078,Andrea Boscolo Papo,24/25,2025,0,0.5327032,1,1
376252,Shane McLoughlin,24/25,2025,1,0.5326783,1,0
510330,Diego García,24/25,2025,0,0.53257805,1,1
934148,Gabriele Perricci,24/25,2025,1,0.53241986,1,0
340918,Caoimhín Kelleher,24/25,2025,1,0.5323782,1,0
604008,Emam Ashour,24/25,2025,0,0.53232354,1,1
278332,Florian Neuhaus,24/25,2025,0,0.53226566,1,1
534244,Adama Diarrassouba,24/25,2025,0,0.5322486,1,1
502475,Samuele Vitale,24/25,2025,1,0.5322305,1,0
63491,Andreas Vasilogiannis,24/25,2025,0,0.5320992,1,1
607228,Félix Nzouango,24/25,2025,1,0.5320497,1,0
928621,Franco González,24/25,2025,1,0.53177905,1,0
746695,Kamaldeen Sulemana,24/25,2025,1,0.5317666,1,0
291739,Milot Rashica,24/25,2025,0,0.53166884,1,1
458499,Vasilios Tsimopoulos,24/25,2025,0,0.53161603,1,1
315871,Federico Valietti,24/25,2025,1,0.531296,1,0
536511,Gobé Gouano,24/25,2025,1,0.5310669,1,0
500624,Filippo Vandelli,24/25,2025,1,0.5310005,1,0
384060,Tino Kadewere,24/25,2025,1,0.53070897,1,0
1048417,Lukas Novotny,24/25,2025,0,0.5306731,1,1
196147,Kenny-Prince Redondo,24/25,2025,0,0.5305785,1,1
853299,Rafa Llorente,24/25,2025,0,0.5303056,1,1
455830,Andrea Anselmo,24/25,2025,0,0.5301143,1,1
504198,Connor Parsons,24/25,2025,0,0.529904,1,1
74297,Gaël Kakuta,24/25,2025,0,0.52987,1,1
322765,Nathan Gartside,24/25,2025,1,0.52982146,1,0
379875,Leandro Antunes,24/25,2025,0,0.52971035,1,1
667925,Sebastian Revan,24/25,2025,1,0.5295012,1,0
324512,Giannis Varkas,24/25,2025,0,0.52945787,1,1
124884,Marco Bizot,24/25,2025,1,0.52932584,1,0
932733,Leonardo Baroncelli,24/25,2025,1,0.5292558,1,0
192855,Mehdi Khalil,24/25,2025,0,0.5289345,1,1
897668,Giacomo Gabbiani,24/25,2025,1,0.5287083,1,0
448883,Kristers Tobers,24/25,2025,0,0.52869815,1,1
899542,Lorenzo Romani,24/25,2025,1,0.5285563,1,0
363223,Jack Hendry,24/25,2025,0,0.5283358,1,1
1066823,Konstantinos Roumeliotis,24/25,2025,0,0.5282705,1,1
339982,Bright Gyamfi,24/25,2025,1,0.5282467,1,0
927269,Teodor Ivanov,24/25,2025,1,0.52824026,1,0
624905,Ramón Vila,24/25,2025,1,0.5282095,1,0
685657,Silas Andersen,24/25,2025,0,0.5281224,1,1
1065454,Unai Santos,24/25,2025,0,0.52799505,1,1
540059,Andreas Athanasakopoulos,24/25,2025,1,0.5279578,1,0
1050650,Adam Mayor,24/25,2025,1,0.52791846,1,0
379168,Noah Fadiga,24/25,2025,1,0.5278178,1,0
1129198,Eivind Helland,24/25,2025,0,0.5277184,1,1
875328,Biel,24/25,2025,1,0.52758545,1,0
292032,Pelle Hoppe,24/25,2025,1,0.5274032,1,0
410222,Ousseynou Thioune,24/25,2025,1,0.5273972,1,0
395291,Patrick Kurzen,24/25,2025,1,0.527256,1,0
664808,August Priske,24/25,2025,0,0.5271373,1,1
631349,Shakhboz Umarov,24/25,2025,1,0.527078,1,0
625884,Julio Martínez,24/25,2025,0,0.5268792,1,1
937042,Darius Fălcușan,24/25,2025,1,0.52662456,1,0
290273,Álvaro Tejero,24/25,2025,1,0.52651465,1,0
875334,Semih Kılıçsoy,24/25,2025,1,0.5265137,1,0
356396,Joe Wright,24/25,2025,1,0.5263325,1,0
181612,Tomas Huk,24/25,2025,1,0.52621907,1,0
745299,Tom Kerssens,24/25,2025,1,0.52613145,1,0
256120,Wilfrid Kaptoum,24/25,2025,1,0.5260607,1,0
129129,João Pedro,24/25,2025,1,0.5259077,1,0
387378,Luther Singh,24/25,2025,0,0.52588606,1,1
361124,Joey Jacobs,24/25,2025,0,0.5257708,1,1
1071651,Ousmane Sow,24/25,2025,0,0.5255803,1,1
842910,Ayrton Costa,24/25,2025,0,0.5254231,1,1
273438,Danilo Barbosa,24/25,2025,1,0.52534676,1,0
234761,Danny Bejarano,24/25,2025,1,0.52503175,1,0
618808,Diego Espejo,24/25,2025,0,0.525017,1,1
406008,Yan Valery,24/25,2025,0,0.52485937,1,1
856532,Kai McLean,24/25,2025,0,0.5247843,1,1
951316,Iker Balda,24/25,2025,1,0.52460414,1,0
1056171,Alessandro Bassino,24/25,2025,0,0.52456266,1,1
962174,Jacopo Lanzi,24/25,2025,0,0.5245056,1,1
459652,Filippo Austoni,24/25,2025,0,0.52444255,1,1
355273,Ben Kennedy,24/25,2025,0,0.5242786,1,1
884809,Luke Rahmann,24/25,2025,1,0.52425826,1,0
1040792,Muhammad Huzaifa,24/25,2025,0,0.5239971,1,1
1179482,Iker Luque,24/25,2025,0,0.5239682,1,1
736048,Arsen Lleshi,24/25,2025,0,0.5239632,1,1
1059719,Filippo Galafassi,24/25,2025,0,0.5236827,1,1
540876,Promise Omochere,24/25,2025,0,0.5236805,1,1
682103,Adrián Lledó,24/25,2025,1,0.5236025,1,0
740498,Pastor,24/25,2025,1,0.5235981,1,0
431185,Giannis Gerolemou,24/25,2025,1,0.52357334,1,0
255361,Nikita Kaplenko,24/25,2025,1,0.5235255,1,0
1076170,Denis Kala,24/25,2025,0,0.5234987,1,1
1009332,Kemal Çırpan,24/25,2025,1,0.5233438,1,0
1004062,Frederik Emmery,24/25,2025,0,0.5232329,1,1
504215,Giovanni Reyna,24/25,2025,1,0.52294195,1,0
280700,Yohan Boli,24/25,2025,1,0.5229203,1,0
121032,Aaron Taylor-Sinclair,24/25,2025,0,0.522845,1,1
578916,Ognjen Gasevic,24/25,2025,1,0.5227951,1,0
932740,Jonas Harder,24/25,2025,1,0.5227343,1,0
60541,Guillaume Gigliotti,24/25,2025,1,0.5226696,1,0
908857,Ágúst Orri Thorsteinsson,24/25,2025,0,0.5224242,1,1
1306916,Luca Maffei,24/25,2025,1,0.52241397,1,0
633093,Eneko Aguilar,24/25,2025,1,0.5224064,1,0
682351,Arthur Györgyi,24/25,2025,1,0.5222861,1,0
228405,Serhat Kot,24/25,2025,1,0.52220535,1,0
1001546,Jerome Kortebusch,24/25,2025,1,0.52209276,1,0
614797,Abdoulaye Sall,24/25,2025,0,0.5220109,1,1
701819,Daniele Ghilardi,24/25,2025,1,0.5219472,1,0
509247,Euan Henderson,24/25,2025,1,0.5217843,1,0
284177,Tim Handwerker,24/25,2025,1,0.52172315,1,0
147993,Florin Bejan,24/25,2025,0,0.5216949,1,1
922772,Charalampos Kallanxhi,24/25,2025,0,0.5215802,1,1
71019,Bartosz Salamon,24/25,2025,1,0.52149063,1,0
604864,Dimitrios Theodoridis,24/25,2025,1,0.52143294,1,0
664875,Rilind Kabashi,24/25,2025,1,0.521378,1,0
282921,Daniele Casella,24/25,2025,1,0.52130485,1,0
275020,Héber Pena,24/25,2025,1,0.5211527,1,0
585868,Vladislav Naydenov,24/25,2025,0,0.5211045,1,1
583058,Alvyn Sanches,24/25,2025,1,0.5210959,1,0
945759,Fran Tafalla,24/25,2025,1,0.5208081,1,0
420921,Vasilios Chatziemmanouil,24/25,2025,1,0.52065766,1,0
411410,Kaloyan Krastev,24/25,2025,1,0.5206273,1,0
395522,Samuel Essende,24/25,2025,0,0.52060723,1,1
90800,Diego Rodríguez,24/25,2025,0,0.52040005,1,1
282410,José Carlos Lazo,24/25,2025,0,0.5203498,1,1
511023,Dani Gallardo,24/25,2025,0,0.52033335,1,1
417515,Mbaye Seck,24/25,2025,0,0.5200973,1,1
396307,Danilo Quaranta,24/25,2025,1,0.52000487,1,0
1030197,Joel Skowronek,24/25,2025,1,0.51992786,1,0
562530,Iker San Vicente,24/25,2025,0,0.519821,1,1
927267,Nicolò Amadori,24/25,2025,1,0.51968455,1,0
288340,Phillip Tietz,24/25,2025,0,0.51946133,1,1
549582,Chris Conn-Clarke,24/25,2025,0,0.5193934,1,1
481367,Miguel Merentiel,24/25,2025,0,0.5193324,1,1
399473,Luke Thomas,24/25,2025,0,0.51929444,1,1
106641,Kane Hemmings,24/25,2025,1,0.5191036,1,0
1060382,Daniele Kola,24/25,2025,1,0.5185697,1,0
509234,Mattéo Ahlinvi,24/25,2025,0,0.51846254,1,1
353609,Titas Krapikas,24/25,2025,1,0.518103,1,0
456877,Rekeem Harper,24/25,2025,1,0.5180594,1,0
504855,John McAtee,24/25,2025,0,0.5179532,1,1
704846,Mattia La Marca,24/25,2025,1,0.51780695,1,0
339328,Owen Wijndal,24/25,2025,0,0.5177437,1,1
982832,Adri Heredia,24/25,2025,1,0.51773936,1,0
342046,Axel Tuanzebe,24/25,2025,1,0.5177295,1,0
353147,Dennis Adeniran,24/25,2025,1,0.51772344,1,0
1102070,Kiani Inge,24/25,2025,1,0.51728696,1,0
820694,Jacopo Atzeni,24/25,2025,1,0.5172813,1,0
630108,David Petrovic,24/25,2025,0,0.51724213,1,1
234249,Federico Andrada,24/25,2025,1,0.51722467,1,0
203510,Yuriy Kovalev,24/25,2025,0,0.5170751,1,1
166680,Pol Roigé,24/25,2025,1,0.51706374,1,0
1057584,Jason Anastasini,24/25,2025,0,0.51700383,1,1
333856,Felix Schmiederer,24/25,2025,0,0.5169923,1,1
74960,Martin Dúbravka,24/25,2025,1,0.51667094,1,0
944331,Youssoupha Niang,24/25,2025,0,0.5166631,1,1
572874,Dimitrios Tatsis,24/25,2025,0,0.516546,1,1
173146,Gurpreet Singh Sandhu,24/25,2025,0,0.51648325,1,1
262097,Birsent Karagaren,24/25,2025,1,0.51643914,1,0
701036,Gianluca Parodi,24/25,2025,1,0.5163499,1,0
690479,Stefan Vukic,24/25,2025,1,0.51614445,1,0
166317,Milan Lutonsky,24/25,2025,0,0.5161421,1,1
481344,Alessandro Russo,24/25,2025,1,0.516002,1,0
286037,Dusan Stevanovic,24/25,2025,1,0.51599187,1,0
392281,Matteo Di Giovanni,24/25,2025,0,0.5158785,1,1
690852,Kristóf Sármány,24/25,2025,0,0.5158608,1,1
692771,Byron Burgering,24/25,2025,1,0.5158236,1,0
318508,Olivier Boscagli,24/25,2025,1,0.51580137,1,0
818376,Federico Ruggeri,24/25,2025,0,0.51577866,1,1
936027,Alessandro Pavanati,24/25,2025,0,0.51577556,1,1
253734,Ismael Silva,24/25,2025,0,0.5157202,1,1
212912,Nader Matar,24/25,2025,0,0.51567847,1,1
332250,Nicolás Oroz,24/25,2025,0,0.5156163,1,1
599331,Andrés Sánchez,24/25,2025,0,0.5155734,1,1
686339,Daniil Polyanskiy,24/25,2025,1,0.5155629,1,0
856423,João Costa,24/25,2025,0,0.51554,1,1
417972,Kei Hirose,24/25,2025,0,0.5155345,1,1
203123,Haris Tabakovic,24/25,2025,1,0.51551616,1,0
196446,Liam Dick,24/25,2025,1,0.51528955,1,0
813856,Bence Ominger,24/25,2025,0,0.5152167,1,1
338070,Konstantinos Tsimikas,24/25,2025,1,0.5152013,1,0
668276,Hugo Novoa,24/25,2025,1,0.51500136,1,0
901019,Neil El Aynaoui,24/25,2025,1,0.51498973,1,0
935019,Danylo Krevsun,24/25,2025,0,0.51496065,1,1
463605,Bafodé Diakité,24/25,2025,1,0.51480407,1,0
1103652,Marius Louër,24/25,2025,0,0.51464283,1,1
250826,Saeed Al-Mowalad,24/25,2025,0,0.5145905,1,1
58884,Nacho Fernández,24/25,2025,0,0.51458406,1,1
436585,Delano Burgzorg,24/25,2025,0,0.5145309,1,1
724103,Michele Casali,24/25,2025,1,0.51451427,1,0
522664,Diego Ruiz,24/25,2025,1,0.51445067,1,0
315125,Javairô Dilrosun,24/25,2025,1,0.5144192,1,0
731214,Diego Nieves,24/25,2025,0,0.5144165,1,1
656179,Gustav Højbjerg,24/25,2025,0,0.51436365,1,1
705341,Silvio Brustolin,24/25,2025,0,0.5143578,1,1
1192068,Tommaso Nucifero,24/25,2025,1,0.5142879,1,0
218140,George Honeyman,24/25,2025,1,0.514229,1,0
1218115,Oumar Conté,24/25,2025,1,0.5141712,1,0
337922,Esteban Burgos,24/25,2025,0,0.5141238,1,1
1159662,Ellis Williams,24/25,2025,0,0.5140732,1,1
1046692,Ólafur Hjaltason,24/25,2025,0,0.51406103,1,1
979625,Paulo Vitor,24/25,2025,1,0.5140357,1,0
696883,Juan Brunet,24/25,2025,1,0.5139818,1,0
884820,Almugera Kabar,24/25,2025,0,0.5138037,1,1
189483,Issouf Paro,24/25,2025,0,0.51370317,1,1
608534,Edward Bolaños,24/25,2025,0,0.5134921,1,1
504518,Kofi Balmer,24/25,2025,0,0.5134587,1,1
374281,Christian Bassogog,24/25,2025,0,0.5134095,1,1
441626,Alex Pla,24/25,2025,0,0.5133934,1,1
877215,David Toure,24/25,2025,1,0.5133343,1,0
286044,Marco Weymans,24/25,2025,0,0.5132913,1,1
232296,Ramon Machado,24/25,2025,0,0.5131773,1,1
274828,Milan Kocic,24/25,2025,0,0.51284945,1,1
295331,Isaac Success,24/25,2025,0,0.5127225,1,1
405670,Yannik Engelhardt,24/25,2025,1,0.51270545,1,0
472246,Mika Schroers,24/25,2025,1,0.51267934,1,0
182875,Jean-Charles Castelletto,24/25,2025,1,0.51240176,1,0
121257,Adam Forshaw,24/25,2025,0,0.51239955,1,1
589374,Milson,24/25,2025,0,0.51237893,1,1
1110073,Nilas Yacobi,24/25,2025,1,0.51233214,1,0
342148,Zé Gomes,24/25,2025,0,0.51227945,1,1
909737,Matías Galarza,24/25,2025,0,0.5122233,1,1
1112392,David Hoxha,24/25,2025,0,0.5122057,1,1
84711,João Aurélio,24/25,2025,0,0.511943,1,1
232418,Ondrej Duda,24/25,2025,1,0.51187813,1,0
1075584,Luan Gadegbeku,24/25,2025,0,0.5117793,1,1
457221,Lucas Robertone,24/25,2025,0,0.5117458,1,1
959106,Weslley Patati,24/25,2025,1,0.5116597,1,0
511883,Andronikos Kakoullis,24/25,2025,1,0.5115861,1,0
214770,Borja López,24/25,2025,1,0.51156074,1,0
287871,Fabrizio Alastra,24/25,2025,0,0.5115028,1,1
433976,Tudor Băluță,24/25,2025,1,0.5114928,1,0
646669,Jamal Gonzaga,24/25,2025,1,0.5114097,1,0
152419,David Gold,24/25,2025,0,0.5113087,1,1
102132,Nicklas Helenius,24/25,2025,0,0.5110242,1,1
542511,Paul Ngongo,24/25,2025,0,0.5108682,1,1
502435,Federico Cardella,24/25,2025,0,0.5107563,1,1
613129,Christian Aucelli,24/25,2025,0,0.5107302,1,1
692128,Davide Ferri,24/25,2025,0,0.5104705,1,1
388888,Samu Casado,24/25,2025,1,0.510385,1,0
658674,Luan Patrick,24/25,2025,1,0.5103169,1,0
278586,Francesco Forte,24/25,2025,0,0.5101271,1,1
210711,Julián Montenegro,24/25,2025,0,0.51012677,1,1
945498,Elías Benali,24/25,2025,0,0.510125,1,1
388042,Karlo Muhar,24/25,2025,1,0.51011705,1,0
345890,Ruben Hoogenhout,24/25,2025,1,0.50997025,1,0
973575,Guilherme Zimovski,24/25,2025,0,0.5099284,1,1
634125,Xabi Huarte,24/25,2025,1,0.50991076,1,0
827950,Ousmane Camara,24/25,2025,0,0.5098877,1,1
1061040,Devran Bozardiç,24/25,2025,1,0.50987744,1,0
454238,Tomás Alarcón,24/25,2025,0,0.5098517,1,1
251303,Johannes Eggestein,24/25,2025,1,0.5098056,1,0
166326,Peter Leeuwenburgh,24/25,2025,0,0.5097198,1,1
1123842,Alexander Zenti,24/25,2025,1,0.5096732,1,0
420807,Simranjit Thandi,24/25,2025,1,0.5096055,1,0
666551,Maestro,24/25,2025,1,0.5094354,1,0
53077,Alberto Botía,24/25,2025,0,0.5094,1,1
631002,Raúl García,24/25,2025,0,0.509291,1,1
193777,Charlie Raglan,24/25,2025,1,0.50920856,1,0
280044,Luca Zanon,24/25,2025,1,0.5091582,1,0
221312,Jordan Sánchez,24/25,2025,0,0.5090102,1,1
625838,David Harrington,24/25,2025,0,0.5088697,1,1
476353,Thalis,24/25,2025,0,0.5086762,1,1
663128,Luka Damjanovic,24/25,2025,1,0.50843936,1,0
391346,Julio Gracia,24/25,2025,0,0.50836533,1,1
97567,Roman Bezus,24/25,2025,1,0.508152,1,0
836547,Serginho,24/25,2025,0,0.5081295,1,1
259930,Gabriel Fernández,24/25,2025,0,0.5080079,1,1
861221,Ebenezer Annan,24/25,2025,1,0.5078302,1,0
646208,Will Swan,24/25,2025,1,0.50781226,1,0
426426,Josh Gordon,24/25,2025,1,0.50774723,1,0
472909,Ivan Bulatovic,24/25,2025,0,0.507741,1,1
390304,Federico Ravaglia,24/25,2025,0,0.50772566,1,1
511128,Kellian van der Kaap,24/25,2025,1,0.50771797,1,0
674921,Nikola Soldo,24/25,2025,1,0.5077163,1,0
419936,Jesús Ramírez,24/25,2025,1,0.5076984,1,0
243606,Anastasios Donis,24/25,2025,1,0.5076541,1,0
410436,Bailey Peacock-Farrell,24/25,2025,1,0.5075584,1,0
396328,Luis Perea,24/25,2025,1,0.5075395,1,0
507115,Lachlan Brook,24/25,2025,1,0.5072964,1,0
833093,Asparuh Smilkov,24/25,2025,0,0.5071953,1,1
222332,Lasha Dvali,24/25,2025,1,0.5071422,1,0
467151,Mahmoud Jaber,24/25,2025,1,0.50711083,1,0
21286,Ousmane Pato,24/25,2025,1,0.50699043,1,0
459988,Gennaro Borrelli,24/25,2025,1,0.5068456,1,0
71570,Iago Herrerín,24/25,2025,1,0.5068179,1,0
395714,Alex Rolfini,24/25,2025,1,0.5068163,1,0
1193047,Zsombor Szilágyi,24/25,2025,1,0.50679797,1,0
1115586,Vaclav Zahradnicek,24/25,2025,0,0.5065074,1,1
484215,Toby Sibbick,24/25,2025,1,0.5064063,1,0
311696,Kuki Zalazar,24/25,2025,0,0.5063226,1,1
1077175,Honest Ahanor,24/25,2025,1,0.5062975,1,0
553772,Oleksandr Romanchuk,24/25,2025,1,0.5062973,1,0
482204,Callan Elliot,24/25,2025,0,0.5062193,1,1
49499,Georginio Wijnaldum,24/25,2025,0,0.50614256,1,1
1053246,Chidera Okoh,24/25,2025,0,0.50607526,1,1
577486,Gastón Álvarez,24/25,2025,0,0.5060525,1,1
623568,Tilemachos Karampas,24/25,2025,0,0.5058368,1,1
386148,Joe Quigley,24/25,2025,1,0.5057395,1,0
689639,Javi Villar,24/25,2025,0,0.5054792,1,1
672535,Carmine Cretella,24/25,2025,1,0.50541896,1,0
561027,Youssef Ayman,24/25,2025,0,0.5053042,1,1
573133,Charlie McCann,24/25,2025,1,0.5052675,1,0
961297,Rodrigo Mendoza,24/25,2025,0,0.5051895,1,1
801427,Marlee Francois,24/25,2025,0,0.50506335,1,1
199179,Nikolaos Melissas,24/25,2025,1,0.50505275,1,0
170895,Garry Rodrigues,24/25,2025,1,0.505015,1,0
256866,Carlos Salcedo,24/25,2025,0,0.50492305,1,1
919831,Daniel Nikolov,24/25,2025,1,0.50484025,1,0
897023,Joel Thompson,24/25,2025,1,0.5046871,1,0
829279,Kimi Merk,24/25,2025,1,0.50463307,1,0
313830,Pablo Galdames,24/25,2025,0,0.50446385,1,1
470393,Twan van der Zeeuw,24/25,2025,0,0.50438887,1,1
984136,Callum Stead,24/25,2025,0,0.5043783,1,1
1056224,Dimitri Valkanis,24/25,2025,1,0.50433695,1,0
629531,Artem Bilyi,24/25,2025,1,0.50411975,1,0
330179,Gianluca Esposito,24/25,2025,0,0.5038731,1,1
448264,Afonso Freitas,24/25,2025,0,0.5037892,1,1
188180,Benjamin Verbic,24/25,2025,0,0.50374645,1,1
392375,Jake Hastie,24/25,2025,0,0.50339043,1,1
110931,Marco Fossati,24/25,2025,1,0.5033594,1,0
1049834,Stephen Nenè,24/25,2025,1,0.5033403,1,0
211107,João Afonso,24/25,2025,0,0.5032531,1,1
714144,Radek Lehovec,24/25,2025,0,0.5030672,1,1
932479,Jakob Sieve,24/25,2025,0,0.50300103,1,1
538168,Soumaila Ouattara,24/25,2025,1,0.5029485,1,0
569579,Alessandro Tozzuolo,24/25,2025,1,0.5029082,1,0
539807,Christian Marques,24/25,2025,1,0.5028891,1,0
557939,Neto Borges,24/25,2025,1,0.50282496,1,0
124260,Julián Velázquez,24/25,2025,1,0.5027955,1,0
68033,Steven Zuber,24/25,2025,0,0.5026495,1,1
500191,Pepe Sánchez,24/25,2025,0,0.5025537,1,1
310645,Taher Mohamed,24/25,2025,0,0.5025155,1,1
404383,Pedro Marques,24/25,2025,0,0.50250554,1,1
66106,Sergio Canales,24/25,2025,0,0.5024977,1,1
627213,Gabriel Pereira,24/25,2025,0,0.5023448,1,1
999365,Mattia Piermarini,24/25,2025,1,0.5020506,1,0
1180811,Adam Baallal,24/25,2025,0,0.5020186,1,1
350347,Michael Woud,24/25,2025,0,0.5019618,1,1
357987,Leonardo Stanzani,24/25,2025,0,0.50191563,1,1
199169,Umberto Germano,24/25,2025,1,0.50177735,1,0
117720,Nils Winter,24/25,2025,0,0.50163084,1,1
1082269,Josh Gentles,24/25,2025,1,0.5015799,1,0
711628,Pablo Pérez,24/25,2025,1,0.501558,1,0
85148,Julian Draxler,24/25,2025,0,0.501434,1,1
392767,Danny Namaso,24/25,2025,1,0.5013448,1,0
297649,Leonardo Rivoira,24/25,2025,0,0.5012569,1,1
441383,Alex Petkov,24/25,2025,1,0.5010855,1,0
630752,Óli Valur Ómarsson,24/25,2025,0,0.50103325,1,1
684116,Silas Ostrzinski,24/25,2025,0,0.5009688,1,1
863831,Lamarana Jallow,24/25,2025,0,0.50094724,1,1
1267574,Cristian Audisio,24/25,2025,0,0.50082284,1,1
495033,Nathan Bishop,24/25,2025,1,0.5006331,1,0
278761,Kürsad Sürmeli,24/25,2025,1,0.5004004,1,0
963139,Francisco Perruzzi,24/25,2025,0,0.50030595,1,1
1164001,Andrea Di Vincenzo,24/25,2025,1,0.50030255,1,0
864769,Brandon Bokangu,24/25,2025,0,0.5002617,1,1
830841,Leonel Bucca,24/25,2025,1,0.5001204,1,0
1073078,Fernando Mimbacas,24/25,2025,1,0.50010103,1,0
738119,Antonino Viola,24/25,2025,0,0.5000698,1,1
671549,Enes Osmani,24/25,2025,0,0.49984306,0,0
73932,Alessio Luciani,24/25,2025,1,0.49966514,0,1
793243,Tim Hartzell,24/25,2025,0,0.49952587,0,0
197860,Pedro Rebocho,24/25,2025,0,0.49943575,0,0
64134,Néstor Araújo,24/25,2025,0,0.49942666,0,0
785266,Joserra de Diego,24/25,2025,0,0.49938414,0,0
1131037,Samuel Konney,24/25,2025,1,0.49935126,0,1
818227,Alberto Leone,24/25,2025,1,0.49930444,0,1
425733,Nikola Stevanovic,24/25,2025,1,0.4992885,0,1
946394,Mark Mokin,24/25,2025,1,0.49919474,0,1
52570,Fraser Forster,24/25,2025,1,0.4991758,0,1
130357,Andrea Schenetti,24/25,2025,1,0.49890703,0,1
190687,Joshua Smits,24/25,2025,1,0.4988714,0,1
715140,Emerson Rodríguez,24/25,2025,0,0.4987105,0,0
993687,Lorenzo Biliboc,24/25,2025,1,0.49863824,0,1
610417,Andrew,24/25,2025,0,0.49858233,0,0
292740,Latyr Fall,24/25,2025,1,0.49855056,0,1
479718,Guillermo May,24/25,2025,0,0.49837625,0,0
1333057,Ettore Sani,24/25,2025,1,0.49837548,0,1
284724,Nehuén Paz,24/25,2025,1,0.4982387,0,1
689891,Romoney Crichlow,24/25,2025,1,0.49815267,0,1
1035852,Magnus Baars,24/25,2025,1,0.49805737,0,1
364635,Francesco Mele,24/25,2025,1,0.49803033,0,1
262365,Antonio Puertas,24/25,2025,1,0.49789894,0,1
190804,Uros Djurdjevic,24/25,2025,0,0.49778244,0,0
329135,Petar Lela,24/25,2025,1,0.49775746,0,1
1003451,Breno,24/25,2025,1,0.4976909,0,1
708193,Rok Bržan,24/25,2025,1,0.49737415,0,1
928056,Jacopo Tarantino,24/25,2025,1,0.49731737,0,1
366278,Rodrigo Pinho,24/25,2025,0,0.49728528,0,0
295868,Dragoș Nedelcu,24/25,2025,1,0.4972655,0,1
168989,Silvan Widmer,24/25,2025,0,0.4971674,0,0
743387,Stanis Idumbo,24/25,2025,1,0.49688956,0,1
1042811,Lorenzo De Leo,24/25,2025,0,0.49682665,0,0
171078,Kevin Holt,24/25,2025,1,0.49681652,0,1
550934,Amador Zarco,24/25,2025,0,0.49676082,0,0
572798,Jakub Matousek,24/25,2025,0,0.49666744,0,0
504530,Pier Luigi Simonetti,24/25,2025,0,0.49662665,0,0
1052377,Juraj Badelj,24/25,2025,0,0.4966069,0,0
490763,Kalvin Ketu,24/25,2025,0,0.49652165,0,0
347958,Gaétan Weissbeck,24/25,2025,0,0.4963006,0,0
322754,Joe Crowe,24/25,2025,0,0.49623674,0,0
422203,Umut Güneş,24/25,2025,0,0.49623016,0,0
498234,Tomás Domingos,24/25,2025,1,0.4962102,0,1
135853,Manuel Lanzini,24/25,2025,1,0.4961928,0,1
936753,Pietro Comi,24/25,2025,0,0.49608564,0,0
313691,Brayan Riascos,24/25,2025,0,0.49608526,0,0
808509,Danilo,24/25,2025,1,0.49585077,0,1
1162160,Maher Carrizo,24/25,2025,0,0.49585012,0,0
283528,Ignacio Pussetto,24/25,2025,1,0.49577177,0,1
895331,Dani Pérez,24/25,2025,0,0.49570924,0,0
809167,Ciaran Gilligan,24/25,2025,0,0.49567303,0,0
217273,Irfan Sahman,24/25,2025,0,0.49548492,0,0
110934,Simone Sini,24/25,2025,0,0.49535686,0,0
986258,Siaka Bakayoko,24/25,2025,0,0.4950979,0,0
124548,Bebeto,24/25,2025,0,0.4950043,0,0
1089326,Yuriy Bakalyar,24/25,2025,0,0.49495217,0,0
700992,Giacomo Ruggeri,24/25,2025,1,0.49482068,0,1
281404,Kenedy,24/25,2025,1,0.49464422,0,1
1103456,Marcell Nemes,24/25,2025,0,0.49459884,0,0
1146759,Nick Doktorczyk,24/25,2025,0,0.4945291,0,0
601235,Viktor Haragos,24/25,2025,0,0.494519,0,0
1153574,Viktorio Valkov,24/25,2025,0,0.49451807,0,0
563614,Tidiane Keita,24/25,2025,1,0.49439734,0,1
642967,Brayan Vera,24/25,2025,0,0.4943492,0,0
671108,Kota Takai,24/25,2025,1,0.49430516,0,1
315110,Karl Toko Ekambi,24/25,2025,1,0.49427432,0,1
392964,Emmanuel Latte Lath,24/25,2025,0,0.4942678,0,0
463776,Antonio Granata,24/25,2025,1,0.4942559,0,1
611198,Álex Blesa,24/25,2025,1,0.49414432,0,1
1058394,Pietro Parmiggiani,24/25,2025,1,0.49397486,0,1
335100,Sam Schreck,24/25,2025,0,0.49380434,0,0
280278,Petar Vitanov,24/25,2025,0,0.493668,0,0
290733,Gian Filippo Felicioli,24/25,2025,0,0.49365154,0,0
881260,Jassem Koleilat,24/25,2025,0,0.4934415,0,0
71918,David Ferreiro,24/25,2025,0,0.49327564,0,0
713907,Iván Rubio,24/25,2025,0,0.49327186,0,0
288067,Mats Köhlert,24/25,2025,1,0.4931119,0,1
1127727,Simone Pirani,24/25,2025,1,0.4930576,0,1
118071,Shane McEleney,24/25,2025,0,0.49300963,0,0
275678,Masies Artien,24/25,2025,1,0.49297428,0,1
970683,Piotr Pardel,24/25,2025,0,0.49295795,0,0
618805,Iker Bachiller,24/25,2025,1,0.4927167,0,1
40792,Manuel Riemann,24/25,2025,1,0.49271253,0,1
727129,Ayoub Assal,24/25,2025,0,0.4926941,0,0
1075582,Jules Stawiecki,24/25,2025,0,0.49257684,0,0
129579,Glenn Claes,24/25,2025,1,0.49243104,0,1
796739,Júnior Almeida,24/25,2025,0,0.49218395,0,0
713638,Neskes,24/25,2025,0,0.49210444,0,0
932741,Mattia Ievoli,24/25,2025,1,0.49210218,0,1
379821,Christian Tommasini,24/25,2025,0,0.4919626,0,0
312317,Logan Rogerson,24/25,2025,0,0.49169466,0,0
379980,Meritan Shabani,24/25,2025,1,0.4916103,0,1
421870,Michael Ntube,24/25,2025,0,0.49158517,0,0
121337,Patrick McEleney,24/25,2025,0,0.49156824,0,0
646750,Cristhian Mosquera,24/25,2025,1,0.49150148,0,1
457090,Stan van Dijck,24/25,2025,1,0.49147215,0,1
287564,Giorgio Tumbarello,24/25,2025,1,0.4912511,0,1
927953,Bradley Mayo,24/25,2025,0,0.49117932,0,0
1001156,Viktor Tatar,24/25,2025,0,0.49108616,0,0
1306762,Miguel Ángel Álvarez Ortiz,24/25,2025,1,0.49097922,0,1
373381,Pasquale Giannotti,24/25,2025,0,0.49096206,0,0
448468,Jefferson Encada,24/25,2025,1,0.49086338,0,1
264913,Adam Mitchell,24/25,2025,0,0.49084127,0,0
689632,Guillem Rodríguez,24/25,2025,0,0.4908218,0,0
418173,Djihad Bizimana,24/25,2025,0,0.49076277,0,0
357858,Marc Tsoungui,24/25,2025,1,0.49072596,0,1
491705,Facundo Colidio,24/25,2025,0,0.49059045,0,0
467437,Malik Tillman,24/25,2025,1,0.49054322,0,1
584254,Maximilian Breunig,24/25,2025,1,0.4905006,0,1
124187,Philipp Kühn,24/25,2025,0,0.49043503,0,0
930152,Enrico Casarotti,24/25,2025,1,0.49038383,0,1
1321718,João Gastão,24/25,2025,1,0.4903639,0,1
710292,Ibrahima,24/25,2025,0,0.49034005,0,0
218431,Amir Abedzadeh,24/25,2025,0,0.49023,0,0
77363,Jovan Nikolic,24/25,2025,0,0.49005726,0,0
1015874,Kjartan Már Kjartansson,24/25,2025,1,0.49005347,0,1
162961,Valerio Verre,24/25,2025,0,0.48998478,0,0
496062,Víctor Griffith,24/25,2025,0,0.48993248,0,0
1059814,Kelliano,24/25,2025,1,0.48967326,0,1
524428,Nicolas Galazzi,24/25,2025,1,0.4895643,0,1
614480,Luca Zanetti,24/25,2025,0,0.48938644,0,0
910867,Wiktor Matyjewicz,24/25,2025,0,0.48915768,0,0
444445,Tommaso Degl'Innocenti,24/25,2025,0,0.48909253,0,0
396276,Francesco Rizzo,24/25,2025,1,0.48906562,0,1
547754,Ianis Stoica,24/25,2025,1,0.48906198,0,1
406699,Mosawer Ahadi,24/25,2025,1,0.48888525,0,1
1177190,Ye-chan Lee,24/25,2025,0,0.4886958,0,0
694236,Craig Ross,24/25,2025,1,0.48862725,0,1
226219,Sean Raggett,24/25,2025,0,0.4884149,0,0
777150,Zakaria Fdaouch,24/25,2025,0,0.48840773,0,0
129374,Marc Martínez,24/25,2025,1,0.4884066,0,1
345742,Alessandro Quaini,24/25,2025,0,0.48834804,0,0
245070,Alen Ozbolt,24/25,2025,0,0.4882681,0,0
610400,William Bøving,24/25,2025,1,0.48820195,0,1
711352,Francesco Zallu,24/25,2025,0,0.48805413,0,0
336041,Victor Mena,24/25,2025,1,0.4880061,0,1
450382,Rubén Morillas,24/25,2025,0,0.48783767,0,0
327126,Anuar,24/25,2025,1,0.48773476,0,1
581330,Eiran Cashin,24/25,2025,1,0.48751453,0,1
456331,Sion Bradley,24/25,2025,1,0.48747668,0,1
44948,Fernando Forestieri,24/25,2025,1,0.48741233,0,1
868327,Hristiyan Slavkov,24/25,2025,1,0.48714626,0,1
1047043,Tjark Reinert,24/25,2025,0,0.4871346,0,0
917996,Patrik Pelles,24/25,2025,0,0.4870156,0,0
402089,Ben Whitfield,24/25,2025,1,0.486978,0,1
951099,Ron Schweizer,24/25,2025,0,0.48697692,0,0
65841,Josep Antoni,24/25,2025,1,0.4869732,0,1
1061820,Lorenzo Venturino,24/25,2025,0,0.4866866,0,0
1225762,Adnane Ghailan,24/25,2025,0,0.486595,0,0
928726,Roberto Arroyo,24/25,2025,0,0.4864594,0,0
179471,Curtis Good,24/25,2025,0,0.4862724,0,0
131821,Thomas Lam,24/25,2025,0,0.48626748,0,0
911487,Samba Koné,24/25,2025,0,0.48622334,0,0
536619,Raúl Sánchez,24/25,2025,1,0.48615193,0,1
1269895,Andrea Giardino,24/25,2025,1,0.48609734,0,1
568484,Andrea Romano,24/25,2025,0,0.486085,0,0
935476,Nicholas Pluvio,24/25,2025,0,0.48608,0,0
386447,Alessandro Fiordaliso,24/25,2025,1,0.48607656,0,1
293241,Miomir Djurickovic,24/25,2025,1,0.4858812,0,1
134608,Hélder Tavares,24/25,2025,0,0.4858008,0,0
816515,Tom Bloxham,24/25,2025,0,0.4857901,0,0
732507,Agustín Martegani,24/25,2025,0,0.48576632,0,0
531413,Ale Meléndez,24/25,2025,0,0.4856859,0,0
709767,Ji-soo Kim,24/25,2025,1,0.48560575,0,1
240206,Jacopo Manconi,24/25,2025,0,0.48559496,0,0
379892,Diego Campos,24/25,2025,0,0.4855701,0,0
710672,Xabi Irurita,24/25,2025,0,0.48548612,0,0
961945,Félix Garreta,24/25,2025,0,0.48547748,0,0
35416,David McGoldrick,24/25,2025,1,0.48535562,0,1
424371,Iván Martínez,24/25,2025,1,0.4852555,0,1
78507,Derrick Tshimanga,24/25,2025,0,0.48523176,0,0
367405,Andreas Heimer,24/25,2025,0,0.48511958,0,0
662808,Rodney Elongo-Yombo,24/25,2025,1,0.48505756,0,1
402963,Georgios Daviotis,24/25,2025,0,0.48492876,0,0
59349,Diego Mariño,24/25,2025,1,0.48463693,0,1
934621,Roman Doulashi,24/25,2025,1,0.48461652,0,1
658244,Luigi Samele,24/25,2025,0,0.4846022,0,0
638875,Varo Álvarez,24/25,2025,0,0.4844858,0,0
125165,Jesús Corona,24/25,2025,0,0.4844146,0,0
733904,Michalis Patiras,24/25,2025,1,0.48439917,0,1
395091,Giordano Trovade,24/25,2025,0,0.48430705,0,0
240157,Gianmarco Vannucchi,24/25,2025,1,0.48419875,0,1
280283,Raphael Silva,24/25,2025,1,0.48409414,0,1
1056743,Milos Milicevic,24/25,2025,0,0.48396835,0,0
289553,Xavier Gies,24/25,2025,1,0.4839075,0,1
68327,Jay O'Shea,24/25,2025,0,0.4838001,0,0
186481,Matthew Clarke,24/25,2025,1,0.4836643,0,1
818892,Nicola Bagnolini,24/25,2025,1,0.48365092,0,1
895458,Adrián Pica,24/25,2025,1,0.48364568,0,1
980036,Matheus Sampaio,24/25,2025,0,0.4834597,0,0
348546,Konstantinos Tampas,24/25,2025,0,0.4833823,0,0
948735,Mattia Rizzo,24/25,2025,1,0.48312214,0,1
936223,Nicolò Verza,24/25,2025,0,0.48299783,0,0
314280,Taylor Moore,24/25,2025,0,0.48298204,0,0
275956,Nader Ghandri,24/25,2025,0,0.4829728,0,0
59082,Heinz Lindner,24/25,2025,1,0.4829211,0,1
884818,Robin Lisewski,24/25,2025,1,0.4828346,0,1
878340,Aleksa Maras,24/25,2025,1,0.48277962,0,1
495963,Richie Musaba,24/25,2025,0,0.4827758,0,0
397401,Emanuele Boveri,24/25,2025,0,0.482712,0,0
130353,Hördur Magnússon,24/25,2025,1,0.48247725,0,1
1180370,Pietro Reggiori,24/25,2025,0,0.48244074,0,0
350322,Emanuele Anastasia,24/25,2025,1,0.4824303,0,1
298575,Kike Barja,24/25,2025,0,0.482413,0,0
1230807,Máté Ecseri,24/25,2025,0,0.48240855,0,0
344968,Milan Ristovski,24/25,2025,0,0.48208356,0,0
377387,Sergio Córdova,24/25,2025,1,0.48179114,0,1
820367,Pavel Georgiev,24/25,2025,0,0.48176125,0,0
390719,Oliver Urso,24/25,2025,0,0.481633,0,0
480692,Luis Díaz,24/25,2025,1,0.48159707,0,1
920309,Fredrik Nissen,24/25,2025,1,0.4815786,0,1
142990,Stefano Scognamillo,24/25,2025,1,0.48144892,0,1
340345,Borja San Emeterio,24/25,2025,0,0.48141155,0,0
250777,Fabrizio Ferrante,24/25,2025,0,0.48138028,0,0
94116,Patrick Göbel,24/25,2025,0,0.48117352,0,0
285179,Vincent Atinga,24/25,2025,0,0.48106316,0,0
211397,Miguel Borja,24/25,2025,0,0.4810273,0,0
369078,Rahil Mammadov,24/25,2025,1,0.48102543,0,1
52377,Adrian Cieslewicz,24/25,2025,0,0.4806896,0,0
191895,Rafał Kurzawa,24/25,2025,1,0.4804702,0,1
638588,Martín Pascual,24/25,2025,1,0.48036277,0,1
904335,Leander Fritzsche,24/25,2025,1,0.47987235,0,1
297034,Ilya Petrov,24/25,2025,0,0.479808,0,0
967658,Augusto Bando,24/25,2025,0,0.479742,0,0
339751,Pavel Zabelin,24/25,2025,1,0.4797201,0,1
267753,Nicolás Ibáñez,24/25,2025,0,0.47939175,0,0
637782,André Amaro,24/25,2025,0,0.47935253,0,0
184534,Alexander Ludwig,24/25,2025,0,0.47925952,0,0
985717,Taylan Harris,24/25,2025,1,0.47903565,0,1
1264191,Sicu Camara,24/25,2025,0,0.4787455,0,0
113358,Sofiane Hanni,24/25,2025,0,0.4786986,0,0
535959,Duk,24/25,2025,0,0.47848392,0,0
335209,Kevin Diks,24/25,2025,1,0.47841856,0,1
634460,Álex Balboa,24/25,2025,1,0.47838652,0,1
710677,Iker Muñoz,24/25,2025,0,0.47803053,0,0
464186,Noah Lovisa,24/25,2025,1,0.47780696,0,1
173589,Viktor Klonaridis,24/25,2025,1,0.47777027,0,1
611906,Nnamdi Ofoborh,24/25,2025,1,0.47753075,0,1
238407,Alexander Sørloth,24/25,2025,0,0.47749814,0,0
1002758,Giacomo Maucci,24/25,2025,1,0.47713208,0,1
396116,Miguel Ángel Cera,24/25,2025,0,0.47713023,0,0
906329,Roger Fernandes,24/25,2025,1,0.4768604,0,1
415902,Niclas Müller,24/25,2025,0,0.47683015,0,0
257462,Luka Jović,24/25,2025,1,0.4767026,0,1
82361,Christian Mathenia,24/25,2025,0,0.47658846,0,0
535031,Federico Papini,24/25,2025,1,0.47657698,0,1
119120,Robert Leipertz,24/25,2025,0,0.47644907,0,0
288237,Jérémy Gélin,24/25,2025,1,0.47617364,0,1
1123382,Elio Trochen,24/25,2025,0,0.47615027,0,0
490384,Koni De Winter,24/25,2025,1,0.47590607,0,1
376211,Matías Vargas,24/25,2025,0,0.47588745,0,0
286276,Alfredo Bifulco,24/25,2025,0,0.47587806,0,0
214247,Sebastián Gorga,24/25,2025,1,0.47558123,0,1
918149,Kassim Hadji,24/25,2025,0,0.47541174,0,0
423436,Santiago Ascacíbar,24/25,2025,0,0.4752591,0,0
580070,Matheus Freitas,24/25,2025,1,0.47520006,0,1
244927,Accursio Bentivegna,24/25,2025,1,0.4748076,0,1
738474,David Kalokoh,24/25,2025,0,0.47468024,0,0
867033,Facundo Queiroz,24/25,2025,1,0.47460052,0,1
563662,Jacopo Muggeo,24/25,2025,0,0.4745229,0,0
741097,Irving Gudiño,24/25,2025,1,0.47418138,0,1
64793,Leonardo Pavoletti,24/25,2025,0,0.47414878,0,0
160438,Mohamed Elneny,24/25,2025,0,0.47395396,0,0
921955,Joaquin Domingo Dalmasso,24/25,2025,0,0.47390193,0,0
184310,Inters Gui,24/25,2025,1,0.47378927,0,1
366653,Manu Ramírez,24/25,2025,0,0.47363797,0,0
143358,Ádám Gyurcsó,24/25,2025,1,0.47350687,0,1
631278,Abbas Ibrahim,24/25,2025,0,0.47344112,0,0
477547,Daniil Paroutis,24/25,2025,0,0.4733518,0,0
286413,Mario León,24/25,2025,0,0.47328475,0,0
1059172,Ahmed Ouattara Kossonou,24/25,2025,0,0.47319895,0,0
351727,Dmitriy Bessmertnyi,24/25,2025,1,0.47304994,0,1
1306528,Filippo Vignaroli,24/25,2025,0,0.4728859,0,0
216375,Felipe Avenatti,24/25,2025,1,0.47275457,0,1
511813,Sidnei Tavares,24/25,2025,1,0.4726427,0,1
280039,Marco Soprano,24/25,2025,0,0.47258475,0,0
569288,Elias Bördner,24/25,2025,1,0.47252208,0,1
444523,Lucas Paquetá,24/25,2025,0,0.47240606,0,0
93557,Ulrich Taffertshofer,24/25,2025,0,0.47233462,0,0
1049757,Lorenzo Viano,24/25,2025,1,0.47173873,0,1
332866,Shaun Want,24/25,2025,1,0.47165468,0,1
1119447,Christopher Bonsu Baah,24/25,2025,1,0.4715249,0,1
653274,Martin Cocorocchio,24/25,2025,1,0.47146633,0,1
358948,Bright Osayi-Samuel,24/25,2025,1,0.4714286,0,1
136643,Giannis Gianniotas,24/25,2025,1,0.47142652,0,1
1123259,Emanuele Tesauro,24/25,2025,1,0.47141907,0,1
1061046,Keeto Thermoncy,24/25,2025,0,0.47128326,0,0
897418,Yannik Dasbach,24/25,2025,0,0.4712187,0,0
702890,Armando Miculi,24/25,2025,0,0.47117364,0,0
156764,Gavin Reilly,24/25,2025,0,0.47117174,0,0
260166,Ui-jo Hwang,24/25,2025,0,0.47115773,0,0
1046867,Jan Ziolkowski,24/25,2025,1,0.47112125,0,1
1082133,Csongor Komáromi,24/25,2025,0,0.4711203,0,0
240955,Mattia Lombardo,24/25,2025,0,0.47110957,0,0
533222,Luca Maffioletti,24/25,2025,1,0.4709838,0,1
837050,Rob Apter,24/25,2025,1,0.4709653,0,1
292417,Demarai Gray,24/25,2025,1,0.47069612,0,1
745075,David Preu,24/25,2025,0,0.47014546,0,0
504075,Rafael Brito,24/25,2025,0,0.47009784,0,0
568156,Antonio Pacheco,24/25,2025,0,0.4700323,0,0
915283,Masrur Kiyomidinov,24/25,2025,1,0.46985275,0,1
419571,Myer Bevan,24/25,2025,0,0.46977016,0,0
716685,Giannis Ioannidis,24/25,2025,0,0.4694736,0,0
657962,Leonard Bredol,24/25,2025,0,0.46940094,0,0
421769,Davide Ghislandi,24/25,2025,0,0.46931702,0,0
485533,Máté Fekete,24/25,2025,0,0.46917307,0,0
1053933,Ruan,24/25,2025,1,0.46910805,0,1
907464,Tommy Leigh,24/25,2025,0,0.4690963,0,0
744729,Tarek Buchmann,24/25,2025,1,0.468899,0,1
554811,Riccardo Nessi,24/25,2025,1,0.46884885,0,1
116968,Carlos Izquierdoz,24/25,2025,0,0.46842065,0,0
251836,Robert Taylor,24/25,2025,0,0.4684042,0,0
295024,Samet Akaydin,24/25,2025,0,0.46786124,0,0
246200,William Popp,24/25,2025,1,0.46784496,0,1
897492,Nick Zimmermann,24/25,2025,0,0.46771505,0,0
234866,Rai Marchán,24/25,2025,1,0.46770462,0,1
460103,Matteo Magliocchetti,24/25,2025,0,0.46765697,0,0
651005,Cher Ndour,24/25,2025,0,0.4676211,0,0
1283297,Liam Russell,24/25,2025,0,0.46761498,0,0
440755,Benny,24/25,2025,1,0.46757364,0,1
484160,Alex Sposito,24/25,2025,1,0.46737617,0,1
149526,Marco Crimi,24/25,2025,1,0.46716765,0,1
805287,Blaise Tsague,24/25,2025,0,0.46700266,0,0
423440,Martín Zubimendi,24/25,2025,1,0.4669397,0,1
490651,Gerardo Bonet,24/25,2025,0,0.46691054,0,0
535670,Colm Whelan,24/25,2025,0,0.466627,0,0
168189,Luca Calapai,24/25,2025,1,0.46662462,0,1
246424,Elbis,24/25,2025,1,0.46639156,0,1
355663,Anass Najah,24/25,2025,1,0.46636862,0,1
411465,Andrea Rizzo Pinna,24/25,2025,1,0.46627235,0,1
339556,Rico Henry,24/25,2025,0,0.46619338,0,0
73846,Paul-José Mpoku,24/25,2025,1,0.4661557,0,1
220978,Andrea Gasbarro,24/25,2025,1,0.4661435,0,1
163223,Mirko Gori,24/25,2025,0,0.46610513,0,0
331214,Brice Wembangomo,24/25,2025,0,0.46600065,0,0
708300,Vladimir Zeman,24/25,2025,0,0.46587813,0,0
538527,Enzo Cabrera,24/25,2025,0,0.46577966,0,0
924447,Tunde Akinsola,24/25,2025,0,0.46552563,0,0
602792,Florian Wustinger,24/25,2025,0,0.46550423,0,0
641553,Alessio Rizza,24/25,2025,0,0.46543813,0,0
1065440,Mauro Echegoyen,24/25,2025,0,0.4654277,0,0
223890,Rober Correa,24/25,2025,1,0.46540374,0,1
836223,Norbert Dencinger,24/25,2025,0,0.465396,0,0
462738,Naoufel Khacef,24/25,2025,0,0.46525514,0,0
287528,Connor Mahoney,24/25,2025,0,0.4650393,0,0
470375,Mateusz Zukowski,24/25,2025,1,0.4649077,0,1
946393,Nikolay Sotnikov,24/25,2025,0,0.46452326,0,0
999402,Diego Sia,24/25,2025,0,0.4644189,0,0
192875,William Troost-Ekong,24/25,2025,0,0.46440867,0,0
595240,Milan Hokke,24/25,2025,1,0.46438223,0,1
183313,Michael Gonçalves,24/25,2025,1,0.46436268,0,1
645686,Lamare Bogarde,24/25,2025,0,0.46429473,0,0
713787,Jhoanner Chávez,24/25,2025,0,0.464015,0,0
1191122,Meson Becchio,24/25,2025,1,0.46396533,0,1
704593,Galymzhan Kenzhebek,24/25,2025,1,0.46383685,0,1
1200419,Djylian N'Guessan,24/25,2025,0,0.46371698,0,0
85928,Danny Lafferty,24/25,2025,0,0.4636398,0,0
167792,Nicolò Bianchi,24/25,2025,1,0.4634377,0,1
941420,Jack O'Reilly,24/25,2025,1,0.46322295,0,1
378532,Jonathan Stöver,24/25,2025,0,0.46303415,0,0
379249,Matheus Reis,24/25,2025,0,0.46290368,0,0
247596,Kenneth Paal,24/25,2025,1,0.46280545,0,1
277560,Armando Ortiz,24/25,2025,1,0.4627235,0,1
255957,Mahir Emreli,24/25,2025,1,0.4627139,0,1
416380,Ragnar Ache,24/25,2025,1,0.46262547,0,1
464535,Zisis Chatzistravos,24/25,2025,1,0.4625974,0,1
355033,Enrico Silletti,24/25,2025,0,0.46259218,0,0
396841,Louis Verstraete,24/25,2025,0,0.4625881,0,0
1158985,Gerónimo Spina,24/25,2025,0,0.46258786,0,0
367443,Jonas Wendlinger,24/25,2025,0,0.46219718,0,0
348520,Vincenzo Plescia,24/25,2025,1,0.4621629,0,1
391271,Javier Ablanque,24/25,2025,0,0.4620617,0,0
568662,Min-gi Kang,24/25,2025,0,0.46184638,0,0
633463,Adam Randell,24/25,2025,1,0.46178252,0,1
245157,Borja Martínez,24/25,2025,1,0.46166408,0,1
1172908,Amine Chabane,24/25,2025,0,0.4615958,0,0
667060,Tommaso Bertini,24/25,2025,1,0.46154672,0,1
369082,Robert Ergas,24/25,2025,1,0.46125397,0,1
390691,Adri Pérez,24/25,2025,1,0.46105835,0,1
193151,Abdullah Al-Hafith,24/25,2025,1,0.461002,0,1
924087,Mika Haas,24/25,2025,0,0.46099076,0,0
335920,Nils Piwernetz,24/25,2025,0,0.46084893,0,0
735349,Rafail Sgouros,24/25,2025,1,0.46075323,0,1
1073397,Kenan Bilalovic,24/25,2025,1,0.46067652,0,1
529512,Kristo Hussar,24/25,2025,0,0.46056694,0,0
402114,Alessio Di Massimo,24/25,2025,0,0.46046755,0,0
262554,Clifford Aboagye,24/25,2025,1,0.46035847,0,1
829392,Jashar Beluli,24/25,2025,0,0.4603017,0,0
1162365,Bandar Darwish,24/25,2025,0,0.4602516,0,0
393284,Emmanuel Osadebe,24/25,2025,1,0.46022317,0,1
798040,Niklas Tepe,24/25,2025,0,0.46011063,0,0
60445,Jonathan dos Santos,24/25,2025,0,0.4600557,0,0
398808,Martin Hongla,24/25,2025,0,0.45996642,0,0
546543,Darwin Núñez,24/25,2025,1,0.45989773,0,1
1130174,Bennedikt Wüstenhagen,24/25,2025,1,0.45972756,0,1
751104,Milosz Matysik,24/25,2025,0,0.4596973,0,0
167826,Luca Verna,24/25,2025,1,0.45961177,0,1
784741,Julius Hoffmann,24/25,2025,1,0.4595838,0,1
1065442,Iñigo Arguibide,24/25,2025,0,0.45952523,0,0
918449,Matteo Schablas,24/25,2025,0,0.4594697,0,0
483385,Nicke Kabamba,24/25,2025,0,0.45941347,0,0
291397,Samba Camara,24/25,2025,1,0.45934033,0,1
280832,Carlo Crialese,24/25,2025,1,0.45896634,0,1
673976,Anders Hoff,24/25,2025,0,0.4588203,0,0
257235,Ahmad Moein Doozandeh,24/25,2025,0,0.45877063,0,0
937999,Simone Cortese,24/25,2025,1,0.45875716,0,1
980939,Wyll Stanway,24/25,2025,0,0.45865974,0,0
622031,Tommaso De Nipoti,24/25,2025,1,0.4586402,0,1
395740,Samuele Rosano,24/25,2025,0,0.45863447,0,0
700405,Ollie Tanner,24/25,2025,0,0.45859206,0,0
838221,Dudu Hatamoto,24/25,2025,1,0.45856604,0,1
255501,Iñigo Lekue,24/25,2025,0,0.4585333,0,0
163374,Aboubakar Bakayoko,24/25,2025,1,0.45846853,0,1
286389,Joshua Endres,24/25,2025,0,0.45837945,0,0
1020729,Teymur Charyyev,24/25,2025,0,0.45832425,0,0
990009,Jasper Hartog,24/25,2025,0,0.45823073,0,0
817753,Aisar Ahmed,24/25,2025,0,0.45794344,0,0
253839,Álvaro Medrán,24/25,2025,0,0.45791873,0,0
287635,Assane Dioussé,24/25,2025,0,0.457799,0,0
460629,Colin Dagba,24/25,2025,0,0.4577741,0,0
511876,Giorgos Naoum,24/25,2025,0,0.45775333,0,0
457961,Theodoros Venetikidis,24/25,2025,0,0.4576312,0,0
384524,Serafin Szota,24/25,2025,0,0.4576027,0,0
258951,Tamás Csilus,24/25,2025,0,0.45753992,0,0
933683,Simone Pieraccini,24/25,2025,1,0.45752698,0,1
112457,Alessandro Bassoli,24/25,2025,1,0.45749184,0,1
63200,Ashley Barnes,24/25,2025,0,0.4574416,0,0
162056,Gonzalo Melero,24/25,2025,1,0.45737845,0,1
216683,Fafà Picault,24/25,2025,0,0.45719907,0,0
283214,Mathias Kristensen,24/25,2025,0,0.45699885,0,0
880533,Spyros Kostopoulos,24/25,2025,0,0.45681405,0,0
503781,John Buckley,24/25,2025,1,0.45658728,0,1
469976,Christopher Operi,24/25,2025,0,0.45652205,0,0
533632,Mads Frøkjær,24/25,2025,0,0.45631677,0,0
166591,Rodrigo Rey,24/25,2025,0,0.45628947,0,0
361925,Achraf Bencharki,24/25,2025,0,0.45624766,0,0
391408,Antonio D'Alena,24/25,2025,0,0.45623726,0,0
1108127,Luciano Maidana,24/25,2025,0,0.45612898,0,0
459643,Precious Amayah,24/25,2025,0,0.45612404,0,0
396428,Rodrigo Escoval,24/25,2025,0,0.45610628,0,0
150788,Yahya Al-Shehri,24/25,2025,0,0.45607486,0,0
265176,Phil Neumann,24/25,2025,1,0.4559452,0,1
627224,Gabriel Silva,24/25,2025,0,0.45594236,0,0
225929,György Hursán,24/25,2025,0,0.45588705,0,0
1170825,Riccardo Finazzi,24/25,2025,1,0.4558306,0,1
158534,Max Power,24/25,2025,1,0.45577696,0,1
801069,Jimmy Evans,24/25,2025,0,0.4557588,0,0
1216188,Alessandro Panza,24/25,2025,1,0.45571125,0,1
337946,Jairo Izquierdo,24/25,2025,1,0.45560497,0,1
696346,Jay Stansfield,24/25,2025,0,0.45539722,0,0
179548,Stavros Petavrakis,24/25,2025,1,0.4553456,0,1
958487,Walid Bouabdeli,24/25,2025,0,0.4549952,0,0
894159,Klevi Totoshi,24/25,2025,0,0.4549858,0,0
942091,Filippo Mencaraglia,24/25,2025,0,0.45490053,0,0
121265,Toto Nsiala,24/25,2025,0,0.45478383,0,0
858491,Alexandru Capac,24/25,2025,1,0.45469174,0,1
74741,Dragan Mihajlovic,24/25,2025,0,0.45438182,0,0
933658,Seb Osment,24/25,2025,1,0.45437595,0,1
920968,Ronaldo Nájera,24/25,2025,0,0.4543121,0,0
546213,Tuta,24/25,2025,1,0.45429134,0,1
831161,Lautaro Blanco,24/25,2025,0,0.45427287,0,0
530166,Stylianos Kokovas,24/25,2025,0,0.454239,0,0
1001788,Ibrahim Fofana,24/25,2025,0,0.45407447,0,0
557610,Isaac Lihadji,24/25,2025,0,0.45397085,0,0
295183,Răzvan Marin,24/25,2025,1,0.45367596,0,1
747810,Tiago Hernández,24/25,2025,0,0.45351133,0,0
667049,Amer Mehić,24/25,2025,1,0.45350853,0,1
520716,Malte Wengerowski,24/25,2025,0,0.45347297,0,0
1045446,Dmytro Bogdanov,24/25,2025,1,0.4533719,0,1
358166,Eldor Shomurodov,24/25,2025,1,0.453332,0,1
199921,Davide Petermann,24/25,2025,1,0.4532339,0,1
601819,Stefano Pennati,24/25,2025,0,0.4530815,0,0
292365,Paulo Henrique,24/25,2025,1,0.45302716,0,1
157478,Rufat Dadashov,24/25,2025,0,0.45299605,0,0
904707,Yannis Nahounou,24/25,2025,1,0.452994,0,1
844637,Marc Pubill,24/25,2025,1,0.45296857,0,1
677509,Jesse Randall,24/25,2025,0,0.45291567,0,0
904662,Louis Mouton,24/25,2025,1,0.452771,0,1
77001,Rajiv van La Parra,24/25,2025,0,0.45271775,0,0
875511,Paulo Victor,24/25,2025,1,0.45271492,0,1
336644,Cedric Euschen,24/25,2025,0,0.45261183,0,0
491702,Nacho Pais,24/25,2025,1,0.45234522,0,1
351751,Rodrigo Borges,24/25,2025,0,0.45229116,0,0
606570,Sergio Guerrero,24/25,2025,1,0.45221713,0,1
911757,Liam Bennett,24/25,2025,0,0.4519354,0,0
392060,Alessandro Raimo,24/25,2025,0,0.45174557,0,0
810100,Taylan Bulut,24/25,2025,1,0.4517305,0,1
682814,Nassim L'Ghoul,24/25,2025,1,0.45151535,0,1
141224,Mohamed Ibrahim,24/25,2025,0,0.4515014,0,0
499574,Petr Mikulec,24/25,2025,0,0.45146903,0,0
1185914,Roberto Sandu,24/25,2025,0,0.45146054,0,0
1270432,Hunor Kuzma,24/25,2025,0,0.45142797,0,0
101213,Pedro Obiang,24/25,2025,1,0.45141977,0,1
131357,Pedro Capó,24/25,2025,1,0.4514032,0,1
595126,Davino Knappe,24/25,2025,0,0.45136812,0,0
128105,Peter Zulj,24/25,2025,0,0.45129684,0,0
461484,Frederik Ibsen,24/25,2025,0,0.45124352,0,0
908929,Facundo Costantini,24/25,2025,1,0.45106164,0,1
669174,Martin Paskalev,24/25,2025,0,0.4510461,0,0
865324,Lizandro Claros,24/25,2025,0,0.4510407,0,0
1170814,Mirko Personeni,24/25,2025,1,0.45094836,0,1
282954,Frederik Brandhof,24/25,2025,1,0.45094278,0,1
415970,Joe Worrall,24/25,2025,0,0.45088562,0,0
564049,Steve Seddon,24/25,2025,1,0.45079792,0,1
681693,Pedro Henrique,24/25,2025,1,0.4506935,0,1
489343,Leo Oppermann,24/25,2025,0,0.45055,0,0
631472,Bruno Langa,24/25,2025,1,0.4504309,0,1
808224,Andres Sfait,24/25,2025,0,0.45038772,0,0
225693,Fabinho,24/25,2025,0,0.45034176,0,0
956694,Benedek Simon,24/25,2025,0,0.45021755,0,0
579565,Ísak Jóhannesson,24/25,2025,1,0.45020148,0,1
534377,Kialy Abdoul Kone,24/25,2025,0,0.45017326,0,0
154319,André Geraldes,24/25,2025,0,0.44995087,0,0
402581,Thomas Rodríguez,24/25,2025,0,0.44989493,0,0
703007,Andreas Karamanolis,24/25,2025,1,0.4498772,0,1
62049,Mame Diouf,24/25,2025,0,0.44974965,0,0
1004786,Mohammed Umar,24/25,2025,0,0.4497236,0,0
533060,Anderson Cruz,24/25,2025,0,0.4495551,0,0
552955,Santiago Gimenez,24/25,2025,0,0.44954526,0,0
745595,Marlon Ubani,24/25,2025,1,0.4495097,0,1
1018922,Òscar Masqué,24/25,2025,0,0.44944072,0,0
124895,Bart Schenkeveld,24/25,2025,1,0.44925538,0,1
802997,Norman Bassette,24/25,2025,1,0.44911262,0,1
400050,Keve Tóth,24/25,2025,0,0.44905668,0,0
588747,Tim Civeja,24/25,2025,0,0.44901693,0,0
941080,Jon García,24/25,2025,0,0.44868013,0,0
1288949,Abdoulaye Kanté,24/25,2025,1,0.44857648,0,1
724041,Enock Agyei,24/25,2025,0,0.44850463,0,0
303248,Pedro López,24/25,2025,0,0.44848466,0,0
363720,Kai Westerhoff,24/25,2025,0,0.44821376,0,0
284855,Yael Ballesteros,24/25,2025,0,0.44802994,0,0
315063,Nahitan Nández,24/25,2025,0,0.44793543,0,0
440163,Miguel Mellado,24/25,2025,1,0.44791847,0,1
537602,João Mário,24/25,2025,1,0.4477763,0,1
432698,Kornelius Normann,24/25,2025,1,0.44777253,0,1
441622,Roger Escoruela,24/25,2025,0,0.44749525,0,0
707982,Dimitri Jepihhin,24/25,2025,0,0.4474952,0,0
964633,Tebo Gabriel,24/25,2025,1,0.4474799,0,1
914370,Josh Woods,24/25,2025,0,0.44742793,0,0
836336,Nuno Lima,24/25,2025,0,0.44737744,0,0
228917,Jorge Miramón,24/25,2025,0,0.44708654,0,0
217593,Todor Nedelev,24/25,2025,1,0.4469704,0,1
513175,Adrián Crespo,24/25,2025,0,0.4469,0,0
878160,Reuell Walters,24/25,2025,0,0.44688648,0,0
1321713,Justin Raviele,24/25,2025,1,0.4468265,0,1
255729,Awer Mabil,24/25,2025,0,0.4468027,0,0
383153,Kelechi Nwakali,24/25,2025,0,0.44663712,0,0
221316,Lucas Vázquez,24/25,2025,1,0.44659498,0,1
1261750,Matteo Vitrotti,24/25,2025,1,0.44625786,0,1
351894,Léo Santos,24/25,2025,0,0.44621566,0,0
1065441,Carlos Lumbreras,24/25,2025,0,0.44619307,0,0
279472,Nathan Burke,24/25,2025,0,0.44619155,0,0
462328,Alessandro Fabbri,24/25,2025,1,0.44604918,0,1
198067,Filip Helander,24/25,2025,1,0.44604284,0,1
740578,Arsen Vitarigov,24/25,2025,0,0.44583926,0,0
205586,Tokmac Chol Nguen,24/25,2025,0,0.44571573,0,0
531679,Ethan Laird,24/25,2025,0,0.44567135,0,0
1009441,Felipe Chávez,24/25,2025,0,0.44557372,0,0
1038512,Asier Osambela,24/25,2025,1,0.44552073,0,1
274839,Wilfred Ndidi,24/25,2025,1,0.44550142,0,1
155036,Simone Corazza,24/25,2025,0,0.44541326,0,0
821113,Paolo Gardoni,24/25,2025,0,0.44541156,0,0
892127,Kayden Wolff,24/25,2025,0,0.44507742,0,0
1022312,Jure Marinovich,24/25,2025,0,0.44476095,0,0
396517,Fuseini Zackaria,24/25,2025,1,0.44476002,0,1
131102,Jeison Murillo,24/25,2025,0,0.44475907,0,0
293281,Jacob Bruun Larsen,24/25,2025,1,0.44466844,0,1
1073208,Ştefan Senciuc,24/25,2025,1,0.4445912,0,1
205054,Norbert Gyömbér,24/25,2025,0,0.44455853,0,0
468283,Shaocong Wu,24/25,2025,0,0.44455513,0,0
336747,Jorge Pombo,24/25,2025,0,0.44434896,0,0
375790,Dávid Mészáros,24/25,2025,0,0.44427213,0,0
159288,Arlind Ajeti,24/25,2025,0,0.44424132,0,0
706933,Manuel Alagna,24/25,2025,0,0.44411492,0,0
287920,Tim Skarke,24/25,2025,0,0.44391254,0,0
1121945,Martin Georgiev,24/25,2025,0,0.44385174,0,0
379092,Maxime Giron,24/25,2025,1,0.44383803,0,1
401855,Dylan Fox,24/25,2025,0,0.44375408,0,0
933830,Chalpan Abdulnasir,24/25,2025,0,0.44371012,0,0
1004759,Moritz Wiezorrek,24/25,2025,0,0.44362044,0,0
554234,Joel Randall,24/25,2025,0,0.44344452,0,0
553303,Mathias Kubel,24/25,2025,0,0.44337785,0,0
485545,As Ibrahima Diakité,24/25,2025,0,0.4431179,0,0
199564,Michele Calì,24/25,2025,0,0.44279146,0,0
464469,Torbjørn Heggem,24/25,2025,1,0.44276863,0,1
1182963,Matteo Enza,24/25,2025,1,0.4426167,0,1
381524,Jaume Pol,24/25,2025,0,0.44260213,0,0
269677,Vladyslav Krayev,24/25,2025,0,0.44253227,0,0
735984,Lucas Shlimon,24/25,2025,1,0.4424718,0,1
287640,Andrea Gemignani,24/25,2025,1,0.4423929,0,1
380478,Victor Braga,24/25,2025,1,0.44228747,0,1
418219,Vladimir Screciu,24/25,2025,0,0.44222516,0,0
769063,Luka Romero,24/25,2025,0,0.44202164,0,0
247355,Borja Díaz,24/25,2025,0,0.4420039,0,0
325443,Viktor Gyökeres,24/25,2025,1,0.4419272,0,1
1039621,Marvin Pohl,24/25,2025,1,0.44177744,0,1
926135,Omari Kellyman,24/25,2025,1,0.4417152,0,1
724025,Matej Sin,24/25,2025,1,0.4417071,0,1
689090,Davide Lamesta,24/25,2025,0,0.44168597,0,0
140776,Yannick Carrasco,24/25,2025,0,0.4416535,0,0
315289,Myrto Uzuni,24/25,2025,0,0.44161284,0,0
198768,Heini Vatnsdal,24/25,2025,0,0.4413558,0,0
284884,Óscar Rodríguez,24/25,2025,1,0.44123137,0,1
74228,Marc Muniesa,24/25,2025,0,0.44114316,0,0
917931,Aaron Bayakala,24/25,2025,0,0.4410984,0,0
644158,Lucas Silva,24/25,2025,0,0.4410982,0,0
897921,Lorenzo Menegazzo,24/25,2025,1,0.44109255,0,1
796169,Márk Hodonicki,24/25,2025,0,0.44096908,0,0
235783,Dom Thomas,24/25,2025,1,0.4409638,0,1
496484,Nick Akoto,24/25,2025,0,0.44089103,0,0
793721,Louis Schmidt,24/25,2025,0,0.44081777,0,0
959193,Dagoberto Espinoza,24/25,2025,0,0.44081402,0,0
966649,Connor O'Brien,24/25,2025,0,0.4407184,0,0
324633,Abdulmajeed Al-Sulayhim,24/25,2025,1,0.4407124,0,1
653401,Isaak Akritidis,24/25,2025,0,0.44056788,0,0
357225,Mark Shelton,24/25,2025,0,0.4404415,0,0
470594,Clinton Mola,24/25,2025,0,0.44033697,0,0
256718,Sven van Beek,24/25,2025,0,0.44032976,0,0
683620,Antoni Milambo,24/25,2025,1,0.44030023,0,1
789045,Igor Milioransa,24/25,2025,0,0.44027832,0,0
1268443,Miroslav Georgiev,24/25,2025,0,0.43962088,0,0
796298,Calum Scanlon,24/25,2025,0,0.4395466,0,0
243106,Husam Kamal,24/25,2025,0,0.43941572,0,0
135492,Youssouf Sabaly,24/25,2025,1,0.43938893,0,1
601143,Nikolas Veratschnig,24/25,2025,0,0.4392233,0,0
817001,Filippo Bertolotti,24/25,2025,0,0.43908337,0,0
337282,Jake Brimmer,24/25,2025,0,0.43907464,0,0
567475,Andrea Ceresoli,24/25,2025,1,0.43891144,0,1
292357,Georgios Manthatis,24/25,2025,1,0.43891066,0,1
164489,Szymon Sobczak,24/25,2025,0,0.43881387,0,0
342209,Kévin N'Doram,24/25,2025,0,0.4384488,0,0
95795,Václav Hladký,24/25,2025,0,0.43836194,0,0
1131161,Robinio Vaz,24/25,2025,0,0.43832454,0,0
890532,Fayssal Harchaoui,24/25,2025,0,0.43821493,0,0
204960,Ibou Touray,24/25,2025,1,0.43815705,0,1
288251,Sébastien Salles-Lamonge,24/25,2025,0,0.43804544,0,0
400941,Michele Vano,24/25,2025,0,0.4379813,0,0
172623,Ramy Rabia,24/25,2025,1,0.4379104,0,1
628624,Adam Ratajczyk,24/25,2025,0,0.4378932,0,0
187908,Hugo Sousa,24/25,2025,0,0.43774167,0,0
708624,Andrea Quarena,24/25,2025,0,0.43763697,0,0
199717,Giancarlo Malcore,24/25,2025,0,0.43759516,0,0
841353,Gojko Petovic,24/25,2025,0,0.4375023,0,0
874429,Aron Sasu,24/25,2025,0,0.4375003,0,0
312341,Luca Ravanelli,24/25,2025,1,0.43744266,0,1
273945,Miroslav Bogosavac,24/25,2025,0,0.43735608,0,0
492786,Andrea Allegretto,24/25,2025,0,0.43733734,0,0
820148,Emre Uzun,24/25,2025,1,0.4373327,0,1
550466,Ivan Turitsov,24/25,2025,0,0.43724635,0,0
1099924,Yael Trepy,24/25,2025,0,0.43721837,0,0
394875,Federico Chiossi,24/25,2025,0,0.4371752,0,0
695422,Théo De Percin,24/25,2025,0,0.43715248,0,0
891833,Skye Vink,24/25,2025,0,0.4371042,0,0
1048013,Nicola Grandu,24/25,2025,0,0.437059,0,0
965940,Zack Nelson,24/25,2025,0,0.43687305,0,0
952715,Andrea Zilio,24/25,2025,0,0.43678263,0,0
1226717,Andrea Ratti,24/25,2025,0,0.43665105,0,0
566823,Achraf Dari,24/25,2025,0,0.43659106,0,0
397435,Marco Di Lernia,24/25,2025,1,0.43634704,0,1
166683,Mamadou Sylla,24/25,2025,1,0.4362562,0,1
332826,Hannes Agnarsson,24/25,2025,0,0.43615258,0,0
851220,Amine Sbaï,24/25,2025,0,0.4361371,0,0
696693,Loide Augusto,24/25,2025,1,0.43592945,0,1
1228383,Ismael Barea,24/25,2025,1,0.4357599,0,1
260041,Josef Kvida,24/25,2025,0,0.43563208,0,0
195215,Thomas Gösweiner,24/25,2025,0,0.43538517,0,0
705090,Luc Elsner,24/25,2025,0,0.43535155,0,0
400174,Kristófer Kristinsson,24/25,2025,0,0.43533358,0,0
313888,Davíd Kristján Ólafsson,24/25,2025,0,0.43507046,0,0
944335,Justin von der Hitz,24/25,2025,1,0.4350509,0,1
1175463,Cassiano Bouzon,24/25,2025,1,0.43479645,0,1
168427,Dawid Abramowicz,24/25,2025,1,0.43454114,0,1
815550,Andrea Bartoccioni,24/25,2025,0,0.43440512,0,0
342984,Bertalan Kun,24/25,2025,0,0.43407756,0,0
487846,Guillaume Renault,24/25,2025,0,0.43394393,0,0
1250341,Diego Deisadze,24/25,2025,0,0.43387902,0,0
548347,Melvin Zinga,24/25,2025,0,0.4338213,0,0
1062258,Gabriel Fernandes,24/25,2025,1,0.43379253,0,1
400653,Jan Matousek,24/25,2025,0,0.43373346,0,0
729872,Igor Miladinovic,24/25,2025,0,0.43366367,0,0
718037,Marcel Sgrò,24/25,2025,0,0.43349695,0,0
38232,Jonathan McDonald,24/25,2025,0,0.4334317,0,0
322077,Besard Šabović,24/25,2025,0,0.43340135,0,0
936665,Don O'Niel,24/25,2025,0,0.43330446,0,0
920308,Elison Makolli,24/25,2025,0,0.43328735,0,0
340323,Savvas Mourgos,24/25,2025,0,0.43318212,0,0
518451,Assad Al-Hamlawi,24/25,2025,1,0.43300015,0,1
817302,Sergio Barlocco,24/25,2025,0,0.43294433,0,0
912743,Zhivko Dimitrov,24/25,2025,1,0.43284523,0,1
350532,Jakub Westendorf,24/25,2025,0,0.43267876,0,0
556314,András Pusztai,24/25,2025,0,0.4324995,0,0
321482,Mikko Pitkänen,24/25,2025,0,0.43245527,0,0
340032,Christophe Nduwarugira,24/25,2025,0,0.43239093,0,0
401533,Matheusinho,24/25,2025,1,0.4321983,0,1
1314528,Ilan Daf,24/25,2025,0,0.4319733,0,0
264011,Gergő Rácz,24/25,2025,0,0.43180045,0,0
349944,Sérgio Conceição,24/25,2025,1,0.43151453,0,1
278205,Viktor Ergin,24/25,2025,1,0.43149558,0,1
352223,Israel Suero,24/25,2025,0,0.4314104,0,0
997909,Tommaso Ravaglioli,24/25,2025,1,0.43139297,0,1
1309985,Gonzalo Casas,24/25,2025,1,0.43118042,0,1
280088,Juan Gargiulo,24/25,2025,0,0.43113813,0,0
560903,Patrick William,24/25,2025,0,0.4311008,0,0
611793,James Hill,24/25,2025,0,0.43060902,0,0
197744,Nicolò Fazzi,24/25,2025,1,0.43059108,0,1
983248,Callan McKenna,24/25,2025,0,0.43044266,0,0
998101,Alex Tóth,24/25,2025,0,0.43038675,0,0
206927,Jakub Habusta,24/25,2025,0,0.43038407,0,0
1171293,Joshua Vuillermoz,24/25,2025,1,0.43027064,0,1
353403,Samuel Moutoussamy,24/25,2025,1,0.43017483,0,1
505657,Tyreik Wright,24/25,2025,0,0.43012026,0,0
345778,Rilind Neziri,24/25,2025,0,0.43006298,0,0
209212,Solly March,24/25,2025,0,0.4300157,0,0
277033,David Brooks,24/25,2025,0,0.4299723,0,0
531065,Oussama El Azzouzi,24/25,2025,1,0.42983094,0,1
650256,Paolo Vismara,24/25,2025,0,0.42965215,0,0
410305,Erik Gerbi,24/25,2025,0,0.42953888,0,0
856406,Noah Madsen,24/25,2025,0,0.42926812,0,0
913461,Alessandro Seghetti,24/25,2025,1,0.42913455,0,1
897408,Luis Hauer,24/25,2025,0,0.42910868,0,0
926301,Tiago Pereira Cardoso,24/25,2025,0,0.42895135,0,0
891092,Pablo Rojo,24/25,2025,0,0.4287661,0,0
460619,Pascal Mulder,24/25,2025,0,0.42854717,0,0
455425,Nando Pijnaker,24/25,2025,0,0.42852876,0,0
803967,Sanel Saljic,24/25,2025,0,0.42851722,0,0
938177,Tommaso Cecotti,24/25,2025,0,0.4284298,0,0
397392,Riccardo Gemelli,24/25,2025,0,0.42831928,0,0
745611,Joshua Uwakhonye,24/25,2025,0,0.42827812,0,0
595943,Jaden Montnor,24/25,2025,0,0.42803052,0,0
668177,Javi Serrano,24/25,2025,0,0.42800924,0,0
703577,Kegs Chauke,24/25,2025,0,0.4279335,0,0
654723,Bogdan Shubin,24/25,2025,0,0.42788568,0,0
334186,Fabian Kunze,24/25,2025,1,0.4276649,0,1
749942,Felix Hagmann,24/25,2025,0,0.42766386,0,0
411179,Mika Schneider,24/25,2025,0,0.42751566,0,0
342787,Ilias Evangelou,24/25,2025,0,0.42741194,0,0
684178,Jason Sraha,24/25,2025,0,0.4273097,0,0
281633,Alberto Tentardini,24/25,2025,0,0.42715603,0,0
193319,Luís Silva,24/25,2025,0,0.42698622,0,0
274694,Ionuț Nedelcearu,24/25,2025,0,0.42669705,0,0
658874,Seung-bin Kim,24/25,2025,0,0.42621997,0,0
74642,Mattia Minesso,24/25,2025,0,0.42619082,0,0
212216,Jhonatan,24/25,2025,0,0.4253455,0,0
900199,Gustav Lindgren,24/25,2025,0,0.4253084,0,0
875153,Klevis Kasa,24/25,2025,0,0.4252726,0,0
396108,Juanmi Carrión,24/25,2025,1,0.4251889,0,1
187496,Maurice Multhaup,24/25,2025,0,0.42517698,0,0
866247,Tommaso Rubino,24/25,2025,1,0.42510462,0,1
193724,Vito Hammershöy-Mistrati,24/25,2025,0,0.42496178,0,0
242882,Higinio Marín,24/25,2025,0,0.42487022,0,0
929909,San-Luca Spitali,24/25,2025,0,0.4247528,0,0
274175,Solomon Udo,24/25,2025,1,0.4247072,0,1
839789,Bálint Szabó,24/25,2025,0,0.42449874,0,0
261056,Giacomo Ricci,24/25,2025,1,0.424337,0,1
235052,Abderrazak Hamdallah,24/25,2025,1,0.42427793,0,1
1255577,Francesco Tumiatti,24/25,2025,0,0.42404133,0,0
696613,Gabriele Pagliai,24/25,2025,1,0.42397764,0,1
892165,Sergej Levak,24/25,2025,1,0.42381725,0,1
1241188,Laurenz Pölking,24/25,2025,0,0.42375046,0,0
90044,Kristinn Steindórsson,24/25,2025,0,0.42361674,0,0
289847,Aris Vaporakis,24/25,2025,0,0.42351267,0,0
461582,Issiar Dramé,24/25,2025,0,0.42339113,0,0
181498,George Evans,24/25,2025,1,0.42323425,0,1
867185,Ismael Ferrer,24/25,2025,0,0.4231866,0,0
691905,Karim El Abed,24/25,2025,1,0.42316055,0,1
895937,Marco Palestra,24/25,2025,1,0.4229891,0,1
334371,Marcos Curado,24/25,2025,0,0.42282552,0,0
189521,Jorman Aguilar,24/25,2025,1,0.4227506,0,1
744903,Ieltsin Camões,24/25,2025,0,0.42264602,0,0
275512,Emanuel Mammana,24/25,2025,0,0.4225798,0,0
433447,Zak Ruggiero,24/25,2025,1,0.42256695,0,1
60916,Ryan Dow,24/25,2025,0,0.42236906,0,0
900172,Stefano Mazzaroppi,24/25,2025,0,0.42230532,0,0
711384,Gexan Elosegi,24/25,2025,0,0.42228565,0,0
357162,Florentino,24/25,2025,1,0.42224535,0,1
51152,Aleksandar Mitrović,24/25,2025,1,0.42223352,0,1
548032,Sandali Condé,24/25,2025,0,0.42218468,0,0
1038310,Rody Junior Effaghe,24/25,2025,0,0.42213023,0,0
704191,Andrea Cecchetto,24/25,2025,0,0.42198578,0,0
572441,Maximilian Adamski,24/25,2025,0,0.4218537,0,0
906254,Chris Forino,24/25,2025,0,0.42184666,0,0
283001,Noah Sarenren Bazee,24/25,2025,0,0.42170385,0,0
667251,Hugo Bolin,24/25,2025,0,0.42163613,0,0
802518,Julius Voldby,24/25,2025,1,0.42157295,0,1
250686,Bjørn Johnsen,24/25,2025,0,0.42151865,0,0
466820,Xhonatan Lajthia,24/25,2025,0,0.42151105,0,0
236467,Till Schumacher,24/25,2025,0,0.42144877,0,0
654918,Matteo Dams,24/25,2025,0,0.4214362,0,0
1116267,Kristian Mandic,24/25,2025,1,0.4213792,0,1
83370,Stefano Scappini,24/25,2025,1,0.42116728,0,1
874041,Kamarl Grant,24/25,2025,0,0.42115647,0,0
979850,Andrea Cogoni,24/25,2025,0,0.42097208,0,0
300168,Mikel Vesga,24/25,2025,0,0.42075709,0,0
452068,Ayman Azhil,24/25,2025,0,0.4207069,0,0
524481,Roger Ibañez,24/25,2025,0,0.42068675,0,0
1054169,Giulio Scuderi,24/25,2025,1,0.42050904,0,1
818252,Pedro Malheiro,24/25,2025,1,0.42049527,0,1
961944,Ginés Sorroche,24/25,2025,0,0.42041123,0,0
1178033,Lauris Bausenwein,24/25,2025,0,0.4203382,0,0
85960,Manuel Zeitz,24/25,2025,0,0.42011854,0,0
734543,Tommaso Lombardi,24/25,2025,0,0.4201162,0,0
342911,Dimitrios Oungialidis,24/25,2025,0,0.42004272,0,0
1033919,Mahamadou Doumbia,24/25,2025,1,0.4197142,0,1
555194,Mathías Tomás,24/25,2025,1,0.41967416,0,1
354741,Loren Morón,24/25,2025,0,0.41958228,0,0
240342,Lorenzo Filippini,24/25,2025,1,0.41907108,0,1
346309,Morgan Faßbender,24/25,2025,0,0.41901687,0,0
78818,Dario Dumic,24/25,2025,0,0.4188231,0,0
91949,Trigueira,24/25,2025,0,0.41868347,0,0
1023191,George Hemmings,24/25,2025,0,0.41864932,0,0
1022388,Levente Babós,24/25,2025,1,0.41844055,0,1
321239,Everton,24/25,2025,0,0.41804257,0,0
315312,Juanma García,24/25,2025,1,0.41780406,0,1
324803,Nicolas Janvier,24/25,2025,0,0.41777542,0,0
252641,Pione Sisto,24/25,2025,0,0.41758418,0,0
392719,Ben Meyer,24/25,2025,1,0.41757345,0,1
945496,Simo Keddari,24/25,2025,0,0.4173935,0,0
381963,Mike Tresor,24/25,2025,0,0.4172671,0,0
381792,Maicol Origlio,24/25,2025,0,0.41719598,0,0
335440,Emil Christensen,24/25,2025,0,0.4171496,0,0
527270,Falko Michel,24/25,2025,0,0.41709208,0,0
601507,Michele Voltan,24/25,2025,0,0.4169527,0,0
724711,Matyas Jedlicka,24/25,2025,0,0.41680342,0,0
108880,Koen Casteels,24/25,2025,0,0.41660398,0,0
357868,Benjamin Kabeya,24/25,2025,0,0.41656005,0,0
748541,Joeri Oud,24/25,2025,0,0.4165398,0,0
1121304,Emmanuel Gono,24/25,2025,0,0.41638926,0,0
574199,David Lelle,24/25,2025,0,0.41624415,0,0
345740,Gaetano Logoluso,24/25,2025,0,0.41616672,0,0
1005965,Paul Hainke,24/25,2025,0,0.41612735,0,0
1285737,Nicolò Lazzaro,24/25,2025,1,0.41601136,0,1
1049726,Matteo Colombara,24/25,2025,0,0.41572034,0,0
818102,Leonardo Caferri,24/25,2025,0,0.41569397,0,0
404418,Dávid Hancko,24/25,2025,1,0.4156809,0,1
273872,Joey Breitfeld,24/25,2025,0,0.4156803,0,0
576739,Valgeir Valgeirsson,24/25,2025,0,0.4156612,0,0
406094,Damiano Menna,24/25,2025,0,0.4156156,0,0
382204,Martin Koscelník,24/25,2025,0,0.41557634,0,0
175449,Moi Gómez,24/25,2025,0,0.4155537,0,0
616638,Alassane Sidibe,24/25,2025,0,0.41541013,0,0
658536,Simon Adingra,24/25,2025,1,0.41492283,0,1
1241219,Kaly,24/25,2025,0,0.4147397,0,0
664708,Equi Fernández,24/25,2025,1,0.4144249,0,1
186239,Fabricio Pedrozo,24/25,2025,0,0.4141841,0,0
529357,Aris Sörensen,24/25,2025,0,0.41395125,0,0
800948,Jan-Carlo Simić,24/25,2025,1,0.4138931,0,1
51730,Jamie Murphy,24/25,2025,0,0.41379386,0,0
1017689,Kristiyan Valkov,24/25,2025,0,0.41370735,0,0
508398,Jordan Brown,24/25,2025,1,0.4136849,0,1
149516,Atınç Nukan,24/25,2025,0,0.4135302,0,0
898356,Alessandro Berretta,24/25,2025,1,0.41347766,0,1
367620,Jacopo Cioce,24/25,2025,0,0.4133932,0,0
939745,Lorenzo Torriani,24/25,2025,0,0.41312605,0,0
1078216,Dennis Krpalek,24/25,2025,0,0.41300136,0,0
1086319,Lucio Bonofiglio,24/25,2025,1,0.4126232,0,1
354567,Stephen Humphrys,24/25,2025,1,0.41256994,0,1
722280,Luismi Gutiérrez,24/25,2025,0,0.41245934,0,0
509116,Babacar Dione,24/25,2025,1,0.4122156,0,1
318507,Paul Bernardoni,24/25,2025,1,0.41211995,0,1
696893,Richard Taylor,24/25,2025,1,0.41209948,0,1
59009,Jörg Siebenhandl,24/25,2025,0,0.411974,0,0
754634,Axel Henriksson,24/25,2025,1,0.41194502,0,1
919863,Hristo Petrov,24/25,2025,1,0.41182014,0,1
243616,Paschalis Kassos,24/25,2025,1,0.4118086,0,1
163295,Ali Fathi,24/25,2025,0,0.41177237,0,0
135490,Lindsay Rose,24/25,2025,0,0.41147286,0,0
340289,Alessandro Dalmasso,24/25,2025,0,0.41097838,0,0
340166,Alessio Castro-Montes,24/25,2025,1,0.41083544,0,1
343157,Angelos Zioulis,24/25,2025,0,0.4108227,0,0
334297,Kostandin Kariqi,24/25,2025,0,0.41079664,0,0
477930,Rıdvan Yılmaz,24/25,2025,1,0.4105513,0,1
230457,Bruno Gaspar,24/25,2025,1,0.41043884,0,1
510229,Jordi Cano,24/25,2025,0,0.41031164,0,0
476237,Steven Alzate,24/25,2025,1,0.4100434,0,1
197613,Alexandre Guedes,24/25,2025,0,0.41001663,0,0
187353,Milos Degenek,24/25,2025,0,0.4098419,0,0
315968,James Jones,24/25,2025,0,0.40980074,0,0
822959,Tom Bischof,24/25,2025,1,0.40974858,0,1
64601,Sunil Chhetri,24/25,2025,0,0.40963984,0,0
215213,Aleksandr Vasyutin,24/25,2025,0,0.40957713,0,0
587310,Marc Nielsen,24/25,2025,0,0.40954337,0,0
90451,Iván Marcone,24/25,2025,0,0.40947428,0,0
603564,Bakari Camara,24/25,2025,0,0.40943447,0,0
538253,Simão,24/25,2025,0,0.40924287,0,0
911465,Joshua Krüger,24/25,2025,0,0.40919447,0,0
796865,Lamine Sy,24/25,2025,1,0.4091447,0,1
117549,Rodri Ríos,24/25,2025,1,0.40902114,0,1
432895,Pedro,24/25,2025,0,0.4089418,0,0
42004,Deni Alar,24/25,2025,0,0.40876108,0,0
620156,Denis Vala,24/25,2025,0,0.40871543,0,0
121532,Kostakis Artymatas,24/25,2025,0,0.40862575,0,0
573968,Krzysztof Kubica,24/25,2025,0,0.40862006,0,0
1025179,Gergő Kovács,24/25,2025,0,0.40859511,0,0
311130,Lorenzo Melchiori,24/25,2025,0,0.40846667,0,0
631258,Alistair Smith,24/25,2025,1,0.40844685,0,1
1182468,Darius Băncilă,24/25,2025,1,0.40840307,0,1
458780,Gianluca Mastromonaco,24/25,2025,0,0.4083577,0,0
1055079,Luca Lai,24/25,2025,0,0.4082216,0,0
158795,David Timor,24/25,2025,1,0.40821502,0,1
190442,Alan Ruiz,24/25,2025,1,0.40792543,0,1
756811,Manuel Llano,24/25,2025,0,0.40790817,0,0
288311,Ibrahim Blati Touré,24/25,2025,0,0.40783203,0,0
802629,Isaac Ogundere,24/25,2025,0,0.40782803,0,0
451241,Marco Bauer,24/25,2025,0,0.40778083,0,0
1196125,Stilyan Rusenov,24/25,2025,0,0.40776426,0,0
492104,Abdelrahman Boudah,24/25,2025,1,0.40750113,0,1
724034,Athanasios Karamanis,24/25,2025,0,0.40743044,0,0
531253,Luke Cooper,24/25,2025,0,0.407168,0,0
692020,Lasse Wilhelm,24/25,2025,0,0.40693364,0,0
74463,Dániel Póser,24/25,2025,0,0.40671983,0,0
1318390,Niccolò Mennini,24/25,2025,1,0.4066796,0,1
1145455,Nils Ramming,24/25,2025,1,0.40658525,0,1
226300,Michael Dellinger,24/25,2025,0,0.40651628,0,0
392139,Sebastian Müller,24/25,2025,0,0.4063941,0,0
216179,Stefano Sensi,24/25,2025,1,0.4063211,0,1
1133052,Enzo Tacafred,24/25,2025,0,0.40606454,0,0
407491,Luka Gugeshashvili,24/25,2025,1,0.40580776,0,1
959620,Dillon Berko,24/25,2025,0,0.40574777,0,0
88705,Michele Rigione,24/25,2025,0,0.40558988,0,0
542654,Sebastian Jørgensen,24/25,2025,1,0.40533495,0,1
559324,Youri Regeer,24/25,2025,0,0.40527213,0,0
205849,Gjoko Zajkov,24/25,2025,1,0.40513754,0,1
253765,Wesley Hoedt,24/25,2025,0,0.40508506,0,0
195192,Marco Manetta,24/25,2025,1,0.40498742,0,1
1165333,Yanis Senhadji,24/25,2025,0,0.40492675,0,0
524210,Sean McLoughlin,24/25,2025,1,0.40476963,0,1
548109,Iván Morante,24/25,2025,0,0.40472433,0,0
345758,Jamie Barjonas,24/25,2025,1,0.40472278,0,1
526992,Alessandro Galeandro,24/25,2025,0,0.404659,0,0
119292,Danilo Wiebe,24/25,2025,0,0.4045975,0,0
459151,Nicolò Cambiaghi,24/25,2025,0,0.4045848,0,0
570651,Amiro Amadou,24/25,2025,0,0.40447485,0,0
501087,Soufiane Messeguem,24/25,2025,0,0.4043198,0,0
292808,Wout Faes,24/25,2025,0,0.40403306,0,0
118022,Younès Belhanda,24/25,2025,0,0.40388253,0,0
732206,Georgie Gent,24/25,2025,0,0.40383548,0,0
327757,Krzysztof Piatek,24/25,2025,1,0.40348312,0,1
491648,Diego Valencia,24/25,2025,0,0.40347478,0,0
162819,Rafa Lopes,24/25,2025,0,0.403196,0,0
406151,Zé Pedro,24/25,2025,1,0.40314844,0,1
724437,Kaleb Jiménez,24/25,2025,0,0.40311372,0,0
220848,Yannick Gomis,24/25,2025,0,0.40305197,0,0
178469,Michael Krmencik,24/25,2025,0,0.40304267,0,0
448395,Giulio Favale,24/25,2025,0,0.40298492,0,0
513972,Juan Flere,24/25,2025,0,0.4029276,0,0
926839,Ivan Sulev,24/25,2025,0,0.40292683,0,0
383042,Gemelson Vieira,24/25,2025,0,0.40273455,0,0
139751,Filip Stojkovic,24/25,2025,1,0.40268338,0,1
340435,Eros De Santis,24/25,2025,1,0.40243322,0,1
1069532,Owen Cuddihy,24/25,2025,0,0.40241602,0,0
448058,Giannis Papanikolaou,24/25,2025,0,0.40233853,0,0
343945,Niccolò Zanellato,24/25,2025,0,0.40206188,0,0
470606,Leighton Clarkson,24/25,2025,0,0.40204796,0,0
564890,André Clóvis,24/25,2025,0,0.40189716,0,0
160630,Alessandro Ligi,24/25,2025,0,0.40186104,0,0
1015829,Tugra Turhan,24/25,2025,1,0.40184954,0,1
103427,Chris Smalling,24/25,2025,0,0.40184703,0,0
303308,Cihan Kahraman,24/25,2025,0,0.40180776,0,0
751033,Pierrick Moulin,24/25,2025,1,0.40170723,0,1
872170,Gregorio Tanco,24/25,2025,1,0.401623,0,1
649765,Ákos Király,24/25,2025,0,0.40148127,0,0
728256,Luca Andrada,24/25,2025,0,0.4014421,0,0
280982,Eoghan O'Connell,24/25,2025,1,0.40143526,0,1
160222,Uros Spajic,24/25,2025,0,0.4014222,0,0
735672,Maël de Gevigney,24/25,2025,0,0.40113786,0,0
412529,Lukas Giessing,24/25,2025,0,0.40101916,0,0
376232,Bassam Al-Rawi,24/25,2025,0,0.40075767,0,0
833268,Alonso Aceves,24/25,2025,0,0.40023202,0,0
531824,Kike Hermoso,24/25,2025,0,0.40022278,0,0
549791,Augustus Kargbo,24/25,2025,0,0.4001445,0,0
688881,Vinícius Lopes,24/25,2025,0,0.40007558,0,0
678441,Daniele Montevago,24/25,2025,0,0.40001243,0,0
201654,Barna Kesztyűs,24/25,2025,0,0.39998642,0,0
263482,Michael Olunga,24/25,2025,1,0.3998329,0,1
461625,Alberto Salido,24/25,2025,0,0.39978635,0,0
1372149,Gibril Sosseh,24/25,2025,0,0.39954734,0,0
1276321,Ivaylo Nedelchev,24/25,2025,0,0.39942268,0,0
1003925,Henrijs Auseklis,24/25,2025,0,0.3991205,0,0
704337,William Rovida,24/25,2025,0,0.3984305,0,0
157543,Dimitrios Kourbelis,24/25,2025,0,0.39842594,0,0
134424,Nick Powell,24/25,2025,1,0.3984082,0,1
390724,Manuel Ferrini,24/25,2025,0,0.39836162,0,0
510388,Lucas Anacker,24/25,2025,0,0.398293,0,0
609648,Petros Bagalianis,24/25,2025,0,0.398094,0,0
226006,Emanuel Insúa,24/25,2025,1,0.39801255,0,1
820807,Francesco Toniolo,24/25,2025,0,0.39786142,0,0
272618,Teddy Bouriaud,24/25,2025,0,0.39770046,0,0
62750,Giacomo Rosaia,24/25,2025,0,0.3976443,0,0
934202,Raffaele Romano,24/25,2025,1,0.39750904,0,1
329324,Johannes Dörfler,24/25,2025,0,0.39723173,0,0
1004834,George Ilenikhena,24/25,2025,0,0.39718878,0,0
121137,Stuart Bannigan,24/25,2025,1,0.39711922,0,1
420179,Gianluca Saro,24/25,2025,1,0.3971038,0,1
146164,Max Meyer,24/25,2025,0,0.397017,0,0
462353,Yousef Hassan,24/25,2025,1,0.39662486,0,1
1012731,Luis Balbo,24/25,2025,0,0.39619857,0,0
1141560,Kader Meïté,24/25,2025,0,0.39613765,0,0
598153,Dimitrios Tsakmakis,24/25,2025,0,0.39601672,0,0
131978,Ross Barkley,24/25,2025,0,0.39596745,0,0
645880,Ifet Djakovac,24/25,2025,0,0.39594507,0,0
1166025,Vojtech Novak,24/25,2025,0,0.3959201,0,0
832326,Romualdas Jansonas,24/25,2025,1,0.39579943,0,1
1307148,Amedeo Vendramini,24/25,2025,1,0.3955662,0,1
237144,Stefan Maderer,24/25,2025,0,0.39553234,0,0
214798,Craig Goodwin,24/25,2025,1,0.39498353,0,1
396955,Emmanuele Esposito,24/25,2025,0,0.3949684,0,0
895906,Dimitrios Laskaris,24/25,2025,0,0.39488825,0,0
1152976,Eric Porstner,24/25,2025,1,0.3948416,0,1
129592,Julien De Sart,24/25,2025,0,0.39478046,0,0
717244,Dimitar Ivanov,24/25,2025,0,0.39458615,0,0
352598,Dragan Grivić,24/25,2025,1,0.39455754,0,1
633111,Álex Calatrava,24/25,2025,0,0.3943916,0,0
921065,Yannick Mausehund,24/25,2025,0,0.39432055,0,0
772349,Fabian Feiner,24/25,2025,0,0.39407468,0,0
251309,Dennis Geiger,24/25,2025,0,0.39388818,0,0
232390,Lukas Skovajsa,24/25,2025,0,0.39388004,0,0
562409,Afeez Aremu,24/25,2025,0,0.39382678,0,0
648893,István Pekár,24/25,2025,0,0.3937477,0,0
505673,Víctor Mollejo,24/25,2025,1,0.3937449,0,1
27992,Luka Modrić,24/25,2025,1,0.39373407,0,1
789738,Yannick Michaelis,24/25,2025,0,0.3935808,0,0
374421,Marvin Lorch,24/25,2025,0,0.39343125,0,0
740322,Hassan Aladin,24/25,2025,0,0.39338234,0,0
114341,Anselmo,24/25,2025,1,0.39335838,0,1
197602,Rúben Semedo,24/25,2025,1,0.39304852,0,1
820013,Péter Szalai,24/25,2025,0,0.39299312,0,0
680906,Mustapha Gbolahan Salami,24/25,2025,0,0.39299196,0,0
228645,Wout Weghorst,24/25,2025,0,0.39297548,0,0
284058,Kai Brünker,24/25,2025,0,0.39290717,0,0
115382,Guilherme,24/25,2025,0,0.39269084,0,0
433049,Youssef En-Nesyri,24/25,2025,0,0.39240873,0,0
78570,Anthony Moris,24/25,2025,1,0.39238885,0,1
518676,Patrick Luan,24/25,2025,0,0.39220282,0,0
619884,Emil Engqvist,24/25,2025,0,0.39210376,0,0
1055878,Deacon van der Klaauw,24/25,2025,1,0.3920617,0,1
258914,Brad Collins,24/25,2025,1,0.392055,0,1
311266,Rubén Díez,24/25,2025,0,0.39197263,0,0
342702,Michel Vlap,24/25,2025,1,0.39191213,0,1
681829,Nilton,24/25,2025,0,0.39189133,0,0
726717,Konstantinos Pomonis,24/25,2025,1,0.39188087,0,1
404995,Davide Diaw,24/25,2025,0,0.39187434,0,0
1080421,Ieuan Owen,24/25,2025,0,0.3916373,0,0
536697,Amel Mujanic,24/25,2025,0,0.39136064,0,0
223668,Kevin Fery,24/25,2025,0,0.3911237,0,0
634267,David González,24/25,2025,0,0.3909947,0,0
726667,Hugo Pavek,24/25,2025,0,0.39092356,0,0
405982,Idris Kanu,24/25,2025,0,0.39092273,0,0
151213,Ross Callachan,24/25,2025,1,0.39088967,0,1
134327,Fabio Benedetto,24/25,2025,0,0.39086235,0,0
848089,Illaijh de Ruijter,24/25,2025,0,0.3905481,0,0
94529,Stephan El Shaarawy,24/25,2025,0,0.3905116,0,0
374081,Aitor Buñuel,24/25,2025,1,0.39047778,0,1
742163,Joel Bagan,24/25,2025,0,0.3899688,0,0
383810,Arnau Campeny,24/25,2025,0,0.38984105,0,0
376127,Stefan Kovac,24/25,2025,1,0.38973492,0,1
196304,John Owen,24/25,2025,1,0.38962334,0,1
1152979,Levin Chiumento,24/25,2025,0,0.3895271,0,0
472176,Salvatore Boccia,24/25,2025,0,0.38935167,0,0
938412,Theofilos Kakadiaris,24/25,2025,0,0.38912955,0,0
158793,Fran Sota,24/25,2025,0,0.3889933,0,0
898127,Fedor Lapoukhov,24/25,2025,0,0.3889397,0,0
235413,Jaromir Zmrhal,24/25,2025,0,0.38879246,0,0
296234,Deco,24/25,2025,0,0.38848943,0,0
242497,Pere Pons,24/25,2025,0,0.38844803,0,0
351181,Yusuf,24/25,2025,0,0.388273,0,0
65302,Pau Torres,24/25,2025,0,0.3881691,0,0
254968,Dario Marzino,24/25,2025,0,0.38816342,0,0
744478,Dominik Pestic,24/25,2025,1,0.38812762,0,1
717296,Lucas Areco,24/25,2025,0,0.38806412,0,0
467486,Antoine Leautey,24/25,2025,1,0.38784227,0,1
191188,Alexis Sauvage,24/25,2025,0,0.38775823,0,0
707397,Filippo Manfrin,24/25,2025,0,0.38773292,0,0
425764,Kelsey Mooney,24/25,2025,0,0.3876818,0,0
979578,Jonathan Flensborg,24/25,2025,0,0.38764757,0,0
877872,Ben Hughes,24/25,2025,1,0.387313,0,1
1134119,Digne Kaelas Pounga,24/25,2025,0,0.38718635,0,0
1049590,Meshak Babanzila,24/25,2025,0,0.38706386,0,0
710865,Dominik Csontos,24/25,2025,0,0.38681352,0,0
952770,Strahinja Stojkovic,24/25,2025,1,0.3865875,0,1
291286,Liam Walsh,24/25,2025,1,0.38648418,0,1
1009446,Tyler Meiser,24/25,2025,1,0.38640583,0,1
1073748,Kacper Potulski,24/25,2025,1,0.3863437,0,1
421710,Patryk Szysz,24/25,2025,1,0.38629755,0,1
832656,Elias Egerton,24/25,2025,0,0.3862154,0,0
222813,Marko Grujić,24/25,2025,1,0.38608274,0,1
266809,Nicolás Freire,24/25,2025,0,0.38606298,0,0
402733,Gonzalo Montiel,24/25,2025,0,0.3860427,0,0
606222,Juanca Pineda,24/25,2025,0,0.38602504,0,0
21327,Ron-Robert Zieler,24/25,2025,1,0.38598284,0,1
610607,Jakub Surovcik,24/25,2025,0,0.38593018,0,0
333851,Ákos Sigér,24/25,2025,0,0.38587958,0,0
639237,Vedat Tunc,24/25,2025,0,0.38584533,0,0
198410,Adrian Dabasse,24/25,2025,0,0.3857995,0,0
391470,Marcus Browne,24/25,2025,0,0.3855439,0,0
131789,Roberto Firmino,24/25,2025,1,0.3850107,0,1
581018,Andrija Katic,24/25,2025,0,0.38489866,0,0
1018784,Adrian Svanbäck,24/25,2025,1,0.38478085,0,1
241391,Oussama Idrissi,24/25,2025,0,0.3846271,0,0
539226,Simone Benincasa,24/25,2025,0,0.3845221,0,0
272786,Gábor Megyeri,24/25,2025,0,0.3844603,0,0
333666,Dominik Lanius,24/25,2025,0,0.3844533,0,0
878416,Michalis Voriazidis,24/25,2025,1,0.38445252,0,1
997908,Mattia Arrigoni,24/25,2025,0,0.38441366,0,0
383008,Daniel Azevedo,24/25,2025,0,0.38436466,0,0
806793,Clément Akpa,24/25,2025,0,0.38434806,0,0
345098,Tameem Al-Muhaza,24/25,2025,0,0.38422355,0,0
203662,Giannis Sotirakos,24/25,2025,1,0.38422316,0,1
265078,Patrick Cutrone,24/25,2025,1,0.38415086,0,1
409533,Nick Shinton,24/25,2025,0,0.38385588,0,0
610878,Jacopo Desogus,24/25,2025,0,0.38375852,0,0
487603,Domen Gril,24/25,2025,0,0.38360363,0,0
1073217,Vincenzo Lettieri,24/25,2025,0,0.38351056,0,0
101345,Pasquale Maiorino,24/25,2025,0,0.3833339,0,0
182870,Fidan Aliti,24/25,2025,0,0.3832677,0,0
933205,Tibor Szabó,24/25,2025,0,0.38325936,0,0
816578,Pascal Fuchs,24/25,2025,0,0.38306496,0,0
542572,Sergio Maselli,24/25,2025,0,0.3827819,0,0
402970,Dimitrios Stavropoulos,24/25,2025,0,0.3827762,0,0
1164260,Edin Etoski,24/25,2025,0,0.3827368,0,0
624462,Jan Reichert,24/25,2025,0,0.38258833,0,0
503854,Joel Grodowski,24/25,2025,0,0.38252908,0,0
626854,Kevin Höög Jansson,24/25,2025,0,0.3824424,0,0
93128,Kalidou Koulibaly,24/25,2025,0,0.3824,0,0
559800,Oliver Casey,24/25,2025,0,0.3822222,0,0
286259,Davide Riccardi,24/25,2025,0,0.38216683,0,0
182323,Lucas Lima,24/25,2025,1,0.38190418,0,1
257477,Milos Zlatkovic,24/25,2025,1,0.3814441,0,1
1025800,Jonas Feddersen,24/25,2025,0,0.3813853,0,0
291423,Giorgio Piacentini,24/25,2025,0,0.38129887,0,0
340415,Tomi Horvat,24/25,2025,0,0.38128406,0,0
278467,Iván Pérez,24/25,2025,1,0.38081583,0,1
996327,Dmitriy Denisenko,24/25,2025,0,0.38073486,0,0
390726,Matteo Rossini,24/25,2025,0,0.3806004,0,0
322517,Joël Schmied,24/25,2025,0,0.38051394,0,0
61697,Wes Foderingham,24/25,2025,1,0.38043958,0,1
143798,Pavel Kaderabek,24/25,2025,1,0.38040075,0,1
183365,Höskuldur Gunnlaugsson,24/25,2025,0,0.38038936,0,0
862733,Freddy Bomo,24/25,2025,1,0.38033244,0,1
1025415,Martin Todorski,24/25,2025,0,0.3802892,0,0
665971,Jonas Nickisch,24/25,2025,1,0.38008568,0,1
390725,Andrea Masetti,24/25,2025,0,0.38000017,0,0
237846,Edmílson Junior,24/25,2025,0,0.37979808,0,0
407907,Gelson Dala,24/25,2025,0,0.37977925,0,0
584452,Nikolaos Michelis,24/25,2025,0,0.37965328,0,0
1113024,Vasilije Markovic,24/25,2025,0,0.37958828,0,0
491946,Paya Pichkah,24/25,2025,0,0.3795542,0,0
683895,Emmanuel Agbadou,24/25,2025,0,0.37951112,0,0
690147,Felix Paschke,24/25,2025,0,0.3794704,0,0
427572,Zuriko Davitashvili,24/25,2025,0,0.37909403,0,0
1010466,Lucas Bretón,24/25,2025,1,0.37904906,0,1
304144,Alen Sherri,24/25,2025,1,0.37904745,0,1
614988,Ilias Kostis,24/25,2025,0,0.3790106,0,0
84911,Daniel Genov,24/25,2025,0,0.37899607,0,0
378872,Kayden Jackson,24/25,2025,0,0.37895826,0,0
908061,Vojtech Hranos,24/25,2025,1,0.37895688,0,1
685160,Mark McKenzie,24/25,2025,0,0.3788014,0,0
684061,Lucas Soares,24/25,2025,0,0.3786676,0,0
528515,Maximilian Großer,24/25,2025,0,0.3785943,0,0
927870,Niccolò Bianchi,24/25,2025,0,0.37837425,0,0
313477,Paolo Ghiglione,24/25,2025,1,0.3783365,0,1
456898,Vladan Danilović,24/25,2025,0,0.37817764,0,0
379315,Edgaras Utkus,24/25,2025,0,0.37816545,0,0
36139,Dušan Tadić,24/25,2025,1,0.3780049,0,1
138850,Stefan Drazic,24/25,2025,0,0.37788475,0,0
229265,Luca Ferri,24/25,2025,0,0.3778429,0,0
521329,Carlos Redru,24/25,2025,0,0.37781298,0,0
693125,Liam Higgins,24/25,2025,0,0.3776062,0,0
1209287,Jano Monserrate,24/25,2025,0,0.3773579,0,0
196146,Kasim Rabihic,24/25,2025,0,0.37734476,0,0
1000698,Kirill Parmonov,24/25,2025,0,0.37719682,0,0
168550,Andrea Brighenti,24/25,2025,1,0.377062,0,1
472249,Jan Thielmann,24/25,2025,0,0.3770514,0,0
686977,Justin Seven,24/25,2025,0,0.37691545,0,0
697278,Charlie Webster,24/25,2025,0,0.3768735,0,0
323704,Malcom,24/25,2025,0,0.37687185,0,0
1049728,Nicolas Previtali,24/25,2025,0,0.37667134,0,0
397797,Giovanni Pinto,24/25,2025,0,0.37649405,0,0
127076,Jérôme Roussillon,24/25,2025,1,0.37644523,0,1
196095,Luca Waldschmidt,24/25,2025,0,0.37634978,0,0
474838,Brian Plat,24/25,2025,0,0.3760596,0,0
981693,Don-Angelo Konadu,24/25,2025,0,0.37600538,0,0
96254,Pietro Terracciano,24/25,2025,1,0.3758321,0,1
741253,Javier Boñar,24/25,2025,0,0.37575462,0,0
207834,Yassine Bounou,24/25,2025,0,0.3751617,0,0
711631,Marcelo Expósito,24/25,2025,0,0.37492165,0,0
352599,Stefan Loncar,24/25,2025,0,0.37489048,0,0
922892,Baran Moğultay,24/25,2025,1,0.37487066,0,1
225161,Rúben Neves,24/25,2025,0,0.37480277,0,0
251892,Juan Soriano,24/25,2025,0,0.37464786,0,0
130149,Giannis Pasas,24/25,2025,0,0.37432572,0,0
993537,Johnbosco Samuel Kalu,24/25,2025,1,0.37431115,0,1
326921,Christopher Lannert,24/25,2025,0,0.37391654,0,0
72505,Thomas Meißner,24/25,2025,0,0.3739096,0,0
357996,Davide Grassini,24/25,2025,0,0.37384096,0,0
56853,Federico Casarini,24/25,2025,0,0.37374455,0,0
52490,Kevin Sommer,24/25,2025,0,0.37368122,0,0
152695,Martin Sindelar,24/25,2025,0,0.37345344,0,0
342012,Rody de Boer,24/25,2025,0,0.37339628,0,0
502893,Denzel Jubitana,24/25,2025,0,0.3732468,0,0
678991,Ulisses,24/25,2025,0,0.37305066,0,0
835373,André Escobar,24/25,2025,0,0.37300256,0,0
704156,Nicholas Gioacchini,24/25,2025,0,0.3730001,0,0
268742,Márton Lorentz,24/25,2025,1,0.37298456,0,1
685145,Filip Bundgaard,24/25,2025,0,0.37291586,0,0
484992,Aïmen Moueffek,24/25,2025,0,0.37282646,0,0
391788,CJ Hamilton,24/25,2025,0,0.37280402,0,0
218355,Conor Grant,24/25,2025,0,0.37254325,0,0
649568,Pavel Juroska,24/25,2025,0,0.37241817,0,0
158863,Iñigo Martínez,24/25,2025,1,0.37236753,0,1
1058399,Maximilian Ibrahimović,24/25,2025,1,0.3723616,0,1
487836,Simone Panada,24/25,2025,0,0.3723385,0,0
707602,Edgar Piloyan,24/25,2025,1,0.37223628,0,1
213854,Cedric Gondo,24/25,2025,0,0.37206885,0,0
267330,Joel Abu Hanna,24/25,2025,0,0.37193862,0,0
192073,Rubén Bover,24/25,2025,0,0.37189957,0,0
293785,Aidan McAdams,24/25,2025,0,0.37189567,0,0
852739,Rei Zaimi,24/25,2025,1,0.37188697,0,1
457420,Matteo Figoli,24/25,2025,0,0.37185135,0,0
416809,Daniel Hanslik,24/25,2025,0,0.3717774,0,0
621122,Matteo Angeli,24/25,2025,0,0.37150013,0,0
385614,Andrzej Trubeha,24/25,2025,0,0.3713431,0,0
60410,Marcos Acuña,24/25,2025,0,0.37114596,0,0
179757,Maximiliano Olivera,24/25,2025,0,0.371056,0,0
323167,Matteo Gabbia,24/25,2025,0,0.37096366,0,0
600041,Mattia Felici,24/25,2025,0,0.3708713,0,0
547039,Isaak Davies,24/25,2025,0,0.37066963,0,0
92488,Paddy Madden,24/25,2025,1,0.37062934,0,1
135747,Luca Lezzerini,24/25,2025,1,0.37054828,0,1
820393,Hamza Alaa,24/25,2025,1,0.3701932,0,1
693342,Martin Achkov,24/25,2025,0,0.37017265,0,0
394033,Stefan Schimmer,24/25,2025,0,0.3700444,0,0
727495,Nikola Iliev,24/25,2025,0,0.3700311,0,0
225452,Patrick Roberts,24/25,2025,1,0.36999238,0,1
732743,Sam Long,24/25,2025,0,0.3698056,0,0
1110622,Francesco Nunziata,24/25,2025,1,0.36975238,0,1
221876,Mikkel Wohlgemuth,24/25,2025,0,0.369593,0,0
416108,Youcef Atal,24/25,2025,0,0.36951336,0,0
307511,Mirko Kos,24/25,2025,0,0.36943072,0,0
318058,Manuel Nicoletti,24/25,2025,1,0.36924207,0,1
295073,Kleton Perntreou,24/25,2025,1,0.36898732,0,1
1011139,Jaden Dixon,24/25,2025,0,0.36897686,0,0
740753,Gleb Vershinin,24/25,2025,0,0.36896005,0,0
450427,Vasilios Xenopoulos,24/25,2025,0,0.368875,0,0
636601,Aleksa Djurasovic,24/25,2025,0,0.368863,0,0
61694,Neil Etheridge,24/25,2025,0,0.36878598,0,0
556982,Marcus Dinanga,24/25,2025,0,0.36842918,0,0
182722,Bruno Varela,24/25,2025,1,0.36823726,0,1
507345,Leonidas Stergiou,24/25,2025,0,0.36819816,0,0
438311,Victor Stina,24/25,2025,1,0.36818793,0,1
613040,Youness Lachhab,24/25,2025,0,0.36778888,0,0
394920,Filippo Sgarbi,24/25,2025,1,0.3677479,0,1
599552,Williams Alarcón,24/25,2025,0,0.36762375,0,0
339832,Atanas Karachorov,24/25,2025,0,0.36758792,0,0
1153630,Tobias Weigel,24/25,2025,0,0.36736235,0,0
167470,Mattia Maita,24/25,2025,1,0.36728954,0,1
544895,Paulinho Bóia,24/25,2025,0,0.3672002,0,0
58382,Kristian Böhnlein,24/25,2025,0,0.36702797,0,0
238367,Cassiano,24/25,2025,0,0.36699015,0,0
421984,Vaclav Drchal,24/25,2025,0,0.3669823,0,0
464402,Dániel Karacs,24/25,2025,0,0.3669585,0,0
1174327,Domiziano Tirelli,24/25,2025,1,0.36682978,0,1
1042816,Matteo Marini,24/25,2025,0,0.3663357,0,0
258911,Mukhtar Ali,24/25,2025,0,0.3662927,0,0
356236,Tomoki Iwata,24/25,2025,0,0.36622137,0,0
561899,Abdollah Ali Saei,24/25,2025,0,0.36613184,0,0
512754,Maxence Carlier,24/25,2025,0,0.36588374,0,0
242668,Paschalis Staikos,24/25,2025,1,0.3658162,0,1
363227,James Penrice,24/25,2025,1,0.365813,0,1
646704,Maxim Dekker,24/25,2025,0,0.36571592,0,0
88701,Filippo Perucchini,24/25,2025,1,0.36566556,0,1
122676,Robert Zulj,24/25,2025,1,0.3656288,0,1
470241,Andreas Chrysostomou,24/25,2025,0,0.3656057,0,0
314205,Danny Collinge,24/25,2025,0,0.3655799,0,0
559263,Fábio Carvalho,24/25,2025,0,0.36543038,0,0
185195,Nikko Boxall,24/25,2025,0,0.3653573,0,0
291653,Josef Weberbauer,24/25,2025,0,0.36534002,0,0
1177810,Valdemar Møller,24/25,2025,0,0.36520836,0,0
308371,Mikel Villanueva,24/25,2025,1,0.36500037,0,1
57299,Michele Marconi,24/25,2025,0,0.36484364,0,0
284876,Paolo Fernandes,24/25,2025,1,0.36475265,0,1
413268,Kevin Yakob,24/25,2025,0,0.36472386,0,0
147131,Javier Cabrera,24/25,2025,0,0.36470842,0,0
80197,Salomón Rondón,24/25,2025,1,0.36459666,0,1
1048147,Federico Cassa,24/25,2025,0,0.36457318,0,0
883007,Filippo Mane,24/25,2025,0,0.36446363,0,0
289065,Simone Palombi,24/25,2025,0,0.3644007,0,0
543537,Seydouba Cissé,24/25,2025,0,0.3643889,0,0
237356,Michal Rzuchowski,24/25,2025,0,0.36414388,0,0
945500,Rayane Belaid,24/25,2025,0,0.3641064,0,0
736202,Brayan Gil,24/25,2025,0,0.3640682,0,0
920310,Taha Ayari,24/25,2025,0,0.36386058,0,0
113133,Germán Pezzella,24/25,2025,0,0.363643,0,0
931668,Elias Benkara,24/25,2025,0,0.3630775,0,0
487830,Christian Dimarco,24/25,2025,1,0.36305386,0,1
121402,Ahmad Benali,24/25,2025,1,0.36304212,0,1
329365,Luca Köbele,24/25,2025,0,0.36288643,0,0
65001,Armend Alimi,24/25,2025,1,0.3627265,0,1
386792,Stefan Korsch,24/25,2025,0,0.3626457,0,0
592358,Victor Lobry,24/25,2025,0,0.36252138,0,0
221687,Alex Gilliead,24/25,2025,1,0.36247587,0,1
336855,Elliot Newby,24/25,2025,0,0.36237714,0,0
612143,Kylian Kaïboue,24/25,2025,0,0.3622078,0,0
902987,Mats Seiler,24/25,2025,0,0.36164084,0,0
967523,Aaron Reid,24/25,2025,0,0.36146757,0,0
994604,Matai Akinmboni,24/25,2025,0,0.3608806,0,0
548802,John Liebelt,24/25,2025,0,0.36063835,0,0
265289,Alberto Jiménez,24/25,2025,0,0.36060673,0,0
940411,Nóel Atli Arnórsson,24/25,2025,0,0.36055225,0,0
182313,Badra Ali Sangaré,24/25,2025,1,0.3604214,0,1
250028,Ivan Ljubic,24/25,2025,1,0.36032933,0,1
558133,Kyle Harrison,24/25,2025,1,0.36032084,0,1
674501,Jonathan Gómez,24/25,2025,1,0.36022967,0,1
743496,Kévin Danois,24/25,2025,0,0.36012694,0,0
929467,Kamil Jakubczyk,24/25,2025,0,0.36012352,0,0
549021,João Sérgio,24/25,2025,0,0.35991985,0,0
470242,Michalis Ioannou,24/25,2025,0,0.35990128,0,0
315862,Filippo Melegoni,24/25,2025,0,0.35989565,0,0
787936,Ollie Hulbert,24/25,2025,0,0.35985956,0,0
1285972,Lorenzo Costa,24/25,2025,0,0.35980335,0,0
284342,Conan Ledesma,24/25,2025,0,0.35976565,0,0
645955,Rick,24/25,2025,0,0.3597135,0,0
446248,Shaquille Pinas,24/25,2025,1,0.3594894,0,1
140914,Thomas O'Brien,24/25,2025,0,0.3593617,0,0
164830,Márió Németh,24/25,2025,0,0.35928765,0,0
213947,Farid Abderrahmane,24/25,2025,0,0.35905033,0,0
238809,Florent Hadergjonaj,24/25,2025,0,0.35897675,0,0
126953,Bojan Zogovic,24/25,2025,0,0.3589766,0,0
341570,Guillermo Vallejo,24/25,2025,0,0.35895482,0,0
182713,Carlos Daniel,24/25,2025,0,0.35893512,0,0
818246,Noah Kruth,24/25,2025,0,0.35869247,0,0
465848,Preslav Borukov,24/25,2025,0,0.3581019,0,0
70639,Petr Reinberk,24/25,2025,0,0.35808766,0,0
826795,Dariusz Stalmach,24/25,2025,0,0.3579726,0,0
912447,Florian Dimmer,24/25,2025,0,0.3578251,0,0
908676,Amath Cissé,24/25,2025,1,0.3577865,0,1
268250,Bonifác Csonka,24/25,2025,0,0.35775703,0,0
142208,Emil Bergström,24/25,2025,1,0.35766965,0,1
692338,Devin Angleberger,24/25,2025,0,0.35735595,0,0
1025408,Tijn Peters,24/25,2025,0,0.35727316,0,0
944095,Olle Samuelsson,24/25,2025,1,0.35705945,0,1
1134304,Joseph Liteta,24/25,2025,0,0.35696888,0,0
586746,Marios Vichos,24/25,2025,0,0.35675314,0,0
289843,Sean Goss,24/25,2025,0,0.3567283,0,0
624942,Raúl Moro,24/25,2025,1,0.3566431,0,1
238868,Rubén Peña,24/25,2025,1,0.35619938,0,1
703225,Matteo Falasca,24/25,2025,0,0.35609263,0,0
1050787,Lorenzo Lischetti,24/25,2025,1,0.35608,0,1
615180,Gaetano Vitale,24/25,2025,1,0.3558112,0,1
468309,Lucas Rosa,24/25,2025,0,0.3557266,0,0
929878,Filip Sidklev,24/25,2025,1,0.3557234,0,1
954090,Rayan Lutin,24/25,2025,0,0.35558456,0,0
354061,Lukas Malicsek,24/25,2025,0,0.35555992,0,0
1099350,Dan Barton,24/25,2025,1,0.35506243,0,1
458800,Andrea Mattioli,24/25,2025,0,0.35492894,0,0
89086,Aleksandr Kokorin,24/25,2025,0,0.3548177,0,0
666563,Kelvin John,24/25,2025,0,0.35470623,0,0
465818,Brian Rodríguez,24/25,2025,0,0.35448092,0,0
1035971,Antoni Franke,24/25,2025,0,0.35432202,0,0
796297,Jobe Bellingham,24/25,2025,1,0.35421544,0,1
202764,Mohamed El-Munir,24/25,2025,0,0.35418844,0,0
236997,Tiago Silva,24/25,2025,1,0.35401788,0,1
198617,Jan Vondra,24/25,2025,0,0.35397822,0,0
357164,Rafael Leão,24/25,2025,0,0.3538893,0,0
69511,Patrick Mortensen,24/25,2025,0,0.3535394,0,0
897478,Etienne Borie,24/25,2025,0,0.35338753,0,0
957822,Eddy Kouadio,24/25,2025,0,0.3533216,0,0
282095,Viktor Karl Einarsson,24/25,2025,0,0.35319978,0,0
525140,Goduine Koyalipou,24/25,2025,1,0.35319272,0,1
102558,Marco Verratti,24/25,2025,1,0.3531836,0,1
451237,Laurin Tost,24/25,2025,0,0.35311285,0,0
62358,Luca Castiglia,24/25,2025,0,0.35310185,0,0
1088420,Michele Sasso,24/25,2025,1,0.35295478,0,1
537706,Lucas Fox,24/25,2025,0,0.35290793,0,0
146937,Francesco Lisi,24/25,2025,0,0.3527587,0,0
567456,Andrea Bonetti,24/25,2025,0,0.3527357,0,0
223977,Igor Julião,24/25,2025,0,0.3526784,0,0
158106,Peter Michorl,24/25,2025,0,0.3526329,0,0
804885,Martin Expérience,24/25,2025,0,0.35263148,0,0
240158,Francesco Vicari,24/25,2025,0,0.35253403,0,0
361504,Rafa Mujica,24/25,2025,0,0.35248435,0,0
413032,Ibrahima Diallo,24/25,2025,1,0.35242486,0,1
106270,Florian Kainz,24/25,2025,0,0.35231525,0,0
586744,Panagiotis Liagas,24/25,2025,0,0.352315,0,0
203853,Oleksandr Zinchenko,24/25,2025,1,0.35225132,0,1
334570,Stefano Selvatico,24/25,2025,0,0.35187483,0,0
895330,Salvi Esquivel,24/25,2025,0,0.35186186,0,0
345586,Kasper Lunding,24/25,2025,0,0.35181123,0,0
524564,Can Degirmenci,24/25,2025,1,0.351758,0,1
369111,Georgios Tzovaras,24/25,2025,0,0.35168695,0,0
412474,Frankie Musonda,24/25,2025,1,0.3516217,0,1
531229,Sam Jones,24/25,2025,0,0.35154203,0,0
741545,Daniel Armstrong,24/25,2025,0,0.35142848,0,0
611305,Nicola Gori,24/25,2025,0,0.3513978,0,0
947360,Kassoum Ouattara,24/25,2025,0,0.35130122,0,0
295761,Stefano Aiolfi,24/25,2025,0,0.35122693,0,0
523977,Miguel Baeza,24/25,2025,0,0.3510342,0,0
447221,Hamza Mendyl,24/25,2025,0,0.35068402,0,0
371150,Loïc Bessilé,24/25,2025,0,0.35065088,0,0
569035,Fahad Bayo,24/25,2025,1,0.35048094,0,1
729174,Julius Kliti,24/25,2025,0,0.35034513,0,0
1009658,Julio Soler,24/25,2025,0,0.3502525,0,0
51349,Mikkel Rygaard,24/25,2025,0,0.34995726,0,0
741352,Dmitriy Lutik,24/25,2025,0,0.34990937,0,0
212804,Florian Tardieu,24/25,2025,0,0.34990504,0,0
45567,Jonathan Biabiany,24/25,2025,0,0.34942463,0,0
565523,Edu Espiau,24/25,2025,1,0.34907088,0,1
204198,Romain Saïss,24/25,2025,0,0.34904957,0,0
930571,Oscar Gloukh,24/25,2025,1,0.34888154,0,1
330560,Alessandro Celli,24/25,2025,0,0.34871614,0,0
532776,Amine Adli,24/25,2025,1,0.3486743,0,1
982267,Ibrahim Sulemana,24/25,2025,1,0.3486542,0,1
228750,Alessandro Golinucci,24/25,2025,0,0.34860986,0,0
286328,Scott Stewart,24/25,2025,0,0.34841466,0,0
503864,Ludvig Henriksen,24/25,2025,0,0.34831256,0,0
416088,Romain Correia,24/25,2025,0,0.3482178,0,0
148812,Aurél Farkas,24/25,2025,0,0.348141,0,0
377605,Hamdou El Houni,24/25,2025,0,0.3481381,0,0
903202,Jordi Jaku,24/25,2025,0,0.34804782,0,0
356325,Leon Schneider,24/25,2025,0,0.34804365,0,0
123258,Ivan Varone,24/25,2025,1,0.34800443,0,1
395120,Stefano Bonaiti,24/25,2025,1,0.3479904,0,1
525385,Tobias Dombrowa,24/25,2025,0,0.34792656,0,0
956605,Zsombor Petroff,24/25,2025,0,0.34785613,0,0
597804,Jonas Kersken,24/25,2025,0,0.3478107,0,0
118997,Aitor Fernández,24/25,2025,0,0.3477022,0,0
394123,Manuel Peretti,24/25,2025,0,0.3476059,0,0
176553,Aymeric Laporte,24/25,2025,1,0.34739938,0,1
73090,Vid Belec,24/25,2025,0,0.34731698,0,0
738046,Ismael Mansaray,24/25,2025,1,0.34708297,0,1
536460,Andrea Ghezzi,24/25,2025,0,0.34703,0,0
569140,Lassine Sinayoko,24/25,2025,0,0.34658983,0,0
351441,Atanas Chernev,24/25,2025,1,0.34621856,0,1
270609,Róbert Kővári,24/25,2025,0,0.3457782,0,0
923667,Joeri Heerkens,24/25,2025,1,0.34563133,0,1
693413,David Idowu,24/25,2025,0,0.3456116,0,0
699233,Aleksa Puric,24/25,2025,1,0.34550545,0,1
425781,Leon Sipos,24/25,2025,0,0.34549108,0,0
187384,Cristian Buonaiuto,24/25,2025,0,0.34530324,0,0
381706,Arvid Brorsson,24/25,2025,0,0.34516582,0,0
81999,Joselu,24/25,2025,0,0.3450354,0,0
208022,Giovanni Zarfino,24/25,2025,1,0.3449652,0,1
272706,James Lawrence,24/25,2025,0,0.3449532,0,0
707530,Ardian Bajrami,24/25,2025,1,0.34474698,0,1
267014,Matteo Battistini,24/25,2025,0,0.34467968,0,0
593410,Yahya Kalley,24/25,2025,0,0.34466034,0,0
1041292,Osian Evans,24/25,2025,1,0.34452957,0,1
187778,Ádám Viczián,24/25,2025,0,0.3444145,0,0
451164,Damian Hilbrycht,24/25,2025,0,0.3444102,0,0
103284,Dieumerci Ndongala,24/25,2025,0,0.34419802,0,0
687383,Iwan Lewis,24/25,2025,1,0.34397566,0,1
165852,Cosimo Chiricò,24/25,2025,1,0.3439635,0,1
776737,Joselito,24/25,2025,0,0.34392932,0,0
442531,Edouard Mendy,24/25,2025,0,0.34382787,0,0
315984,Michael Kelly,24/25,2025,0,0.3437287,0,0
460800,Ilian Iliev,24/25,2025,0,0.343672,0,0
659649,Federico Casolari,24/25,2025,0,0.34363797,0,0
354742,Pepe Castaño,24/25,2025,0,0.34352398,0,0
717900,Tommaso Guercio,24/25,2025,0,0.34346256,0,0
147697,Vinícius,24/25,2025,0,0.343429,0,0
254997,Francesco Salvemini,24/25,2025,1,0.34340546,0,1
684307,Youssef Amyn,24/25,2025,1,0.34313682,0,1
95673,Tom van Weert,24/25,2025,0,0.3431256,0,0
489463,Kyogo Furuhashi,24/25,2025,1,0.34305295,0,1
403437,Ciaran Kelly,24/25,2025,0,0.34300146,0,0
229004,Moussa Dembélé,24/25,2025,0,0.34295198,0,0
889435,Obed Vargas,24/25,2025,0,0.34290364,0,0
814007,Corrado Riviera,24/25,2025,0,0.34285647,0,0
140712,Lukas Scepanik,24/25,2025,0,0.3428412,0,0
178942,Bruno Brígido,24/25,2025,0,0.3421456,0,0
285096,Gabriele Rocchi,24/25,2025,1,0.3417832,0,1
279454,MJ Williams,24/25,2025,0,0.3417797,0,0
930150,Tommaso Ebone,24/25,2025,1,0.34177485,0,1
807318,Ryan Finnigan,24/25,2025,1,0.34175685,0,1
471004,Luis Binks,24/25,2025,1,0.3417478,0,1
89297,Rodrigo Battaglia,24/25,2025,0,0.34173486,0,0
155054,Luis Felipe Gallegos,24/25,2025,0,0.34168696,0,0
262704,Michal Reichl,24/25,2025,0,0.34161085,0,0
471582,Zaydou Youssouf,24/25,2025,0,0.34160417,0,0
335221,Dani Martín,24/25,2025,1,0.34126735,0,1
44017,Javi Martínez,24/25,2025,1,0.34090093,0,1
1031551,Lorenzo Maasland,24/25,2025,0,0.34083918,0,0
356099,Cristián Borja,24/25,2025,0,0.34081408,0,0
815556,Antonio Gala,24/25,2025,1,0.34075373,0,1
314381,Adam Phillips,24/25,2025,0,0.34063378,0,0
203645,Manuel Martic,24/25,2025,1,0.34032577,0,1
183720,Anwar El Ghazi,24/25,2025,1,0.34032154,0,1
294808,Franck Kessié,24/25,2025,0,0.34029198,0,0
278309,Simone Russini,24/25,2025,0,0.3402637,0,0
596998,Felix Meyer,24/25,2025,0,0.3400006,0,0
334804,Kenny Dougall,24/25,2025,0,0.33999658,0,0
638631,Elijah Krahn,24/25,2025,0,0.33998555,0,0
159838,Yoann Barbet,24/25,2025,0,0.33989635,0,0
540536,Carlos Vicente,24/25,2025,0,0.33967817,0,0
203654,Tozé,24/25,2025,0,0.33934826,0,0
934034,Dimitrios Metaxas,24/25,2025,0,0.33930242,0,0
625647,Yago Cantero,24/25,2025,0,0.33915964,0,0
927347,Kiril Georgiev,24/25,2025,0,0.33902338,0,0
906315,Hugo Cuenca,24/25,2025,0,0.33851123,0,0
537171,Semuel Pizzignacco,24/25,2025,0,0.33850366,0,0
1175307,Marcello Carollo,24/25,2025,0,0.33848348,0,0
386442,Alessandro Zanellati,24/25,2025,1,0.33845237,0,1
64804,Thierry Moutinho,24/25,2025,0,0.33826113,0,0
205938,Mario Pašalić,24/25,2025,0,0.33807316,0,0
936755,Alberto Manzoni,24/25,2025,0,0.33803132,0,0
62270,Danilo Russo,24/25,2025,1,0.33799323,0,1
291120,Adrien Julloux,24/25,2025,0,0.33788776,0,0
1153628,Yannik Wagner,24/25,2025,0,0.33767647,0,0
659804,John Mercado,24/25,2025,1,0.3373473,0,1
21101,Milan Petrzela,24/25,2025,1,0.33719015,0,1
675278,Eric Kahl,24/25,2025,0,0.33701354,0,0
568333,Adam Obert,24/25,2025,0,0.3370036,0,0
741136,Maksim Vospukov,24/25,2025,0,0.33699298,0,0
270051,Andrei Girotto,24/25,2025,0,0.33695945,0,0
1048080,Federico Simonetto,24/25,2025,0,0.33667275,0,0
141099,Vlastimil Danicek,24/25,2025,0,0.3365837,0,0
655177,Zeno Ibsen Rossi,24/25,2025,0,0.3365252,0,0
400532,Joel Felix,24/25,2025,0,0.3365198,0,0
170903,Steeve Yago,24/25,2025,0,0.33634332,0,0
184260,Anders Holvad,24/25,2025,0,0.3362732,0,0
369162,Lamar Yarbrough,24/25,2025,0,0.33584118,0,0
1055876,Jesper Zwart,24/25,2025,1,0.3354674,0,1
559333,Kian Fitz-Jim,24/25,2025,0,0.33525965,0,0
195051,Gianluca Gaudino,24/25,2025,0,0.33525065,0,0
425268,Liam Coyle,24/25,2025,0,0.33507255,0,0
320722,Zizo,24/25,2025,1,0.33506027,0,1
806948,Frank Feller,24/25,2025,0,0.3350372,0,0
798576,Lorenzo Monteleone,24/25,2025,0,0.33498916,0,0
670845,Omari Forson,24/25,2025,0,0.33494246,0,0
338855,Matija Horvat,24/25,2025,0,0.33485398,0,0
720932,Egor Parkhomenko,24/25,2025,1,0.334843,0,1
423967,Michel Termanini,24/25,2025,1,0.33482903,0,1
720934,Ivan Mikhnyuk,24/25,2025,0,0.33480567,0,0
696012,Mikail Özkan,24/25,2025,0,0.33464545,0,0
336974,Makana Baku,24/25,2025,0,0.33458194,0,0
1055084,Nicolò Tordiglione,24/25,2025,1,0.33454844,0,1
908314,Valentin Kostov,24/25,2025,0,0.33448845,0,0
107205,Connor Krempicki,24/25,2025,0,0.33444008,0,0
928630,Finn de Bruin,24/25,2025,0,0.33442116,0,0
71662,Marco Paixão,24/25,2025,1,0.33396932,0,1
930021,Justin Faltyn,24/25,2025,0,0.33396405,0,0
266359,Benjamin Bourigeaud,24/25,2025,0,0.333919,0,0
623561,Triantafyllos Tsapras,24/25,2025,0,0.33379644,0,0
242086,Patrik Schick,24/25,2025,0,0.33372456,0,0
979199,Yoël van den Ban,24/25,2025,1,0.33357707,0,1
896732,Damian van der Vaart,24/25,2025,0,0.33330446,0,0
595653,Anton Dowds,24/25,2025,0,0.33328447,0,0
1226502,Evan Mooney,24/25,2025,0,0.3329913,0,0
594997,Yohann Magnin,24/25,2025,1,0.3329245,0,1
146710,Martin Frydek,24/25,2025,0,0.33279338,0,0
476599,Alex Passaniti,24/25,2025,0,0.33277023,0,0
867678,Harun Ibrahim,24/25,2025,1,0.33260223,0,1
199257,László Pekár,24/25,2025,0,0.33227578,0,0
344178,Bence Szabó,24/25,2025,0,0.33224016,0,0
246278,Ángel García,24/25,2025,0,0.3321222,0,0
461619,Fernando Medrano,24/25,2025,1,0.33203527,0,1
955263,Kévin Pedro,24/25,2025,0,0.33164224,0,0
860658,Holger Bux,24/25,2025,0,0.33142063,0,0
192467,Lukas Wilton,24/25,2025,0,0.33136964,0,0
266302,Sergej Milinković-Savić,24/25,2025,0,0.33131203,0,0
234033,Tobias Trautner,24/25,2025,0,0.33109325,0,0
903706,Albion Rrahmani,24/25,2025,0,0.33099803,0,0
377607,Muaid Ellafi,24/25,2025,0,0.33090144,0,0
537764,Carlos Algarra,24/25,2025,0,0.33067682,0,0
1046875,Wojciech Jakubik,24/25,2025,0,0.33051094,0,0
176182,Luca Maniero,24/25,2025,0,0.33002022,0,0
500763,Marvin Keller,24/25,2025,0,0.32997385,0,0
278690,Michał Marcjanik,24/25,2025,0,0.32993656,0,0
116088,Marius Bülter,24/25,2025,1,0.32978234,0,1
936739,Dominic Vavassori,24/25,2025,0,0.329631,0,0
1015401,Paul Reverson,24/25,2025,0,0.32900575,0,0
940769,Artem Zhevnerenko,24/25,2025,0,0.3288444,0,0
237607,Fabio Maiolo,24/25,2025,0,0.32875037,0,0
185164,Jacob Barrett Laursen,24/25,2025,0,0.32865655,0,0
153664,Khaled Narey,24/25,2025,1,0.3285304,0,1
727585,Joel Torrance,24/25,2025,0,0.32851213,0,0
380191,Ioannis Pittas,24/25,2025,0,0.32846668,0,0
1025412,Ryan van de Pavert,24/25,2025,0,0.32841852,0,0
450173,Gaius Makouta,24/25,2025,0,0.3283837,0,0
366213,Miłosz Mleczko,24/25,2025,0,0.32811987,0,0
970279,Jacques Ekomié,24/25,2025,0,0.3280604,0,0
208880,Amor Layouni,24/25,2025,0,0.3280502,0,0
216661,Alexandru Crețu,24/25,2025,1,0.32766291,0,1
829874,Lilian Raolisoa,24/25,2025,0,0.3275629,0,0
484367,Theocharis Iliadis,24/25,2025,0,0.32754022,0,0
719230,Alex Szabó,24/25,2025,0,0.32727644,0,0
139352,Gus Ledes,24/25,2025,0,0.32721516,0,0
396429,Diogo Calila,24/25,2025,0,0.32707343,0,0
38998,Marquitos,24/25,2025,0,0.32692897,0,0
195049,Michael Eberwein,24/25,2025,0,0.32645884,0,0
141050,Danilo Pereira,24/25,2025,0,0.3258428,0,0
808475,MT,24/25,2025,0,0.32564655,0,0
540329,Tomas Frühwald,24/25,2025,0,0.32564485,0,0
459127,Andrea Invernizzi,24/25,2025,0,0.3256305,0,0
655012,Lucas Stassin,24/25,2025,0,0.3254999,0,0
199270,Zoltán Medgyes,24/25,2025,0,0.32545015,0,0
157539,Konstantinos Fortounis,24/25,2025,0,0.32542807,0,0
324861,Julian Justvan,24/25,2025,0,0.32541093,0,0
667521,Cian Ashford,24/25,2025,0,0.32520172,0,0
334225,Mika Hanraths,24/25,2025,0,0.32499486,0,0
1036636,Ivan Marchev,24/25,2025,0,0.32496828,0,0
196231,Marvin Friedrich,24/25,2025,0,0.32489035,0,0
128011,Petros Mantalos,24/25,2025,0,0.32479972,0,0
1002454,Ferdinand Riha,24/25,2025,0,0.32463107,0,0
696022,Maximilian Neutgens,24/25,2025,0,0.32447097,0,0
938373,Kiyani Zeggen,24/25,2025,0,0.32424924,0,0
146660,Ronaldo,24/25,2025,1,0.32401672,0,1
714488,Daniel Monga,24/25,2025,0,0.32392094,0,0
684173,Ryan Glover,24/25,2025,0,0.32384378,0,0
260657,Erik Wekesser,24/25,2025,0,0.32375565,0,0
418615,Lucas França,24/25,2025,0,0.32368985,0,0
579288,Robin Tihi,24/25,2025,0,0.32362846,0,0
990008,Wassim Bouziane,24/25,2025,1,0.32347813,0,1
231792,Christos Gromitsaris,24/25,2025,0,0.32328686,0,0
271335,Fabiano,24/25,2025,0,0.32288498,0,0
295703,Ilya Rashchenya,24/25,2025,0,0.32279307,0,0
1198833,Sergio Aragoneses,24/25,2025,1,0.3226897,0,1
940915,Alexéi Rojas,24/25,2025,0,0.32263836,0,0
151636,Marlon Ritter,24/25,2025,0,0.3225844,0,0
461629,Gustavo Assunção,24/25,2025,1,0.32256564,0,1
576094,Kevin Toppenberg,24/25,2025,0,0.32238722,0,0
630995,Rodri Sánchez,24/25,2025,0,0.32229462,0,0
18922,Karim Benzema,24/25,2025,0,0.32224077,0,0
408288,Jesús Ruiz,24/25,2025,1,0.32220188,0,1
657155,Sidney Lima,24/25,2025,0,0.3220947,0,0
765110,Jakub Tosnar,24/25,2025,0,0.32150832,0,0
726114,Mario Mitaj,24/25,2025,0,0.32148308,0,0
635803,Oluwatobiloba Alagbe,24/25,2025,0,0.3213526,0,0
640556,Rav van den Berg,24/25,2025,1,0.32106802,0,1
345760,David Turnbull,24/25,2025,0,0.32099098,0,0
298589,David García,24/25,2025,0,0.3209117,0,0
466806,Álvaro Sanz,24/25,2025,1,0.32090405,0,1
935036,Bogdan Budko,24/25,2025,1,0.32090366,0,1
238752,Keita Baldé,24/25,2025,0,0.32087204,0,0
39161,Robert Garrett,24/25,2025,0,0.3208194,0,0
1017396,Simeon Turlakov,24/25,2025,1,0.32068935,0,1
832462,Krisztián Székely,24/25,2025,0,0.32067403,0,0
514370,Jubril Okedina,24/25,2025,1,0.32058787,0,1
344395,Jorge Fernandes,24/25,2025,0,0.32046878,0,0
234733,Panagiotis Deligiannidis,24/25,2025,1,0.32031223,0,1
225459,Carlos Hernández,24/25,2025,0,0.3198952,0,0
1173845,Borna Ivanda,24/25,2025,1,0.3197473,0,1
310527,Paulo Azzi,24/25,2025,1,0.31971622,0,1
832896,Jack Wilkie,24/25,2025,0,0.31968743,0,0
498171,Alexander Ahl-Holmström,24/25,2025,0,0.3196783,0,0
465844,Stefan Gavrilov,24/25,2025,0,0.31945685,0,0
212198,Vaná Alves,24/25,2025,0,0.31942528,0,0
355157,Arsen Kasa,24/25,2025,0,0.3193176,0,0
950400,Ahmad Faqa,24/25,2025,0,0.31904876,0,0
1010150,Adam Bakoune,24/25,2025,1,0.31894138,0,1
73564,Jason Steele,24/25,2025,0,0.3188061,0,0
459763,Marco Carnesecchi,24/25,2025,0,0.31875595,0,0
687983,Adrian Kireski,24/25,2025,1,0.3185427,0,1
411662,Lucas Veríssimo,24/25,2025,1,0.31831694,0,1
528245,Dorian Cevis,24/25,2025,0,0.31792203,0,0
368482,Riccardo Orsolini,24/25,2025,0,0.3179099,0,0
197745,Riccardo Fiamozzi,24/25,2025,1,0.3177921,0,1
328658,Kristoffer Ajer,24/25,2025,0,0.31762215,0,0
316934,Nikola Moro,24/25,2025,0,0.31754506,0,0
595781,Jimmy Suárez,24/25,2025,0,0.31690398,0,0
1083607,Dudu,24/25,2025,0,0.31680256,0,0
408505,Tommaso Panelli,24/25,2025,0,0.3167241,0,0
254685,Zdravko Manasiev,24/25,2025,1,0.31672323,0,1
538964,Thijs Dallinga,24/25,2025,0,0.31667003,0,0
340879,Merih Demiral,24/25,2025,0,0.3164115,0,0
918811,Mattia Fortin,24/25,2025,1,0.31634644,0,1
265072,Simone Auriletto,24/25,2025,0,0.3161706,0,0
728722,Julius Lindberg,24/25,2025,0,0.31592026,0,0
987366,Aaron Bouwman,24/25,2025,0,0.31572706,0,0
457743,Mohamed Konaté,24/25,2025,1,0.31567326,0,1
640245,Will Fish,24/25,2025,0,0.31541127,0,0
364245,Jordan Teze,24/25,2025,0,0.31540132,0,0
1115746,Kirill Malykh,24/25,2025,0,0.31524742,0,0
156681,Stefan Haudum,24/25,2025,0,0.31510752,0,0
121483,Jan Oblak,24/25,2025,0,0.3148147,0,0
214538,Matheus Uribe,24/25,2025,0,0.31470323,0,0
611861,Natan Girma,24/25,2025,0,0.31443465,0,0
198607,Lukas Hulka,24/25,2025,0,0.31431168,0,0
127182,Thomas Monconduit,24/25,2025,0,0.31431144,0,0
394435,Sheriff Sinyan,24/25,2025,0,0.31412053,0,0
315138,Mats Knoester,24/25,2025,0,0.3139699,0,0
688560,Nick McAllister,24/25,2025,0,0.3139345,0,0
148941,Domenico Franco,24/25,2025,1,0.3139043,0,1
658530,Jonas Jensen-Abbew,24/25,2025,0,0.3138754,0,0
148215,Nicky Devlin,24/25,2025,0,0.31371248,0,0
1058514,Montrell Culbreath,24/25,2025,0,0.31349167,0,0
820375,David Rodríguez,24/25,2025,0,0.31348795,0,0
249046,Stefano Negro,24/25,2025,1,0.31330708,0,1
340700,Ivan Prtajin,24/25,2025,1,0.31290036,0,1
975139,Wilmer Olofsson,24/25,2025,1,0.31289262,0,1
88680,Luca Caldirola,24/25,2025,1,0.31273702,0,1
486624,Musa Barrow,24/25,2025,0,0.31267312,0,0
726697,Cristian Devenish,24/25,2025,0,0.31264263,0,0
939870,Jef Tchouangue,24/25,2025,0,0.31260157,0,0
482792,Simone Rabbi,24/25,2025,0,0.31254166,0,0
448027,Florian Kleinhansl,24/25,2025,0,0.31253546,0,0
483461,Erik Expósito,24/25,2025,0,0.31250206,0,0
159142,Aderllan Santos,24/25,2025,0,0.3124799,0,0
147540,Ales Cermak,24/25,2025,0,0.3122414,0,0
528618,Leon Gino Schmidt,24/25,2025,0,0.31218874,0,0
480955,Miguel Atienza,24/25,2025,0,0.31213954,0,0
1049322,Rodrick Tcheuna,24/25,2025,0,0.31212118,0,0
355501,Amadou Diawara,24/25,2025,1,0.31205493,0,1
344381,Christopher Nkunku,24/25,2025,1,0.31200492,0,1
1106292,Yassin Hamdi,24/25,2025,0,0.31179035,0,0
679903,Ryoya Morishita,24/25,2025,1,0.3116344,0,1
326230,Ryan Hedges,24/25,2025,0,0.3115673,0,0
750877,Milan Silva Rasmussen,24/25,2025,1,0.31154063,0,1
1260549,Samuele Piro,24/25,2025,1,0.31119573,0,1
1055070,Luca Nesi,24/25,2025,0,0.31116804,0,0
395693,Houssem Aouar,24/25,2025,0,0.3111332,0,0
915269,Vladislav Drapeza,24/25,2025,1,0.3111073,0,1
121570,Konstantinos Laifis,24/25,2025,0,0.31105882,0,0
303254,Fikayo Tomori,24/25,2025,0,0.3108819,0,0
520815,Ousseynou Ba,24/25,2025,0,0.31076196,0,0
337799,Pedro Ferreira,24/25,2025,0,0.3105458,0,0
536826,Nacho Quintana,24/25,2025,0,0.31037092,0,0
83002,Hiroki Sakai,24/25,2025,0,0.31033647,0,0
1075876,Alessandro Sassaro,24/25,2025,1,0.3103201,0,1
417238,Andrey Yordanov,24/25,2025,0,0.31031114,0,0
319723,Tornike Gaprindashvili,24/25,2025,0,0.31021923,0,0
625120,Pavel Prishivalko,24/25,2025,0,0.31002232,0,0
61617,Paolo Rozzio,24/25,2025,0,0.3099411,0,0
149231,Fidel,24/25,2025,1,0.30977884,0,1
901801,Michalis Panagidis,24/25,2025,0,0.30965385,0,0
503160,Paul Nebel,24/25,2025,0,0.30954963,0,0
440730,Bence Varga,24/25,2025,1,0.30952033,0,1
199976,Marco Sportiello,24/25,2025,1,0.3086834,0,1
1111839,Sainey Sanyang,24/25,2025,0,0.30801505,0,0
404257,Veljko Nikolic,24/25,2025,0,0.30799234,0,0
955193,Petr Zika,24/25,2025,0,0.30788633,0,0
229194,Aron Bjarnason,24/25,2025,0,0.3074047,0,0
787907,Benjamin Tahirović,24/25,2025,0,0.30738893,0,0
459231,Francesco Cerretelli,24/25,2025,0,0.30732533,0,0
623100,Sam Snaith,24/25,2025,1,0.30718735,0,1
163656,Connor Goldson,24/25,2025,0,0.30710492,0,0
487428,Nikola Tavares,24/25,2025,0,0.30703846,0,0
625124,Sergey Sazonchik,24/25,2025,0,0.30694333,0,0
990883,Nick Cherny,24/25,2025,0,0.30669877,0,0
235931,Alessandro Deiola,24/25,2025,0,0.3065672,0,0
602854,Dmitriy Krivosheev,24/25,2025,0,0.30596736,0,0
337043,Leonard Langhans,24/25,2025,0,0.30596653,0,0
924030,Lucas Beetz,24/25,2025,0,0.30580226,0,0
524081,Nicolai Vallys,24/25,2025,0,0.3054453,0,0
116471,Hobie Verhulst,24/25,2025,0,0.30512443,0,0
94295,Jonas Thorsen,24/25,2025,0,0.30500466,0,0
607494,Elario Ghassan,24/25,2025,0,0.30496103,0,0
195057,Raffaele Celia,24/25,2025,0,0.3046851,0,0
529885,Christian Kouan,24/25,2025,0,0.30467248,0,0
326029,Donyell Malen,24/25,2025,0,0.30466285,0,0
208116,Curro Sánchez,24/25,2025,0,0.30457827,0,0
122243,Niall Canavan,24/25,2025,0,0.30415758,0,0
632912,Salah Zakaria,24/25,2025,0,0.30405816,0,0
222385,Karim Boudiaf,24/25,2025,0,0.30395585,0,0
781971,Jean-Marie Nadjombe,24/25,2025,1,0.3039232,0,1
309398,David Grözinger,24/25,2025,1,0.30383688,0,1
536837,Federico Bergonzi,24/25,2025,0,0.30380476,0,0
816590,Uche Obiogumu,24/25,2025,1,0.30376038,0,1
186901,Marek Rodák,24/25,2025,0,0.30374005,0,0
271763,Alibek Aliev,24/25,2025,0,0.3037145,0,0
579263,Augustine Boakye,24/25,2025,0,0.3033998,0,0
874376,Brooklyn Ilunga,24/25,2025,0,0.30325568,0,0
620834,Joel Bichsel,24/25,2025,0,0.3031991,0,0
517376,Yusuf Sarı,24/25,2025,0,0.30319,0,0
1066213,Asier Bonel,24/25,2025,1,0.30302003,0,1
345095,Almoez Ali,24/25,2025,0,0.30299196,0,0
54534,Agustín Marchesín,24/25,2025,0,0.30285653,0,0
340339,Jorge Sáenz,24/25,2025,0,0.30285043,0,0
808901,Leandro Frroku,24/25,2025,0,0.3025775,0,0
337385,Riccardo Gatti,24/25,2025,1,0.30256584,0,1
1058392,Lorenzo Grilli,24/25,2025,0,0.30256316,0,0
65072,Juan Manuel Insaurralde,24/25,2025,0,0.30254322,0,0
84840,Bence Somodi,24/25,2025,0,0.30246714,0,0
315254,Mees de Wit,24/25,2025,0,0.30232394,0,0
704453,Kevin Bright,24/25,2025,0,0.30201587,0,0
250845,José María Giménez,24/25,2025,0,0.30196205,0,0
818131,Fabio Cariolato,24/25,2025,0,0.3017333,0,0
401535,Gabriel Batista,24/25,2025,0,0.30168834,0,0
490609,Lasse Rieß,24/25,2025,0,0.3015134,0,0
1182739,Severin Nioule,24/25,2025,0,0.3014248,0,0
281791,Damian Węglarz,24/25,2025,0,0.30129868,0,0
399668,Yuriy Lovets,24/25,2025,0,0.30118698,0,0
565168,Aleksandr Mikhalenko,24/25,2025,0,0.30110955,0,0
708070,Pietro Saio,24/25,2025,1,0.30085805,0,1
307664,Marko Raguz,24/25,2025,0,0.30077776,0,0
228584,David Simón,24/25,2025,0,0.3006947,0,0
1279569,Ivan Tolkachev,24/25,2025,0,0.30059376,0,0
580027,Luca Connell,24/25,2025,0,0.30053297,0,0
183299,Callum Robinson,24/25,2025,0,0.30041212,0,0
742201,Giuliano Simeone,24/25,2025,0,0.30019024,0,0
924115,Tim Janisch,24/25,2025,0,0.30011243,0,0
879236,Zé Vítor,24/25,2025,0,0.30000797,0,0
1009463,Niklas Swider,24/25,2025,0,0.2996611,0,0
328847,Daniele Pinto,24/25,2025,0,0.29943246,0,0
126705,Martin Sourzac,24/25,2025,0,0.29935724,0,0
45717,Nenê,24/25,2025,0,0.29922768,0,0
1200313,Clayton Diandy,24/25,2025,0,0.29921284,0,0
397248,Giorgio Galli,24/25,2025,1,0.2992078,0,1
862146,Artem Zimin,24/25,2025,0,0.2990671,0,0
109855,Tim Paterok,24/25,2025,0,0.2988794,0,0
633668,Giovanni Fabbian,24/25,2025,0,0.29887524,0,0
124769,Luca Marrone,24/25,2025,0,0.2986089,0,0
469718,Gerardo Arteaga,24/25,2025,0,0.29840055,0,0
1013797,Ondrej Penxa,24/25,2025,0,0.29835147,0,0
128509,Dany Carvajal,24/25,2025,0,0.2979391,0,0
458165,Giacomo Benedetti,24/25,2025,1,0.297911,0,1
214775,Óliver Torres,24/25,2025,0,0.2978326,0,0
538810,Chris Ramos,24/25,2025,1,0.29777318,0,1
395973,Nikita Golub,24/25,2025,0,0.29767412,0,0
1015825,Elio Rufener,24/25,2025,0,0.29743668,0,0
776890,Nicolas Jackson,24/25,2025,1,0.29740757,0,1
627658,Eldin Dzogovic,24/25,2025,0,0.2968043,0,0
90035,Kristinn Jónsson,24/25,2025,0,0.29673824,0,0
925505,Giovanni Giunti,24/25,2025,0,0.29673696,0,0
145070,Ovays Azizi,24/25,2025,1,0.29659244,0,1
574671,Strahinja Pavlović,24/25,2025,0,0.2964539,0,0
521928,Luca Sirch,24/25,2025,0,0.29604557,0,0
1015248,Ivaylo Videv,24/25,2025,1,0.29594952,0,1
231471,Theofanis Tzandaris,24/25,2025,0,0.2957821,0,0
817999,Dawyn-Paul Donner,24/25,2025,0,0.29558924,0,0
517422,Simon Baekgaard,24/25,2025,0,0.29542112,0,0
330210,Dawid Gojny,24/25,2025,0,0.29541096,0,0
160929,Marvin Schwäbe,24/25,2025,0,0.29486683,0,0
441170,Valentin Rosier,24/25,2025,1,0.29484004,0,1
341481,Lorenzo Libutti,24/25,2025,0,0.29474276,0,0
40680,Sven Ulreich,24/25,2025,0,0.29470077,0,0
324321,Bernard Mensah,24/25,2025,1,0.29459977,0,1
167228,Raúl Lizoain,24/25,2025,0,0.29442325,0,0
1082485,Dylan Watret,24/25,2025,0,0.29421878,0,0
67886,Paulo Victor,24/25,2025,1,0.29412687,0,1
402911,Stefano Rossoni,24/25,2025,0,0.29393756,0,0
336646,Akram Afif,24/25,2025,0,0.29361767,0,0
401913,Ramiro Macagno,24/25,2025,0,0.29358572,0,0
577832,Jesper Ceesay,24/25,2025,1,0.29335114,0,1
538389,Denis Sadovskiy,24/25,2025,1,0.2927422,0,1
305946,José Gomes,24/25,2025,0,0.2926854,0,0
687640,Matteo Sorzi,24/25,2025,0,0.2926078,0,0
696028,Noah Pesch,24/25,2025,1,0.29247415,0,1
977464,Arthur,24/25,2025,0,0.29233938,0,0
961022,Benja Domínguez,24/25,2025,0,0.29211664,0,0
267497,Kristi Qose,24/25,2025,0,0.2915491,0,0
319859,Mathias Jensen,24/25,2025,0,0.29140782,0,0
47594,Zlatan Alomerovic,24/25,2025,0,0.29120308,0,0
126321,Carl Jenkinson,24/25,2025,0,0.29115918,0,0
479999,Eberechi Eze,24/25,2025,1,0.29108956,0,1
336663,Jassem Mohammed,24/25,2025,0,0.2909128,0,0
433993,Andy Scott,24/25,2025,0,0.2908527,0,0
381133,Pasqual Verkamp,24/25,2025,0,0.29082283,0,0
395516,Moussa Diaby,24/25,2025,0,0.29066706,0,0
456523,Eder González,24/25,2025,0,0.29056513,0,0
1036552,Egor Kress,24/25,2025,0,0.2903962,0,0
800953,Elisio Widmann,24/25,2025,0,0.29005262,0,0
154396,Danilo Soares,24/25,2025,0,0.29004812,0,0
567931,Jan-Luca Warm,24/25,2025,0,0.28982002,0,0
1269524,Daniil Kulikov,24/25,2025,0,0.28958762,0,0
469669,Yvan Neyou,24/25,2025,1,0.28933004,0,1
334999,Finn Becker,24/25,2025,1,0.28931904,0,1
627294,Fer Niño,24/25,2025,0,0.28928843,0,0
1081530,Pharell Kegni,24/25,2025,0,0.2890808,0,0
225676,Adam Lundkvist,24/25,2025,0,0.28907934,0,0
179462,Emiljano Musta,24/25,2025,0,0.28906843,0,0
31653,Tobias Sippel,24/25,2025,0,0.28900242,0,0
319306,Lewis Thomas,24/25,2025,0,0.28892055,0,0
297277,Aidan Wilson,24/25,2025,0,0.28891465,0,0
212713,Kiko,24/25,2025,0,0.2887275,0,0
704147,Dean McMaster,24/25,2025,0,0.28852022,0,0
580747,Yvann Maçon,24/25,2025,0,0.28845587,0,0
89034,Riccardo Brosco,24/25,2025,0,0.28828293,0,0
171424,Riyad Mahrez,24/25,2025,0,0.2882494,0,0
336051,Agus Medina,24/25,2025,0,0.28823948,0,0
406935,Terence Vancooten,24/25,2025,0,0.28810507,0,0
671649,Álvaro Djaló,24/25,2025,1,0.28732398,0,1
930772,Corey Hurford,24/25,2025,0,0.28711447,0,0
671057,Rio Dyer,24/25,2025,0,0.28710854,0,0
443322,Erik Nissen,24/25,2025,0,0.28705096,0,0
207061,Francis de Vries,24/25,2025,0,0.28703862,0,0
665582,David Seger,24/25,2025,1,0.28695288,0,1
716104,Lassana Mendes,24/25,2025,0,0.28693253,0,0
243104,Mohamed Al-Bakri,24/25,2025,0,0.28688824,0,0
940553,Relja Obric,24/25,2025,0,0.2868073,0,0
136109,Alexei Koselev,24/25,2025,0,0.28655332,0,0
666167,Nicolas Ortegel,24/25,2025,1,0.28651553,0,1
574191,Yassir Atty,24/25,2025,0,0.28635263,0,0
343388,Norbert Benkő-Bíró,24/25,2025,0,0.2862498,0,0
439465,Gaizka Larrazabal,24/25,2025,0,0.28618637,0,0
807688,Yassin Belkhdim,24/25,2025,0,0.28614932,0,0
81800,Jan Kovarik,24/25,2025,0,0.28611216,0,0
120300,Ivan Knezevic,24/25,2025,0,0.285979,0,0
176936,Julián Cuesta,24/25,2025,1,0.2857473,0,1
387601,Giuseppe Stancampiano,24/25,2025,1,0.2857083,0,1
284165,Steven Bergwijn,24/25,2025,0,0.2856977,0,0
490760,Tchamba,24/25,2025,0,0.2856471,0,0
49501,Elias Kachunga,24/25,2025,0,0.28529996,0,0
646189,Topi Keskinen,24/25,2025,0,0.2852445,0,0
585700,Juan Cruz,24/25,2025,0,0.28513065,0,0
221611,Paulo Otávio,24/25,2025,0,0.2850437,0,0
137745,Marçal,24/25,2025,0,0.2849774,0,0
1251246,Moritz Busch,24/25,2025,0,0.2848418,0,0
1162101,Egor Grivenev,24/25,2025,0,0.2848188,0,0
169497,Juan Cruz,24/25,2025,0,0.2847164,0,0
615930,Matei Ilie,24/25,2025,0,0.28467798,0,0
1108145,Cheick Oumar Konaté,24/25,2025,0,0.28455296,0,0
616631,Matteo Ruggeri,24/25,2025,1,0.28408864,0,1
704338,Paolo Chierichetti,24/25,2025,0,0.28385702,0,0
481834,Andrea Carboni,24/25,2025,0,0.2838189,0,0
690146,Amoro Diedhiou,24/25,2025,0,0.28353506,0,0
1268641,Alesandro Nikolov,24/25,2025,0,0.283521,0,0
456844,Adam Roscrow,24/25,2025,0,0.28349167,0,0
395230,Hakim Guenouche,24/25,2025,0,0.28293812,0,0
392048,Erald Lakti,24/25,2025,0,0.2827639,0,0
938676,Filippo Scotti,24/25,2025,0,0.28235573,0,0
684519,Gerasimos Mitoglou,24/25,2025,0,0.28232104,0,0
267486,Bruno Lulaj,24/25,2025,0,0.28231862,0,0
616142,Jonathan Spedalieri,24/25,2025,0,0.282043,0,0
334822,David Lischka,24/25,2025,0,0.28192654,0,0
812783,Karlo Lusavec,24/25,2025,0,0.2819127,0,0
693412,Chinonso Offor,24/25,2025,1,0.28181922,0,1
465082,Georgi Nikolov,24/25,2025,1,0.28159934,0,1
19483,Tobias Müller,24/25,2025,0,0.28138041,0,0
552655,Troy Parrott,24/25,2025,0,0.2813211,0,0
511113,Álex Cano,24/25,2025,0,0.28125557,0,0
281246,Kamil Zapolnik,24/25,2025,0,0.28123286,0,0
420811,George Tanner,24/25,2025,0,0.28090775,0,0
45320,Ángel Di María,24/25,2025,1,0.28054017,0,1
143559,Matija Nastasić,24/25,2025,1,0.2804342,0,1
242469,Mario Gargiulo,24/25,2025,1,0.28019816,0,1
996897,Diego Gómez,24/25,2025,0,0.28001866,0,0
371003,Ante Palaversa,24/25,2025,0,0.2799619,0,0
945753,Julio Díaz,24/25,2025,0,0.27985233,0,0
765105,Roman Mokrovics,24/25,2025,0,0.27940735,0,0
34296,Athanasios Papageorgiou,24/25,2025,0,0.27938184,0,0
713404,Daniel Piscaglia,24/25,2025,0,0.27924418,0,0
125020,José Luis Palomino,24/25,2025,1,0.27915955,0,1
1115375,Sergey Kruzhilin,24/25,2025,0,0.2791023,0,0
542796,Mathias Jørgensen,24/25,2025,1,0.27869847,0,1
94964,Bentley Baxter Bahn,24/25,2025,0,0.27865988,0,0
78956,Driss Fettouhi,24/25,2025,0,0.2785626,0,0
269870,Mattia Bortolussi,24/25,2025,0,0.27841008,0,0
986324,Bodin Tomasevic,24/25,2025,0,0.27835977,0,0
371141,Stanley Nsoki,24/25,2025,1,0.2783437,0,1
83983,Lucas Mendes,24/25,2025,0,0.27833822,0,0
124932,Francesco De Rose,24/25,2025,0,0.2782683,0,0
435288,Giannis Kosti,24/25,2025,0,0.2777592,0,0
227089,Matthias Köbbing,24/25,2025,0,0.2776841,0,0
411371,Tommaso Nobile,24/25,2025,0,0.27718145,0,0
915897,Petar Markovic,24/25,2025,0,0.2770571,0,0
974564,Winners Osawe,24/25,2025,0,0.27686536,0,0
268113,Sean Klaiber,24/25,2025,0,0.27604315,0,0
325994,Rasmus Lauritsen,24/25,2025,0,0.27598852,0,0
632495,Josep Gayá,24/25,2025,1,0.2759196,0,1
648886,Samuel Loric,24/25,2025,0,0.27565694,0,0
220755,Matthew Pennington,24/25,2025,1,0.27560756,0,1
207376,Konstantinos Bouloulis,24/25,2025,0,0.27558914,0,0
668267,Marcos Leonardo,24/25,2025,0,0.27527297,0,0
584065,Marc Richter,24/25,2025,1,0.2751112,0,1
99343,Ander Herrera,24/25,2025,0,0.27508768,0,0
422377,Aboubakary Koita,24/25,2025,0,0.2750384,0,0
46413,Ante Budimir,24/25,2025,0,0.27463993,0,0
547985,Fabiano Parisi,24/25,2025,0,0.27453548,0,0
927768,Lucas Pires,24/25,2025,0,0.2745114,0,0
1069538,Jake Morris,24/25,2025,0,0.2743726,0,0
936536,João Costa,24/25,2025,0,0.27397582,0,0
281900,Paolo Bartolomei,24/25,2025,0,0.27379793,0,0
341882,Andy Cannon,24/25,2025,0,0.27375075,0,0
223197,Marius Lode,24/25,2025,0,0.2736695,0,0
584490,Giannis Tsivelekidis,24/25,2025,1,0.27317843,0,1
78047,Brice Maubleu,24/25,2025,0,0.2729421,0,0
337082,Julian Krahl,24/25,2025,0,0.27290982,0,0
314341,Chris Willock,24/25,2025,0,0.2728019,0,0
667515,Ruben Davies,24/25,2025,0,0.2726403,0,0
1001686,Arthur,24/25,2025,0,0.27261394,0,0
384264,Aden Baldwin,24/25,2025,0,0.2724577,0,0
454121,Galeno,24/25,2025,0,0.272119,0,0
174247,Luke McCullough,24/25,2025,0,0.27198833,0,0
925986,Vladislav Ignatjev,24/25,2025,0,0.27197582,0,0
1118395,Pavel Kotlyarov,24/25,2025,0,0.27186593,0,0
93753,Calogero Rizzuto,24/25,2025,0,0.2715479,0,0
696011,Pierre Nadjombe,24/25,2025,1,0.2715078,0,1
433818,Scott Twine,24/25,2025,0,0.27075827,0,0
414799,Lewis Strapp,24/25,2025,0,0.2704196,0,0
157167,Hrvoje Milicevic,24/25,2025,0,0.27030283,0,0
929966,Nico Vidic,24/25,2025,0,0.27023506,0,0
76158,Alexander Meyer,24/25,2025,0,0.27019995,0,0
385185,Rico Wehrle,24/25,2025,0,0.2701612,0,0
251664,Ivan Toney,24/25,2025,0,0.2699904,0,0
148817,Szilveszter Hangya,24/25,2025,0,0.26986682,0,0
354133,Kevin Varas,24/25,2025,0,0.26977673,0,0
255163,Dominic Smith,24/25,2025,1,0.26928595,0,1
766538,Ermek Kenzhebaev,24/25,2025,1,0.26925388,0,1
1065043,Pontus Dahbo,24/25,2025,0,0.26921946,0,0
597000,Eric Martel,24/25,2025,0,0.2689998,0,0
286297,Lorenzo Pellegrini,24/25,2025,0,0.26897907,0,0
44118,Marc Pujol,24/25,2025,0,0.26897267,0,0
163652,Jacopo Furlan,24/25,2025,0,0.26887918,0,0
167480,Nicola Pavan,24/25,2025,0,0.26866335,0,0
717885,Marwane Kritta,24/25,2025,0,0.26844245,0,0
384664,Maciej Wolski,24/25,2025,0,0.2682639,0,0
554903,Mateo Retegui,24/25,2025,1,0.26807353,0,1
855256,Alex Scott,24/25,2025,0,0.26803774,0,0
425400,Farid El Melali,24/25,2025,1,0.267933,0,1
277137,Renato Tapia,24/25,2025,1,0.26789767,0,1
528451,Tobias Bech,24/25,2025,0,0.2677977,0,0
124415,Hasan Pepic,24/25,2025,0,0.26769054,0,0
800874,Sino Absamadov,24/25,2025,1,0.26762927,0,1
908128,Mark Krasnov,24/25,2025,1,0.26724246,0,1
895905,Dimitrios Kaloskamis,24/25,2025,1,0.26723042,0,1
307183,Sirlord Conteh,24/25,2025,0,0.26722988,0,0
503770,Folarin Balogun,24/25,2025,0,0.2672122,0,0
96539,Marc Mateu,24/25,2025,1,0.26693195,0,1
314362,Hayden Coulson,24/25,2025,0,0.2667659,0,0
86793,Gabriele Angella,24/25,2025,0,0.26668206,0,0
393436,Aly Abeid,24/25,2025,0,0.26644647,0,0
95950,Graeme Shinnie,24/25,2025,0,0.26633385,0,0
617021,Ben Old,24/25,2025,0,0.26633206,0,0
464530,Theocharis Tsingaras,24/25,2025,0,0.26617682,0,0
962149,Ousmane Diallo,24/25,2025,0,0.26617488,0,0
567217,Ebrima Colley,24/25,2025,0,0.26607677,0,0
515613,Marko Divković,24/25,2025,0,0.26591122,0,0
442248,Ethan Pinnock,24/25,2025,0,0.26574683,0,0
334207,Maxim Leitsch,24/25,2025,0,0.2657024,0,0
1254223,Stanislav Yovkov,24/25,2025,0,0.26565677,0,0
425808,Sebastian Hausner,24/25,2025,0,0.26560518,0,0
110036,Dominique Heintz,24/25,2025,0,0.26549327,0,0
236981,Timo Hübers,24/25,2025,0,0.26545617,0,0
692608,Ben Engdahl,24/25,2025,0,0.26543155,0,0
60220,Matej Delac,24/25,2025,0,0.26502648,0,0
420064,Caio Henrique,24/25,2025,0,0.26498148,0,0
467537,Callum Roberts,24/25,2025,1,0.26479274,0,1
484703,Michael Liguori,24/25,2025,1,0.26477048,0,1
308989,Sergio González,24/25,2025,1,0.26465386,0,1
702441,Sinaly Diomandé,24/25,2025,0,0.26455107,0,0
887638,Davide Bartesaghi,24/25,2025,1,0.26454246,0,1
1066953,Mateo Chávez,24/25,2025,1,0.26377386,0,1
323611,Sigitas Olberkis,24/25,2025,0,0.26373932,0,0
169681,Frederico Venâncio,24/25,2025,0,0.2636446,0,0
924114,Dustin Forkel,24/25,2025,1,0.26345968,0,1
228953,Richard Neudecker,24/25,2025,0,0.2634439,0,0
768621,Oluwasegun Olalere,24/25,2025,0,0.26331532,0,0
61887,Federico Macheda,24/25,2025,0,0.26331395,0,0
626474,Rubin Colwill,24/25,2025,0,0.2632466,0,0
293569,Josh Brownhill,24/25,2025,1,0.26323408,0,1
1136742,Nikita Ovsyanik,24/25,2025,0,0.26315758,0,0
293084,Johannes Handl,24/25,2025,0,0.2629727,0,0
448628,Javi Galán,24/25,2025,0,0.26291254,0,0
657575,Abubakr Barry,24/25,2025,0,0.26275444,0,0
153306,Bartosz Kopacz,24/25,2025,0,0.26246032,0,0
293614,Nikolay Minkov,24/25,2025,0,0.26237318,0,0
484389,Kell Watts,24/25,2025,0,0.26235032,0,0
177821,Daryl van Mieghem,24/25,2025,0,0.2622433,0,0
635371,Daniël Deen,24/25,2025,0,0.26204845,0,0
453678,James Gibbons,24/25,2025,0,0.26192403,0,0
936750,Pietro Tornaghi,24/25,2025,0,0.26148623,0,0
509423,Jack Armer,24/25,2025,0,0.2614516,0,0
392966,Nadir Zortea,24/25,2025,1,0.2614115,0,1
954265,Lorenzo Riccio,24/25,2025,0,0.26126847,0,0
361074,Peer Koopmeiners,24/25,2025,0,0.26125884,0,0
346073,Justin Bretgeld,24/25,2025,0,0.26100227,0,0
167393,James Husband,24/25,2025,0,0.26094243,0,0
682719,Simão Rocha,24/25,2025,0,0.2608378,0,0
231289,Otávio,24/25,2025,1,0.2607109,0,1
469781,Marcos Senesi,24/25,2025,0,0.2606264,0,0
214666,Connor Roberts,24/25,2025,0,0.2605283,0,0
662065,Stanislav Lomako,24/25,2025,1,0.26052788,0,1
1100514,Yulian Gilov,24/25,2025,0,0.26018974,0,0
182877,Anthony Martial,24/25,2025,1,0.25958183,0,1
123579,Torben Rehfeldt,24/25,2025,1,0.25914863,0,1
100980,Mads Fenger,24/25,2025,0,0.2591252,0,0
903414,Carlo Faedo,24/25,2025,0,0.259071,0,0
268957,José Matos,24/25,2025,1,0.25897455,0,1
477556,Emanuele Zuelli,24/25,2025,0,0.25889364,0,0
392773,Alex Cochrane,24/25,2025,0,0.25883862,0,0
903218,Gabriel Ramaj,24/25,2025,0,0.258817,0,0
547006,Keenan Patten,24/25,2025,0,0.25874826,0,0
70019,Seamus Conneely,24/25,2025,0,0.25870585,0,0
160525,Antoni Sarcevic,24/25,2025,0,0.2586104,0,0
77563,Samuel Sahin-Radlinger,24/25,2025,0,0.25848162,0,0
1250836,Riccardo Ori,24/25,2025,1,0.25843263,0,1
324214,Vasile Mogoș,24/25,2025,0,0.25835016,0,0
460625,Konstantinos Balogiannis,24/25,2025,0,0.25833312,0,0
1005997,Nicolò Baldo,24/25,2025,0,0.25811616,0,0
689892,Ben Jackson,24/25,2025,0,0.25794443,0,0
503991,Yunus Musah,24/25,2025,1,0.25786608,0,1
82112,Julian Riedel,24/25,2025,0,0.25785613,0,0
726668,Tadeas Hajovsky,24/25,2025,0,0.2577971,0,0
175722,Eric Dier,24/25,2025,1,0.25771716,0,1
724104,Fabio Chiarodia,24/25,2025,0,0.25763825,0,0
336928,Alessio Milillo,24/25,2025,0,0.25763756,0,0
1130619,Jónatan Gudni Arnarsson,24/25,2025,0,0.25758356,0,0
74229,Koke,24/25,2025,0,0.2575457,0,0
51569,Sasa Strujic,24/25,2025,0,0.25753674,0,0
61297,Milan Mijatovic,24/25,2025,0,0.25753313,0,0
452447,Maciej Ambrosiewicz,24/25,2025,0,0.25745428,0,0
836066,Bledar Lila,24/25,2025,0,0.2573463,0,0
170911,Donovan Léon,24/25,2025,0,0.25726542,0,0
435500,Sergio González,24/25,2025,1,0.25707573,0,1
146752,Gianluca Caprari,24/25,2025,0,0.25700164,0,0
637273,Mohammed Kamara,24/25,2025,0,0.25697795,0,0
918867,Zack Clarke,24/25,2025,1,0.2567561,0,1
258032,Yuri Ribeiro,24/25,2025,0,0.25657952,0,0
668951,Matías Soulé,24/25,2025,0,0.25657597,0,0
823075,Lewis Rees,24/25,2025,0,0.25632387,0,0
454567,Orkun Kökçü,24/25,2025,1,0.25619742,0,1
813137,Niccolò Pisilli,24/25,2025,0,0.25606185,0,0
191792,Craig Watson,24/25,2025,1,0.25595918,0,1
723614,Francesco D'Alessio,24/25,2025,0,0.25572687,0,0
866609,Luke Gauer,24/25,2025,0,0.25571996,0,0
1329955,Osian Ellis,24/25,2025,0,0.2556151,0,0
348431,Cazim Suljic,24/25,2025,0,0.25539792,0,0
335245,Marc Navarro,24/25,2025,0,0.25505367,0,0
347594,Florian Miguel,24/25,2025,0,0.2543986,0,0
408247,Daniele Ciappellano,24/25,2025,0,0.25431314,0,0
253210,Nicolai Poulsen,24/25,2025,0,0.25419933,0,0
33571,Lorenzo De Silvestri,24/25,2025,0,0.25414577,0,0
1058791,Andreas Redkin,24/25,2025,0,0.25405967,0,0
494586,Mickaël Nadé,24/25,2025,0,0.2538626,0,0
763953,Egor Osipov,24/25,2025,0,0.25370628,0,0
614498,Fabio Cortinovis,24/25,2025,1,0.253597,0,1
537477,João Goulart,24/25,2025,0,0.2533464,0,0
955427,Henry Camara,24/25,2025,0,0.25327805,0,0
158946,Erdoğan Yeşilyurt,24/25,2025,0,0.25321746,0,0
694928,Samuel Lino,24/25,2025,1,0.25313318,0,1
1081951,Ilian Antonov,24/25,2025,0,0.25304094,0,0
964204,Gavin Gallagher,24/25,2025,0,0.25255015,0,0
79045,Jeroen Zoet,24/25,2025,0,0.25253725,0,0
324358,Ollie Watkins,24/25,2025,0,0.2523971,0,0
413859,Mael Corboz,24/25,2025,0,0.25238192,0,0
810833,Arda Süne,24/25,2025,0,0.25191852,0,0
548937,Evan Rottier,24/25,2025,0,0.25177222,0,0
315511,Arkadiusz Kasperkiewicz,24/25,2025,0,0.25172174,0,0
228727,Pedro Miguel,24/25,2025,0,0.2517025,0,0
929130,Mathijs Menu,24/25,2025,0,0.25115493,0,0
987355,Lucas Jetten,24/25,2025,0,0.2508956,0,0
253905,Grego Sierra,24/25,2025,0,0.25085855,0,0
213260,Rubén García,24/25,2025,0,0.25065607,0,0
731138,Aleksey Abramov,24/25,2025,0,0.25055632,0,0
341126,Umberto De Lucia,24/25,2025,0,0.25051644,0,0
834752,Unai Gómez,24/25,2025,0,0.25031194,0,0
1071956,Emmanuel Biumla,24/25,2025,0,0.25026757,0,0
937952,Javier Fernández,24/25,2025,0,0.2501604,0,0
819798,Jacob Andersen,24/25,2025,0,0.25010535,0,0
7161,Jonas Hofmann,24/25,2025,0,0.25006133,0,0
167685,Alessandro Micai,24/25,2025,1,0.24999586,0,1
240244,Cristian Dell'Orco,24/25,2025,0,0.24998903,0,0
449860,Filippo Pirola,24/25,2025,0,0.24991879,0,0
425239,Alessandro Capelli,24/25,2025,0,0.24983245,0,0
343332,Stefano Russo,24/25,2025,0,0.2498287,0,0
214532,Pierrick Capelle,24/25,2025,0,0.24935655,0,0
82350,Stefan Bell,24/25,2025,0,0.24935621,0,0
980134,Maksim Samotoy,24/25,2025,0,0.24929449,0,0
559319,Kilian Nikièma,24/25,2025,0,0.24920718,0,0
717241,Aleksandar Buchkov,24/25,2025,0,0.2489703,0,0
408311,Andrea Delcarro,24/25,2025,0,0.2487556,0,0
357992,Raoul Bellanova,24/25,2025,0,0.24865842,0,0
940740,Ivan Grudko,24/25,2025,0,0.24860406,0,0
536342,Francesco Amatucci,24/25,2025,0,0.2484378,0,0
606026,Albie Morgan,24/25,2025,0,0.24841997,0,0
60517,Yacine Brahimi,24/25,2025,0,0.24835579,0,0
718303,Ernest Poku,24/25,2025,1,0.24832532,0,1
906570,Dennis Azakir,24/25,2025,0,0.2479979,0,0
655488,Gabriel Martinelli,24/25,2025,0,0.24795821,0,0
1058353,Andrea Natali,24/25,2025,1,0.24793093,0,1
289846,Ashley Fletcher,24/25,2025,0,0.24764489,0,0
347253,Dany Mota,24/25,2025,0,0.24761693,0,0
819211,Ethan Butera,24/25,2025,0,0.24727166,0,0
717411,Yegor Yarmolyuk,24/25,2025,0,0.24704114,0,0
468249,Vitinho,24/25,2025,0,0.24695933,0,0
121267,Connor Roberts,24/25,2025,1,0.24688354,0,1
503865,Alexander Jensen,24/25,2025,0,0.24682772,0,0
392710,Lennard Maloney,24/25,2025,0,0.2467528,0,0
568242,Lachezar Kotev,24/25,2025,0,0.24662413,0,0
746712,Pietro Comuzzo,24/25,2025,0,0.24652497,0,0
375095,Michael Cheek,24/25,2025,0,0.24625571,0,0
61841,Adam Smith,24/25,2025,0,0.2455552,0,0
128220,Luis Alberto,24/25,2025,0,0.24544899,0,0
171696,Marco Perrotta,24/25,2025,0,0.2449049,0,0
195911,João Oliveira,24/25,2025,0,0.24485597,0,0
45228,Ryan Flynn,24/25,2025,0,0.24479903,0,0
418651,Yahia Fofana,24/25,2025,1,0.24475361,0,1
295764,Aschraf El Mahdioui,24/25,2025,0,0.24475199,0,0
1050212,Nayrobi Vargas,24/25,2025,0,0.2446834,0,0
224458,Pyry Soiri,24/25,2025,1,0.24460839,0,1
786795,Mesut Yusuf,24/25,2025,0,0.24440861,0,0
331560,Takehiro Tomiyasu,24/25,2025,1,0.2439561,0,1
669569,Nicolo Baldani,24/25,2025,0,0.24384661,0,0
192731,Jakub Holubek,24/25,2025,0,0.2437154,0,0
201731,Lukas Wedl,24/25,2025,0,0.24348196,0,0
1067168,Harry Howell,24/25,2025,0,0.24346438,0,0
341466,Tobias Mölgaard,24/25,2025,0,0.24343784,0,0
166237,Leandro Paredes,24/25,2025,1,0.24337597,0,1
613085,Tobías Reinhart,24/25,2025,0,0.24333096,0,0
724532,Sinclair Armstrong,24/25,2025,0,0.2431551,0,0
396488,Giuseppe Coccia,24/25,2025,1,0.24314062,0,1
392761,Zech Medley,24/25,2025,0,0.24307844,0,0
1186932,Edoardo Zanchi,24/25,2025,0,0.2430537,0,0
357047,Gautier Larsonneur,24/25,2025,0,0.2430005,0,0
1007809,Daniel Skaarud,24/25,2025,0,0.24274626,0,0
62351,Abdoulaye Bamba,24/25,2025,0,0.24241163,0,0
450945,Ivan Zhestkin,24/25,2025,0,0.2423973,0,0
323754,Wilhelm Nilsson,24/25,2025,0,0.24221498,0,0
800995,Ro-Zangelo Daal,24/25,2025,0,0.24214104,0,0
373191,Flávio,24/25,2025,0,0.2421258,0,0
495666,William Saliba,24/25,2025,0,0.24210866,0,0
250768,Ross White,24/25,2025,0,0.24195234,0,0
978808,Georgi Chorbadzhiyski,24/25,2025,0,0.24187388,0,0
315777,Matthew Olosunde,24/25,2025,1,0.24180804,0,1
738514,Tristan Kuijsten,24/25,2025,1,0.24167353,0,1
473050,Kevin Schade,24/25,2025,0,0.24156485,0,0
468272,Gustavo Cascardo,24/25,2025,0,0.24151686,0,0
696822,Emir Kuhinja,24/25,2025,0,0.24130262,0,0
572879,Stavros Pilios,24/25,2025,0,0.24095106,0,0
270055,Kiki,24/25,2025,0,0.24082895,0,0
161072,Baris Atik,24/25,2025,0,0.24081838,0,0
719382,Matteo Waem,24/25,2025,0,0.24033454,0,0
322677,Perry Ng,24/25,2025,0,0.2401935,0,0
281773,José León,24/25,2025,0,0.24003938,0,0
87650,Julian Derstroff,24/25,2025,0,0.24002759,0,0
233656,Marek Havlík,24/25,2025,0,0.23984817,0,0
419723,Elias Cobbaut,24/25,2025,0,0.23983297,0,0
190263,Predrag Rajković,24/25,2025,0,0.2397565,0,0
413403,Ezri Konsa,24/25,2025,0,0.23974274,0,0
40617,Sam Hutchinson,24/25,2025,0,0.23971237,0,0
185181,Michel Lieder,24/25,2025,0,0.23958728,0,0
159088,Robert Andrich,24/25,2025,0,0.23935482,0,0
493038,Maximilian Schütt,24/25,2025,0,0.23930787,0,0
335103,Linton Maina,24/25,2025,0,0.23929645,0,0
801029,Enoch Mastoras,24/25,2025,0,0.23922665,0,0
51227,Dame Traoré,24/25,2025,0,0.23907085,0,0
163203,Francesco Vassallo,24/25,2025,0,0.2388909,0,0
335587,Philipp Hanke,24/25,2025,0,0.23881157,0,0
1106982,Seydou Sano,24/25,2025,0,0.23846556,0,0
989112,Veljko Milosavljevic,24/25,2025,1,0.23818389,0,1
200512,Sadio Mané,24/25,2025,0,0.2381174,0,0
237141,Benedikt Kirsch,24/25,2025,0,0.23799123,0,0
517402,Bjarne Pudel,24/25,2025,0,0.23798642,0,0
272845,Laurin von Piechowski,24/25,2025,0,0.23798493,0,0
656159,Julius Madsen,24/25,2025,0,0.23788773,0,0
1268640,Petko Panayotov,24/25,2025,0,0.23763584,0,0
328985,Matteo Marotta,24/25,2025,0,0.23756093,0,0
990637,Zachary Athekame,24/25,2025,1,0.23750672,0,1
124507,Fabian Menig,24/25,2025,0,0.2373419,0,0
659813,Piero Hincapié,24/25,2025,1,0.23717922,0,1
552425,Jon Moncayola,24/25,2025,0,0.23678404,0,0
689505,Johnny Cardoso,24/25,2025,1,0.23653255,0,1
111073,Ryan Allsop,24/25,2025,0,0.23645708,0,0
1023784,Robert Kampa,24/25,2025,0,0.23634297,0,0
609887,Alex Robertson,24/25,2025,0,0.23628226,0,0
395118,Pietro Fusi,24/25,2025,0,0.23601475,0,0
1015875,Tómas Johannessen,24/25,2025,1,0.23580293,0,1
1069757,Jasper Payne,24/25,2025,1,0.2356707,0,1
72776,Hugo Marques,24/25,2025,0,0.2356659,0,0
408563,Jerome Opoku,24/25,2025,0,0.2355999,0,0
333516,Sebastian Vasiliadis,24/25,2025,0,0.23552397,0,0
285944,Tarek Chahed,24/25,2025,0,0.23544729,0,0
195611,Alexander Siebeck,24/25,2025,0,0.23530483,0,0
461477,Tyler Walton,24/25,2025,0,0.23438177,0,0
251322,Philipp Köhn,24/25,2025,0,0.23427871,0,0
543501,Ibrahim Sadiq,24/25,2025,0,0.23398875,0,0
563963,Mohammed Salisu,24/25,2025,0,0.23397632,0,0
950091,Stefanos Tzimas,24/25,2025,0,0.23375061,0,0
296897,Patrick Sontheimer,24/25,2025,0,0.2337257,0,0
435208,Béni Nkololo,24/25,2025,1,0.23368791,0,1
191903,Ferjani Sassi,24/25,2025,0,0.23317596,0,0
810895,Eliesse Ben Seghir,24/25,2025,1,0.23315574,0,1
849520,Santiago Castro,24/25,2025,0,0.23284927,0,0
148367,Christian Nørgaard,24/25,2025,1,0.23280576,0,1
1108253,Dimitar Papazov,24/25,2025,0,0.23272774,0,0
587333,Sekou Sylla,24/25,2025,0,0.232644,0,0
132779,Branko Pauljevic,24/25,2025,0,0.23259886,0,0
815237,Tony Reitz,24/25,2025,0,0.23217553,0,0
894470,Davide Baroncioni,24/25,2025,0,0.23210143,0,0
251813,Niclas Eliasson,24/25,2025,0,0.23187262,0,0
164729,Panagiotis Tsintotas,24/25,2025,0,0.23182638,0,0
126664,Lucas Digne,24/25,2025,0,0.23179148,0,0
192088,Enis Bytyqi,24/25,2025,0,0.23163989,0,0
486464,Max Bird,24/25,2025,0,0.23124698,0,0
530780,Jason Knight,24/25,2025,0,0.23120351,0,0
153084,Leon Goretzka,24/25,2025,0,0.2309147,0,0
165513,Berat Djimsiti,24/25,2025,0,0.23088764,0,0
877131,Rosen Marinov,24/25,2025,1,0.23084012,0,1
1003307,Egor Bozhko,24/25,2025,0,0.23077083,0,0
454863,András Schäfer,24/25,2025,0,0.23076132,0,0
636888,Udoka Godwin-Malife,24/25,2025,0,0.23071167,0,0
215864,Mijat Gacinovic,24/25,2025,0,0.23065434,0,0
94201,Robin Knoche,24/25,2025,0,0.23043056,0,0
741871,Justin Gröger,24/25,2025,0,0.23015176,0,0
931376,Ondrej Lilling,24/25,2025,0,0.22991082,0,0
804936,Eskil Edh,24/25,2025,0,0.2298678,0,0
1058533,Adam Herdonsson,24/25,2025,0,0.22955792,0,0
163606,Alessio Vita,24/25,2025,0,0.22940782,0,0
311730,Tarek Salman,24/25,2025,0,0.22911611,0,0
798050,Gavin Beavers,24/25,2025,0,0.22910452,0,0
581106,Kristian Arnstad,24/25,2025,0,0.22903208,0,0
404688,Waldo Rubio,24/25,2025,1,0.22885908,0,1
152093,Anderson Correia,24/25,2025,0,0.22868033,0,0
617141,Pavel Seleznev,24/25,2025,0,0.22859535,0,0
1008564,Billy van Duijl,24/25,2025,0,0.22799769,0,0
445616,Gift Links,24/25,2025,0,0.22791399,0,0
541231,Sepp van den Berg,24/25,2025,0,0.22785343,0,0
192169,Jonas Föhrenbach,24/25,2025,0,0.22761413,0,0
519561,Ole Martin Kolskogen,24/25,2025,0,0.22757453,0,0
404604,Patrik Blahut,24/25,2025,0,0.22726668,0,0
159471,Serge Gnabry,24/25,2025,0,0.22718798,0,0
346849,Christoph Klarer,24/25,2025,0,0.22710942,0,0
798043,Tom Rothe,24/25,2025,0,0.22707357,0,0
576024,Julián Alvarez,24/25,2025,0,0.22691186,0,0
577394,Denso Kasius,24/25,2025,0,0.22676903,0,0
607224,Hannibal,24/25,2025,0,0.22673473,0,0
929133,Rio Robbemond,24/25,2025,0,0.22667076,0,0
233782,Aïssa Laïdouni,24/25,2025,0,0.22664729,0,0
339151,Sven Sonnenberg,24/25,2025,0,0.2263682,0,0
739443,Igor Thiago,24/25,2025,0,0.22623922,0,0
395695,Elisha Owusu,24/25,2025,0,0.22617958,0,0
255838,Patrick Ciurria,24/25,2025,0,0.22616631,0,0
102017,Jorginho,24/25,2025,1,0.2260395,0,1
332341,Todd Cantwell,24/25,2025,0,0.22600535,0,0
1011936,Kaye Furo,24/25,2025,1,0.22586378,0,1
592387,Sebastian Sebulonsen,24/25,2025,1,0.2257273,0,1
875631,Sanders Ngabo,24/25,2025,1,0.2257102,0,1
334042,Orbelín Pineda,24/25,2025,0,0.22548227,0,0
322293,Felix Beijmo,24/25,2025,0,0.22545117,0,0
207302,Sergio Rico,24/25,2025,0,0.22538348,0,0
1024171,Taiyu Yamasaki,24/25,2025,0,0.22528768,0,0
260416,Lorenzo Paolucci,24/25,2025,0,0.22510906,0,0
989508,Victor Gonçalves Andersson,24/25,2025,0,0.22466673,0,0
550468,Radoslav Zhivkov,24/25,2025,0,0.22451235,0,0
1075147,Lennart Karl,24/25,2025,1,0.22433162,0,1
393904,Filippo Delli Carri,24/25,2025,1,0.2241529,0,1
627208,Andres Jasson,24/25,2025,0,0.22397904,0,0
931828,Tom Walters,24/25,2025,0,0.22397296,0,0
370683,Andreas Hanche-Olsen,24/25,2025,0,0.22395158,0,0
576430,Dmitriy Kaplunov,24/25,2025,0,0.22394885,0,0
951643,Zakhar Gitselev,24/25,2025,0,0.2236975,0,0
1100752,Vasil Kaymakanov,24/25,2025,0,0.22321488,0,0
543382,Mohamed Camara,24/25,2025,0,0.22319245,0,0
66501,Robbie Willmott,24/25,2025,0,0.22307523,0,0
1034079,Gabriel Zlatanov,24/25,2025,0,0.22307375,0,0
243714,Kingsley Coman,24/25,2025,1,0.2229257,0,1
289432,Dylan Batubinsika,24/25,2025,0,0.22225323,0,0
1118293,Fynn Schenten,24/25,2025,0,0.22221452,0,0
634131,Aimar Oroz,24/25,2025,0,0.22220185,0,0
111873,Emiliano Martínez,24/25,2025,0,0.22175954,0,0
344001,Kelland Absalom,24/25,2025,0,0.22172882,0,0
234888,Georgios Athanasiadis,24/25,2025,1,0.22170182,0,1
891379,Nordine Kandil,24/25,2025,0,0.22160347,0,0
613192,Jens Castrop,24/25,2025,1,0.2214859,0,1
978438,Patrik Kristal,24/25,2025,0,0.22139028,0,0
199248,Bryan Cristante,24/25,2025,0,0.22138797,0,0
442816,Fran Gámez,24/25,2025,1,0.22117141,0,1
633655,Chris Mochrie,24/25,2025,0,0.22094873,0,0
576033,Doğan Alemdar,24/25,2025,1,0.22089641,0,1
1043566,Josiah Uwakhonye,24/25,2025,0,0.22052248,0,0
418561,Kristoffer Klaesson,24/25,2025,0,0.22048366,0,0
315867,Gianluca Scamacca,24/25,2025,0,0.22040324,0,0
1013793,Lukas Moudry,24/25,2025,0,0.22032888,0,0
118244,Sean McGinty,24/25,2025,1,0.22016928,0,1
85543,Niklas Lomb,24/25,2025,0,0.2201243,0,0
829249,Justus Götze,24/25,2025,0,0.21993352,0,0
290533,Yann Bodiger,24/25,2025,1,0.21981476,0,1
248393,Peter Olayinka,24/25,2025,0,0.21971993,0,0
387626,Leon Bailey,24/25,2025,1,0.21945505,0,1
312678,Léo Duarte,24/25,2025,0,0.21914853,0,0
84751,Luca Martinelli,24/25,2025,0,0.21908104,0,0
1102496,Aleksandr Shvedchikov,24/25,2025,1,0.2190423,0,1
202886,Ruben Loftus-Cheek,24/25,2025,0,0.21897888,0,0
731174,Aleksandr Kuchinskiy,24/25,2025,0,0.2188183,0,0
846848,Dixon Kabongo,24/25,2025,0,0.21876985,0,0
456838,Eliot Evans,24/25,2025,0,0.21858029,0,0
605454,Valdemar Sadrifar,24/25,2025,1,0.21846797,0,1
743598,Ângelo,24/25,2025,0,0.21842858,0,0
1183953,Luca Gobbo,24/25,2025,0,0.21838944,0,0
514285,Quilindschy Hartman,24/25,2025,1,0.21830356,0,1
331963,Filip Panák,24/25,2025,0,0.21775043,0,0
335721,Ben White,24/25,2025,0,0.21752541,0,0
48280,Edinson Cavani,24/25,2025,0,0.21674426,0,0
1070979,Wael Mohya,24/25,2025,1,0.21666038,0,1
503987,Noni Madueke,24/25,2025,1,0.21656562,0,1
543093,Josh Neufville,24/25,2025,1,0.21637058,0,1
285771,Roger Martínez,24/25,2025,0,0.2162798,0,0
364409,Gabriel Osho,24/25,2025,1,0.21622732,0,1
119472,Milan Heca,24/25,2025,0,0.2162081,0,0
392569,Gabriele Zappa,24/25,2025,0,0.21616991,0,0
123550,Jamie Grimes,24/25,2025,0,0.21606661,0,0
818906,Yoan Bornosuzov,24/25,2025,0,0.21575154,0,0
282689,Seung-ho Paik,24/25,2025,0,0.21575065,0,0
289683,Frederik Tingager,24/25,2025,0,0.21568692,0,0
548935,Steven van der Sloot,24/25,2025,0,0.21559659,0,0
1185190,Tino Kusanovic,24/25,2025,1,0.21541885,0,1
1287831,Giannis Spandonidis,24/25,2025,0,0.21511458,0,0
745601,Rafael Lubach,24/25,2025,0,0.21499287,0,0
666467,Marco Rus,24/25,2025,0,0.21499209,0,0
289255,Andoni Gorosabel,24/25,2025,0,0.2146632,0,0
189640,Michal Travnik,24/25,2025,0,0.21461193,0,0
912438,Tim Müller,24/25,2025,0,0.21431321,0,0
559327,Youri Baas,24/25,2025,0,0.21429062,0,0
607720,Jonas Urbig,24/25,2025,0,0.21412998,0,0
250490,Christian Fassnacht,24/25,2025,0,0.21407928,0,0
214131,Artem Soroko,24/25,2025,0,0.2140051,0,0
742274,Christian Intsoen,24/25,2025,0,0.21386427,0,0
112302,Roberto Pereyra,24/25,2025,0,0.21384463,0,0
255755,Alex Telles,24/25,2025,0,0.2137438,0,0
264302,Dimitar Mitov,24/25,2025,0,0.21354291,0,0
467434,Rocco Reitz,24/25,2025,0,0.21327397,0,0
134192,Will Richards,24/25,2025,0,0.2130168,0,0
283233,Jacob Rasmussen,24/25,2025,1,0.21282923,0,1
1067439,Fritz Fleck,24/25,2025,0,0.2127181,0,0
425795,Callum Maycock,24/25,2025,0,0.21267116,0,0
323403,Dimitar Velkovski,24/25,2025,0,0.21266271,0,0
199325,Ander Cantero,24/25,2025,0,0.21192616,0,0
1059344,Lukas Mikulaj,24/25,2025,0,0.21173754,0,0
67063,Danny Welbeck,24/25,2025,0,0.21154857,0,0
313719,George Oakley,24/25,2025,0,0.2114877,0,0
483742,Antonio Perera,24/25,2025,1,0.21042232,0,1
73269,Javier Matilla,24/25,2025,0,0.21038751,0,0
255508,Iñaki Williams,24/25,2025,0,0.21031974,0,0
776880,Lev Lenssen,24/25,2025,1,0.21002659,0,1
547382,Cameron Pring,24/25,2025,0,0.2098792,0,0
595936,Misha Engel,24/25,2025,1,0.20986187,0,1
284346,Phillip Menzel,24/25,2025,0,0.20985943,0,0
807418,Jude Arthurs,24/25,2025,0,0.20964368,0,0
530173,Julian Niehues,24/25,2025,0,0.20952612,0,0
129554,Steven Berghuis,24/25,2025,0,0.20943238,0,0
531236,Callum Sainty,24/25,2025,0,0.20936759,0,0
293771,Evgeniy Yablonskiy,24/25,2025,0,0.20936184,0,0
150462,Alessandro Salvi,24/25,2025,0,0.2091328,0,0
1100501,Bozhidar Petrov,24/25,2025,0,0.20891106,0,0
833372,Amine Naïfi,24/25,2025,0,0.20884661,0,0
547044,Ryan Bevan,24/25,2025,0,0.2084124,0,0
397171,Gideon Mensah,24/25,2025,0,0.20810117,0,0
148153,Lewis Dunk,24/25,2025,0,0.20797794,0,0
1088697,Jinairo Johnson,24/25,2025,0,0.20753384,0,0
1070408,Mylo van der Lans,24/25,2025,0,0.20752499,0,0
504153,Joe Scally,24/25,2025,0,0.2074288,0,0
193116,John McGinn,24/25,2025,0,0.20721568,0,0
342223,Kévin Appin,24/25,2025,0,0.20706129,0,0
1048145,Andrea Bonanomi,24/25,2025,0,0.20698501,0,0
223035,Gigli Ndefe,24/25,2025,0,0.20685457,0,0
257437,Rob Dickie,24/25,2025,0,0.20675382,0,0
293134,Mikkel Kallesøe,24/25,2025,1,0.2066735,0,1
946385,Arseniy Skopets,24/25,2025,0,0.20667289,0,0
128886,András Horváth,24/25,2025,0,0.20663546,0,0
165793,Takumi Minamino,24/25,2025,0,0.20658673,0,0
364135,Moise Kean,24/25,2025,0,0.20648548,0,0
111811,Florent Hanin,24/25,2025,0,0.20617278,0,0
406634,Matt O'Riley,24/25,2025,1,0.20596778,0,1
412629,Filip Vasko,24/25,2025,0,0.20593894,0,0
463792,Luca Gemello,24/25,2025,0,0.20586427,0,0
210631,Davide Zagnoni,24/25,2025,0,0.20581965,0,0
73700,Nikolaos Kaltsas,24/25,2025,0,0.20575826,0,0
354456,Aynsley Pears,24/25,2025,0,0.20572427,0,0
339808,Theo Hernández,24/25,2025,1,0.20567057,0,1
625047,Beñat Prados,24/25,2025,0,0.20560782,0,0
658115,Abel Bretones,24/25,2025,0,0.20555688,0,0
138055,Haris Belkebla,24/25,2025,0,0.2053185,0,0
337383,Andrea Boffelli,24/25,2025,0,0.20483328,0,0
51510,Ángel Rodríguez,24/25,2025,1,0.20454276,0,1
185467,Jake Reeves,24/25,2025,0,0.20375654,0,0
1141179,Mussa Kaba,24/25,2025,0,0.20368965,0,0
710671,Adama Boiro,24/25,2025,0,0.20355856,0,0
107219,Leart Paçarada,24/25,2025,1,0.20353454,0,1
355369,Jordan,24/25,2025,1,0.20333551,0,1
77809,Julian Korb,24/25,2025,0,0.20333515,0,0
787152,Veit Stange,24/25,2025,0,0.20333412,0,0
538977,Georginio Rutter,24/25,2025,0,0.20324916,0,0
427868,Dan Jefferies,24/25,2025,1,0.20316607,0,1
592116,Yuki Ohashi,24/25,2025,0,0.20312332,0,0
330659,Justin Kluivert,24/25,2025,0,0.20274287,0,0
768911,Ivan Sanko,24/25,2025,0,0.20226496,0,0
212847,Adam Webster,24/25,2025,0,0.2021593,0,0
312819,Silvere Ganvoula,24/25,2025,1,0.20211662,0,1
254683,Giorgio Conrotto,24/25,2025,1,0.20162891,0,1
170962,Nicolas Saint-Ruf,24/25,2025,0,0.20147128,0,0
435772,Charles De Ketelaere,24/25,2025,0,0.20130774,0,0
1005240,Christian Mawissa,24/25,2025,0,0.20118469,0,0
131745,Nikolai Alho,24/25,2025,0,0.20106612,0,0
964471,Andrea Torriani,24/25,2025,0,0.20091161,0,0
108468,Benjamin Tiedemann,24/25,2025,1,0.20082362,0,1
904790,Mark Verkuijl,24/25,2025,0,0.20050374,0,0
212430,Diamantis Chouchoumis,24/25,2025,1,0.20050092,0,1
432116,Noah Lewis,24/25,2025,0,0.2004094,0,0
197299,Francesco Belli,24/25,2025,0,0.20036528,0,0
735710,Bjarne Kasper,24/25,2025,1,0.20003304,0,1
453870,Benedict Hollerbach,24/25,2025,1,0.19992927,0,1
929132,Jeremiah Esajas,24/25,2025,0,0.19973049,0,0
339023,Matty Stevens,24/25,2025,0,0.19964565,0,0
314241,Josh Laurent,24/25,2025,0,0.19960265,0,0
617754,Mylian Jiménez,24/25,2025,1,0.19944303,0,1
728478,Gavin Molloy,24/25,2025,0,0.1993188,0,0
289446,Yerry Mina,24/25,2025,0,0.1992061,0,0
380350,Igor Julio,24/25,2025,1,0.19905888,0,1
1124448,Ivan Oreshkevich,24/25,2025,0,0.19903214,0,0
555500,Jorge Herrando,24/25,2025,0,0.19902824,0,0
59434,Artem Putivtsev,24/25,2025,0,0.19899526,0,0
80435,Korey Smith,24/25,2025,0,0.19857322,0,0
205809,Marcus Rohdén,24/25,2025,0,0.19850005,0,0
118050,Aleksandr Skshinetskiy,24/25,2025,0,0.19846803,0,0
213670,Lucas Torró,24/25,2025,0,0.19845049,0,0
80894,Lukasz Skorupski,24/25,2025,0,0.1984265,0,0
580195,Jamal Musiala,24/25,2025,0,0.19838127,0,0
643574,Kaishu Sano,24/25,2025,0,0.19823281,0,0
256448,Gianluca Mancini,24/25,2025,0,0.19819272,0,0
196763,Korbinian Burger,24/25,2025,0,0.1981168,0,0
314398,Jae-sung Lee,24/25,2025,0,0.19807379,0,0
610570,Julián Bartolo,24/25,2025,0,0.19794472,0,0
211345,Mansur,24/25,2025,0,0.19763198,0,0
822917,Adam Davies,24/25,2025,0,0.19736764,0,0
488626,Jesús Areso,24/25,2025,1,0.19720511,0,1
681935,Jonas Kühl,24/25,2025,0,0.19698404,0,0
1012534,Yankuba Minteh,24/25,2025,0,0.19688392,0,0
453807,Vincent Müller,24/25,2025,0,0.1968698,0,0
507479,Darian Males,24/25,2025,0,0.19669232,0,0
809498,Luca Kerber,24/25,2025,0,0.196482,0,0
701055,Anton Gaaei,24/25,2025,0,0.19622275,0,0
962154,Albert Navarro,24/25,2025,0,0.19584228,0,0
410696,Anthony Landázuri,24/25,2025,0,0.19553223,0,0
796213,Nelson Weiper,24/25,2025,0,0.19551687,0,0
340322,Nathan Tella,24/25,2025,0,0.19495225,0,0
652054,Martin Vitík,24/25,2025,1,0.19481757,0,1
805601,Ben Margetson,24/25,2025,0,0.19479606,0,0
476344,Emerson Royal,24/25,2025,1,0.19478938,0,1
992569,Massimo Pessina,24/25,2025,0,0.19454823,0,0
282411,Marcos Llorente,24/25,2025,0,0.19434644,0,0
921521,Dylan MacDonald,24/25,2025,0,0.19432919,0,0
690425,Philip Fahrner,24/25,2025,0,0.194219,0,0
483916,Lazaros Rota,24/25,2025,0,0.19396685,0,0
346561,Luca Ranieri,24/25,2025,0,0.19388694,0,0
238722,Dominik Reimann,24/25,2025,0,0.19385329,0,0
467623,Lyle Foster,24/25,2025,0,0.19373742,0,0
1270796,Christ Tapé,24/25,2025,0,0.19359277,0,0
173859,Davide Zappacosta,24/25,2025,0,0.1934775,0,0
156617,Marcelo Brozović,24/25,2025,0,0.19344164,0,0
929128,Koen Schilder,24/25,2025,0,0.19322985,0,0
341227,Juan Miranda,24/25,2025,0,0.19257411,0,0
140461,Artem Rakhmanov,24/25,2025,1,0.19251907,0,1
1116190,Daniel Richter,24/25,2025,1,0.19202411,0,1
732241,Luis Bates,24/25,2025,0,0.1919933,0,0
1170813,Javison Idele,24/25,2025,0,0.19182666,0,0
890721,Myles Lewis-Skelly,24/25,2025,0,0.19151819,0,0
1111063,Sean Steur,24/25,2025,0,0.19148627,0,0
182682,Lefteris Choutesiotis,24/25,2025,0,0.1914464,0,0
704682,Marco Forapani,24/25,2025,0,0.19139586,0,0
471055,Marvin Pieringer,24/25,2025,0,0.19127269,0,0
223727,Godswill Ekpolo,24/25,2025,0,0.19084458,0,0
649053,Ashley Charles,24/25,2025,0,0.1906401,0,0
334526,Denis Zakaria,24/25,2025,0,0.19061188,0,0
731130,Nikita Patsenko,24/25,2025,0,0.19051164,0,0
132098,Harry Kane,24/25,2025,0,0.19030116,0,0
607854,Éderson,24/25,2025,0,0.1902603,0,0
525113,Jérémy Mellot,24/25,2025,1,0.19010904,0,1
269093,Manfred Fischer,24/25,2025,0,0.19010012,0,0
848757,Rayan Atikallah,24/25,2025,0,0.1900857,0,0
429915,Maxim De Cuyper,24/25,2025,1,0.19008218,0,1
284959,Marc Roberts,24/25,2025,0,0.19006899,0,0
332179,Matteo Pessina,24/25,2025,0,0.18996198,0,0
541555,Enzo Boyomo,24/25,2025,0,0.18984464,0,0
942065,Julian Oerip,24/25,2025,0,0.1898261,0,0
235275,Jordi Vanlerberghe,24/25,2025,0,0.18973137,0,0
161057,Carl Klaus,24/25,2025,0,0.18961757,0,0
481091,Silas Gnaka,24/25,2025,0,0.18949032,0,0
119296,Emre Can,24/25,2025,0,0.1890127,0,0
270541,Serhou Guirassy,24/25,2025,0,0.18883449,0,0
262396,Unai Simón,24/25,2025,0,0.1886081,0,0
709187,Nico Williams,24/25,2025,0,0.1883726,0,0
446625,Alexander Nollenberger,24/25,2025,0,0.18779524,0,0
504148,Tariq Lamptey,24/25,2025,1,0.18771063,0,1
192492,Jordan Lefort,24/25,2025,0,0.18735878,0,0
1259900,Eyyüb Yasar,24/25,2025,0,0.18713231,0,0
169687,Nikolaos Papadopoulos,24/25,2025,0,0.18713155,0,0
299561,Adrian Chovan,24/25,2025,0,0.18689859,0,0
359693,James Tilley,24/25,2025,1,0.186725,0,1
299471,Ryan Johnson,24/25,2025,0,0.18631157,0,0
667287,Yasin Ayari,24/25,2025,0,0.18624634,0,0
160963,Robin Zentner,24/25,2025,0,0.18596736,0,0
124410,Rani Khedira,24/25,2025,0,0.18582976,0,0
160357,Mario Sampirisi,24/25,2025,0,0.18564114,0,0
1104610,Nikita Neskoromnyi,24/25,2025,0,0.18512565,0,0
48015,Lukas Hradecky,24/25,2025,1,0.1850053,0,1
708635,Lorenzo Bernasconi,24/25,2025,0,0.18491055,0,0
363205,Gabriel Jesus,24/25,2025,0,0.18449053,0,0
254965,Sandro Lauper,24/25,2025,0,0.18433622,0,0
1190206,Hari Thomas,24/25,2025,0,0.18426628,0,0
424042,Nahuel Molina,24/25,2025,0,0.18392235,0,0
384553,Luca Kilian,24/25,2025,0,0.18391119,0,0
487847,Omar Bugiel,24/25,2025,0,0.18359753,0,0
171033,Anatoli Gospodinov,24/25,2025,0,0.18315402,0,0
479643,Alexandre Penetra,24/25,2025,0,0.18276829,0,0
181373,Antoine Conte,24/25,2025,0,0.1826361,0,0
542469,Lumbardh Dellova,24/25,2025,0,0.18263027,0,0
740558,Roman Horak,24/25,2025,0,0.18240729,0,0
179451,Donald Love,24/25,2025,0,0.18236805,0,0
371686,Carlens Arcus,24/25,2025,0,0.18212505,0,0
320403,Mark Sykes,24/25,2025,0,0.18203491,0,0
1098513,Seniko Doua,24/25,2025,0,0.18134841,0,0
8198,Cristiano Ronaldo,24/25,2025,0,0.18129922,0,0
741257,Álex Jiménez,24/25,2025,1,0.18085328,0,1
817521,Maximilian Kinzig,24/25,2025,0,0.18081972,0,0
469050,Nathan Collins,24/25,2025,0,0.18060376,0,0
988406,Kasper Boogaard,24/25,2025,0,0.18050383,0,0
646707,Wouter Goes,24/25,2025,0,0.17996103,0,0
216399,Philipp Hercher,24/25,2025,0,0.17942588,0,0
1186500,Ricky-Lee Owen,24/25,2025,0,0.17939356,0,0
282700,Enric Franquesa,24/25,2025,0,0.1792899,0,0
43300,Ciprian Deac,24/25,2025,0,0.17925967,0,0
826724,Danila Sokol,24/25,2025,0,0.17905706,0,0
74952,Tomas Tujvel,24/25,2025,0,0.17901602,0,0
740550,Vladislav Davydov,24/25,2025,0,0.17873804,0,0
455600,Corey Whitely,24/25,2025,0,0.17845312,0,0
842341,Maxime Estève,24/25,2025,0,0.17834543,0,0
253677,Tyrone Mings,24/25,2025,0,0.17811364,0,0
314820,Keiran Williams,24/25,2025,0,0.17808908,0,0
461019,Samuele Birindelli,24/25,2025,0,0.17756236,0,0
210178,Pablo Marí,24/25,2025,0,0.1773622,0,0
90317,Daniel Batz,24/25,2025,0,0.17721803,0,0
133179,Marten de Roon,24/25,2025,0,0.17677052,0,0
1143676,Luca Messori,24/25,2025,0,0.17670313,0,0
106872,Kevin Stöger,24/25,2025,0,0.17668572,0,0
343537,Artem Dovbyk,24/25,2025,0,0.17664121,0,0
702447,Nick Twisk,24/25,2025,0,0.17662385,0,0
223053,Quini,24/25,2025,0,0.17658052,0,0
1281876,Yulian Iliev,24/25,2025,0,0.17607136,0,0
578461,Nikola Borisov,24/25,2025,1,0.1760114,0,1
357662,Declan Rice,24/25,2025,0,0.17596711,0,0
283497,Mathias Honsak,24/25,2025,0,0.17588672,0,0
187492,Julian Brandt,24/25,2025,0,0.17583257,0,0
657723,Idris Odutayo,24/25,2025,0,0.17559652,0,0
136514,Charalampos Lykogiannis,24/25,2025,0,0.17551582,0,0
628712,Simeon Chatov,24/25,2025,0,0.1753658,0,0
185691,Konstantinos Triantafyllopoulos,24/25,2025,0,0.17523538,0,0
83119,Reinhold Ranftl,24/25,2025,0,0.17521386,0,0
1172422,Filip Öhman,24/25,2025,0,0.1749873,0,0
67797,Milan Borjan,24/25,2025,0,0.1749281,0,0
63463,Daniel Wass,24/25,2025,0,0.1748667,0,0
401578,Exequiel Palacios,24/25,2025,0,0.17472163,0,0
192635,Nico Elvedi,24/25,2025,0,0.17459083,0,0
196357,Jonathan Tah,24/25,2025,1,0.17458354,0,1
270393,Robert Skov,24/25,2025,0,0.1745732,0,0
93315,Henrik Dalsgaard,24/25,2025,0,0.17454791,0,0
344569,Vladislav Kabachevskiy,24/25,2025,1,0.1743957,0,1
293367,Nicolás Schiavi,24/25,2025,0,0.17415367,0,0
88917,Ian Mackay,24/25,2025,1,0.17414783,0,1
161056,Joshua Kimmich,24/25,2025,0,0.17382538,0,0
485706,Amadou Onana,24/25,2025,0,0.17382008,0,0
429287,Olaus Skarsem,24/25,2025,0,0.17374355,0,0
59032,Aleksandar Dragovic,24/25,2025,0,0.17342001,0,0
1105532,Jorthy Mokio,24/25,2025,0,0.17332937,0,0
275937,Emil Viyachki,24/25,2025,0,0.17331299,0,0
344576,Rayan Raveloson,24/25,2025,0,0.1733031,0,0
257814,Gregor Kobel,24/25,2025,0,0.17326237,0,0
337092,Tim Siersleben,24/25,2025,0,0.17324954,0,0
906969,Daniel Gleiber,24/25,2025,1,0.1730579,0,1
248738,Sergio Herrera,24/25,2025,0,0.17287847,0,0
1123649,Pavel Dubovskiy,24/25,2025,0,0.17258704,0,0
271773,Franz Brorsson,24/25,2025,1,0.17245421,0,1
404387,Joe Lewis,24/25,2025,0,0.17238836,0,0
581357,Jan Schöppner,24/25,2025,0,0.17230609,0,0
415381,Mats Wieffer,24/25,2025,0,0.17218186,0,0
282144,Marin Pongracic,24/25,2025,0,0.17212793,0,0
591916,Aitor Paredes,24/25,2025,0,0.1719103,0,0
290552,Qazim Laci,24/25,2025,1,0.17159717,0,1
243725,Olivier Kemen,24/25,2025,0,0.17148072,0,0
223972,Patrick Pentz,24/25,2025,0,0.17136474,0,0
335177,Farrend Rawson,24/25,2025,0,0.17134237,0,0
203938,Branco van den Boomen,24/25,2025,0,0.17112263,0,0
114060,Enric Gallego,24/25,2025,0,0.17095214,0,0
474152,Valeriy Potorocha,24/25,2025,1,0.17090824,0,1
711337,Evanilson,24/25,2025,0,0.17079796,0,0
406040,Ademola Lookman,24/25,2025,0,0.17067243,0,0
912541,Rhys Armstrong,24/25,2025,0,0.17062885,0,0
608165,Ben Dempsey,24/25,2025,0,0.17047681,0,0
198709,Cédric Hountondji,24/25,2025,1,0.17042553,0,1
1121944,Lachezar Ivanov,24/25,2025,0,0.17014138,0,0
29559,Guillermo Ochoa,24/25,2025,1,0.16990797,0,1
695644,Jean Hugonet,24/25,2025,0,0.16982895,0,0
566723,Michael Olise,24/25,2025,0,0.16974914,0,0
316264,Martin Ødegaard,24/25,2025,0,0.16945235,0,0
182932,Davy Klaassen,24/25,2025,0,0.16920748,0,0
571020,Oihan Sancet,24/25,2025,0,0.16893677,0,0
385394,Alberto Dossena,24/25,2025,0,0.16848643,0,0
859035,Kees Smit,24/25,2025,0,0.16842663,0,0
538642,Juho Kilo,24/25,2025,0,0.16818042,0,0
315779,Christian Pulisic,24/25,2025,0,0.16817866,0,0
433177,Bukayo Saka,24/25,2025,0,0.16815892,0,0
345590,Jens Odgaard,24/25,2025,0,0.16698,0,0
180167,Sivert Heltne Nilsen,24/25,2025,0,0.16658737,0,0
591949,Aaron Hickey,24/25,2025,0,0.16633457,0,0
692737,Aljoscha Kemlein,24/25,2025,0,0.16535221,0,0
496650,George Ratcliffe,24/25,2025,1,0.1651061,0,1
111038,Dennis Appiah,24/25,2025,0,0.16478132,0,0
307658,Tin Plavotic,24/25,2025,0,0.16475931,0,0
49637,Shaun Whalley,24/25,2025,0,0.16459449,0,0
249089,Lewis Cook,24/25,2025,0,0.16410655,0,0
179863,Andreas Naumann,24/25,2025,0,0.16373003,0,0
851725,Ivan Tasev,24/25,2025,0,0.16360758,0,0
597432,Leopold Querfeld,24/25,2025,0,0.1633924,0,0
125714,Mark Flekken,24/25,2025,1,0.16327582,0,1
228948,Thilo Kehrer,24/25,2025,0,0.16316393,0,0
751701,Kian Jenkins,24/25,2025,0,0.16300808,0,0
624690,Manu Koné,24/25,2025,0,0.16299996,0,0
483046,Josip Stanisic,24/25,2025,0,0.16265763,0,0
906598,Jason Amann,24/25,2025,0,0.16260388,0,0
644401,Keane Lewis-Potter,24/25,2025,0,0.16247751,0,0
542690,Frederik Alves,24/25,2025,0,0.16221477,0,0
156937,Johan Hammar,24/25,2025,0,0.16162752,0,0
675623,Job Kalisvaart,24/25,2025,1,0.16147563,0,1
340205,Gorka Guruzeta,24/25,2025,0,0.16136004,0,0
308279,Rolando Mandragora,24/25,2025,0,0.16125517,0,0
143039,Damjan Djokovic,24/25,2025,0,0.16094983,0,0
410787,Joël Monteiro,24/25,2025,0,0.16094382,0,0
251075,Zeki Çelik,24/25,2025,0,0.16055398,0,0
453016,Anthony Caci,24/25,2025,0,0.1599136,0,0
362977,Josip Juranovic,24/25,2025,0,0.15973343,0,0
148355,Jens Jönsson,24/25,2025,0,0.15929915,0,0
568503,Manuel Holzmann,24/25,2025,0,0.159297,0,0
485585,Ian Maatsen,24/25,2025,0,0.15929498,0,0
296359,Félix Eboa Eboa,24/25,2025,0,0.15921807,0,0
261504,Aleix García,24/25,2025,0,0.15912372,0,0
918969,Lamine Camara,24/25,2025,0,0.15904808,0,0
413565,Jhon Lucumí,24/25,2025,0,0.15886,0,0
148252,Remo Freuler,24/25,2025,0,0.15876858,0,0
391903,Emir Azemovic,24/25,2025,0,0.15861322,0,0
63821,Aron Gunnarsson,24/25,2025,0,0.15808026,0,0
911955,Morgan Owen,24/25,2025,0,0.15779725,0,0
107775,Frederik Rönnow,24/25,2025,0,0.15741739,0,0
564545,Edmond Tapsoba,24/25,2025,0,0.15738532,0,0
496094,Karim Adeyemi,24/25,2025,0,0.15704508,0,0
748804,Mika Godts,24/25,2025,0,0.15703976,0,0
424013,Lewis McGrattan,24/25,2025,0,0.15691406,0,0
1155804,Emre Ünüvar,24/25,2025,0,0.15685712,0,0
116881,Andrey Zaleskiy,24/25,2025,0,0.1565944,0,0
56066,Enzo Pérez,24/25,2025,0,0.15597343,0,0
401529,Dodô,24/25,2025,0,0.15586329,0,0
177779,Janik Haberer,24/25,2025,0,0.15585269,0,0
159977,Plamen Krachunov,24/25,2025,0,0.15579979,0,0
1084760,Marto Boychev,24/25,2025,0,0.15563552,0,0
425334,Matty Cash,24/25,2025,0,0.15555698,0,0
146799,Alberto Brignoli,24/25,2025,0,0.15554886,0,0
106128,Aron Giacomoni,24/25,2025,0,0.15542232,0,0
917120,Tanguy Zoukrou,24/25,2025,0,0.15500878,0,0
333859,Lubambo Musonda,24/25,2025,0,0.15427147,0,0
66497,Michael Morrison,24/25,2025,0,0.15388863,0,0
174344,Fayçal Fajr,24/25,2025,1,0.15372175,0,1
129558,Sam Walker,24/25,2025,0,0.15364383,0,0
110928,Lorenzo Crisetig,24/25,2025,0,0.15340199,0,0
162272,Rhys Wilson,24/25,2025,0,0.15322097,0,0
284270,Moritz Nicolas,24/25,2025,0,0.15289187,0,0
576314,Jan Paul van Hecke,24/25,2025,0,0.1526539,0,0
1110070,Matthias Wamu Oyatambwe,24/25,2025,1,0.15159109,0,1
629588,Nathan Ngoumou,24/25,2025,0,0.15080126,0,0
44698,Mário Camora,24/25,2025,0,0.15018125,0,0
170986,Raphaël Guerreiro,24/25,2025,0,0.14977413,0,0
48226,Sam Foley,24/25,2025,0,0.14976665,0,0
59377,David de Gea,24/25,2025,0,0.14966719,0,0
686692,Gruff John,24/25,2025,1,0.14940909,0,1
386505,James Brophy,24/25,2025,0,0.14929669,0,0
255488,Yeray Álvarez,24/25,2025,0,0.14926629,0,0
111195,Joël Veltman,24/25,2025,0,0.14916484,0,0
333942,Lion Schweers,24/25,2025,0,0.14881212,0,0
388409,Philipp Sander,24/25,2025,0,0.14846246,0,0
282422,Mumo Muñoz,24/25,2025,0,0.14817688,0,0
232454,Nadiem Amiri,24/25,2025,0,0.14807662,0,0
127573,Phillipp Mwene,24/25,2025,0,0.14775333,0,0
289267,Adrián Lapeña,24/25,2025,0,0.14756636,0,0
449796,Alejandro Catena,24/25,2025,0,0.1473412,0,0
351597,Shayne Lavery,24/25,2025,0,0.1472381,0,0
787151,Lukas Ullrich,24/25,2025,0,0.1468935,0,0
87422,Valentin Roberge,24/25,2025,0,0.14687833,0,0
524000,Dani Vivian,24/25,2025,0,0.1468238,0,0
442891,Martin Terrier,24/25,2025,0,0.14671941,0,0
151583,Daniel Heber,24/25,2025,0,0.14595485,0,0
557407,Devyne Rensch,24/25,2025,0,0.14582658,0,0
374213,Jari Vlak,24/25,2025,0,0.14578393,0,0
117478,Marnon Busch,24/25,2025,0,0.145652,0,0
166601,Niklas Süle,24/25,2025,0,0.1448791,0,0
260846,Asger Sörensen,24/25,2025,0,0.14449394,0,0
272636,Harold Moukoudi,24/25,2025,0,0.1444057,0,0
223967,Konrad Laimer,24/25,2025,0,0.14436612,0,0
268216,Marcus Mathisen,24/25,2025,0,0.14419274,0,0
373373,Lucas Martínez Quarta,24/25,2025,0,0.14379662,0,0
268185,Joe Williams,24/25,2025,0,0.14351669,0,0
182906,Mike Maignan,24/25,2025,0,0.14341311,0,0
399434,Marcus Tavernier,24/25,2025,0,0.14315736,0,0
789018,James Eto'o,24/25,2025,0,0.14278978,0,0
267328,Danny Gosset,24/25,2025,0,0.14270763,0,0
188477,Borislav Tsonev,24/25,2025,1,0.14207065,0,1
456807,Will Fuller,24/25,2025,0,0.14197081,0,0
912455,Simon Walde,24/25,2025,0,0.14175491,0,0
750903,Jaouen Hadjam,24/25,2025,0,0.14161909,0,0
209570,Alex Gammond,24/25,2025,0,0.1415338,0,0
337062,Ben Thompson,24/25,2025,0,0.14152183,0,0
281252,Mads Thychosen,24/25,2025,0,0.14142314,0,0
797802,Nikita Sokolovskiy,24/25,2025,0,0.14138435,0,0
366458,Kalle Joelsson,24/25,2025,0,0.141181,0,0
196792,Julian Weigl,24/25,2025,1,0.13989429,0,1
332705,Tyler Adams,24/25,2025,0,0.13925998,0,0
322989,Kaan Kairinen,24/25,2025,0,0.13913634,0,0
578804,Sven Mijnans,24/25,2025,0,0.1391154,0,0
185869,Grant Smith,24/25,2025,0,0.13885154,0,0
38340,Ivelin Popov,24/25,2025,1,0.13870794,0,1
85906,Danny da Costa,24/25,2025,0,0.1386367,0,0
435338,Gabriel Magalhães,24/25,2025,0,0.13858552,0,0
206050,Paulo Dybala,24/25,2025,0,0.13816427,0,0
61812,Yuri Berchiche,24/25,2025,0,0.13811125,0,0
75921,Christopher Trimmel,24/25,2025,0,0.13771924,0,0
221446,Lee Evans,24/25,2025,0,0.1376737,0,0
748839,Phil Mooney,24/25,2025,0,0.13757233,0,0
878885,Rhys Schwank,24/25,2025,0,0.13663591,0,0
262749,David Raya,24/25,2025,0,0.13635483,0,0
578392,Maximilian Beier,24/25,2025,0,0.1362633,0,0
354476,Diogo Tomas,24/25,2025,0,0.13617183,0,0
309400,Kai Havertz,24/25,2025,0,0.13614437,0,0
125781,Antoine Griezmann,24/25,2025,0,0.13610004,0,0
338424,Mikel Merino,24/25,2025,0,0.13600169,0,0
957241,Elijah Dijkstra,24/25,2025,0,0.13597406,0,0
531288,Mathew Jones,24/25,2025,0,0.13592346,0,0
104223,Jordy Clasie,24/25,2025,0,0.1358907,0,0
504849,Kaoru Mitoma,24/25,2025,0,0.13537408,0,0
33829,José Fonte,24/25,2025,0,0.13531221,0,0
227084,Benedikt Gimber,24/25,2025,0,0.13528877,0,0
210348,Sondre Tronstad,24/25,2025,0,0.13512334,0,0
277179,Angeliño,24/25,2025,0,0.13489911,0,0
199221,Andreas Linde,24/25,2025,0,0.13482909,0,0
239941,Lukas Haraslin,24/25,2025,0,0.13442351,0,0
823231,Dango Ouattara,24/25,2025,1,0.13427253,0,1
565093,Bart Verbruggen,24/25,2025,0,0.13397932,0,0
242606,Josh Cullen,24/25,2025,0,0.13394159,0,0
159139,Philipp Wiesinger,24/25,2025,0,0.13390732,0,0
122842,Joel Edwards,24/25,2025,0,0.13348506,0,0
503075,Isak Hien,24/25,2025,0,0.13346823,0,0
188077,Ryan Christie,24/25,2025,0,0.13341695,0,0
247915,Jonas Omlin,24/25,2025,0,0.13321622,0,0
199704,Yunis Abdelhamid,24/25,2025,1,0.13312064,0,1
973085,Carlos Baleba,24/25,2025,0,0.13306457,0,0
503743,Morgan Rogers,24/25,2025,0,0.1323112,0,0
140444,Andrea Montanari,24/25,2025,0,0.13228829,0,0
193082,Alejandro Grimaldo,24/25,2025,0,0.13219593,0,0
504616,Tom Price,24/25,2025,0,0.13213478,0,0
562077,Yuriy Kozlov,24/25,2025,0,0.13200413,0,0
338425,Álex Berenguer,24/25,2025,0,0.1313516,0,0
222209,Thomas Strakosha,24/25,2025,0,0.13090129,0,0
71834,Aitor Sanz,24/25,2025,0,0.13075529,0,0
273669,Adrian Beck,24/25,2025,0,0.13065654,0,0
470267,Pavel Gorbach,24/25,2025,0,0.13048889,0,0
61651,Jordan Henderson,24/25,2025,1,0.13048027,0,1
270171,Vitaly Janelt,24/25,2025,0,0.13017975,0,0
540941,Mikkel Damsgaard,24/25,2025,0,0.12900685,0,0
387047,Danilho Doekhi,24/25,2025,0,0.12870337,0,0
608172,Ardon Jashari,24/25,2025,1,0.12845103,0,1
371001,Josip Sutalo,24/25,2025,0,0.128295,0,0
44666,Michele Rinaldi,24/25,2025,0,0.12810022,0,0
353634,Robert Ljubicic,24/25,2025,0,0.1278121,0,0
351809,Robin Le Normand,24/25,2025,0,0.12780549,0,0
479202,Ryan Sears,24/25,2025,0,0.12707715,0,0
22860,Jesper Hansen,24/25,2025,0,0.12679513,0,0
344354,Omar Sowunmi,24/25,2025,0,0.12636028,0,0
23523,Thomas Mikkelsen,24/25,2025,0,0.12628052,0,0
215118,Calum Chambers,24/25,2025,0,0.1246289,0,0
571604,Giorgio Scalvini,24/25,2025,0,0.123920344,0,0
569598,Youssouf Fofana,24/25,2025,0,0.123485774,0,0
795274,Mayckel Lahdo,24/25,2025,1,0.122830406,0,1
106987,Marcel Sabitzer,24/25,2025,0,0.122563034,0,0
399776,Pau Torres,24/25,2025,0,0.122072935,0,0
251302,Niklas Dorsch,24/25,2025,0,0.1212154,0,0
659570,Vladislav Solanovich,24/25,2025,0,0.120747566,0,0
118847,Dominik Kohr,24/25,2025,0,0.11965078,0,0
704772,Rome-Jayden Owusu-Oduro,24/25,2025,0,0.118877135,0,0
196435,Saidy Janko,24/25,2025,0,0.11885167,0,0
229006,Franck Honorat,24/25,2025,0,0.11879193,0,0
249580,Marin Orlinov,24/25,2025,0,0.118693806,0,0
503780,Hayden Carter,24/25,2025,0,0.11855797,0,0
284010,Robin Hack,24/25,2025,0,0.118541375,0,0
82873,Pascal Groß,24/25,2025,0,0.1177546,0,0
193033,Tim Kleindienst,24/25,2025,0,0.11715447,0,0
361772,Dino Besirovic,24/25,2025,0,0.11691972,0,0
355816,Ko Itakura,24/25,2025,1,0.11660716,0,1
64303,Tomas Frystak,24/25,2025,0,0.116487965,0,0
344695,Dayot Upamecano,24/25,2025,0,0.11636201,0,0
46083,Domagoj Vida,24/25,2025,0,0.11553879,0,0
371149,Evan Ndicka,24/25,2025,0,0.11453188,0,0
77825,Etrit Berisha,24/25,2025,0,0.11439596,0,0
406640,Felix Nmecha,24/25,2025,0,0.114132434,0,0
357156,Diogo Leite,24/25,2025,0,0.11303484,0,0
144028,Leandro Trossard,24/25,2025,0,0.112136036,0,0
9273,Tobias Duffner,24/25,2025,0,0.1119765,0,0
97616,Sotirios Papagiannopoulos,24/25,2025,0,0.11169303,0,0
1131973,Jack Porter,24/25,2025,0,0.110361576,0,0
338670,Mile Svilar,24/25,2025,0,0.11001986,0,0
192077,Scott McMann,24/25,2025,0,0.109013826,0,0
133731,Patrick Mainka,24/25,2025,0,0.10623624,0,0
284732,Ramy Bensebaini,24/25,2025,0,0.10603334,0,0
775605,Pablo Barrios,24/25,2025,0,0.101300314,0,0
126751,Iñigo Ruiz de Galarreta,24/25,2025,0,0.10061643,0,0
75890,Kristoffer Nordfeldt,24/25,2025,0,0.10051316,0,0
388294,Omar Traoré,24/25,2025,0,0.10032712,0,0
426281,Josh Earl,24/25,2025,0,0.09940126,0,0
249565,Youri Tielemans,24/25,2025,0,0.09563415,0,0
138392,Ivan Buonocunto,24/25,2025,0,0.09374999,0,0
426428,Paulo Mendes,24/25,2025,0,0.093457654,0,0
863207,Martin Stoychev,24/25,2025,0,0.09136433,0,0
171731,Semen Shestilovskiy,24/25,2025,0,0.091167085,0,0
147462,Alexander Callens,24/25,2025,0,0.08951354,0,0
503482,Min-jae Kim,24/25,2025,0,0.08857881,0,0
867688,Jack Hinshelwood,24/25,2025,0,0.087538205,0,0
428563,Lewis Ferguson,24/25,2025,0,0.087086685,0,0
934317,Maxim Dal,24/25,2025,1,0.08626223,0,1
938729,Mikel Jauregizar,24/25,2025,0,0.08515148,0,0
353892,Hiroki Ito,24/25,2025,0,0.08420908,0,0
792380,Aleksandar Pavlovic,24/25,2025,0,0.08400761,0,0
502821,Riccardo Calafiori,24/25,2025,0,0.08234793,0,0
186477,Herbert Bockhorn,24/25,2025,0,0.079905696,0,0
349599,Pervis Estupiñán,24/25,2025,1,0.079518035,0,1
193004,Waldemar Anton,24/25,2025,0,0.077689,0,0
62112,Byron Webster,24/25,2025,0,0.0775729,0,0
392378,Darren Thomas,24/25,2025,0,0.077064455,0,0
119085,Loris Benito,24/25,2025,0,0.076570496,0,0
420243,Jurriën Timber,24/25,2025,0,0.075776406,0,0
1202361,Bradley Burrowes,24/25,2025,0,0.07556533,0,0
12778,David Hutton,24/25,2025,0,0.07398196,0,0
388198,Nico Schlotterbeck,24/25,2025,0,0.073494494,0,0
535927,Luke McNally,24/25,2025,0,0.07346864,0,0
370789,Julian Ryerson,24/25,2025,0,0.069842555,0,0
369316,Ferdi Kadıoğlu,24/25,2025,0,0.06976919,0,0
792548,Unknown Player,24/25,2025,0,0.06556208,0,0
1178213,Federico Steffanoni,24/25,2025,0,0.065372765,0,0
733438,Seiya Maikuma,24/25,2025,0,0.064966716,0,0
942414,Unknown Player,24/25,2025,0,0.062799074,0,0
3333,James Milner,24/25,2025,0,0.058947224,0,0
696348,Unknown Player,24/25,2025,1,0.05757673,0,1
816502,Unknown Player,24/25,2025,1,0.057554677,0,1
94005,Sead Kolasinac,24/25,2025,0,0.05533717,0,0
17259,Manuel Neuer,24/25,2025,0,0.054461263,0,0
708080,Unknown Player,24/25,2025,0,0.05078276,0,0
423608,Unknown Player,24/25,2025,0,0.0497334,0,0
424204,Alphonso Davies,24/25,2025,0,0.049215842,0,0
394327,Boubacar Kamara,24/25,2025,0,0.04708789,0,0
543103,Unknown Player,24/25,2025,0,0.046046615,0,0
240190,Unknown Player,24/25,2025,0,0.04081748,0,0
883214,Unknown Player,24/25,2025,0,0.039537124,0,0
542458,Unknown Player,24/25,2025,1,0.039097447,0,1
1188666,Unknown Player,24/25,2025,0,0.038187362,0,0
748720,Unknown Player,24/25,2025,1,0.037981655,0,1
599115,Unknown Player,24/25,2025,0,0.03764037,0,0
615966,Unknown Player,24/25,2025,0,0.036993664,0,0
935517,Unknown Player,24/25,2025,0,0.03653767,0,0
160938,Unknown Player,24/25,2025,0,0.03391948,0,0
1105972,Unknown Player,24/25,2025,0,0.032873183,0,0
504969,Unknown Player,24/25,2025,0,0.032670476,0,0
574806,Unknown Player,24/25,2025,0,0.032614376,0,0
1279791,Unknown Player,24/25,2025,0,0.032432374,0,0
226971,Unknown Player,24/25,2025,1,0.032147944,0,1
1182452,Unknown Player,24/25,2025,0,0.032101143,0,0
457235,Unknown Player,24/25,2025,0,0.031738937,0,0
803839,Unknown Player,24/25,2025,0,0.03153447,0,0
229003,Unknown Player,24/25,2025,0,0.031460293,0,0
923121,Unknown Player,24/25,2025,0,0.031299584,0,0
457442,Unknown Player,24/25,2025,0,0.03074796,0,0
1090830,Unknown Player,24/25,2025,0,0.0306422,0,0
199736,Unknown Player,24/25,2025,0,0.029530242,0,0
293194,Unknown Player,24/25,2025,0,0.02942782,0,0
1277787,Unknown Player,24/25,2025,0,0.02916148,0,0
189231,Unknown Player,24/25,2025,0,0.028976401,0,0
1130743,Unknown Player,24/25,2025,0,0.028498836,0,0
329668,Unknown Player,24/25,2025,0,0.028397981,0,0
496649,Unknown Player,24/25,2025,0,0.028281959,0,0
991458,Unknown Player,24/25,2025,0,0.027896093,0,0
412366,Unknown Player,24/25,2025,0,0.027834868,0,0
577381,Unknown Player,24/25,2025,1,0.027532741,0,1
1200586,Unknown Player,24/25,2025,0,0.027382487,0,0
890368,Unknown Player,24/25,2025,0,0.02735847,0,0
346528,Unknown Player,24/25,2025,0,0.027333535,0,0
441264,Unknown Player,24/25,2025,0,0.027192727,0,0
1202384,Unknown Player,24/25,2025,0,0.027097283,0,0
241471,Unknown Player,24/25,2025,0,0.027039636,0,0
213988,Unknown Player,24/25,2025,0,0.026783919,0,0
376083,Unknown Player,24/25,2025,0,0.026639119,0,0
393607,Unknown Player,24/25,2025,0,0.02639858,0,0
566879,Unknown Player,24/25,2025,0,0.025973951,0,0
200615,Unknown Player,24/25,2025,0,0.025774797,0,0
535469,Unknown Player,24/25,2025,0,0.025663367,0,0
895667,Unknown Player,24/25,2025,0,0.025545496,0,0
507354,Unknown Player,24/25,2025,0,0.025509112,0,0
872742,Unknown Player,24/25,2025,0,0.025351552,0,0
383165,Unknown Player,24/25,2025,0,0.02534976,0,0
552927,Unknown Player,24/25,2025,0,0.02518832,0,0
446708,Unknown Player,24/25,2025,0,0.025129713,0,0
1064920,Unknown Player,24/25,2025,0,0.025003051,0,0
85370,Unknown Player,24/25,2025,0,0.02498352,0,0
1027446,Unknown Player,24/25,2025,0,0.024874445,0,0
160350,Unknown Player,24/25,2025,0,0.024812302,0,0
597083,Unknown Player,24/25,2025,0,0.024608275,0,0
963786,Unknown Player,24/25,2025,0,0.024603352,0,0
644159,Unknown Player,24/25,2025,0,0.024562536,0,0
1187470,Unknown Player,24/25,2025,0,0.024495186,0,0
549384,Unknown Player,24/25,2025,0,0.024303926,0,0
200195,Unknown Player,24/25,2025,0,0.023990903,0,0
1048151,Unknown Player,24/25,2025,0,0.023913214,0,0
702326,Unknown Player,24/25,2025,0,0.023894642,0,0
394844,Unknown Player,24/25,2025,0,0.023854652,0,0
24846,Unknown Player,24/25,2025,0,0.02366577,0,0
511025,Unknown Player,24/25,2025,0,0.023646718,0,0
824128,Unknown Player,24/25,2025,0,0.02335834,0,0
1136532,Unknown Player,24/25,2025,0,0.023109902,0,0
1027253,Unknown Player,24/25,2025,0,0.023106981,0,0
702167,Unknown Player,24/25,2025,0,0.023066403,0,0
116231,Unknown Player,24/25,2025,0,0.022726,0,0
1043709,Unknown Player,24/25,2025,0,0.022721272,0,0
531437,Unknown Player,24/25,2025,0,0.022531003,0,0
198104,Unknown Player,24/25,2025,0,0.022471147,0,0
979754,Unknown Player,24/25,2025,0,0.022354092,0,0
668547,Unknown Player,24/25,2025,0,0.022289252,0,0
418218,Unknown Player,24/25,2025,0,0.02226133,0,0
780941,Unknown Player,24/25,2025,0,0.022228811,0,0
431698,Unknown Player,24/25,2025,0,0.021949012,0,0
195720,Unknown Player,24/25,2025,0,0.021894723,0,0
375320,Unknown Player,24/25,2025,0,0.021875855,0,0
808213,Unknown Player,24/25,2025,0,0.021868125,0,0
617905,Unknown Player,24/25,2025,0,0.021803495,0,0
939374,Unknown Player,24/25,2025,0,0.021777276,0,0
135872,Unknown Player,24/25,2025,0,0.021696579,0,0
1062847,Unknown Player,24/25,2025,0,0.021673469,0,0
1214452,Unknown Player,24/25,2025,0,0.021644643,0,0
377576,Unknown Player,24/25,2025,0,0.02163664,0,0
942988,Unknown Player,24/25,2025,0,0.02161198,0,0
343599,Unknown Player,24/25,2025,0,0.021602185,0,0
288716,Unknown Player,24/25,2025,0,0.021520037,0,0
796435,Unknown Player,24/25,2025,0,0.021458823,0,0
1337321,Unknown Player,24/25,2025,0,0.02143458,0,0
395237,Unknown Player,24/25,2025,0,0.021357238,0,0
215167,Unknown Player,24/25,2025,1,0.021336265,0,1
537143,Unknown Player,24/25,2025,0,0.02132153,0,0
55000,Unknown Player,24/25,2025,1,0.021307174,0,1
159883,Unknown Player,24/25,2025,0,0.021257315,0,0
321234,Unknown Player,24/25,2025,0,0.021056145,0,0
1055221,Unknown Player,24/25,2025,0,0.02103633,0,0
1104136,Unknown Player,24/25,2025,0,0.020901095,0,0
580142,Unknown Player,24/25,2025,0,0.020874288,0,0
149931,Unknown Player,24/25,2025,0,0.020842286,0,0
741501,Unknown Player,24/25,2025,0,0.02077536,0,0
998196,Unknown Player,24/25,2025,0,0.020729499,0,0
145840,Unknown Player,24/25,2025,0,0.020716833,0,0
399936,Unknown Player,24/25,2025,0,0.020675648,0,0
692208,Unknown Player,24/25,2025,0,0.02066224,0,0
676411,Unknown Player,24/25,2025,0,0.020655112,0,0
831992,Unknown Player,24/25,2025,0,0.02065368,0,0
354678,Unknown Player,24/25,2025,0,0.020522157,0,0
336931,Unknown Player,24/25,2025,0,0.02045362,0,0
711381,Unknown Player,24/25,2025,0,0.020440748,0,0
948294,Unknown Player,24/25,2025,0,0.020379346,0,0
284604,Unknown Player,24/25,2025,0,0.02035359,0,0
438682,Unknown Player,24/25,2025,0,0.020326747,0,0
936571,Unknown Player,24/25,2025,0,0.020302849,0,0
459374,Unknown Player,24/25,2025,0,0.020238444,0,0
832821,Unknown Player,24/25,2025,0,0.020200584,0,0
928051,Unknown Player,24/25,2025,0,0.020184664,0,0
638262,Unknown Player,24/25,2025,0,0.020153034,0,0
1107973,Unknown Player,24/25,2025,0,0.020100128,0,0
104564,Unknown Player,24/25,2025,0,0.020069322,0,0
948278,Unknown Player,24/25,2025,0,0.01997777,0,0
1154305,Unknown Player,24/25,2025,0,0.01995916,0,0
824312,Unknown Player,24/25,2025,0,0.019951992,0,0
445037,Unknown Player,24/25,2025,0,0.01985385,0,0
940220,Unknown Player,24/25,2025,0,0.019842798,0,0
593357,Unknown Player,24/25,2025,0,0.01982896,0,0
325602,Unknown Player,24/25,2025,0,0.019827804,0,0
90681,Unknown Player,24/25,2025,0,0.019819932,0,0
463178,Unknown Player,24/25,2025,0,0.019724516,0,0
58088,Unknown Player,24/25,2025,0,0.019671028,0,0
358738,Unknown Player,24/25,2025,0,0.019664207,0,0
635347,Unknown Player,24/25,2025,0,0.019642035,0,0
1176544,Unknown Player,24/25,2025,0,0.019636622,0,0
547248,Unknown Player,24/25,2025,0,0.019617414,0,0
1095546,Unknown Player,24/25,2025,0,0.01961514,0,0
221624,Unknown Player,24/25,2025,0,0.01954308,0,0
1057582,Unknown Player,24/25,2025,0,0.019456707,0,0
457778,Unknown Player,24/25,2025,0,0.019389117,0,0
796678,Unknown Player,24/25,2025,0,0.019285616,0,0
815583,Unknown Player,24/25,2025,0,0.019270638,0,0
299189,Unknown Player,24/25,2025,0,0.01924764,0,0
223997,Unknown Player,24/25,2025,0,0.019219505,0,0
163264,Unknown Player,24/25,2025,0,0.01917086,0,0
1078795,Unknown Player,24/25,2025,0,0.019113302,0,0
692463,Unknown Player,24/25,2025,0,0.019112114,0,0
912443,Unknown Player,24/25,2025,0,0.019006964,0,0
500689,Unknown Player,24/25,2025,0,0.018983,0,0
1326685,Unknown Player,24/25,2025,0,0.018970612,0,0
938105,Unknown Player,24/25,2025,0,0.018954165,0,0
949275,Unknown Player,24/25,2025,0,0.018940104,0,0
297443,Unknown Player,24/25,2025,0,0.018892508,0,0
921203,Unknown Player,24/25,2025,0,0.018824155,0,0
1380598,Unknown Player,24/25,2025,0,0.01879846,0,0
593381,Unknown Player,24/25,2025,0,0.018790703,0,0
519651,Unknown Player,24/25,2025,0,0.018767647,0,0
815529,Unknown Player,24/25,2025,0,0.018756986,0,0
1196829,Unknown Player,24/25,2025,0,0.01870784,0,0
457875,Unknown Player,24/25,2025,0,0.018703114,0,0
56609,Unknown Player,24/25,2025,0,0.018699145,0,0
1059299,Unknown Player,24/25,2025,0,0.018669568,0,0
1277195,Unknown Player,24/25,2025,0,0.018640442,0,0
595530,Unknown Player,24/25,2025,0,0.018627767,0,0
388121,Unknown Player,24/25,2025,0,0.018617341,0,0
475949,Unknown Player,24/25,2025,0,0.018609779,0,0
521956,Unknown Player,24/25,2025,0,0.018608648,0,0
617928,Unknown Player,24/25,2025,0,0.018596895,0,0
458816,Unknown Player,24/25,2025,0,0.018578403,0,0
54217,Unknown Player,24/25,2025,0,0.018551316,0,0
993645,Unknown Player,24/25,2025,0,0.018521665,0,0
885179,Unknown Player,24/25,2025,0,0.018418275,0,0
1175538,Unknown Player,24/25,2025,0,0.018412827,0,0
709215,Unknown Player,24/25,2025,0,0.018361002,0,0
1099555,Unknown Player,24/25,2025,0,0.018304294,0,0
533321,Unknown Player,24/25,2025,0,0.01824511,0,0
924800,Unknown Player,24/25,2025,0,0.018240191,0,0
738477,Unknown Player,24/25,2025,0,0.018206578,0,0
646404,Unknown Player,24/25,2025,0,0.018203067,0,0
370863,Unknown Player,24/25,2025,0,0.01814325,0,0
229012,Unknown Player,24/25,2025,0,0.018092329,0,0
860694,Unknown Player,24/25,2025,0,0.01800187,0,0
459482,Unknown Player,24/25,2025,0,0.01798666,0,0
664622,Unknown Player,24/25,2025,0,0.017981317,0,0
389804,Unknown Player,24/25,2025,0,0.017951358,0,0
819369,Unknown Player,24/25,2025,0,0.017936679,0,0
637013,Unknown Player,24/25,2025,0,0.01790644,0,0
163053,Unknown Player,24/25,2025,0,0.017849725,0,0
458739,Unknown Player,24/25,2025,0,0.017828513,0,0
168959,Unknown Player,24/25,2025,0,0.017806266,0,0
963675,Unknown Player,24/25,2025,0,0.017772673,0,0
631094,Unknown Player,24/25,2025,0,0.017759267,0,0
176412,Unknown Player,24/25,2025,0,0.017734205,0,0
975729,Unknown Player,24/25,2025,0,0.01770884,0,0
463339,Unknown Player,24/25,2025,0,0.017688306,0,0
353479,Unknown Player,24/25,2025,0,0.01767801,0,0
943636,Unknown Player,24/25,2025,0,0.01767262,0,0
287752,Unknown Player,24/25,2025,0,0.017644249,0,0
1187524,Unknown Player,24/25,2025,0,0.01762653,0,0
202914,Unknown Player,24/25,2025,0,0.017491963,0,0
163628,Unknown Player,24/25,2025,0,0.017488094,0,0
1300301,Unknown Player,24/25,2025,0,0.017462296,0,0
185401,Unknown Player,24/25,2025,0,0.017443711,0,0
972367,Unknown Player,24/25,2025,0,0.017433211,0,0
303116,Unknown Player,24/25,2025,0,0.017417373,0,0
399990,Unknown Player,24/25,2025,0,0.01738212,0,0
156575,Unknown Player,24/25,2025,0,0.017359162,0,0
284321,Unknown Player,24/25,2025,0,0.017350964,0,0
346562,Unknown Player,24/25,2025,0,0.017337132,0,0
1068318,Unknown Player,24/25,2025,0,0.017325195,0,0
849632,Unknown Player,24/25,2025,0,0.01731927,0,0
1073288,Unknown Player,24/25,2025,0,0.0172972,0,0
649726,Unknown Player,24/25,2025,0,0.01724782,0,0
421871,Unknown Player,24/25,2025,0,0.01724302,0,0
348768,Unknown Player,24/25,2025,0,0.017229015,0,0
928032,Unknown Player,24/25,2025,0,0.017165467,0,0
369267,Unknown Player,24/25,2025,0,0.017141478,0,0
559335,Unknown Player,24/25,2025,0,0.017136948,0,0
440312,Unknown Player,24/25,2025,0,0.017104354,0,0
975138,Unknown Player,24/25,2025,0,0.017089147,0,0
601405,Unknown Player,24/25,2025,0,0.017056057,0,0
226169,Unknown Player,24/25,2025,0,0.017017927,0,0
470607,Unknown Player,24/25,2025,0,0.01699779,0,0
1079186,Unknown Player,24/25,2025,0,0.016991919,0,0
265471,Unknown Player,24/25,2025,0,0.01698207,0,0
878102,Unknown Player,24/25,2025,0,0.016977064,0,0
355444,Unknown Player,24/25,2025,0,0.016958643,0,0
890421,Unknown Player,24/25,2025,0,0.016955234,0,0
841107,Unknown Player,24/25,2025,0,0.016913638,0,0
334341,Unknown Player,24/25,2025,0,0.016854139,0,0
820285,Unknown Player,24/25,2025,0,0.016852252,0,0
719987,Unknown Player,24/25,2025,0,0.016822888,0,0
1163778,Unknown Player,24/25,2025,0,0.016819395,0,0
743600,Unknown Player,24/25,2025,0,0.01674874,0,0
102427,Unknown Player,24/25,2025,0,0.016692223,0,0
678371,Unknown Player,24/25,2025,0,0.016668439,0,0
443778,Unknown Player,24/25,2025,0,0.016649691,0,0
166661,Unknown Player,24/25,2025,0,0.016623372,0,0
610889,Unknown Player,24/25,2025,0,0.016607344,0,0
167904,Unknown Player,24/25,2025,0,0.01658637,0,0
815523,Unknown Player,24/25,2025,0,0.01655903,0,0
847283,Unknown Player,24/25,2025,0,0.016520498,0,0
183166,Unknown Player,24/25,2025,0,0.016420983,0,0
336959,Unknown Player,24/25,2025,0,0.016412422,0,0
892932,Unknown Player,24/25,2025,0,0.016366968,0,0
934796,Unknown Player,24/25,2025,0,0.016345356,0,0
457675,Unknown Player,24/25,2025,0,0.01629406,0,0
636390,Unknown Player,24/25,2025,0,0.016289163,0,0
1225835,Unknown Player,24/25,2025,0,0.016277682,0,0
1175205,Unknown Player,24/25,2025,0,0.016266279,0,0
82011,Unknown Player,24/25,2025,0,0.016256759,0,0
537599,Unknown Player,24/25,2025,0,0.016240189,0,0
858324,Unknown Player,24/25,2025,0,0.016235285,0,0
666588,Unknown Player,24/25,2025,0,0.016215973,0,0
208077,Unknown Player,24/25,2025,0,0.016213479,0,0
304042,Unknown Player,24/25,2025,0,0.016192704,0,0
576027,Unknown Player,24/25,2025,0,0.016150463,0,0
217357,Unknown Player,24/25,2025,0,0.016135363,0,0
693037,Unknown Player,24/25,2025,0,0.016129473,0,0
636120,Unknown Player,24/25,2025,0,0.01610375,0,0
197981,Unknown Player,24/25,2025,0,0.01605742,0,0
745952,Unknown Player,24/25,2025,0,0.016052531,0,0
471692,Unknown Player,24/25,2025,0,0.016022455,0,0
703767,Unknown Player,24/25,2025,0,0.016009057,0,0
1184913,Unknown Player,24/25,2025,0,0.015958201,0,0
363466,Unknown Player,24/25,2025,0,0.015957348,0,0
636686,Unknown Player,24/25,2025,0,0.015951065,0,0
727081,Unknown Player,24/25,2025,0,0.015878217,0,0
945709,Unknown Player,24/25,2025,0,0.01583552,0,0
780136,Unknown Player,24/25,2025,0,0.015767384,0,0
220496,Unknown Player,24/25,2025,0,0.015718132,0,0
453704,Unknown Player,24/25,2025,0,0.01568899,0,0
392444,Unknown Player,24/25,2025,0,0.015676666,0,0
646353,Unknown Player,24/25,2025,0,0.015648363,0,0
265132,Unknown Player,24/25,2025,0,0.015645154,0,0
1175145,Unknown Player,24/25,2025,0,0.015631752,0,0
263856,Unknown Player,24/25,2025,0,0.015625494,0,0
705159,Unknown Player,24/25,2025,0,0.015618886,0,0
314297,Unknown Player,24/25,2025,0,0.015613784,0,0
187364,Unknown Player,24/25,2025,0,0.015612158,0,0
591957,Unknown Player,24/25,2025,0,0.015559716,0,0
598098,Unknown Player,24/25,2025,0,0.015506793,0,0
402580,Unknown Player,24/25,2025,0,0.0155020235,0,0
163243,Unknown Player,24/25,2025,0,0.0154537335,0,0
43484,Unknown Player,24/25,2025,0,0.015426392,0,0
691476,Unknown Player,24/25,2025,0,0.015364916,0,0
666168,Unknown Player,24/25,2025,0,0.015320001,0,0
631093,Unknown Player,24/25,2025,0,0.015305241,0,0
370704,Unknown Player,24/25,2025,0,0.015303516,0,0
638582,Unknown Player,24/25,2025,0,0.015303193,0,0
512111,Unknown Player,24/25,2025,0,0.015223931,0,0
1178393,Unknown Player,24/25,2025,0,0.015206735,0,0
799418,Unknown Player,24/25,2025,0,0.01519494,0,0
416699,Unknown Player,24/25,2025,0,0.015176144,0,0
420931,Unknown Player,24/25,2025,0,0.015163848,0,0
199767,Unknown Player,24/25,2025,0,0.015142642,0,0
991773,Unknown Player,24/25,2025,0,0.015126736,0,0
175828,Unknown Player,24/25,2025,0,0.0150791,0,0
379711,Unknown Player,24/25,2025,0,0.01504713,0,0
595901,Unknown Player,24/25,2025,0,0.015044147,0,0
94037,Unknown Player,24/25,2025,0,0.01503974,0,0
811779,Unknown Player,24/25,2025,0,0.0149765955,0,0
795437,Unknown Player,24/25,2025,0,0.014948651,0,0
581701,Unknown Player,24/25,2025,0,0.014934207,0,0
832992,Unknown Player,24/25,2025,0,0.014904997,0,0
678447,Unknown Player,24/25,2025,0,0.014891317,0,0
146618,Unknown Player,24/25,2025,0,0.014890799,0,0
452477,Unknown Player,24/25,2025,0,0.014890212,0,0
1068102,Unknown Player,24/25,2025,0,0.014869509,0,0
527211,Unknown Player,24/25,2025,0,0.0148586985,0,0
1369810,Unknown Player,24/25,2025,0,0.014839328,0,0
335740,Unknown Player,24/25,2025,0,0.014838527,0,0
823762,Unknown Player,24/25,2025,0,0.014833768,0,0
925105,Unknown Player,24/25,2025,0,0.014820854,0,0
980242,Unknown Player,24/25,2025,0,0.014810685,0,0
547534,Unknown Player,24/25,2025,0,0.014809696,0,0
1064471,Unknown Player,24/25,2025,0,0.014800814,0,0
536506,Unknown Player,24/25,2025,0,0.014800196,0,0
542336,Unknown Player,24/25,2025,0,0.014787609,0,0
883540,Unknown Player,24/25,2025,0,0.014775895,0,0
197272,Unknown Player,24/25,2025,0,0.014769663,0,0
138144,Unknown Player,24/25,2025,0,0.014745742,0,0
1006411,Unknown Player,24/25,2025,0,0.014733791,0,0
745178,Unknown Player,24/25,2025,0,0.014719199,0,0
508941,Unknown Player,24/25,2025,0,0.014672353,0,0
1003088,Unknown Player,24/25,2025,0,0.014671807,0,0
241380,Unknown Player,24/25,2025,0,0.014669518,0,0
643707,Unknown Player,24/25,2025,0,0.014649043,0,0
499604,Unknown Player,24/25,2025,0,0.014610982,0,0
1055346,Unknown Player,24/25,2025,0,0.014577351,0,0
200167,Unknown Player,24/25,2025,0,0.014555476,0,0
511545,Unknown Player,24/25,2025,0,0.014515546,0,0
1166976,Unknown Player,24/25,2025,0,0.01447839,0,0
163649,Unknown Player,24/25,2025,0,0.0144593995,0,0
277381,Unknown Player,24/25,2025,0,0.014421362,0,0
224044,Unknown Player,24/25,2025,0,0.014407326,0,0
670717,Unknown Player,24/25,2025,0,0.01440474,0,0
646672,Unknown Player,24/25,2025,0,0.0143874,0,0
70627,Unknown Player,24/25,2025,0,0.014381316,0,0
125561,Unknown Player,24/25,2025,0,0.0143808685,0,0
447216,Unknown Player,24/25,2025,0,0.014370943,0,0
672836,Unknown Player,24/25,2025,0,0.01437039,0,0
1060962,Unknown Player,24/25,2025,0,0.01436704,0,0
314773,Unknown Player,24/25,2025,0,0.014335817,0,0
568157,Unknown Player,24/25,2025,0,0.014324704,0,0
677958,Unknown Player,24/25,2025,0,0.014324691,0,0
1082850,Unknown Player,24/25,2025,0,0.014317825,0,0
821522,Unknown Player,24/25,2025,0,0.014310901,0,0
899819,Unknown Player,24/25,2025,0,0.014242108,0,0
635904,Unknown Player,24/25,2025,0,0.014237496,0,0
84766,Unknown Player,24/25,2025,0,0.014231668,0,0
427576,Unknown Player,24/25,2025,0,0.0142244045,0,0
463790,Unknown Player,24/25,2025,0,0.014222312,0,0
948958,Unknown Player,24/25,2025,0,0.014209081,0,0
312208,Unknown Player,24/25,2025,0,0.014191766,0,0
230826,Unknown Player,24/25,2025,0,0.014171581,0,0
981399,Unknown Player,24/25,2025,0,0.014164986,0,0
496644,Unknown Player,24/25,2025,0,0.01409978,0,0
1084065,Unknown Player,24/25,2025,0,0.014095617,0,0
761482,Unknown Player,24/25,2025,0,0.014090727,0,0
56223,Unknown Player,24/25,2025,0,0.014063124,0,0
534082,Unknown Player,24/25,2025,0,0.014053005,0,0
393487,Unknown Player,24/25,2025,0,0.014048871,0,0
528892,Unknown Player,24/25,2025,0,0.014027876,0,0
613533,Unknown Player,24/25,2025,0,0.01399332,0,0
389841,Unknown Player,24/25,2025,0,0.01398932,0,0
449443,Unknown Player,24/25,2025,0,0.013964795,0,0
259464,Unknown Player,24/25,2025,0,0.013943964,0,0
205503,Unknown Player,24/25,2025,0,0.013942986,0,0
403151,Unknown Player,24/25,2025,0,0.013940783,0,0
277972,Unknown Player,24/25,2025,0,0.0139251845,0,0
818544,Unknown Player,24/25,2025,0,0.013922194,0,0
343153,Unknown Player,24/25,2025,0,0.0138793485,0,0
345083,Unknown Player,24/25,2025,0,0.013859157,0,0
617632,Unknown Player,24/25,2025,0,0.013858264,0,0
167874,Unknown Player,24/25,2025,0,0.013838677,0,0
1077728,Unknown Player,24/25,2025,0,0.013837316,0,0
854537,Unknown Player,24/25,2025,0,0.013831839,0,0
871339,Unknown Player,24/25,2025,0,0.013813729,0,0
199896,Unknown Player,24/25,2025,0,0.013811443,0,0
284306,Unknown Player,24/25,2025,0,0.013797382,0,0
63596,Unknown Player,24/25,2025,0,0.0137880165,0,0
1317650,Unknown Player,24/25,2025,0,0.013770947,0,0
797734,Unknown Player,24/25,2025,0,0.013761321,0,0
1087052,Unknown Player,24/25,2025,0,0.013750033,0,0
545567,Unknown Player,24/25,2025,0,0.013744628,0,0
796307,Unknown Player,24/25,2025,0,0.01374223,0,0
183383,Unknown Player,24/25,2025,0,0.013740065,0,0
632904,Unknown Player,24/25,2025,0,0.013715364,0,0
515112,Unknown Player,24/25,2025,1,0.013712153,0,1
250543,Unknown Player,24/25,2025,0,0.01370345,0,0
287710,Unknown Player,24/25,2025,0,0.013662675,0,0
93935,Unknown Player,24/25,2025,0,0.013661879,0,0
809986,Unknown Player,24/25,2025,0,0.013636989,0,0
1105549,Unknown Player,24/25,2025,0,0.013633219,0,0
396106,Unknown Player,24/25,2025,0,0.013631359,0,0
465606,Unknown Player,24/25,2025,0,0.013609558,0,0
910905,Unknown Player,24/25,2025,0,0.013579449,0,0
571422,Unknown Player,24/25,2025,0,0.013547364,0,0
91241,Unknown Player,24/25,2025,0,0.01353386,0,0
461937,Unknown Player,24/25,2025,0,0.013527439,0,0
745960,Unknown Player,24/25,2025,0,0.013514719,0,0
1180701,Unknown Player,24/25,2025,0,0.013512253,0,0
890232,Unknown Player,24/25,2025,0,0.013504513,0,0
1176866,Unknown Player,24/25,2025,0,0.013476121,0,0
293002,Unknown Player,24/25,2025,0,0.013473084,0,0
443542,Unknown Player,24/25,2025,0,0.013463487,0,0
175446,Unknown Player,24/25,2025,0,0.013435023,0,0
400104,Unknown Player,24/25,2025,0,0.013434434,0,0
1061035,Unknown Player,24/25,2025,0,0.0134314,0,0
817330,Unknown Player,24/25,2025,0,0.013423726,0,0
540690,Unknown Player,24/25,2025,0,0.013410748,0,0
599675,Unknown Player,24/25,2025,0,0.013406768,0,0
581326,Unknown Player,24/25,2025,0,0.013398577,0,0
559172,Unknown Player,24/25,2025,0,0.013364413,0,0
967889,Unknown Player,24/25,2025,0,0.01334297,0,0
1038851,Unknown Player,24/25,2025,0,0.013308488,0,0
818546,Unknown Player,24/25,2025,0,0.0133073805,0,0
453508,Unknown Player,24/25,2025,0,0.013283928,0,0
617698,Unknown Player,24/25,2025,0,0.013268105,0,0
1197868,Unknown Player,24/25,2025,0,0.0132596055,0,0
719672,Unknown Player,24/25,2025,0,0.013213841,0,0
137576,Unknown Player,24/25,2025,0,0.013204641,0,0
520947,Unknown Player,24/25,2025,0,0.0131970085,0,0
195456,Unknown Player,24/25,2025,0,0.013173934,0,0
1208182,Unknown Player,24/25,2025,0,0.013165765,0,0
213911,Unknown Player,24/25,2025,0,0.013161386,0,0
1073654,Unknown Player,24/25,2025,0,0.013132242,0,0
1205311,Unknown Player,24/25,2025,0,0.01312258,0,0
60551,Unknown Player,24/25,2025,0,0.013121198,0,0
463603,Unknown Player,24/25,2025,0,0.013120962,0,0
717957,Unknown Player,24/25,2025,0,0.013064666,0,0
195762,Unknown Player,24/25,2025,0,0.013051926,0,0
558269,Unknown Player,24/25,2025,0,0.013048996,0,0
333923,Unknown Player,24/25,2025,0,0.013003092,0,0
226964,Unknown Player,24/25,2025,0,0.012991574,0,0
349715,Unknown Player,24/25,2025,0,0.012989965,0,0
385084,Unknown Player,24/25,2025,0,0.012967847,0,0
629005,Unknown Player,24/25,2025,0,0.012956585,0,0
580560,Unknown Player,24/25,2025,0,0.01294827,0,0
628308,Unknown Player,24/25,2025,0,0.012943414,0,0
895335,Unknown Player,24/25,2025,0,0.012918394,0,0
22686,Unknown Player,24/25,2025,0,0.012909069,0,0
812397,Unknown Player,24/25,2025,0,0.0129056005,0,0
631221,Unknown Player,24/25,2025,0,0.012888439,0,0
623036,Unknown Player,24/25,2025,0,0.012853398,0,0
818422,Unknown Player,24/25,2025,0,0.012822723,0,0
423614,Unknown Player,24/25,2025,0,0.012820876,0,0
992501,Unknown Player,24/25,2025,0,0.012819911,0,0
195628,Unknown Player,24/25,2025,0,0.012806882,0,0
1079183,Unknown Player,24/25,2025,0,0.012796675,0,0
818880,Unknown Player,24/25,2025,0,0.012792055,0,0
741267,Unknown Player,24/25,2025,0,0.012790116,0,0
457528,Unknown Player,24/25,2025,0,0.012784434,0,0
148372,Unknown Player,24/25,2025,0,0.012758875,0,0
613449,Unknown Player,24/25,2025,0,0.0127272075,0,0
294388,Unknown Player,24/25,2025,0,0.012722258,0,0
355630,Unknown Player,24/25,2025,0,0.0127159,0,0
1202991,Unknown Player,24/25,2025,0,0.012711596,0,0
279144,Unknown Player,24/25,2025,0,0.012690979,0,0
285322,Unknown Player,24/25,2025,0,0.012678821,0,0
706797,Unknown Player,24/25,2025,0,0.012662195,0,0
623040,Unknown Player,24/25,2025,0,0.012661128,0,0
594227,Unknown Player,24/25,2025,0,0.012656461,0,0
1105529,Unknown Player,24/25,2025,0,0.012639693,0,0
321071,Unknown Player,24/25,2025,0,0.012636355,0,0
354666,Unknown Player,24/25,2025,0,0.012618709,0,0
126161,Unknown Player,24/25,2025,1,0.012597102,0,1
340870,Unknown Player,24/25,2025,0,0.012591268,0,0
1084447,Unknown Player,24/25,2025,0,0.01257883,0,0
213975,Unknown Player,24/25,2025,0,0.012572873,0,0
271281,Unknown Player,24/25,2025,0,0.01257279,0,0
1047098,Unknown Player,24/25,2025,0,0.012568428,0,0
1175284,Unknown Player,24/25,2025,0,0.01256444,0,0
20137,Unknown Player,24/25,2025,0,0.012554877,0,0
426084,Unknown Player,24/25,2025,0,0.012543585,0,0
566965,Unknown Player,24/25,2025,0,0.012515809,0,0
433358,Unknown Player,24/25,2025,0,0.01251561,0,0
990202,Unknown Player,24/25,2025,0,0.012511326,0,0
11111,Unknown Player,24/25,2025,0,0.0124553,0,0
175323,Unknown Player,24/25,2025,0,0.012443165,0,0
937543,Unknown Player,24/25,2025,0,0.012410839,0,0
113130,Unknown Player,24/25,2025,0,0.012408986,0,0
217145,Unknown Player,24/25,2025,0,0.012388265,0,0
743597,Unknown Player,24/25,2025,0,0.012368905,0,0
131101,Unknown Player,24/25,2025,0,0.012364274,0,0
615917,Unknown Player,24/25,2025,0,0.012352786,0,0
1147403,Unknown Player,24/25,2025,0,0.012338814,0,0
404268,Unknown Player,24/25,2025,0,0.012321283,0,0
533568,Unknown Player,24/25,2025,0,0.012297584,0,0
595273,Unknown Player,24/25,2025,0,0.012253592,0,0
349712,Unknown Player,24/25,2025,0,0.012196809,0,0
539631,Unknown Player,24/25,2025,0,0.012193524,0,0
998205,Unknown Player,24/25,2025,0,0.01217528,0,0
388171,Unknown Player,24/25,2025,0,0.012164268,0,0
604616,Unknown Player,24/25,2025,0,0.012134406,0,0
986733,Unknown Player,24/25,2025,0,0.01211453,0,0
451677,Unknown Player,24/25,2025,0,0.012103191,0,0
113797,Unknown Player,24/25,2025,0,0.012088933,0,0
187673,Unknown Player,24/25,2025,0,0.012078397,0,0
134883,Unknown Player,24/25,2025,0,0.012028548,0,0
838771,Unknown Player,24/25,2025,0,0.012024769,0,0
391237,Unknown Player,24/25,2025,0,0.012015126,0,0
160560,Unknown Player,24/25,2025,0,0.011967829,0,0
601166,Unknown Player,24/25,2025,0,0.011947705,0,0
79510,Unknown Player,24/25,2025,0,0.0119419815,0,0
1020544,Unknown Player,24/25,2025,0,0.01191601,0,0
200062,Unknown Player,24/25,2025,0,0.0119140735,0,0
229817,Unknown Player,24/25,2025,0,0.0119020725,0,0
487346,Unknown Player,24/25,2025,0,0.011901624,0,0
457448,Unknown Player,24/25,2025,0,0.011890222,0,0
215902,Unknown Player,24/25,2025,0,0.011884812,0,0
287663,Unknown Player,24/25,2025,0,0.011878269,0,0
700078,Unknown Player,24/25,2025,0,0.011877088,0,0
837269,Unknown Player,24/25,2025,0,0.011765174,0,0
549313,Unknown Player,24/25,2025,0,0.011762662,0,0
845563,Unknown Player,24/25,2025,0,0.011759492,0,0
568148,Unknown Player,24/25,2025,0,0.011745392,0,0
212391,Unknown Player,24/25,2025,0,0.011737773,0,0
197751,Unknown Player,24/25,2025,0,0.011723018,0,0
277635,Unknown Player,24/25,2025,0,0.011715542,0,0
287651,Unknown Player,24/25,2025,0,0.011713692,0,0
1048452,Unknown Player,24/25,2025,0,0.011703093,0,0
821350,Unknown Player,24/25,2025,0,0.011699029,0,0
567102,Unknown Player,24/25,2025,0,0.011671972,0,0
185551,Unknown Player,24/25,2025,0,0.011653494,0,0
847279,Unknown Player,24/25,2025,0,0.011600811,0,0
1291073,Unknown Player,24/25,2025,0,0.011586031,0,0
669219,Unknown Player,24/25,2025,0,0.011574684,0,0
166315,Unknown Player,24/25,2025,0,0.011572944,0,0
456111,Unknown Player,24/25,2025,0,0.011571733,0,0
718177,Unknown Player,24/25,2025,0,0.011553792,0,0
567465,Unknown Player,24/25,2025,0,0.011552447,0,0
138295,Unknown Player,24/25,2025,0,0.011544131,0,0
499758,Unknown Player,24/25,2025,0,0.011541867,0,0
1004708,Unknown Player,24/25,2025,0,0.011534019,0,0
30677,Unknown Player,24/25,2025,0,0.011505421,0,0
1127243,Unknown Player,24/25,2025,0,0.011482953,0,0
438927,Unknown Player,24/25,2025,0,0.011445412,0,0
889540,Unknown Player,24/25,2025,0,0.011423524,0,0
862989,Unknown Player,24/25,2025,0,0.01142278,0,0
818237,Unknown Player,24/25,2025,0,0.011414082,0,0
85177,Unknown Player,24/25,2025,0,0.011404772,0,0
534166,Unknown Player,24/25,2025,0,0.011393316,0,0
1176433,Unknown Player,24/25,2025,0,0.011381077,0,0
165007,Unknown Player,24/25,2025,0,0.011375235,0,0
706332,Unknown Player,24/25,2025,0,0.0113682775,0,0
374089,Unknown Player,24/25,2025,0,0.01135198,0,0
1040077,Unknown Player,24/25,2025,0,0.011346465,0,0
1004327,Unknown Player,24/25,2025,0,0.011345748,0,0
916497,Unknown Player,24/25,2025,0,0.01134387,0,0
599593,Unknown Player,24/25,2025,0,0.011337081,0,0
539677,Unknown Player,24/25,2025,0,0.011290368,0,0
401437,Unknown Player,24/25,2025,0,0.0112567395,0,0
719683,Unknown Player,24/25,2025,0,0.011251709,0,0
50219,Unknown Player,24/25,2025,0,0.011242133,0,0
587606,Unknown Player,24/25,2025,0,0.011242117,0,0
384789,Unknown Player,24/25,2025,0,0.011225979,0,0
266795,Unknown Player,24/25,2025,0,0.011193759,0,0
866241,Unknown Player,24/25,2025,0,0.0111798495,0,0
271455,Unknown Player,24/25,2025,0,0.011172104,0,0
757905,Unknown Player,24/25,2025,0,0.01116927,0,0
199583,Unknown Player,24/25,2025,0,0.011151426,0,0
708099,Unknown Player,24/25,2025,0,0.011147866,0,0
107444,Unknown Player,24/25,2025,0,0.011117142,0,0
738492,Unknown Player,24/25,2025,0,0.011108323,0,0
1110023,Unknown Player,24/25,2025,0,0.01110159,0,0
466807,Unknown Player,24/25,2025,0,0.011100202,0,0
1042499,Unknown Player,24/25,2025,0,0.011099955,0,0
405682,Unknown Player,24/25,2025,0,0.011063575,0,0
926530,Unknown Player,24/25,2025,0,0.011000028,0,0
222977,Unknown Player,24/25,2025,0,0.0109893475,0,0
1159786,Unknown Player,24/25,2025,0,0.01098885,0,0
458777,Unknown Player,24/25,2025,0,0.01098402,0,0
1054931,Unknown Player,24/25,2025,0,0.01096678,0,0
874947,Unknown Player,24/25,2025,0,0.010937157,0,0
657479,Unknown Player,24/25,2025,0,0.010933177,0,0
418144,Unknown Player,24/25,2025,0,0.010919654,0,0
237204,Unknown Player,24/25,2025,0,0.010909328,0,0
743381,Unknown Player,24/25,2025,0,0.01089417,0,0
297194,Unknown Player,24/25,2025,0,0.010889496,0,0
378482,Unknown Player,24/25,2025,0,0.010868125,0,0
560725,Unknown Player,24/25,2025,0,0.010865752,0,0
568177,Unknown Player,24/25,2025,0,0.010845813,0,0
443989,Unknown Player,24/25,2025,0,0.010841451,0,0
324806,Unknown Player,24/25,2025,0,0.010816306,0,0
395805,Unknown Player,24/25,2025,0,0.01078967,0,0
431190,Unknown Player,24/25,2025,0,0.010774119,0,0
168088,Unknown Player,24/25,2025,0,0.010743623,0,0
325896,Unknown Player,24/25,2025,0,0.010738901,0,0
358874,Unknown Player,24/25,2025,0,0.010731143,0,0
860078,Unknown Player,24/25,2025,0,0.010730854,0,0
240252,Unknown Player,24/25,2025,0,0.010719729,0,0
496996,Unknown Player,24/25,2025,0,0.010636969,0,0
720532,Unknown Player,24/25,2025,0,0.010628572,0,0
635324,Unknown Player,24/25,2025,0,0.010624736,0,0
358505,Unknown Player,24/25,2025,0,0.010623749,0,0
943893,Unknown Player,24/25,2025,0,0.010616138,0,0
180215,Unknown Player,24/25,2025,0,0.010613634,0,0
468264,Unknown Player,24/25,2025,0,0.010578027,0,0
652698,Unknown Player,24/25,2025,0,0.010560259,0,0
747258,Unknown Player,24/25,2025,0,0.010554801,0,0
967813,Unknown Player,24/25,2025,0,0.010539967,0,0
286375,Unknown Player,24/25,2025,0,0.010529966,0,0
1064116,Unknown Player,24/25,2025,0,0.010529379,0,0
579089,Unknown Player,24/25,2025,0,0.010514545,0,0
939344,Unknown Player,24/25,2025,0,0.010510305,0,0
724881,Unknown Player,24/25,2025,0,0.01050322,0,0
282724,Unknown Player,24/25,2025,0,0.010438652,0,0
429983,Unknown Player,24/25,2025,0,0.010416225,0,0
343213,Unknown Player,24/25,2025,0,0.010410539,0,0
107612,Unknown Player,24/25,2025,0,0.010398442,0,0
559320,Unknown Player,24/25,2025,0,0.010386638,0,0
941155,Unknown Player,24/25,2025,0,0.010374196,0,0
373916,Unknown Player,24/25,2025,0,0.010348385,0,0
259916,Unknown Player,24/25,2025,0,0.010312655,0,0
525576,Unknown Player,24/25,2025,0,0.010293706,0,0
1233680,Unknown Player,24/25,2025,0,0.010292279,0,0
422929,Unknown Player,24/25,2025,0,0.010284781,0,0
422052,Unknown Player,24/25,2025,0,0.0102786,0,0
120977,Unknown Player,24/25,2025,0,0.010238552,0,0
565911,Unknown Player,24/25,2025,0,0.010226469,0,0
1060893,Unknown Player,24/25,2025,0,0.010211483,0,0
1147623,Unknown Player,24/25,2025,0,0.010206944,0,0
545647,Unknown Player,24/25,2025,0,0.010193484,0,0
895591,Unknown Player,24/25,2025,0,0.010175592,0,0
434224,Unknown Player,24/25,2025,0,0.010156994,0,0
533354,Unknown Player,24/25,2025,0,0.010140994,0,0
487465,Unknown Player,24/25,2025,0,0.010074143,0,0
397115,Unknown Player,24/25,2025,0,0.010063022,0,0
89733,Unknown Player,24/25,2025,0,0.010061565,0,0
98512,Unknown Player,24/25,2025,0,0.010050608,0,0
583920,Unknown Player,24/25,2025,0,0.010038527,0,0
823992,Unknown Player,24/25,2025,0,0.010022854,0,0
493003,Unknown Player,24/25,2025,0,0.009979013,0,0
550492,Unknown Player,24/25,2025,0,0.009974535,0,0
987442,Unknown Player,24/25,2025,0,0.009968942,0,0
104555,Unknown Player,24/25,2025,0,0.009952085,0,0
358664,Unknown Player,24/25,2025,0,0.009950087,0,0
723010,Unknown Player,24/25,2025,0,0.0099488385,0,0
646699,Unknown Player,24/25,2025,0,0.009940392,0,0
85383,Unknown Player,24/25,2025,0,0.009932536,0,0
87854,Unknown Player,24/25,2025,0,0.0099216625,0,0
439341,Unknown Player,24/25,2025,0,0.009921437,0,0
169368,Unknown Player,24/25,2025,0,0.009905249,0,0
300536,Unknown Player,24/25,2025,0,0.009901041,0,0
676266,Unknown Player,24/25,2025,0,0.009897362,0,0
191745,Unknown Player,24/25,2025,0,0.009894326,0,0
341049,Unknown Player,24/25,2025,0,0.009891963,0,0
358250,Unknown Player,24/25,2025,0,0.009882944,0,0
637446,Unknown Player,24/25,2025,0,0.009875355,0,0
543387,Unknown Player,24/25,2025,0,0.009872544,0,0
46552,Unknown Player,24/25,2025,0,0.00986705,0,0
1047101,Unknown Player,24/25,2025,0,0.00986312,0,0
303766,Unknown Player,24/25,2025,0,0.009856202,0,0
1013853,Unknown Player,24/25,2025,0,0.009851544,0,0
199070,Unknown Player,24/25,2025,0,0.00984888,0,0
612093,Unknown Player,24/25,2025,0,0.0098254755,0,0
589911,Unknown Player,24/25,2025,0,0.0098122815,0,0
661150,Unknown Player,24/25,2025,0,0.009793439,0,0
967319,Unknown Player,24/25,2025,0,0.00978926,0,0
981713,Unknown Player,24/25,2025,0,0.009773127,0,0
386574,Unknown Player,24/25,2025,0,0.009730621,0,0
1120251,Unknown Player,24/25,2025,0,0.009713722,0,0
103890,Unknown Player,24/25,2025,0,0.009709008,0,0
897651,Unknown Player,24/25,2025,0,0.0096967295,0,0
351843,Unknown Player,24/25,2025,0,0.009691876,0,0
648195,Unknown Player,24/25,2025,0,0.009674839,0,0
1285176,Unknown Player,24/25,2025,0,0.009667546,0,0
16911,Unknown Player,24/25,2025,0,0.009588645,0,0
1299566,Unknown Player,24/25,2025,0,0.009583737,0,0
246963,Unknown Player,24/25,2025,0,0.009568917,0,0
329145,Unknown Player,24/25,2025,0,0.009547876,0,0
278092,Unknown Player,24/25,2025,0,0.009545987,0,0
217576,Unknown Player,24/25,2025,0,0.009544747,0,0
347481,Unknown Player,24/25,2025,0,0.009541925,0,0
508780,Unknown Player,24/25,2025,0,0.0095411595,0,0
302371,Unknown Player,24/25,2025,0,0.009534524,0,0
718547,Unknown Player,24/25,2025,0,0.009495677,0,0
183198,Unknown Player,24/25,2025,0,0.009484369,0,0
816006,Unknown Player,24/25,2025,0,0.00945159,0,0
435501,Unknown Player,24/25,2025,0,0.009432658,0,0
289257,Unknown Player,24/25,2025,0,0.009390714,0,0
347138,Unknown Player,24/25,2025,0,0.00938897,0,0
512690,Unknown Player,24/25,2025,0,0.009388111,0,0
333370,Unknown Player,24/25,2025,0,0.009387467,0,0
1064391,Unknown Player,24/25,2025,0,0.009386948,0,0
459102,Unknown Player,24/25,2025,0,0.009377221,0,0
547041,Unknown Player,24/25,2025,0,0.009363809,0,0
908760,Unknown Player,24/25,2025,0,0.0093166875,0,0
1113634,Unknown Player,24/25,2025,0,0.00931505,0,0
764859,Unknown Player,24/25,2025,0,0.009307405,0,0
924790,Unknown Player,24/25,2025,0,0.009273935,0,0
536081,Unknown Player,24/25,2025,0,0.009271364,0,0
711383,Unknown Player,24/25,2025,0,0.009238231,0,0
374418,Unknown Player,24/25,2025,0,0.009193911,0,0
656316,Unknown Player,24/25,2025,0,0.0091525,0,0
650224,Unknown Player,24/25,2025,0,0.0091416435,0,0
788283,Unknown Player,24/25,2025,0,0.009125599,0,0
677382,Unknown Player,24/25,2025,0,0.009104542,0,0
636093,Unknown Player,24/25,2025,0,0.009086433,0,0
303477,Unknown Player,24/25,2025,0,0.009076131,0,0
110822,Unknown Player,24/25,2025,0,0.009068829,0,0
630985,Unknown Player,24/25,2025,0,0.009055401,0,0
912525,Unknown Player,24/25,2025,0,0.009006769,0,0
217094,Unknown Player,24/25,2025,0,0.008995897,0,0
267113,Unknown Player,24/25,2025,0,0.008992361,0,0
207561,Unknown Player,24/25,2025,0,0.008970597,0,0
638666,Unknown Player,24/25,2025,0,0.008957206,0,0
285913,Unknown Player,24/25,2025,0,0.008953478,0,0
140559,Unknown Player,24/25,2025,0,0.008944365,0,0
730406,Unknown Player,24/25,2025,0,0.008936607,0,0
689637,Unknown Player,24/25,2025,0,0.008920068,0,0
945760,Unknown Player,24/25,2025,0,0.008919928,0,0
711633,Unknown Player,24/25,2025,0,0.008909047,0,0
379743,Unknown Player,24/25,2025,0,0.008898295,0,0
959241,Unknown Player,24/25,2025,0,0.008847627,0,0
636712,Unknown Player,24/25,2025,0,0.008842594,0,0
988977,Unknown Player,24/25,2025,0,0.008831158,0,0
746974,Unknown Player,24/25,2025,0,0.008827373,0,0
145553,Unknown Player,24/25,2025,0,0.008813649,0,0
724112,Unknown Player,24/25,2025,0,0.008792434,0,0
611498,Unknown Player,24/25,2025,0,0.008731861,0,0
375044,Unknown Player,24/25,2025,0,0.008724352,0,0
1058396,Unknown Player,24/25,2025,0,0.008692345,0,0
505548,Unknown Player,24/25,2025,0,0.008691411,0,0
435778,Unknown Player,24/25,2025,0,0.008686146,0,0
923838,Unknown Player,24/25,2025,0,0.008674522,0,0
808428,Unknown Player,24/25,2025,0,0.0086179385,0,0
540378,Unknown Player,24/25,2025,0,0.008612465,0,0
717329,Unknown Player,24/25,2025,0,0.008590629,0,0
527329,Unknown Player,24/25,2025,0,0.008578106,0,0
911810,Unknown Player,24/25,2025,0,0.008570299,0,0
126225,Unknown Player,24/25,2025,0,0.008542436,0,0
892221,Unknown Player,24/25,2025,0,0.008500248,0,0
633492,Unknown Player,24/25,2025,0,0.008477176,0,0
77757,Unknown Player,24/25,2025,0,0.008464583,0,0
599231,Unknown Player,24/25,2025,0,0.008455272,0,0
156566,Unknown Player,24/25,2025,0,0.008452399,0,0
617074,Unknown Player,24/25,2025,0,0.008450448,0,0
892929,Unknown Player,24/25,2025,0,0.00843374,0,0
548671,Unknown Player,24/25,2025,0,0.008425393,0,0
466637,Unknown Player,24/25,2025,0,0.008410277,0,0
372802,Unknown Player,24/25,2025,0,0.008410138,0,0
745728,Unknown Player,24/25,2025,0,0.008381321,0,0
724068,Unknown Player,24/25,2025,0,0.008366082,0,0
713479,Unknown Player,24/25,2025,0,0.008361921,0,0
253341,Unknown Player,24/25,2025,0,0.008356217,0,0
679050,Unknown Player,24/25,2025,0,0.008303456,0,0
663939,Unknown Player,24/25,2025,0,0.008301512,0,0
237100,Unknown Player,24/25,2025,0,0.008301206,0,0
698536,Unknown Player,24/25,2025,0,0.008293731,0,0
72121,Unknown Player,24/25,2025,0,0.008263521,0,0
820999,Unknown Player,24/25,2025,0,0.008237255,0,0
236168,Unknown Player,24/25,2025,0,0.008219573,0,0
237125,Unknown Player,24/25,2025,0,0.008188731,0,0
662476,Unknown Player,24/25,2025,0,0.008181713,0,0
563754,Unknown Player,24/25,2025,0,0.008137473,0,0
812996,Unknown Player,24/25,2025,0,0.008135933,0,0
1185046,Unknown Player,24/25,2025,0,0.008116916,0,0
524008,Unknown Player,24/25,2025,0,0.008116624,0,0
420002,Unknown Player,24/25,2025,0,0.008101045,0,0
912468,Unknown Player,24/25,2025,0,0.008081653,0,0
227618,Unknown Player,24/25,2025,0,0.008068622,0,0
125786,Unknown Player,24/25,2025,0,0.008061133,0,0
334705,Unknown Player,24/25,2025,0,0.008033894,0,0
473201,Unknown Player,24/25,2025,0,0.008029256,0,0
537371,Unknown Player,24/25,2025,0,0.007995918,0,0
824052,Unknown Player,24/25,2025,0,0.00795234,0,0
628451,Unknown Player,24/25,2025,0,0.00794982,0,0
459697,Unknown Player,24/25,2025,0,0.00789833,0,0
839807,Unknown Player,24/25,2025,0,0.007896257,0,0
1231993,Unknown Player,24/25,2025,0,0.0078631025,0,0
550446,Unknown Player,24/25,2025,0,0.007854194,0,0
280978,Unknown Player,24/25,2025,0,0.0078397645,0,0
778540,Unknown Player,24/25,2025,0,0.007839424,0,0
167900,Unknown Player,24/25,2025,0,0.007826916,0,0
503684,Unknown Player,24/25,2025,0,0.007825294,0,0
335591,Unknown Player,24/25,2025,0,0.0076957783,0,0
364711,Unknown Player,24/25,2025,0,0.0076913,0,0
544148,Unknown Player,24/25,2025,0,0.007649945,0,0
1126888,Unknown Player,24/25,2025,0,0.0076107625,0,0
908768,Unknown Player,24/25,2025,0,0.0075947815,0,0
542456,Unknown Player,24/25,2025,0,0.0075601675,0,0
258878,Unknown Player,24/25,2025,0,0.007559147,0,0
571827,Unknown Player,24/25,2025,0,0.007519633,0,0
1048199,Unknown Player,24/25,2025,0,0.007519305,0,0
279473,Unknown Player,24/25,2025,0,0.0075063244,0,0
620696,Unknown Player,24/25,2025,0,0.007499979,0,0
331505,Unknown Player,24/25,2025,0,0.0074673835,0,0
287230,Unknown Player,24/25,2025,0,0.007423832,0,0
197791,Unknown Player,24/25,2025,0,0.007418465,0,0
257727,Unknown Player,24/25,2025,0,0.007410071,0,0
205436,Unknown Player,24/25,2025,0,0.0074056983,0,0
198981,Unknown Player,24/25,2025,0,0.007366216,0,0
257751,Unknown Player,24/25,2025,0,0.0073612803,0,0
475149,Unknown Player,24/25,2025,0,0.007331113,0,0
537232,Unknown Player,24/25,2025,0,0.00730939,0,0
175445,Unknown Player,24/25,2025,0,0.0073033934,0,0
908229,Unknown Player,24/25,2025,0,0.007295957,0,0
335765,Unknown Player,24/25,2025,0,0.0072751306,0,0
195335,Unknown Player,24/25,2025,0,0.0072449767,0,0
249102,Unknown Player,24/25,2025,0,0.0072384053,0,0
143045,Unknown Player,24/25,2025,0,0.0071883514,0,0
747267,Unknown Player,24/25,2025,0,0.0071620937,0,0
106676,Unknown Player,24/25,2025,0,0.007131554,0,0
911923,Unknown Player,24/25,2025,0,0.006996185,0,0
1087262,Unknown Player,24/25,2025,0,0.0069948537,0,0
403692,Unknown Player,24/25,2025,0,0.0069905953,0,0
664581,Unknown Player,24/25,2025,0,0.0069679646,0,0
699783,Unknown Player,24/25,2025,0,0.006931384,0,0
458187,Unknown Player,24/25,2025,0,0.006913404,0,0
289433,Unknown Player,24/25,2025,0,0.0068927053,0,0
342195,Unknown Player,24/25,2025,0,0.0068753334,0,0
930756,Unknown Player,24/25,2025,0,0.0067406176,0,0
1040079,Unknown Player,24/25,2025,0,0.00665715,0,0
342288,Unknown Player,24/25,2025,0,0.00665424,0,0
104688,Unknown Player,24/25,2025,0,0.0066488115,0,0
886909,Unknown Player,24/25,2025,0,0.0066114734,0,0
1120173,Unknown Player,24/25,2025,0,0.0066063805,0,0
76163,Unknown Player,24/25,2025,0,0.006575204,0,0
785353,Unknown Player,24/25,2025,0,0.006539692,0,0
297370,Unknown Player,24/25,2025,0,0.0065389643,0,0
1296419,Unknown Player,24/25,2025,0,0.0064585647,0,0
207014,Unknown Player,24/25,2025,0,0.006405596,0,0
356141,Unknown Player,24/25,2025,0,0.00630036,0,0
579280,Unknown Player,24/25,2025,0,0.0062558893,0,0
618903,Unknown Player,24/25,2025,0,0.0062375693,0,0
617408,Unknown Player,24/25,2025,0,0.00589896,0,0
659331,Unknown Player,24/25,2025,0,0.005885157,0,0
340691,Unknown Player,24/25,2025,0,0.0058252816,0,0
289117,Unknown Player,24/25,2025,0,0.0058205808,0,0
626724,Unknown Player,24/25,2025,0,0.005774202,0,0
369563,Unknown Player,24/25,2025,0,0.0057348614,0,0
623519,Unknown Player,24/25,2025,0,0.0056649745,0,0
626888,Unknown Player,24/25,2025,0,0.0056433883,0,0
419025,Unknown Player,24/25,2025,0,0.005638028,0,0
220491,Unknown Player,24/25,2025,0,0.0054999185,0,0
728861,Unknown Player,24/25,2025,0,0.0054998063,0,0
988979,Unknown Player,24/25,2025,0,0.0049451413,0,0
492955,Unknown Player,24/25,2025,0,0.0049078786,0,0
