player_id,player_name,season_name,summer_year,target,transfer_probability,predicted_label,is_error
670860,James Beadle,24/25,2025,1,0.96892303,1,0
930944,Tommaso Ghirardello,24/25,2025,1,0.9684572,1,0
676422,Samuele Sorrentino,24/25,2025,1,0.96758527,1,0
398742,Tommaso Spaviero,24/25,2025,1,0.96280116,1,0
409571,Mattia Mencagli,24/25,2025,1,0.9574009,1,0
315856,Christian Capone,24/25,2025,1,0.9550187,1,0
386829,Edoardo Bovolon,24/25,2025,1,0.9518786,1,0
462250,João Félix,24/25,2025,1,0.9513756,1,0
538918,Sebastiano Esposito,24/25,2025,1,0.95106214,1,0
391066,Giuseppe Montaperto,24/25,2025,1,0.9510497,1,0
625630,Lorenzo Chiti,24/25,2025,1,0.94867194,1,0
353173,Falou Samb,24/25,2025,1,0.94806844,1,0
338401,Ulrich Nnomo,24/25,2025,0,0.94712996,1,1
1065761,Guilherme Neiva,24/25,2025,1,0.94680405,1,0
959789,Gabriel Henin,24/25,2025,1,0.94535166,1,0
1055133,Óscar Gonpi,24/25,2025,1,0.94230074,1,0
476531,Joan Piera,24/25,2025,1,0.9422641,1,0
364380,Carlo Clemente,24/25,2025,1,0.9415488,1,0
709591,Héctor Peña,24/25,2025,1,0.94101924,1,0
933054,Enrico Morri,24/25,2025,1,0.93846446,1,0
284000,Carlos Júnior,24/25,2025,0,0.93819743,1,1
924309,Samuele Zanini,24/25,2025,1,0.93779,1,0
95424,Kyle Walker,24/25,2025,1,0.9370895,1,0
361500,Isma Aizpiri,24/25,2025,1,0.9370666,1,0
607729,Jean-Pierre Tiéhi,24/25,2025,1,0.9367379,1,0
699198,Carlos Cano,24/25,2025,1,0.9361374,1,0
522502,Emmanuel Odianose,24/25,2025,1,0.93342924,1,0
601823,Davide Pirola,24/25,2025,0,0.9333958,1,1
1066186,Víctor Mingo,24/25,2025,1,0.9328123,1,0
409896,Chinaecherem Ibe,24/25,2025,1,0.9324627,1,0
780628,Oussama Chit,24/25,2025,1,0.9311293,1,0
635570,Ander Dufur,24/25,2025,1,0.93088907,1,0
340262,Luca Donaggio,24/25,2025,1,0.93087345,1,0
610909,Oriol Martí,24/25,2025,1,0.9302191,1,0
369707,Tomás Bolzicco,24/25,2025,0,0.9300804,1,1
878402,Joseph Antoine Na'a,24/25,2025,1,0.929533,1,0
442425,Georgi Rusev,24/25,2025,1,0.9286782,1,0
280833,Matteo Cericola,24/25,2025,1,0.92797047,1,0
831699,Tiago Santos,24/25,2025,1,0.9270918,1,0
620393,Boubacar Coulibaly,24/25,2025,1,0.9269841,1,0
614719,Nicola Greco,24/25,2025,1,0.92682767,1,0
419128,Bryan Mecca,24/25,2025,1,0.9267369,1,0
840426,João Lima,24/25,2025,1,0.9260506,1,0
511551,Joe Anderson,24/25,2025,0,0.92580223,1,1
455924,Davide Cortinovis,24/25,2025,1,0.92558473,1,0
984749,Leonardo Saito,24/25,2025,0,0.92527705,1,1
1101344,Emanuele Zanaboni,24/25,2025,1,0.92525226,1,0
579304,Emmanuel Attipoe,24/25,2025,1,0.92517126,1,0
1037696,Thomas Orfeini,24/25,2025,0,0.9244794,1,1
888182,Jorge Rastrojo,24/25,2025,1,0.92386305,1,0
548729,Zeki Amdouni,24/25,2025,0,0.92317533,1,1
396125,José Carlos Márquez,24/25,2025,1,0.9225914,1,0
711445,Gioacchino Catania,24/25,2025,1,0.9225473,1,0
783429,Unai Dufur,24/25,2025,1,0.9220549,1,0
824887,Valentin Haberkon,24/25,2025,1,0.92202485,1,0
636359,Iván Serrano,24/25,2025,1,0.9216479,1,0
715640,Juan Durán,24/25,2025,1,0.9202561,1,0
240401,Carlo Caporali,24/25,2025,1,0.9197545,1,0
633329,Adrián Garrido,24/25,2025,1,0.91956,1,0
979083,David López,24/25,2025,1,0.91927695,1,0
425031,Michalis Bousis,24/25,2025,1,0.91926354,1,0
897617,Alessandro Torri,24/25,2025,1,0.91903937,1,0
1124149,Jaime Requés,24/25,2025,1,0.9190015,1,0
239972,Jonas Carls,24/25,2025,1,0.9188589,1,0
933052,Timothy Ansah Ekuban,24/25,2025,1,0.91836,1,0
167727,Andrea Belotti,24/25,2025,1,0.91833264,1,0
744934,Mathieu Patouillet,24/25,2025,1,0.9175429,1,0
610901,Cristiano Podestà,24/25,2025,1,0.9169648,1,0
395544,Pietro Tribelli,24/25,2025,0,0.91661036,1,1
696619,Mattia Gaddini,24/25,2025,1,0.91644114,1,0
805954,Manuel Garavini,24/25,2025,1,0.9162096,1,0
416371,Davide Zugaro,24/25,2025,1,0.91613626,1,0
733575,Ilies Faure,24/25,2025,1,0.9160361,1,0
248337,Pablo Trigueros,24/25,2025,1,0.9155293,1,0
509144,Alessio Pertosa,24/25,2025,1,0.91374135,1,0
337333,Alex Král,24/25,2025,0,0.91352206,1,1
960001,Álvaro Martínez,24/25,2025,1,0.91342527,1,0
936696,Giuseppe Ferrante,24/25,2025,1,0.9133659,1,0
524011,David Nates,24/25,2025,1,0.9133009,1,0
351750,Léo Natel,24/25,2025,1,0.9131332,1,0
1028507,Óscar Vacas,24/25,2025,1,0.913006,1,0
343237,Malik Karaahmet,24/25,2025,0,0.9129628,1,1
364136,Lorenzo Gavioli,24/25,2025,1,0.91289556,1,0
976828,Matteo Di Paola,24/25,2025,1,0.9123157,1,0
354164,Mario Gómez,24/25,2025,1,0.9121165,1,0
698721,Álvaro Cortés,24/25,2025,1,0.9120212,1,0
229256,Guille Andrés,24/25,2025,1,0.9119985,1,0
704554,Santiago Muñóz,24/25,2025,0,0.9118764,1,1
202977,Luca Iotti,24/25,2025,0,0.91171086,1,1
995011,Jeremias Nunez,24/25,2025,1,0.9108947,1,0
536112,Luca Manca,24/25,2025,0,0.91082215,1,1
69212,Vincenzo Camilleri,24/25,2025,1,0.91064066,1,0
672381,Jonathan Rowe,24/25,2025,1,0.9106144,1,0
928046,Giulio Misitano,24/25,2025,1,0.91052496,1,0
881542,Nene,24/25,2025,1,0.91033125,1,0
995472,Gianmarco Di Biase,24/25,2025,1,0.910177,1,0
636318,Chus Ruiz,24/25,2025,1,0.9101356,1,0
632502,Adri Montalban,24/25,2025,1,0.9096923,1,0
890629,Emi Hernández,24/25,2025,1,0.90968484,1,0
442767,Iñigo Muñoz,24/25,2025,1,0.90938604,1,0
395875,Simone Ferrari,24/25,2025,1,0.9093313,1,0
686808,Pietro Carcani,24/25,2025,1,0.90929615,1,0
999745,Damola Ajayi,24/25,2025,1,0.9087147,1,0
937557,Francesco Costantini,24/25,2025,1,0.90862954,1,0
891922,Joel Priego,24/25,2025,1,0.90802044,1,0
1048316,Kareem Ben-Kmayal,24/25,2025,1,0.907752,1,0
787256,Jesús Hernández,24/25,2025,1,0.90773195,1,0
383114,Gorka Pérez,24/25,2025,1,0.9076913,1,0
632929,Iván Castillo,24/25,2025,1,0.9075407,1,0
924308,Matteo Gualandris,24/25,2025,1,0.90736985,1,0
491447,Alessio Rasi,24/25,2025,0,0.9072674,1,1
120919,Giorgio Siani,24/25,2025,1,0.9072168,1,0
548187,Alejandro Pérez,24/25,2025,1,0.9071845,1,0
789792,Sergi Molina,24/25,2025,1,0.90681565,1,0
710089,Eduard Rusu,24/25,2025,0,0.9066973,1,1
412927,Álvaro Arnedo,24/25,2025,1,0.90612286,1,0
701348,Gabriel Santoni,24/25,2025,0,0.9060064,1,1
891971,João Marques,24/25,2025,0,0.90557164,1,1
520787,Ruan Teles,24/25,2025,1,0.90434915,1,0
715636,Iván López,24/25,2025,1,0.9043163,1,0
913944,Sergio Montes,24/25,2025,1,0.9041043,1,0
1148854,Jon Arruabarrena,24/25,2025,1,0.90404975,1,0
345604,Toni Tasev,24/25,2025,1,0.9039635,1,0
1060722,Moha Bassele,24/25,2025,0,0.90390307,1,1
860998,Azarias Londoño,24/25,2025,0,0.90369755,1,1
641204,Mohamed Ayman Sanat,24/25,2025,1,0.9022045,1,0
815546,Francesco Gioielli,24/25,2025,1,0.9020341,1,0
635937,Fran Moreno,24/25,2025,1,0.9016767,1,0
470324,Juan Bauzá,24/25,2025,1,0.9016065,1,0
907688,Riccardo Spaggiari,24/25,2025,1,0.9015218,1,0
935738,Antonio Coppola,24/25,2025,0,0.90109664,1,1
795791,Samuele Puglisi,24/25,2025,1,0.9010622,1,0
636127,Chus Villar,24/25,2025,1,0.90103626,1,0
635344,Abraham del Moral,24/25,2025,1,0.90081894,1,0
186945,Ignacio Varela,24/25,2025,0,0.90081114,1,1
569368,Kelian Nsona,24/25,2025,1,0.9000252,1,0
718203,Manu Rico,24/25,2025,0,0.8999637,1,1
613727,Lorenzo Lombardi,24/25,2025,1,0.89991075,1,0
888267,Ariel Herrero,24/25,2025,1,0.8998908,1,0
600730,José González,24/25,2025,0,0.89927036,1,1
745114,Adrián Flaqué,24/25,2025,0,0.89889395,1,1
198005,Cristian Ponde,24/25,2025,1,0.8985954,1,0
700997,Matteo Sementa,24/25,2025,1,0.89851665,1,0
685793,Raúl Pesca,24/25,2025,1,0.898271,1,0
397411,Mirco Vassallo,24/25,2025,1,0.8981383,1,0
496270,Gianmarco Cangiano,24/25,2025,1,0.89776915,1,0
258881,Kyle Cameron,24/25,2025,1,0.89776397,1,0
718036,Ato,24/25,2025,1,0.8975987,1,0
973703,Brenner,24/25,2025,1,0.89726985,1,0
432090,Nicolò Fagioli,24/25,2025,1,0.897041,1,0
627276,Antonio Leal,24/25,2025,1,0.89678276,1,0
386752,Ryan Wintle,24/25,2025,0,0.89646745,1,1
623640,Frixos Grivas,24/25,2025,1,0.8959145,1,0
331375,Kike Fabra,24/25,2025,1,0.8957315,1,0
874017,Kylian Kouassi,24/25,2025,1,0.8955598,1,0
700182,Facundo Pérez,24/25,2025,1,0.8950454,1,0
422287,Konstantinos Panagou,24/25,2025,1,0.8949947,1,0
295420,Steven Prieto,24/25,2025,1,0.8948452,1,0
651269,Armin Gigovic,24/25,2025,1,0.8940274,1,0
1028509,Néstor García Martinoli,24/25,2025,1,0.89385885,1,0
215649,Mirko Marić,24/25,2025,0,0.89345825,1,1
401173,Jadon Sancho,24/25,2025,1,0.8934322,1,0
282810,Carles Pérez,24/25,2025,1,0.89330584,1,0
397320,Luigi Palumbo,24/25,2025,1,0.8932072,1,0
361065,Mitchel Bakker,24/25,2025,0,0.89286655,1,1
717640,Álex Altube,24/25,2025,1,0.89277416,1,0
272999,Miguel Almirón,24/25,2025,0,0.8926122,1,1
391138,Gioacchino Carullo,24/25,2025,1,0.89261013,1,0
328965,Aristotelis Kollaras,24/25,2025,1,0.8924349,1,0
636387,Álex Pérez,24/25,2025,1,0.8924182,1,0
131257,Jonathan Moya,24/25,2025,1,0.8923362,1,0
723498,Daniel Hais,24/25,2025,1,0.89219934,1,0
261611,Ali Adnan,24/25,2025,1,0.89216185,1,0
479712,Giorgio Lionetti,24/25,2025,1,0.8921431,1,0
725201,Nacho Pastor,24/25,2025,1,0.89183205,1,0
1003958,Samu Mayo,24/25,2025,1,0.89148915,1,0
930791,Filippo Cecchini,24/25,2025,1,0.8912668,1,0
933098,Alessandro Latini,24/25,2025,1,0.8910294,1,0
396323,Rubén del Valle,24/25,2025,1,0.8891803,1,0
513057,Javi Bueno,24/25,2025,1,0.8889814,1,0
548903,Leonel Ferroni,24/25,2025,1,0.887933,1,0
232376,Lucas Cueto,24/25,2025,1,0.8872843,1,0
929829,Dani Simón,24/25,2025,1,0.8872827,1,0
346237,Kabongo Tshimanga,24/25,2025,1,0.8860461,1,0
546627,Jacopo Pellegrini,24/25,2025,1,0.8857011,1,0
199763,Sergio Garufi,24/25,2025,1,0.8854225,1,0
193994,Yves Baraye,24/25,2025,1,0.88521874,1,0
614508,Adilson Silva,24/25,2025,1,0.88513297,1,0
222013,Haritz Albisua,24/25,2025,1,0.88503754,1,0
670402,Dennis Ozara,24/25,2025,1,0.8843145,1,0
814351,Filippo Scipione,24/25,2025,1,0.88340026,1,0
634268,Javier Albín,24/25,2025,1,0.88325596,1,0
148928,Saúl Ñíguez,24/25,2025,1,0.88315004,1,0
226812,Gorka Santamaría,24/25,2025,1,0.8830216,1,0
1101361,Andrea Toldo,24/25,2025,1,0.8827666,1,0
256749,Dani Santigosa,24/25,2025,1,0.88265795,1,0
543771,Kristjan Asllani,24/25,2025,1,0.88254315,1,0
543051,Billal Brahimi,24/25,2025,1,0.88225794,1,0
417830,Antonio Ferrara,24/25,2025,1,0.88204277,1,0
935779,Mario Crasta,24/25,2025,1,0.8819733,1,0
286005,Julien Ngoy,24/25,2025,1,0.8817655,1,0
955299,Carlo Soldati,24/25,2025,1,0.8810016,1,0
783419,Álvaro García,24/25,2025,1,0.8809607,1,0
455374,Gianluca Bassano,24/25,2025,1,0.8807776,1,0
1160320,Oscar Moreso,24/25,2025,1,0.8805326,1,0
260801,Eugenio Isnaldo,24/25,2025,1,0.88048095,1,0
945713,Marcos Moreno,24/25,2025,1,0.8803521,1,0
706170,Fernando Romero,24/25,2025,1,0.88030326,1,0
470128,Sam Dalby,24/25,2025,1,0.88022095,1,0
784911,Diego Gutiérrez,24/25,2025,1,0.88004524,1,0
340067,King Udoh,24/25,2025,1,0.87994146,1,0
624267,Dale Taylor,24/25,2025,1,0.8795856,1,0
881175,Diogo Bebé,24/25,2025,0,0.8786171,1,1
929799,Lorenzo Catania,24/25,2025,1,0.8784538,1,0
720037,Dani González,24/25,2025,1,0.87823176,1,0
281319,Alberth Elis,24/25,2025,1,0.87796664,1,0
634772,David Hernández,24/25,2025,1,0.8776444,1,0
298635,Grigoris Kastanos,24/25,2025,1,0.87757033,1,0
464899,Alex Escardó,24/25,2025,1,0.877093,1,0
1148697,Michal Kovacik,24/25,2025,0,0.8770745,1,1
1153675,Pedro Ramos,24/25,2025,0,0.8770356,1,1
632893,Javi Hernández,24/25,2025,1,0.87686443,1,0
501196,Csaba Bukta,24/25,2025,1,0.87669325,1,0
949077,Álex Alemán,24/25,2025,1,0.8765929,1,0
780818,Josan Gordo,24/25,2025,1,0.8764779,1,0
1006089,Francesco Bova,24/25,2025,0,0.8764218,1,1
696246,Patrik Mijic,24/25,2025,0,0.8763544,1,1
543779,Patrik Posztobányi,24/25,2025,1,0.87609136,1,0
717205,Martin Sorakov,24/25,2025,1,0.87597656,1,0
821044,Francesco Pio Cucciniello,24/25,2025,1,0.87597185,1,0
446457,Miguel Ángel Martínez,24/25,2025,1,0.87582195,1,0
702662,Adrián Verde,24/25,2025,1,0.8757209,1,0
818150,Lorenzo Chiarella,24/25,2025,1,0.8757147,1,0
636392,Dani Vidal,24/25,2025,1,0.8754497,1,0
379877,Luis Henrique,24/25,2025,1,0.8751277,1,0
668275,Néstor Lucas,24/25,2025,1,0.8748499,1,0
951571,Bertony Renelus,24/25,2025,1,0.8748294,1,0
735342,Athanasios Prodromitis,24/25,2025,1,0.8746247,1,0
787136,Tommaso Carcani,24/25,2025,0,0.8745421,1,1
93853,Martin Kobylanski,24/25,2025,1,0.8743382,1,0
309180,Jan Mlakar,24/25,2025,1,0.87414503,1,0
537944,Ilias Karargyris,24/25,2025,1,0.87410706,1,0
796892,Samuel Ntamack,24/25,2025,1,0.87382054,1,0
297064,Francesco Bonfiglio,24/25,2025,1,0.873742,1,0
329517,Georgios Masouras,24/25,2025,1,0.8734592,1,0
1189287,Aitor Galarza,24/25,2025,1,0.87343675,1,0
174915,Islam Slimani,24/25,2025,1,0.8733464,1,0
304225,Dimitrios Mavrias,24/25,2025,1,0.87330574,1,0
359216,Richárd Nagy,24/25,2025,1,0.8730634,1,0
290806,Mattia Poletto,24/25,2025,1,0.8726076,1,0
863522,Diego Negro,24/25,2025,1,0.8725999,1,0
420513,Lorenzo Babbi,24/25,2025,1,0.87249833,1,0
611174,Jofre Cherta,24/25,2025,1,0.8723373,1,0
980866,Talles Wander,24/25,2025,1,0.8722782,1,0
432092,Roberto Piccoli,24/25,2025,1,0.8721947,1,0
417346,Jack Harrison,24/25,2025,0,0.8721121,1,1
635346,Diego Moreno,24/25,2025,1,0.8720137,1,0
983843,Neneca,24/25,2025,1,0.8715982,1,0
238968,Matteo Lomolino,24/25,2025,1,0.8714019,1,0
525995,Stefan Hajdin,24/25,2025,1,0.8710826,1,0
1061742,Rodrigo Mendes,24/25,2025,1,0.87099224,1,0
441287,Mateo García,24/25,2025,0,0.87095135,1,1
460015,Kevin Buonavoglia,24/25,2025,1,0.870931,1,0
344869,Simon Banza,24/25,2025,0,0.8704975,1,1
628490,Genar Fornés,24/25,2025,1,0.8704912,1,0
669915,Filippo Distefano,24/25,2025,1,0.8704787,1,0
124173,Fabrizio Poli,24/25,2025,1,0.8703609,1,0
678088,Luca Wollschläger,24/25,2025,1,0.8699504,1,0
357150,Jójó,24/25,2025,1,0.8698396,1,0
478408,Alessio Esposito,24/25,2025,1,0.8697138,1,0
203052,Filippo Di Maira,24/25,2025,1,0.86957145,1,0
715819,Kensly Vázquez,24/25,2025,1,0.8694953,1,0
1178721,Rafel Bauzà,24/25,2025,1,0.86949486,1,0
334802,Jan Kuchta,24/25,2025,1,0.8689661,1,0
1283657,Edoardo Pierfederici,24/25,2025,1,0.8689542,1,0
817270,Alberto Centis,24/25,2025,1,0.8688763,1,0
928233,Younous Tassembedo,24/25,2025,1,0.8687415,1,0
341019,Güven Yalçın,24/25,2025,1,0.8678125,1,0
542720,Alessandro De Luca,24/25,2025,1,0.86780417,1,0
504107,Edi Semedo,24/25,2025,0,0.86774105,1,1
780908,Elmer Cardoza,24/25,2025,0,0.8672736,1,1
448705,Diant Ramaj,24/25,2025,1,0.86718893,1,0
632898,Rodri Val,24/25,2025,1,0.86708504,1,0
964672,Mattia Gallo,24/25,2025,1,0.867074,1,0
1009941,Álex García,24/25,2025,1,0.8662534,1,0
639732,Raúl Sola,24/25,2025,1,0.86568886,1,0
435336,Óscar de Frutos,24/25,2025,0,0.86563396,1,1
1296397,Leonardo Ferrario,24/25,2025,0,0.8655245,1,1
331838,Lorenzo Polvani,24/25,2025,0,0.8654471,1,1
817150,Fabio Abiuso,24/25,2025,1,0.8653459,1,0
956708,Loup-Diwan Gueho,24/25,2025,1,0.86529326,1,0
958647,Ümit Akdağ,24/25,2025,0,0.8649767,1,1
1104393,Francesco Cinque,24/25,2025,1,0.864734,1,0
933720,Telmo Neves,24/25,2025,1,0.86465573,1,0
315859,Gabriele Gori,24/25,2025,1,0.86417955,1,0
1157042,Máté Gyurkó,24/25,2025,1,0.8641024,1,0
707575,Joan Salvá,24/25,2025,1,0.86403215,1,0
634105,Alberto Marí,24/25,2025,1,0.8639688,1,0
783882,César Gómez,24/25,2025,1,0.8633534,1,0
938662,Elias Franco,24/25,2025,1,0.8629583,1,0
399779,Chuca,24/25,2025,1,0.8628487,1,0
534174,Samuele Vianni,24/25,2025,1,0.862847,1,0
622236,Radek Vítek,24/25,2025,1,0.8627843,1,0
621824,Andrea Nesci,24/25,2025,1,0.8620645,1,0
1035760,Tommaso Pegoraro,24/25,2025,1,0.8619294,1,0
389844,Marco Hoxha,24/25,2025,0,0.8616375,1,1
929715,Connor O'Riordan,24/25,2025,1,0.8615336,1,0
420460,Giovanni Bruzzaniti,24/25,2025,1,0.86137754,1,0
396638,Manor Solomon,24/25,2025,1,0.86068994,1,0
499341,Milorad Stajic,24/25,2025,1,0.86061126,1,0
152431,Dominic Baumann,24/25,2025,1,0.860569,1,0
567529,Rui Pedro,24/25,2025,1,0.8605259,1,0
1171468,Ángel Gómez,24/25,2025,1,0.8603428,1,0
845313,Osman Foyo,24/25,2025,0,0.8596972,1,1
995017,Octavio Casalongue,24/25,2025,1,0.8596221,1,0
872380,Felix Afena-Gyan,24/25,2025,1,0.8595297,1,0
110475,Dario Del Fabro,24/25,2025,1,0.8594938,1,0
988862,Moustapha Cissé,24/25,2025,0,0.8589204,1,1
1054209,Mahamadou Baldé,24/25,2025,1,0.85869944,1,0
465988,Elia Giani,24/25,2025,1,0.85857636,1,0
932354,Víctor Rodríguez,24/25,2025,1,0.8584523,1,0
413477,Álex Gil,24/25,2025,1,0.85828376,1,0
783481,Keko Hevia,24/25,2025,1,0.85758644,1,0
549758,Jurguens Montenegro,24/25,2025,1,0.85748625,1,0
182904,Clément Lenglet,24/25,2025,1,0.8572621,1,0
827570,Luis Navarro,24/25,2025,1,0.8570836,1,0
463666,Antoine Baroan,24/25,2025,1,0.8569972,1,0
520908,Ekin Celebi,24/25,2025,1,0.85683304,1,0
268249,Isma Cerro,24/25,2025,1,0.8567908,1,0
661135,Martín Bellotti,24/25,2025,1,0.85672015,1,0
655723,Kyran Lofthouse,24/25,2025,1,0.85638106,1,0
1103113,Daniele Balba,24/25,2025,1,0.85636365,1,0
738570,Alessio Spatari,24/25,2025,1,0.8563012,1,0
399399,Jacopo Succi,24/25,2025,1,0.8561031,1,0
1143878,Miguel Prieto,24/25,2025,1,0.85608315,1,0
877594,Luca Maini,24/25,2025,1,0.8558747,1,0
709830,Francis Ezeh,24/25,2025,0,0.8558198,1,1
971006,Ayoub El Battioui,24/25,2025,1,0.85575914,1,0
635581,Ander Yoldi,24/25,2025,0,0.85575634,1,1
390460,Richmond Tachie,24/25,2025,0,0.85556406,1,1
164837,Kristopher Vida,24/25,2025,1,0.85554844,1,0
659713,Gerson Sousa,24/25,2025,1,0.85553527,1,0
227974,Ba-Muaka Simakala,24/25,2025,1,0.85531694,1,0
455275,Javi Soler,24/25,2025,1,0.8552557,1,0
614811,Joe White,24/25,2025,1,0.85483086,1,0
360412,Jordy Caicedo,24/25,2025,1,0.8546005,1,0
441107,Dani Ramos,24/25,2025,0,0.85434234,1,1
639640,Genny Rondinella,24/25,2025,1,0.85427594,1,0
188436,Luigi Canotto,24/25,2025,1,0.8542562,1,0
534372,Javi Martín,24/25,2025,1,0.854213,1,0
610622,Urko Izeta,24/25,2025,0,0.85411406,1,1
448835,Gaizka Campos,24/25,2025,1,0.8537516,1,0
1064128,Víctor Sala,24/25,2025,1,0.85373163,1,0
632708,Willy Ibáñez,24/25,2025,1,0.85369736,1,0
527788,Alex Hartridge,24/25,2025,1,0.8536352,1,0
528833,Lazar Samardžić,24/25,2025,1,0.8535866,1,0
983196,Gaston Semenzin,24/25,2025,1,0.85354114,1,0
430488,Edgar Sevikyan,24/25,2025,1,0.8534733,1,0
1054922,Nico Njalla,24/25,2025,1,0.8532175,1,0
478357,Anthony Correia,24/25,2025,1,0.8531016,1,0
390944,Mickaël Panos,24/25,2025,0,0.8527634,1,1
181579,James Ward-Prowse,24/25,2025,0,0.8526058,1,1
930891,Darío Germil,24/25,2025,1,0.8525697,1,0
149729,João Mário,24/25,2025,1,0.85195863,1,0
927107,Ni,24/25,2025,1,0.8517165,1,0
205878,Charlie Telfer,24/25,2025,1,0.8516774,1,0
175416,Cristiano Ingretolli,24/25,2025,0,0.851436,1,1
366729,Nazariy Rusyn,24/25,2025,1,0.851176,1,0
162044,Cristian Herrera,24/25,2025,1,0.8510998,1,0
554251,Yasser Larouci,24/25,2025,1,0.8510944,1,0
1057696,Jesús Ares,24/25,2025,1,0.8503977,1,0
670859,Antwoine Hackford,24/25,2025,1,0.8503633,1,0
537270,Louie Sibley,24/25,2025,0,0.8502295,1,1
1179588,Yuzún Ley,24/25,2025,1,0.8500588,1,0
621277,Silvio Colella,24/25,2025,1,0.8496338,1,0
486766,Aílson Tavares,24/25,2025,1,0.84945923,1,0
720139,Roland Hajdú,24/25,2025,1,0.84943783,1,0
435337,Alfredo Sualdea,24/25,2025,1,0.84918183,1,0
1034471,Khalid Noureddine,24/25,2025,1,0.84904224,1,0
341140,Nicolae Carnat,24/25,2025,1,0.84870535,1,0
1035221,Lorenzo Brusca,24/25,2025,1,0.84861857,1,0
315209,Çekdar Orhan,24/25,2025,0,0.8485764,1,1
1157383,Angelo Traini,24/25,2025,1,0.84835815,1,0
237430,Deyvison Fernandes,24/25,2025,1,0.84830225,1,0
1157868,Ricardo Solbes,24/25,2025,1,0.8481254,1,0
466810,Ansu Fati,24/25,2025,1,0.8479136,1,0
199375,Víctor Ruiz,24/25,2025,1,0.8478907,1,0
1072763,Filippo Dodde,24/25,2025,0,0.8477961,1,1
935576,Hagan Frimpong,24/25,2025,1,0.8476241,1,0
671693,Alberto Cristiano,24/25,2025,1,0.8475288,1,0
1109812,Boston Billups,24/25,2025,1,0.8473367,1,0
1159175,Mathew Gbomadu,24/25,2025,0,0.84725106,1,1
99296,Sema Velázquez,24/25,2025,1,0.847095,1,0
924776,Mattia Bifini,24/25,2025,1,0.8466613,1,0
266203,Makis Giannikoglou,24/25,2025,1,0.8466457,1,0
1231367,Filippo Pedone,24/25,2025,1,0.8465452,1,0
726669,Lubos Prazenka,24/25,2025,1,0.84654033,1,0
636737,Savio Piarulli,24/25,2025,1,0.84652805,1,0
457973,Agustín Coscia,24/25,2025,1,0.8465257,1,0
708928,Sergio Chinchilla,24/25,2025,1,0.84604937,1,0
325802,Fernando Andrada,24/25,2025,1,0.8455299,1,0
535792,Francesco Barba,24/25,2025,0,0.8454675,1,1
495722,Devis Vásquez,24/25,2025,1,0.8454205,1,0
710679,Iker Benito,24/25,2025,0,0.84518564,1,1
529142,Daouda Beleme,24/25,2025,1,0.8451739,1,0
543725,Ákos Zuigéber,24/25,2025,1,0.8450678,1,0
379872,Julen Monreal,24/25,2025,1,0.8448973,1,0
575478,Xabier Zaldua,24/25,2025,1,0.8448585,1,0
815652,Tiago Morais,24/25,2025,1,0.8447958,1,0
243555,Miguel Santos,24/25,2025,0,0.8444412,1,1
620388,Filippo Carli,24/25,2025,1,0.84430003,1,0
334952,Luca Gelonese,24/25,2025,1,0.844299,1,0
307939,Alexander Schmidt,24/25,2025,1,0.84415567,1,0
369908,Giuseppe Lauria,24/25,2025,1,0.8437654,1,0
441220,Mamadou Diallo,24/25,2025,1,0.84355366,1,0
660063,Cristian Esposito,24/25,2025,0,0.84327334,1,1
614086,Fábio Tavares,24/25,2025,1,0.8428716,1,0
937289,Simone Bonetti,24/25,2025,1,0.84286743,1,0
395236,Yacine Adli,24/25,2025,1,0.842683,1,0
580801,Layton Stewart,24/25,2025,1,0.8426525,1,0
336160,Andrija Novakovich,24/25,2025,1,0.8425863,1,0
311328,Nicholas Bensaja,24/25,2025,0,0.84237874,1,1
610369,Luis Hernáiz,24/25,2025,1,0.84230644,1,0
313113,Álex López,24/25,2025,0,0.8422286,1,1
496995,Gergő Major,24/25,2025,1,0.8419077,1,0
817127,Angelo Panarello,24/25,2025,1,0.84180003,1,0
242063,Vaclav Cerny,24/25,2025,1,0.84168434,1,0
1054284,Riccardo Vesprini,24/25,2025,1,0.8415959,1,0
901736,Mario Sesè,24/25,2025,1,0.8415515,1,0
704234,Diego Fornari,24/25,2025,1,0.8413573,1,0
182752,Marlon Frey,24/25,2025,1,0.8413403,1,0
805479,Jesús Clemente,24/25,2025,1,0.84071165,1,0
267916,Valeriano Nchama,24/25,2025,1,0.84069335,1,0
783880,Rafa Diz,24/25,2025,1,0.84039646,1,0
522719,Samuel Obeng,24/25,2025,1,0.8401996,1,0
839905,Kevin Sánchez,24/25,2025,1,0.8400943,1,0
460602,Franck Djoulou,24/25,2025,1,0.84001935,1,0
366047,Yankuba Jarju,24/25,2025,1,0.8399887,1,0
500298,Antonio Figliola,24/25,2025,1,0.83996063,1,0
251680,Brandon Thomas,24/25,2025,1,0.8398994,1,0
255995,Mario González,24/25,2025,1,0.83959883,1,0
628463,Adrián Gómez,24/25,2025,1,0.8394517,1,0
1061262,Pedro Augusto,24/25,2025,1,0.83943856,1,0
585536,Jonny Arriba,24/25,2025,1,0.83922243,1,0
536158,David Ballarín,24/25,2025,1,0.83920705,1,0
1174331,Paolo Pisano,24/25,2025,1,0.83905715,1,0
826225,Gonzalo Calçada,24/25,2025,1,0.83883893,1,0
1129805,Luigi Oriano,24/25,2025,1,0.83829755,1,0
658546,Daniele Bolcano,24/25,2025,1,0.83822066,1,0
931677,Miguel Carvalho,24/25,2025,1,0.83819073,1,0
860746,Pablo Álvarez,24/25,2025,1,0.83811957,1,0
1039738,Thiago Menna,24/25,2025,1,0.8380118,1,0
375299,Samuele Guddo,24/25,2025,1,0.83797556,1,0
392968,Marco Bertoli,24/25,2025,1,0.8379734,1,0
713637,David Santisteban,24/25,2025,1,0.837923,1,0
408253,Mattia Mauri,24/25,2025,1,0.8378785,1,0
728331,Roland Lehoczky,24/25,2025,0,0.83785504,1,1
520395,Iago Novo,24/25,2025,1,0.8375313,1,0
682225,Ahmad Assaf,24/25,2025,1,0.837443,1,0
1069869,Bruno Franco,24/25,2025,1,0.83710855,1,0
568722,Jake Engerer,24/25,2025,0,0.83691967,1,1
814434,Gian Marco Fantoni,24/25,2025,1,0.8369088,1,0
1041218,Asier Pérez,24/25,2025,1,0.8367691,1,0
365202,Daire O'Connor,24/25,2025,1,0.8365876,1,0
708496,Miguel Ángel Sanz,24/25,2025,1,0.8365725,1,0
542716,Mario Corcione,24/25,2025,1,0.83653367,1,0
1329019,Alessandro Ghisleri,24/25,2025,1,0.836414,1,0
377851,Mitar Cukovic,24/25,2025,1,0.83592576,1,0
935996,Luan,24/25,2025,1,0.8357335,1,0
704175,Alessandro Orfei,24/25,2025,1,0.8354217,1,0
966905,Marco Ladisa,24/25,2025,0,0.8353401,1,1
1052283,Darling Bladi,24/25,2025,1,0.8352355,1,0
566630,Romeo Vucic,24/25,2025,0,0.83510494,1,1
891869,Leonardo Colombo,24/25,2025,0,0.83507615,1,1
914880,Matteo Brezzo,24/25,2025,1,0.8350559,1,0
394777,Isaia Lattarulo,24/25,2025,1,0.83498096,1,0
336370,Jesaja Herrmann,24/25,2025,1,0.83497757,1,0
459009,Patrick Pasha,24/25,2025,1,0.8348051,1,0
229337,Samuele Neglia,24/25,2025,1,0.8347304,1,0
530298,Christian Conteh,24/25,2025,0,0.8347101,1,1
358903,Leroy Kwadwo,24/25,2025,1,0.83471006,1,0
1055871,Paolo De Lucci,24/25,2025,1,0.83459455,1,0
1055075,Flavio Ferrari,24/25,2025,0,0.83459276,1,1
628494,Carlos García,24/25,2025,1,0.83451056,1,0
965038,Jaime Escobar,24/25,2025,1,0.8343703,1,0
536372,Rodrigo Tuninetti,24/25,2025,1,0.8339947,1,0
625338,Marcos Bautista,24/25,2025,1,0.8339805,1,0
125614,Sargis Adamyan,24/25,2025,0,0.83390343,1,1
371008,Roko Baturina,24/25,2025,1,0.8338156,1,0
1050738,Riccardo Rebaudo,24/25,2025,0,0.83373815,1,1
503161,Denzel Tawiah,24/25,2025,1,0.83372647,1,0
554463,Gustavo Souza,24/25,2025,1,0.8332511,1,0
585761,Jonas Arcalean,24/25,2025,1,0.83320713,1,0
544258,Elios Minaj,24/25,2025,0,0.833012,1,1
567489,Cuba,24/25,2025,1,0.8327065,1,0
541035,Javi Duarte,24/25,2025,1,0.8326128,1,0
401581,Gianluca Mancuso,24/25,2025,1,0.83254254,1,0
1020749,Gabriel Rabanillo,24/25,2025,1,0.83245623,1,0
711371,Igor Irazu,24/25,2025,1,0.83240634,1,0
294791,Chris Bedia,24/25,2025,0,0.8320267,1,1
897645,Thomas Brahja,24/25,2025,1,0.8319718,1,0
606128,Jacopo Cecconi,24/25,2025,1,0.8318992,1,0
296429,Manuel Wintzheimer,24/25,2025,1,0.8318575,1,0
946256,Nil Ruiz,24/25,2025,0,0.8318249,1,1
672803,Bertuğ Yıldırım,24/25,2025,1,0.8316987,1,0
507351,Abdoul Guiebre,24/25,2025,1,0.831612,1,0
820938,Alessandro Silano,24/25,2025,1,0.83156425,1,0
229657,Jamal Arago,24/25,2025,0,0.8314013,1,1
408287,Leonardo Moraschi,24/25,2025,1,0.83127165,1,0
454053,Daniele Trasciani,24/25,2025,1,0.831173,1,0
741295,Enrique Herrero,24/25,2025,0,0.8311212,1,1
976198,Alessandro Ceccarelli,24/25,2025,1,0.83093417,1,0
935757,Daniel Holasek,24/25,2025,0,0.8309248,1,1
614546,Sergio León,24/25,2025,1,0.8308319,1,0
704719,Christian Maianti,24/25,2025,1,0.83068246,1,0
983491,Matteo Corsa,24/25,2025,1,0.83066165,1,0
594273,Jeremy Antonisse,24/25,2025,1,0.8305226,1,0
892926,Leandro Antonetti,24/25,2025,1,0.8303295,1,0
820678,Emanuele Zucco,24/25,2025,1,0.830163,1,0
61360,Ciro Sirignano,24/25,2025,0,0.83004785,1,1
636331,André Shinyashiki,24/25,2025,0,0.829903,1,1
260543,Nemanja Nikolic,24/25,2025,1,0.82982194,1,0
1162378,Ousmane Gueye,24/25,2025,1,0.8297857,1,0
603451,Davide Petito,24/25,2025,1,0.8297705,1,0
546944,Taylor Gardner-Hickman,24/25,2025,1,0.829542,1,0
934507,Thomas Savalli,24/25,2025,1,0.8295381,1,0
196831,Charmaine Häusl,24/25,2025,1,0.82951736,1,0
549018,João Dias,24/25,2025,1,0.82913184,1,0
326030,Ché Nunnely,24/25,2025,1,0.8289323,1,0
902107,Mahir Rizvanovic,24/25,2025,1,0.8287047,1,0
891919,Jaime González,24/25,2025,1,0.82868314,1,0
348623,Mason Holgate,24/25,2025,1,0.82833266,1,0
391787,Alessandro Romairone,24/25,2025,1,0.8282792,1,0
617596,Mattia Cretti,24/25,2025,1,0.8280739,1,0
454321,Jorge Benguché,24/25,2025,0,0.8277705,1,1
920193,Babucarr Boye,24/25,2025,1,0.8275663,1,0
415273,Trent Buhagiar,24/25,2025,1,0.82747155,1,0
1120845,Topo,24/25,2025,1,0.8274666,1,0
830912,Balázs Varga,24/25,2025,1,0.82742625,1,0
711375,Asier Teijeira,24/25,2025,1,0.8272414,1,0
979766,Mathis Lambourde,24/25,2025,1,0.8271721,1,0
73735,Juha Pirinen,24/25,2025,1,0.8271506,1,0
898293,Yuri Maset,24/25,2025,1,0.8270701,1,0
618019,Andrej Pupovic,24/25,2025,0,0.8270265,1,1
947449,Victor Lázaro,24/25,2025,1,0.82698673,1,0
916332,Adolfo González,24/25,2025,1,0.8267326,1,0
371607,Benito Cataldi,24/25,2025,0,0.82672095,1,1
824082,Alessandro Contessi,24/25,2025,1,0.82666653,1,0
486031,Nico González,24/25,2025,1,0.82660455,1,0
475736,Loren Fernández,24/25,2025,1,0.8263848,1,0
961985,Borja Calvo,24/25,2025,1,0.8263176,1,0
198300,Marco Moras,24/25,2025,0,0.8260305,1,1
431408,Alessio Leveque,24/25,2025,1,0.82599324,1,0
677179,Raúl Tavares,24/25,2025,0,0.82591337,1,1
1062513,Karlson Nwanege,24/25,2025,1,0.825811,1,0
935809,Tommaso Bocci,24/25,2025,1,0.8257249,1,0
497188,Florent Hasani,24/25,2025,0,0.82570726,1,1
1105883,Edoardo Caporello,24/25,2025,1,0.8252278,1,0
269558,Kwame Bonsu,24/25,2025,1,0.82522285,1,0
336736,Daniel Lasure,24/25,2025,1,0.8251538,1,0
181768,Hernani,24/25,2025,0,0.8250532,1,1
1180339,Francesco Esposito,24/25,2025,1,0.82502455,1,0
911479,Imran Ali,24/25,2025,1,0.82495606,1,0
396949,Massimiliano Montuori,24/25,2025,1,0.824658,1,0
944583,Marko Perovic,24/25,2025,0,0.82455856,1,1
231590,Braydon Manu,24/25,2025,0,0.8244767,1,1
704683,Jordan Amore,24/25,2025,1,0.8244109,1,0
718314,Peter Olawale,24/25,2025,1,0.82439303,1,0
648509,Fourat Soltani,24/25,2025,1,0.82438225,1,0
226825,Borja López,24/25,2025,0,0.8241217,1,1
386104,Emir Terzi,24/25,2025,1,0.8241036,1,0
846543,Noa Zuliani,24/25,2025,1,0.8240683,1,0
369171,Niall Ennis,24/25,2025,1,0.8233497,1,0
938349,Rober,24/25,2025,0,0.82316697,1,1
838813,Abderahmane Soussi,24/25,2025,0,0.8231117,1,1
711635,Alexandro Fernández,24/25,2025,1,0.8230116,1,0
1136037,Iker Ropero,24/25,2025,1,0.8229467,1,0
1045767,Pablo Muñoz,24/25,2025,1,0.8228333,1,0
931172,Gabriel Tutu,24/25,2025,0,0.82262766,1,1
1041169,Tomás Silva,24/25,2025,0,0.82253844,1,1
709997,Lorenzo Aguado,24/25,2025,1,0.8225081,1,0
341228,Juan Agüero,24/25,2025,1,0.8223491,1,0
812625,Agustín Álvarez,24/25,2025,1,0.8223291,1,0
1040480,Lorenzo Pasquale,24/25,2025,0,0.8222966,1,1
672449,Zé Pedro,24/25,2025,1,0.8222817,1,0
657776,Denny Pucci,24/25,2025,1,0.8221979,1,0
355924,Luca Sparandeo,24/25,2025,1,0.82214785,1,0
581113,Bryan Fiabema,24/25,2025,0,0.8221346,1,1
533502,Pietro Bencivenga,24/25,2025,0,0.8220427,1,1
368635,Juancho Victoria,24/25,2025,1,0.82196987,1,0
622745,William Mackleyther,24/25,2025,1,0.82183677,1,0
847436,Igor Strzałek,24/25,2025,0,0.82162046,1,1
308367,José Antonio Soler,24/25,2025,1,0.8216154,1,0
386294,Stefano Chiariello,24/25,2025,1,0.8213986,1,0
610411,Stephen Buer,24/25,2025,1,0.82110906,1,0
429873,Lloyd-Addo Kuffour,24/25,2025,1,0.82079154,1,0
462296,Daniel Giampaolo,24/25,2025,1,0.82076204,1,0
321247,Emiliano Buendía,24/25,2025,0,0.8206119,1,1
523978,Luis Vacas,24/25,2025,1,0.8203451,1,0
541867,Pitu Doncel,24/25,2025,0,0.82015336,1,1
721468,Víctor Morales,24/25,2025,1,0.82005024,1,0
951832,Manuele De Min,24/25,2025,0,0.81950235,1,1
917158,Davide Ziu,24/25,2025,0,0.8192371,1,1
1051736,Marco Taramelli,24/25,2025,1,0.8190429,1,0
244915,Oleksiy Zinkevych,24/25,2025,0,0.81895477,1,1
631015,Jakov Katusa,24/25,2025,1,0.8189353,1,0
511016,Javi Sánchez,24/25,2025,0,0.81891483,1,1
896526,Patrick Kelly,24/25,2025,1,0.81888527,1,0
907318,Charlie McArthur,24/25,2025,0,0.8188253,1,1
935740,Mattias Bonafede,24/25,2025,1,0.8187836,1,0
929321,Karim L'Koucha,24/25,2025,1,0.818775,1,0
258475,Nikola Maras,24/25,2025,0,0.8186421,1,1
131951,Kevin Lasagna,24/25,2025,1,0.8185848,1,0
661369,Mateusz Chmarek,24/25,2025,1,0.81856674,1,0
258287,Patrik Pinte,24/25,2025,1,0.81798637,1,0
867784,Davide Aloia,24/25,2025,1,0.81788003,1,0
435712,Andrei Cordea,24/25,2025,1,0.8178556,1,0
261406,Seung-woo Ryu,24/25,2025,1,0.8176012,1,0
455610,Thomas Erman,24/25,2025,1,0.8175681,1,0
1249656,Amoako Minta,24/25,2025,1,0.8174978,1,0
1150430,Davide Sesti,24/25,2025,1,0.8173039,1,0
506470,Josh Bowler,24/25,2025,1,0.81717205,1,0
599060,Haik Moussakhanian,24/25,2025,1,0.81715655,1,0
723771,Amadou Sarr,24/25,2025,1,0.8171129,1,0
577738,Raffaele Fabiano,24/25,2025,1,0.81707513,1,0
639246,Hyeon-gyu Oh,24/25,2025,0,0.8169811,1,1
784551,Petar Malisic,24/25,2025,1,0.8169471,1,0
888392,Iñaki León,24/25,2025,0,0.8167047,1,1
393217,Mert Yılmaz,24/25,2025,1,0.81665975,1,0
1296876,Marc Domènech,24/25,2025,0,0.8165699,1,1
628466,Isaiah Navarro,24/25,2025,0,0.8164086,1,1
204642,Mite Cikarski,24/25,2025,0,0.81624305,1,1
709971,Xavi Moreno,24/25,2025,1,0.8160885,1,0
817045,Samuele Regazzetti,24/25,2025,1,0.81607246,1,0
631055,Alberto Quintana,24/25,2025,1,0.81591195,1,0
527601,Niccolò Bigica,24/25,2025,1,0.8158565,1,0
707554,Fabio Lymann,24/25,2025,0,0.81584316,1,1
629039,Luka Reischl,24/25,2025,1,0.8157844,1,0
864465,Giacomo Venturini,24/25,2025,1,0.81575584,1,0
280416,Housem Ferchichi,24/25,2025,1,0.81548494,1,0
729178,Emmanuel Appiah,24/25,2025,1,0.81501937,1,0
902702,Jayson Videira,24/25,2025,1,0.8148752,1,0
99003,Odise Roshi,24/25,2025,1,0.8148447,1,0
371927,Caíque Lemes,24/25,2025,0,0.8147819,1,1
888639,Ethan Wheatley,24/25,2025,1,0.8147276,1,0
120980,Aaron Muirhead,24/25,2025,1,0.81470317,1,0
462381,Alberto Fernández,24/25,2025,1,0.8146962,1,0
434433,Nikola Krstović,24/25,2025,1,0.8146431,1,0
198015,Jefté Betancor,24/25,2025,1,0.81450665,1,0
499830,Samuele Spalluto,24/25,2025,1,0.81449896,1,0
395870,Francesco Verde,24/25,2025,1,0.8144062,1,0
539800,Momodou Jaiteh,24/25,2025,1,0.8141888,1,0
352597,Lado Mokhevishvili,24/25,2025,1,0.81416947,1,0
435808,Lazare Amani,24/25,2025,1,0.81403303,1,0
549034,Rafa Rodrigues,24/25,2025,1,0.81375396,1,0
332527,Sveinn Aron Gudjohnsen,24/25,2025,0,0.81367296,1,1
498000,Gavin Didzilatis,24/25,2025,1,0.8135733,1,0
398270,Chris Gueye,24/25,2025,1,0.8132918,1,0
197482,Antonio Palma,24/25,2025,1,0.8132687,1,0
582949,Vangelis Nikokyrakis,24/25,2025,1,0.81325495,1,0
887254,Edu Gallardo,24/25,2025,0,0.81318945,1,1
915492,Giulio Mengucci,24/25,2025,1,0.81310993,1,0
401910,Iván Moreno,24/25,2025,1,0.8130857,1,0
668278,Ibon Ispizua,24/25,2025,1,0.8129747,1,0
1185957,Federico Tuveri,24/25,2025,1,0.81291854,1,0
247555,Edimilson Fernandes,24/25,2025,1,0.81288725,1,0
381209,Rober Sierra,24/25,2025,1,0.81286883,1,0
746145,Tomoyuki Doi,24/25,2025,1,0.8127793,1,0
996478,Samuel Hodur,24/25,2025,0,0.81225073,1,1
726526,Stefan Mitrović,24/25,2025,1,0.8120786,1,0
566572,Oğuzhan Matur,24/25,2025,0,0.81180906,1,1
244285,Sinan Kurt,24/25,2025,0,0.81158936,1,1
670841,Junior Robinson,24/25,2025,1,0.8115837,1,0
396645,Goni Naor,24/25,2025,0,0.81137383,1,1
854484,Dylann Kam,24/25,2025,1,0.81136775,1,0
126516,Antonio Luna,24/25,2025,1,0.81125736,1,0
666918,Jordi Ortega,24/25,2025,1,0.8110667,1,0
318426,Ivan Ignatjev,24/25,2025,1,0.81087524,1,0
124911,Karim Laribi,24/25,2025,0,0.8107493,1,1
933350,Tincho Conde,24/25,2025,1,0.81072414,1,0
1216569,Osama El Bazar,24/25,2025,0,0.81070465,1,1
362744,Elyaz Zidane,24/25,2025,0,0.8107003,1,1
1065273,Sergio Pascual,24/25,2025,1,0.8105522,1,0
707456,Fallou Sene,24/25,2025,1,0.8099237,1,0
287870,Giuseppe Tedesco,24/25,2025,1,0.80987895,1,0
295082,Jon Sillero,24/25,2025,0,0.8098213,1,1
512123,Guillermo Alonso,24/25,2025,1,0.80971664,1,0
603680,Giorgio Bachini,24/25,2025,1,0.8096521,1,0
1169515,Alex Garzón,24/25,2025,1,0.8095686,1,0
227081,Joaquín Correa,24/25,2025,1,0.8095606,1,0
1010984,Mickael Dosso,24/25,2025,1,0.8093583,1,0
711999,Lesley Ugochukwu,24/25,2025,1,0.8091415,1,0
497566,Goyo Medina,24/25,2025,1,0.80894107,1,0
503002,Samuele Bonaccorsi,24/25,2025,1,0.80892015,1,0
783437,İshak Karaoğul,24/25,2025,1,0.80871975,1,0
317429,Manuel Farrando,24/25,2025,0,0.8086506,1,1
601822,Alessandro Corti,24/25,2025,1,0.8085347,1,0
668552,Darío Sarmiento,24/25,2025,1,0.8084706,1,0
352607,Darío García,24/25,2025,1,0.8083997,1,0
533506,Lazar Vujanic,24/25,2025,1,0.8083845,1,0
619490,Gregorio Zanella,24/25,2025,1,0.80838275,1,0
390084,Aleksa Marusic,24/25,2025,0,0.80829763,1,1
548590,Najm Shwan,24/25,2025,1,0.8082881,1,0
1168222,Malek El Mala,24/25,2025,0,0.8081628,1,1
424021,Dapo Mebude,24/25,2025,1,0.808071,1,0
993516,Álvaro Domínguez,24/25,2025,1,0.80796194,1,0
510965,Ale Hernández,24/25,2025,1,0.8076974,1,0
303182,Nazareno Battista,24/25,2025,0,0.80731165,1,1
69457,Richi de Souza,24/25,2025,0,0.80710196,1,1
704423,Mattia Florio,24/25,2025,1,0.80695957,1,0
896234,Guillermo Balzi,24/25,2025,0,0.8065655,1,1
1194286,Gregorio Salvati,24/25,2025,1,0.80653256,1,0
621370,Matías Palacios,24/25,2025,0,0.80645376,1,1
691355,Junior Bakayoko,24/25,2025,0,0.8064537,1,1
488273,Aleksandr Sapovalov,24/25,2025,0,0.8064482,1,1
931782,Juanmi Durán,24/25,2025,1,0.80638695,1,0
860051,Ayoub Amraoui,24/25,2025,1,0.8062561,1,0
783873,Álvaro López,24/25,2025,0,0.8061475,1,1
649016,El Bilal Touré,24/25,2025,1,0.80613875,1,0
1106258,Jorge Oreiro,24/25,2025,0,0.8061277,1,1
486537,Sekou Camara,24/25,2025,0,0.806093,1,1
574448,Harry Tyrer,24/25,2025,0,0.8058368,1,1
570458,Jake Garrett,24/25,2025,0,0.80580693,1,1
930751,Iacopo Casani,24/25,2025,1,0.80578357,1,0
660878,Luca Bacchin,24/25,2025,0,0.8056911,1,1
614064,Jasper Moon,24/25,2025,0,0.8055312,1,1
464217,Szilárd Magyari,24/25,2025,1,0.80540425,1,0
1205018,Christian Iaiunese,24/25,2025,1,0.80534834,1,0
908621,Nabil Aberdin,24/25,2025,0,0.8053051,1,1
604794,Vincenzo Vitale,24/25,2025,1,0.8052635,1,0
14881,Marcelo Carné,24/25,2025,1,0.80502486,1,0
713357,Filippo Palazzino,24/25,2025,0,0.8049825,1,1
522731,Pablo Bolado,24/25,2025,1,0.8048898,1,0
895947,Manuel Cesari,24/25,2025,0,0.8048097,1,1
802205,Danilo Bajraktari,24/25,2025,0,0.8043671,1,1
1019528,Charbel Wehbe,24/25,2025,1,0.8042941,1,0
244338,Pelly Ruddock Mpanzu,24/25,2025,1,0.80417967,1,0
685807,Luís dos Santos,24/25,2025,1,0.80417943,1,0
568007,Ben Knight,24/25,2025,1,0.8041611,1,0
827984,Mariano Carmona,24/25,2025,1,0.8041483,1,0
559130,Harrison Ashby,24/25,2025,0,0.80409294,1,1
718032,Stephane Keller,24/25,2025,1,0.80407345,1,0
936185,Tobia Mogentale,24/25,2025,1,0.80398905,1,0
526011,Etxebe Pamies,24/25,2025,1,0.80397934,1,0
569033,Armindo Sieb,24/25,2025,0,0.8037744,1,1
396160,Gonzalo Almenara,24/25,2025,0,0.80363035,1,1
247377,Kevin Bonifazi,24/25,2025,0,0.8036227,1,1
520626,Gabriel Furtado,24/25,2025,1,0.8036061,1,0
833369,Amine Groune,24/25,2025,1,0.80346787,1,0
710470,Hosine Bility,24/25,2025,1,0.80332845,1,0
927933,Velizar-Iliya Iliev,24/25,2025,1,0.80332136,1,0
634374,Macula,24/25,2025,1,0.80320364,1,0
392313,Francesco Posocco,24/25,2025,1,0.80304563,1,0
311146,Nikola Sipcic,24/25,2025,1,0.80291563,1,0
696599,Cyril Khetir,24/25,2025,1,0.8028051,1,0
659705,Paulo Victor,24/25,2025,0,0.8025267,1,1
467241,Oleksandr Safronov,24/25,2025,1,0.8025116,1,0
170927,Simon Falette,24/25,2025,1,0.8024757,1,0
274753,Carlos Gutiérrez,24/25,2025,1,0.80228347,1,0
690889,Máté Kotula,24/25,2025,1,0.8022499,1,0
533110,Álex Pachón,24/25,2025,1,0.80221945,1,0
289228,Eduart Rroca,24/25,2025,0,0.8019473,1,1
466799,Antonio Sola,24/25,2025,1,0.801826,1,0
815536,Edoardo Furini,24/25,2025,0,0.8017899,1,1
1078985,Rafaël De Palmas,24/25,2025,0,0.80178374,1,1
119115,Diego Falcinelli,24/25,2025,1,0.801756,1,0
583641,Antonee Burke-Gilroy,24/25,2025,0,0.80170804,1,1
531829,Dani Escriche,24/25,2025,0,0.801559,1,1
363610,Georgi Tunjov,24/25,2025,1,0.8015543,1,0
927904,Ethan Bouah,24/25,2025,1,0.80125225,1,0
340982,Florinel Coman,24/25,2025,0,0.80122036,1,1
1168219,Said El Mala,24/25,2025,0,0.8011618,1,1
392538,Tommaso Pobega,24/25,2025,1,0.8011451,1,0
253238,Toni Arranz,24/25,2025,1,0.80089724,1,0
1065246,Sergio Huecas,24/25,2025,0,0.8008764,1,1
226025,Luca Mazzitelli,24/25,2025,1,0.8007509,1,0
625043,Oier López,24/25,2025,0,0.8006873,1,1
634430,Israel Salazar,24/25,2025,1,0.8003931,1,0
1198739,Joaco Peñalver,24/25,2025,1,0.8001805,1,0
937710,Edward Cedeño,24/25,2025,1,0.8001635,1,0
1059365,Álex Maroto,24/25,2025,1,0.80008984,1,0
395842,Franklyn Akammadu,24/25,2025,1,0.8000206,1,0
226181,Amir Bilali,24/25,2025,1,0.7999842,1,0
861707,Tiko Iniesta,24/25,2025,1,0.799984,1,0
1151716,Mounir Jebbar,24/25,2025,1,0.7997628,1,0
938509,Igor Nikic,24/25,2025,1,0.7996775,1,0
307924,Mergim Berisha,24/25,2025,0,0.79951376,1,1
386331,Christos Rovas,24/25,2025,1,0.7994856,1,0
554859,Unai Marino,24/25,2025,1,0.79930115,1,0
560988,Azzan Al-Tamtami,24/25,2025,1,0.79925203,1,0
542588,Alessandro Sorrentino,24/25,2025,1,0.7991337,1,0
258246,Harun Alpsoy,24/25,2025,1,0.7990843,1,0
543390,Mamadou Traoré,24/25,2025,1,0.7988357,1,0
575564,Diego Larotonda,24/25,2025,1,0.79882497,1,0
1177641,Samuel Bockay,24/25,2025,1,0.798586,1,0
1230033,Edmond Lenghel,24/25,2025,1,0.7985743,1,0
1025974,Findlay Marshall,24/25,2025,1,0.79852384,1,0
335821,George Ganea,24/25,2025,0,0.7984755,1,1
630106,Stefan Obradović,24/25,2025,1,0.798444,1,0
1061277,Germán García,24/25,2025,0,0.7983208,1,1
650999,Federico Accornero,24/25,2025,1,0.79817617,1,0
718115,Zini,24/25,2025,0,0.7981498,1,1
394345,Mohamed Rabbas,24/25,2025,1,0.79789996,1,0
947696,Miroslav Kolev,24/25,2025,0,0.7978335,1,1
351216,Manel Royo,24/25,2025,1,0.79774517,1,0
606552,Marco Rienhardt,24/25,2025,1,0.7976883,1,0
140757,Daniel Bessa,24/25,2025,1,0.7976442,1,0
947435,Pablo Moyá,24/25,2025,1,0.79758614,1,0
266217,Cristian Bunino,24/25,2025,1,0.7975119,1,0
340521,Gui Ramos,24/25,2025,0,0.7974977,1,1
456157,Matteo Fracassini,24/25,2025,0,0.7973345,1,1
593480,Aymane Mourid,24/25,2025,1,0.797296,1,0
341724,Relu,24/25,2025,1,0.79726315,1,0
339780,Svetoslav Kovachev,24/25,2025,1,0.79716206,1,0
551007,Eli King,24/25,2025,0,0.7970804,1,1
251882,Xiker Ozerinjauregi,24/25,2025,1,0.7969583,1,0
341497,Antonio Martiniello,24/25,2025,1,0.7968827,1,0
536943,Daniele Olivieri,24/25,2025,1,0.7968584,1,0
1295593,Nicholas Dmitrovic,24/25,2025,0,0.7968235,1,1
321895,Youssouf Dao,24/25,2025,0,0.79670924,1,1
883122,Anas Haj Mohamed,24/25,2025,1,0.7966964,1,0
654415,Alan Virginius,24/25,2025,1,0.7965129,1,0
170838,Salih Uçan,24/25,2025,0,0.7964445,1,1
1114721,Brais Penela,24/25,2025,1,0.7964376,1,0
338288,Alex Valiño,24/25,2025,0,0.79636836,1,1
392576,Jani Atanasov,24/25,2025,1,0.7962943,1,0
730821,Julian Markvoort,24/25,2025,1,0.7961156,1,0
1022385,Fabricio Oviedo,24/25,2025,0,0.79594475,1,1
1308575,Giovanni Otero,24/25,2025,1,0.7959078,1,0
723823,Vlad Rafailă,24/25,2025,1,0.7958745,1,0
936733,Filippo Illipronti,24/25,2025,1,0.7957183,1,0
818461,Marco Bevilacqua,24/25,2025,1,0.7957093,1,0
296704,Jaume Valens,24/25,2025,1,0.79559594,1,0
999735,Leonardo Barsotti,24/25,2025,1,0.7955711,1,0
582406,Marian Smatlak,24/25,2025,0,0.7954544,1,1
1054909,Pablo Busto,24/25,2025,0,0.7953882,1,1
934136,Francesco Minerva,24/25,2025,1,0.795244,1,0
683320,Jordi Ferrer,24/25,2025,0,0.7951085,1,1
692036,Marcel Bergmann,24/25,2025,1,0.7950277,1,0
336963,Paolo Grillo,24/25,2025,0,0.79502714,1,1
258835,Ricardo Gomes,24/25,2025,1,0.795026,1,0
356474,Leon Augusto,24/25,2025,0,0.7948293,1,1
358425,Gonzalo Di Renzo,24/25,2025,1,0.7947909,1,0
700664,Balázs Farkas,24/25,2025,1,0.7947834,1,0
825708,Josu Gallastegui,24/25,2025,1,0.7947562,1,0
363541,Samu Pérez,24/25,2025,1,0.7945855,1,0
139576,Édson Rivera,24/25,2025,0,0.79456896,1,1
378520,Fernán Faerron,24/25,2025,1,0.7945476,1,0
621997,Cieran Slicker,24/25,2025,1,0.794503,1,0
363514,Tim Kips,24/25,2025,1,0.7943893,1,0
814848,Owen Goodman,24/25,2025,1,0.7943759,1,0
423678,Meschack Elia,24/25,2025,1,0.79436904,1,0
571601,Federico Moraschi,24/25,2025,1,0.7940737,1,0
451282,Tamás Kiss,24/25,2025,1,0.7940463,1,0
262608,Adama Traoré,24/25,2025,0,0.794043,1,1
174694,Rony Lopes,24/25,2025,1,0.79397124,1,0
396682,Luca Gagliano,24/25,2025,1,0.79381776,1,0
372468,David Grilo,24/25,2025,1,0.7935907,1,0
421768,Alessandro Cortinovis,24/25,2025,0,0.7935071,1,1
373538,Daniel Zinon Kouko,24/25,2025,1,0.7934995,1,0
1050889,Alessandro Boi,24/25,2025,0,0.7933686,1,1
158623,Cyrus Christie,24/25,2025,1,0.7933262,1,0
577741,Mattia Matese,24/25,2025,1,0.7932006,1,0
1068762,Dawda Dambelleh,24/25,2025,1,0.7931011,1,0
821501,Javi Antón,24/25,2025,1,0.79303765,1,0
810791,Ritchy Valmé,24/25,2025,0,0.7930264,1,1
1233176,Cedric Gnazale,24/25,2025,0,0.7928843,1,1
624266,Ross McCausland,24/25,2025,1,0.79266006,1,0
821105,Davide Franzini,24/25,2025,1,0.79264784,1,0
533355,Adrià Gené,24/25,2025,1,0.7925772,1,0
704230,Edoardo Bernardi,24/25,2025,1,0.7925531,1,0
668183,Nico Serrano,24/25,2025,0,0.79239434,1,1
1055398,Hugo Matos,24/25,2025,1,0.79237735,1,0
355456,Diego Valenti,24/25,2025,1,0.79233116,1,0
89756,Yashir Islame,24/25,2025,0,0.7920476,1,1
1290030,Niccolò Cavallotti,24/25,2025,1,0.79197896,1,0
855890,Jenson Metcalfe,24/25,2025,1,0.7919162,1,0
636096,Raúl Blanco,24/25,2025,1,0.7918992,1,0
836493,Gonzalo Abrego,24/25,2025,0,0.7917671,1,1
816135,Pedro Lima,24/25,2025,1,0.79176503,1,0
470807,Alessio Calisto,24/25,2025,1,0.79174227,1,0
934461,Federico Chinetti,24/25,2025,1,0.7917065,1,0
616823,Alain García,24/25,2025,1,0.79138064,1,0
904145,Guillem Naranjo,24/25,2025,1,0.7913747,1,0
524860,Mickaël Biron,24/25,2025,1,0.79136485,1,0
961075,Glenn McConnell,24/25,2025,0,0.79132926,1,1
282694,Augusto Solari,24/25,2025,1,0.7912745,1,0
237226,Marvin Mehlem,24/25,2025,1,0.79124415,1,0
783885,Iván Fernández,24/25,2025,1,0.79099697,1,0
677139,Yusri El Kandoussi,24/25,2025,1,0.7909682,1,0
164893,Márk Jagodics,24/25,2025,1,0.7906974,1,0
422459,Javier Belman,24/25,2025,0,0.7906153,1,1
518348,Kelechi John,24/25,2025,1,0.7904899,1,0
1193362,Andrea Esposito,24/25,2025,0,0.7904509,1,1
263267,Riad Bajic,24/25,2025,1,0.790384,1,0
354664,Junior Flemmings,24/25,2025,0,0.790345,1,1
951437,Lorenzo Boncompagni,24/25,2025,0,0.7903391,1,1
83256,Özkan Yıldırım,24/25,2025,1,0.7902878,1,0
1012421,Matija Popović,24/25,2025,1,0.7901191,1,0
575212,Isaac Fletcher,24/25,2025,0,0.790049,1,1
934457,Riccardo Restelli,24/25,2025,1,0.789844,1,0
894414,Byani Mpata Lama,24/25,2025,1,0.7895807,1,0
877672,Ali Jasim,24/25,2025,1,0.7894077,1,0
341438,Mark Sifneos,24/25,2025,1,0.7890999,1,0
265970,Yusuf Cela,24/25,2025,1,0.7890851,1,0
728580,Daniel Villaseca,24/25,2025,0,0.7890228,1,1
343475,Ben Godfrey,24/25,2025,1,0.78899103,1,0
216464,Carlos Fernández,24/25,2025,1,0.7888652,1,0
705401,Javi López,24/25,2025,1,0.7888494,1,0
721526,Calal Hüseynov,24/25,2025,0,0.7888348,1,1
112583,Diego Michiels,24/25,2025,0,0.78882337,1,1
917015,Fabio Torsiello,24/25,2025,1,0.7887347,1,0
1033045,Michal Willmann,24/25,2025,1,0.7885904,1,0
694512,Hisham Layous,24/25,2025,1,0.7885575,1,0
319231,Claudiu Micovschi,24/25,2025,0,0.7885496,1,1
818536,Clemente Tartaro,24/25,2025,1,0.7882544,1,0
602987,Mario Subaric,24/25,2025,1,0.7881869,1,0
353967,Şiyar Kepir,24/25,2025,1,0.788087,1,0
934494,Tommaso Plini,24/25,2025,1,0.788045,1,0
998686,José Naranjo,24/25,2025,1,0.78786504,1,0
940806,Isaac Mendes,24/25,2025,1,0.78785056,1,0
408494,Lorenzo Zerbato,24/25,2025,0,0.78772855,1,1
819326,Ismaila Badje,24/25,2025,1,0.7877216,1,0
1051905,Kira Yamamoto,24/25,2025,1,0.7876703,1,0
642521,Leonardo Marchi,24/25,2025,0,0.78753155,1,1
185109,Ellis Harrison,24/25,2025,1,0.787412,1,0
708315,Jakub Hrustinec,24/25,2025,1,0.78738284,1,0
613968,Evagoras Antoniou,24/25,2025,0,0.7873661,1,1
471466,Lorenzo Barzon,24/25,2025,1,0.7873454,1,0
183298,Chris Long,24/25,2025,1,0.78726184,1,0
1326570,Matteo Zenoni,24/25,2025,1,0.7872342,1,0
1065483,Moussa Seck,24/25,2025,0,0.7871738,1,1
1008348,Jan Feit,24/25,2025,0,0.7871031,1,1
786438,Jony Álamo,24/25,2025,1,0.78679806,1,0
1069692,Álex Toper,24/25,2025,1,0.78653044,1,0
539131,Alessio Brambilla,24/25,2025,1,0.7862503,1,0
154819,Kwasi Wriedt,24/25,2025,1,0.786145,1,0
1058982,Nicolò Sancinito,24/25,2025,1,0.7861403,1,0
456080,Karim Aribi,24/25,2025,1,0.78607404,1,0
610335,Iván Jaime,24/25,2025,1,0.78592545,1,0
935231,Víctor Muñoz,24/25,2025,1,0.7858907,1,0
510369,Carlos Cordero,24/25,2025,0,0.7858548,1,1
983810,Senan Mullen,24/25,2025,1,0.78582203,1,0
973665,Andrea Grilli,24/25,2025,1,0.78579247,1,0
1057820,Jeremy Agbonifo,24/25,2025,1,0.7856474,1,0
932737,Enea Pitti,24/25,2025,1,0.78562903,1,0
888493,Alejo Veliz,24/25,2025,1,0.785257,1,0
926854,Noel López,24/25,2025,1,0.7851898,1,0
717465,Laurin Ulrich,24/25,2025,1,0.7850105,1,0
632499,Pablo Gálvez,24/25,2025,0,0.78496045,1,1
359212,Richárd Zsolnai,24/25,2025,1,0.78488046,1,0
192279,Kepa Arrizabalaga,24/25,2025,1,0.7847789,1,0
1022491,Stephan Wemakor,24/25,2025,1,0.7847608,1,0
536846,Javier Ajenjo,24/25,2025,1,0.78472674,1,0
924497,Lorenzo Orellano,24/25,2025,1,0.7842016,1,0
217155,Borja Sánchez,24/25,2025,1,0.78416014,1,0
597106,Luiz Gustavo,24/25,2025,1,0.7841446,1,0
1334837,Jacobo de Oro,24/25,2025,0,0.78402996,1,1
339584,Robert Mudrazija,24/25,2025,1,0.78392065,1,0
462251,Jorge Silva,24/25,2025,1,0.7838723,1,0
894517,Dren Terrnava,24/25,2025,1,0.78386307,1,0
704285,Elia Maccherini Tonini,24/25,2025,1,0.7838566,1,0
452078,Maxwell Gyamfi,24/25,2025,1,0.7837603,1,0
530157,Cem Türkmen,24/25,2025,1,0.78373,1,0
331503,Alejandro Viedma,24/25,2025,1,0.78369385,1,0
566658,Adolfo Romero,24/25,2025,1,0.7836505,1,0
293602,Dor Hugi,24/25,2025,1,0.7836219,1,0
345087,Fatjon Jusufi,24/25,2025,0,0.7836213,1,1
918414,Paris Brunner,24/25,2025,0,0.78360057,1,1
729169,Luca Butkovic,24/25,2025,1,0.78335756,1,0
354246,Fareed Sadat,24/25,2025,0,0.78324044,1,1
1067111,Alassan Manjam,24/25,2025,0,0.7832238,1,1
389842,Matteo Pinton,24/25,2025,1,0.78321624,1,0
575498,Rave Assayag,24/25,2025,1,0.78310525,1,0
745368,Filippo Puletto,24/25,2025,1,0.7830323,1,0
1285016,Francesco Iuliano,24/25,2025,1,0.7830108,1,0
840760,Ignacio Schor,24/25,2025,0,0.78297216,1,1
818507,Andrea Sorrentino,24/25,2025,1,0.7827135,1,0
622526,Dani Satoca,24/25,2025,1,0.78241336,1,0
491960,Benito,24/25,2025,1,0.78239936,1,0
934208,Diego Voncina,24/25,2025,1,0.78239197,1,0
929743,Matteo Zazza,24/25,2025,1,0.782176,1,0
1140529,Mattia Ferrari,24/25,2025,1,0.7819362,1,0
308560,Jhon Murillo,24/25,2025,1,0.78192306,1,0
355468,Primi Férriz,24/25,2025,1,0.7816742,1,0
663244,Jota Silva,24/25,2025,1,0.78163207,1,0
1070713,Kevin Lekaj,24/25,2025,1,0.781549,1,0
701052,Bilal Kandoussi,24/25,2025,1,0.7815183,1,0
914505,Tommaso Duca,24/25,2025,1,0.7814327,1,0
1055225,Arthur Inaka,24/25,2025,1,0.78143007,1,0
908946,Niklas Castelle,24/25,2025,1,0.78121233,1,0
524216,Ibrahim Tomiwa,24/25,2025,0,0.7811687,1,1
875253,Duccio Nannini,24/25,2025,1,0.7810295,1,0
921610,Nestorly Lumbu,24/25,2025,1,0.78093356,1,0
608977,Nana Antwi,24/25,2025,0,0.7807713,1,1
616133,Mattia Tordini,24/25,2025,0,0.7805996,1,1
242359,Juan Musso,24/25,2025,1,0.7805115,1,0
817128,Lorenzo Lo Duca,24/25,2025,0,0.78038037,1,1
727865,Alberto Basso Ricci,24/25,2025,1,0.78026605,1,0
404959,Gabriele Fabbian,24/25,2025,0,0.78025144,1,1
906731,Răzvan Morariu,24/25,2025,0,0.7801696,1,1
981444,Arnold Vula,24/25,2025,1,0.7799595,1,0
341516,Ponck,24/25,2025,1,0.7798758,1,0
632503,Adrià Mercadal,24/25,2025,0,0.7798728,1,1
823486,Michael Kayode,24/25,2025,1,0.7795679,1,0
984708,Siren Diao,24/25,2025,1,0.77955246,1,0
1060418,Thomas Renda,24/25,2025,0,0.7795282,1,1
892421,Alex Quevedo,24/25,2025,0,0.77881944,1,1
1056273,Edoardo Negri,24/25,2025,1,0.778194,1,0
995010,Santiago Frasson,24/25,2025,0,0.77817965,1,1
638589,Ángel Algobia,24/25,2025,1,0.7781487,1,0
1042315,Kevin Kántor,24/25,2025,0,0.7780989,1,1
572686,Pol Prats,24/25,2025,1,0.77804613,1,0
596614,Federico Mencagli,24/25,2025,1,0.777938,1,0
896424,Samuel John Nwachukwu,24/25,2025,1,0.7779378,1,0
323589,Dálcio,24/25,2025,1,0.77780145,1,0
959106,Weslley Patati,24/25,2025,1,0.7776143,1,0
324819,Maxime Bernauer,24/25,2025,1,0.7773199,1,0
555076,Romain Faivre,24/25,2025,1,0.7773112,1,0
862392,Marco Orfano,24/25,2025,1,0.777078,1,0
445584,Koldo Obieta,24/25,2025,0,0.7769056,1,1
204654,Bashkim Velija,24/25,2025,1,0.77687925,1,0
217285,Filip Kusic,24/25,2025,1,0.77678245,1,0
331389,Andrés Tello,24/25,2025,1,0.7765945,1,0
344415,Dominik Steczyk,24/25,2025,0,0.77657944,1,1
619464,Aboubacar Doumbia,24/25,2025,1,0.77646226,1,0
403834,Kahraman Demirtaş,24/25,2025,1,0.77635777,1,0
195704,Alexandros Kartalis,24/25,2025,0,0.7763441,1,1
97731,Salvatore Giglio,24/25,2025,1,0.77629304,1,0
1157676,Adonija Ouanda,24/25,2025,0,0.77594656,1,1
290701,Georges Douglas Petdji Tsila,24/25,2025,1,0.77560514,1,0
263860,Jason Remeseiro,24/25,2025,1,0.7753736,1,0
393240,Boyd Reith,24/25,2025,1,0.77521336,1,0
673971,Franklin Sasere,24/25,2025,1,0.7751937,1,0
1216111,Alex Sola,24/25,2025,1,0.7749557,1,0
707329,Tomas Schanelec,24/25,2025,0,0.7748852,1,1
882765,Alessandro Borgo,24/25,2025,0,0.774773,1,1
955357,Junior Kroupi,24/25,2025,0,0.77470565,1,1
351158,Jesús Cruz,24/25,2025,0,0.7744277,1,1
471936,Oliver Christensen,24/25,2025,1,0.77426094,1,0
1165116,Cosimo Bigazzi,24/25,2025,0,0.7742285,1,1
329327,Matteo Buratto,24/25,2025,1,0.7742059,1,0
732117,Dylan Williams,24/25,2025,1,0.7740873,1,0
343353,Mathieu Coquin,24/25,2025,1,0.77403784,1,0
470815,Niklas Tauer,24/25,2025,0,0.77401406,1,1
144304,Ognjen Ozegovic,24/25,2025,1,0.7739799,1,0
1056526,Cristiano Rizzo,24/25,2025,1,0.7737242,1,0
617720,Enrico Rossi,24/25,2025,1,0.7736533,1,0
937891,Francesco Raffaelli,24/25,2025,1,0.7735941,1,0
481009,Teddy Sutherland,24/25,2025,1,0.7734349,1,0
843327,Mohamed Awad Alla,24/25,2025,1,0.77329844,1,0
1154990,Miguel Pérez,24/25,2025,1,0.77311695,1,0
525891,Jannick Buyla,24/25,2025,1,0.77271235,1,0
353396,Dylan Mboumbouni,24/25,2025,1,0.7726854,1,0
878114,Zak Bradshaw,24/25,2025,1,0.77265185,1,0
554814,Diego Gómez,24/25,2025,1,0.77249336,1,0
741090,Jonas Rouhi,24/25,2025,0,0.772413,1,1
707303,Samuele Lovaglio,24/25,2025,1,0.7723753,1,0
392959,Andrea Colpani,24/25,2025,0,0.772336,1,1
536346,Alessandro Miola,24/25,2025,1,0.7723071,1,0
337781,Arturo Molina,24/25,2025,1,0.772044,1,0
567492,Konstantinos Balomenos,24/25,2025,1,0.77193946,1,0
531909,Jordan Gele,24/25,2025,1,0.77190685,1,0
927251,Gianmarco Castorri,24/25,2025,1,0.77187353,1,0
797572,Stefan Lekovic,24/25,2025,0,0.77176577,1,1
411537,Zian Flemming,24/25,2025,1,0.7715084,1,0
331463,Alessandro Aloia,24/25,2025,1,0.7714903,1,0
709377,Andrés Campos,24/25,2025,1,0.7714474,1,0
448557,Lorenzo Meledandri,24/25,2025,1,0.77141994,1,0
451389,Fabio Laringe,24/25,2025,1,0.77141815,1,0
700103,Óscar Siafa,24/25,2025,1,0.7714092,1,0
503032,Edu Frías,24/25,2025,0,0.77137846,1,1
595916,Alejandro Cañizo,24/25,2025,0,0.771349,1,1
432224,Mateo Karamatic,24/25,2025,1,0.77132684,1,0
1056655,Rubén Quintanilla,24/25,2025,1,0.771075,1,0
754435,Rodrigo Callegari,24/25,2025,1,0.77104074,1,0
1063198,Andor Lapu,24/25,2025,1,0.7709438,1,0
708001,Guille Perero,24/25,2025,1,0.7707081,1,0
246244,Sergio Aguza,24/25,2025,1,0.7706229,1,0
522669,Georgios Manousakis,24/25,2025,1,0.77038175,1,0
678783,Yevgen Pidlepenets,24/25,2025,1,0.7703258,1,0
720411,Roan Riera,24/25,2025,1,0.7702898,1,0
636297,Joel Jiménez,24/25,2025,1,0.7701667,1,0
666614,Clement Ikenna,24/25,2025,0,0.77016103,1,1
290412,Francesco Bigotto,24/25,2025,0,0.7700957,1,1
343184,Sylla Sow,24/25,2025,1,0.7700389,1,0
906442,Javi Garrido,24/25,2025,0,0.7700071,1,1
547818,Raul Steau,24/25,2025,0,0.76991504,1,1
572910,Benjamin Luis,24/25,2025,1,0.7697082,1,0
596880,Jesús Cambil,24/25,2025,1,0.7693403,1,0
197880,Raphael Guzzo,24/25,2025,1,0.7691854,1,0
897658,Daniele Triacca,24/25,2025,1,0.76916593,1,0
870093,Pablo García,24/25,2025,1,0.7691256,1,0
708634,Andrea Arpini,24/25,2025,0,0.76907176,1,1
536811,Nicolò Milani,24/25,2025,1,0.76900613,1,0
815495,Daniel Matteucci,24/25,2025,0,0.768942,1,1
139278,Luca Zander,24/25,2025,1,0.76877004,1,0
697515,Mario Mustapic,24/25,2025,1,0.7684535,1,0
340325,Reiss Nelson,24/25,2025,1,0.76845,1,0
104062,Adrian Popa,24/25,2025,0,0.7684292,1,1
146519,Haythem Jouini,24/25,2025,1,0.7682354,1,0
443697,Giuliano Alma,24/25,2025,0,0.76813453,1,1
732439,Nico Magno,24/25,2025,1,0.768083,1,0
351691,Sam Cosgrove,24/25,2025,1,0.76799357,1,0
102413,Luca Zamparo,24/25,2025,1,0.7677894,1,0
655300,Patrik Vydra,24/25,2025,0,0.7677546,1,1
946279,Javi Hernández,24/25,2025,0,0.76741284,1,1
709407,Dwann Oliveira,24/25,2025,1,0.767272,1,0
336863,Juanjo Chavalés,24/25,2025,0,0.76725113,1,1
621770,Matías Vesprini,24/25,2025,1,0.76718247,1,0
1205219,Andrea Prandini,24/25,2025,1,0.76694316,1,0
644557,Willi Reincke,24/25,2025,1,0.766937,1,0
814349,Nicholas Fantoni,24/25,2025,0,0.76686573,1,1
819083,Gabriele Costa,24/25,2025,1,0.7667688,1,0
531411,Esteban Orozco,24/25,2025,0,0.7665193,1,1
707221,Baptiste Rolland,24/25,2025,1,0.7664916,1,0
709381,Iván Ramos,24/25,2025,1,0.7663716,1,0
734898,Kevin Miranda,24/25,2025,1,0.7662837,1,0
932746,Mattia Saltalamacchia,24/25,2025,1,0.76590717,1,0
305521,Mohammadmehdi Mehdikhani,24/25,2025,0,0.76588196,1,1
843931,Timipere Johnson Eboh,24/25,2025,1,0.7654678,1,0
196785,Emanuel Taffertshofer,24/25,2025,1,0.7654468,1,0
906339,Antonio Jozanovic,24/25,2025,1,0.7652877,1,0
699632,Abraham Marcus,24/25,2025,1,0.7652178,1,0
674429,Diego González,24/25,2025,1,0.76516515,1,0
163654,Kevin García,24/25,2025,0,0.76511264,1,1
381204,Colau,24/25,2025,1,0.7649636,1,0
1159022,Mateus Lusuardi,24/25,2025,1,0.7649099,1,0
634598,Javi Alonso,24/25,2025,0,0.76489913,1,1
607914,Johan Kury,24/25,2025,1,0.7648684,1,0
1332569,Luigi De Simone,24/25,2025,1,0.7648275,1,0
665525,Jayson Papeau,24/25,2025,1,0.7646054,1,0
418567,Markus Solbakken,24/25,2025,1,0.76457363,1,0
715690,Sergio Navarro,24/25,2025,0,0.764443,1,1
531121,Juan Gutiérrez,24/25,2025,0,0.76439935,1,1
1026659,Ale Morales,24/25,2025,1,0.7643177,1,0
85380,Andrea Seculin,24/25,2025,1,0.76422197,1,0
844755,Ekhiotz Orobio,24/25,2025,1,0.7641168,1,0
632915,Carlos Sánchez,24/25,2025,0,0.7640974,1,1
1041547,Juan Cruz Cerrudo,24/25,2025,1,0.7639749,1,0
830304,Gellért Dúzs,24/25,2025,0,0.76395684,1,1
1225848,Álex Monerris,24/25,2025,1,0.7637945,1,0
929746,Leonardo Di Tommaso,24/25,2025,1,0.7637565,1,0
718307,Matías Segovia,24/25,2025,1,0.76355803,1,0
654173,Brad Young,24/25,2025,1,0.7634753,1,0
946282,Isaac Obeng,24/25,2025,1,0.7634098,1,0
1226103,Tijan Sonha,24/25,2025,1,0.7631486,1,0
349873,Juan Hernández,24/25,2025,1,0.7629936,1,0
456874,Francesco De Caro,24/25,2025,1,0.7629918,1,0
627215,Gabriel Noga,24/25,2025,1,0.762692,1,0
692121,Robert Filip,24/25,2025,1,0.76262206,1,0
609651,Alexandros Tereziou,24/25,2025,1,0.7625046,1,0
548111,Álex Baena,24/25,2025,1,0.7621617,1,0
391498,Mert Çetin,24/25,2025,1,0.7620908,1,0
882917,Alessio Aprile,24/25,2025,1,0.7620436,1,0
796236,Zalán Debreceni,24/25,2025,1,0.7619858,1,0
156721,Luka Milunovic,24/25,2025,1,0.76194,1,0
507486,Simon Sohm,24/25,2025,1,0.7617337,1,0
1083228,Davide Ruffato,24/25,2025,1,0.76169246,1,0
979760,Rayan Bamba,24/25,2025,1,0.76159024,1,0
396646,Guy Dahan,24/25,2025,0,0.7615756,1,1
982018,Yerai Dávila,24/25,2025,1,0.76157427,1,0
682624,Álex Gualda,24/25,2025,1,0.76142234,1,0
343289,André Bukia,24/25,2025,1,0.76139027,1,0
586982,Levi Laing,24/25,2025,0,0.76122415,1,1
704832,Sebastiano Bianchi,24/25,2025,1,0.76122266,1,0
598893,Dumitru Rogac,24/25,2025,0,0.76113135,1,1
538971,Naouirou Ahamada,24/25,2025,0,0.76097983,1,1
719426,Chemseddine Bekkouche,24/25,2025,1,0.7608127,1,0
734736,Hassimi Fadiga,24/25,2025,1,0.7606295,1,0
447823,Oier Luengo,24/25,2025,0,0.76045114,1,1
704594,Danil Ankudinov,24/25,2025,1,0.7603792,1,0
557612,Sékou Mara,24/25,2025,1,0.7601692,1,0
684210,Jaidon Anthony,24/25,2025,1,0.7597821,1,0
668571,Daniel Kerl,24/25,2025,1,0.75974005,1,0
490506,José Solbes,24/25,2025,1,0.7597263,1,0
599153,Iñigo Alayeto,24/25,2025,0,0.75970095,1,1
366883,Daniel Tetour,24/25,2025,1,0.7595468,1,0
1101300,Capi,24/25,2025,1,0.7594506,1,0
1185019,Benedikt Rottensteiner,24/25,2025,1,0.7593433,1,0
426986,Filip Mihailov,24/25,2025,0,0.7593041,1,1
603691,Ernestas Juškevičius,24/25,2025,1,0.75923467,1,0
823525,Lorenzo Villa,24/25,2025,1,0.75918484,1,0
647323,Hiran Ahmed,24/25,2025,1,0.7591181,1,0
921492,Chadi Ramadan,24/25,2025,1,0.7589312,1,0
146680,Andrea Barberis,24/25,2025,1,0.7588678,1,0
830113,Steven Nsimba,24/25,2025,1,0.7588359,1,0
134983,Andrea La Mantia,24/25,2025,1,0.75850075,1,0
771032,Andrés Rodríguez,24/25,2025,1,0.7584897,1,0
874062,Nathan Asiimwe,24/25,2025,1,0.75845486,1,0
882721,Matteo Agrimi,24/25,2025,0,0.7584282,1,1
312682,Dudu Nardini,24/25,2025,1,0.7584166,1,0
710275,Benji Núñez,24/25,2025,1,0.7582042,1,0
447661,Douglas Luiz,24/25,2025,1,0.75815994,1,0
642270,Michelangelo Nieri,24/25,2025,1,0.7580275,1,0
935228,Dani Vicente,24/25,2025,1,0.75786775,1,0
144303,Lazar Markovic,24/25,2025,1,0.7577317,1,0
482364,Leard Sadriu,24/25,2025,1,0.7576643,1,0
866082,Danilo Al-Saed,24/25,2025,1,0.7576437,1,0
729109,Leonardo Francalanci,24/25,2025,1,0.75754434,1,0
810066,Kaïs Najeh,24/25,2025,0,0.75716746,1,1
537360,Giuseppe Guadagni,24/25,2025,1,0.75692475,1,0
222502,Giovanni Foresta,24/25,2025,0,0.7568649,1,1
717952,Mario de Luis,24/25,2025,1,0.7565819,1,0
174733,Omar Colley,24/25,2025,1,0.7565459,1,0
533061,Elias Ramírez,24/25,2025,0,0.75642633,1,1
336856,Luis Acosta,24/25,2025,0,0.75625235,1,1
458134,Davide Barosi,24/25,2025,0,0.7561967,1,1
552547,Lucas Poletto,24/25,2025,1,0.7561947,1,0
998321,Johan Bångsbo,24/25,2025,1,0.7561202,1,0
446101,Fermín Ruiz,24/25,2025,1,0.75610113,1,0
796242,Kevin Kállai,24/25,2025,1,0.7560964,1,0
928591,Tiziano Vianello,24/25,2025,1,0.7560162,1,0
644244,Enis Cokaj,24/25,2025,0,0.756013,1,1
551233,Álvaro Mayorga,24/25,2025,1,0.7557458,1,0
59615,Alessandro De Respinis,24/25,2025,1,0.75557905,1,0
125342,Ohad Levita,24/25,2025,1,0.75543827,1,0
291124,Gaëtan Laura,24/25,2025,1,0.75541973,1,0
410221,Pape Seydou,24/25,2025,0,0.75527894,1,1
741287,Diego Rosado,24/25,2025,1,0.7552686,1,0
156715,Marco Thiede,24/25,2025,1,0.75516886,1,0
1052288,Karim Cissé,24/25,2025,0,0.75496435,1,1
342226,Irvin Cardona,24/25,2025,1,0.754829,1,0
568154,Lucas Cañizares,24/25,2025,1,0.7547829,1,0
717960,Luis Sánchez,24/25,2025,0,0.7546883,1,1
61464,Karim Yoda,24/25,2025,1,0.75451237,1,0
1172731,Ismael Issa Algueche,24/25,2025,0,0.75450367,1,1
590841,Migouel Alfarela,24/25,2025,1,0.754494,1,0
802214,Melsi Cereni,24/25,2025,1,0.7544555,1,0
910682,Dennis Gaustad,24/25,2025,1,0.7543861,1,0
89654,Edisson Jordanov,24/25,2025,1,0.75431705,1,0
1215994,Stefano Codraro,24/25,2025,1,0.7539983,1,0
683101,Saverio Domanico,24/25,2025,0,0.7539706,1,1
345189,Luka Lochoshvili,24/25,2025,1,0.75395906,1,0
503004,Alessio Rizzo,24/25,2025,1,0.7537009,1,0
1015405,Patrick Slanina,24/25,2025,0,0.7536807,1,1
452192,Paul Grave,24/25,2025,1,0.75359,1,0
929748,Marco Oliva,24/25,2025,1,0.753544,1,0
932763,Alessandro Di Bitonto,24/25,2025,1,0.75341594,1,0
667997,Bilal Ouacharaf,24/25,2025,1,0.7532924,1,0
89708,Junior Fernandes,24/25,2025,1,0.7532334,1,0
423196,Gabriele Fumanti,24/25,2025,1,0.75312734,1,0
954016,Edoardo Scquizzato,24/25,2025,0,0.7530638,1,1
993666,Mouhamed Diallo,24/25,2025,0,0.752995,1,1
713633,Raúl Castro,24/25,2025,0,0.75282687,1,1
947432,Marcos Fernández,24/25,2025,0,0.7528037,1,1
468314,Caio Lopes,24/25,2025,1,0.7527627,1,0
597201,Rúben Pereira,24/25,2025,1,0.75273186,1,0
293202,Jordi Aláez,24/25,2025,1,0.75268966,1,0
818586,Alessandro Carnevale,24/25,2025,0,0.752683,1,1
816789,Mattia Ortelli,24/25,2025,0,0.75234884,1,1
466812,Nils Mortimer,24/25,2025,0,0.75234175,1,1
837890,Federico Ficini,24/25,2025,1,0.7523055,1,0
911126,Cristian Pecci,24/25,2025,0,0.75227845,1,1
210683,Juanma Acevedo,24/25,2025,1,0.75209606,1,0
377042,Michael Folorunsho,24/25,2025,1,0.7520435,1,0
820685,Alessandro Marcucci,24/25,2025,1,0.751859,1,0
199330,Antonio Cotán,24/25,2025,1,0.7515658,1,0
168245,Giordano Pantano,24/25,2025,1,0.7515193,1,0
624347,Nikola Janjic,24/25,2025,1,0.751499,1,0
647392,Scott Smith,24/25,2025,1,0.7512591,1,0
1234011,Gabriele Casazza,24/25,2025,1,0.7512175,1,0
240197,Isaac Donkor,24/25,2025,1,0.75061077,1,0
1278511,Emanuele Lo Zito,24/25,2025,0,0.75056773,1,1
635944,Nico Conesa,24/25,2025,1,0.7504063,1,0
949343,Davide Avdullari,24/25,2025,1,0.7501327,1,0
602549,Elydjah Mendy,24/25,2025,1,0.7500828,1,0
814982,Marc Enke,24/25,2025,1,0.7500593,1,0
167810,Riccardo Chiarello,24/25,2025,1,0.75002795,1,0
1114719,Mario Cantero,24/25,2025,0,0.7500018,1,1
808651,Emirhan Acar,24/25,2025,1,0.7499256,1,0
634928,Paul Álvarez,24/25,2025,0,0.7499163,1,1
558727,Muhammed Gümüşkaya,24/25,2025,1,0.74976623,1,0
317742,Nils Lihsek,24/25,2025,1,0.7497508,1,0
626962,Ewan Urain,24/25,2025,1,0.7495541,1,0
481692,Georgios Vrakas,24/25,2025,1,0.74955094,1,0
501165,Sámuel Major,24/25,2025,1,0.7495402,1,0
648520,Alex Vigo,24/25,2025,0,0.7494748,1,1
375770,Gabriel Souza,24/25,2025,0,0.7493337,1,1
251432,Enock Barwuah,24/25,2025,1,0.74933,1,0
156887,Álvaro Peña,24/25,2025,1,0.7493258,1,0
1143097,Piet Scobel,24/25,2025,1,0.7492793,1,0
153754,Hasan Kılıç,24/25,2025,1,0.7492707,1,0
263066,Francis Ferrón,24/25,2025,1,0.74925494,1,0
655629,Fotis Pseftis,24/25,2025,0,0.7492487,1,1
465255,Tommaso Gentile,24/25,2025,1,0.7492147,1,0
584809,Ivan Durdov,24/25,2025,0,0.74901915,1,1
634116,Yoel Ramírez,24/25,2025,1,0.7488827,1,0
204180,Atabey Çiçek,24/25,2025,0,0.74874145,1,1
461505,Ricardo Silva,24/25,2025,1,0.7487408,1,0
1186672,Valerio Bertucci,24/25,2025,1,0.74868166,1,0
590204,Athanasios Leonidopoulos,24/25,2025,1,0.74857444,1,0
341647,Cengiz Ünder,24/25,2025,1,0.74836844,1,0
247672,Rodrigo Gómez,24/25,2025,0,0.74832046,1,1
542741,Sunday Adetunji,24/25,2025,1,0.74828774,1,0
564305,Michel Adopo,24/25,2025,1,0.7481112,1,0
1132749,Alex Sánchez,24/25,2025,0,0.7480887,1,1
971775,Kikín,24/25,2025,0,0.74803555,1,1
162959,Daniele Rugani,24/25,2025,0,0.747655,1,1
947689,Aseel Al-Harbi,24/25,2025,1,0.7474446,1,0
197468,Davide Agazzi,24/25,2025,0,0.7474171,1,1
604105,Ole Hoch,24/25,2025,1,0.74740535,1,0
601893,Karl Albers,24/25,2025,1,0.7473923,1,0
589096,Khalid Mohammed,24/25,2025,1,0.7472468,1,0
504398,Sergio Montero,24/25,2025,1,0.7471839,1,0
444208,Michael Obafemi,24/25,2025,1,0.747155,1,0
391672,Elias Kratzer,24/25,2025,1,0.74705845,1,0
396172,Miki Muñoz,24/25,2025,0,0.7469409,1,1
487840,Andrea Viviani,24/25,2025,1,0.74685943,1,0
988300,Marwan Chafaa,24/25,2025,1,0.7468382,1,0
634452,Pablo García,24/25,2025,1,0.7468177,1,0
698540,Matija Gluscevic,24/25,2025,1,0.74679357,1,0
291399,Nanu,24/25,2025,1,0.7467427,1,0
635318,Juanpa Palomares,24/25,2025,1,0.74664533,1,0
634429,Iker Piedra,24/25,2025,1,0.74622005,1,0
1056096,Eghosa Bello,24/25,2025,1,0.7461141,1,0
270988,Ben Purrington,24/25,2025,1,0.7461039,1,0
267093,Milos Milovic,24/25,2025,1,0.74589676,1,0
810888,Ken Tchouangue,24/25,2025,1,0.7457471,1,0
1175271,Francesco Fazio,24/25,2025,1,0.7457169,1,0
145303,Mirko Giacobbe,24/25,2025,0,0.7456077,1,1
262391,Lluís López,24/25,2025,1,0.7455968,1,0
304319,Milos Zukanovic,24/25,2025,1,0.74557704,1,0
430310,Andrew Irving,24/25,2025,0,0.7455713,1,1
1045438,Safyan Toure,24/25,2025,1,0.7454827,1,0
794777,Nicolas Milanovic,24/25,2025,1,0.7453231,1,0
631050,Alfonso Liceras,24/25,2025,0,0.7453162,1,1
789722,Feritali Erdem,24/25,2025,1,0.7452248,1,0
1186670,Riccardo Yanovskyi,24/25,2025,1,0.7451962,1,0
614195,Dani Plomer,24/25,2025,1,0.7449878,1,0
635940,Guille Bernabeu,24/25,2025,1,0.7448154,1,0
390638,Arthur Cabral,24/25,2025,1,0.74475896,1,0
624870,Ed Carlos,24/25,2025,1,0.74472636,1,0
120029,Džiugas Bartkus,24/25,2025,1,0.7446417,1,0
938678,Leonardo Mendicino,24/25,2025,1,0.7446392,1,0
628052,Martin Petkov,24/25,2025,1,0.7445821,1,0
228386,Joseph Boyamba,24/25,2025,1,0.74457103,1,0
386577,Federico Mastropietro,24/25,2025,1,0.74451417,1,0
741098,César Yanis,24/25,2025,0,0.7445047,1,1
706017,Riccardo Sganzerla,24/25,2025,0,0.7444633,1,1
222007,Bernard Kyere,24/25,2025,1,0.74445117,1,0
1123059,Pochito,24/25,2025,1,0.744418,1,0
230210,Lolo Plá,24/25,2025,1,0.7443845,1,0
182446,Zinho Gano,24/25,2025,1,0.7443198,1,0
371142,Myziane Maolida,24/25,2025,0,0.7442647,1,1
188640,Augustine Okrah,24/25,2025,0,0.74420404,1,1
914853,Spyros Angelidis,24/25,2025,1,0.7439919,1,0
931961,Onur Kaplan,24/25,2025,0,0.7439527,1,1
440879,Stefano Tuzza,24/25,2025,0,0.7438554,1,1
1049439,Alessio Porzio,24/25,2025,0,0.7437736,1,1
141654,Michele Fornasier,24/25,2025,0,0.74374133,1,1
227314,Nelson Bonilla,24/25,2025,1,0.7436506,1,0
1176418,Owen Stirton,24/25,2025,1,0.74361104,1,0
931938,Dimitrios Grammenos,24/25,2025,1,0.7435803,1,0
1036533,Matteo Cabella,24/25,2025,0,0.7435259,1,1
647955,Quadri Liameed,24/25,2025,1,0.74343115,1,0
1257776,Javi Tejedor,24/25,2025,0,0.743407,1,1
905011,Ibrahim Maza,24/25,2025,1,0.74333787,1,0
381348,Daniel Mancini,24/25,2025,0,0.7432882,1,1
929742,Marco Nazzaro,24/25,2025,1,0.74325615,1,0
1188586,Alessandro Rossi,24/25,2025,1,0.7432143,1,0
1057318,Samuele Giallombardo,24/25,2025,0,0.74313617,1,1
798371,Olamide Ibrahim,24/25,2025,1,0.7431015,1,0
715683,Naim García,24/25,2025,0,0.7430944,1,1
640492,Faissal Zangré,24/25,2025,1,0.7430843,1,0
1196322,Riccardo Pasquetto,24/25,2025,0,0.74308425,1,1
964590,Kaique Pereira,24/25,2025,1,0.74303585,1,0
938726,Miguel Barandalla,24/25,2025,0,0.74293005,1,1
704469,Vincenzo Galletta,24/25,2025,1,0.74288726,1,0
344806,Lubomir Tupta,24/25,2025,1,0.74285054,1,0
289149,Nicolás Orsini,24/25,2025,0,0.7427771,1,1
527791,Jack Sparkes,24/25,2025,1,0.7427531,1,0
199633,Raman Chibsah,24/25,2025,1,0.74264383,1,0
746553,Reyes Cleary,24/25,2025,1,0.7423307,1,0
1066452,Mattia Mascella,24/25,2025,0,0.74216175,1,1
726120,Simon Simoni,24/25,2025,0,0.74216133,1,1
483104,Soufiane Lagzir,24/25,2025,1,0.7421613,1,0
461727,Francesco Palermo,24/25,2025,1,0.7420207,1,0
720984,Márk Helembai,24/25,2025,1,0.74136513,1,0
503975,Joe Hodge,24/25,2025,1,0.74134034,1,0
1025744,Rafael Vlăsceanu,24/25,2025,1,0.7412274,1,0
346629,Isi Manellari,24/25,2025,1,0.74112207,1,0
503291,Rayan Ghrieb,24/25,2025,1,0.741054,1,0
802949,Nicolas Perotta,24/25,2025,1,0.7408627,1,0
584546,Rodri Hernando,24/25,2025,0,0.7407734,1,1
1082519,Charlys,24/25,2025,1,0.7407626,1,0
692207,Dani Cervera,24/25,2025,1,0.7407243,1,0
433183,Tommy Doyle,24/25,2025,1,0.74065185,1,0
311435,Ferni,24/25,2025,1,0.74045056,1,0
1070284,Emerick Lopes,24/25,2025,1,0.74032944,1,0
264848,Rúben Lameiras,24/25,2025,0,0.740125,1,1
89368,Borja García,24/25,2025,0,0.7399865,1,1
331501,Erick Ferigra,24/25,2025,1,0.7398583,1,0
1111776,Ibou Sané,24/25,2025,0,0.73974466,1,1
734426,Lewis Shipley,24/25,2025,1,0.73972124,1,0
936508,Federico Demo,24/25,2025,0,0.73957765,1,1
196050,Jeremias Lorch,24/25,2025,1,0.7390728,1,0
947447,David Conejero,24/25,2025,1,0.73892814,1,0
1052854,Axl Van Himbeeck,24/25,2025,0,0.73860675,1,1
663940,Riccardo Tomella,24/25,2025,0,0.73858225,1,1
686972,Francesco Saverino,24/25,2025,1,0.7384018,1,0
431581,Edoardo Duca,24/25,2025,1,0.7383981,1,0
1174855,Dominik Hegedus,24/25,2025,0,0.7380642,1,1
596884,Adrián Butzke,24/25,2025,1,0.7379561,1,0
256118,Saber Hraiech,24/25,2025,1,0.7379127,1,0
629383,Dani Garrido,24/25,2025,1,0.737893,1,0
1195327,Shayibu Abubakari,24/25,2025,1,0.7377335,1,0
803377,Fromsa,24/25,2025,1,0.7377189,1,0
912509,Jamal Rogero,24/25,2025,1,0.7376882,1,0
409550,Andrea Giusti,24/25,2025,1,0.73767954,1,0
723667,Brahima Diarra,24/25,2025,0,0.73763394,1,1
621910,Apostolos Tsilingiris,24/25,2025,1,0.73755175,1,0
729155,Eren Öztürk,24/25,2025,1,0.7375009,1,0
357163,Filipe Soares,24/25,2025,1,0.7373867,1,0
287327,Matteo Pautassi,24/25,2025,0,0.737371,1,1
953514,Jeremy Rebibo,24/25,2025,0,0.73729104,1,1
1027170,Adam Horvat,24/25,2025,0,0.73713094,1,1
332823,Adrian Justinussen,24/25,2025,0,0.7370184,1,1
537375,Simo Bouzaidi,24/25,2025,1,0.7369793,1,0
168452,Gabriele Zerbo,24/25,2025,1,0.7369596,1,0
691678,Tommaso Fumagalli,24/25,2025,1,0.73690766,1,0
973690,Luca Lohr,24/25,2025,1,0.73689747,1,0
1310864,Riccardo Iacoponi,24/25,2025,1,0.7368713,1,0
687464,Franko Sabljic,24/25,2025,1,0.73684585,1,0
577590,Pedro Brazão,24/25,2025,0,0.7368387,1,1
440737,Nemanja Tosic,24/25,2025,0,0.7365511,1,1
674136,Joel Senior,24/25,2025,0,0.736373,1,1
798419,Ferdinand Scholl,24/25,2025,1,0.7361226,1,0
439828,Cristian Pădurariu,24/25,2025,0,0.7361067,1,1
510329,Hugo Rama,24/25,2025,1,0.73595506,1,0
817523,André Lopes,24/25,2025,1,0.73589957,1,0
551686,Khalid Muneer,24/25,2025,0,0.7358835,1,1
729937,Marco Teraschi,24/25,2025,1,0.7357216,1,0
130484,Marco Cuomo,24/25,2025,0,0.73571515,1,1
234006,Keagan Dolly,24/25,2025,1,0.73566556,1,0
1308600,Alessandro Bonora,24/25,2025,1,0.73562366,1,0
340425,Zan Medved,24/25,2025,1,0.7355146,1,0
1070312,Nathan Tronchet,24/25,2025,1,0.73529655,1,0
700503,Santiago Naveda,24/25,2025,0,0.7352674,1,1
875294,Konstantinos Goumas,24/25,2025,1,0.7352451,1,0
818960,Filippo Pinton,24/25,2025,1,0.73508584,1,0
875208,Johnny Kenny,24/25,2025,0,0.7350818,1,1
117518,Aykut Özer,24/25,2025,1,0.7349293,1,0
947440,Gabriel Ramis,24/25,2025,0,0.73487496,1,1
421927,Adrian Rus,24/25,2025,1,0.73485184,1,0
287764,Luca Procacci,24/25,2025,0,0.73478377,1,1
203167,Dimitrios Popovic,24/25,2025,0,0.73474866,1,1
724783,Tawanda Chirewa,24/25,2025,0,0.73460567,1,1
825731,Jean-Calvin Mbanga,24/25,2025,1,0.73460543,1,0
294534,Janni Serra,24/25,2025,0,0.73459274,1,1
1063333,Jorge Cabello,24/25,2025,0,0.7344233,1,1
396158,Carlos Cobo,24/25,2025,1,0.7344025,1,0
375857,Kristijan Bistrovic,24/25,2025,1,0.73419213,1,0
948047,Francesco Plaia,24/25,2025,1,0.73415446,1,0
1191677,András Perczel,24/25,2025,1,0.73409384,1,0
1053214,Alessandro De Luca,24/25,2025,1,0.7336903,1,0
530927,Silvian Matei,24/25,2025,1,0.73367316,1,0
1064601,Edu Llorente,24/25,2025,1,0.7335736,1,0
927263,Riccardo Campedelli,24/25,2025,1,0.7335163,1,0
935229,Marvel,24/25,2025,1,0.7332631,1,0
537367,Alfonso Pastor,24/25,2025,1,0.733113,1,0
813057,Lorenzo Busato,24/25,2025,1,0.7330782,1,0
430764,Alberto Senese,24/25,2025,1,0.73298204,1,0
816012,Gino Costanzo,24/25,2025,0,0.7329703,1,1
818381,Mark-Emilio Papazov,24/25,2025,0,0.7328463,1,1
551147,Clench Loufilou,24/25,2025,0,0.73270446,1,1
610572,Ronald Gbizie,24/25,2025,1,0.7324652,1,0
1056315,Davide Lazzaro,24/25,2025,1,0.7324503,1,0
815567,Andrea Mazza,24/25,2025,1,0.7322461,1,0
314367,Marcus Edwards,24/25,2025,1,0.7321463,1,0
379980,Meritan Shabani,24/25,2025,1,0.73211753,1,0
349570,Diney Borges,24/25,2025,0,0.7321109,1,1
435665,Vladyslav Khomutov,24/25,2025,1,0.73206323,1,0
627408,Edwin Rodríguez,24/25,2025,0,0.7317199,1,1
341717,Miguel Acosta,24/25,2025,1,0.73170006,1,0
542570,Roberto Pierno,24/25,2025,1,0.73161465,1,0
654511,Yuya Yoshimura,24/25,2025,1,0.731581,1,0
669933,Jonata Machado,24/25,2025,1,0.7315168,1,0
902125,Ziad Ouled-Haj-M'hand,24/25,2025,1,0.7313231,1,0
1056213,Orazio Pazienza,24/25,2025,0,0.7311678,1,1
610370,Fran Pérez,24/25,2025,1,0.7311135,1,0
935088,Dani García,24/25,2025,1,0.73105234,1,0
591375,Stiven Plaza,24/25,2025,1,0.7310082,1,0
76569,Kerim Avcı,24/25,2025,1,0.7309418,1,0
239584,Matteo Gerbaudo,24/25,2025,1,0.73078775,1,0
408307,Francesco Delcarro,24/25,2025,1,0.73067427,1,0
284737,Törles Knöll,24/25,2025,0,0.7306517,1,1
924759,Luca Lechner,24/25,2025,1,0.730583,1,0
629718,Akileu Ndreca,24/25,2025,1,0.7304958,1,0
661157,Marcel Ruszel,24/25,2025,1,0.7304678,1,0
1091219,Abdoulaye Kanté,24/25,2025,1,0.7304613,1,0
1168427,Alberto Locati,24/25,2025,1,0.7303806,1,0
237029,Marcell Sobotta,24/25,2025,1,0.73031753,1,0
491026,Alexander Satariano,24/25,2025,1,0.7302383,1,0
412959,Marouan Azarkan,24/25,2025,0,0.7301952,1,1
814966,Agustín Sienra,24/25,2025,1,0.7301573,1,0
976219,Lorenzo Carfora,24/25,2025,0,0.7301449,1,1
842764,Moudjatovic,24/25,2025,0,0.7300978,1,1
420465,Tiago Djaló,24/25,2025,1,0.73009574,1,0
1064546,Andres Labie,24/25,2025,1,0.7300479,1,0
247366,Marcos Mauro,24/25,2025,0,0.7300235,1,1
589753,Ilija Masic,24/25,2025,0,0.730003,1,1
910615,Francesco Pistolesi,24/25,2025,1,0.72999305,1,0
847579,Isaac Heath,24/25,2025,1,0.7298418,1,0
667050,Dino Mehić,24/25,2025,1,0.72984093,1,0
1013106,Guillem Terma,24/25,2025,1,0.7298047,1,0
695506,Francisco Varela,24/25,2025,1,0.72969496,1,0
949472,Fabricio,24/25,2025,1,0.72967255,1,0
98854,Leonardo Pérez,24/25,2025,0,0.7296659,1,1
1078990,Markel Arana,24/25,2025,1,0.729452,1,0
669517,David Ruiz,24/25,2025,1,0.7293576,1,0
986231,Elia Caneva,24/25,2025,1,0.72933954,1,0
910777,Aseel Abed,24/25,2025,1,0.72932714,1,0
468549,Tamir Glazer,24/25,2025,1,0.7290914,1,0
333003,Antonio Sepe,24/25,2025,1,0.7290824,1,0
343536,Ikhsan Fandi,24/25,2025,1,0.7290275,1,0
834485,Unai Egiluz,24/25,2025,0,0.72891283,1,1
818898,Federico Magro,24/25,2025,1,0.7288401,1,0
254280,Reuben Acquah,24/25,2025,1,0.7287817,1,0
1057054,Riccardo Barbana,24/25,2025,1,0.72873396,1,0
201734,Mamadou Kanoute,24/25,2025,0,0.72863925,1,1
391401,Fisnik Zuka,24/25,2025,1,0.7285473,1,0
417516,Francesco Gobbi,24/25,2025,0,0.7284238,1,1
909270,Denis Dinev,24/25,2025,1,0.72840226,1,0
446211,Morros,24/25,2025,1,0.7283732,1,0
673830,Luis Phelipe,24/25,2025,0,0.72824407,1,1
354702,Jassim Al-Jalabi,24/25,2025,1,0.72823435,1,0
440880,Simone Menabò,24/25,2025,1,0.7281906,1,0
1020226,Luka Callø,24/25,2025,1,0.7281728,1,0
605242,Monju Momuluh,24/25,2025,1,0.72814727,1,0
610484,Adel Bettaieb,24/25,2025,1,0.7281229,1,0
887738,Zylyf Muça,24/25,2025,1,0.72795606,1,0
85908,Luca Dürholtz,24/25,2025,1,0.7279014,1,0
926931,Emanuel Marincău,24/25,2025,1,0.72790116,1,0
888293,Carlos Mattheus,24/25,2025,1,0.7277977,1,0
705881,Mikel Serrano,24/25,2025,1,0.72747785,1,0
922907,Marek Jaron,24/25,2025,1,0.72730726,1,0
804906,Sebastiaan Hagedoorn,24/25,2025,0,0.7268663,1,1
726670,Simon Micuda,24/25,2025,1,0.7268032,1,0
341317,Oliver Burke,24/25,2025,1,0.72669727,1,0
562421,Onni Tiihonen,24/25,2025,0,0.7266029,1,1
517379,Housseine Zakouani,24/25,2025,1,0.72658974,1,0
592925,András Huszti,24/25,2025,1,0.7265313,1,0
1307101,Andrea Cirillo,24/25,2025,1,0.7264732,1,0
424736,Can Karatas,24/25,2025,1,0.72639257,1,0
935457,Salim El Jebari,24/25,2025,1,0.72637254,1,0
461726,Alessandro Martina,24/25,2025,1,0.72633076,1,0
891439,Javier Duce,24/25,2025,0,0.7263257,1,1
411544,Sherwin Seedorf,24/25,2025,1,0.72618103,1,0
109816,Roland Vólent,24/25,2025,0,0.72616917,1,1
733235,Goma,24/25,2025,0,0.7261324,1,1
598486,Mário Balbúrdia,24/25,2025,0,0.7260806,1,1
342876,Didier Desprez,24/25,2025,1,0.7260029,1,0
337922,Esteban Burgos,24/25,2025,0,0.7258146,1,1
555719,Ali Akman,24/25,2025,1,0.72580755,1,0
660544,Marcel Ratnik,24/25,2025,1,0.7255517,1,0
670683,Hugo Félix,24/25,2025,1,0.7253656,1,0
319202,Radu Boboc,24/25,2025,1,0.7253252,1,0
199303,Paolo Valagussa,24/25,2025,1,0.7252694,1,0
385923,Brandon Wilson,24/25,2025,0,0.725221,1,1
411838,Bruno Viana,24/25,2025,1,0.72520345,1,0
883346,Tommaso Ricordi,24/25,2025,1,0.7252027,1,0
857297,Ignacio Guerrico,24/25,2025,0,0.72517896,1,1
434981,Toyosi Olusanya,24/25,2025,1,0.7250308,1,0
285591,Luca Guadalupi,24/25,2025,1,0.7249283,1,0
895946,Giovanni Perini,24/25,2025,1,0.72492766,1,0
651843,Nick Perc,24/25,2025,0,0.7249175,1,1
89650,Johannes Geis,24/25,2025,1,0.72485334,1,0
390079,Milos Drincic,24/25,2025,1,0.7248455,1,0
911990,Ilyes Hamache,24/25,2025,1,0.7245122,1,0
657446,Bernardo Couto,24/25,2025,0,0.7244862,1,1
997478,Othniël Raterink,24/25,2025,1,0.7243435,1,0
766580,Jacobo Guzmán,24/25,2025,1,0.72412217,1,0
316937,Michele Spinelli,24/25,2025,1,0.7241022,1,0
1055864,Simone Verdosci,24/25,2025,1,0.72408724,1,0
669310,Danylo Goncharuk,24/25,2025,0,0.72405493,1,1
628612,Aleix Roig,24/25,2025,1,0.7239795,1,0
679680,Julian Bell,24/25,2025,1,0.7238834,1,0
341093,Filippo Boccardi,24/25,2025,1,0.7238182,1,0
1065779,Raúl Sanchís,24/25,2025,1,0.72375417,1,0
339235,Tom McIntyre,24/25,2025,1,0.7236161,1,0
930377,Omar Sillah,24/25,2025,1,0.7236107,1,0
696164,Tim Oermann,24/25,2025,1,0.72355324,1,0
924901,Halid Djankpata,24/25,2025,1,0.72342163,1,0
328850,Giorgio Recino,24/25,2025,1,0.72337174,1,0
872176,Matija Krivokapic,24/25,2025,1,0.7230665,1,0
249157,Fredrik Jensen,24/25,2025,1,0.72301644,1,0
895560,Manuel Esposito,24/25,2025,0,0.7228829,1,1
115763,Koray Günter,24/25,2025,1,0.72272867,1,0
1048337,Foster Gyamfi,24/25,2025,0,0.7227242,1,1
511878,Agapios Vrikkis,24/25,2025,1,0.72268605,1,0
938677,Tommaso Mancioppi,24/25,2025,0,0.7225555,1,1
712042,Jacopo Ricco,24/25,2025,1,0.72252524,1,0
1105550,Moussa Seck Ndoye,24/25,2025,1,0.722474,1,0
936753,Pietro Comi,24/25,2025,0,0.7223323,1,1
994017,Mirco Moretti,24/25,2025,1,0.722192,1,0
455340,Jonatan González,24/25,2025,0,0.7219235,1,1
289156,Julius Szöke,24/25,2025,1,0.72177285,1,0
917781,Matti Wagner,24/25,2025,1,0.7217038,1,0
1065266,Ander Ibáñez,24/25,2025,1,0.721622,1,0
504064,Alexander Torvund,24/25,2025,1,0.72155416,1,0
737256,Manuel Botta,24/25,2025,1,0.7214702,1,0
542697,Rasmus Carstensen,24/25,2025,1,0.72144425,1,0
504084,Tiago Ribeiro,24/25,2025,0,0.7213564,1,1
1059772,Mattia Parente,24/25,2025,1,0.72116923,1,0
576028,Thiago Almada,24/25,2025,1,0.7207912,1,0
526784,Amadou Ciss,24/25,2025,1,0.72077614,1,0
373876,Robert Ivanov,24/25,2025,1,0.72062016,1,0
961902,Neco Celorio,24/25,2025,1,0.72057915,1,0
875328,Biel,24/25,2025,1,0.7205393,1,0
806955,Dario Sits,24/25,2025,1,0.7204983,1,0
1032447,Julio Cabrera,24/25,2025,0,0.720486,1,1
837205,Franco Ravizzoli,24/25,2025,1,0.720465,1,0
241378,Jordy Bruijn,24/25,2025,1,0.7202425,1,0
794115,Che Krabbendam,24/25,2025,1,0.7200891,1,0
876626,Finn Delap,24/25,2025,0,0.7199989,1,1
246836,Momcilo Raspopovic,24/25,2025,1,0.71981335,1,0
832977,Juan Cruz Guasone,24/25,2025,0,0.7195709,1,1
351792,David Tijanic,24/25,2025,1,0.7195591,1,0
388537,Nikolay Prudnikov,24/25,2025,0,0.71954155,1,1
247813,Anthony Okpotu,24/25,2025,1,0.7194663,1,0
623718,Konstantinos Roukounakis,24/25,2025,1,0.7194533,1,0
872090,Mouhcine Bouriga,24/25,2025,1,0.71945196,1,0
336830,Jaime Santos,24/25,2025,1,0.71941525,1,0
550580,Shuto Machino,24/25,2025,1,0.7193171,1,0
234787,Lucas João,24/25,2025,1,0.7190235,1,0
660768,Max Thompson,24/25,2025,0,0.71891683,1,1
249963,Adriano Schmidt,24/25,2025,1,0.7187821,1,0
662327,Diego Rosa,24/25,2025,1,0.7187795,1,0
987811,Ifeanyi David Nduka,24/25,2025,1,0.71877503,1,0
536341,Diego Stramaccioni,24/25,2025,1,0.7187147,1,0
820723,Jan Urbich,24/25,2025,1,0.7187047,1,0
691486,Filippo Di Natale,24/25,2025,1,0.71857727,1,0
778847,Alberto Trapero,24/25,2025,1,0.7185671,1,0
907634,Jacopo Cerasani,24/25,2025,1,0.71852684,1,0
933253,Bernie Lennemann,24/25,2025,0,0.71852225,1,1
256682,Filippo Boccardi,24/25,2025,1,0.7185045,1,0
631068,Mike Cevallos,24/25,2025,1,0.71832347,1,0
255933,Michael Seaton,24/25,2025,1,0.7182382,1,0
866916,Tom Negrel,24/25,2025,0,0.7180608,1,1
241402,Rewan Amin,24/25,2025,0,0.71797854,1,1
936689,Davide Collu,24/25,2025,1,0.71795017,1,0
364233,Sidy Sarr,24/25,2025,1,0.71793056,1,0
373374,Brian Mansilla,24/25,2025,1,0.71768564,1,0
933059,Tommaso Raineri,24/25,2025,1,0.71759176,1,0
417575,Uros Racic,24/25,2025,1,0.71757734,1,0
823331,Luca Gozzo,24/25,2025,0,0.717426,1,1
804711,Ousmane Camara,24/25,2025,0,0.7173259,1,1
282799,Kaloudis Lemonis,24/25,2025,1,0.7172936,1,0
738112,Luca Moro,24/25,2025,0,0.7171428,1,1
1234292,Vincenzo Arzillo,24/25,2025,1,0.7171386,1,0
128676,Gonzalo Llerena,24/25,2025,0,0.7170697,1,1
893304,Xavi Bauzà,24/25,2025,0,0.7168987,1,1
227347,Valentin Antov,24/25,2025,0,0.71688426,1,1
602156,Guillem Molina,24/25,2025,1,0.7167722,1,0
944738,Cristian Antonciuc,24/25,2025,0,0.7167322,1,1
1015624,Óscar Perea,24/25,2025,1,0.716558,1,0
1184961,Filippo Piva,24/25,2025,1,0.7164603,1,0
183538,Ivan Goranov,24/25,2025,1,0.7163801,1,0
1056968,David Arredondo,24/25,2025,0,0.7162828,1,1
1049833,Simone Mascheroni,24/25,2025,1,0.7161878,1,0
812987,Nick Meier,24/25,2025,1,0.716174,1,0
1055082,Andrea Oliviero,24/25,2025,0,0.7160898,1,1
847217,Alberto Spina,24/25,2025,0,0.715795,1,1
1218877,Mustafa Owaid,24/25,2025,1,0.7157595,1,0
293228,Dario Saric,24/25,2025,1,0.7156689,1,0
680322,Samuel Nnoshiri,24/25,2025,1,0.7155363,1,0
354772,Michaell Chirinos,24/25,2025,0,0.71551895,1,1
679217,Dion Dërmaku,24/25,2025,1,0.71524936,1,0
267431,Fabián Noguera,24/25,2025,1,0.7151658,1,0
1056392,Jakub Greliak,24/25,2025,1,0.7151262,1,0
343094,Martin Palincsár,24/25,2025,1,0.7150294,1,0
1055933,Daniel Babaj,24/25,2025,1,0.71497506,1,0
234189,Trezeguet,24/25,2025,1,0.71488076,1,0
614228,Jaume Villar,24/25,2025,0,0.71487045,1,1
342240,Thijmen Goppel,24/25,2025,1,0.71482766,1,0
70245,Ignasi Miquel,24/25,2025,1,0.7147852,1,0
358512,Ibrahima Conté,24/25,2025,1,0.7146681,1,0
237923,Sotiris Tsiloulis,24/25,2025,1,0.7146498,1,0
707785,Guglielmo Mignani,24/25,2025,1,0.7145934,1,0
1076073,Américo Neves,24/25,2025,1,0.71455824,1,0
1348532,Juanma Cordero,24/25,2025,0,0.71446025,1,1
600823,Daniele Favale,24/25,2025,1,0.7141881,1,0
949961,Bas Huisman,24/25,2025,1,0.71412957,1,0
267035,Jannes Vollert,24/25,2025,0,0.7140658,1,1
1135091,Victor Rodriguez,24/25,2025,1,0.7139226,1,0
818083,Rodrigo Guedes,24/25,2025,1,0.7138298,1,0
932733,Leonardo Baroncelli,24/25,2025,1,0.71382725,1,0
696346,Jay Stansfield,24/25,2025,0,0.7138151,1,1
184573,Victor Lindelöf,24/25,2025,1,0.71377915,1,0
1056223,Andreas Chatzinikolaou,24/25,2025,0,0.7137591,1,1
384761,Leonardo Sequeira,24/25,2025,0,0.7137295,1,1
428746,Eric Ramírez,24/25,2025,1,0.7137224,1,0
524924,Mattia Trinchera,24/25,2025,0,0.71371126,1,1
960941,Jacopo Bacci,24/25,2025,0,0.71363074,1,1
632498,Miguelito,24/25,2025,0,0.7136206,1,1
345748,Andreas Bruus,24/25,2025,1,0.713597,1,0
670711,Diogo Pinto,24/25,2025,1,0.713469,1,0
1185116,Zalán Gregor,24/25,2025,1,0.71338886,1,0
634290,Abraham Bahachille,24/25,2025,1,0.7132198,1,0
289583,Antoine Lejoly,24/25,2025,1,0.7129677,1,0
178459,Davie Selke,24/25,2025,1,0.712906,1,0
400644,Jeredy Hilterman,24/25,2025,0,0.712827,1,1
237669,Dereck Kutesa,24/25,2025,1,0.7125079,1,0
610690,Oliver Wright,24/25,2025,1,0.7123896,1,0
636302,Jordi Pola,24/25,2025,0,0.7123276,1,1
724107,Luca Di Maggio,24/25,2025,1,0.7123044,1,0
559805,Matthew Turner,24/25,2025,0,0.71206117,1,1
941883,Martín Tejón,24/25,2025,1,0.712027,1,0
396115,Eliseo Falcón,24/25,2025,1,0.7119658,1,0
320426,Andrea Gulli,24/25,2025,1,0.71192414,1,0
1068110,Rabby Nzingoula,24/25,2025,0,0.7119097,1,1
158118,Tarkan Serbest,24/25,2025,0,0.71188486,1,1
646737,Marcos Denia,24/25,2025,1,0.7118628,1,0
935509,Gianluca Rossi,24/25,2025,1,0.7118338,1,0
645774,Eren Dinkçi,24/25,2025,0,0.71176577,1,1
810312,Juri Schüchter,24/25,2025,1,0.71173745,1,0
557264,Lorenzo Fino,24/25,2025,0,0.7117139,1,1
953857,Jesse Bal,24/25,2025,1,0.71165365,1,0
271622,Óttar Magnús Karlsson,24/25,2025,1,0.71152085,1,0
1012513,Gracien Deseri,24/25,2025,1,0.711415,1,0
198298,Carmine De Sena,24/25,2025,1,0.7113674,1,0
418208,Ionuț Rus,24/25,2025,0,0.71135837,1,1
888290,Iker Pedernales,24/25,2025,0,0.71120566,1,1
627228,Yan Couto,24/25,2025,1,0.7112024,1,0
380277,Santi Samanes,24/25,2025,1,0.71118057,1,0
1056144,Francesco Di Biagio,24/25,2025,1,0.71114045,1,0
706860,Mitchy Ntelo,24/25,2025,0,0.7108643,1,1
139781,Tom Bradshaw,24/25,2025,0,0.71063244,1,1
1164510,Gabriel Graziani,24/25,2025,1,0.71044165,1,0
1064538,Ali Houary,24/25,2025,1,0.710412,1,0
1054933,Daouda Doumbia,24/25,2025,1,0.7103721,1,0
466808,Jaume Cuéllar,24/25,2025,0,0.71031535,1,1
481623,João Ferreira,24/25,2025,1,0.71023154,1,0
855134,Skelly Alvero,24/25,2025,0,0.7101371,1,1
333498,Dino Halilovic,24/25,2025,1,0.71004766,1,0
1099652,Patrick Ouotro,24/25,2025,1,0.7100205,1,0
543539,Aly Soumah,24/25,2025,1,0.7099498,1,0
704553,Eugenio Pizzuto,24/25,2025,0,0.7099181,1,1
1051778,Simone Fiore,24/25,2025,1,0.70973235,1,0
1074917,Jonathan Silva,24/25,2025,1,0.70942086,1,0
520438,Abdelmounaim Boutouil,24/25,2025,1,0.70939404,1,0
1309281,Filippo Pedini,24/25,2025,0,0.7091159,1,1
824200,Franco de Jesús,24/25,2025,1,0.7090492,1,0
896014,Adrià Nicoli,24/25,2025,0,0.7090254,1,1
379224,Kevin Presa,24/25,2025,1,0.70888954,1,0
268175,Jordi Ortega,24/25,2025,0,0.70885855,1,1
198999,Paolo Ropolo,24/25,2025,1,0.708738,1,0
909482,Luke Kenny,24/25,2025,1,0.70870733,1,0
1299058,Joey Zwaan,24/25,2025,0,0.7086271,1,1
529826,Emanuele Cigagna,24/25,2025,0,0.7085501,1,1
1060196,Claudio Giardino,24/25,2025,1,0.70850134,1,0
818703,Elia Tantalocchi,24/25,2025,1,0.70844495,1,0
923915,Antal Yaakobishvili,24/25,2025,1,0.7084195,1,0
894688,Joshua Dudock,24/25,2025,1,0.70836455,1,0
635808,Georgios Stamoulis,24/25,2025,1,0.7080327,1,0
632497,Miquel Llabrés,24/25,2025,0,0.7079231,1,1
932740,Jonas Harder,24/25,2025,1,0.7077294,1,0
352832,Pepo,24/25,2025,0,0.70763856,1,1
936668,Federico Maffi,24/25,2025,1,0.70759684,1,0
182108,Seba Pérez,24/25,2025,1,0.707471,1,0
161251,Jorge Casado,24/25,2025,0,0.70744807,1,1
707107,Patricio Goglino,24/25,2025,1,0.70698696,1,0
803421,Max Conway,24/25,2025,0,0.7067934,1,1
549069,Diego Altube,24/25,2025,1,0.7065986,1,0
664708,Equi Fernández,24/25,2025,1,0.7065703,1,0
255359,Valeriy Gorbachik,24/25,2025,1,0.7061775,1,0
938452,Claudio Cristallo,24/25,2025,1,0.70597297,1,0
237732,Leandro Putaro,24/25,2025,1,0.7059152,1,0
419120,Paulo Vítor,24/25,2025,1,0.70588887,1,0
705517,Ilhan Fandi,24/25,2025,1,0.7057854,1,0
461903,João Silva,24/25,2025,0,0.70576876,1,1
390631,Tobias Gunte,24/25,2025,1,0.7057073,1,0
723733,Bernardo Folha,24/25,2025,0,0.7057039,1,1
834737,Adri Miranda,24/25,2025,1,0.7056923,1,0
1009618,Aljaz Strajnar,24/25,2025,1,0.70563996,1,0
632921,Mario Riquelme,24/25,2025,0,0.70536685,1,1
806168,Paul Joly,24/25,2025,1,0.7053632,1,0
617645,Luigi Gianfreda,24/25,2025,1,0.7053555,1,0
809180,Teddy Averlant,24/25,2025,1,0.70523113,1,0
956126,Ian Olivera,24/25,2025,1,0.705203,1,0
930766,Giuseppe Mazzola,24/25,2025,1,0.7051563,1,0
1031968,Carlos Arauz,24/25,2025,1,0.7050678,1,0
878507,Desmond Nketia,24/25,2025,1,0.70496726,1,0
884158,Saúl del Cerro,24/25,2025,0,0.7047579,1,1
392777,Jonathan Panzo,24/25,2025,1,0.70463264,1,0
520068,Petr Kudakovskiy,24/25,2025,1,0.7043613,1,0
533877,Martin Vanak,24/25,2025,1,0.70435154,1,0
478347,Marian Huja,24/25,2025,1,0.70425683,1,0
511023,Dani Gallardo,24/25,2025,0,0.7040963,1,1
634106,Urko Collado,24/25,2025,0,0.7040941,1,1
818909,Raffaele Lattuchella,24/25,2025,1,0.70407635,1,0
614500,Mattia Sangalli,24/25,2025,0,0.7039608,1,1
521475,Bryan Hein,24/25,2025,1,0.70375276,1,0
1125701,Yago Rodríguez,24/25,2025,0,0.7035985,1,1
724178,Luis Hasa,24/25,2025,1,0.7034697,1,0
743495,Nehemiah Fernandez,24/25,2025,1,0.7034023,1,0
929573,Joel Silva,24/25,2025,1,0.7032661,1,0
433257,Arvin Appiah,24/25,2025,1,0.70320326,1,0
164771,Jordan Veretout,24/25,2025,1,0.70317507,1,0
332593,Patrick Andrade,24/25,2025,1,0.7031209,1,0
282076,Ianis Hagi,24/25,2025,1,0.70307606,1,0
126118,Kamil Wiktorski,24/25,2025,1,0.70277244,1,0
62379,Cristian Pasquato,24/25,2025,0,0.70274085,1,1
158770,Mauro Quiroga,24/25,2025,0,0.7026891,1,1
897921,Lorenzo Menegazzo,24/25,2025,1,0.7026721,1,0
829736,Rico Wuttke,24/25,2025,1,0.7026057,1,0
1034123,Enrico Rovinelli,24/25,2025,0,0.70258766,1,1
276030,Artur Jorge,24/25,2025,1,0.7025007,1,0
941120,Yazid Joshan,24/25,2025,0,0.70247674,1,1
476024,Léo Abreu,24/25,2025,1,0.7024686,1,0
905949,Massil Adjaoudi,24/25,2025,0,0.70229197,1,1
946730,Klahos Zani,24/25,2025,1,0.7022812,1,0
1030197,Joel Skowronek,24/25,2025,1,0.70224,1,0
536703,Ivo Quaranta,24/25,2025,1,0.7022292,1,0
471135,Richard Krizan,24/25,2025,1,0.7022143,1,0
745596,Batuhan Yavuz,24/25,2025,0,0.70211726,1,1
160137,Tom Barkhuizen,24/25,2025,1,0.70209247,1,0
262521,Enrico Baldini,24/25,2025,1,0.7018653,1,0
358011,Giorgio Losa,24/25,2025,0,0.70174146,1,1
1053207,Curro Domínguez,24/25,2025,1,0.7014474,1,0
695877,Denis Ciobanu,24/25,2025,0,0.70133877,1,1
867042,Antoan Stoyanov,24/25,2025,1,0.7013127,1,0
394346,Emanuel Vignato,24/25,2025,1,0.70129406,1,0
818850,Bilario Azizi,24/25,2025,1,0.7011698,1,0
421869,Nicholas Rizzo,24/25,2025,1,0.70089346,1,0
672868,Pietro Giordani,24/25,2025,1,0.700665,1,0
1073051,Héctor Oliva,24/25,2025,1,0.7005536,1,0
276025,Rubio,24/25,2025,1,0.7005232,1,0
226026,Xandro Schenk,24/25,2025,1,0.70040476,1,0
496606,Dominick Zator,24/25,2025,1,0.7003452,1,0
633650,Leon King,24/25,2025,1,0.70024216,1,0
1056760,Michael Manuzzi,24/25,2025,1,0.7002201,1,0
624569,Samuel Attah Kumi,24/25,2025,0,0.70018965,1,1
459300,Axel Desjardins,24/25,2025,1,0.70018476,1,0
500624,Filippo Vandelli,24/25,2025,1,0.70000803,1,0
969346,Alex Hudok,24/25,2025,0,0.6998583,1,1
719723,Juan Aspra,24/25,2025,0,0.6995833,1,1
568153,Cristian Delgado,24/25,2025,0,0.6995825,1,1
388139,Mateo Topic,24/25,2025,0,0.6995403,1,1
638210,Mikel Zabala,24/25,2025,0,0.69941473,1,1
234286,Mihai Leca,24/25,2025,1,0.6992937,1,0
160740,Ben Halloran,24/25,2025,0,0.69927466,1,1
421118,Cris Montes,24/25,2025,1,0.69914293,1,0
1053571,Christian Cugnata,24/25,2025,1,0.69913083,1,0
341088,Jacopo Pagnini,24/25,2025,1,0.69912696,1,0
459637,Francesco Baschirotto,24/25,2025,1,0.6990319,1,0
394304,Manolo Portanova,24/25,2025,1,0.69899684,1,0
989819,Ivane Chegra,24/25,2025,1,0.6989814,1,0
510761,Bryan Barrios,24/25,2025,0,0.6988665,1,1
567196,Cristian Măgerușan,24/25,2025,1,0.6985788,1,0
1288196,Gabriel Cantonati,24/25,2025,1,0.6985627,1,0
806930,Kasper Kiilerich,24/25,2025,0,0.69846255,1,1
942497,Jahmai Simpson-Pusey,24/25,2025,1,0.6984556,1,0
331726,Tammy Abraham,24/25,2025,1,0.69838995,1,0
633649,Adam Devine,24/25,2025,1,0.69835657,1,0
936183,Christian Corradi,24/25,2025,1,0.6982906,1,0
636417,Konstantinos Dionellis,24/25,2025,1,0.6982523,1,0
993228,Josh Lock,24/25,2025,1,0.6982375,1,0
1172382,Francesco Limberti,24/25,2025,0,0.6981026,1,1
930586,Simone Milo,24/25,2025,1,0.6980308,1,0
931783,David Sellés,24/25,2025,1,0.69800115,1,0
321579,Jake Beesley,24/25,2025,1,0.6977995,1,0
738108,Samuele Zona,24/25,2025,1,0.6977986,1,0
205533,Damien Dussaut,24/25,2025,1,0.6977931,1,0
512127,Fabrício Isidoro,24/25,2025,1,0.6974187,1,0
710860,Leandro Alves,24/25,2025,0,0.6971228,1,1
1050650,Adam Mayor,24/25,2025,1,0.69711775,1,0
916165,Jan Stein,24/25,2025,1,0.6970716,1,0
713355,Samuel Calderoni,24/25,2025,1,0.69697523,1,0
357148,Diogo Queirós,24/25,2025,1,0.69693094,1,0
620764,Elvir Zukaj,24/25,2025,1,0.69667464,1,0
1031607,Nico Petras,24/25,2025,1,0.69654393,1,0
943161,Fatjon Bunjaku,24/25,2025,1,0.6963067,1,0
238639,Steve Mounié,24/25,2025,1,0.6962845,1,0
786686,Diego Gambale,24/25,2025,1,0.69622064,1,0
899542,Lorenzo Romani,24/25,2025,1,0.6961441,1,0
494282,Mees Kreekels,24/25,2025,1,0.6960779,1,0
278343,Felix Uduokhai,24/25,2025,1,0.69589025,1,0
824737,Mattia Aprea,24/25,2025,1,0.69585234,1,0
948606,Téo James Michel,24/25,2025,1,0.6958244,1,0
736340,Mattia Pretato,24/25,2025,0,0.6957342,1,1
1181800,Davide Lauritano,24/25,2025,1,0.6956643,1,0
90772,Cem Ekinci,24/25,2025,1,0.6956527,1,0
420886,Elisha Sam,24/25,2025,1,0.6956416,1,0
392563,Alessandro Di Munno,24/25,2025,1,0.69543725,1,0
1113024,Vasilije Markovic,24/25,2025,0,0.6953059,1,1
424709,Cheick Timite,24/25,2025,1,0.69528687,1,0
954687,Francesco Macchi,24/25,2025,1,0.6950344,1,0
682588,Mateo Mejía,24/25,2025,1,0.6949668,1,0
517729,Jaume Pascual,24/25,2025,1,0.69489753,1,0
967823,Adrián Bobi,24/25,2025,1,0.6948783,1,0
336070,Álvaro Casas,24/25,2025,1,0.69484144,1,0
479636,Henrique Jocú,24/25,2025,1,0.6948145,1,0
907633,Giorgio Citterio,24/25,2025,0,0.6947915,1,1
526873,Jake Eastwood,24/25,2025,1,0.6947074,1,0
1108584,Adam Rasheed,24/25,2025,0,0.6945089,1,1
401064,Alessandro Rossi,24/25,2025,1,0.69450855,1,0
405687,Tom Krauß,24/25,2025,1,0.694459,1,0
621195,Bas Van den Eynden,24/25,2025,1,0.69441825,1,0
947115,Xavi Grande,24/25,2025,1,0.69430315,1,0
240889,Anas Ouahim,24/25,2025,1,0.6942843,1,0
1052726,Edu Sánchez,24/25,2025,1,0.69425726,1,0
1058858,Andrea Di Siena,24/25,2025,0,0.6941585,1,1
636094,Javier Hermelo,24/25,2025,0,0.69414735,1,1
884850,Antonio Toral,24/25,2025,1,0.6940299,1,0
476101,Sergi Segura,24/25,2025,0,0.6939529,1,1
567479,Alberto Simoni,24/25,2025,1,0.6939222,1,0
1153922,Dylan Iglesias,24/25,2025,1,0.693776,1,0
352425,Witiness Quembo,24/25,2025,1,0.6936777,1,0
466587,Michal Zapletal,24/25,2025,0,0.69364595,1,1
634848,Jubril Adedeji,24/25,2025,0,0.693643,1,1
178107,Michael Santos,24/25,2025,0,0.6936345,1,1
349796,Evren Korkmaz,24/25,2025,0,0.69361806,1,1
707273,Brais Val,24/25,2025,1,0.69330406,1,0
624542,Damiano Lazzeri,24/25,2025,0,0.6932681,1,1
457031,Ibrahima Ndiaye,24/25,2025,1,0.6930314,1,0
401383,Davide Colonna,24/25,2025,1,0.6929167,1,0
418215,Ricardo Farcaș,24/25,2025,1,0.69287014,1,0
825024,Ronnie Stutter,24/25,2025,1,0.6928203,1,0
604455,Adar Ratner,24/25,2025,0,0.6926338,1,1
59558,Emilio Nsue,24/25,2025,0,0.6925231,1,1
1087487,Vimal Yoganathan,24/25,2025,0,0.69237983,1,1
431597,Johannes Sabah,24/25,2025,1,0.6922925,1,0
344508,Remzifaik Selmani,24/25,2025,1,0.6922189,1,0
605466,Iker Unzueta,24/25,2025,1,0.69217396,1,0
1043471,Augusto Dabó,24/25,2025,1,0.6920877,1,0
278501,Paul Mullin,24/25,2025,1,0.6918734,1,0
385413,Marco Sfanò,24/25,2025,1,0.6915087,1,0
82657,Christopher Braun,24/25,2025,0,0.6915065,1,1
417669,Christos Kountouriotis,24/25,2025,1,0.69139314,1,0
810673,Ilhan Altuntas,24/25,2025,1,0.6912857,1,0
379869,Arthur Desmas,24/25,2025,1,0.6912443,1,0
901082,Faisal Al-Ghamdi,24/25,2025,0,0.69123715,1,1
818130,Filippo Cinel,24/25,2025,0,0.69122994,1,1
111417,Charyl Chappuis,24/25,2025,0,0.6911351,1,1
447469,Hugo Alves,24/25,2025,1,0.69112784,1,0
745608,Noel Werner,24/25,2025,1,0.6910146,1,0
1050912,Riccardo Rossi,24/25,2025,0,0.69090474,1,1
1053228,Matteo Fravola,24/25,2025,1,0.6908096,1,0
699419,Karim El Kounni,24/25,2025,1,0.6907459,1,0
199199,Bryan Gioè,24/25,2025,1,0.6907423,1,0
349905,Cesare Pogliano,24/25,2025,0,0.6906795,1,1
938946,Ayoub Chaikhoun,24/25,2025,1,0.69040304,1,0
659270,Lendrit Shala,24/25,2025,0,0.6903602,1,1
456647,Francesco Rillo,24/25,2025,0,0.6902896,1,1
309841,Andre Green,24/25,2025,1,0.69022626,1,0
203532,Naby Sarr,24/25,2025,0,0.69004375,1,1
535740,Giuseppe Ciocci,24/25,2025,0,0.6900096,1,1
461843,Juan Berrocal,24/25,2025,1,0.68997073,1,0
386447,Alessandro Fiordaliso,24/25,2025,1,0.6898823,1,0
697716,Serginho,24/25,2025,1,0.689737,1,0
808027,Dorian Chiotti,24/25,2025,1,0.6896583,1,0
312683,Arthur Bonaldo,24/25,2025,0,0.6896159,1,1
937956,Pau Prim,24/25,2025,1,0.68953544,1,0
938179,Luca Gramignoli,24/25,2025,1,0.68952787,1,0
690488,Aleksandar Vasiljevic,24/25,2025,0,0.6894894,1,1
1054924,Rubén Domínguez,24/25,2025,1,0.6894565,1,0
128876,Dávid Kelemen,24/25,2025,0,0.6893451,1,1
898020,Athanasios Dabizas,24/25,2025,1,0.6892783,1,0
416587,Vladan Djekic,24/25,2025,1,0.68926936,1,0
166959,Mustafa Saymak,24/25,2025,0,0.68922156,1,1
74559,Moritz Göttel,24/25,2025,1,0.6891956,1,0
982894,Eric Iglesias,24/25,2025,1,0.68899524,1,0
242638,Efthymios Koulouris,24/25,2025,1,0.68870443,1,0
799138,Oliver Maric,24/25,2025,0,0.6885295,1,1
810067,Louis Mouquet,24/25,2025,1,0.68837184,1,0
418557,Johan Hove,24/25,2025,0,0.6883476,1,1
614157,Kelvin Boateng,24/25,2025,1,0.68821144,1,0
1153574,Viktorio Valkov,24/25,2025,0,0.6881094,1,1
510545,Jesús Jiménez,24/25,2025,1,0.68793094,1,0
1283847,Mattia Panzera,24/25,2025,1,0.68786323,1,0
271271,Pablo Carbonell,24/25,2025,1,0.68773943,1,0
639691,Ricky Maset,24/25,2025,0,0.68770534,1,1
1146943,Adam Knaze,24/25,2025,0,0.6876979,1,1
382550,Joe Hilton,24/25,2025,0,0.6875851,1,1
532908,Matteo Bongiorni,24/25,2025,1,0.6875758,1,0
975348,Joan Tincres,24/25,2025,0,0.6875614,1,1
1033478,Gastón Valles,24/25,2025,1,0.6875401,1,0
501007,Marko Bugarin,24/25,2025,0,0.6872898,1,1
1180712,Niccolò Bigi,24/25,2025,1,0.687058,1,0
708388,Adrián Corral,24/25,2025,1,0.6869727,1,0
702275,Julián Mahicas,24/25,2025,0,0.686931,1,1
254487,Jean Luc Assoubre,24/25,2025,1,0.68678355,1,0
557642,Larry-Nana Oellers,24/25,2025,1,0.6862294,1,0
999417,Francesco Pinto,24/25,2025,1,0.68618065,1,0
217139,Santi Canedo,24/25,2025,0,0.68609613,1,1
1182169,Roberto Berizzi,24/25,2025,1,0.6860786,1,0
742023,Romildo Del Piage,24/25,2025,1,0.68601066,1,0
564968,Francisco Meixedo,24/25,2025,1,0.6859579,1,0
337798,Abdu Conté,24/25,2025,1,0.6858918,1,0
395091,Giordano Trovade,24/25,2025,0,0.6855551,1,1
492000,Nikola Gavric,24/25,2025,1,0.68552077,1,0
1062525,Álex Serradell,24/25,2025,1,0.68548334,1,0
598101,Roberto Fernández,24/25,2025,1,0.68542296,1,0
665348,Paolo Capogna,24/25,2025,1,0.6852656,1,0
930390,Nikolas Brandis,24/25,2025,0,0.68505335,1,1
396116,Miguel Ángel Cera,24/25,2025,0,0.6850074,1,1
938672,Pietro Asiatico,24/25,2025,1,0.6849551,1,0
488869,Martin Janacek,24/25,2025,1,0.68448913,1,0
602223,Kay Seidemann,24/25,2025,0,0.6844529,1,1
1164509,Thomas Graziani,24/25,2025,1,0.68425846,1,0
604486,Mihailo Trkulja,24/25,2025,1,0.6842377,1,0
151620,Gergő Nagy,24/25,2025,1,0.68410563,1,0
538073,Romain Matthys,24/25,2025,1,0.68398803,1,0
670362,Esmeraldo Kondaj,24/25,2025,1,0.683906,1,0
397321,Paolo Lomasto,24/25,2025,1,0.6838956,1,0
312245,Ryan Moon,24/25,2025,1,0.68381405,1,0
571743,Armando Broja,24/25,2025,1,0.6837889,1,0
634259,Javier Vicario,24/25,2025,1,0.68369454,1,0
590203,Efthymios Pavlakis,24/25,2025,1,0.6836715,1,0
955276,Timi Atiki Egbe,24/25,2025,1,0.68365896,1,0
1126573,Richard Benko,24/25,2025,1,0.6835839,1,0
217149,Antonio Marín,24/25,2025,0,0.6834627,1,1
636360,Javi Moreno,24/25,2025,0,0.68346256,1,1
636147,Marcos Bustillo,24/25,2025,1,0.6834392,1,0
435406,Demba Thiam,24/25,2025,1,0.6833757,1,0
1041934,Jeremy Jorge,24/25,2025,1,0.6832375,1,0
1125758,Alex Aguado,24/25,2025,0,0.68293697,1,1
627293,Manín Gonzaga,24/25,2025,0,0.68269765,1,1
669914,Malik Djibril,24/25,2025,0,0.6824538,1,1
291266,Godfred Donsah,24/25,2025,0,0.68238753,1,1
1237768,Ignacio Casari,24/25,2025,1,0.6823365,1,0
221028,Foday Trawally,24/25,2025,0,0.68232423,1,1
267674,Gabriel Colombatti,24/25,2025,0,0.682158,1,1
528632,Wanderson,24/25,2025,0,0.6820152,1,1
653065,Bahattin Karahan,24/25,2025,1,0.68190944,1,0
940135,Christos Papadopoulos,24/25,2025,1,0.6818216,1,0
1065763,Jorge González,24/25,2025,0,0.6818006,1,1
873978,Musa Isah,24/25,2025,0,0.68179876,1,1
452165,Manoubi Haddad,24/25,2025,0,0.6816746,1,1
1123927,Tommaso Lagomarsino,24/25,2025,1,0.6813439,1,0
459953,Giacomo Manzari,24/25,2025,1,0.68120605,1,0
570059,Nikola Gluscevic,24/25,2025,0,0.6811334,1,1
357176,Alessandro Tripaldelli,24/25,2025,1,0.680942,1,0
628303,Julian Weigel,24/25,2025,0,0.68088764,1,1
396114,Víctor Morillo,24/25,2025,1,0.68084615,1,0
796216,Emmanuel Gyamfi,24/25,2025,1,0.680828,1,0
817028,Angelo Rechichi,24/25,2025,1,0.68075323,1,0
1176566,Nicolas Naso,24/25,2025,1,0.68068993,1,0
182913,Adrien Rabiot,24/25,2025,1,0.6806485,1,0
410061,Loïc Kouagba,24/25,2025,1,0.6804647,1,0
441079,Mauro Cerutti,24/25,2025,1,0.68041664,1,0
715679,Lalo Aguilar,24/25,2025,0,0.68041134,1,1
344151,Bilal Boutobba,24/25,2025,1,0.68037015,1,0
459224,Francesco Piccardi,24/25,2025,0,0.6801476,1,1
433652,Benjamin Kimpioka,24/25,2025,1,0.6800292,1,0
1107626,Federico Giugno,24/25,2025,0,0.6800077,1,1
727578,David Astals,24/25,2025,1,0.6797871,1,0
613388,Zakaria Daqoune,24/25,2025,1,0.67978436,1,0
913019,Vladislav Vasiljev,24/25,2025,1,0.6797459,1,0
766764,Dani Lidueña,24/25,2025,1,0.6796635,1,0
959294,Eryk Grzywacz,24/25,2025,0,0.67957324,1,1
974387,Jude Bonnar,24/25,2025,1,0.6795018,1,0
508153,Emmanuel Toku,24/25,2025,1,0.6792808,1,0
521996,Yevgeniy Terzi,24/25,2025,1,0.6787818,1,0
991486,Iván Quivira,24/25,2025,1,0.6786847,1,0
882964,Claudio Parlato,24/25,2025,1,0.67857975,1,0
319171,Andrea Danzi,24/25,2025,1,0.6784833,1,0
341295,Tyler Walker,24/25,2025,1,0.67833436,1,0
505653,Fábio Silva,24/25,2025,1,0.6783225,1,0
273132,Robin Gosens,24/25,2025,1,0.67826533,1,0
622258,Lukas Raab,24/25,2025,1,0.6782478,1,0
280387,Vincent Sierro,24/25,2025,1,0.67822933,1,0
431422,Nathan Trott,24/25,2025,1,0.6780907,1,0
687560,Tom Hendriks,24/25,2025,1,0.678073,1,0
760019,Matteo Casarotto,24/25,2025,1,0.6776537,1,0
933516,Nicolò Dal Lago,24/25,2025,0,0.67752516,1,1
625405,Noah Godwin,24/25,2025,1,0.6772678,1,0
733496,JJ McKiernan,24/25,2025,1,0.6771842,1,0
395685,Gédéon Kalulu,24/25,2025,1,0.67692816,1,0
522954,Georgios Moustakopoulos,24/25,2025,1,0.67690283,1,0
393739,Tin Matic,24/25,2025,1,0.67685455,1,0
670144,José Gallegos,24/25,2025,1,0.67683697,1,0
834463,Iker Córdoba,24/25,2025,1,0.67660886,1,0
610383,Filippo Frison,24/25,2025,1,0.6764447,1,0
1129454,Karlo Grgic,24/25,2025,0,0.67627454,1,1
423172,José Manuel Alonso,24/25,2025,1,0.67619634,1,0
127610,Mexer,24/25,2025,1,0.67611074,1,0
939765,José Melro,24/25,2025,0,0.6761049,1,1
358261,Konstantinos Doumtsios,24/25,2025,1,0.67601454,1,0
842802,Javier Akapo,24/25,2025,1,0.67586607,1,0
532107,Ben Folami,24/25,2025,0,0.6756652,1,1
296577,Macauley Bonne,24/25,2025,1,0.6756321,1,0
891092,Pablo Rojo,24/25,2025,0,0.67535424,1,1
225963,Lautaro Giannetti,24/25,2025,1,0.675326,1,0
336756,Miguel Silva,24/25,2025,0,0.67521507,1,1
254477,Joan Campins,24/25,2025,1,0.67500824,1,0
1054429,Carlos Guirao,24/25,2025,0,0.6749945,1,1
1207547,Pier Francesco Galiano,24/25,2025,1,0.6749703,1,0
210143,Álex Gallar,24/25,2025,0,0.6749442,1,1
709962,Pol Muñoz,24/25,2025,1,0.6749435,1,0
848657,Luka Lecic,24/25,2025,0,0.6749088,1,1
365175,Benson Sakala,24/25,2025,1,0.6749035,1,0
599739,Xavier Simons,24/25,2025,1,0.67485696,1,0
116772,Niklas Brandt,24/25,2025,1,0.6748131,1,0
891312,Fran Árbol,24/25,2025,1,0.6746989,1,0
503327,Teddy Okou,24/25,2025,1,0.67469484,1,0
1304447,Malik Odeyinka,24/25,2025,1,0.6746777,1,0
908764,Matteo Galassi,24/25,2025,1,0.6745152,1,0
291359,Tom Lang,24/25,2025,0,0.67450947,1,1
1111660,Joseph Sabobo,24/25,2025,1,0.6744841,1,0
625884,Julio Martínez,24/25,2025,0,0.67441,1,1
120347,Andrea Sala,24/25,2025,0,0.6743836,1,1
935782,Francesco Vallarelli,24/25,2025,1,0.67436606,1,0
321551,Abdullah Celik,24/25,2025,1,0.6742472,1,0
158791,Sergio Postigo,24/25,2025,0,0.67421085,1,1
75327,Marco Calderoni,24/25,2025,0,0.6741985,1,1
525850,Kane Smith,24/25,2025,1,0.6741339,1,0
805065,Iyad Mohamed,24/25,2025,0,0.67387396,1,1
605015,Raffaele Cartano,24/25,2025,1,0.67381024,1,0
744278,Benjamín Rojas,24/25,2025,1,0.67363775,1,0
389578,Thomas Bolis,24/25,2025,0,0.6736008,1,1
140803,Anthony Limbombe,24/25,2025,1,0.6735461,1,0
282821,Corey Blackett-Taylor,24/25,2025,0,0.6733789,1,1
190756,Juan Ramírez,24/25,2025,0,0.67337054,1,1
929864,Rafa Fernández,24/25,2025,1,0.6732848,1,0
456292,Ellery Balcombe,24/25,2025,0,0.67319494,1,1
646744,Carlos Alemán,24/25,2025,1,0.6730765,1,0
900460,Mattia Parlato,24/25,2025,1,0.67294496,1,0
731899,Álvaro Zamora,24/25,2025,1,0.6729072,1,0
1226008,Yanis Fetheddine,24/25,2025,1,0.67281145,1,0
710479,Jesús Palomeque,24/25,2025,1,0.67271376,1,0
612489,Alessio Nepi,24/25,2025,0,0.6726686,1,1
926193,Luiz Labenz,24/25,2025,1,0.67254704,1,0
1182972,Andrea Santarelli,24/25,2025,1,0.67249423,1,0
276080,Iván Turrillo,24/25,2025,0,0.6723262,1,1
400671,Daan Klomp,24/25,2025,1,0.6723014,1,0
823893,Giovanni Zito,24/25,2025,1,0.67224497,1,0
442493,Kornél Csernik,24/25,2025,1,0.67201483,1,0
894945,Anartz Peña,24/25,2025,0,0.67196745,1,1
767258,Juanan Aguilera,24/25,2025,0,0.6719629,1,1
975689,Óscar Cortés,24/25,2025,1,0.6717761,1,0
591353,Robinho,24/25,2025,1,0.6717178,1,0
460216,Jack Earing,24/25,2025,1,0.6714741,1,0
710675,Nowend Lorenzo,24/25,2025,1,0.67135435,1,0
503727,Cody David,24/25,2025,0,0.6711958,1,1
1193782,Francesco Bochicchio,24/25,2025,1,0.67117614,1,0
739076,Aboubacar Lô,24/25,2025,1,0.6711176,1,0
970266,Steven Hall,24/25,2025,0,0.6711068,1,1
898885,Manolis Faitakis,24/25,2025,0,0.67087936,1,1
709182,Beñat de Jesús,24/25,2025,0,0.670835,1,1
694141,Fynn Seidel,24/25,2025,1,0.67065173,1,0
1171668,Malthe Kjølby,24/25,2025,1,0.67062944,1,0
929257,Joonas Frenzel,24/25,2025,0,0.67054695,1,1
667066,Alessio Guerini,24/25,2025,0,0.67044777,1,1
737892,Renzo Orihuela,24/25,2025,0,0.6702451,1,1
929871,Matteo Plaia,24/25,2025,1,0.6702386,1,0
988986,Lorenzo Biagioni,24/25,2025,1,0.67023313,1,0
169362,Luka Zahovic,24/25,2025,0,0.67018515,1,1
567026,Anton Efremov,24/25,2025,1,0.6699444,1,0
913085,Néné Gbamblé,24/25,2025,0,0.6698171,1,1
877118,Martin Georgiev,24/25,2025,0,0.6697711,1,1
284454,Iván Rodríguez,24/25,2025,0,0.6696511,1,1
407398,Carl Björk,24/25,2025,0,0.66963965,1,1
563135,Marc Lachèvre,24/25,2025,1,0.6695729,1,0
1187297,Nelson Zaba,24/25,2025,1,0.6694436,1,0
90478,Lukas Van Eenoo,24/25,2025,1,0.6694177,1,0
948933,Jacob MacIntyre,24/25,2025,1,0.6693538,1,0
1174733,Emiliano Bugari,24/25,2025,1,0.66933596,1,0
876519,Sofyan Cola,24/25,2025,1,0.66928625,1,0
940750,Hugo Buyla,24/25,2025,0,0.66928047,1,1
976159,Curro Bonilla,24/25,2025,1,0.6692703,1,0
989453,Oussama El Goumiri,24/25,2025,1,0.669196,1,0
729536,Federico Agazzi,24/25,2025,0,0.6690036,1,1
244130,Sullay Kaikai,24/25,2025,0,0.66848963,1,1
1048043,Alessandro Piseddu,24/25,2025,1,0.6682313,1,0
228405,Serhat Kot,24/25,2025,1,0.6679825,1,0
633093,Eneko Aguilar,24/25,2025,1,0.66783667,1,0
166557,Luca Baldassin,24/25,2025,1,0.6678216,1,0
999387,Christian Roseti,24/25,2025,1,0.6676861,1,0
228940,João Novais,24/25,2025,1,0.66766346,1,0
486604,Vitezslav Jaros,24/25,2025,1,0.6676335,1,0
920309,Fredrik Nissen,24/25,2025,1,0.6675836,1,0
1048582,Darius Fustos,24/25,2025,1,0.66755813,1,0
1186267,Steliyan Stoyanov,24/25,2025,1,0.6674368,1,0
715083,Andrej Stojcevski,24/25,2025,1,0.66742784,1,0
534121,Andrea Marino,24/25,2025,1,0.66738075,1,0
907619,Melvin Rémy,24/25,2025,1,0.6669136,1,0
1064660,Álvaro Calado,24/25,2025,0,0.666895,1,1
821124,Nicola Anelli,24/25,2025,1,0.66682523,1,0
240337,Antonio Arpino,24/25,2025,1,0.66680086,1,0
952216,Samuel Kuffour,24/25,2025,0,0.66661644,1,1
591785,Milen Stoev,24/25,2025,1,0.66657805,1,0
177964,Yusupha Njie,24/25,2025,0,0.6665611,1,1
1163461,Jack Shepherd,24/25,2025,0,0.66655767,1,1
531674,Rúben Rodrigues,24/25,2025,1,0.6665395,1,0
668328,Lukas Hrdlicka,24/25,2025,0,0.6665287,1,1
700789,Nor Maviram,24/25,2025,0,0.66651493,1,1
932752,Thomas Zouaghi,24/25,2025,1,0.66635764,1,0
115133,Ivan Pesic,24/25,2025,1,0.6662124,1,0
744960,Mohamed Souboul,24/25,2025,0,0.666208,1,1
479709,Paolo Cannistrà,24/25,2025,1,0.66610104,1,0
1109887,Filip Kaczmarek,24/25,2025,0,0.6659475,1,1
830890,Marvin Senaya,24/25,2025,1,0.66591936,1,0
801357,Gabriel Pellegrino,24/25,2025,1,0.6658485,1,0
241889,Antonio Barreca,24/25,2025,1,0.66553754,1,0
960983,Agus Moreno,24/25,2025,1,0.66550934,1,0
1103543,Clarence Corallo,24/25,2025,1,0.6654589,1,0
1123335,Hamza Bellari,24/25,2025,1,0.6653194,1,0
189441,Lucas Ocampos,24/25,2025,0,0.6653129,1,1
865324,Lizandro Claros,24/25,2025,0,0.66475296,1,1
285973,Juanmi Heredero,24/25,2025,1,0.6647177,1,0
979322,Álex Alonso,24/25,2025,1,0.66455084,1,0
120095,José Campaña,24/25,2025,1,0.66452557,1,0
348553,Pablo Clavería,24/25,2025,0,0.6645121,1,1
1057584,Jason Anastasini,24/25,2025,0,0.6644851,1,1
625066,Alejandro Ibarrondo,24/25,2025,1,0.6644368,1,0
710653,Iker Alday,24/25,2025,1,0.6644045,1,0
279927,Doru Popadiuc,24/25,2025,1,0.664307,1,0
184816,Ahmed Hassan,24/25,2025,1,0.6643047,1,0
404968,Nicola De Vido,24/25,2025,1,0.66428345,1,0
494283,Enrico Dueñas,24/25,2025,1,0.6641848,1,0
577881,Mohamed Ali Ben Romdhane,24/25,2025,1,0.6641692,1,0
187847,Yassine Benzia,24/25,2025,1,0.6641491,1,0
800179,Maxime Langner,24/25,2025,1,0.6641252,1,0
182185,Milan Rundic,24/25,2025,1,0.6639611,1,0
512489,David Fondarella,24/25,2025,1,0.66395724,1,0
160374,Riccardo Galli,24/25,2025,0,0.6639522,1,1
765232,Roman Yalovenko,24/25,2025,0,0.6639094,1,1
481117,Othmane Boussaid,24/25,2025,0,0.6638672,1,1
610649,Ryan Alebiosu,24/25,2025,1,0.6638517,1,0
707550,Fabrizio Cavegn,24/25,2025,1,0.6638101,1,0
167254,Dominic Ball,24/25,2025,1,0.6632145,1,0
330795,Caniggia Elva,24/25,2025,0,0.6628766,1,1
401736,Yaya Sithole,24/25,2025,0,0.66286457,1,1
534410,Sikiru Olatunbosun,24/25,2025,1,0.66280127,1,0
1058990,Edoardo Salvador,24/25,2025,1,0.6627687,1,0
875344,Leo Di Martino,24/25,2025,1,0.6626139,1,0
866247,Tommaso Rubino,24/25,2025,1,0.6624432,1,0
675612,Babis Drakas,24/25,2025,0,0.6624128,1,1
234761,Danny Bejarano,24/25,2025,1,0.66238564,1,0
142947,Patrik Bacsa,24/25,2025,0,0.6622077,1,1
899271,Idumba Fasika,24/25,2025,1,0.6620633,1,0
998104,Gergely Kocsis,24/25,2025,1,0.6618835,1,0
502062,D'Margio Wright-Phillips,24/25,2025,0,0.66181004,1,1
796726,Renato Júnior,24/25,2025,1,0.66176957,1,0
371148,Lenny Vallier,24/25,2025,1,0.6616839,1,0
632349,Jarell Quansah,24/25,2025,1,0.6613822,1,0
537458,Joan Rojas,24/25,2025,0,0.6613353,1,1
498048,Julián Guevara,24/25,2025,0,0.66119653,1,1
348532,Georgios Xenitidis,24/25,2025,1,0.6610867,1,0
396678,Alfie Kilgour,24/25,2025,1,0.6608056,1,0
312760,Andrija Filipovic,24/25,2025,1,0.6606765,1,0
1149706,Andrea Lombari,24/25,2025,0,0.66048765,1,1
954271,Bendegúz Lehoczki,24/25,2025,1,0.6604137,1,0
91059,Joshua King,24/25,2025,1,0.66034985,1,0
226151,Sean Kelly,24/25,2025,1,0.6603001,1,0
65262,Rubén Martínez,24/25,2025,0,0.6602878,1,1
742411,Eddy Lanzi,24/25,2025,1,0.66026133,1,0
612826,Silas,24/25,2025,0,0.6602455,1,1
490616,Sergio Nieto,24/25,2025,1,0.66018033,1,0
695646,Charles Boli,24/25,2025,1,0.66009504,1,0
1000675,Alejo Sarco,24/25,2025,0,0.66008323,1,1
221309,Óscar Plano,24/25,2025,1,0.66001755,1,0
401386,David Tomassini,24/25,2025,0,0.6599396,1,1
507494,Guillaume Furrer,24/25,2025,1,0.659848,1,0
442329,Daniel Celea,24/25,2025,1,0.6596208,1,0
965726,Armengol Portoles,24/25,2025,1,0.6596045,1,0
187860,André Sousa,24/25,2025,0,0.659573,1,1
209063,Marius Briceag,24/25,2025,0,0.659464,1,1
676277,Pietro Bruni,24/25,2025,1,0.6593834,1,0
318799,Otis Khan,24/25,2025,1,0.6593439,1,0
572431,Valerio Baldassi,24/25,2025,1,0.65923446,1,0
531274,Diego Fuoli,24/25,2025,1,0.65913326,1,0
1211929,Iaia Manco Danfa,24/25,2025,1,0.659108,1,0
748316,Juan Manuel Cruz,24/25,2025,1,0.6589462,1,0
625881,Eneko Delgado,24/25,2025,1,0.6587503,1,0
95737,Bassel Jradi,24/25,2025,1,0.65874463,1,0
167505,Danu Spataru,24/25,2025,1,0.6586835,1,0
1059479,Stefen Tchamche,24/25,2025,0,0.6586794,1,1
973608,Toni Dols,24/25,2025,1,0.6586265,1,0
536520,Ruben Providence,24/25,2025,0,0.6585102,1,1
1051090,Samuele Magni,24/25,2025,0,0.6584696,1,1
938388,Panagiotis Tsantilas,24/25,2025,0,0.65846324,1,1
392179,Hjalmar Ekdal,24/25,2025,0,0.65838784,1,1
307341,Andrea Trainotti,24/25,2025,0,0.65832084,1,1
903188,Dejvi Metaj,24/25,2025,1,0.6581203,1,0
924304,Adrián Dénes,24/25,2025,1,0.6579981,1,0
853344,Sekou Yansané,24/25,2025,0,0.6579643,1,1
1179405,Antonio Guerriero,24/25,2025,0,0.6579537,1,1
251079,Ertuğrul Ersoy,24/25,2025,1,0.65787536,1,0
977753,Giuseppe Balzano,24/25,2025,0,0.65780634,1,1
374142,Manu Sánchez,24/25,2025,1,0.6575584,1,0
864485,Alexandru Gutium,24/25,2025,1,0.657418,1,0
807836,Sandji Baradji,24/25,2025,1,0.65731555,1,0
118071,Shane McEleney,24/25,2025,0,0.65721726,1,1
1001156,Viktor Tatar,24/25,2025,0,0.6571214,1,1
587688,Zdravko Dimitrov,24/25,2025,0,0.6569278,1,1
149209,Maximilian Jansen,24/25,2025,1,0.6569039,1,0
565822,Harvey Elliott,24/25,2025,1,0.65686345,1,0
589481,Matías Basterrechea,24/25,2025,1,0.6568536,1,0
1056025,Marco Fastiggi,24/25,2025,1,0.6567422,1,0
340437,Andrea Paolelli,24/25,2025,0,0.65668595,1,1
341270,Carlos Gilbert,24/25,2025,1,0.65661454,1,0
501794,Jannik Rochelt,24/25,2025,0,0.6565033,1,1
583767,Semir Telalovic,24/25,2025,1,0.65649325,1,0
601894,Florian Horenburg,24/25,2025,1,0.65648884,1,0
719985,Pol Bassa,24/25,2025,1,0.65630585,1,0
324946,Emanuel Cecchini,24/25,2025,0,0.65616226,1,1
631410,Vasilios Spinos,24/25,2025,0,0.6560802,1,1
371345,Dimitar Sheytanov,24/25,2025,1,0.6556506,1,0
213351,Christian Irobiso,24/25,2025,1,0.655613,1,0
346855,Matteo Meisl,24/25,2025,1,0.65553635,1,0
862363,Abdellah Haimoud,24/25,2025,1,0.6554948,1,0
340447,Emanuele Spinozzi,24/25,2025,0,0.6554498,1,1
278190,Ivan Konovalov,24/25,2025,1,0.6554177,1,0
514280,Pepijn Doesburg,24/25,2025,0,0.6554046,1,1
782632,Jibril Othman,24/25,2025,0,0.6553223,1,1
497825,Guillaume Yenoussi,24/25,2025,0,0.6552016,1,1
1054319,Davide Biz,24/25,2025,1,0.65519136,1,0
937672,Joel Aubin Vidékon,24/25,2025,1,0.65494645,1,0
603471,Danilo Spoljaric,24/25,2025,0,0.6547249,1,1
1061660,Selvi Clua,24/25,2025,0,0.6540215,1,1
131664,Abdul Ajagun,24/25,2025,1,0.65392053,1,0
1099721,Mamadou Sané,24/25,2025,0,0.6539023,1,1
1129797,Giovanni Di Lelio,24/25,2025,0,0.65389234,1,1
355397,Víctor Pastrana,24/25,2025,1,0.6537922,1,0
589456,Rafa Núñez,24/25,2025,1,0.6537738,1,0
672881,Paolo Coly,24/25,2025,1,0.6536612,1,0
820633,Coli Saco,24/25,2025,1,0.65353477,1,0
708534,Alejandro Jay,24/25,2025,1,0.6533999,1,0
512061,Cristian Fernández,24/25,2025,0,0.65337527,1,1
159847,Francesco Galuppini,24/25,2025,0,0.6533568,1,1
339328,Owen Wijndal,24/25,2025,0,0.65325075,1,1
1013227,George Andrews,24/25,2025,1,0.65324795,1,0
151568,Xhelil Abdulla,24/25,2025,0,0.6531382,1,1
333494,Jakub Pokorny,24/25,2025,1,0.6530498,1,0
565242,José Manuel Raigal,24/25,2025,1,0.6529546,1,0
935499,Lucas Pérez,24/25,2025,1,0.6529512,1,0
213035,Amadou Moutari,24/25,2025,1,0.65291524,1,0
469018,Antonio Metlika,24/25,2025,1,0.6528737,1,0
432752,Ivan Brnic,24/25,2025,0,0.65278405,1,1
601117,Marco Wagner,24/25,2025,1,0.6527346,1,0
183836,Dino Hotic,24/25,2025,1,0.65268356,1,0
977382,Yeiner Londoño,24/25,2025,1,0.6523224,1,0
225824,Atanas Iliev,24/25,2025,1,0.6522758,1,0
839973,Dino Grozdanic,24/25,2025,0,0.6521733,1,1
405885,Giacomo Raspadori,24/25,2025,1,0.6521577,1,0
918855,Mike Manegold,24/25,2025,1,0.6520682,1,0
566791,Ahmed Abdelkader,24/25,2025,0,0.6519403,1,1
668684,Konstantinos Lampsias,24/25,2025,1,0.65188026,1,0
642757,Francesco Lo Celso,24/25,2025,0,0.6517737,1,1
548511,Federico Botti,24/25,2025,0,0.6515146,1,1
606572,Rubén Sanchidrián,24/25,2025,1,0.6514444,1,0
618021,Djordje Jovicic,24/25,2025,1,0.6511777,1,0
1188539,Giuseppe Coppola,24/25,2025,0,0.6510274,1,1
928056,Jacopo Tarantino,24/25,2025,1,0.6510247,1,0
160624,Nils Brüning,24/25,2025,1,0.65095913,1,0
942415,Niccolò Stacchiotti,24/25,2025,1,0.65094876,1,0
545332,Mikkel Kaufmann,24/25,2025,0,0.6509371,1,1
1295909,Abdul Moro,24/25,2025,0,0.65088505,1,1
550108,Nicola Zalewski,24/25,2025,1,0.65065855,1,0
374281,Christian Bassogog,24/25,2025,0,0.6506257,1,1
935173,Manuel Rosetti,24/25,2025,1,0.6506059,1,0
1042216,Tibor Jager,24/25,2025,1,0.65059423,1,0
932738,Emanuele Sichi,24/25,2025,1,0.65049297,1,0
255361,Nikita Kaplenko,24/25,2025,1,0.6504919,1,0
818088,Leandro Godoy,24/25,2025,1,0.65043753,1,0
405211,Andrea Giacomazzi,24/25,2025,0,0.65039295,1,1
431470,Alessandro Minelli,24/25,2025,1,0.65029615,1,0
166275,Grigoriy Morozov,24/25,2025,0,0.65013784,1,1
562287,Christian Celesia,24/25,2025,0,0.6501277,1,1
241310,Neluț Roșu,24/25,2025,1,0.65008396,1,0
797756,Ariel Reinero,24/25,2025,1,0.65001416,1,0
716898,Luka Hyryläinen,24/25,2025,1,0.64994526,1,0
1292591,Jack Nunn,24/25,2025,0,0.6498702,1,1
1175370,Federico Renda,24/25,2025,0,0.6497624,1,1
997909,Tommaso Ravaglioli,24/25,2025,1,0.64971536,1,0
448844,Carlos Neva,24/25,2025,1,0.6493763,1,0
1254491,Fran Sabina,24/25,2025,0,0.64923686,1,1
1262995,Chiemeka Azurunwa,24/25,2025,1,0.64920384,1,0
324111,Teun Bijleveld,24/25,2025,1,0.6490617,1,0
531065,Oussama El Azzouzi,24/25,2025,1,0.64892036,1,0
486597,Matías Nani,24/25,2025,1,0.6488801,1,0
305947,Albert Gudmundsson,24/25,2025,1,0.64886826,1,0
433168,Nathanael Ogbeta,24/25,2025,1,0.6487739,1,0
951325,Antonio Del Gesso,24/25,2025,1,0.6486844,1,0
504518,Kofi Balmer,24/25,2025,0,0.6486816,1,1
468036,Dimitris Emmanouilidis,24/25,2025,1,0.6486329,1,0
152733,Onur Bulut,24/25,2025,1,0.64820874,1,0
728311,Edmilson Correia,24/25,2025,0,0.64812,1,1
602767,Justin Forst,24/25,2025,1,0.6481178,1,0
538168,Soumaila Ouattara,24/25,2025,1,0.64803624,1,0
935420,Andrea Toma,24/25,2025,1,0.6480346,1,0
704720,Cosimo Severi,24/25,2025,0,0.6479727,1,1
582717,David Ramos,24/25,2025,1,0.64785933,1,0
655525,Yeferson Paz,24/25,2025,0,0.6478386,1,1
449019,Louis Appéré,24/25,2025,1,0.6477072,1,0
937477,Giulio Antonini,24/25,2025,1,0.6472792,1,0
662452,Juan Alegría,24/25,2025,1,0.6472449,1,0
818538,Francesco Sena,24/25,2025,0,0.6470847,1,1
1182170,Lorenzo Tavernini,24/25,2025,1,0.64696544,1,0
782889,Tom Moustier,24/25,2025,0,0.6468996,1,1
386065,Giuseppe D'Iglio,24/25,2025,1,0.6468932,1,0
820381,Mohamed Brahimi,24/25,2025,1,0.6467725,1,0
659650,Demis Maugeri,24/25,2025,0,0.6466631,1,1
934651,Leon Çalışkan,24/25,2025,1,0.6465587,1,0
894456,Dachi Lordkipanidze,24/25,2025,0,0.6465501,1,1
314369,Matteo Gasperi,24/25,2025,0,0.6465099,1,1
960024,Gabriele Fresia,24/25,2025,1,0.64646816,1,0
682625,David Valero,24/25,2025,0,0.64619195,1,1
579287,Daniel Svensson,24/25,2025,1,0.64596146,1,0
872502,Mattia Alessio,24/25,2025,0,0.64596,1,1
60541,Guillaume Gigliotti,24/25,2025,1,0.6458574,1,0
596067,Felippe Cardoso,24/25,2025,0,0.64556694,1,1
485729,Fashion Sakala,24/25,2025,0,0.64551127,1,1
282897,Kristiyan Malinov,24/25,2025,1,0.645496,1,0
118375,Dardo Miloc,24/25,2025,0,0.64539766,1,1
504825,Gian Marco Crespi,24/25,2025,1,0.64537185,1,0
394332,Alberto Marini,24/25,2025,0,0.6453404,1,1
355566,Barış Alıcı,24/25,2025,1,0.6453317,1,0
74960,Martin Dúbravka,24/25,2025,1,0.64524376,1,0
704709,Mattia Damiani,24/25,2025,1,0.64510214,1,0
395714,Alex Rolfini,24/25,2025,1,0.64502996,1,0
86083,Richard Marcone,24/25,2025,1,0.64502984,1,0
1055223,Isi Angulo,24/25,2025,1,0.64500254,1,0
401268,Olamide Shodipo,24/25,2025,1,0.64491946,1,0
1068036,Niccolò Abbà,24/25,2025,0,0.64487016,1,1
425975,Davide Di Stefano,24/25,2025,1,0.64474887,1,0
604796,Carlitos,24/25,2025,0,0.6442691,1,1
1027421,Ahmed Khatir,24/25,2025,1,0.6442186,1,0
240310,Matteo Gaiani,24/25,2025,1,0.644187,1,0
1231401,Victor Orakpo,24/25,2025,1,0.644133,1,0
1226095,Miguel Ángel Abad,24/25,2025,0,0.6441197,1,1
377298,Guillem Castell,24/25,2025,0,0.643942,1,1
815532,Mattia Rigo,24/25,2025,1,0.6439034,1,0
1287735,Oscar Vargas,24/25,2025,0,0.64382726,1,1
921662,Charlie Tasker,24/25,2025,0,0.64347714,1,1
387371,Riccardo Stronati,24/25,2025,0,0.64347094,1,1
587700,Pascal Kokott,24/25,2025,1,0.6434101,1,0
283286,Robin Bormuth,24/25,2025,1,0.64313155,1,0
597165,Samuel Teles,24/25,2025,1,0.6431014,1,0
612810,Guus Beaumont,24/25,2025,0,0.6430107,1,1
867700,Joshua Duffus,24/25,2025,1,0.6429373,1,0
234068,Maximilian Pommer,24/25,2025,0,0.6428915,1,1
235923,Mattia Muroni,24/25,2025,1,0.642878,1,0
743705,Douglas Sequeira,24/25,2025,1,0.64265627,1,0
604008,Emam Ashour,24/25,2025,0,0.64259946,1,1
1108739,Riccardo Pavesi,24/25,2025,0,0.6424423,1,1
764543,Luka Lukovic,24/25,2025,1,0.6422234,1,0
834492,Iker Varela,24/25,2025,1,0.6422068,1,0
75489,Niclas Füllkrug,24/25,2025,0,0.64210415,1,1
212229,Halil Akbunar,24/25,2025,0,0.6420752,1,1
74300,Luka Milivojevic,24/25,2025,1,0.6419751,1,0
73951,Kehinde Fatai,24/25,2025,1,0.6419696,1,0
617762,Habib Oueslati,24/25,2025,0,0.6416482,1,1
229007,Lyes Houri,24/25,2025,0,0.64158034,1,1
689022,Nadir Ajanovic,24/25,2025,0,0.64154446,1,1
724099,Claudio Turi,24/25,2025,1,0.6415091,1,0
1062862,Ephraim Yeboah,24/25,2025,1,0.6413382,1,0
505999,Monday Etim,24/25,2025,1,0.6412789,1,0
817753,Aisar Ahmed,24/25,2025,0,0.64123374,1,1
404584,Marcus Forss,24/25,2025,1,0.6412174,1,0
466452,Ivan Milicevic,24/25,2025,1,0.64103115,1,0
153678,Kingsley Schindler,24/25,2025,1,0.640976,1,0
390304,Federico Ravaglia,24/25,2025,0,0.6409072,1,1
528040,Milan Obradovic,24/25,2025,1,0.64089465,1,0
236734,Axel Werner,24/25,2025,1,0.6408926,1,0
346181,Oli Hawkins,24/25,2025,1,0.64054596,1,0
830382,Klaidher Macedo,24/25,2025,1,0.64037955,1,0
711323,Alejandro Parada,24/25,2025,1,0.6403234,1,0
240343,Vincenzo Guarino,24/25,2025,1,0.63997686,1,0
385906,Kevin Varga,24/25,2025,1,0.63993615,1,0
146844,Kerim Frei,24/25,2025,1,0.6397808,1,0
459128,Marco Brescianini,24/25,2025,1,0.63971645,1,0
635566,Aitor Ekiza,24/25,2025,1,0.63964874,1,0
814002,Luca Sonzogni,24/25,2025,1,0.6394935,1,0
130765,Stuart Armstrong,24/25,2025,1,0.6394343,1,0
1033847,Hugo López,24/25,2025,1,0.63932073,1,0
1183952,Tommaso Serioli,24/25,2025,1,0.63919467,1,0
455932,Lars Gindorf,24/25,2025,1,0.6391895,1,0
703655,Noah Botic,24/25,2025,1,0.63909185,1,0
198418,Dimitar Evtimov,24/25,2025,1,0.6389629,1,0
598571,Yusuf Örnek,24/25,2025,1,0.6387179,1,0
484572,Anass Nouader,24/25,2025,1,0.6387073,1,0
596821,Scott Banks,24/25,2025,1,0.6385215,1,0
335733,Daniel Naumov,24/25,2025,1,0.6385013,1,0
1195771,Justin Adozi,24/25,2025,1,0.6382245,1,0
635445,Jayden Nelson,24/25,2025,0,0.63821626,1,1
195601,Janik Mäder,24/25,2025,0,0.63819414,1,1
519872,Livan Burcu,24/25,2025,0,0.6380699,1,1
466809,Konrad de la Fuente,24/25,2025,1,0.6380072,1,0
391780,Derrick Köhn,24/25,2025,1,0.6377588,1,0
356024,Rubilio Castillo,24/25,2025,1,0.6377145,1,0
1192068,Tommaso Nucifero,24/25,2025,1,0.63770854,1,0
744728,Arijon Ibrahimovic,24/25,2025,1,0.63765085,1,0
185702,Danny Rose,24/25,2025,0,0.63755393,1,1
199179,Nikolaos Melissas,24/25,2025,1,0.63744164,1,0
194549,Simy,24/25,2025,1,0.6373596,1,0
426142,Jan de Boer,24/25,2025,0,0.63727695,1,1
1062967,Jon Merino,24/25,2025,1,0.6370841,1,0
981742,Adilson,24/25,2025,1,0.6370764,1,0
567114,Liam Morrison,24/25,2025,0,0.6370561,1,1
719986,Fito,24/25,2025,0,0.6369752,1,1
494827,Lucas Zeller,24/25,2025,0,0.63697445,1,1
1304196,Eduard Ihnatov,24/25,2025,0,0.6368643,1,1
1065268,Álex Jimenez,24/25,2025,1,0.63686347,1,0
565821,Mika Biereth,24/25,2025,0,0.63685095,1,1
357997,Thomas Schirò,24/25,2025,1,0.63664716,1,0
1056287,Pietro Pinelli,24/25,2025,0,0.636627,1,1
614623,Alexandru Oroian,24/25,2025,0,0.6365002,1,1
1182192,Simone Cat Berro,24/25,2025,1,0.6363662,1,0
315125,Javairô Dilrosun,24/25,2025,1,0.63634616,1,0
616903,Moustapha Yabre,24/25,2025,0,0.6362881,1,1
641665,Robert Starecek,24/25,2025,1,0.6361395,1,0
720524,Alexis Chamorro,24/25,2025,0,0.636132,1,1
320826,Ayodele Adetula,24/25,2025,1,0.63608986,1,0
457620,Vasilios Athanasiou,24/25,2025,1,0.6360276,1,0
518472,Willyan Rocha,24/25,2025,1,0.63587296,1,0
1048011,Samuel Ardau,24/25,2025,1,0.6357488,1,0
586855,Loreintz Rosier,24/25,2025,1,0.6357409,1,0
1010862,Rhani Abdennour,24/25,2025,0,0.63542366,1,1
284055,Tim Kießling,24/25,2025,1,0.63531935,1,0
1064543,Nordin Al Lal,24/25,2025,0,0.6352095,1,1
483640,Jan Koudelka,24/25,2025,0,0.63504046,1,1
596882,Álvaro Espínola,24/25,2025,1,0.6350356,1,0
715624,José Currás,24/25,2025,1,0.6348392,1,0
230552,Diego Laxalt,24/25,2025,1,0.63478935,1,0
611070,Moha Keita,24/25,2025,0,0.63476723,1,1
535545,Jacopo Nelli,24/25,2025,1,0.6346671,1,0
188478,Radoslav Tsonev,24/25,2025,1,0.6345893,1,0
186621,Vasilios Gavriilidis,24/25,2025,0,0.63441515,1,1
718178,Miguel Peña,24/25,2025,1,0.63421565,1,0
1175942,Davide Chiandussi,24/25,2025,1,0.63418007,1,0
1061825,Mattia Esposito,24/25,2025,1,0.6340606,1,0
397257,Luca Giudici,24/25,2025,1,0.6340346,1,0
481675,Christos Mandas,24/25,2025,0,0.6339665,1,1
1046151,Jusuf Ugljanin,24/25,2025,1,0.633675,1,0
297198,Christian Ilic,24/25,2025,1,0.6336541,1,0
513441,Diego González,24/25,2025,1,0.6334056,1,0
937042,Darius Fălcușan,24/25,2025,1,0.63327515,1,0
504855,John McAtee,24/25,2025,0,0.6332711,1,1
1030192,Gil Ebner,24/25,2025,1,0.63323957,1,0
815028,Panagiotis Anastasopoulos,24/25,2025,1,0.6332256,1,0
193050,Valmir Sulejmani,24/25,2025,1,0.63316447,1,0
805835,Rémy Vita,24/25,2025,1,0.6331192,1,0
281404,Kenedy,24/25,2025,1,0.6330704,1,0
1182084,Giulio Leo,24/25,2025,1,0.633041,1,0
85164,Andre Hoffmann,24/25,2025,1,0.63296795,1,0
124517,Sebastian Kerk,24/25,2025,1,0.632941,1,0
425733,Nikola Stevanovic,24/25,2025,1,0.6328229,1,0
935822,Vladyslav Nagrudnyi,24/25,2025,1,0.63281393,1,0
388795,Oumar Gonzalez,24/25,2025,0,0.63277686,1,1
406699,Mosawer Ahadi,24/25,2025,1,0.632774,1,0
328573,Barnabás Varga,24/25,2025,0,0.6327117,1,1
55605,Hasan Ali Kaldırım,24/25,2025,1,0.6326593,1,0
537436,Ludovico Ricci,24/25,2025,1,0.6325979,1,0
436176,Takuto Yasuoka,24/25,2025,0,0.63256025,1,1
397444,Marco Mosca,24/25,2025,1,0.6325031,1,0
829299,Max Weiß,24/25,2025,1,0.6323479,1,0
1047861,Watts,24/25,2025,1,0.63233876,1,0
52570,Fraser Forster,24/25,2025,1,0.6323362,1,0
710000,David Cuenca,24/25,2025,1,0.6323037,1,0
675878,Cristian,24/25,2025,0,0.6322324,1,1
1035300,Giovanni Cogo,24/25,2025,1,0.6321477,1,0
854085,Ivan Mensah,24/25,2025,1,0.6321462,1,0
502245,Dion De Neve,24/25,2025,1,0.63196087,1,0
128909,Jack Robinson,24/25,2025,1,0.6319446,1,0
339919,Iliya Yurukov,24/25,2025,1,0.6318191,1,0
709998,Lucas Alcázar,24/25,2025,1,0.6317368,1,0
529315,Alexander Muci,24/25,2025,1,0.63166285,1,0
196446,Liam Dick,24/25,2025,1,0.63140833,1,0
1043030,Guga,24/25,2025,0,0.63129264,1,1
729167,Emmanuel Ntsiakoh,24/25,2025,1,0.63126,1,0
422400,Ezequiel Montagna,24/25,2025,1,0.6311613,1,0
238950,Francesco Di Mariano,24/25,2025,1,0.6310663,1,0
550934,Amador Zarco,24/25,2025,0,0.63101256,1,1
829771,Tim Hoops,24/25,2025,1,0.6309215,1,0
183614,Ahmet Dereli,24/25,2025,1,0.63084936,1,0
1110406,Ibrahim Osman,24/25,2025,1,0.63075674,1,0
190222,Sander van de Streek,24/25,2025,0,0.63075256,1,1
592498,Tiago Manso,24/25,2025,0,0.6307278,1,1
1065861,Ernesto Ballabile,24/25,2025,1,0.63063,1,0
661711,Jonas Oehmichen,24/25,2025,0,0.63061893,1,1
487850,Oladapo Afolayan,24/25,2025,0,0.6305483,1,1
1291792,Agustín Juarez,24/25,2025,1,0.63053364,1,0
167472,Youssouf M'Changama,24/25,2025,1,0.6305131,1,0
192239,Ryan Williams,24/25,2025,0,0.6305119,1,1
226058,Luka Bogdan,24/25,2025,1,0.63015354,1,0
744941,Sekou Lega,24/25,2025,1,0.6301039,1,0
230968,Alexandros Nikolias,24/25,2025,1,0.62999594,1,0
255468,Adam Andersson,24/25,2025,1,0.62981266,1,0
527813,Robin Bird,24/25,2025,0,0.629803,1,1
1107994,Gabriel Obekpa,24/25,2025,0,0.62975484,1,1
282427,Fran Ganfornina,24/25,2025,0,0.629669,1,1
1146719,Yasin Belhadj,24/25,2025,0,0.62954956,1,1
125103,Marvin Ducksch,24/25,2025,1,0.6293853,1,0
301037,Aleksandr Filin,24/25,2025,1,0.6293659,1,0
207005,Mohamed Bettamer,24/25,2025,1,0.62931806,1,0
128036,Bright Addae,24/25,2025,0,0.62928635,1,1
1168851,Omar Khedr,24/25,2025,0,0.6292212,1,1
93557,Ulrich Taffertshofer,24/25,2025,0,0.6292173,1,1
607228,Félix Nzouango,24/25,2025,1,0.6291538,1,0
589459,Joseda Menargues,24/25,2025,1,0.6290166,1,0
718579,Iván Martínez,24/25,2025,0,0.6288277,1,1
1001362,Max Vartuli,24/25,2025,0,0.62875056,1,1
259183,Serhat Koruk,24/25,2025,0,0.6286154,1,1
709671,Răzvan Pașcalău,24/25,2025,1,0.6286143,1,0
298743,Stanisa Mandic,24/25,2025,0,0.6286079,1,1
430798,Don Bolsius,24/25,2025,0,0.62858105,1,1
719720,David Argüelles,24/25,2025,1,0.62832534,1,0
731467,Simone Giorgeschi,24/25,2025,1,0.62830245,1,0
816897,Lorenzo Podda,24/25,2025,1,0.62828845,1,0
983138,Mattia Maffei,24/25,2025,1,0.62810516,1,0
354507,Roberto Domínguez,24/25,2025,0,0.6280045,1,1
146761,Roberto Guitto,24/25,2025,0,0.6278893,1,1
1088267,Lapo Accorsini,24/25,2025,1,0.6278055,1,0
338107,Simone Rossetti,24/25,2025,0,0.6275741,1,1
1169857,Freddie Anderson,24/25,2025,0,0.62745494,1,1
344969,Davor Zdravkovski,24/25,2025,1,0.62743074,1,0
392131,Simon Asta,24/25,2025,1,0.62734026,1,0
395612,Nicolò Clerici,24/25,2025,1,0.62708354,1,0
412952,Nigel Thomas,24/25,2025,1,0.6268763,1,0
457107,Ángel López,24/25,2025,1,0.6268232,1,0
541646,Diego Barri,24/25,2025,1,0.62679,1,0
335593,Ben Barclay,24/25,2025,1,0.6267132,1,0
520695,Pepe Bernal,24/25,2025,1,0.62654436,1,0
707608,Victor Valverde,24/25,2025,1,0.6263762,1,0
1281601,Leonardo Tassi,24/25,2025,1,0.6262014,1,0
459946,Carlo Alberto Tosi,24/25,2025,0,0.6261787,1,1
1201233,Cade Melrose,24/25,2025,0,0.6259978,1,1
1147892,Pau Palacín,24/25,2025,1,0.6259871,1,0
138816,Alessio Curcio,24/25,2025,1,0.62595683,1,0
568362,Suphanat Mueanta,24/25,2025,0,0.6259484,1,1
429881,Federico Simonti,24/25,2025,1,0.62594366,1,0
469892,Yair Castro,24/25,2025,1,0.62587297,1,0
421343,Fabio Gonella,24/25,2025,1,0.6258621,1,0
664808,August Priske,24/25,2025,0,0.62575185,1,1
567475,Andrea Ceresoli,24/25,2025,1,0.6257451,1,0
1056169,Lorenzo Giorgi,24/25,2025,1,0.6256842,1,0
395833,Harry Paton,24/25,2025,1,0.6256621,1,0
342350,Francesco D'Orsi,24/25,2025,0,0.6256232,1,1
318508,Olivier Boscagli,24/25,2025,1,0.6254031,1,0
698548,Marko Lazetić,24/25,2025,1,0.6249969,1,0
410222,Ousseynou Thioune,24/25,2025,1,0.62482184,1,0
893997,Cameron Ferguson,24/25,2025,1,0.62467855,1,0
800988,Benjamin Boakye,24/25,2025,1,0.6244258,1,0
711628,Pablo Pérez,24/25,2025,1,0.62438315,1,0
395888,Nicola Andreoli,24/25,2025,1,0.6243389,1,0
459180,Riccardo Spaltro,24/25,2025,1,0.62426513,1,0
509234,Mattéo Ahlinvi,24/25,2025,0,0.62422466,1,1
636693,David Navarro,24/25,2025,0,0.624221,1,1
90800,Diego Rodríguez,24/25,2025,0,0.6240198,1,1
462977,Benjamín Garré,24/25,2025,0,0.6238714,1,1
884809,Luke Rahmann,24/25,2025,1,0.62384,1,0
1044735,Filip Mikes,24/25,2025,1,0.62379014,1,0
124416,Patrick Schmidt,24/25,2025,0,0.6237757,1,1
1054332,Riccardo Bordoni,24/25,2025,1,0.6236461,1,0
187097,Budu Zivzivadze,24/25,2025,0,0.62363285,1,1
1056171,Alessandro Bassino,24/25,2025,0,0.6235346,1,1
128905,Josh McEachran,24/25,2025,1,0.62349445,1,0
531783,Rob Atkinson,24/25,2025,0,0.62339383,1,1
682103,Adrián Lledó,24/25,2025,1,0.6233918,1,0
1031769,Tim Windsheimer,24/25,2025,1,0.62332445,1,0
466813,Miguelete,24/25,2025,0,0.6233233,1,1
515581,Aidan Steele,24/25,2025,1,0.6233016,1,0
593917,Ramin Alii,24/25,2025,1,0.6231552,1,0
217918,Aleksandar Damcevski,24/25,2025,0,0.6231099,1,1
839533,Stepan Beran,24/25,2025,1,0.6228777,1,0
158569,Marco Spinosa,24/25,2025,1,0.62277263,1,0
885858,Riccardo De Zen,24/25,2025,0,0.62274927,1,1
1225762,Adnane Ghailan,24/25,2025,0,0.6227274,1,1
568484,Andrea Romano,24/25,2025,0,0.6227219,1,1
244930,Hikmet Çiftçi,24/25,2025,0,0.6226164,1,1
100131,William Carvalho,24/25,2025,1,0.6222785,1,0
929887,Adam Sevinsky,24/25,2025,0,0.622244,1,1
1060923,Oussama Boukir,24/25,2025,1,0.62190706,1,0
251896,Jesús Vallejo,24/25,2025,1,0.62141484,1,0
688495,Thomas Scapin,24/25,2025,1,0.621158,1,0
490426,Krépin Diatta,24/25,2025,0,0.6210012,1,1
397850,Gabriele Gibilterra,24/25,2025,1,0.62093705,1,0
381950,Alexis Saelemaekers,24/25,2025,0,0.62073684,1,1
398945,Miloš Bočić,24/25,2025,1,0.62069356,1,0
158120,Ismael Tajouri-Shradi,24/25,2025,1,0.6206188,1,0
355273,Ben Kennedy,24/25,2025,0,0.6204803,1,1
938431,Marko Kerkez,24/25,2025,1,0.62038136,1,0
918957,Davide Renzetti,24/25,2025,1,0.6203695,1,0
650472,Blnd Hassan,24/25,2025,1,0.6203442,1,0
389837,Nicolò Casale,24/25,2025,1,0.6202953,1,0
434109,Fabian Windhager,24/25,2025,0,0.6202122,1,1
946275,Ian Forns,24/25,2025,1,0.6199983,1,0
354145,Jorge Carrascal,24/25,2025,1,0.6198258,1,0
646698,Gabriel Misehouy,24/25,2025,1,0.6197812,1,0
463760,Ethan Erhahon,24/25,2025,1,0.6197242,1,0
333092,Josiel Núñez,24/25,2025,1,0.6195748,1,0
196445,Dustin Corea,24/25,2025,1,0.61955553,1,0
929978,Andrea Agostini,24/25,2025,0,0.61955136,1,1
283196,Kasper Dolberg,24/25,2025,1,0.61948997,1,0
584087,Roni Arabaci,24/25,2025,1,0.61945033,1,0
834767,Loren Sánchez,24/25,2025,1,0.6194222,1,0
176422,Adrià Gallego,24/25,2025,1,0.6193523,1,0
623412,Mihai Popa,24/25,2025,0,0.61923236,1,1
400044,Balázs Tóth,24/25,2025,0,0.6191383,1,1
651003,Tommaso Maressa,24/25,2025,1,0.6191329,1,0
892633,Aitor Pérez,24/25,2025,0,0.6190818,1,1
84377,Jonatan Gómez,24/25,2025,1,0.6189291,1,0
295822,Robert Geantă,24/25,2025,1,0.61878544,1,0
763182,Josué Casimir,24/25,2025,1,0.618707,1,0
936714,Mariano Nichele,24/25,2025,1,0.6187045,1,0
278651,Gerard Valentín,24/25,2025,1,0.6184595,1,0
814468,Matteo Polizzi,24/25,2025,1,0.61841804,1,0
275020,Héber Pena,24/25,2025,1,0.6175886,1,0
1107991,Ognjen Teofilovic,24/25,2025,1,0.6172534,1,0
322765,Nathan Gartside,24/25,2025,1,0.61708784,1,0
209291,Jack Bonham,24/25,2025,0,0.6170836,1,1
297373,Mike Hauptmeijer,24/25,2025,1,0.6170707,1,0
914195,Yutaka Michiwaki,24/25,2025,0,0.6170589,1,1
624751,Lyall Cameron,24/25,2025,1,0.6170044,1,0
56682,Andrea Signorini,24/25,2025,0,0.61682236,1,1
336325,Enrique Peña Zauner,24/25,2025,0,0.61681914,1,1
271495,Abdülkadir Ömür,24/25,2025,1,0.6166837,1,0
96133,Fabio Scarsella,24/25,2025,0,0.616622,1,1
463455,Federico Zazzi,24/25,2025,1,0.6165596,1,0
621933,Clemens Steinbauer,24/25,2025,1,0.616525,1,0
951296,Christos Almyras,24/25,2025,1,0.6163921,1,0
745246,Levin Mattmüller,24/25,2025,1,0.61620176,1,0
702911,Luis Asué,24/25,2025,1,0.61618817,1,0
927608,Diogo Amaro,24/25,2025,0,0.61601764,1,1
703822,Ties Oostra,24/25,2025,1,0.6160084,1,0
1175869,Jesús Belza,24/25,2025,0,0.6158444,1,1
552437,Mohammed Amine Chakir,24/25,2025,1,0.61578095,1,0
1059439,Paweł Depka,24/25,2025,1,0.6156961,1,0
153897,Arnold Budimbu,24/25,2025,1,0.6155884,1,0
1171530,Iker Galindo,24/25,2025,1,0.61538833,1,0
965715,Lassina Kone Junior,24/25,2025,0,0.6151922,1,1
1154876,Kasey Bos,24/25,2025,1,0.6151273,1,0
1075192,Sergio Carmona,24/25,2025,1,0.6150195,1,0
631258,Alistair Smith,24/25,2025,1,0.6149669,1,0
441385,Gonzalo Maroni,24/25,2025,0,0.6149132,1,1
309923,Jaime Moreno,24/25,2025,0,0.6148039,1,1
715330,Filippo Magnaldi,24/25,2025,0,0.61478865,1,1
331376,Werick Caetano,24/25,2025,1,0.61465245,1,0
66106,Sergio Canales,24/25,2025,0,0.61463994,1,1
1079591,Lorenzo Ciarmoli,24/25,2025,1,0.6146333,1,0
485798,Davide Munari,24/25,2025,1,0.6145776,1,0
510310,Sivert Mannsverk,24/25,2025,1,0.6145586,1,0
842149,Kieren Flavell,24/25,2025,0,0.6145293,1,1
332069,Philip Rejnhold,24/25,2025,1,0.61452264,1,0
539795,Bryan Okoh,24/25,2025,1,0.61446226,1,0
784722,Jaume Tovar,24/25,2025,0,0.61436635,1,1
471890,Max Geschwill,24/25,2025,1,0.6141291,1,0
695279,Michal Matus,24/25,2025,1,0.61412185,1,0
212746,Alexandru Băluță,24/25,2025,1,0.61404425,1,0
328455,Juriën Gaari,24/25,2025,1,0.6138483,1,0
672202,Camilo,24/25,2025,0,0.61342984,1,1
197898,Edoardo Lancini,24/25,2025,1,0.613301,1,0
715635,Alex Rodríguez,24/25,2025,1,0.61323357,1,0
696687,Hugo Neves,24/25,2025,1,0.6130751,1,0
94304,Goran Causic,24/25,2025,0,0.6130666,1,1
391346,Julio Gracia,24/25,2025,0,0.6130589,1,1
152975,Aleix Coch,24/25,2025,0,0.61294115,1,1
353147,Dennis Adeniran,24/25,2025,1,0.61282194,1,0
290733,Gian Filippo Felicioli,24/25,2025,0,0.61276025,1,1
1163638,Yeimar Mosquera,24/25,2025,0,0.6127496,1,1
1109255,Skander Tahri,24/25,2025,0,0.61246127,1,1
934148,Gabriele Perricci,24/25,2025,1,0.61235464,1,0
620015,Tenton Yenne,24/25,2025,1,0.61201334,1,0
112457,Alessandro Bassoli,24/25,2025,1,0.61187524,1,0
980464,Pedro Igor,24/25,2025,0,0.6118673,1,1
885310,Ardit Nuredini,24/25,2025,1,0.6117331,1,0
1030201,Noel Kaiser,24/25,2025,1,0.61168903,1,0
327757,Krzysztof Piatek,24/25,2025,1,0.6114812,1,0
963674,Vladimir Ivanov,24/25,2025,0,0.6114472,1,1
1066142,Dominik Pech,24/25,2025,1,0.61137307,1,0
387199,Benaissa Benamar,24/25,2025,1,0.6113341,1,0
331637,Tom Baack,24/25,2025,1,0.6112176,1,0
409472,Ousama Siddiki,24/25,2025,0,0.61112815,1,1
339751,Pavel Zabelin,24/25,2025,1,0.61104894,1,0
1065451,Mikel Ansó,24/25,2025,1,0.61097497,1,0
271092,Eduardo Loscos,24/25,2025,1,0.6109733,1,0
815677,Vinicius Mello,24/25,2025,0,0.61094254,1,1
189650,Tim Receveur,24/25,2025,1,0.6108825,1,0
991312,Nikita Baranok,24/25,2025,0,0.61071557,1,1
734348,Hernán Zazas,24/25,2025,1,0.6106455,1,0
718586,Manu Morillo,24/25,2025,1,0.61063886,1,0
257456,Chico Geraldes,24/25,2025,1,0.6105677,1,0
1054934,Maroan Sannadi,24/25,2025,0,0.61046404,1,1
172623,Ramy Rabia,24/25,2025,1,0.61042416,1,0
386685,Matheo Raab,24/25,2025,1,0.6103632,1,0
686339,Daniil Polyanskiy,24/25,2025,1,0.61029124,1,0
804028,Kevin Lebersorger,24/25,2025,1,0.61026764,1,0
244940,Salih Özcan,24/25,2025,0,0.6101986,1,1
292032,Pelle Hoppe,24/25,2025,1,0.61008316,1,0
445971,Manolis Aliatidis,24/25,2025,1,0.6098785,1,0
390159,Vincenzo Millico,24/25,2025,1,0.6098428,1,0
815219,Ivan Mandić,24/25,2025,1,0.6097497,1,0
986892,Max Lippert,24/25,2025,1,0.6094768,1,0
387129,Róber Pier,24/25,2025,1,0.60943055,1,0
285179,Vincent Atinga,24/25,2025,0,0.60928035,1,1
73932,Alessio Luciani,24/25,2025,1,0.6092506,1,0
855299,Ben Krauhaus,24/25,2025,1,0.6091868,1,0
249459,Tarsi Aguado,24/25,2025,1,0.6087917,1,0
197476,Alex Redolfi,24/25,2025,1,0.60875267,1,0
791694,Luís Ribeiro,24/25,2025,1,0.6087476,1,0
257462,Luka Jović,24/25,2025,1,0.60871416,1,0
587458,Kevin Agudelo,24/25,2025,0,0.60859114,1,1
988243,Noah Maboulou,24/25,2025,1,0.6085502,1,0
1284085,Tomas Castillo,24/25,2025,0,0.6084953,1,1
1175183,Peterson Paul,24/25,2025,0,0.6084724,1,1
586059,Will Hondermarck,24/25,2025,1,0.6082685,1,0
659459,Carney Chukwuemeka,24/25,2025,1,0.60811454,1,0
379892,Diego Campos,24/25,2025,0,0.6078271,1,1
636254,Rakip Bregu,24/25,2025,1,0.60772336,1,0
647548,Anthony Walker,24/25,2025,1,0.60753334,1,0
74230,Pablo Sarabia,24/25,2025,1,0.60742164,1,0
847650,Tommaso Senzamici,24/25,2025,0,0.60726255,1,1
617646,Crocefisso Cancelli,24/25,2025,1,0.6071935,1,0
928748,Áron Papp,24/25,2025,0,0.60709125,1,1
1030153,Justin Bourgault,24/25,2025,0,0.60701644,1,1
1187269,Alessio Pesoli,24/25,2025,1,0.60691184,1,0
120917,Sean Parker,24/25,2025,0,0.60677296,1,1
1175656,Thomas Diego Altomonte,24/25,2025,1,0.60669553,1,0
711034,Gianmarco Todisco,24/25,2025,1,0.6066098,1,0
100722,Lago Júnior,24/25,2025,1,0.6064302,1,0
242716,Enzo Basilio,24/25,2025,1,0.60639185,1,0
445241,Roberto Iezzi,24/25,2025,1,0.60615313,1,0
611905,Claudio Messaggi,24/25,2025,0,0.6059787,1,1
396307,Danilo Quaranta,24/25,2025,1,0.60595316,1,0
689358,János Takács,24/25,2025,1,0.6059323,1,0
66736,Lisandro Magallán,24/25,2025,1,0.6058259,1,0
1151630,Álex Rubio,24/25,2025,1,0.60578495,1,0
885226,Riyad Idrissi,24/25,2025,0,0.6056249,1,1
397677,Niko Bretschneider,24/25,2025,1,0.605619,1,0
1077315,Anastasios Loupas,24/25,2025,1,0.6054787,1,0
612756,Amoah Sam,24/25,2025,0,0.60539585,1,1
1176398,Edoardo Bettinelli,24/25,2025,1,0.60536385,1,0
262613,Pelle van Amersfoort,24/25,2025,0,0.6052859,1,1
280044,Luca Zanon,24/25,2025,1,0.6052462,1,0
947639,Olawale Farayola,24/25,2025,1,0.6047787,1,0
1299824,Stijn Middendorp,24/25,2025,0,0.6047204,1,1
708267,Nassim Benaissa,24/25,2025,1,0.60461843,1,0
265592,Mitch Pinnock,24/25,2025,1,0.60446566,1,0
919620,Joseph Nduquidi,24/25,2025,1,0.60446036,1,0
254039,José Antonio Caro,24/25,2025,0,0.6043667,1,1
944331,Youssoupha Niang,24/25,2025,0,0.60434705,1,1
740159,David Sousa,24/25,2025,1,0.6042376,1,0
908857,Ágúst Orri Thorsteinsson,24/25,2025,0,0.6041765,1,1
255744,Samir Caetano,24/25,2025,1,0.6041387,1,0
203628,Tim Bunge,24/25,2025,0,0.60408026,1,1
461511,Yac Diori,24/25,2025,1,0.6040641,1,0
90451,Iván Marcone,24/25,2025,0,0.6035579,1,1
795523,Enes Yılmaz,24/25,2025,1,0.6035119,1,0
45529,Said Ahmed Said,24/25,2025,1,0.6034263,1,0
668277,Alan Godoy,24/25,2025,1,0.6030806,1,0
938722,Oier Gastesi,24/25,2025,1,0.602968,1,0
267152,Sebastian Musiolik,24/25,2025,1,0.6029551,1,0
528834,Jan Shcherbakovski,24/25,2025,1,0.602928,1,0
1052859,Vladyslav Kopotun,24/25,2025,0,0.60281,1,1
590630,Jaber Issa,24/25,2025,0,0.6027225,1,1
634117,Pablo Valencia,24/25,2025,1,0.6026022,1,0
284701,Samuel Portugal,24/25,2025,1,0.60232913,1,0
704347,Antonio Pio Iervolino,24/25,2025,0,0.60226893,1,1
177596,Javi Bonilla,24/25,2025,0,0.60202426,1,1
457251,Gabriele Ingrosso,24/25,2025,1,0.6020046,1,0
1075574,Amidou Doumbouya,24/25,2025,1,0.6019444,1,0
1064412,Samu Almagro,24/25,2025,0,0.60188514,1,1
883007,Filippo Mane,24/25,2025,0,0.60172063,1,1
63491,Andreas Vasilogiannis,24/25,2025,0,0.6017008,1,1
255119,Elias Dolah,24/25,2025,1,0.6015076,1,0
405833,Bruno Silva,24/25,2025,0,0.6013505,1,1
571116,Eyram Leveh,24/25,2025,1,0.6013233,1,0
467435,Yannik Schlößer,24/25,2025,1,0.6012853,1,0
993353,Kaloyan Pehlivanov,24/25,2025,0,0.6008448,1,1
85148,Julian Draxler,24/25,2025,0,0.6006032,1,1
270187,Tomás Sánchez,24/25,2025,0,0.6004747,1,1
504215,Giovanni Reyna,24/25,2025,1,0.60039747,1,0
638138,Brais Martínez,24/25,2025,1,0.6001436,1,0
191359,Florian Pick,24/25,2025,1,0.60011846,1,0
694674,Christian Farini,24/25,2025,1,0.59991246,1,0
651335,Kanto Fitiavana Voahariniaina,24/25,2025,0,0.59979045,1,1
1245815,Siviwe Magidigidi,24/25,2025,1,0.59975004,1,0
945701,Dani Clavijo,24/25,2025,0,0.59973353,1,1
386833,Guido Variola,24/25,2025,0,0.5996984,1,1
1035864,Leon Mergner,24/25,2025,0,0.5996982,1,1
177031,Emrah Başsan,24/25,2025,1,0.59962934,1,0
607226,Loum Tchaouna,24/25,2025,1,0.5993809,1,0
632872,Francisco Mwepu,24/25,2025,1,0.5987764,1,0
400549,Magnus Kaastrup,24/25,2025,1,0.5987258,1,0
803401,Ryan Andrews,24/25,2025,1,0.59868604,1,0
1001546,Jerome Kortebusch,24/25,2025,1,0.5986698,1,0
667061,Simone Maglieri,24/25,2025,1,0.59862554,1,0
802713,Adam Ahmad,24/25,2025,1,0.5985744,1,0
926995,Amar Diagne,24/25,2025,0,0.5985533,1,1
484215,Toby Sibbick,24/25,2025,1,0.59854275,1,0
1139455,Favour Inyeka Ogbu,24/25,2025,0,0.59831196,1,1
564792,Giovanni Garofani,24/25,2025,1,0.5982076,1,0
625653,Iker Kortajarena,24/25,2025,0,0.5980029,1,1
494847,Lovro Majkic,24/25,2025,1,0.59794223,1,0
1137322,Álex Lizancos,24/25,2025,1,0.5979124,1,0
147993,Florin Bejan,24/25,2025,0,0.59790146,1,1
1243090,Ilya Vasin,24/25,2025,0,0.5976842,1,1
1229846,Daniel Michel,24/25,2025,1,0.59754574,1,0
229909,Tobias Kordick,24/25,2025,1,0.597533,1,0
576737,Firza Andika,24/25,2025,1,0.597533,1,0
642591,Maranhão,24/25,2025,0,0.5974146,1,1
568719,Leonardo Agius,24/25,2025,1,0.597346,1,0
605780,Dawid Kocyla,24/25,2025,0,0.5972171,1,1
1021391,Emmanuel Poku,24/25,2025,0,0.5972027,1,1
797754,Ilario Porzi,24/25,2025,1,0.59711504,1,0
340345,Borja San Emeterio,24/25,2025,0,0.5969592,1,1
853948,Alejandro Piedrahita,24/25,2025,0,0.5969489,1,1
1052350,Nick Rothweiler,24/25,2025,0,0.59692717,1,1
68033,Steven Zuber,24/25,2025,0,0.5968233,1,1
1073397,Kenan Bilalovic,24/25,2025,1,0.59675413,1,0
829838,Hennes Behrens,24/25,2025,0,0.59665465,1,1
858491,Alexandru Capac,24/25,2025,1,0.5965887,1,0
1094415,Mohamed Hamdoune,24/25,2025,1,0.5964871,1,0
1185755,Samuele Sina,24/25,2025,1,0.5963004,1,0
297731,Enrico Bearzotti,24/25,2025,0,0.59627503,1,1
1051262,Gabriele Massaro,24/25,2025,0,0.5962707,1,1
535958,Ricardo Matos,24/25,2025,1,0.59607005,1,0
358008,Gianluca Gaetano,24/25,2025,1,0.59606886,1,0
1065998,Edoardo Olivieri,24/25,2025,1,0.5960294,1,0
1121945,Martin Georgiev,24/25,2025,0,0.59601635,1,1
256023,Serkan Yusein,24/25,2025,0,0.59594333,1,1
247661,Gideon Jung,24/25,2025,1,0.59591836,1,0
455348,Víctor San Bartolomé,24/25,2025,1,0.5958557,1,0
1228715,Samu Rodríguez,24/25,2025,0,0.5956939,1,1
246204,Salvi Sánchez,24/25,2025,1,0.5956503,1,0
665552,Denis Dziuba,24/25,2025,1,0.59556824,1,0
808452,Jack Milne,24/25,2025,0,0.59556353,1,1
162036,Diego Caballo,24/25,2025,1,0.5955011,1,0
967948,Garang Kuol,24/25,2025,1,0.5953128,1,0
1066821,Vasilios Archontakakis,24/25,2025,0,0.5952162,1,1
244192,Pierluigi Gollini,24/25,2025,0,0.59511876,1,1
932741,Mattia Ievoli,24/25,2025,1,0.5950636,1,0
392577,Matteo Rover,24/25,2025,1,0.594973,1,0
1066823,Konstantinos Roumeliotis,24/25,2025,0,0.5949357,1,1
255904,Kaiser,24/25,2025,0,0.5949319,1,1
800028,Alexandros Kedikoglou,24/25,2025,0,0.594864,1,1
278332,Florian Neuhaus,24/25,2025,0,0.5947546,1,1
92693,Darío Benedetto,24/25,2025,1,0.5946427,1,0
1120307,Destiny Ilahude,24/25,2025,0,0.59452355,1,1
222332,Lasha Dvali,24/25,2025,1,0.5944511,1,0
923536,Andreas Myklebust,24/25,2025,0,0.5941255,1,1
775048,Omar Mohamedhoesein,24/25,2025,0,0.594121,1,1
335795,András Hársfalvi,24/25,2025,1,0.594119,1,0
445623,Cem Üstündag,24/25,2025,1,0.5940025,1,0
1161617,Boubacar Diallo,24/25,2025,1,0.5938871,1,0
280039,Marco Soprano,24/25,2025,0,0.59380037,1,1
1054346,Antonio Delaj,24/25,2025,1,0.5931947,1,0
376211,Matías Vargas,24/25,2025,0,0.59318084,1,1
81173,Janis Blaswich,24/25,2025,1,0.59313804,1,0
110316,Gerardo Strumbo,24/25,2025,0,0.593118,1,1
1066093,Guillermo Macho,24/25,2025,1,0.59311074,1,0
1170825,Riccardo Finazzi,24/25,2025,1,0.5930806,1,0
523363,Kaio,24/25,2025,1,0.59303457,1,0
381752,Alfonso Candelas,24/25,2025,0,0.5929554,1,1
688747,Juanjo Sánchez,24/25,2025,1,0.5926449,1,0
963150,Moi Parra,24/25,2025,0,0.5924429,1,1
979324,Eder García,24/25,2025,1,0.59238166,1,0
401384,Nicola Nanni,24/25,2025,1,0.59227496,1,0
468688,Maximilian Weisbäcker,24/25,2025,1,0.59195036,1,0
387078,Andrea Boscolo Papo,24/25,2025,0,0.591907,1,1
877257,Mattia Leoncini,24/25,2025,1,0.5916049,1,0
922977,Petr Mirvald,24/25,2025,1,0.59154737,1,0
970683,Piotr Pardel,24/25,2025,0,0.59150165,1,1
692739,Miraç Asıltekin,24/25,2025,1,0.5914387,1,0
25808,Oto John,24/25,2025,0,0.5913756,1,1
123551,Sam Morsy,24/25,2025,1,0.5913288,1,0
189157,Vasilios Papadopoulos,24/25,2025,0,0.59131473,1,1
205792,Jordanco Naumoski,24/25,2025,0,0.5912022,1,1
162063,Salva Ruiz,24/25,2025,0,0.5910128,1,1
223974,Stefan Posch,24/25,2025,1,0.59098524,1,0
859134,Amine Zouhzouh,24/25,2025,1,0.59093475,1,0
392767,Danny Namaso,24/25,2025,1,0.59091824,1,0
1173024,Nathan Fernandes,24/25,2025,0,0.5908713,1,1
569373,Isaac Solet,24/25,2025,0,0.590784,1,1
1035852,Magnus Baars,24/25,2025,1,0.59071046,1,0
396337,Miguel San Román,24/25,2025,1,0.5906981,1,0
675946,Marin Petkov,24/25,2025,0,0.5906412,1,1
1268443,Miroslav Georgiev,24/25,2025,0,0.59059805,1,1
745493,Umberto De Luca,24/25,2025,0,0.59055424,1,1
282365,Juan Cruz Kaprof,24/25,2025,1,0.5905281,1,0
166680,Pol Roigé,24/25,2025,1,0.5903579,1,0
207965,Giacomo Risaliti,24/25,2025,1,0.5903516,1,0
131357,Pedro Capó,24/25,2025,1,0.5903231,1,0
194218,Yeltsin Tejeda,24/25,2025,0,0.5902942,1,1
1116074,Gabriele Federico,24/25,2025,1,0.5901743,1,0
875334,Semih Kılıçsoy,24/25,2025,1,0.5901376,1,0
422573,Sergiu Jurj,24/25,2025,0,0.5899393,1,1
493983,Pavel Sokol,24/25,2025,1,0.58963645,1,0
172323,Cameron Howieson,24/25,2025,0,0.5896196,1,1
896352,Anas Alaoui,24/25,2025,1,0.5895594,1,0
724023,Ondrej Kukucka,24/25,2025,1,0.5893867,1,0
915899,Dominik Nisandzic,24/25,2025,0,0.5893746,1,1
216401,Marvin Ajani,24/25,2025,1,0.58916944,1,0
16043,Alessandro Albertini,24/25,2025,1,0.5888855,1,0
1037758,Alexander Dikarev,24/25,2025,1,0.58869886,1,0
907087,Berkay Yilmaz,24/25,2025,0,0.58869046,1,1
1152997,Mateo Scheffer Bracco,24/25,2025,1,0.5886182,1,0
926935,Fritz Engel,24/25,2025,1,0.5885582,1,0
166326,Peter Leeuwenburgh,24/25,2025,0,0.5884613,1,1
55595,Benjamin Mokulu,24/25,2025,1,0.58821595,1,0
230902,Javi Barrio,24/25,2025,0,0.58819306,1,1
463776,Antonio Granata,24/25,2025,1,0.5881576,1,0
725677,Fritz Schröder,24/25,2025,0,0.5881224,1,1
1102070,Kiani Inge,24/25,2025,1,0.58811826,1,0
712181,James Wright,24/25,2025,0,0.58809555,1,1
260557,Slavko Damjanovic,24/25,2025,1,0.5879304,1,0
630523,Martin Svidersky,24/25,2025,1,0.5878842,1,0
936509,Daniel Tarko,24/25,2025,0,0.587854,1,1
226005,Franco Fragapane,24/25,2025,0,0.5878127,1,1
415550,Joaquín Ardaiz,24/25,2025,1,0.58767444,1,0
454238,Tomás Alarcón,24/25,2025,0,0.5876536,1,1
875860,David Amigo,24/25,2025,0,0.58723736,1,1
1077242,Aodhan Doherty,24/25,2025,0,0.5872198,1,1
116094,Philip Fontein,24/25,2025,1,0.5871123,1,0
277560,Armando Ortiz,24/25,2025,1,0.58708805,1,0
184534,Alexander Ludwig,24/25,2025,0,0.5868642,1,1
188470,Francisco Calvo,24/25,2025,1,0.5866806,1,0
1043003,Yasin Özcan,24/25,2025,1,0.58663523,1,0
275956,Nader Ghandri,24/25,2025,0,0.5865829,1,1
486098,Louis Hall,24/25,2025,1,0.58643234,1,0
500782,Willy Vogt,24/25,2025,1,0.58642745,1,0
476355,Cícero,24/25,2025,0,0.58632034,1,1
627213,Gabriel Pereira,24/25,2025,0,0.58616704,1,1
197744,Nicolò Fazzi,24/25,2025,1,0.5860228,1,0
683620,Antoni Milambo,24/25,2025,1,0.5859951,1,0
662701,Joao Grimaldo,24/25,2025,0,0.5858952,1,1
1090074,Filippo Liberati,24/25,2025,1,0.5858284,1,0
506855,Cyrill Akono,24/25,2025,0,0.585742,1,1
187290,Kevin Brobbey,24/25,2025,1,0.58573943,1,0
245993,Fabio Ramon Tomassini,24/25,2025,0,0.5857341,1,1
852517,Shaq Forde,24/25,2025,0,0.58567446,1,1
786827,Marius Wörl,24/25,2025,1,0.58564043,1,0
135217,Patrick Olsen,24/25,2025,1,0.5855009,1,0
975440,Jacob Aboosah,24/25,2025,0,0.5854566,1,1
923759,Valentin Atangana,24/25,2025,1,0.58544064,1,0
448920,Enea Mihaj,24/25,2025,1,0.5853946,1,0
918974,Ibuki Nemoto,24/25,2025,0,0.58508974,1,1
528387,Dato Chertkoev,24/25,2025,0,0.58506036,1,1
398063,Luke Southwood,24/25,2025,1,0.58502567,1,0
359210,Alfa Semedo,24/25,2025,1,0.5848424,1,0
344605,Boubakary Soumaré,24/25,2025,0,0.5846937,1,1
598162,Javi Gómez,24/25,2025,1,0.5846789,1,0
164262,Dávid Kovács,24/25,2025,0,0.5846106,1,1
1019145,Omar Ouhdadi,24/25,2025,1,0.58443236,1,0
519748,Zé Ricardo,24/25,2025,0,0.5844224,1,1
1064122,Valen Gómez,24/25,2025,1,0.58435494,1,0
531973,Gianluigi Sueva,24/25,2025,1,0.5843313,1,0
392633,Pietro Gecchele,24/25,2025,0,0.5843245,1,1
878150,Amario Cozier-Duberry,24/25,2025,1,0.5840148,1,0
1319849,Abdullah Mansour Al-Rashidi,24/25,2025,0,0.5839887,1,1
400871,Kacper Krzepisz,24/25,2025,1,0.5839389,1,0
423440,Martín Zubimendi,24/25,2025,1,0.583836,1,0
145707,Danilo,24/25,2025,0,0.5838112,1,1
1035504,Nikolas Penev,24/25,2025,1,0.58376807,1,0
392634,Gabriele Dalla Bernardina,24/25,2025,0,0.58376455,1,1
555118,Toño Calvo,24/25,2025,0,0.58373684,1,1
463753,Harry Cochrane,24/25,2025,1,0.58372045,1,0
373301,Silva,24/25,2025,1,0.5836116,1,0
158863,Iñigo Martínez,24/25,2025,1,0.5835951,1,0
873981,Diego González,24/25,2025,0,0.5834537,1,1
555018,Lucas Araújo,24/25,2025,1,0.58331496,1,0
207834,Yassine Bounou,24/25,2025,0,0.5829108,1,1
1182220,Tommaso Scartabelli,24/25,2025,1,0.58280516,1,0
339122,Domi Berlanga,24/25,2025,1,0.58280253,1,0
735672,Maël de Gevigney,24/25,2025,0,0.5827735,1,1
556059,Marino Illescas,24/25,2025,1,0.58268994,1,0
1274871,Gabriele Petrucci,24/25,2025,1,0.5824589,1,0
406008,Yan Valery,24/25,2025,0,0.5823667,1,1
1045997,Devon Matthews,24/25,2025,0,0.582087,1,1
710670,Kevin Soeiro,24/25,2025,1,0.58192956,1,0
372711,Amine Harit,24/25,2025,1,0.581733,1,0
744729,Tarek Buchmann,24/25,2025,1,0.58170205,1,0
664420,Albert Caparrós,24/25,2025,0,0.5816792,1,1
216263,Aymen Souda,24/25,2025,1,0.5816011,1,0
450196,Ugochukwu Oduenyi,24/25,2025,1,0.5815961,1,0
450790,Benny,24/25,2025,0,0.5815645,1,1
942889,Jawad El Jemili,24/25,2025,1,0.58144915,1,0
577486,Gastón Álvarez,24/25,2025,0,0.58140826,1,1
397812,Daniele Rocco,24/25,2025,1,0.58092797,1,0
719926,Áron Csongvai,24/25,2025,0,0.58075786,1,1
21286,Ousmane Pato,24/25,2025,1,0.5807293,1,0
460347,Giovani Bamba,24/25,2025,1,0.5806341,1,0
173750,Nouha Dicko,24/25,2025,0,0.58055353,1,1
933555,Alessio Pozzoli,24/25,2025,0,0.5805411,1,1
441383,Alex Petkov,24/25,2025,1,0.58053905,1,0
161484,Lee Erwin,24/25,2025,1,0.5802787,1,0
124895,Bart Schenkeveld,24/25,2025,1,0.5802762,1,0
765468,Milan de Haan,24/25,2025,1,0.5802302,1,0
846358,Kerr Smith,24/25,2025,1,0.5801139,1,0
882980,Mattia Benvenuto,24/25,2025,1,0.57990396,1,0
1071651,Ousmane Sow,24/25,2025,0,0.57983285,1,1
731214,Diego Nieves,24/25,2025,0,0.5795491,1,1
733422,Jake Rooney,24/25,2025,1,0.5795063,1,0
407098,Jakub Kaminski,24/25,2025,1,0.5793827,1,0
705099,Cornelius Staver,24/25,2025,1,0.5793357,1,0
1018784,Adrian Svanbäck,24/25,2025,1,0.57932854,1,0
619323,Fausto Perseu,24/25,2025,1,0.57921845,1,0
666923,Momo Touré,24/25,2025,1,0.5790939,1,0
199947,Davide Voltan,24/25,2025,1,0.5788888,1,0
493000,Sebastián Villa,24/25,2025,0,0.57888424,1,1
615350,Cenk Özkacar,24/25,2025,1,0.5788801,1,0
510388,Lucas Anacker,24/25,2025,0,0.5787612,1,1
688638,Lorenz Hollenbach,24/25,2025,1,0.5786609,1,0
836804,Tarek Aggoun,24/25,2025,0,0.5785646,1,1
536451,Andrea Silipo,24/25,2025,0,0.57855684,1,1
211251,Darwin Machís,24/25,2025,1,0.5784702,1,0
390117,Samuele Damiani,24/25,2025,1,0.57825893,1,0
192736,Sabin Merino,24/25,2025,1,0.57793915,1,0
110934,Simone Sini,24/25,2025,0,0.5779095,1,1
820599,Marco Rao,24/25,2025,0,0.5778729,1,1
539665,Fredrik Oppegård,24/25,2025,0,0.57785916,1,1
347885,Fabio Morselli,24/25,2025,0,0.5778259,1,1
335209,Kevin Diks,24/25,2025,1,0.5777664,1,0
467994,Luca Belardinelli,24/25,2025,0,0.57756114,1,1
244997,Arne Sicker,24/25,2025,1,0.5774988,1,0
167854,Matteo Meucci,24/25,2025,0,0.57739085,1,1
935842,Alexandr Urban,24/25,2025,1,0.57722044,1,0
682351,Arthur Györgyi,24/25,2025,1,0.577072,1,0
102037,Jamal Bhuyan,24/25,2025,0,0.5769879,1,1
1061810,Karol Di Mauro,24/25,2025,0,0.57693964,1,1
1290144,Gennaro Di Somma,24/25,2025,1,0.5767203,1,0
939751,Matej Kadlec,24/25,2025,0,0.5767192,1,1
1306762,Miguel Ángel Álvarez Ortiz,24/25,2025,1,0.57667947,1,0
122493,Amir Sayoud,24/25,2025,1,0.57666016,1,0
197830,Josh Sheehan,24/25,2025,0,0.5766494,1,1
765068,Pedro Antonio Rodriguez,24/25,2025,0,0.5765833,1,1
146642,Ferdinando Mastroianni,24/25,2025,1,0.57655495,1,0
926135,Omari Kellyman,24/25,2025,1,0.5765382,1,0
365449,Xian Emmers,24/25,2025,1,0.5765195,1,0
574769,Alejandro Santana Viniegra,24/25,2025,1,0.57644093,1,0
554398,Vasilios Sourlis,24/25,2025,1,0.5764146,1,0
1011280,Donart Ibraimi,24/25,2025,1,0.576366,1,0
492313,Rodrigo Guth,24/25,2025,1,0.57633024,1,0
189521,Jorman Aguilar,24/25,2025,1,0.5762894,1,0
282722,Álex Collado,24/25,2025,1,0.5762104,1,0
337670,Alessio Da Cruz,24/25,2025,1,0.576169,1,0
412041,Álex Millán,24/25,2025,1,0.5761357,1,0
431185,Giannis Gerolemou,24/25,2025,1,0.57611805,1,0
221421,Kleis Bozhanaj,24/25,2025,1,0.57603145,1,0
1061040,Devran Bozardiç,24/25,2025,1,0.576015,1,0
470882,Fuad Sule,24/25,2025,1,0.575981,1,0
249121,Noah Sonko Sundberg,24/25,2025,1,0.5759719,1,0
826528,Federico Gomes Gerth,24/25,2025,1,0.5759709,1,0
402089,Ben Whitfield,24/25,2025,1,0.5759605,1,0
251106,Enes Ünal,24/25,2025,0,0.575622,1,1
490386,Jay-Dee Geusens,24/25,2025,0,0.57561535,1,1
1047127,Luc Dabrowski,24/25,2025,1,0.57550067,1,0
489343,Leo Oppermann,24/25,2025,0,0.57548577,1,1
719680,Kristi Montgomery,24/25,2025,0,0.575457,1,1
383630,Stavros Panagiotou,24/25,2025,1,0.5750234,1,0
667251,Hugo Bolin,24/25,2025,0,0.57496333,1,1
531413,Ale Meléndez,24/25,2025,0,0.57492083,1,1
937207,Lennart Pohlmann,24/25,2025,1,0.57485,1,0
837085,Azeez Oseni,24/25,2025,1,0.5748181,1,0
392281,Matteo Di Giovanni,24/25,2025,0,0.57477486,1,1
136641,Dimitrios Diamantakos,24/25,2025,1,0.5745727,1,0
199169,Umberto Germano,24/25,2025,1,0.5744939,1,0
561702,Gaizka Ayesa,24/25,2025,0,0.5742838,1,1
262861,Sebastián Palacios,24/25,2025,1,0.57423645,1,0
925221,Elion Jashari,24/25,2025,1,0.57418823,1,0
441098,Lucas Masoero,24/25,2025,1,0.5741869,1,0
203125,Gregory Wüthrich,24/25,2025,1,0.5740264,1,0
468256,Daniel Penha,24/25,2025,1,0.57395333,1,0
181661,Rolando Blackburn,24/25,2025,0,0.57373136,1,1
181498,George Evans,24/25,2025,1,0.5736261,1,0
916429,Kelvin Patrick,24/25,2025,1,0.5735782,1,0
1183411,Karel Pérez,24/25,2025,1,0.57355064,1,0
897853,Petar Marinov,24/25,2025,0,0.5735444,1,1
525131,Yacine Bourhane,24/25,2025,1,0.5733585,1,0
354482,Amir Murillo,24/25,2025,0,0.57308495,1,1
663703,Nicola Dipinto,24/25,2025,0,0.5730816,1,1
634118,Ibaider Garriz,24/25,2025,1,0.5730751,1,0
948936,Kyle Ure,24/25,2025,1,0.57305956,1,0
401583,Julián Chicco,24/25,2025,1,0.5729797,1,0
1085886,Joe Thomas,24/25,2025,1,0.5728588,1,0
1256478,Lorougnon Gohi,24/25,2025,1,0.5728327,1,0
240892,Bongani Zungu,24/25,2025,0,0.5728077,1,1
646750,Cristhian Mosquera,24/25,2025,1,0.57265997,1,0
469828,Mihajlo Neskovic,24/25,2025,0,0.5726398,1,1
670119,Victor Loturi,24/25,2025,0,0.5726092,1,1
1049599,Michele Scienza,24/25,2025,1,0.57257944,1,0
279829,Alexandros Anagnostopoulos,24/25,2025,1,0.57254314,1,0
164402,Dioni,24/25,2025,1,0.57249266,1,0
627218,Txus Alba,24/25,2025,1,0.5723657,1,0
271966,Mbaye Diagne,24/25,2025,1,0.5723486,1,0
413033,Lamine Ghezali,24/25,2025,1,0.57234496,1,0
287871,Fabrizio Alastra,24/25,2025,0,0.5722148,1,1
441422,Maximiliano Lovera,24/25,2025,0,0.5721122,1,1
1047410,Justin Lukas,24/25,2025,1,0.5720337,1,0
990731,Hakim Sahabo,24/25,2025,0,0.5718647,1,1
919756,Karim Hüneburg,24/25,2025,1,0.5717447,1,0
953036,Daithí McCallion,24/25,2025,0,0.5715853,1,1
187329,Sandy Walsh,24/25,2025,1,0.5714886,1,0
306166,Nuno Da Costa,24/25,2025,1,0.57145226,1,0
941458,Jere Vrcic,24/25,2025,0,0.5714404,1,1
719673,Ben Gannon-Doak,24/25,2025,1,0.5713644,1,0
430192,Aarón Rey,24/25,2025,1,0.5713469,1,0
807034,Marco Schabauer,24/25,2025,1,0.57134116,1,0
344968,Milan Ristovski,24/25,2025,0,0.5712544,1,1
214316,Luciano Vietto,24/25,2025,0,0.57120764,1,1
503619,Andrea Papetti,24/25,2025,1,0.5711963,1,0
730265,Rodrigo Piloto,24/25,2025,0,0.57119393,1,1
585818,Frantz Pierrot,24/25,2025,1,0.57104594,1,0
666551,Maestro,24/25,2025,1,0.57103264,1,0
740102,Mateja Djordjević,24/25,2025,1,0.5708577,1,0
152419,David Gold,24/25,2025,0,0.57084954,1,1
699418,Jakub Kaluzinski,24/25,2025,1,0.5706727,1,0
575693,Ibrahim Cissoko,24/25,2025,1,0.5706669,1,0
948271,Borja Alonso,24/25,2025,1,0.5706652,1,0
1124805,Noel Jakac,24/25,2025,1,0.570646,1,0
742521,Jhon Solís,24/25,2025,0,0.57061106,1,1
796212,Philipp Schulz,24/25,2025,0,0.5705922,1,1
740191,Kevin Doukoure,24/25,2025,0,0.57052416,1,1
1245283,Pablo Barea,24/25,2025,1,0.57014495,1,0
730581,Loïc Badé,24/25,2025,1,0.5699921,1,0
1066212,Mladen Mutavčić,24/25,2025,1,0.5699481,1,0
386825,Emanuele Presello,24/25,2025,0,0.5698179,1,1
394352,Massimo Bertagnoli,24/25,2025,1,0.56972617,1,0
884065,Simone D'Uffizi,24/25,2025,0,0.56965584,1,1
213510,Jota,24/25,2025,0,0.569561,1,1
391271,Javier Ablanque,24/25,2025,0,0.5693904,1,1
704260,Eugenio Fusco,24/25,2025,1,0.5693692,1,0
1170416,Scott Constable,24/25,2025,0,0.56919706,1,1
281769,Mario Hermoso,24/25,2025,0,0.56918293,1,1
925844,Umberto Morleo,24/25,2025,1,0.56870013,1,0
494350,Yaw Annor,24/25,2025,0,0.56867605,1,1
1077262,Andrea Pavanello,24/25,2025,1,0.56867087,1,0
345654,Marlos Moreno,24/25,2025,1,0.5686697,1,0
345343,James McGarry,24/25,2025,1,0.56825846,1,0
1044395,Marten-Chris Paalberg,24/25,2025,0,0.5681926,1,1
601058,Simeon Petrov,24/25,2025,1,0.56818527,1,0
901026,Claudio Panzarino,24/25,2025,0,0.5681729,1,1
654723,Bogdan Shubin,24/25,2025,0,0.5681532,1,1
743327,Tamir Berman,24/25,2025,1,0.5681131,1,0
597256,Houssen Abderrahmane,24/25,2025,0,0.56802875,1,1
451889,Sho Yamamoto,24/25,2025,0,0.56796634,1,1
64793,Leonardo Pavoletti,24/25,2025,0,0.5675728,1,1
1307419,Cristiano Novelli,24/25,2025,0,0.56755793,1,1
576040,Elvis Sakyi,24/25,2025,1,0.56731695,1,0
357987,Leonardo Stanzani,24/25,2025,0,0.5672836,1,1
705080,Mattia Codromaz,24/25,2025,0,0.56688577,1,1
921431,Adam Kölle,24/25,2025,0,0.5668368,1,1
476149,George Lapslie,24/25,2025,0,0.56683224,1,1
221316,Lucas Vázquez,24/25,2025,1,0.56681234,1,0
634110,Pablo Santiago,24/25,2025,1,0.56678796,1,0
1119447,Christopher Bonsu Baah,24/25,2025,1,0.5667566,1,0
419597,Iyayi Atiemwen,24/25,2025,1,0.5667498,1,0
227073,Patrik Kelemen,24/25,2025,0,0.5666056,1,1
863829,Alagie Saine,24/25,2025,0,0.56631875,1,1
439292,Sydney van Hooijdonk,24/25,2025,0,0.5661925,1,1
1045159,Daniel Barat,24/25,2025,0,0.5659578,1,1
683670,Darragh Power,24/25,2025,0,0.5658755,1,1
714612,Dilhan Demir,24/25,2025,1,0.5658043,1,0
572299,Iago López,24/25,2025,1,0.56580365,1,0
237679,Tobias Schättin,24/25,2025,1,0.5657136,1,0
1304289,Amin Ziblim,24/25,2025,1,0.5655918,1,0
329924,Jacob Karlstrøm,24/25,2025,0,0.565502,1,1
928612,Hamza el Dahri,24/25,2025,1,0.5654137,1,0
696656,Rodri Andrade,24/25,2025,0,0.56538683,1,1
1059719,Filippo Galafassi,24/25,2025,0,0.5653499,1,1
196226,Mehmet Kurt,24/25,2025,0,0.5651437,1,1
278586,Francesco Forte,24/25,2025,0,0.5651219,1,1
926766,Johaneko Louis-Jean,24/25,2025,0,0.56481993,1,1
583607,William de Camargo,24/25,2025,1,0.5647857,1,0
343022,Terell Thomas,24/25,2025,0,0.56466955,1,1
222225,Pius Krätschmer,24/25,2025,1,0.56464803,1,0
1051467,Tommaso Vinzioli,24/25,2025,1,0.5645892,1,0
421873,Elia Caprile,24/25,2025,1,0.56455755,1,0
69392,Adriano Grimaldi,24/25,2025,1,0.5643082,1,0
459652,Filippo Austoni,24/25,2025,0,0.56424105,1,1
883283,Soule Sidibe,24/25,2025,0,0.5640911,1,1
903563,Matteo Rizzo,24/25,2025,1,0.5640756,1,0
897668,Giacomo Gabbiani,24/25,2025,1,0.5639708,1,0
1297382,Valerio Conti,24/25,2025,0,0.5639133,1,1
410436,Bailey Peacock-Farrell,24/25,2025,1,0.5638218,1,0
388888,Samu Casado,24/25,2025,1,0.5638089,1,0
379820,Francesco Mazzavillani,24/25,2025,0,0.56380117,1,1
942091,Filippo Mencaraglia,24/25,2025,0,0.56369275,1,1
391063,Filippo Chiti,24/25,2025,0,0.5635129,1,1
567454,Lorenzo Lucchesi,24/25,2025,1,0.56347436,1,0
392964,Emmanuel Latte Lath,24/25,2025,0,0.56318617,1,1
868327,Hristiyan Slavkov,24/25,2025,1,0.5628484,1,0
633624,Cole McKinnon,24/25,2025,1,0.56282884,1,0
574772,Lázaro,24/25,2025,1,0.5626952,1,0
704846,Mattia La Marca,24/25,2025,1,0.56263685,1,0
288690,Manprit Sarkaria,24/25,2025,1,0.5625611,1,0
370833,Doğukan Sinik,24/25,2025,1,0.56254613,1,0
669677,Alan Marinelli,24/25,2025,1,0.56253856,1,0
455830,Andrea Anselmo,24/25,2025,0,0.56253797,1,1
287564,Giorgio Tumbarello,24/25,2025,1,0.5624857,1,0
671438,Aristot Tambwe-Kasengele,24/25,2025,1,0.5624356,1,0
583058,Alvyn Sanches,24/25,2025,1,0.56240475,1,0
419999,Guessouma Fofana,24/25,2025,0,0.56236506,1,1
993989,Nikola Velichkovski,24/25,2025,1,0.5621802,1,0
827950,Ousmane Camara,24/25,2025,0,0.5621349,1,1
1185001,Simone Tarolli,24/25,2025,1,0.5621,1,0
361124,Joey Jacobs,24/25,2025,0,0.5620731,1,1
35416,David McGoldrick,24/25,2025,1,0.562062,1,0
459577,Gabriele Perretta,24/25,2025,0,0.56203026,1,1
674921,Nikola Soldo,24/25,2025,1,0.5618435,1,0
150788,Yahya Al-Shehri,24/25,2025,0,0.56175584,1,1
919874,Lyubomir Vasilev,24/25,2025,0,0.5616745,1,1
500274,Lorenzo Milani,24/25,2025,0,0.5616699,1,1
173146,Gurpreet Singh Sandhu,24/25,2025,0,0.5616071,1,1
719646,Bernardo,24/25,2025,0,0.56160593,1,1
821542,Moussa Baradji,24/25,2025,1,0.56160176,1,0
146603,Roland Baracskai,24/25,2025,0,0.5615647,1,1
275512,Emanuel Mammana,24/25,2025,0,0.56155217,1,1
648458,Emmanuel Sarpong,24/25,2025,0,0.56149006,1,1
136114,Simone Magnaghi,24/25,2025,1,0.5613539,1,0
594277,Jonathan Mulder,24/25,2025,1,0.5612773,1,0
1063856,Abdoulaye Traoré,24/25,2025,0,0.56127524,1,1
1040836,Yeray Carpio,24/25,2025,0,0.561192,1,1
1073078,Fernando Mimbacas,24/25,2025,1,0.56103283,1,0
330179,Gianluca Esposito,24/25,2025,0,0.56093246,1,1
696348,Unknown Player,24/25,2025,1,0.5607692,1,0
623173,Anestis Vlachomitros,24/25,2025,1,0.5606503,1,0
1049715,Alessandro Diana,24/25,2025,0,0.56051314,1,1
964241,Luca Nocerino,24/25,2025,1,0.56043893,1,0
923141,Nikolaos Vakouftsis,24/25,2025,0,0.5604093,1,1
1158757,Alejandro Herranz,24/25,2025,1,0.56034,1,0
254985,Taulant Seferi,24/25,2025,0,0.56016946,1,1
629531,Artem Bilyi,24/25,2025,1,0.55975705,1,0
624059,Emir Karalic,24/25,2025,1,0.5596334,1,0
220978,Andrea Gasbarro,24/25,2025,1,0.55947006,1,0
96254,Pietro Terracciano,24/25,2025,1,0.5594581,1,0
820659,Mattia Vitale,24/25,2025,1,0.5594093,1,0
867611,José de León,24/25,2025,1,0.5593584,1,0
221312,Jordan Sánchez,24/25,2025,0,0.55932677,1,1
131505,Rodrigo,24/25,2025,0,0.5592354,1,1
74345,Dénes Szakály,24/25,2025,0,0.5592193,1,1
459704,Mattia Fiorini,24/25,2025,0,0.55919075,1,1
455922,Jan Olschowsky,24/25,2025,0,0.5591764,1,1
618808,Diego Espejo,24/25,2025,0,0.558823,1,1
1280693,Riccardo Bisetto,24/25,2025,1,0.55881083,1,0
636414,Jorge Sarmiento,24/25,2025,1,0.55873924,1,0
439488,Diego Díaz,24/25,2025,0,0.5586725,1,1
607164,Enzo Cornelisse,24/25,2025,1,0.55854607,1,0
772354,Christopher Olsa,24/25,2025,1,0.55849576,1,0
500191,Pepe Sánchez,24/25,2025,0,0.5583668,1,1
914539,Yoan Koré,24/25,2025,1,0.55824274,1,0
563614,Tidiane Keita,24/25,2025,1,0.5582345,1,0
399473,Luke Thomas,24/25,2025,0,0.55807126,1,1
456877,Rekeem Harper,24/25,2025,1,0.55799615,1,0
1069756,Mitchell Bates,24/25,2025,1,0.55793685,1,0
910540,Ben Jablonski,24/25,2025,0,0.55763376,1,1
852727,Diego García,24/25,2025,0,0.55731475,1,1
50962,András Simon,24/25,2025,0,0.5570485,1,1
203123,Haris Tabakovic,24/25,2025,1,0.5569646,1,0
696146,Tim Giesen,24/25,2025,1,0.55687106,1,0
526164,Kristian Kirkegaard,24/25,2025,1,0.5566793,1,0
263627,Carlos Vigaray,24/25,2025,1,0.55663675,1,0
586712,Symeon Papadopoulos,24/25,2025,1,0.55661255,1,0
930165,Andrea Piazza,24/25,2025,0,0.55661064,1,1
618806,Alfredo Pedraza,24/25,2025,1,0.5565917,1,0
1157429,Gu Costa,24/25,2025,1,0.5564864,1,0
141224,Mohamed Ibrahim,24/25,2025,0,0.55644774,1,1
817275,Filippo Mozzo,24/25,2025,0,0.556287,1,1
820694,Jacopo Atzeni,24/25,2025,1,0.5562356,1,0
99348,Antonio Amaro,24/25,2025,1,0.5561277,1,0
576125,Thierry Gale,24/25,2025,1,0.5558724,1,0
390135,Abbas Yassin Mohamad,24/25,2025,1,0.5556678,1,0
572689,Ivan Milosavljevic,24/25,2025,1,0.55548596,1,0
388326,Atanas Kabov,24/25,2025,1,0.5554597,1,0
922783,Marios Dervishi,24/25,2025,0,0.55533445,1,1
166317,Milan Lutonsky,24/25,2025,0,0.5553256,1,1
562601,Souleymane Anne,24/25,2025,0,0.5553229,1,1
1165327,Lorenzo Bosia,24/25,2025,1,0.5552007,1,0
1076170,Denis Kala,24/25,2025,0,0.55520046,1,1
547754,Ianis Stoica,24/25,2025,1,0.5550827,1,0
593934,Nuno Rodrigues,24/25,2025,0,0.5550256,1,1
709967,Toni Caravaca,24/25,2025,0,0.5549641,1,1
1056958,Aser Palacios,24/25,2025,0,0.5549094,1,1
713638,Neskes,24/25,2025,0,0.5547858,1,1
274694,Ionuț Nedelcearu,24/25,2025,0,0.55464655,1,1
892482,Alessandro Scacchetti,24/25,2025,1,0.55452263,1,0
631349,Shakhboz Umarov,24/25,2025,1,0.55439764,1,0
654539,Adrien Truffert,24/25,2025,1,0.55429536,1,0
1189343,Giandomenico Panaro,24/25,2025,1,0.554278,1,0
327126,Anuar,24/25,2025,1,0.55427366,1,0
741254,Gerard Hernández,24/25,2025,1,0.55420613,1,0
198084,Marco Frediani,24/25,2025,0,0.5541319,1,1
1370672,Modou Seye,24/25,2025,0,0.55410194,1,1
573403,Bogdan Mandic,24/25,2025,1,0.55407095,1,0
371370,Ismet Sinani,24/25,2025,1,0.5540115,1,0
710347,Alfonso Sepe,24/25,2025,1,0.55385077,1,0
124260,Julián Velázquez,24/25,2025,1,0.5537316,1,0
457221,Lucas Robertone,24/25,2025,0,0.5537307,1,1
538678,Macauley Southam-Hales,24/25,2025,1,0.55368024,1,0
448854,Emmanuel Dennis,24/25,2025,1,0.553598,1,0
741833,Ángel Cano,24/25,2025,1,0.5535493,1,0
340394,Abdelhamid Sabiri,24/25,2025,0,0.5535209,1,1
134608,Hélder Tavares,24/25,2025,0,0.5534805,1,1
309977,Samuel Ballet,24/25,2025,1,0.5533418,1,0
486204,Klisman Cake,24/25,2025,0,0.5533333,1,1
395522,Samuel Essende,24/25,2025,0,0.55309564,1,1
93633,Stipe Batarilo,24/25,2025,1,0.55308104,1,0
541914,Anton Kovalev,24/25,2025,0,0.5530615,1,1
269171,Gökhan Gül,24/25,2025,1,0.5529478,1,0
96140,Jorge Correa,24/25,2025,0,0.55294114,1,1
815346,Nathan Gassama,24/25,2025,0,0.5528585,1,1
1308605,Giovanni Severino,24/25,2025,1,0.5525762,1,0
1020852,Abdulmalik Al-Jaber,24/25,2025,1,0.5525258,1,0
1060382,Daniele Kola,24/25,2025,1,0.55245256,1,0
1208731,Edoardo Cavaliere,24/25,2025,0,0.55228287,1,1
512365,José Ortega,24/25,2025,0,0.5521185,1,1
135490,Lindsay Rose,24/25,2025,0,0.5520468,1,1
418173,Djihad Bizimana,24/25,2025,0,0.5520347,1,1
531214,Adis Jasic,24/25,2025,1,0.55201596,1,0
53077,Alberto Botía,24/25,2025,0,0.55192965,1,1
199258,Andrea Petagna,24/25,2025,0,0.5519276,1,1
1099543,Andrew Buah,24/25,2025,1,0.5518794,1,0
509492,Jagoba Zárraga,24/25,2025,1,0.551861,1,0
535031,Federico Papini,24/25,2025,1,0.5518174,1,0
1147210,Francis Castillo,24/25,2025,1,0.55168146,1,0
908210,Alex King,24/25,2025,1,0.55165535,1,0
580070,Matheus Freitas,24/25,2025,1,0.55152637,1,0
1210422,Aboubacar Bassinga,24/25,2025,1,0.55146444,1,0
566927,Giovanni Corradini,24/25,2025,1,0.55141574,1,0
1004385,Owen Martinez-Jullien,24/25,2025,1,0.5513257,1,0
516038,Kai Merk,24/25,2025,1,0.551306,1,0
624293,Ayman Abdelrahman,24/25,2025,0,0.5511581,1,1
256120,Wilfrid Kaptoum,24/25,2025,1,0.5510586,1,0
254685,Zdravko Manasiev,24/25,2025,1,0.5507556,1,0
245030,Milan Gajic,24/25,2025,0,0.55067015,1,1
129991,Bart Vriends,24/25,2025,0,0.55063957,1,1
406556,Tom McGill,24/25,2025,0,0.5504233,1,1
670682,Marco Cruz,24/25,2025,1,0.55040306,1,0
572874,Dimitrios Tatsis,24/25,2025,0,0.55039144,1,1
785266,Joserra de Diego,24/25,2025,0,0.55035704,1,1
189483,Issouf Paro,24/25,2025,0,0.5502502,1,1
834754,Ibai Sanz,24/25,2025,0,0.55018586,1,1
1086495,Edoardo Nunziati,24/25,2025,0,0.5500925,1,1
699018,Zac Ashworth,24/25,2025,0,0.5498962,1,1
676922,Moussa Sidibé,24/25,2025,1,0.5498465,1,0
964633,Tebo Gabriel,24/25,2025,1,0.549801,1,0
762611,Carlos Inglada,24/25,2025,1,0.5497291,1,0
614480,Luca Zanetti,24/25,2025,0,0.54966414,1,1
397099,Jordi Osei-Tutu,24/25,2025,0,0.54962134,1,1
461959,Douglas Aurélio,24/25,2025,0,0.5495228,1,1
744956,Luke Pearce,24/25,2025,0,0.5495117,1,1
273945,Miroslav Bogosavac,24/25,2025,0,0.5493338,1,1
727697,Nico Grimbs,24/25,2025,1,0.5492438,1,0
813152,Makan Aïko,24/25,2025,0,0.5491196,1,1
169460,Turgay Gemicibaşı,24/25,2025,1,0.5488282,1,0
614992,Fotis Kotsonis,24/25,2025,1,0.5488266,1,0
801425,Sam Bell,24/25,2025,1,0.5487412,1,0
623119,Styopa Mkrtchyan,24/25,2025,0,0.5487274,1,1
315871,Federico Valietti,24/25,2025,1,0.5486171,1,0
415816,Diallang Jaiyesimi,24/25,2025,0,0.54858315,1,1
627624,Lorenzo Peschetola,24/25,2025,0,0.5484884,1,1
694236,Craig Ross,24/25,2025,1,0.5484818,1,0
1115586,Vaclav Zahradnicek,24/25,2025,0,0.5483948,1,1
976203,Francesco Rucci,24/25,2025,1,0.54834956,1,0
486665,Marek Polasek,24/25,2025,1,0.5482448,1,0
934503,Stefano Tomaselli,24/25,2025,0,0.54821634,1,1
375791,Bence Pintér,24/25,2025,1,0.5479987,1,0
644771,Odilon Kossounou,24/25,2025,1,0.5479597,1,0
1057995,Yao Jean Charles,24/25,2025,0,0.5477884,1,1
72638,Yohandry Orozco,24/25,2025,1,0.5477411,1,0
552939,Alessio Buttaro,24/25,2025,1,0.5475184,1,0
271646,Karim Loukili,24/25,2025,0,0.5474192,1,1
415383,Hervé Koffi,24/25,2025,1,0.54733974,1,0
357162,Florentino,24/25,2025,1,0.5471685,1,0
314280,Taylor Moore,24/25,2025,0,0.5469671,1,1
864733,Léo Alaba,24/25,2025,0,0.54696465,1,1
522664,Diego Ruiz,24/25,2025,1,0.54691,1,0
743387,Stanis Idumbo,24/25,2025,1,0.5468934,1,0
718232,Abdoulaye Kamara,24/25,2025,1,0.5468861,1,0
1088323,Javi Sola,24/25,2025,0,0.5468432,1,1
814528,Georgios Kosteas,24/25,2025,1,0.54676354,1,0
84711,João Aurélio,24/25,2025,0,0.5467366,1,1
851220,Amine Sbaï,24/25,2025,0,0.5467168,1,1
190941,Ángelo Sagal,24/25,2025,1,0.5466508,1,0
1048081,Massimo Zappa,24/25,2025,1,0.54663724,1,0
713523,Mateus da Silva,24/25,2025,1,0.5464438,1,0
575620,Mauricio Villalobos,24/25,2025,1,0.5464266,1,0
897492,Nick Zimmermann,24/25,2025,0,0.5463089,1,1
463798,Alessandro Coppola,24/25,2025,1,0.5462418,1,0
71273,Stefan Scepovic,24/25,2025,0,0.546225,1,1
939804,Keno-Miguel Meyer,24/25,2025,1,0.54580456,1,0
708369,Esteban Aparicio,24/25,2025,0,0.5457667,1,1
1111051,Mamadou Gning,24/25,2025,0,0.54562366,1,1
456165,Kleto Gjura,24/25,2025,0,0.5455129,1,1
115333,Juanpe,24/25,2025,1,0.545424,1,0
751104,Milosz Matysik,24/25,2025,0,0.54532975,1,1
570417,Nathan Broome,24/25,2025,1,0.54516697,1,0
530032,Quaresma,24/25,2025,0,0.54507893,1,1
185164,Jacob Barrett Laursen,24/25,2025,0,0.54491395,1,1
358166,Eldor Shomurodov,24/25,2025,1,0.5449023,1,0
986173,Pasquale Ruiz Giraldo,24/25,2025,1,0.54477566,1,0
309414,Frederik Børsting,24/25,2025,1,0.54476196,1,0
594731,Fabio Gruber,24/25,2025,0,0.54474854,1,1
100001,Carlos Auzqui,24/25,2025,0,0.54436654,1,1
936502,Matteo Zamarian,24/25,2025,1,0.5443105,1,0
668718,Vasilios Katsoulidis,24/25,2025,1,0.54411113,1,0
816576,Edson Silva,24/25,2025,0,0.5439891,1,1
504091,Pedrinho,24/25,2025,0,0.5436985,1,1
808320,Andreas Maarup,24/25,2025,1,0.54368764,1,0
435022,Ramón Miérez,24/25,2025,1,0.5436742,1,0
875219,Marselino Ferdinan,24/25,2025,1,0.543587,1,0
58884,Nacho Fernández,24/25,2025,0,0.54355514,1,1
181378,Gaëtan Laborde,24/25,2025,1,0.54351926,1,0
1058394,Pietro Parmiggiani,24/25,2025,1,0.5434585,1,0
415970,Joe Worrall,24/25,2025,0,0.54314995,1,1
935828,Mohamed Alì Zoma,24/25,2025,1,0.54306537,1,0
392500,Felice D'Amico,24/25,2025,1,0.5430314,1,0
842910,Ayrton Costa,24/25,2025,0,0.54252166,1,1
332866,Shaun Want,24/25,2025,1,0.54248375,1,0
878340,Aleksa Maras,24/25,2025,1,0.5423369,1,0
570553,Erik Shuranov,24/25,2025,1,0.5422067,1,0
710292,Ibrahima,24/25,2025,0,0.54185575,1,1
908295,Martín Cascajo,24/25,2025,1,0.54174596,1,0
1075193,Andrea Casagni,24/25,2025,0,0.5417074,1,1
369078,Rahil Mammadov,24/25,2025,1,0.54170066,1,0
234866,Rai Marchán,24/25,2025,1,0.54163706,1,0
601235,Viktor Haragos,24/25,2025,0,0.5416334,1,1
815384,Matheus Dias,24/25,2025,1,0.54158515,1,0
124884,Marco Bizot,24/25,2025,1,0.5413309,1,0
917996,Patrik Pelles,24/25,2025,0,0.54118663,1,1
705288,Angelo Talia,24/25,2025,0,0.5410825,1,1
340166,Alessio Castro-Montes,24/25,2025,1,0.5410178,1,0
701819,Daniele Ghilardi,24/25,2025,1,0.54099315,1,0
421764,Matteo Cardinali,24/25,2025,0,0.54098713,1,1
427633,Chadrack Muzungu,24/25,2025,1,0.5408842,1,0
512401,Alvaro Iuliano,24/25,2025,0,0.540536,1,1
1236200,Peter Kareem,24/25,2025,0,0.54047954,1,1
949493,Ion Ciobanu,24/25,2025,1,0.5403581,1,0
747810,Tiago Hernández,24/25,2025,0,0.54024464,1,1
834488,Aimar Duñabeitia,24/25,2025,0,0.5400128,1,1
1197188,Abdulatif Hammody,24/25,2025,0,0.5399226,1,1
897423,David Odogu,24/25,2025,1,0.5395642,1,0
718123,Samuel Nongoh,24/25,2025,0,0.53952235,1,1
200736,Jorge Aparicio,24/25,2025,0,0.53949445,1,1
433976,Tudor Băluță,24/25,2025,1,0.5394521,1,0
944335,Justin von der Hitz,24/25,2025,1,0.5393752,1,0
909683,Joan Puig,24/25,2025,1,0.5392883,1,0
321976,Matko Kramer,24/25,2025,1,0.5392461,1,0
599074,Kristiyan Peshov,24/25,2025,1,0.53915644,1,0
538569,Tommaso Milanese,24/25,2025,1,0.5391273,1,0
446188,Rodrigo Escudero,24/25,2025,1,0.53911924,1,0
399336,Vincenzo Garofalo,24/25,2025,1,0.53908265,1,0
741545,Daniel Armstrong,24/25,2025,0,0.53901494,1,1
388058,Benjamin Goller,24/25,2025,1,0.53888196,1,0
265967,Salvatore Aloi,24/25,2025,1,0.5388254,1,0
668996,Joaquín Blázquez,24/25,2025,0,0.5385283,1,1
668177,Javi Serrano,24/25,2025,0,0.53846717,1,1
371436,Francisco Sierralta,24/25,2025,1,0.538426,1,0
107267,Djamal Ziane,24/25,2025,0,0.5384239,1,1
405670,Yannik Engelhardt,24/25,2025,1,0.53833485,1,0
495033,Nathan Bishop,24/25,2025,1,0.53831667,1,0
1001554,Berkay Aslan,24/25,2025,1,0.53818065,1,0
1025410,Zakaria Ouazane,24/25,2025,0,0.5381732,1,1
1046491,Alessandro Grano,24/25,2025,1,0.5380102,1,0
253734,Ismael Silva,24/25,2025,0,0.5379128,1,1
604458,Aaron Sky Schwarz,24/25,2025,1,0.5378768,1,0
116968,Carlos Izquierdoz,24/25,2025,0,0.53764206,1,1
881298,Cornelius Olsson,24/25,2025,1,0.5376279,1,0
276768,Nolan Mbemba,24/25,2025,1,0.53761226,1,0
158080,Eneko Zabaleta,24/25,2025,0,0.5375664,1,1
1064402,Ander Sánchez,24/25,2025,0,0.5375636,1,1
258914,Brad Collins,24/25,2025,1,0.5375557,1,0
569366,Enzo Millot,24/25,2025,1,0.5374629,1,0
92870,Emanuele Gatto,24/25,2025,1,0.53725827,1,0
673976,Anders Hoff,24/25,2025,0,0.5372547,1,1
697280,George Earthy,24/25,2025,0,0.53717524,1,1
124187,Philipp Kühn,24/25,2025,0,0.53712857,1,1
337310,Lamin Jallow,24/25,2025,1,0.53711605,1,0
297034,Ilya Petrov,24/25,2025,0,0.5367663,1,1
377606,Mohamed Al-Shebli,24/25,2025,0,0.5366856,1,1
1318390,Niccolò Mennini,24/25,2025,1,0.53664446,1,0
567476,Gabriele Berto,24/25,2025,0,0.53655326,1,1
1132600,Zalán Maronyay,24/25,2025,0,0.5363314,1,1
1062258,Gabriel Fernandes,24/25,2025,1,0.5362424,1,0
167792,Nicolò Bianchi,24/25,2025,1,0.53616035,1,0
164344,Simone D'Anna,24/25,2025,0,0.5361227,1,1
820367,Pavel Georgiev,24/25,2025,0,0.5357058,1,1
345890,Ruben Hoogenhout,24/25,2025,1,0.53563124,1,0
987505,Alessandro Elia,24/25,2025,1,0.5354556,1,0
427376,Eric Biasiol,24/25,2025,1,0.5348829,1,0
655893,Ravil Tagir,24/25,2025,0,0.53483325,1,1
810073,Younes El Hannach,24/25,2025,0,0.5346526,1,1
444571,Curtis Tilt,24/25,2025,1,0.53459066,1,0
1089326,Yuriy Bakalyar,24/25,2025,0,0.53455764,1,1
459778,Andrea Ghiggini,24/25,2025,1,0.534493,1,0
284301,Philipp Wendt,24/25,2025,1,0.53425795,1,0
959620,Dillon Berko,24/25,2025,0,0.5339894,1,1
282410,José Carlos Lazo,24/25,2025,0,0.5338991,1,1
308388,Kyle Dempsey,24/25,2025,0,0.53370446,1,1
1193047,Zsombor Szilágyi,24/25,2025,1,0.5335071,1,0
287635,Assane Dioussé,24/25,2025,0,0.53349566,1,1
1056224,Dimitri Valkanis,24/25,2025,1,0.5333566,1,0
1009332,Kemal Çırpan,24/25,2025,1,0.5333565,1,0
937999,Simone Cortese,24/25,2025,1,0.53317946,1,0
113400,Aubrey David,24/25,2025,0,0.5331445,1,1
257805,Mathias Normann,24/25,2025,1,0.5330833,1,0
888136,Karim Cardoni,24/25,2025,0,0.5330739,1,1
1078416,Bradel Kiwa,24/25,2025,0,0.5330576,1,1
541628,Oliver Sonne,24/25,2025,0,0.5329867,1,1
1049862,Samuele Capolupo,24/25,2025,0,0.53297055,1,1
469762,Agustín Cardozo,24/25,2025,0,0.53290033,1,1
112663,Eliran Atar,24/25,2025,0,0.53275615,1,1
210711,Julián Montenegro,24/25,2025,0,0.53235346,1,1
960274,Michele Grande,24/25,2025,0,0.532344,1,1
1020642,Anton Ihde,24/25,2025,0,0.5323304,1,1
519869,Mehdi Loune,24/25,2025,1,0.53229666,1,0
264992,Andreas Makris,24/25,2025,0,0.53229517,1,1
728688,Denis Kramar,24/25,2025,0,0.5322921,1,1
648046,Evan Ferguson,24/25,2025,1,0.53226006,1,0
121337,Patrick McEleney,24/25,2025,0,0.53217065,1,1
125918,Lucas Villafañez,24/25,2025,0,0.5320327,1,1
462087,Arjen van der Heide,24/25,2025,0,0.53182596,1,1
1163866,Samad Popoola,24/25,2025,0,0.5316218,1,1
949118,Ibrahima Diallo,24/25,2025,0,0.5315811,1,1
536698,Julian Larsson,24/25,2025,0,0.53153944,1,1
672024,Georgios Papadopoulos,24/25,2025,1,0.5313054,1,0
1073565,Nikola Medojevic,24/25,2025,0,0.53128475,1,1
620892,Arad Bar,24/25,2025,1,0.5312426,1,0
315850,Marco Tumminello,24/25,2025,1,0.5311745,1,0
856423,João Costa,24/25,2025,0,0.5310499,1,1
999365,Mattia Piermarini,24/25,2025,1,0.53101975,1,0
296281,Milan Vusurovic,24/25,2025,1,0.530703,1,0
558890,Sergio Gómez,24/25,2025,0,0.53057647,1,1
124548,Bebeto,24/25,2025,0,0.5304484,1,1
451848,Geoffrey Acheampong,24/25,2025,1,0.5304203,1,0
933683,Simone Pieraccini,24/25,2025,1,0.53037566,1,0
934998,Abdou M'bark El Id,24/25,2025,0,0.53027225,1,1
421769,Davide Ghislandi,24/25,2025,0,0.53013206,1,1
710881,David Ovsonka,24/25,2025,1,0.5301112,1,0
379875,Leandro Antunes,24/25,2025,0,0.52996945,1,1
465555,Djordje Petrovic,24/25,2025,1,0.52981704,1,0
1056227,Leonard Muca,24/25,2025,1,0.5296997,1,0
1054169,Giulio Scuderi,24/25,2025,1,0.52959025,1,0
902200,Jesse Khan,24/25,2025,0,0.52951837,1,1
784862,Eryk Kobza,24/25,2025,0,0.52947986,1,1
1183293,Edoardo Ferrari,24/25,2025,0,0.5294053,1,1
818376,Federico Ruggeri,24/25,2025,0,0.5293971,1,1
267330,Joel Abu Hanna,24/25,2025,0,0.5293541,1,1
927269,Teodor Ivanov,24/25,2025,1,0.5291344,1,0
883084,Alessio Sarpa,24/25,2025,1,0.52904516,1,0
525867,Fraser Horsfall,24/25,2025,1,0.5290234,1,0
924031,Leo Eberle,24/25,2025,1,0.5289378,1,0
664875,Rilind Kabashi,24/25,2025,1,0.5288057,1,0
605779,Kewin Komar,24/25,2025,1,0.52872074,1,0
1061281,Carlos Reina,24/25,2025,0,0.5286813,1,1
515624,Henri Koudossou,24/25,2025,1,0.52865666,1,0
742018,Dejan Radonjic,24/25,2025,0,0.5286242,1,1
402581,Thomas Rodríguez,24/25,2025,0,0.5284318,1,1
194067,Moustapha,24/25,2025,0,0.52819943,1,1
415525,Kanya Fujimoto,24/25,2025,1,0.52808285,1,0
687309,Aleks Radzhabov,24/25,2025,1,0.5277263,1,0
834756,Julen Lartitegi,24/25,2025,1,0.5276648,1,0
906902,Elliott Nevitt,24/25,2025,0,0.5275955,1,1
523606,Cleylton,24/25,2025,0,0.5275318,1,1
71019,Bartosz Salamon,24/25,2025,1,0.5273544,1,0
1056043,Matteo Donatiello,24/25,2025,0,0.5272796,1,1
288237,Jérémy Gélin,24/25,2025,1,0.52724934,1,0
256636,Bence Daru,24/25,2025,1,0.5272396,1,0
496357,Mehdi Boudjemaa,24/25,2025,0,0.5271718,1,1
935019,Danylo Krevsun,24/25,2025,0,0.52717084,1,1
139751,Filip Stojkovic,24/25,2025,1,0.5271248,1,0
599331,Andrés Sánchez,24/25,2025,0,0.5270794,1,1
638588,Martín Pascual,24/25,2025,1,0.5270505,1,0
171078,Kevin Holt,24/25,2025,1,0.52702135,1,0
905719,Nikola Vukic,24/25,2025,0,0.52693737,1,1
624905,Ramón Vila,24/25,2025,1,0.52686536,1,0
336665,Sultan Al-Brake,24/25,2025,0,0.526757,1,1
653707,Martin Smolenski,24/25,2025,0,0.5267524,1,1
238407,Alexander Sørloth,24/25,2025,0,0.52661616,1,1
845277,Dominik Biniek,24/25,2025,0,0.5265844,1,1
1016280,Lukas Sinn,24/25,2025,1,0.5265495,1,0
293325,Emil Riis,24/25,2025,1,0.526335,1,0
524925,Modibo Sagnan,24/25,2025,1,0.5263307,1,0
407491,Luka Gugeshashvili,24/25,2025,1,0.52624106,1,0
53200,Eli Sabiá,24/25,2025,1,0.5261448,1,0
91949,Trigueira,24/25,2025,0,0.52613705,1,1
235783,Dom Thomas,24/25,2025,1,0.5256753,1,0
1192959,Federico Ottini,24/25,2025,1,0.52560055,1,0
272698,Mohamed Hamdaoui,24/25,2025,0,0.5255302,1,1
1053933,Ruan,24/25,2025,1,0.52533877,1,0
611906,Nnamdi Ofoborh,24/25,2025,1,0.5252178,1,0
179548,Stavros Petavrakis,24/25,2025,1,0.52514446,1,0
303248,Pedro López,24/25,2025,0,0.5249318,1,1
534244,Adama Diarrassouba,24/25,2025,0,0.5249286,1,1
250028,Ivan Ljubic,24/25,2025,1,0.5248549,1,0
97567,Roman Bezus,24/25,2025,1,0.5248265,1,0
984964,Niccolò Fortini,24/25,2025,0,0.5247557,1,1
918449,Matteo Schablas,24/25,2025,0,0.5246112,1,1
877211,Success Edogun,24/25,2025,0,0.52458864,1,1
127222,Tommaso Ceccarelli,24/25,2025,0,0.52433705,1,1
607779,Sergio Moreno,24/25,2025,1,0.52431554,1,0
344971,Nehar Sadiki,24/25,2025,1,0.5243049,1,0
490763,Kalvin Ketu,24/25,2025,0,0.52425814,1,1
710591,Athanasios Papadakos,24/25,2025,1,0.52424765,1,0
970633,Unai Hernández,24/25,2025,1,0.52422386,1,0
375790,Dávid Mészáros,24/25,2025,0,0.5242198,1,1
811200,Nikolaos Kanellopoulos,24/25,2025,1,0.5241946,1,0
1074629,Ivan Djantou,24/25,2025,1,0.5240387,1,0
111819,Neto,24/25,2025,1,0.5238475,1,0
501489,Zakaria Sawo,24/25,2025,0,0.52381635,1,1
242267,Saleh Al-Shehri,24/25,2025,0,0.5237327,1,1
490651,Gerardo Bonet,24/25,2025,0,0.5236447,1,1
990259,Christos Kosidis,24/25,2025,0,0.5232894,1,1
135853,Manuel Lanzini,24/25,2025,1,0.52325577,1,0
1110073,Nilas Yacobi,24/25,2025,1,0.5232455,1,0
395164,José Angulo,24/25,2025,1,0.5228819,1,0
832898,Simon Polasek,24/25,2025,1,0.52287996,1,0
931916,Dimitrios Retsos,24/25,2025,1,0.52283704,1,0
661467,Gerónimo Bortagaray,24/25,2025,0,0.52266085,1,1
708193,Rok Bržan,24/25,2025,1,0.5226496,1,0
184491,Naïm Sliti,24/25,2025,0,0.52262414,1,1
577260,Facundo Batista,24/25,2025,1,0.522385,1,0
391797,Matteo Della Morte,24/25,2025,1,0.52234507,1,0
324472,Diego Borghini,24/25,2025,1,0.52233523,1,0
62049,Mame Diouf,24/25,2025,0,0.5222995,1,1
63200,Ashley Barnes,24/25,2025,0,0.5222211,1,1
355479,Ferdinando Del Sole,24/25,2025,1,0.5219993,1,0
417515,Mbaye Seck,24/25,2025,0,0.52199304,1,1
908929,Facundo Costantini,24/25,2025,1,0.5216834,1,0
183313,Michael Gonçalves,24/25,2025,1,0.5214206,1,0
157478,Rufat Dadashov,24/25,2025,0,0.521319,1,1
220878,Issiaga Sylla,24/25,2025,1,0.52105504,1,0
295183,Răzvan Marin,24/25,2025,1,0.5209296,1,0
1170812,Riccardo Ornaghi,24/25,2025,1,0.5207616,1,0
188180,Benjamin Verbic,24/25,2025,0,0.52075,1,1
812991,Arne Rühlemann,24/25,2025,1,0.5205798,1,0
364635,Francesco Mele,24/25,2025,1,0.52036285,1,0
1063448,Ilias Elyazidi,24/25,2025,1,0.5203551,1,0
322683,Markus Poom,24/25,2025,0,0.52031857,1,1
288251,Sébastien Salles-Lamonge,24/25,2025,0,0.52018297,1,1
182392,Pieros Sotiriou,24/25,2025,0,0.520005,1,1
160671,Manu Molina,24/25,2025,1,0.519803,1,0
765972,Zepiqueno Redmond,24/25,2025,1,0.51973015,1,0
928573,Joël van der Wilt,24/25,2025,0,0.5197258,1,1
522990,Leonardo Mannella,24/25,2025,0,0.51967645,1,1
454292,Dean Liço,24/25,2025,0,0.51965916,1,1
1073023,Radoslaw Zelezny,24/25,2025,1,0.5196476,1,0
909737,Matías Galarza,24/25,2025,0,0.51946795,1,1
796739,Júnior Almeida,24/25,2025,0,0.5194263,1,1
614797,Abdoulaye Sall,24/25,2025,0,0.5192844,1,1
470393,Twan van der Zeeuw,24/25,2025,0,0.5192469,1,1
1279326,Othman Faridi,24/25,2025,0,0.51919836,1,1
420921,Vasilios Chatziemmanouil,24/25,2025,1,0.51915634,1,0
1318477,Farès Ben Rahem,24/25,2025,1,0.5189282,1,0
361540,Nazzareno Ciccarelli,24/25,2025,1,0.5187771,1,0
205006,Rick Karsdorp,24/25,2025,1,0.51855165,1,0
580329,Elvis Baffour,24/25,2025,0,0.5184783,1,1
1049834,Stephen Nenè,24/25,2025,1,0.5183901,1,0
1321718,João Gastão,24/25,2025,1,0.518295,1,0
395070,Damiano Lia,24/25,2025,1,0.51822746,1,0
691482,Jacopo Fazzini,24/25,2025,1,0.51819783,1,0
937224,Rubén Catalá,24/25,2025,1,0.51817393,1,0
448466,Jovane Cabral,24/25,2025,0,0.5181009,1,1
402114,Alessio Di Massimo,24/25,2025,0,0.5180548,1,1
459452,Riccardo Ladinetti,24/25,2025,0,0.51798064,1,1
172015,Fernando Pacheco,24/25,2025,1,0.5178899,1,0
861221,Ebenezer Annan,24/25,2025,1,0.51786345,1,0
387991,Steffen Westphal,24/25,2025,1,0.5178154,1,0
634432,Iván Muñoz,24/25,2025,0,0.51774466,1,1
836223,Norbert Dencinger,24/25,2025,0,0.5177395,1,1
491648,Diego Valencia,24/25,2025,0,0.51752216,1,1
73090,Vid Belec,24/25,2025,0,0.517142,1,1
315968,James Jones,24/25,2025,0,0.51706076,1,1
440323,Ismael Benktib,24/25,2025,1,0.5168414,1,0
646208,Will Swan,24/25,2025,1,0.5165509,1,0
342966,Dennis Smarsch,24/25,2025,1,0.5162898,1,0
673511,Chiheb Labidi,24/25,2025,0,0.5162216,1,1
462353,Yousef Hassan,24/25,2025,1,0.516207,1,0
249210,Rubén Gálvez,24/25,2025,1,0.51616424,1,0
566857,Semih Sahin,24/25,2025,1,0.5160733,1,0
250013,Angelo Fulgini,24/25,2025,1,0.5160693,1,0
373433,Adryelson,24/25,2025,1,0.5158919,1,0
836547,Serginho,24/25,2025,0,0.5157509,1,1
336667,Assim Madibo,24/25,2025,1,0.51553744,1,0
656179,Gustav Højbjerg,24/25,2025,0,0.5154107,1,1
746892,Giuseppe Simone,24/25,2025,0,0.51537657,1,1
350347,Michael Woud,24/25,2025,0,0.51536113,1,1
1166093,Georgios Konstantakopoulos,24/25,2025,0,0.51530325,1,1
345742,Alessandro Quaini,24/25,2025,0,0.51524067,1,1
101213,Pedro Obiang,24/25,2025,1,0.51519257,1,0
384060,Tino Kadewere,24/25,2025,1,0.5151106,1,0
459643,Precious Amayah,24/25,2025,0,0.5148519,1,1
280982,Eoghan O'Connell,24/25,2025,1,0.5147578,1,0
363223,Jack Hendry,24/25,2025,0,0.5147163,1,1
1061046,Keeto Thermoncy,24/25,2025,0,0.5146729,1,1
831161,Lautaro Blanco,24/25,2025,0,0.514642,1,1
1075575,Marius Courcoul,24/25,2025,0,0.514574,1,1
1267574,Cristian Audisio,24/25,2025,0,0.514347,1,1
288340,Phillip Tietz,24/25,2025,0,0.5143368,1,1
573968,Krzysztof Kubica,24/25,2025,0,0.5143262,1,1
884820,Almugera Kabar,24/25,2025,0,0.5143253,1,1
1295724,Francesco Maiolo,24/25,2025,1,0.51401067,1,0
470594,Clinton Mola,24/25,2025,0,0.51400256,1,1
961948,Marcos Fernández,24/25,2025,1,0.5139802,1,0
338070,Konstantinos Tsimikas,24/25,2025,1,0.51390207,1,0
524287,Robin Friedrich,24/25,2025,1,0.5138189,1,0
643725,Stefano Molinari,24/25,2025,1,0.51370424,1,0
94192,Patrick Drewes,24/25,2025,1,0.51360655,1,0
854697,Georgi Karakashev,24/25,2025,1,0.5135217,1,0
601143,Nikolas Veratschnig,24/25,2025,0,0.51347154,1,1
616634,Andrea Mallamo,24/25,2025,1,0.5133235,1,0
445548,Charlie Brown,24/25,2025,0,0.5131851,1,1
820252,Benchimol,24/25,2025,0,0.5130846,1,1
337725,Christian Kouamé,24/25,2025,0,0.5129959,1,1
1025412,Ryan van de Pavert,24/25,2025,0,0.51226985,1,1
745177,Nazim Babaï,24/25,2025,0,0.5122,1,1
1196125,Stilyan Rusenov,24/25,2025,0,0.5121231,1,1
1261750,Matteo Vitrotti,24/25,2025,1,0.5119956,1,0
215679,Georges-Kevin N'Koudou,24/25,2025,1,0.51194245,1,0
979625,Paulo Vitor,24/25,2025,1,0.51181275,1,0
589768,Ton Ripoll,24/25,2025,0,0.5117506,1,1
720517,Matías Barboza,24/25,2025,1,0.5115675,1,0
443612,Yuri Matias,24/25,2025,1,0.5112802,1,0
49499,Georginio Wijnaldum,24/25,2025,0,0.51105213,1,1
379168,Noah Fadiga,24/25,2025,1,0.5107397,1,0
401533,Matheusinho,24/25,2025,1,0.51068264,1,0
191895,Rafał Kurzawa,24/25,2025,1,0.51033664,1,0
748541,Joeri Oud,24/25,2025,0,0.5103046,1,1
118317,Afonso Taira,24/25,2025,1,0.51023334,1,0
816502,Unknown Player,24/25,2025,1,0.5102256,1,0
1004786,Mohammed Umar,24/25,2025,0,0.51010156,1,1
476057,Guytho Mijland,24/25,2025,1,0.5100963,1,0
511883,Andronikos Kakoullis,24/25,2025,1,0.51002693,1,0
289713,Mamadou Fall,24/25,2025,0,0.5099111,1,1
580484,Leonardo Petrovic,24/25,2025,1,0.50983995,1,0
464535,Zisis Chatzistravos,24/25,2025,1,0.5097915,1,0
85928,Danny Lafferty,24/25,2025,0,0.509743,1,1
148396,Abdoulay Diaby,24/25,2025,1,0.5095859,1,0
668211,Marcos Sánchez,24/25,2025,1,0.50947124,1,0
162038,Raúl de Tomás,24/25,2025,1,0.50932413,1,0
867033,Facundo Queiroz,24/25,2025,1,0.5092598,1,0
480692,Luis Díaz,24/25,2025,1,0.50918,1,0
288067,Mats Köhlert,24/25,2025,1,0.5091761,1,0
456331,Sion Bradley,24/25,2025,1,0.5090404,1,0
170914,Thibaut Peyre,24/25,2025,1,0.5089914,1,0
1044645,Alejandro Palop,24/25,2025,1,0.5089264,1,0
496062,Víctor Griffith,24/25,2025,0,0.5089228,1,1
106641,Kane Hemmings,24/25,2025,1,0.5088834,1,0
295868,Dragoș Nedelcu,24/25,2025,1,0.50874233,1,0
981485,Luis Córdova,24/25,2025,0,0.50853914,1,1
332250,Nicolás Oroz,24/25,2025,0,0.5085349,1,1
684178,Jason Sraha,24/25,2025,0,0.5084498,1,1
567497,Filipe Relvas,24/25,2025,1,0.5082934,1,0
1123002,Gerardo Agnelli,24/25,2025,0,0.5082119,1,1
426213,Rodrigo Conceição,24/25,2025,1,0.5081089,1,0
741253,Javier Boñar,24/25,2025,0,0.5079934,1,1
158793,Fran Sota,24/25,2025,0,0.507906,1,1
422401,Milton Valenzuela,24/25,2025,1,0.50786006,1,0
1157538,Jan Petek,24/25,2025,1,0.50748765,1,0
323704,Malcom,24/25,2025,0,0.50727344,1,1
702354,Idrissa Thiam,24/25,2025,1,0.5070113,1,0
897418,Yannik Dasbach,24/25,2025,0,0.50661826,1,1
163085,Michel Panatti,24/25,2025,0,0.5063653,1,1
700565,Brian Cipenga,24/25,2025,0,0.5062095,1,1
710497,Stojan Lekovic,24/25,2025,0,0.50616807,1,1
724062,Mario Pejazic,24/25,2025,1,0.506086,1,0
738481,Emmanuel van de Blaak,24/25,2025,1,0.5059989,1,0
243616,Paschalis Kassos,24/25,2025,1,0.5058504,1,0
426426,Josh Gordon,24/25,2025,1,0.5057527,1,0
273937,Avdo Spahic,24/25,2025,0,0.5057005,1,1
412539,Dimitar Iliev,24/25,2025,0,0.5055455,1,1
495602,Moha Ramos,24/25,2025,1,0.50528,1,0
567148,Harry Stone,24/25,2025,0,0.50527334,1,1
464469,Torbjørn Heggem,24/25,2025,1,0.5052504,1,0
1318491,Samuele Dimatteo,24/25,2025,1,0.5052255,1,0
563137,Robert Navarro,24/25,2025,1,0.50519156,1,0
732507,Agustín Martegani,24/25,2025,0,0.50499547,1,1
1202299,Nadir El Jamali,24/25,2025,0,0.504872,1,1
904662,Louis Mouton,24/25,2025,1,0.50469464,1,0
1001936,Paul Walters,24/25,2025,0,0.5045671,1,1
394778,Manuel Pavesi,24/25,2025,0,0.50456,1,1
1027216,François Mughe,24/25,2025,0,0.5044253,1,1
38232,Jonathan McDonald,24/25,2025,0,0.5043783,1,1
919831,Daniel Nikolov,24/25,2025,1,0.5042981,1,0
468283,Shaocong Wu,24/25,2025,0,0.50428224,1,1
232296,Ramon Machado,24/25,2025,0,0.5042752,1,1
905013,Chilohem Onuoha,24/25,2025,0,0.5039273,1,1
613765,Gianmarco Antonacci,24/25,2025,1,0.5039171,1,0
209212,Solly March,24/25,2025,0,0.5038197,1,1
1048013,Nicola Grandu,24/25,2025,0,0.50379336,1,1
191850,Kosmas Gezos,24/25,2025,1,0.5035486,1,0
357858,Marc Tsoungui,24/25,2025,1,0.5034664,1,0
945763,Dani Martinez,24/25,2025,0,0.5034503,1,1
94603,Patrick Bauer,24/25,2025,1,0.50335324,1,0
911531,Alexis Golfinos,24/25,2025,1,0.5033018,1,0
294568,Omer Atzili,24/25,2025,0,0.5031516,1,1
557939,Neto Borges,24/25,2025,1,0.5030671,1,0
927715,Xiko Gomes,24/25,2025,0,0.50259113,1,1
369258,Dudu,24/25,2025,0,0.5025644,1,1
226219,Sean Raggett,24/25,2025,0,0.50252324,1,1
658534,Lasso Coulibaly,24/25,2025,0,0.502381,1,1
390691,Adri Pérez,24/25,2025,1,0.5023122,1,0
148812,Aurél Farkas,24/25,2025,0,0.5022643,1,1
858886,Georgios Charalampoglou,24/25,2025,1,0.50216335,1,0
1180000,Jac Norris,24/25,2025,1,0.5020828,1,0
1145118,El Hadji Macoumba Gningue,24/25,2025,0,0.50206393,1,1
534070,Nicholas Martini,24/25,2025,1,0.5020476,1,0
836196,Matyas Vojta,24/25,2025,0,0.5018611,1,1
833093,Asparuh Smilkov,24/25,2025,0,0.5017006,1,1
461625,Alberto Salido,24/25,2025,0,0.50166357,1,1
342018,Tennai Watson,24/25,2025,1,0.5016454,1,0
659420,Mattia Motolese,24/25,2025,1,0.5014532,1,0
189100,Sasa Ivkovic,24/25,2025,0,0.5010401,1,1
598136,Christoph Maier,24/25,2025,1,0.5002012,1,0
550466,Ivan Turitsov,24/25,2025,0,0.50018716,1,1
918149,Kassim Hadji,24/25,2025,0,0.49985227,0,0
637788,Gustavo Mendonça,24/25,2025,0,0.4996891,0,0
740578,Arsen Vitarigov,24/25,2025,0,0.49959114,0,0
1123842,Alexander Zenti,24/25,2025,1,0.49955913,0,1
713644,Bryan Zaragoza,24/25,2025,1,0.4995279,0,1
1049590,Meshak Babanzila,24/25,2025,0,0.49937886,0,0
316750,Tosin Kehinde,24/25,2025,1,0.49926823,0,1
810355,Jannik Zahmel,24/25,2025,1,0.49902666,0,1
581000,Eynel Soares,24/25,2025,0,0.4990135,0,0
863831,Lamarana Jallow,24/25,2025,0,0.49896288,0,0
311266,Rubén Díez,24/25,2025,0,0.49894664,0,0
563340,Felipe Santos,24/25,2025,0,0.49889565,0,0
293360,Jakub Martinec,24/25,2025,1,0.49886864,0,1
417972,Kei Hirose,24/25,2025,0,0.49838448,0,0
553772,Oleksandr Romanchuk,24/25,2025,1,0.4983642,0,1
1162160,Maher Carrizo,24/25,2025,0,0.49821055,0,0
99924,Tano Bonnín,24/25,2025,1,0.49820426,0,1
538527,Enzo Cabrera,24/25,2025,0,0.49807635,0,0
990009,Jasper Hartog,24/25,2025,0,0.49805626,0,0
333856,Felix Schmiederer,24/25,2025,0,0.4980028,0,0
433049,Youssef En-Nesyri,24/25,2025,0,0.49793112,0,0
396517,Fuseini Zackaria,24/25,2025,1,0.49775752,0,1
71570,Iago Herrerín,24/25,2025,1,0.49749503,0,1
262097,Birsent Karagaren,24/25,2025,1,0.49710777,0,1
391408,Antonio D'Alena,24/25,2025,0,0.49710658,0,0
1189292,Ander Izagirre,24/25,2025,0,0.49703485,0,0
503781,John Buckley,24/25,2025,1,0.49678582,0,1
669793,Andrea Bozzolan,24/25,2025,1,0.49677545,0,1
1118034,Hammam Al-Hammami,24/25,2025,1,0.4967633,0,1
646669,Jamal Gonzaga,24/25,2025,1,0.49659044,0,1
1183220,Andrea Collaro,24/25,2025,1,0.49651846,0,1
1045312,Harri John,24/25,2025,1,0.49647826,0,1
486132,Júnior Mendieta,24/25,2025,1,0.49633816,0,1
130357,Andrea Schenetti,24/25,2025,1,0.4961084,0,1
723009,Jordy de Beer,24/25,2025,0,0.49578625,0,0
701036,Gianluca Parodi,24/25,2025,1,0.4957498,0,1
542511,Paul Ngongo,24/25,2025,0,0.4956419,0,0
540876,Promise Omochere,24/25,2025,0,0.4956084,0,0
398030,Giuseppe Caso,24/25,2025,0,0.49555165,0,0
487836,Simone Panada,24/25,2025,0,0.49532452,0,0
709241,Thierno Barry,24/25,2025,1,0.4952914,0,1
724031,Angelos Angelopoulos,24/25,2025,0,0.49525258,0,0
634125,Xabi Huarte,24/25,2025,1,0.49522194,0,1
646701,Prince Aning,24/25,2025,0,0.4952121,0,0
810307,Dimitrios Goumas,24/25,2025,0,0.4951803,0,0
461895,Diogo Sousa,24/25,2025,0,0.4951055,0,0
511128,Kellian van der Kaap,24/25,2025,1,0.4949656,0,1
695422,Théo De Percin,24/25,2025,0,0.49494645,0,0
646823,Mario Camero,24/25,2025,1,0.4949044,0,1
129374,Marc Martínez,24/25,2025,1,0.49481562,0,1
744186,Chico Lamba,24/25,2025,1,0.4946187,0,1
336041,Victor Mena,24/25,2025,1,0.4944103,0,1
513972,Juan Flere,24/25,2025,0,0.49436098,0,0
88705,Michele Rigione,24/25,2025,0,0.49412355,0,0
275678,Masies Artien,24/25,2025,1,0.49410743,0,1
973575,Guilherme Zimovski,24/25,2025,0,0.4940902,0,0
146099,Remi Mulumba,24/25,2025,0,0.4939737,0,0
490967,Andri Gudjohnsen,24/25,2025,1,0.4935806,0,1
162961,Valerio Verre,24/25,2025,0,0.49356017,0,0
1151753,Ádám Szamosi,24/25,2025,0,0.49322876,0,0
279923,Roberto Dias,24/25,2025,0,0.4931647,0,0
485591,Mohamed Taabouni,24/25,2025,1,0.4928136,0,1
351751,Rodrigo Borges,24/25,2025,0,0.4927037,0,0
129314,Kristian Álvarez,24/25,2025,1,0.4925818,0,1
601507,Michele Voltan,24/25,2025,0,0.492232,0,0
1073176,Oumar Pona,24/25,2025,0,0.49220404,0,0
74297,Gaël Kakuta,24/25,2025,0,0.49220186,0,0
569866,Roberto López,24/25,2025,0,0.49220058,0,0
491702,Nacho Pais,24/25,2025,1,0.49205744,0,1
895458,Adrián Pica,24/25,2025,1,0.4918824,0,1
877759,Kian Corbally,24/25,2025,0,0.4918578,0,0
488868,Nándor Kóródi,24/25,2025,0,0.4918208,0,0
1307148,Amedeo Vendramini,24/25,2025,1,0.4915634,0,1
611198,Álex Blesa,24/25,2025,1,0.4915259,0,1
724103,Michele Casali,24/25,2025,1,0.49143472,0,1
897023,Joel Thompson,24/25,2025,1,0.49111944,0,1
496649,Unknown Player,24/25,2025,0,0.49111405,0,0
837050,Rob Apter,24/25,2025,1,0.49109858,0,1
980939,Wyll Stanway,24/25,2025,0,0.49100015,0,0
706822,Roshaun Mathurin,24/25,2025,1,0.49072868,0,1
1118150,Emmanuel Uchenna,24/25,2025,0,0.49057668,0,0
125165,Jesús Corona,24/25,2025,0,0.49057013,0,0
205569,Mickaël Malsa,24/25,2025,1,0.49054328,0,1
121257,Adam Forshaw,24/25,2025,0,0.49048293,0,0
696598,Ibrahim Cissé,24/25,2025,0,0.49047434,0,0
724711,Matyas Jedlicka,24/25,2025,0,0.49029866,0,0
211107,João Afonso,24/25,2025,0,0.49025247,0,0
692128,Davide Ferri,24/25,2025,0,0.49007586,0,0
400485,Adam Ounas,24/25,2025,1,0.48997906,0,1
289553,Xavier Gies,24/25,2025,1,0.48969862,0,1
803967,Sanel Saljic,24/25,2025,0,0.4892593,0,0
234249,Federico Andrada,24/25,2025,1,0.4890932,0,1
662808,Rodney Elongo-Yombo,24/25,2025,1,0.48901156,0,1
844637,Marc Pubill,24/25,2025,1,0.48889744,0,1
290273,Álvaro Tejero,24/25,2025,1,0.4888718,0,1
872170,Gregorio Tanco,24/25,2025,1,0.48880684,0,1
535959,Duk,24/25,2025,0,0.48877382,0,0
279909,Faisal Bangal,24/25,2025,0,0.48873496,0,0
56898,Salvatore Caturano,24/25,2025,1,0.48870942,0,1
1164001,Andrea Di Vincenzo,24/25,2025,1,0.48855612,0,1
936745,Ismaël Konaté,24/25,2025,0,0.48829776,0,0
221984,David Forniés,24/25,2025,0,0.48796475,0,0
540887,Enrico Oviszach,24/25,2025,1,0.4879552,0,1
235052,Abderrazak Hamdallah,24/25,2025,1,0.48791048,0,1
981323,Antonello Serra,24/25,2025,0,0.48784006,0,0
685657,Silas Andersen,24/25,2025,0,0.48781216,0,0
921955,Joaquin Domingo Dalmasso,24/25,2025,0,0.48776013,0,0
455824,Tommaso Scarrone,24/25,2025,1,0.48774028,0,1
74228,Marc Muniesa,24/25,2025,0,0.48761973,0,0
562530,Iker San Vicente,24/25,2025,0,0.48748472,0,0
77001,Rajiv van La Parra,24/25,2025,0,0.48741946,0,0
934496,Gioele Cardoni,24/25,2025,0,0.4872977,0,0
961297,Rodrigo Mendoza,24/25,2025,0,0.48728356,0,0
264913,Adam Mitchell,24/25,2025,0,0.48705354,0,0
97241,Victor Pálsson,24/25,2025,1,0.4870052,0,1
435605,Cristopher Núñez,24/25,2025,0,0.48695013,0,0
322754,Joe Crowe,24/25,2025,0,0.48692128,0,0
611793,James Hill,24/25,2025,0,0.48680747,0,0
721731,Antonio Prisco,24/25,2025,0,0.48647907,0,0
1285999,John Batigi,24/25,2025,1,0.4863745,0,1
962144,Unax del Cura,24/25,2025,1,0.48635313,0,1
884818,Robin Lisewski,24/25,2025,1,0.48631465,0,1
618805,Iker Bachiller,24/25,2025,1,0.4861988,0,1
492489,Christian Vestergaard,24/25,2025,1,0.48615858,0,1
894159,Klevi Totoshi,24/25,2025,0,0.48564914,0,0
1073748,Kacper Potulski,24/25,2025,1,0.4854769,0,1
518676,Patrick Luan,24/25,2025,0,0.48544466,0,0
651735,Magnus Knudsen,24/25,2025,0,0.48536944,0,0
728262,Julián Palacios,24/25,2025,0,0.48525226,0,0
1001035,Marcos Carrillo,24/25,2025,1,0.48494223,0,1
320259,Sito Pascual,24/25,2025,0,0.48485118,0,0
52377,Adrian Cieslewicz,24/25,2025,0,0.48484546,0,0
578916,Ognjen Gasevic,24/25,2025,1,0.48481295,0,1
203510,Yuriy Kovalev,24/25,2025,0,0.48480466,0,0
840794,Dylan Perera,24/25,2025,0,0.48478976,0,0
1162365,Bandar Darwish,24/25,2025,0,0.48478964,0,0
82361,Christian Mathenia,24/25,2025,0,0.4847001,0,0
235413,Jaromir Zmrhal,24/25,2025,0,0.4845706,0,0
342046,Axel Tuanzebe,24/25,2025,1,0.48454496,0,1
505307,Ryan De Havilland,24/25,2025,0,0.48435113,0,0
293241,Miomir Djurickovic,24/25,2025,1,0.4842451,0,1
310645,Taher Mohamed,24/25,2025,0,0.4841099,0,0
410075,Danilo Greco,24/25,2025,1,0.4840272,0,1
1262393,Gabriel Rafele,24/25,2025,1,0.4839879,0,1
915283,Masrur Kiyomidinov,24/25,2025,1,0.4838773,0,1
476353,Thalis,24/25,2025,0,0.483517,0,0
623773,Kristoffer Lund,24/25,2025,1,0.48345855,0,1
615618,Santiago Eneme,24/25,2025,1,0.48339352,0,1
561027,Youssef Ayman,24/25,2025,0,0.48326603,0,0
603864,Lewis Miller,24/25,2025,1,0.48291364,0,1
1124243,Lorenzo Ceppi,24/25,2025,1,0.48280063,0,1
666234,Mohamed Simakan,24/25,2025,1,0.48265412,0,1
436585,Delano Burgzorg,24/25,2025,0,0.48259315,0,0
1063329,Andrés García,24/25,2025,0,0.48256883,0,0
815541,Guglielmo Floridia,24/25,2025,1,0.48254064,0,1
926643,Fernando Lesme,24/25,2025,1,0.48251316,0,1
684116,Silas Ostrzinski,24/25,2025,0,0.4823995,0,0
342148,Zé Gomes,24/25,2025,0,0.4820793,0,0
355033,Enrico Silletti,24/25,2025,0,0.48204356,0,0
74741,Dragan Mihajlovic,24/25,2025,0,0.4820391,0,0
289847,Aris Vaporakis,24/25,2025,0,0.48198912,0,0
900938,Junior Olaitan,24/25,2025,1,0.48193657,0,1
286276,Alfredo Bifulco,24/25,2025,0,0.48191193,0,0
1059771,Filippo Vertua,24/25,2025,1,0.48188478,0,1
376252,Shane McLoughlin,24/25,2025,1,0.48159894,0,1
311130,Lorenzo Melchiori,24/25,2025,0,0.48150176,0,0
444445,Tommaso Degl'Innocenti,24/25,2025,0,0.48148516,0,0
908967,Valon Aliji,24/25,2025,0,0.4811351,0,0
143358,Ádám Gyurcsó,24/25,2025,1,0.48110807,0,1
166591,Rodrigo Rey,24/25,2025,0,0.48070103,0,0
353609,Titas Krapikas,24/25,2025,1,0.48042035,0,1
1009938,Álvaro Merencio,24/25,2025,1,0.48039448,0,1
936755,Alberto Manzoni,24/25,2025,0,0.4800528,0,0
373381,Pasquale Giannotti,24/25,2025,0,0.47998634,0,0
706933,Manuel Alagna,24/25,2025,0,0.47996414,0,0
513175,Adrián Crespo,24/25,2025,0,0.4798472,0,0
518152,Tobias Peitz,24/25,2025,1,0.47976443,0,1
217273,Irfan Sahman,24/25,2025,0,0.47973686,0,0
710678,Christian Mutilva,24/25,2025,1,0.47958755,0,1
340032,Christophe Nduwarugira,24/25,2025,0,0.47950894,0,0
1164260,Edin Etoski,24/25,2025,0,0.47945806,0,0
1188665,Tommaso Piacenza,24/25,2025,1,0.47937357,0,1
800953,Elisio Widmann,24/25,2025,0,0.47933534,0,0
509116,Babacar Dione,24/25,2025,1,0.47928077,0,1
110931,Marco Fossati,24/25,2025,1,0.47925296,0,1
424371,Iván Martínez,24/25,2025,1,0.47924727,0,1
396328,Luis Perea,24/25,2025,1,0.47878253,0,1
286037,Dusan Stevanovic,24/25,2025,1,0.47875187,0,1
946393,Nikolay Sotnikov,24/25,2025,0,0.478711,0,0
470242,Michalis Ioannou,24/25,2025,0,0.47841504,0,0
245070,Alen Ozbolt,24/25,2025,0,0.47813398,0,0
740617,Damiano Basili,24/25,2025,1,0.47812155,0,1
1018922,Òscar Masqué,24/25,2025,0,0.4780241,0,0
632829,Niccolò Pietra,24/25,2025,1,0.4779833,0,1
696883,Juan Brunet,24/25,2025,1,0.47786927,0,1
815180,Robert Kwasigroch,24/25,2025,1,0.47779432,0,1
49501,Elias Kachunga,24/25,2025,0,0.4776777,0,0
488784,Magnus Kofod Andersen,24/25,2025,0,0.47763366,0,0
412607,Eoin Toal,24/25,2025,0,0.47749928,0,0
247596,Kenneth Paal,24/25,2025,1,0.4773204,0,1
382204,Martin Koscelník,24/25,2025,0,0.47719294,0,0
108880,Koen Casteels,24/25,2025,0,0.476998,0,0
358948,Bright Osayi-Samuel,24/25,2025,1,0.4769572,0,1
718668,Tala,24/25,2025,0,0.47694343,0,0
423289,Álvaro Salinas,24/25,2025,1,0.47690368,0,1
278761,Kürsad Sürmeli,24/25,2025,1,0.47679916,0,1
318507,Paul Bernardoni,24/25,2025,1,0.47660974,0,1
397435,Marco Di Lernia,24/25,2025,1,0.4765139,0,1
415902,Niclas Müller,24/25,2025,0,0.47651294,0,0
581330,Eiran Cashin,24/25,2025,1,0.47646746,0,1
273130,Federico Gino,24/25,2025,1,0.47645706,0,1
926301,Tiago Pereira Cardoso,24/25,2025,0,0.47645673,0,0
1170814,Mirko Personeni,24/25,2025,1,0.4757109,0,1
188888,Sheraldo Becker,24/25,2025,1,0.4756261,0,1
718037,Marcel Sgrò,24/25,2025,0,0.4756122,0,0
77363,Jovan Nikolic,24/25,2025,0,0.47556418,0,0
690479,Stefan Vukic,24/25,2025,1,0.475545,0,1
315568,Lorenzo Di Livio,24/25,2025,1,0.47542882,0,1
738119,Antonino Viola,24/25,2025,0,0.47540733,0,0
1031510,Eric Topór,24/25,2025,0,0.47540247,0,0
822100,Federico Romeo,24/25,2025,0,0.475311,0,0
511876,Giorgos Naoum,24/25,2025,0,0.47530323,0,0
458499,Vasilios Tsimopoulos,24/25,2025,0,0.47516212,0,0
262365,Antonio Puertas,24/25,2025,1,0.47510415,0,1
633463,Adam Randell,24/25,2025,1,0.47501215,0,1
966681,Alex Henderson,24/25,2025,0,0.47499493,0,0
197860,Pedro Rebocho,24/25,2025,0,0.47499338,0,0
339510,Tihomir Kostadinov,24/25,2025,1,0.47497708,0,1
667925,Sebastian Revan,24/25,2025,1,0.47497514,0,1
1014054,Andrea Melani,24/25,2025,1,0.4749716,0,1
226971,Unknown Player,24/25,2025,1,0.47487813,0,1
709214,Beñat Gerenabarrena,24/25,2025,1,0.4748401,0,1
187908,Hugo Sousa,24/25,2025,0,0.47461346,0,0
564049,Steve Seddon,24/25,2025,1,0.4743575,0,1
223029,Fábio Martins,24/25,2025,1,0.47417414,0,1
374081,Aitor Buñuel,24/25,2025,1,0.47412476,0,1
313830,Pablo Galdames,24/25,2025,0,0.47404814,0,0
235840,Pedro Pinto,24/25,2025,1,0.4738409,0,1
877215,David Toure,24/25,2025,1,0.47383124,0,1
214770,Borja López,24/25,2025,1,0.47344926,0,1
866888,José Matos,24/25,2025,1,0.473344,0,1
218140,George Honeyman,24/25,2025,1,0.47314313,0,1
364245,Jordan Teze,24/25,2025,0,0.47262076,0,0
907588,Khalid Abu El Haija,24/25,2025,1,0.47257447,0,1
324633,Abdulmajeed Al-Sulayhim,24/25,2025,1,0.47216687,0,1
585868,Vladislav Naydenov,24/25,2025,0,0.47197378,0,0
277646,Stanley Ratifo,24/25,2025,0,0.47191074,0,0
384524,Serafin Szota,24/25,2025,0,0.4717688,0,0
287528,Connor Mahoney,24/25,2025,0,0.47163126,0,0
1306528,Filippo Vignaroli,24/25,2025,0,0.4714645,0,0
367405,Andreas Heimer,24/25,2025,0,0.47145876,0,0
1049803,Domenico Anzelmo,24/25,2025,1,0.4714581,0,1
1055874,Manex Gibelalde,24/25,2025,1,0.47130623,0,1
380478,Victor Braga,24/25,2025,1,0.47128087,0,1
1238259,Pau Fernández,24/25,2025,0,0.4712797,0,0
740498,Pastor,24/25,2025,1,0.4709377,0,1
933830,Chalpan Abdulnasir,24/25,2025,0,0.47077706,0,0
711384,Gexan Elosegi,24/25,2025,0,0.4705838,0,0
721669,Dominik Földi,24/25,2025,0,0.4705202,0,0
650256,Paolo Vismara,24/25,2025,0,0.47039276,0,0
226006,Emanuel Insúa,24/25,2025,1,0.47031713,0,1
113890,David Mitchell,24/25,2025,1,0.47030932,0,1
1059678,Luca Horst,24/25,2025,1,0.4701633,0,1
810100,Taylan Bulut,24/25,2025,1,0.47005904,0,1
264011,Gergő Rácz,24/25,2025,0,0.46994582,0,0
315289,Myrto Uzuni,24/25,2025,0,0.46978453,0,0
808224,Andres Sfait,24/25,2025,0,0.46968475,0,0
796865,Lamine Sy,24/25,2025,1,0.46916398,0,1
524428,Nicolas Galazzi,24/25,2025,1,0.46909195,0,1
291397,Samba Camara,24/25,2025,1,0.46908218,0,1
164534,Francesco Forte,24/25,2025,1,0.46896076,0,1
240206,Jacopo Manconi,24/25,2025,0,0.46882463,0,0
610400,William Bøving,24/25,2025,1,0.46869797,0,1
168989,Silvan Widmer,24/25,2025,0,0.4686802,0,0
312932,Eraldo Cinari,24/25,2025,1,0.4686504,0,1
193724,Vito Hammershöy-Mistrati,24/25,2025,0,0.46858543,0,0
855615,Abdoulaye Bakayoko,24/25,2025,0,0.46847695,0,0
450382,Rubén Morillas,24/25,2025,0,0.46817094,0,0
220686,Antonio Vutov,24/25,2025,1,0.4681218,0,1
793243,Tim Hartzell,24/25,2025,0,0.46804565,0,0
286389,Joshua Endres,24/25,2025,0,0.46802777,0,0
64134,Néstor Araújo,24/25,2025,0,0.4679738,0,0
671108,Kota Takai,24/25,2025,1,0.4678198,0,1
418219,Vladimir Screciu,24/25,2025,0,0.46779507,0,0
195215,Thomas Gösweiner,24/25,2025,0,0.4677645,0,0
139435,Dani Rodríguez,24/25,2025,0,0.46769962,0,0
927953,Bradley Mayo,24/25,2025,0,0.46749726,0,0
434711,Jakov Blagaic,24/25,2025,1,0.4673347,0,1
1009483,Antonio Bazdaric,24/25,2025,1,0.46731088,0,1
73846,Paul-José Mpoku,24/25,2025,1,0.4664488,0,1
251309,Dennis Geiger,24/25,2025,0,0.46636635,0,0
1056956,Mikel Santos,24/25,2025,0,0.46611074,0,0
464186,Noah Lovisa,24/25,2025,1,0.46593893,0,1
407907,Gelson Dala,24/25,2025,0,0.4658933,0,0
646735,Aitor Gismera,24/25,2025,1,0.4658761,0,1
569579,Alessandro Tozzuolo,24/25,2025,1,0.4657933,0,1
377605,Hamdou El Houni,24/25,2025,0,0.46565825,0,0
337946,Jairo Izquierdo,24/25,2025,1,0.46564263,0,1
980036,Matheus Sampaio,24/25,2025,0,0.46560407,0,0
139393,Tomané,24/25,2025,1,0.4655644,0,1
697144,Burak İnce,24/25,2025,1,0.4652837,0,1
979850,Andrea Cogoni,24/25,2025,0,0.4652229,0,0
196538,Lorenzo Remedi,24/25,2025,1,0.46510667,0,1
586756,Festy Ebosele,24/25,2025,0,0.46498853,0,0
874081,Karoy Anderson,24/25,2025,0,0.4649551,0,0
459649,Joseph Ekuban,24/25,2025,0,0.46488577,0,0
986258,Siaka Bakayoko,24/25,2025,0,0.46478248,0,0
776303,Marco Pellegrino,24/25,2025,1,0.46450868,0,1
951316,Iker Balda,24/25,2025,1,0.464494,0,1
234499,Frédéric Maciel,24/25,2025,1,0.464378,0,1
1015874,Kjartan Már Kjartansson,24/25,2025,1,0.4640906,0,1
1074574,Garabet Takesian,24/25,2025,1,0.4639221,0,1
160438,Mohamed Elneny,24/25,2025,0,0.4639141,0,0
875511,Paulo Victor,24/25,2025,1,0.46383858,0,1
228645,Wout Weghorst,24/25,2025,0,0.46378157,0,0
1270449,Aarón Martin,24/25,2025,1,0.46372116,0,1
340435,Eros De Santis,24/25,2025,1,0.46370167,0,1
433091,Jalen Hawkins,24/25,2025,0,0.46367356,0,0
181612,Tomas Huk,24/25,2025,1,0.46357104,0,1
1264191,Sicu Camara,24/25,2025,0,0.46335784,0,0
396167,Charlie Scott,24/25,2025,0,0.46322346,0,0
1113888,Andrew Wogan,24/25,2025,1,0.46311077,0,1
658874,Seung-bin Kim,24/25,2025,0,0.4630776,0,0
1103456,Marcell Nemes,24/25,2025,0,0.46293566,0,0
890532,Fayssal Harchaoui,24/25,2025,0,0.46284968,0,0
655899,Serdar Saatçı,24/25,2025,0,0.46274024,0,0
448264,Afonso Freitas,24/25,2025,0,0.46252894,0,0
257468,Nemanja Glavcic,24/25,2025,0,0.46242023,0,0
117720,Nils Winter,24/25,2025,0,0.4623087,0,0
375392,Paulo Moreira,24/25,2025,0,0.46170726,0,0
388363,Maximilian Bauer,24/25,2025,0,0.4615584,0,0
703007,Andreas Karamanolis,24/25,2025,1,0.46153706,0,1
274175,Solomon Udo,24/25,2025,1,0.46139237,0,1
339982,Bright Gyamfi,24/25,2025,1,0.46127272,0,1
934386,Pietro Candelari,24/25,2025,0,0.46085843,0,0
653274,Martin Cocorocchio,24/25,2025,1,0.46085307,0,1
813856,Bence Ominger,24/25,2025,0,0.46083423,0,0
553303,Mathias Kubel,24/25,2025,0,0.46081287,0,0
401855,Dylan Fox,24/25,2025,0,0.46075162,0,0
714144,Radek Lehovec,24/25,2025,0,0.46064243,0,0
325443,Viktor Gyökeres,24/25,2025,1,0.4604538,0,1
292417,Demarai Gray,24/25,2025,1,0.46012676,0,1
410735,Jamie Jacobs,24/25,2025,1,0.45990247,0,1
391344,Luis Lara,24/25,2025,1,0.45947623,0,1
498234,Tomás Domingos,24/25,2025,1,0.45927826,0,1
103427,Chris Smalling,24/25,2025,0,0.45912194,0,0
214247,Sebastián Gorga,24/25,2025,1,0.45905954,0,1
533783,Maks Ebong,24/25,2025,0,0.45899674,0,0
228584,David Simón,24/25,2025,0,0.45897967,0,0
672607,Adam Senior,24/25,2025,1,0.45895284,0,1
321685,Mirza Mustafic,24/25,2025,1,0.4588664,0,1
282921,Daniele Casella,24/25,2025,1,0.4588612,0,1
467992,Samuele Ricci,24/25,2025,1,0.45879367,0,1
510330,Diego García,24/25,2025,0,0.45867875,0,0
355791,Fabrizio Brignani,24/25,2025,1,0.45867565,0,1
736048,Arsen Lleshi,24/25,2025,0,0.45866016,0,0
199717,Giancarlo Malcore,24/25,2025,0,0.45863223,0,0
288487,Cristian Cruz,24/25,2025,0,0.45857897,0,0
1042715,Karse,24/25,2025,1,0.4585747,0,1
995105,Giulio Patrignani,24/25,2025,1,0.4584491,0,1
668276,Hugo Novoa,24/25,2025,1,0.45817542,0,1
432698,Kornelius Normann,24/25,2025,1,0.4579284,0,1
633668,Giovanni Fabbian,24/25,2025,0,0.45779234,0,0
258951,Tamás Csilus,24/25,2025,0,0.4576404,0,0
735984,Lucas Shlimon,24/25,2025,1,0.45759517,0,1
336731,Nacho Gil,24/25,2025,1,0.45724443,0,1
397797,Giovanni Pinto,24/25,2025,0,0.4572192,0,0
448468,Jefferson Encada,24/25,2025,1,0.4571711,0,1
463030,Markus Kaasa,24/25,2025,1,0.45711246,0,1
692771,Byron Burgering,24/25,2025,1,0.4569828,0,1
962174,Jacopo Lanzi,24/25,2025,0,0.45691836,0,0
59009,Jörg Siebenhandl,24/25,2025,0,0.45632094,0,0
212912,Nader Matar,24/25,2025,0,0.45574212,0,0
221687,Alex Gilliead,24/25,2025,1,0.4557193,0,1
167826,Luca Verna,24/25,2025,1,0.4547473,0,1
280278,Petar Vitanov,24/25,2025,0,0.4547463,0,0
422203,Umut Güneş,24/25,2025,0,0.45453146,0,0
530881,Oludare Olufunwa,24/25,2025,0,0.45452672,0,0
921065,Yannick Mausehund,24/25,2025,0,0.45452657,0,0
894162,Aron Gjergji,24/25,2025,0,0.45444188,0,0
102132,Nicklas Helenius,24/25,2025,0,0.45439905,0,0
536837,Federico Bergonzi,24/25,2025,0,0.4543831,0,0
789389,Ben Summers,24/25,2025,0,0.4543255,0,0
492786,Andrea Allegretto,24/25,2025,0,0.4541876,0,0
613129,Christian Aucelli,24/25,2025,0,0.45408705,0,0
672535,Carmine Cretella,24/25,2025,1,0.4540728,0,1
246200,William Popp,24/25,2025,1,0.45386544,0,1
68327,Jay O'Shea,24/25,2025,0,0.4538153,0,0
540059,Andreas Athanasakopoulos,24/25,2025,1,0.45380348,0,1
745595,Marlon Ubani,24/25,2025,1,0.45366466,0,1
343945,Niccolò Zanellato,24/25,2025,0,0.45357043,0,0
190687,Joshua Smits,24/25,2025,1,0.45327216,0,1
396085,Marco Ballabio,24/25,2025,0,0.4532556,0,0
495124,Brian Orosco,24/25,2025,0,0.453208,0,0
800948,Jan-Carlo Simić,24/25,2025,1,0.453133,0,1
990008,Wassim Bouziane,24/25,2025,1,0.45305037,0,1
698741,Marcus Ifill,24/25,2025,0,0.45293716,0,0
1168861,Faton Ademi,24/25,2025,0,0.45288405,0,0
205054,Norbert Gyömbér,24/25,2025,0,0.45239556,0,0
402970,Dimitrios Stavropoulos,24/25,2025,0,0.45233828,0,0
905015,Jon de Luis,24/25,2025,0,0.4521877,0,0
51730,Jamie Murphy,24/25,2025,0,0.4521205,0,0
1056753,Davide Finizio,24/25,2025,1,0.45195246,0,1
801886,Isak Jensen,24/25,2025,1,0.45188835,0,1
293281,Jacob Bruun Larsen,24/25,2025,1,0.45187455,0,1
260041,Josef Kvida,24/25,2025,0,0.45182586,0,0
569288,Elias Bördner,24/25,2025,1,0.4516837,0,1
820148,Emre Uzun,24/25,2025,1,0.45155793,0,1
129579,Glenn Claes,24/25,2025,1,0.45154023,0,1
536511,Gobé Gouano,24/25,2025,1,0.45153654,0,1
464220,Botond Nándori,24/25,2025,0,0.45145917,0,0
907464,Tommy Leigh,24/25,2025,0,0.45140442,0,0
56100,Leon Balogun,24/25,2025,1,0.45135376,0,1
656345,Nacho Ramón,24/25,2025,0,0.45134616,0,0
900199,Gustav Lindgren,24/25,2025,0,0.4513047,0,0
379249,Matheus Reis,24/25,2025,0,0.4510048,0,0
182875,Jean-Charles Castelletto,24/25,2025,1,0.45100072,0,1
406054,Davide Marcandella,24/25,2025,0,0.45087385,0,0
910192,Wilson Samaké,24/25,2025,1,0.45082727,0,1
733904,Michalis Patiras,24/25,2025,1,0.45077166,0,1
1172908,Amine Chabane,24/25,2025,0,0.45050478,0,0
649765,Ákos Király,24/25,2025,0,0.45045382,0,0
263482,Michael Olunga,24/25,2025,1,0.4502955,0,1
420807,Simranjit Thandi,24/25,2025,1,0.45012718,0,1
1020729,Teymur Charyyev,24/25,2025,0,0.45001042,0,0
59082,Heinz Lindner,24/25,2025,1,0.4497403,0,1
284855,Yael Ballesteros,24/25,2025,0,0.449667,0,0
74463,Dániel Póser,24/25,2025,0,0.449512,0,0
1180811,Adam Baallal,24/25,2025,0,0.44941685,0,0
610417,Andrew,24/25,2025,0,0.4494121,0,0
741252,Aarón Alonso,24/25,2025,1,0.44928738,0,1
223890,Rober Correa,24/25,2025,1,0.44927683,0,1
141099,Vlastimil Danicek,24/25,2025,0,0.44921204,0,0
637469,Zean Dalügge,24/25,2025,1,0.44905502,0,1
1035765,Ilyas Ansah,24/25,2025,1,0.4490487,0,1
1146759,Nick Doktorczyk,24/25,2025,0,0.44896257,0,0
1046692,Ólafur Hjaltason,24/25,2025,0,0.4489184,0,0
800611,Jonathan Pitou,24/25,2025,1,0.44879866,0,1
601819,Stefano Pennati,24/25,2025,0,0.44865295,0,0
250826,Saeed Al-Mowalad,24/25,2025,0,0.44858962,0,0
228917,Jorge Miramón,24/25,2025,0,0.4485259,0,0
1191770,César Álvarez,24/25,2025,0,0.44846204,0,0
1175463,Cassiano Bouzon,24/25,2025,1,0.44843182,0,1
481344,Alessandro Russo,24/25,2025,1,0.44818458,0,1
162056,Gonzalo Melero,24/25,2025,1,0.44805914,0,1
967658,Augusto Bando,24/25,2025,0,0.44791636,0,0
218431,Amir Abedzadeh,24/25,2025,0,0.44787753,0,0
265176,Phil Neumann,24/25,2025,1,0.44787636,0,1
283214,Mathias Kristensen,24/25,2025,0,0.44773394,0,0
1000630,Pablo López,24/25,2025,1,0.44752,0,1
340918,Caoimhín Kelleher,24/25,2025,1,0.44727907,0,1
882772,Álvaro Bastida,24/25,2025,1,0.44708064,0,1
906329,Roger Fernandes,24/25,2025,1,0.44692457,0,1
627224,Gabriel Silva,24/25,2025,0,0.44692028,0,0
979858,Manuel Conti,24/25,2025,0,0.44691467,0,0
922772,Charalampos Kallanxhi,24/25,2025,0,0.4467098,0,0
531679,Ethan Laird,24/25,2025,0,0.44668755,0,0
394920,Filippo Sgarbi,24/25,2025,1,0.44658092,0,1
190804,Uros Djurdjevic,24/25,2025,0,0.44600147,0,0
598611,Jesús de Miguel,24/25,2025,1,0.44594353,0,1
927267,Nicolò Amadori,24/25,2025,1,0.4459011,0,1
937278,Filippo Turone,24/25,2025,0,0.44588587,0,0
1229922,Facundo Alarcón,24/25,2025,1,0.44579914,0,1
628624,Adam Ratajczyk,24/25,2025,0,0.44579327,0,0
225693,Fabinho,24/25,2025,0,0.4457748,0,0
507115,Lachlan Brook,24/25,2025,1,0.44573137,0,1
112632,Raphael Augusto,24/25,2025,1,0.4456826,0,1
450427,Vasilios Xenopoulos,24/25,2025,0,0.44554967,0,0
297583,Woo-yeong Jeong,24/25,2025,1,0.4454777,0,1
280700,Yohan Boli,24/25,2025,1,0.44519627,0,1
78507,Derrick Tshimanga,24/25,2025,0,0.44512123,0,0
529357,Aris Sörensen,24/25,2025,0,0.44504878,0,0
1094885,Otávio,24/25,2025,1,0.4449985,0,1
941420,Jack O'Reilly,24/25,2025,1,0.44484738,0,1
342209,Kévin N'Doram,24/25,2025,0,0.444577,0,0
1250341,Diego Deisadze,24/25,2025,0,0.44447958,0,0
1270432,Hunor Kuzma,24/25,2025,0,0.44439462,0,0
637782,André Amaro,24/25,2025,0,0.44438708,0,0
329135,Petar Lela,24/25,2025,1,0.44427463,0,1
1082269,Josh Gentles,24/25,2025,1,0.44423762,0,1
212216,Jhonatan,24/25,2025,0,0.44388407,0,0
393284,Emmanuel Osadebe,24/25,2025,1,0.44385216,0,1
911373,Dominik Kovács,24/25,2025,1,0.4436695,0,1
634460,Álex Balboa,24/25,2025,1,0.44360298,0,1
671549,Enes Osmani,24/25,2025,0,0.4434689,0,0
1133052,Enzo Tacafred,24/25,2025,0,0.44330728,0,0
477547,Daniil Paroutis,24/25,2025,0,0.44329926,0,0
99345,Ante Vukusic,24/25,2025,0,0.44319448,0,0
606570,Sergio Guerrero,24/25,2025,1,0.4431341,0,1
451942,Sam Todd,24/25,2025,0,0.4431162,0,0
440755,Benny,24/25,2025,1,0.44303855,0,1
965940,Zack Nelson,24/25,2025,0,0.44302887,0,0
62270,Danilo Russo,24/25,2025,1,0.44279444,0,1
340289,Alessandro Dalmasso,24/25,2025,0,0.44274363,0,0
729872,Igor Miladinovic,24/25,2025,0,0.44270042,0,0
508762,Darius Ghindovean,24/25,2025,1,0.44249734,0,1
366278,Rodrigo Pinho,24/25,2025,0,0.4424083,0,0
874080,Mason Burstow,24/25,2025,1,0.44234645,0,1
736041,Haris Mesic,24/25,2025,1,0.4422909,0,1
403437,Ciaran Kelly,24/25,2025,0,0.44214466,0,0
1372149,Gibril Sosseh,24/25,2025,0,0.44210806,0,0
961944,Ginés Sorroche,24/25,2025,0,0.44205487,0,0
820013,Péter Szalai,24/25,2025,0,0.44181412,0,0
257235,Ahmad Moein Doozandeh,24/25,2025,0,0.4418116,0,0
346309,Morgan Faßbender,24/25,2025,0,0.44165817,0,0
533222,Luca Maffioletti,24/25,2025,1,0.441634,0,1
347958,Gaétan Weissbeck,24/25,2025,0,0.4416327,0,0
121265,Toto Nsiala,24/25,2025,0,0.4414765,0,0
567309,Naatan Skyttä,24/25,2025,1,0.44147035,0,1
920308,Elison Makolli,24/25,2025,0,0.4414128,0,0
920968,Ronaldo Nájera,24/25,2025,0,0.4413685,0,0
689639,Javi Villar,24/25,2025,0,0.4413417,0,0
504530,Pier Luigi Simonetti,24/25,2025,0,0.44128987,0,0
975211,Nicolò Allasina,24/25,2025,0,0.44125533,0,0
834483,Álex Padilla,24/25,2025,0,0.4412271,0,0
193151,Abdullah Al-Hafith,24/25,2025,1,0.44118953,0,1
623568,Tilemachos Karampas,24/25,2025,0,0.44117197,0,0
874041,Kamarl Grant,24/25,2025,0,0.4411021,0,0
1126756,Kelve Semedo,24/25,2025,1,0.44107613,0,1
1003451,Breno,24/25,2025,1,0.4409256,0,1
274828,Milan Kocic,24/25,2025,0,0.44081116,0,0
573133,Charlie McCann,24/25,2025,1,0.44076318,0,1
725352,Endri Muhameti,24/25,2025,1,0.44074705,0,1
1000698,Kirill Parmonov,24/25,2025,0,0.44068062,0,0
343794,Gustavo Santos,24/25,2025,0,0.4403747,0,0
708624,Andrea Quarena,24/25,2025,0,0.44018966,0,0
250777,Fabrizio Ferrante,24/25,2025,0,0.44012627,0,0
242668,Paschalis Staikos,24/25,2025,1,0.4394238,0,1
315063,Nahitan Nández,24/25,2025,0,0.43930814,0,0
1226717,Andrea Ratti,24/25,2025,0,0.43868026,0,0
193319,Luís Silva,24/25,2025,0,0.43861067,0,0
529512,Kristo Hussar,24/25,2025,0,0.4385206,0,0
878160,Reuell Walters,24/25,2025,0,0.43851337,0,0
696613,Gabriele Pagliai,24/25,2025,1,0.43833208,0,1
834491,Alejandro Rego,24/25,2025,1,0.43832052,0,1
816515,Tom Bloxham,24/25,2025,0,0.438288,0,0
979578,Jonathan Flensborg,24/25,2025,0,0.43806627,0,0
932479,Jakob Sieve,24/25,2025,0,0.43797067,0,0
1003925,Henrijs Auseklis,24/25,2025,0,0.43793043,0,0
240157,Gianmarco Vannucchi,24/25,2025,1,0.437857,0,1
974581,Cenny Neumann,24/25,2025,1,0.43751207,0,1
411410,Kaloyan Krastev,24/25,2025,1,0.43751076,0,1
809167,Ciaran Gilligan,24/25,2025,0,0.43715775,0,0
236997,Tiago Silva,24/25,2025,1,0.43708104,0,1
379092,Maxime Giron,24/25,2025,1,0.43695655,0,1
240158,Francesco Vicari,24/25,2025,0,0.4368822,0,0
78818,Dario Dumic,24/25,2025,0,0.4368791,0,0
74642,Mattia Minesso,24/25,2025,0,0.43675104,0,0
829279,Kimi Merk,24/25,2025,1,0.43670952,0,1
311696,Kuki Zalazar,24/25,2025,0,0.43669096,0,0
385412,Jordan Amissah,24/25,2025,1,0.4362972,0,1
961821,Elián Sosa,24/25,2025,1,0.43605554,0,1
421870,Michael Ntube,24/25,2025,0,0.4359551,0,0
1059172,Ahmed Ouattara Kossonou,24/25,2025,0,0.43588778,0,0
337812,Julijan Popović,24/25,2025,1,0.4357598,0,1
1004062,Frederik Emmery,24/25,2025,0,0.43575907,0,0
808509,Danilo,24/25,2025,1,0.43570733,0,1
820240,Dominik Șoptirean,24/25,2025,1,0.4356827,0,1
457420,Matteo Figoli,24/25,2025,0,0.4355817,0,0
125020,José Luis Palomino,24/25,2025,1,0.4351616,0,1
1223892,Koke Mota,24/25,2025,0,0.4350518,0,0
1049757,Lorenzo Viano,24/25,2025,1,0.43502697,0,1
179471,Curtis Good,24/25,2025,0,0.43500113,0,0
817302,Sergio Barlocco,24/25,2025,0,0.4347585,0,0
895331,Dani Pérez,24/25,2025,0,0.43450868,0,0
131102,Jeison Murillo,24/25,2025,0,0.4343457,0,0
78570,Anthony Moris,24/25,2025,1,0.4342009,0,1
94116,Patrick Göbel,24/25,2025,0,0.4341803,0,0
678546,Mexx Meerdink,24/25,2025,0,0.43410936,0,0
65841,Josep Antoni,24/25,2025,1,0.43384877,0,1
912743,Zhivko Dimitrov,24/25,2025,1,0.43375832,0,1
710672,Xabi Irurita,24/25,2025,0,0.43352687,0,0
190442,Alan Ruiz,24/25,2025,1,0.43331623,0,1
343157,Angelos Zioulis,24/25,2025,0,0.43325675,0,0
880533,Spyros Kostopoulos,24/25,2025,0,0.4328867,0,0
929909,San-Luca Spitali,24/25,2025,0,0.43269473,0,0
1102496,Aleksandr Shvedchikov,24/25,2025,1,0.43251047,0,1
504198,Connor Parsons,24/25,2025,0,0.43239784,0,0
128105,Peter Zulj,24/25,2025,0,0.432366,0,0
997827,Thiago Helguera,24/25,2025,1,0.43235892,0,1
952715,Andrea Zilio,24/25,2025,0,0.43233696,0,0
149526,Marco Crimi,24/25,2025,1,0.43232974,0,1
746695,Kamaldeen Sulemana,24/25,2025,1,0.43230736,0,1
429892,Davíd Ingvarsson,24/25,2025,0,0.43229383,0,0
982832,Adri Heredia,24/25,2025,1,0.43224356,0,1
131978,Ross Barkley,24/25,2025,0,0.43215257,0,0
345098,Tameem Al-Muhaza,24/25,2025,0,0.43190444,0,0
203496,Nabil Fekir,24/25,2025,0,0.43186074,0,0
135492,Youssouf Sabaly,24/25,2025,1,0.43169948,0,1
383810,Arnau Campeny,24/25,2025,0,0.43165335,0,0
1075584,Luan Gadegbeku,24/25,2025,0,0.43162465,0,0
1078216,Dennis Krpalek,24/25,2025,0,0.4315371,0,0
856532,Kai McLean,24/25,2025,0,0.43147618,0,0
1020652,Chico Gonçalves,24/25,2025,0,0.4313688,0,0
308371,Mikel Villanueva,24/25,2025,1,0.4313293,0,1
936223,Nicolò Verza,24/25,2025,0,0.43100584,0,0
351727,Dmitriy Bessmertnyi,24/25,2025,1,0.43096375,0,1
286044,Marco Weymans,24/25,2025,0,0.43079746,0,0
644158,Lucas Silva,24/25,2025,0,0.43074036,0,0
466820,Xhonatan Lajthia,24/25,2025,0,0.43069705,0,0
199453,Sebastian Osigwe,24/25,2025,1,0.43067342,0,1
509247,Euan Henderson,24/25,2025,1,0.43064898,0,1
930790,Jean Castegnaro,24/25,2025,1,0.43060547,0,1
400174,Kristófer Kristinsson,24/25,2025,0,0.4305665,0,0
1030374,Alberto Ulloa,24/25,2025,1,0.43055558,0,1
95795,Václav Hladký,24/25,2025,0,0.43036348,0,0
394875,Federico Chiossi,24/25,2025,0,0.43007243,0,0
287920,Tim Skarke,24/25,2025,0,0.42967463,0,0
895906,Dimitrios Laskaris,24/25,2025,0,0.4295761,0,0
472246,Mika Schroers,24/25,2025,1,0.4295522,0,1
913461,Alessandro Seghetti,24/25,2025,1,0.42944813,0,1
59349,Diego Mariño,24/25,2025,1,0.42944092,0,1
51349,Mikkel Rygaard,24/25,2025,0,0.42929852,0,0
867185,Ismael Ferrer,24/25,2025,0,0.42890185,0,0
1158985,Gerónimo Spina,24/25,2025,0,0.42864236,0,0
388042,Karlo Muhar,24/25,2025,1,0.42844474,0,1
648906,Zoltán Vasvári,24/25,2025,0,0.42819247,0,0
929467,Kamil Jakubczyk,24/25,2025,0,0.42817947,0,0
961945,Félix Garreta,24/25,2025,0,0.42799404,0,0
815477,Michele Tommasi,24/25,2025,0,0.42774326,0,0
452068,Ayman Azhil,24/25,2025,0,0.4276837,0,0
1017689,Kristiyan Valkov,24/25,2025,0,0.42747906,0,0
802663,Samuele Rosini,24/25,2025,1,0.42723775,0,1
1080421,Ieuan Owen,24/25,2025,0,0.42722905,0,0
856406,Noah Madsen,24/25,2025,0,0.42721385,0,0
589374,Milson,24/25,2025,0,0.42707053,0,0
467151,Mahmoud Jaber,24/25,2025,1,0.42701694,0,1
1086493,Alessio Manetti,24/25,2025,0,0.42694566,0,0
367443,Jonas Wendlinger,24/25,2025,0,0.4266043,0,0
396276,Francesco Rizzo,24/25,2025,1,0.42650232,0,1
448883,Kristers Tobers,24/25,2025,0,0.4263694,0,0
267753,Nicolás Ibáñez,24/25,2025,0,0.42586517,0,0
598153,Dimitrios Tsakmakis,24/25,2025,0,0.42578694,0,0
564890,André Clóvis,24/25,2025,0,0.42561033,0,0
702890,Armando Miculi,24/25,2025,0,0.4254407,0,0
288311,Ibrahim Blati Touré,24/25,2025,0,0.42516863,0,0
1258840,Asier Larrión,24/25,2025,1,0.4251611,0,1
146710,Martin Frydek,24/25,2025,0,0.42510238,0,0
200177,Giuseppe Nicolao,24/25,2025,1,0.42506602,0,1
1191122,Meson Becchio,24/25,2025,1,0.4250328,0,1
789045,Igor Milioransa,24/25,2025,0,0.42499977,0,0
1226502,Evan Mooney,24/25,2025,0,0.42487353,0,0
836336,Nuno Lima,24/25,2025,0,0.42486733,0,0
559800,Oliver Casey,24/25,2025,0,0.42474627,0,0
283528,Ignacio Pussetto,24/25,2025,1,0.42463794,0,1
982267,Ibrahim Sulemana,24/25,2025,1,0.4245055,0,1
720932,Egor Parkhomenko,24/25,2025,1,0.42447087,0,1
668267,Marcos Leonardo,24/25,2025,0,0.42400935,0,0
984136,Callum Stead,24/25,2025,0,0.42400414,0,0
462738,Naoufel Khacef,24/25,2025,0,0.4237539,0,0
999402,Diego Sia,24/25,2025,0,0.42371184,0,0
406912,Gabriele Bellodi,24/25,2025,0,0.42360178,0,0
232418,Ondrej Duda,24/25,2025,1,0.42359638,0,1
908676,Amath Cissé,24/25,2025,1,0.42348883,0,1
740322,Hassan Aladin,24/25,2025,0,0.42340755,0,0
339556,Rico Henry,24/25,2025,0,0.42311344,0,0
561647,Kaan Caliskaner,24/25,2025,1,0.42301753,0,1
459988,Gennaro Borrelli,24/25,2025,1,0.4229391,0,1
977464,Arthur,24/25,2025,0,0.4228142,0,0
518451,Assad Al-Hamlawi,24/25,2025,1,0.42281213,0,1
1200419,Djylian N'Guessan,24/25,2025,0,0.42280993,0,0
292357,Georgios Manthatis,24/25,2025,1,0.42275086,0,1
335920,Nils Piwernetz,24/25,2025,0,0.42268413,0,0
740753,Gleb Vershinin,24/25,2025,0,0.4226107,0,0
470241,Andreas Chrysostomou,24/25,2025,0,0.42260945,0,0
187353,Milos Degenek,24/25,2025,0,0.4224773,0,0
1182739,Severin Nioule,24/25,2025,0,0.42224258,0,0
985717,Taylan Harris,24/25,2025,1,0.4220826,0,1
178942,Bruno Brígido,24/25,2025,0,0.4220037,0,0
948735,Mattia Rizzo,24/25,2025,1,0.42192852,0,1
1123382,Elio Trochen,24/25,2025,0,0.42182773,0,0
744903,Ieltsin Camões,24/25,2025,0,0.42170945,0,0
335100,Sam Schreck,24/25,2025,0,0.42168048,0,0
568156,Antonio Pacheco,24/25,2025,0,0.42158085,0,0
412529,Lukas Giessing,24/25,2025,0,0.42123353,0,0
1255577,Francesco Tumiatti,24/25,2025,0,0.4211026,0,0
1116267,Kristian Mandic,24/25,2025,1,0.42107952,0,1
897408,Luis Hauer,24/25,2025,0,0.4210476,0,0
181547,Gonçalo Paciência,24/25,2025,0,0.4209572,0,0
539807,Christian Marques,24/25,2025,1,0.42086202,0,1
527270,Falko Michel,24/25,2025,0,0.42080635,0,0
612517,Bashir Humphreys,24/25,2025,1,0.42079952,0,1
292740,Latyr Fall,24/25,2025,1,0.42072642,0,1
419936,Jesús Ramírez,24/25,2025,1,0.42066464,0,1
471641,Ángelo Martino,24/25,2025,1,0.4202744,0,1
1056226,Aristidis Andrikopoulos,24/25,2025,1,0.42020947,0,1
554811,Riccardo Nessi,24/25,2025,1,0.42016694,0,1
1022312,Jure Marinovich,24/25,2025,0,0.4201477,0,0
440163,Miguel Mellado,24/25,2025,1,0.42011577,0,1
205849,Gjoko Zajkov,24/25,2025,1,0.41985738,0,1
242532,Rober Ibáñez,24/25,2025,1,0.41967657,0,1
681693,Pedro Henrique,24/25,2025,1,0.4196681,0,1
830841,Leonel Bucca,24/25,2025,1,0.4196392,0,1
243606,Anastasios Donis,24/25,2025,1,0.41961983,0,1
258911,Mukhtar Ali,24/25,2025,0,0.4195282,0,0
1250522,Javi Morcillo,24/25,2025,1,0.41924196,0,1
1039621,Marvin Pohl,24/25,2025,1,0.4187271,0,1
377387,Sergio Córdova,24/25,2025,1,0.41853774,0,1
177960,Hamza Barry,24/25,2025,1,0.41813993,0,1
280283,Raphael Silva,24/25,2025,1,0.4179965,0,1
531824,Kike Hermoso,24/25,2025,0,0.4179571,0,0
318058,Manuel Nicoletti,24/25,2025,1,0.41784018,0,1
94529,Stephan El Shaarawy,24/25,2025,0,0.41756296,0,0
1172592,Simão Silva,24/25,2025,0,0.41685367,0,0
524481,Roger Ibañez,24/25,2025,0,0.41682392,0,0
42004,Deni Alar,24/25,2025,0,0.41681132,0,0
934621,Roman Doulashi,24/25,2025,1,0.41675436,0,1
685145,Filip Bundgaard,24/25,2025,0,0.4167038,0,0
1040792,Muhammad Huzaifa,24/25,2025,0,0.4166452,0,0
21327,Ron-Robert Zieler,24/25,2025,1,0.41663077,0,1
1095428,Hugo Riccobene,24/25,2025,0,0.41639835,0,0
215213,Aleksandr Vasyutin,24/25,2025,0,0.41639373,0,0
193777,Charlie Raglan,24/25,2025,1,0.41630843,0,1
158534,Max Power,24/25,2025,1,0.41617838,0,1
406151,Zé Pedro,24/25,2025,1,0.41597968,0,1
432959,Perotti,24/25,2025,1,0.4157336,0,1
511113,Álex Cano,24/25,2025,0,0.41569513,0,0
269677,Vladyslav Krayev,24/25,2025,0,0.41567254,0,0
313888,Davíd Kristján Ólafsson,24/25,2025,0,0.41544068,0,0
349944,Sérgio Conceição,24/25,2025,1,0.4153239,0,1
356396,Joe Wright,24/25,2025,1,0.41512743,0,1
1045446,Dmytro Bogdanov,24/25,2025,1,0.41510972,0,1
472909,Ivan Bulatovic,24/25,2025,0,0.41485184,0,0
315862,Filippo Melegoni,24/25,2025,0,0.4147114,0,0
790473,Elia Summa,24/25,2025,0,0.41462588,0,0
717244,Dimitar Ivanov,24/25,2025,0,0.41458818,0,0
587310,Marc Nielsen,24/25,2025,0,0.41383648,0,0
119120,Robert Leipertz,24/25,2025,0,0.4138239,0,0
256866,Carlos Salcedo,24/25,2025,0,0.4137318,0,0
696893,Richard Taylor,24/25,2025,1,0.41354156,0,1
225459,Carlos Hernández,24/25,2025,0,0.41330916,0,0
341570,Guillermo Vallejo,24/25,2025,0,0.41322443,0,0
1152976,Eric Porstner,24/25,2025,1,0.41311926,0,1
83370,Stefano Scappini,24/25,2025,1,0.41304615,0,1
533060,Anderson Cruz,24/25,2025,0,0.41283023,0,0
1099924,Yael Trepy,24/25,2025,0,0.412572,0,0
963139,Francisco Perruzzi,24/25,2025,0,0.41249213,0,0
206927,Jakub Habusta,24/25,2025,0,0.4124659,0,0
724034,Athanasios Karamanis,24/25,2025,0,0.4124599,0,0
1061527,Bobby Pointon,24/25,2025,0,0.41217667,0,0
894668,Stefan Bukinac,24/25,2025,0,0.41207692,0,0
1055878,Deacon van der Klaauw,24/25,2025,1,0.4119142,0,1
1038512,Asier Osambela,24/25,2025,1,0.41190296,0,1
638875,Varo Álvarez,24/25,2025,0,0.41186357,0,0
604864,Dimitrios Theodoridis,24/25,2025,1,0.4118308,0,1
928621,Franco González,24/25,2025,1,0.41167596,0,1
943828,Olivier de Nijs,24/25,2025,0,0.41151077,0,0
709767,Ji-soo Kim,24/25,2025,1,0.41141218,0,1
806392,Cheikh Touré,24/25,2025,1,0.41136357,0,1
845581,Nedjeljko Kovinic,24/25,2025,1,0.41129616,0,1
641553,Alessio Rizza,24/25,2025,0,0.41089624,0,0
457090,Stan van Dijck,24/25,2025,1,0.41076022,0,1
524210,Sean McLoughlin,24/25,2025,1,0.41050893,0,1
728321,Petar Karaangelov,24/25,2025,0,0.41038692,0,0
354742,Pepe Castaño,24/25,2025,0,0.41033107,0,0
468309,Lucas Rosa,24/25,2025,0,0.40951017,0,0
901019,Neil El Aynaoui,24/25,2025,1,0.4092071,0,1
1164330,Martin Pedroarena,24/25,2025,0,0.40909585,0,0
229265,Luca Ferri,24/25,2025,0,0.40908206,0,0
1129198,Eivind Helland,24/25,2025,0,0.40892902,0,0
396428,Rodrigo Escoval,24/25,2025,0,0.40870005,0,0
787907,Benjamin Tahirović,24/25,2025,0,0.4086913,0,0
736202,Brayan Gil,24/25,2025,0,0.4085782,0,0
330560,Alessandro Celli,24/25,2025,0,0.40839773,0,0
681829,Nilton,24/25,2025,0,0.40820524,0,0
86793,Gabriele Angella,24/25,2025,0,0.4081242,0,0
597804,Jonas Kersken,24/25,2025,0,0.4081057,0,0
1061820,Lorenzo Venturino,24/25,2025,0,0.40807307,0,0
255729,Awer Mabil,24/25,2025,0,0.40794122,0,0
286413,Mario León,24/25,2025,0,0.4078681,0,0
726717,Konstantinos Pomonis,24/25,2025,1,0.40785396,0,1
344595,Aurélien Nguiamba,24/25,2025,1,0.407848,0,1
178469,Michael Krmencik,24/25,2025,0,0.40779912,0,0
354741,Loren Morón,24/25,2025,0,0.4077599,0,0
622031,Tommaso De Nipoti,24/25,2025,1,0.40761948,0,1
705090,Luc Elsner,24/25,2025,0,0.40747136,0,0
631472,Bruno Langa,24/25,2025,1,0.40734583,0,1
374326,Oliver Edvardsen,24/25,2025,0,0.40718433,0,0
165852,Cosimo Chiricò,24/25,2025,1,0.40687284,0,1
240955,Mattia Lombardo,24/25,2025,0,0.40675288,0,0
655177,Zeno Ibsen Rossi,24/25,2025,0,0.40672198,0,0
608534,Edward Bolaños,24/25,2025,0,0.4066845,0,0
313477,Paolo Ghiglione,24/25,2025,1,0.40663302,0,1
274839,Wilfred Ndidi,24/25,2025,1,0.4064899,0,1
630752,Óli Valur Ómarsson,24/25,2025,0,0.40644315,0,0
183720,Anwar El Ghazi,24/25,2025,1,0.40633926,0,1
939745,Lorenzo Torriani,24/25,2025,0,0.406306,0,0
199976,Marco Sportiello,24/25,2025,1,0.40623632,0,1
391470,Marcus Browne,24/25,2025,0,0.4061668,0,0
441622,Roger Escoruela,24/25,2025,0,0.40610558,0,0
395740,Samuele Rosano,24/25,2025,0,0.40581065,0,0
896732,Damian van der Vaart,24/25,2025,0,0.40566325,0,0
742163,Joel Bagan,24/25,2025,0,0.4054986,0,0
1270735,Alessandro Bartelloni,24/25,2025,1,0.40549383,0,1
168189,Luca Calapai,24/25,2025,1,0.40549156,0,1
284724,Nehuén Paz,24/25,2025,1,0.40535015,0,1
246424,Elbis,24/25,2025,1,0.40505344,0,1
117549,Rodri Ríos,24/25,2025,1,0.40491423,0,1
92488,Paddy Madden,24/25,2025,1,0.40460408,0,1
610607,Jakub Surovcik,24/25,2025,0,0.40449727,0,0
818819,Giuseppe Fares,24/25,2025,0,0.4044882,0,0
906254,Chris Forino,24/25,2025,0,0.40429106,0,0
924110,Efe Korkut,24/25,2025,0,0.40424043,0,0
163223,Mirko Gori,24/25,2025,0,0.4042126,0,0
156764,Gavin Reilly,24/25,2025,0,0.4040419,0,0
794349,Julien Le Cardinal,24/25,2025,0,0.40402338,0,0
796298,Calum Scanlon,24/25,2025,0,0.40386245,0,0
40792,Manuel Riemann,24/25,2025,1,0.4038274,0,1
292808,Wout Faes,24/25,2025,0,0.40376997,0,0
741097,Irving Gudiño,24/25,2025,1,0.40356174,0,1
198067,Filip Helander,24/25,2025,1,0.40353426,0,1
501131,Ali Youssef,24/25,2025,0,0.40344796,0,0
499574,Petr Mikulec,24/25,2025,0,0.40331405,0,0
397401,Emanuele Boveri,24/25,2025,0,0.40325916,0,0
716685,Giannis Ioannidis,24/25,2025,0,0.4032281,0,0
667640,Alexandru Borbei,24/25,2025,1,0.40286994,0,1
711352,Francesco Zallu,24/25,2025,0,0.40280527,0,0
777150,Zakaria Fdaouch,24/25,2025,0,0.40268996,0,0
1025408,Tijn Peters,24/25,2025,0,0.4025128,0,0
815550,Andrea Bartoccioni,24/25,2025,0,0.40239793,0,0
649568,Pavel Juroska,24/25,2025,0,0.40227568,0,0
342702,Michel Vlap,24/25,2025,1,0.40225816,0,1
252641,Pione Sisto,24/25,2025,0,0.4021326,0,0
244927,Accursio Bentivegna,24/25,2025,1,0.40189716,0,1
1254223,Stanislav Yovkov,24/25,2025,0,0.40175754,0,0
560903,Patrick William,24/25,2025,0,0.40171462,0,0
18922,Karim Benzema,24/25,2025,0,0.401685,0,0
251303,Johannes Eggestein,24/25,2025,1,0.40163803,0,1
1048618,Philipp Maybach,24/25,2025,0,0.4016236,0,0
345740,Gaetano Logoluso,24/25,2025,0,0.40093812,0,0
483461,Erik Expósito,24/25,2025,0,0.4008788,0,0
492104,Abdelrahman Boudah,24/25,2025,1,0.40077865,0,1
300156,Linas Megelaitis,24/25,2025,1,0.40072674,0,1
933658,Seb Osment,24/25,2025,1,0.40056467,0,1
484367,Theocharis Iliadis,24/25,2025,0,0.40017378,0,0
821113,Paolo Gardoni,24/25,2025,0,0.4001385,0,0
831162,Gino Infantino,24/25,2025,0,0.4001152,0,0
464402,Dániel Karacs,24/25,2025,0,0.4000109,0,0
222813,Marko Grujić,24/25,2025,1,0.39999238,0,1
1082133,Csongor Komáromi,24/25,2025,0,0.39979133,0,0
784741,Julius Hoffmann,24/25,2025,1,0.39958495,0,1
324512,Giannis Varkas,24/25,2025,0,0.3995404,0,0
177065,Florin Andone,24/25,2025,0,0.399428,0,0
1216188,Alessandro Panza,24/25,2025,1,0.39941204,0,1
297649,Leonardo Rivoira,24/25,2025,0,0.39920858,0,0
397448,Andrea Procaccio,24/25,2025,0,0.39904463,0,0
898356,Alessandro Berretta,24/25,2025,1,0.39898324,0,1
456898,Vladan Danilović,24/25,2025,0,0.39891002,0,0
526026,Felix Holzhacker,24/25,2025,0,0.39888027,0,0
287640,Andrea Gemignani,24/25,2025,1,0.39881265,0,1
390725,Andrea Masetti,24/25,2025,0,0.39878234,0,0
342787,Ilias Evangelou,24/25,2025,0,0.3987264,0,0
352599,Stefan Loncar,24/25,2025,0,0.39871007,0,0
1321713,Justin Raviele,24/25,2025,1,0.39870286,0,1
361925,Achraf Bencharki,24/25,2025,0,0.3986498,0,0
707350,Max Scholze,24/25,2025,1,0.39861512,0,1
460103,Matteo Magliocchetti,24/25,2025,0,0.39835504,0,0
240237,Behar Ramadani,24/25,2025,0,0.39835122,0,0
1001686,Arthur,24/25,2025,0,0.3982218,0,0
538253,Simão,24/25,2025,0,0.3979165,0,0
496484,Nick Akoto,24/25,2025,0,0.39716494,0,0
1046867,Jan Ziolkowski,24/25,2025,1,0.39697978,0,1
462328,Alessandro Fabbri,24/25,2025,1,0.39689082,0,1
369082,Robert Ergas,24/25,2025,1,0.39644563,0,1
1052420,Aboubaka Soumahoro,24/25,2025,0,0.3958811,0,0
705341,Silvio Brustolin,24/25,2025,0,0.3956745,0,0
738474,David Kalokoh,24/25,2025,0,0.39563644,0,0
203662,Giannis Sotirakos,24/25,2025,1,0.39552715,0,1
124769,Luca Marrone,24/25,2025,0,0.39537022,0,0
262047,Almir Aganspahic,24/25,2025,0,0.3952586,0,0
479718,Guillermo May,24/25,2025,0,0.39522955,0,0
806793,Clément Akpa,24/25,2025,0,0.3951165,0,0
218355,Conor Grant,24/25,2025,0,0.39469615,0,0
592927,Péter Törőcsik,24/25,2025,1,0.3945134,0,1
667060,Tommaso Bertini,24/25,2025,1,0.39450827,0,1
221876,Mikkel Wohlgemuth,24/25,2025,0,0.39444655,0,0
129129,João Pedro,24/25,2025,1,0.39442882,0,1
308822,José Romo,24/25,2025,1,0.3940679,0,1
1055079,Luca Lai,24/25,2025,0,0.3937781,0,0
196147,Kenny-Prince Redondo,24/25,2025,0,0.3937655,0,0
93128,Kalidou Koulibaly,24/25,2025,0,0.39374787,0,0
1314528,Ilan Daf,24/25,2025,0,0.39363635,0,0
491705,Facundo Colidio,24/25,2025,0,0.3936278,0,0
115382,Guilherme,24/25,2025,0,0.3934749,0,0
191188,Alexis Sauvage,24/25,2025,0,0.3931531,0,0
363720,Kai Westerhoff,24/25,2025,0,0.39313123,0,0
586744,Panagiotis Liagas,24/25,2025,0,0.39310294,0,0
185817,Jizz Hornkamp,24/25,2025,0,0.39306247,0,0
397392,Riccardo Gemelli,24/25,2025,0,0.39303443,0,0
70639,Petr Reinberk,24/25,2025,0,0.39296874,0,0
1285737,Nicolò Lazzaro,24/25,2025,1,0.39291003,0,1
945498,Elías Benali,24/25,2025,0,0.39277154,0,0
419571,Myer Bevan,24/25,2025,0,0.39274687,0,0
653401,Isaak Akritidis,24/25,2025,0,0.39261335,0,0
682814,Nassim L'Ghoul,24/25,2025,1,0.3925749,0,1
707530,Ardian Bajrami,24/25,2025,1,0.39246374,0,1
689632,Guillem Rodríguez,24/25,2025,0,0.39235714,0,0
890817,Dimitrios Stamatakis,24/25,2025,0,0.39224672,0,0
502475,Samuele Vitale,24/25,2025,1,0.39218444,0,1
142990,Stefano Scognamillo,24/25,2025,1,0.39207494,0,1
378532,Jonathan Stöver,24/25,2025,0,0.39205372,0,0
131789,Roberto Firmino,24/25,2025,1,0.39170578,0,1
1086319,Lucio Bonofiglio,24/25,2025,1,0.39158064,0,1
537602,João Mário,24/25,2025,1,0.39149332,0,1
461484,Frederik Ibsen,24/25,2025,0,0.3914707,0,0
415646,Bruno Jordão,24/25,2025,1,0.39112064,0,1
1108127,Luciano Maidana,24/25,2025,0,0.39106417,0,0
84535,Eduardo Salvio,24/25,2025,0,0.3909575,0,0
645962,Joep Munsters,24/25,2025,1,0.39089838,0,1
1152979,Levin Chiumento,24/25,2025,0,0.39088276,0,0
313691,Brayan Riascos,24/25,2025,0,0.3907116,0,0
520716,Malte Wengerowski,24/25,2025,0,0.3905767,0,0
170895,Garry Rodrigues,24/25,2025,1,0.39020628,0,1
998101,Alex Tóth,24/25,2025,0,0.38986173,0,0
352898,João Amaral,24/25,2025,1,0.38954055,0,1
158795,David Timor,24/25,2025,1,0.38949722,0,1
251836,Robert Taylor,24/25,2025,0,0.38936836,0,0
284177,Tim Handwerker,24/25,2025,1,0.38916266,0,1
510229,Jordi Cano,24/25,2025,0,0.3890172,0,0
1131037,Samuel Konney,24/25,2025,1,0.38878563,0,1
383008,Daniel Azevedo,24/25,2025,0,0.38878253,0,0
402963,Georgios Daviotis,24/25,2025,0,0.38867098,0,0
163295,Ali Fathi,24/25,2025,0,0.38860485,0,0
559263,Fábio Carvalho,24/25,2025,0,0.3884286,0,0
874429,Aron Sasu,24/25,2025,0,0.388417,0,0
326921,Christopher Lannert,24/25,2025,0,0.38833886,0,0
312317,Logan Rogerson,24/25,2025,0,0.3881289,0,0
903202,Jordi Jaku,24/25,2025,0,0.3880784,0,0
214798,Craig Goodwin,24/25,2025,1,0.38804027,0,1
549791,Augustus Kargbo,24/25,2025,0,0.3880328,0,0
934034,Dimitrios Metaxas,24/25,2025,0,0.38798687,0,0
690147,Felix Paschke,24/25,2025,0,0.38794717,0,0
822959,Tom Bischof,24/25,2025,1,0.3878847,0,1
724036,Apostolos Christopoulos,24/25,2025,0,0.3876222,0,0
444523,Lucas Paquetá,24/25,2025,0,0.38756102,0,0
221907,Romell Quioto,24/25,2025,1,0.3873152,0,1
278467,Iván Pérez,24/25,2025,1,0.3872317,0,1
366653,Manu Ramírez,24/25,2025,0,0.3871903,0,0
44948,Fernando Forestieri,24/25,2025,1,0.3870578,0,1
197613,Alexandre Guedes,24/25,2025,0,0.38696596,0,0
1166025,Vojtech Novak,24/25,2025,0,0.38671407,0,0
85960,Manuel Zeitz,24/25,2025,0,0.3866335,0,0
280088,Juan Gargiulo,24/25,2025,0,0.3864616,0,0
396108,Juanmi Carrión,24/25,2025,1,0.3863348,0,1
1002758,Giacomo Maucci,24/25,2025,1,0.38631985,0,1
537764,Carlos Algarra,24/25,2025,0,0.3862716,0,0
754634,Axel Henriksson,24/25,2025,1,0.38626882,0,1
267014,Matteo Battistini,24/25,2025,0,0.38626778,0,0
1009446,Tyler Meiser,24/25,2025,1,0.3861633,0,1
162819,Rafa Lopes,24/25,2025,0,0.38592616,0,0
946394,Mark Mokin,24/25,2025,1,0.3851867,0,1
282954,Frederik Brandhof,24/25,2025,1,0.38476226,0,1
185195,Nikko Boxall,24/25,2025,0,0.3847534,0,0
1004759,Moritz Wiezorrek,24/25,2025,0,0.38467017,0,0
474838,Brian Plat,24/25,2025,0,0.38465527,0,0
756811,Manuel Llano,24/25,2025,0,0.38426778,0,0
606222,Juanca Pineda,24/25,2025,0,0.3842326,0,0
919863,Hristo Petrov,24/25,2025,1,0.3841167,0,1
504075,Rafael Brito,24/25,2025,0,0.38407284,0,0
732743,Sam Long,24/25,2025,0,0.38391256,0,0
284342,Conan Ledesma,24/25,2025,0,0.38370767,0,0
938177,Tommaso Cecotti,24/25,2025,0,0.3836285,0,0
654918,Matteo Dams,24/25,2025,0,0.38338074,0,0
1182468,Darius Băncilă,24/25,2025,1,0.38329634,0,1
342978,Apostolos Stikas,24/25,2025,1,0.3830611,0,1
270051,Andrei Girotto,24/25,2025,0,0.38302246,0,0
818252,Pedro Malheiro,24/25,2025,1,0.382561,0,1
126953,Bojan Zogovic,24/25,2025,0,0.38233748,0,0
487846,Guillaume Renault,24/25,2025,0,0.3820772,0,0
1288949,Abdoulaye Kanté,24/25,2025,1,0.3820534,0,1
469976,Christopher Operi,24/25,2025,0,0.38196647,0,0
121032,Aaron Taylor-Sinclair,24/25,2025,0,0.38195065,0,0
293785,Aidan McAdams,24/25,2025,0,0.38187107,0,0
835373,André Escobar,24/25,2025,0,0.38144794,0,0
1120228,Endika Buján,24/25,2025,0,0.38126543,0,0
1177190,Ye-chan Lee,24/25,2025,0,0.3807787,0,0
131821,Thomas Lam,24/25,2025,0,0.38077497,0,0
505657,Tyreik Wright,24/25,2025,0,0.38068372,0,0
658244,Luigi Samele,24/25,2025,0,0.38066185,0,0
802997,Norman Bassette,24/25,2025,1,0.38032126,0,1
342012,Rody de Boer,24/25,2025,0,0.3803203,0,0
572441,Maximilian Adamski,24/25,2025,0,0.38018215,0,0
140776,Yannick Carrasco,24/25,2025,0,0.38010937,0,0
552955,Santiago Gimenez,24/25,2025,0,0.37996006,0,0
576094,Kevin Toppenberg,24/25,2025,0,0.37977824,0,0
460629,Colin Dagba,24/25,2025,0,0.37973076,0,0
357996,Davide Grassini,24/25,2025,0,0.37936988,0,0
267486,Bruno Lulaj,24/25,2025,0,0.37914735,0,0
448628,Javi Galán,24/25,2025,0,0.37908238,0,0
62750,Giacomo Rosaia,24/25,2025,0,0.378994,0,0
401913,Ramiro Macagno,24/25,2025,0,0.37899175,0,0
1066822,Georgios Botopoulos,24/25,2025,0,0.37879243,0,0
458715,Robson Bambu,24/25,2025,1,0.37874693,0,1
627829,Christian Bianchetti,24/25,2025,1,0.37866718,0,1
569035,Fahad Bayo,24/25,2025,1,0.37862146,0,1
348546,Konstantinos Tampas,24/25,2025,0,0.37848583,0,0
333851,Ákos Sigér,24/25,2025,0,0.37840685,0,0
186239,Fabricio Pedrozo,24/25,2025,0,0.37830147,0,0
467437,Malik Tillman,24/25,2025,1,0.37829182,0,1
65001,Armend Alimi,24/25,2025,1,0.37810412,0,1
554234,Joel Randall,24/25,2025,0,0.37802082,0,0
576739,Valgeir Valgeirsson,24/25,2025,0,0.37793094,0,0
749942,Felix Hagmann,24/25,2025,0,0.37786454,0,0
121532,Kostakis Artymatas,24/25,2025,0,0.3777698,0,0
432895,Pedro,24/25,2025,0,0.37773913,0,0
485533,Máté Fekete,24/25,2025,0,0.37772554,0,0
140914,Thomas O'Brien,24/25,2025,0,0.37754577,0,0
95673,Tom van Weert,24/25,2025,0,0.3772973,0,0
1077175,Honest Ahanor,24/25,2025,1,0.37728438,0,1
1001788,Ibrahim Fofana,24/25,2025,0,0.3772316,0,0
441626,Alex Pla,24/25,2025,0,0.37719834,0,0
1048417,Lukas Novotny,24/25,2025,0,0.3771582,0,0
548109,Iván Morante,24/25,2025,0,0.37710047,0,0
138850,Stefan Drazic,24/25,2025,0,0.37706637,0,0
805287,Blaise Tsague,24/25,2025,0,0.3770662,0,0
533632,Mads Frøkjær,24/25,2025,0,0.3767704,0,0
1180370,Pietro Reggiori,24/25,2025,0,0.3765675,0,0
344844,Mouhammed-Ali Dhaini,24/25,2025,0,0.3763387,0,0
204960,Ibou Touray,24/25,2025,1,0.37619573,0,1
392060,Alessandro Raimo,24/25,2025,0,0.3759999,0,0
279472,Nathan Burke,24/25,2025,0,0.37593699,0,0
1005965,Paul Hainke,24/25,2025,0,0.37587708,0,0
710677,Iker Muñoz,24/25,2025,0,0.375877,0,0
904335,Leander Fritzsche,24/25,2025,1,0.37586778,0,1
689891,Romoney Crichlow,24/25,2025,1,0.37579796,0,1
1083113,Gianni Vadacca,24/25,2025,1,0.37566444,0,1
1112392,David Hoxha,24/25,2025,0,0.37525642,0,0
322077,Besard Šabović,24/25,2025,0,0.37515032,0,0
802518,Julius Voldby,24/25,2025,1,0.3750657,0,1
1025179,Gergő Kovács,24/25,2025,0,0.375043,0,0
557610,Isaac Lihadji,24/25,2025,0,0.37479794,0,0
685506,Christian Travaglini,24/25,2025,0,0.37460026,0,0
526992,Alessandro Galeandro,24/25,2025,0,0.37458542,0,0
945759,Fran Tafalla,24/25,2025,1,0.3745819,0,1
496415,Nicolás Reniero,24/25,2025,0,0.37453696,0,0
337282,Jake Brimmer,24/25,2025,0,0.37452286,0,0
892127,Kayden Wolff,24/25,2025,0,0.37446314,0,0
700992,Giacomo Ruggeri,24/25,2025,1,0.37433752,0,1
353403,Samuel Moutoussamy,24/25,2025,1,0.37416002,0,1
261056,Giacomo Ricci,24/25,2025,1,0.37410918,0,1
900172,Stefano Mazzaroppi,24/25,2025,0,0.37393847,0,0
286259,Davide Riccardi,24/25,2025,0,0.3738007,0,0
1073208,Ştefan Senciuc,24/25,2025,1,0.3737712,0,1
484992,Aïmen Moueffek,24/25,2025,0,0.37375283,0,0
1056970,Asier Hierro,24/25,2025,0,0.37374428,0,0
421710,Patryk Szysz,24/25,2025,1,0.3737018,0,1
286328,Scott Stewart,24/25,2025,0,0.37369946,0,0
366213,Miłosz Mleczko,24/25,2025,0,0.37368074,0,0
166683,Mamadou Sylla,24/25,2025,1,0.37351274,0,1
1285972,Lorenzo Costa,24/25,2025,0,0.37346175,0,0
149516,Atınç Nukan,24/25,2025,0,0.37320453,0,0
924087,Mika Haas,24/25,2025,0,0.3727443,0,0
818102,Leonardo Caferri,24/25,2025,0,0.37218383,0,0
61697,Wes Foderingham,24/25,2025,1,0.37181357,0,1
548347,Melvin Zinga,24/25,2025,0,0.3717789,0,0
340415,Tomi Horvat,24/25,2025,0,0.37126172,0,0
1185900,Aaron Croce,24/25,2025,1,0.3709335,0,1
1333057,Ettore Sani,24/25,2025,1,0.37079763,0,1
242497,Pere Pons,24/25,2025,0,0.37079263,0,0
548032,Sandali Condé,24/25,2025,0,0.3706752,0,0
955263,Kévin Pedro,24/25,2025,0,0.37047312,0,0
321482,Mikko Pitkänen,24/25,2025,0,0.37001672,0,0
1178033,Lauris Bausenwein,24/25,2025,0,0.36993703,0,0
345758,Jamie Barjonas,24/25,2025,1,0.36990687,0,1
287717,Emanuele Ndoj,24/25,2025,1,0.36977887,0,1
170903,Steeve Yago,24/25,2025,0,0.36975425,0,0
1077670,Axel Tape,24/25,2025,1,0.36950287,0,1
728722,Julius Lindberg,24/25,2025,0,0.36943594,0,0
335310,Áron Fejős,24/25,2025,1,0.36930683,0,1
182722,Bruno Varela,24/25,2025,1,0.36930624,0,1
596998,Felix Meyer,24/25,2025,0,0.3690707,0,0
1306916,Luca Maffei,24/25,2025,1,0.36888427,0,1
563662,Jacopo Muggeo,24/25,2025,0,0.36872944,0,0
375095,Michael Cheek,24/25,2025,0,0.36864874,0,0
246278,Ángel García,24/25,2025,0,0.36853006,0,0
1214320,Sydney Osazuwa,24/25,2025,0,0.3684504,0,0
704191,Andrea Cecchetto,24/25,2025,0,0.3683646,0,0
354567,Stephen Humphrys,24/25,2025,1,0.36835715,0,1
839789,Bálint Szabó,24/25,2025,0,0.36830956,0,0
394435,Sheriff Sinyan,24/25,2025,0,0.36798266,0,0
315110,Karl Toko Ekambi,24/25,2025,1,0.36760953,0,1
463605,Bafodé Diakité,24/25,2025,1,0.36758554,0,1
619884,Emil Engqvist,24/25,2025,0,0.367494,0,0
410305,Erik Gerbi,24/25,2025,0,0.36734587,0,0
657962,Leonard Bredol,24/25,2025,0,0.3673334,0,0
917931,Aaron Bayakala,24/25,2025,0,0.36719617,0,0
881260,Jassem Koleilat,24/25,2025,0,0.36716738,0,0
1131161,Robinio Vaz,24/25,2025,0,0.3669976,0,0
243106,Husam Kamal,24/25,2025,0,0.3666214,0,0
490384,Koni De Winter,24/25,2025,1,0.36638728,0,1
891833,Skye Vink,24/25,2025,0,0.36629838,0,0
640893,Ethan Walker,24/25,2025,0,0.36627907,0,0
395291,Patrick Kurzen,24/25,2025,1,0.3662314,0,1
586746,Marios Vichos,24/25,2025,0,0.366211,0,0
549582,Chris Conn-Clarke,24/25,2025,0,0.36591095,0,0
381524,Jaume Pol,24/25,2025,0,0.36499065,0,0
291423,Giorgio Piacentini,24/25,2025,0,0.36480334,0,0
633111,Álex Calatrava,24/25,2025,0,0.36480024,0,0
983248,Callan McKenna,24/25,2025,0,0.36471426,0,0
122676,Robert Zulj,24/25,2025,1,0.36451718,0,1
253765,Wesley Hoedt,24/25,2025,0,0.36436743,0,0
331214,Brice Wembangomo,24/25,2025,0,0.3643027,0,0
494586,Mickaël Nadé,24/25,2025,0,0.3641911,0,0
313359,Alexis Pérez,24/25,2025,1,0.36394212,0,1
750877,Milan Silva Rasmussen,24/25,2025,1,0.3638969,0,1
922892,Baran Moğultay,24/25,2025,1,0.36386457,0,1
135747,Luca Lezzerini,24/25,2025,1,0.36381325,0,1
186481,Matthew Clarke,24/25,2025,1,0.36376438,0,1
184310,Inters Gui,24/25,2025,1,0.36364743,0,1
292365,Paulo Henrique,24/25,2025,1,0.36358076,0,1
908061,Vojtech Hranos,24/25,2025,1,0.36355212,0,1
625838,David Harrington,24/25,2025,0,0.36354968,0,0
877872,Ben Hughes,24/25,2025,1,0.3634076,0,1
448395,Giulio Favale,24/25,2025,0,0.36331818,0,0
400941,Michele Vano,24/25,2025,0,0.36331263,0,0
173589,Viktor Klonaridis,24/25,2025,1,0.3632584,0,1
514370,Jubril Okedina,24/25,2025,1,0.36318982,0,1
700405,Ollie Tanner,24/25,2025,0,0.36312035,0,0
277033,David Brooks,24/25,2025,0,0.36308786,0,0
295073,Kleton Perntreou,24/25,2025,1,0.36271304,0,1
613040,Youness Lachhab,24/25,2025,0,0.36232537,0,0
398808,Martin Hongla,24/25,2025,0,0.3619964,0,0
400050,Keve Tóth,24/25,2025,0,0.36160812,0,0
320722,Zizo,24/25,2025,1,0.36151958,0,1
192467,Lukas Wilton,24/25,2025,0,0.3614979,0,0
796297,Jobe Bellingham,24/25,2025,1,0.3611123,0,1
667049,Amer Mehić,24/25,2025,1,0.36106595,0,1
118022,Younès Belhanda,24/25,2025,0,0.3610537,0,0
898127,Fedor Lapoukhov,24/25,2025,0,0.36094287,0,0
345778,Rilind Neziri,24/25,2025,0,0.3608977,0,0
262554,Clifford Aboagye,24/25,2025,1,0.36079115,0,1
240342,Lorenzo Filippini,24/25,2025,1,0.360648,0,1
895330,Salvi Esquivel,24/25,2025,0,0.36062798,0,0
495963,Richie Musaba,24/25,2025,0,0.3606247,0,0
143798,Pavel Kaderabek,24/25,2025,1,0.36059532,0,1
914370,Josh Woods,24/25,2025,0,0.3605797,0,0
335221,Dani Martín,24/25,2025,1,0.3605373,0,1
1127727,Simone Pirani,24/25,2025,1,0.3605242,0,1
315138,Mats Knoester,24/25,2025,0,0.36036587,0,0
254968,Dario Marzino,24/25,2025,0,0.35994273,0,0
216179,Stefano Sensi,24/25,2025,1,0.35992217,0,1
689090,Davide Lamesta,24/25,2025,0,0.3597954,0,0
459151,Nicolò Cambiaghi,24/25,2025,0,0.3597538,0,0
238809,Florent Hadergjonaj,24/25,2025,0,0.3597446,0,0
1036636,Ivan Marchev,24/25,2025,0,0.3596484,0,0
411465,Andrea Rizzo Pinna,24/25,2025,1,0.35964385,0,1
924447,Tunde Akinsola,24/25,2025,0,0.3596087,0,0
416108,Youcef Atal,24/25,2025,0,0.35957998,0,0
502435,Federico Cardella,24/25,2025,0,0.3595257,0,0
609648,Petros Bagalianis,24/25,2025,0,0.3594238,0,0
355663,Anass Najah,24/25,2025,1,0.35942328,0,1
39161,Robert Garrett,24/25,2025,0,0.35925505,0,0
480955,Miguel Atienza,24/25,2025,0,0.35909948,0,0
245157,Borja Martínez,24/25,2025,1,0.35909453,0,1
546543,Darwin Núñez,24/25,2025,1,0.3590887,0,1
936027,Alessandro Pavanati,24/25,2025,0,0.35895514,0,0
543537,Seydouba Cissé,24/25,2025,0,0.35878834,0,0
113358,Sofiane Hanni,24/25,2025,0,0.3587494,0,0
601113,Filip Ristanic,24/25,2025,0,0.3587117,0,0
1228383,Ismael Barea,24/25,2025,1,0.35850933,0,1
997908,Mattia Arrigoni,24/25,2025,0,0.3584374,0,0
989508,Victor Gonçalves Andersson,24/25,2025,0,0.35828957,0,0
708300,Vladimir Zeman,24/25,2025,0,0.35754794,0,0
796169,Márk Hodonicki,24/25,2025,0,0.35744372,0,0
1052377,Juraj Badelj,24/25,2025,0,0.35738057,0,0
588747,Tim Civeja,24/25,2025,0,0.35718766,0,0
936739,Dominic Vavassori,24/25,2025,0,0.35709172,0,0
570651,Amiro Amadou,24/25,2025,0,0.35695538,0,0
724025,Matej Sin,24/25,2025,1,0.35637262,0,1
406634,Matt O'Riley,24/25,2025,1,0.3563207,0,1
383042,Gemelson Vieira,24/25,2025,0,0.3562973,0,0
386148,Joe Quigley,24/25,2025,1,0.35628405,0,1
690852,Kristóf Sármány,24/25,2025,0,0.35619527,0,0
182870,Fidan Aliti,24/25,2025,0,0.35604566,0,0
357868,Benjamin Kabeya,24/25,2025,0,0.35599688,0,0
328847,Daniele Pinto,24/25,2025,0,0.35570475,0,0
356106,Diego Gregori,24/25,2025,0,0.35548782,0,0
45717,Nenê,24/25,2025,0,0.35504323,0,0
536619,Raúl Sánchez,24/25,2025,1,0.35504246,0,1
929878,Filip Sidklev,24/25,2025,1,0.35493034,0,1
584065,Marc Richter,24/25,2025,1,0.35487527,0,1
54534,Agustín Marchesín,24/25,2025,0,0.35452744,0,0
521329,Carlos Redru,24/25,2025,0,0.354385,0,0
952770,Strahinja Stojkovic,24/25,2025,1,0.35437736,0,1
703225,Matteo Falasca,24/25,2025,0,0.3542076,0,0
817001,Filippo Bertolotti,24/25,2025,0,0.3541564,0,0
454625,Matías Cóccaro,24/25,2025,0,0.353995,0,0
1011139,Jaden Dixon,24/25,2025,0,0.3539159,0,0
90044,Kristinn Steindórsson,24/25,2025,0,0.3538604,0,0
440730,Bence Varga,24/25,2025,1,0.35384712,0,1
1056743,Milos Milicevic,24/25,2025,0,0.35375303,0,0
205586,Tokmac Chol Nguen,24/25,2025,0,0.35369277,0,0
1309985,Gonzalo Casas,24/25,2025,1,0.35361525,0,1
875153,Klevis Kasa,24/25,2025,0,0.35353777,0,0
242882,Higinio Marín,24/25,2025,0,0.35340235,0,0
595126,Davino Knappe,24/25,2025,0,0.35329655,0,0
335440,Emil Christensen,24/25,2025,0,0.35320455,0,0
253839,Álvaro Medrán,24/25,2025,0,0.35311654,0,0
715140,Emerson Rodríguez,24/25,2025,0,0.35311532,0,0
568709,Francesco Barranca,24/25,2025,0,0.35262105,0,0
212804,Florian Tardieu,24/25,2025,0,0.3525478,0,0
470606,Leighton Clarkson,24/25,2025,0,0.35241958,0,0
1038310,Rody Junior Effaghe,24/25,2025,0,0.35241,0,0
546213,Tuta,24/25,2025,1,0.3523989,0,1
787936,Ollie Hulbert,24/25,2025,0,0.35212845,0,0
538964,Thijs Dallinga,24/25,2025,0,0.35212603,0,0
160222,Uros Spajic,24/25,2025,0,0.35195488,0,0
940411,Nóel Atli Arnórsson,24/25,2025,0,0.3518527,0,0
579565,Ísak Jóhannesson,24/25,2025,1,0.35182127,0,1
1059814,Kelliano,24/25,2025,1,0.35151708,0,1
472176,Salvatore Boccia,24/25,2025,0,0.3514903,0,0
832656,Elias Egerton,24/25,2025,0,0.35137874,0,0
820807,Francesco Toniolo,24/25,2025,0,0.3513255,0,0
295331,Isaac Success,24/25,2025,0,0.35132322,0,0
155036,Simone Corazza,24/25,2025,0,0.35128,0,0
152695,Martin Sindelar,24/25,2025,0,0.35126728,0,0
390724,Manuel Ferrini,24/25,2025,0,0.3510708,0,0
574199,David Lelle,24/25,2025,0,0.35059828,0,0
457961,Theodoros Venetikidis,24/25,2025,0,0.35038567,0,0
1055547,Unax Álvarez,24/25,2025,0,0.350233,0,0
569140,Lassine Sinayoko,24/25,2025,0,0.35004088,0,0
862733,Freddy Bomo,24/25,2025,1,0.34991935,0,1
61297,Milan Mijatovic,24/25,2025,0,0.34981328,0,0
970279,Jacques Ekomié,24/25,2025,0,0.3497945,0,0
920041,Emmanuel Elekwa,24/25,2025,1,0.34950122,0,1
136643,Giannis Gianniotas,24/25,2025,1,0.34934178,0,1
689505,Johnny Cardoso,24/25,2025,1,0.3492903,0,1
128509,Dany Carvajal,24/25,2025,0,0.34916005,0,0
339832,Atanas Karachorov,24/25,2025,0,0.3491442,0,0
829392,Jashar Beluli,24/25,2025,0,0.34884912,0,0
584254,Maximilian Breunig,24/25,2025,1,0.34861818,0,1
202764,Mohamed El-Munir,24/25,2025,0,0.3485936,0,0
101345,Pasquale Maiorino,24/25,2025,0,0.34846565,0,0
555194,Mathías Tomás,24/25,2025,1,0.3483794,0,1
979199,Yoël van den Ban,24/25,2025,1,0.34820414,0,1
163374,Aboubakar Bakayoko,24/25,2025,1,0.34807077,0,1
284884,Óscar Rodríguez,24/25,2025,1,0.34784392,0,1
199921,Davide Petermann,24/25,2025,1,0.3476697,0,1
295024,Samet Akaydin,24/25,2025,0,0.34742102,0,0
944095,Olle Samuelsson,24/25,2025,1,0.34694573,0,1
427572,Zuriko Davitashvili,24/25,2025,0,0.34687388,0,0
291739,Milot Rashica,24/25,2025,0,0.34673706,0,0
121570,Konstantinos Laifis,24/25,2025,0,0.34666678,0,0
658536,Simon Adingra,24/25,2025,1,0.34657758,0,1
334297,Kostandin Kariqi,24/25,2025,0,0.34656414,0,0
350532,Jakub Westendorf,24/25,2025,0,0.34646857,0,0
88701,Filippo Perucchini,24/25,2025,1,0.34633553,0,1
614988,Ilias Kostis,24/25,2025,0,0.34599638,0,0
920310,Taha Ayari,24/25,2025,0,0.3458906,0,0
727129,Ayoub Assal,24/25,2025,0,0.34539446,0,0
662065,Stanislav Lomako,24/25,2025,1,0.34518173,0,1
60445,Jonathan dos Santos,24/25,2025,0,0.34509695,0,0
149231,Fidel,24/25,2025,1,0.34500423,0,1
411179,Mika Schneider,24/25,2025,0,0.3449884,0,0
482204,Callan Elliot,24/25,2025,0,0.3448857,0,0
1053246,Chidera Okoh,24/25,2025,0,0.34472865,0,0
400532,Joel Felix,24/25,2025,0,0.34459233,0,0
938412,Theofilos Kakadiaris,24/25,2025,0,0.34445515,0,0
959193,Dagoberto Espinoza,24/25,2025,0,0.34439862,0,0
1230807,Máté Ecseri,24/25,2025,0,0.3442644,0,0
966649,Connor O'Brien,24/25,2025,0,0.3441472,0,0
645686,Lamare Bogarde,24/25,2025,0,0.34405655,0,0
1103652,Marius Louër,24/25,2025,0,0.3437935,0,0
696012,Mikail Özkan,24/25,2025,0,0.343775,0,0
1159662,Ellis Williams,24/25,2025,0,0.34375805,0,0
1009658,Julio Soler,24/25,2025,0,0.3437196,0,0
404383,Pedro Marques,24/25,2025,0,0.34370422,0,0
283001,Noah Sarenren Bazee,24/25,2025,0,0.34363452,0,0
542572,Sergio Maselli,24/25,2025,0,0.34361205,0,0
336644,Cedric Euschen,24/25,2025,0,0.3435879,0,0
229949,Ary Papel,24/25,2025,0,0.34357715,0,0
1173845,Borna Ivanda,24/25,2025,1,0.3435536,0,1
56853,Federico Casarini,24/25,2025,0,0.34340614,0,0
852739,Rei Zaimi,24/25,2025,1,0.343364,0,1
735349,Rafail Sgouros,24/25,2025,1,0.3430001,0,1
213947,Farid Abderrahmane,24/25,2025,0,0.34299392,0,0
128011,Petros Mantalos,24/25,2025,0,0.34270683,0,0
889435,Obed Vargas,24/25,2025,0,0.34251416,0,0
936665,Don O'Niel,24/25,2025,0,0.3425002,0,0
266302,Sergej Milinković-Savić,24/25,2025,0,0.3424121,0,0
498171,Alexander Ahl-Holmström,24/25,2025,0,0.34237438,0,0
802629,Isaac Ogundere,24/25,2025,0,0.34226498,0,0
801427,Marlee Francois,24/25,2025,0,0.34199437,0,0
155054,Luis Felipe Gallegos,24/25,2025,0,0.3417657,0,0
198617,Jan Vondra,24/25,2025,0,0.3414536,0,0
231792,Christos Gromitsaris,24/25,2025,0,0.34118152,0,0
574191,Yassir Atty,24/25,2025,0,0.34100184,0,0
483385,Nicke Kabamba,24/25,2025,0,0.34095708,0,0
907917,Kristaps Grabovskis,24/25,2025,1,0.3408808,0,1
645955,Rick,24/25,2025,0,0.34073776,0,0
212713,Kiko,24/25,2025,0,0.34052896,0,0
176936,Julián Cuesta,24/25,2025,1,0.34046355,0,1
187384,Cristian Buonaiuto,24/25,2025,0,0.34032616,0,0
1284577,Alessandro Nardo,24/25,2025,0,0.3402058,0,0
717296,Lucas Areco,24/25,2025,0,0.34003133,0,0
383153,Kelechi Nwakali,24/25,2025,0,0.33998984,0,0
456523,Eder González,24/25,2025,0,0.33978164,0,0
911465,Joshua Krüger,24/25,2025,0,0.33973506,0,0
225929,György Hursán,24/25,2025,0,0.33963773,0,0
1058791,Andreas Redkin,24/25,2025,0,0.33960208,0,0
260166,Ui-jo Hwang,24/25,2025,0,0.33959717,0,0
240190,Unknown Player,24/25,2025,0,0.3394816,0,0
646704,Maxim Dekker,24/25,2025,0,0.3391241,0,0
1130174,Bennedikt Wüstenhagen,24/25,2025,1,0.3390519,0,1
304144,Alen Sherri,24/25,2025,1,0.33890316,0,1
396955,Emmanuele Esposito,24/25,2025,0,0.33889455,0,0
182313,Badra Ali Sangaré,24/25,2025,1,0.33865386,0,1
904707,Yannis Nahounou,24/25,2025,1,0.33863297,0,1
568662,Min-gi Kang,24/25,2025,0,0.33851185,0,0
446248,Shaquille Pinas,24/25,2025,1,0.33837935,0,1
627658,Eldin Dzogovic,24/25,2025,0,0.3381589,0,0
192855,Mehdi Khalil,24/25,2025,0,0.3380241,0,0
137745,Marçal,24/25,2025,0,0.3379894,0,0
167890,Alberto Masi,24/25,2025,1,0.33782628,0,1
838221,Dudu Hatamoto,24/25,2025,1,0.33765864,0,1
841353,Gojko Petovic,24/25,2025,0,0.3374265,0,0
36139,Dušan Tadić,24/25,2025,1,0.33736193,0,1
154319,André Geraldes,24/25,2025,0,0.33730304,0,0
1251246,Moritz Busch,24/25,2025,0,0.33718756,0,0
528515,Maximilian Großer,24/25,2025,0,0.33683875,0,0
724041,Enock Agyei,24/25,2025,0,0.3365095,0,0
993687,Lorenzo Biliboc,24/25,2025,1,0.33650473,0,1
956590,Bence Somfalvi,24/25,2025,1,0.33618373,0,1
352598,Dragan Grivić,24/25,2025,1,0.33614194,0,1
198768,Heini Vatnsdal,24/25,2025,0,0.33601522,0,0
470375,Mateusz Zukowski,24/25,2025,1,0.33598378,0,1
975139,Wilmer Olofsson,24/25,2025,1,0.33579537,0,1
734543,Tommaso Lombardi,24/25,2025,0,0.33556992,0,0
458780,Gianluca Mastromonaco,24/25,2025,0,0.33522406,0,0
612143,Kylian Kaïboue,24/25,2025,0,0.33513048,0,0
1283297,Liam Russell,24/25,2025,0,0.33512047,0,0
199564,Michele Calì,24/25,2025,0,0.33508095,0,0
316934,Nikola Moro,24/25,2025,0,0.33496672,0,0
146937,Francesco Lisi,24/25,2025,0,0.33494827,0,0
1025800,Jonas Feddersen,24/25,2025,0,0.33488986,0,0
126321,Carl Jenkinson,24/25,2025,0,0.33485055,0,0
476237,Steven Alzate,24/25,2025,1,0.33481735,0,1
395693,Houssem Aouar,24/25,2025,0,0.33477306,0,0
635371,Daniël Deen,24/25,2025,0,0.33476302,0,0
572798,Jakub Matousek,24/25,2025,0,0.33463567,0,0
658674,Luan Patrick,24/25,2025,1,0.33442473,0,1
402911,Stefano Rossoni,24/25,2025,0,0.33439368,0,0
1260549,Samuele Piro,24/25,2025,1,0.3343311,0,1
1241219,Kaly,24/25,2025,0,0.3342862,0,0
412046,Iván Chapela,24/25,2025,1,0.33422443,0,1
384664,Maciej Wolski,24/25,2025,0,0.33416307,0,0
392139,Sebastian Müller,24/25,2025,0,0.33411577,0,0
935476,Nicholas Pluvio,24/25,2025,0,0.33402336,0,0
379821,Christian Tommasini,24/25,2025,0,0.3336513,0,0
833268,Alonso Aceves,24/25,2025,0,0.33361852,0,0
1048080,Federico Simonetto,24/25,2025,0,0.33354354,0,0
435500,Sergio González,24/25,2025,1,0.33334807,0,1
164489,Szymon Sobczak,24/25,2025,0,0.33312002,0,0
296234,Deco,24/25,2025,0,0.33297375,0,0
103284,Dieumerci Ndongala,24/25,2025,0,0.33292738,0,0
394033,Stefan Schimmer,24/25,2025,0,0.33284268,0,0
216375,Felipe Avenatti,24/25,2025,1,0.33273703,0,1
262704,Michal Reichl,24/25,2025,0,0.33266592,0,0
212198,Vaná Alves,24/25,2025,0,0.33254248,0,0
256718,Sven van Beek,24/25,2025,0,0.33230543,0,0
386442,Alessandro Zanellati,24/25,2025,1,0.33218858,0,1
928726,Roberto Arroyo,24/25,2025,0,0.3319735,0,0
71918,David Ferreiro,24/25,2025,0,0.33196744,0,0
547985,Fabiano Parisi,24/25,2025,0,0.33196163,0,0
340339,Jorge Sáenz,24/25,2025,0,0.33193815,0,0
595781,Jimmy Suárez,24/25,2025,0,0.3318166,0,0
404418,Dávid Hancko,24/25,2025,1,0.33164468,0,1
278309,Simone Russini,24/25,2025,0,0.3315733,0,0
901801,Michalis Panagidis,24/25,2025,0,0.33153546,0,0
279454,MJ Williams,24/25,2025,0,0.3314793,0,0
146164,Max Meyer,24/25,2025,0,0.33144978,0,0
127182,Thomas Monconduit,24/25,2025,0,0.33125916,0,0
255501,Iñigo Lekue,24/25,2025,0,0.33121353,0,0
467486,Antoine Leautey,24/25,2025,1,0.3312115,0,1
293084,Johannes Handl,24/25,2025,0,0.33093554,0,0
593410,Yahya Kalley,24/25,2025,0,0.33090717,0,0
1269895,Andrea Giardino,24/25,2025,1,0.33075586,0,1
307511,Mirko Kos,24/25,2025,0,0.3307374,0,0
186901,Marek Rodák,24/25,2025,0,0.33041444,0,0
579263,Augustine Boakye,24/25,2025,0,0.3300929,0,0
1162101,Egor Grivenev,24/25,2025,0,0.3298502,0,0
363227,James Penrice,24/25,2025,1,0.32968548,0,1
271763,Alibek Aliev,24/25,2025,0,0.3295382,0,0
636601,Aleksa Djurasovic,24/25,2025,0,0.3293025,0,0
465844,Stefan Gavrilov,24/25,2025,0,0.32929063,0,0
669174,Martin Paskalev,24/25,2025,0,0.3292001,0,0
267497,Kristi Qose,24/25,2025,0,0.32919917,0,0
448058,Giannis Papanikolaou,24/25,2025,0,0.32903233,0,0
123550,Jamie Grimes,24/25,2025,0,0.32895324,0,0
376127,Stefan Kovac,24/25,2025,1,0.32892805,0,1
595943,Jaden Montnor,24/25,2025,0,0.3288852,0,0
139352,Gus Ledes,24/25,2025,0,0.32885572,0,0
237356,Michal Rzuchowski,24/25,2025,0,0.32885355,0,0
205938,Mario Pašalić,24/25,2025,0,0.3286395,0,0
707602,Edgar Piloyan,24/25,2025,1,0.32863855,0,1
625647,Yago Cantero,24/25,2025,0,0.32838252,0,0
583699,Andrej Ilic,24/25,2025,1,0.32789758,0,1
1134119,Digne Kaelas Pounga,24/25,2025,0,0.3278498,0,0
182323,Lucas Lima,24/25,2025,1,0.3278346,0,1
460619,Pascal Mulder,24/25,2025,0,0.3278092,0,0
62358,Luca Castiglia,24/25,2025,0,0.32780325,0,0
408288,Jesús Ruiz,24/25,2025,1,0.32778463,0,1
1042811,Lorenzo De Leo,24/25,2025,0,0.32762083,0,0
280832,Carlo Crialese,24/25,2025,1,0.32752725,0,1
51152,Aleksandar Mitrović,24/25,2025,1,0.32729423,0,1
277137,Renato Tapia,24/25,2025,1,0.32710806,0,1
459763,Marco Carnesecchi,24/25,2025,0,0.32689708,0,0
745299,Tom Kerssens,24/25,2025,1,0.32672623,0,1
215167,Unknown Player,24/25,2025,1,0.3267113,0,1
390726,Matteo Rossini,24/25,2025,0,0.32660812,0,0
537706,Lucas Fox,24/25,2025,0,0.3264248,0,0
693342,Martin Achkov,24/25,2025,0,0.32641405,0,0
933205,Tibor Szabó,24/25,2025,0,0.3262495,0,0
594997,Yohann Magnin,24/25,2025,1,0.3260595,0,1
1015825,Elio Rufener,24/25,2025,0,0.32580113,0,0
273438,Danilo Barbosa,24/25,2025,1,0.3257292,0,1
409533,Nick Shinton,24/25,2025,0,0.32560104,0,0
270609,Róbert Kővári,24/25,2025,0,0.32546526,0,0
674501,Jonathan Gómez,24/25,2025,1,0.32545593,0,1
238752,Keita Baldé,24/25,2025,0,0.32533923,0,0
271335,Fabiano,24/25,2025,0,0.32523543,0,0
392719,Ben Meyer,24/25,2025,1,0.32506105,0,1
201654,Barna Kesztyűs,24/25,2025,0,0.32502595,0,0
958487,Walid Bouabdeli,24/25,2025,0,0.32499886,0,0
1002454,Ferdinand Riha,24/25,2025,0,0.32474938,0,0
466806,Álvaro Sanz,24/25,2025,1,0.3246793,0,1
1177810,Valdemar Møller,24/25,2025,0,0.32462588,0,0
425764,Kelsey Mooney,24/25,2025,0,0.32451284,0,0
142208,Emil Bergström,24/25,2025,1,0.32447636,0,1
867909,Harry Vaughan,24/25,2025,0,0.3244643,0,0
542458,Unknown Player,24/25,2025,1,0.324461,0,1
348520,Vincenzo Plescia,24/25,2025,1,0.32438934,0,1
249046,Stefano Negro,24/25,2025,1,0.32427508,0,1
727495,Nikola Iliev,24/25,2025,0,0.32367492,0,0
580747,Yvann Maçon,24/25,2025,0,0.32363647,0,0
315984,Michael Kelly,24/25,2025,0,0.32340825,0,0
323754,Wilhelm Nilsson,24/25,2025,0,0.3233716,0,0
908314,Valentin Kostov,24/25,2025,0,0.32319272,0,0
1182963,Matteo Enza,24/25,2025,1,0.3230537,0,1
265072,Simone Auriletto,24/25,2025,0,0.32298067,0,0
312341,Luca Ravanelli,24/25,2025,1,0.3228393,0,1
334186,Fabian Kunze,24/25,2025,1,0.32281175,0,1
486624,Musa Barrow,24/25,2025,0,0.322779,0,0
342911,Dimitrios Oungialidis,24/25,2025,0,0.32264274,0,0
344381,Christopher Nkunku,24/25,2025,1,0.32264125,0,1
665971,Jonas Nickisch,24/25,2025,1,0.32262963,0,1
451164,Damian Hilbrycht,24/25,2025,0,0.3226251,0,0
903218,Gabriel Ramaj,24/25,2025,0,0.3225453,0,0
722280,Luismi Gutiérrez,24/25,2025,0,0.32245156,0,0
525385,Tobias Dombrowa,24/25,2025,0,0.3224166,0,0
491946,Paya Pichkah,24/25,2025,0,0.32202625,0,0
956694,Benedek Simon,24/25,2025,0,0.321995,0,0
192875,William Troost-Ekong,24/25,2025,0,0.32195127,0,0
195049,Michael Eberwein,24/25,2025,0,0.32179078,0,0
703577,Kegs Chauke,24/25,2025,0,0.32138267,0,0
259930,Gabriel Fernández,24/25,2025,0,0.32133046,0,0
291286,Liam Walsh,24/25,2025,1,0.32123923,0,1
549021,João Sérgio,24/25,2025,0,0.32120052,0,0
524081,Nicolai Vallys,24/25,2025,0,0.32105625,0,0
44017,Javi Martínez,24/25,2025,1,0.32100502,0,1
387601,Giuseppe Stancampiano,24/25,2025,1,0.3209794,0,1
253677,Tyrone Mings,24/25,2025,0,0.32056284,0,0
624462,Jan Reichert,24/25,2025,0,0.32054016,0,0
84911,Daniel Genov,24/25,2025,0,0.32041395,0,0
238367,Cassiano,24/25,2025,0,0.3204122,0,0
351441,Atanas Chernev,24/25,2025,1,0.32009152,0,1
897478,Etienne Borie,24/25,2025,0,0.31987938,0,0
511813,Sidnei Tavares,24/25,2025,1,0.31982204,0,1
217593,Todor Nedelev,24/25,2025,1,0.3198091,0,1
315254,Mees de Wit,24/25,2025,0,0.3195049,0,0
853299,Rafa Llorente,24/25,2025,0,0.3194714,0,0
1055070,Luca Nesi,24/25,2025,0,0.31944063,0,0
713907,Iván Rubio,24/25,2025,0,0.31935868,0,0
534377,Kialy Abdoul Kone,24/25,2025,0,0.31908122,0,0
376232,Bassam Al-Rawi,24/25,2025,0,0.31894913,0,0
503160,Paul Nebel,24/25,2025,0,0.31885976,0,0
688560,Nick McAllister,24/25,2025,0,0.31883574,0,0
816590,Uche Obiogumu,24/25,2025,1,0.31880468,0,1
599552,Williams Alarcón,24/25,2025,0,0.31879228,0,0
707982,Dimitri Jepihhin,24/25,2025,0,0.3186555,0,0
659804,John Mercado,24/25,2025,1,0.31842497,0,1
816578,Pascal Fuchs,24/25,2025,0,0.31834555,0,0
815556,Antonio Gala,24/25,2025,1,0.31831777,0,1
666563,Kelvin John,24/25,2025,0,0.31828535,0,0
531229,Sam Jones,24/25,2025,0,0.3181975,0,0
687640,Matteo Sorzi,24/25,2025,0,0.31812108,0,0
129592,Julien De Sart,24/25,2025,0,0.3180315,0,0
595240,Milan Hokke,24/25,2025,1,0.317997,0,1
832326,Romualdas Jansonas,24/25,2025,1,0.31790075,0,1
864769,Brandon Bokangu,24/25,2025,0,0.3178196,0,0
396841,Louis Verstraete,24/25,2025,0,0.317646,0,0
960458,Konstantin Aleksa,24/25,2025,0,0.31746164,0,0
935036,Bogdan Budko,24/25,2025,1,0.31710702,0,1
748720,Unknown Player,24/25,2025,1,0.31693044,0,1
167393,James Husband,24/25,2025,0,0.31658283,0,0
442531,Edouard Mendy,24/25,2025,0,0.31640846,0,0
1179482,Iker Luque,24/25,2025,0,0.31628233,0,0
751033,Pierrick Moulin,24/25,2025,1,0.3162778,0,1
384264,Aden Baldwin,24/25,2025,0,0.31626654,0,0
272786,Gábor Megyeri,24/25,2025,0,0.3161143,0,0
135824,Ryan De Vries,24/25,2025,0,0.31611133,0,0
460800,Ilian Iliev,24/25,2025,0,0.31608832,0,0
336855,Elliot Newby,24/25,2025,0,0.31606504,0,0
168550,Andrea Brighenti,24/25,2025,1,0.3159599,0,1
918811,Mattia Fortin,24/25,2025,1,0.3159468,0,1
559324,Youri Regeer,24/25,2025,0,0.3158958,0,0
584490,Giannis Tsivelekidis,24/25,2025,1,0.31577626,0,1
532776,Amine Adli,24/25,2025,1,0.31561485,0,1
820375,David Rodríguez,24/25,2025,0,0.3156126,0,0
237144,Stefan Maderer,24/25,2025,0,0.3152852,0,0
126705,Martin Sourzac,24/25,2025,0,0.31519675,0,0
356099,Cristián Borja,24/25,2025,0,0.31516427,0,0
600041,Mattia Felici,24/25,2025,0,0.31506017,0,0
130353,Hördur Magnússon,24/25,2025,1,0.3149551,0,1
198607,Lukas Hulka,24/25,2025,0,0.3146383,0,0
1123259,Emanuele Tesauro,24/25,2025,1,0.31442237,0,1
651005,Cher Ndour,24/25,2025,0,0.31430352,0,0
817999,Dawyn-Paul Donner,24/25,2025,0,0.3142673,0,0
250845,José María Giménez,24/25,2025,0,0.31421116,0,0
490760,Tchamba,24/25,2025,0,0.31410334,0,0
741136,Maksim Vospukov,24/25,2025,0,0.3138526,0,0
158106,Peter Michorl,24/25,2025,0,0.31360617,0,0
355501,Amadou Diawara,24/25,2025,1,0.31357569,0,1
489463,Kyogo Furuhashi,24/25,2025,1,0.313168,0,1
324803,Nicolas Janvier,24/25,2025,0,0.31277093,0,0
946971,Marin Prekodravac,24/25,2025,1,0.312737,0,1
228750,Alessandro Golinucci,24/25,2025,0,0.31270328,0,0
223668,Kevin Fery,24/25,2025,0,0.31231582,0,0
121137,Stuart Bannigan,24/25,2025,1,0.31228,0,1
226300,Michael Dellinger,24/25,2025,0,0.31226742,0,0
961022,Benja Domínguez,24/25,2025,0,0.31208068,0,0
234033,Tobias Trautner,24/25,2025,0,0.31207845,0,0
697278,Charlie Webster,24/25,2025,0,0.31196624,0,0
147697,Vinícius,24/25,2025,0,0.31181017,0,0
420179,Gianluca Saro,24/25,2025,1,0.31174937,0,1
908128,Mark Krasnov,24/25,2025,1,0.31163555,0,1
381963,Mike Tresor,24/25,2025,0,0.31138846,0,0
167470,Mattia Maita,24/25,2025,1,0.31134406,0,1
683895,Emmanuel Agbadou,24/25,2025,0,0.31126747,0,0
1065442,Iñigo Arguibide,24/25,2025,0,0.31116405,0,0
536826,Nacho Quintana,24/25,2025,0,0.31094328,0,0
413268,Kevin Yakob,24/25,2025,0,0.31073087,0,0
1276321,Ivaylo Nedelchev,24/25,2025,0,0.31064,0,0
122243,Niall Canavan,24/25,2025,0,0.31045488,0,0
798050,Gavin Beavers,24/25,2025,0,0.31040755,0,0
106270,Florian Kainz,24/25,2025,0,0.31019273,0,0
153664,Khaled Narey,24/25,2025,1,0.31001773,0,1
339808,Theo Hernández,24/25,2025,1,0.30996156,0,1
691905,Karim El Abed,24/25,2025,1,0.30990598,0,1
266359,Benjamin Bourigeaud,24/25,2025,0,0.3097063,0,0
684307,Youssef Amyn,24/25,2025,1,0.30970198,0,1
684061,Lucas Soares,24/25,2025,0,0.30966127,0,0
247355,Borja Díaz,24/25,2025,0,0.30945513,0,0
687383,Iwan Lewis,24/25,2025,1,0.3093695,0,1
902987,Mats Seiler,24/25,2025,0,0.3092555,0,0
707397,Filippo Manfrin,24/25,2025,0,0.30923945,0,0
818227,Alberto Leone,24/25,2025,1,0.30873635,0,1
530166,Stylianos Kokovas,24/25,2025,0,0.30860037,0,0
539226,Simone Benincasa,24/25,2025,0,0.3084274,0,0
406094,Damiano Menna,24/25,2025,0,0.30834275,0,0
284058,Kai Brünker,24/25,2025,0,0.30812222,0,0
461629,Gustavo Assunção,24/25,2025,1,0.30789524,0,1
829874,Lilian Raolisoa,24/25,2025,0,0.30753842,0,0
323167,Matteo Gabbia,24/25,2025,0,0.30745074,0,0
713787,Jhoanner Chávez,24/25,2025,0,0.30742565,0,0
745611,Joshua Uwakhonye,24/25,2025,0,0.3073771,0,0
350322,Emanuele Anastasia,24/25,2025,1,0.30737108,0,1
993537,Johnbosco Samuel Kalu,24/25,2025,1,0.30699328,0,1
334371,Marcos Curado,24/25,2025,0,0.3069677,0,0
197602,Rúben Semedo,24/25,2025,1,0.30667225,0,1
159838,Yoann Barbet,24/25,2025,0,0.3065417,0,0
378872,Kayden Jackson,24/25,2025,0,0.306511,0,0
187496,Maurice Multhaup,24/25,2025,0,0.306481,0,0
371141,Stanley Nsoki,24/25,2025,1,0.3064181,0,1
332826,Hannes Agnarsson,24/25,2025,0,0.306374,0,0
1070408,Mylo van der Lans,24/25,2025,0,0.30636403,0,0
503991,Yunus Musah,24/25,2025,1,0.3058552,0,1
107205,Connor Krempicki,24/25,2025,0,0.30566865,0,0
503864,Ludvig Henriksen,24/25,2025,0,0.3055699,0,0
58382,Kristian Böhnlein,24/25,2025,0,0.30555975,0,0
416088,Romain Correia,24/25,2025,0,0.3054696,0,0
45320,Ángel Di María,24/25,2025,1,0.30540228,0,1
406935,Terence Vancooten,24/25,2025,0,0.30537587,0,0
211397,Miguel Borja,24/25,2025,0,0.3052803,0,0
447221,Hamza Mendyl,24/25,2025,0,0.3052108,0,0
113133,Germán Pezzella,24/25,2025,0,0.3052077,0,0
561899,Abdollah Ali Saei,24/25,2025,0,0.30502227,0,0
928630,Finn de Bruin,24/25,2025,0,0.30496642,0,0
321239,Everton,24/25,2025,0,0.3047802,0,0
923667,Joeri Heerkens,24/25,2025,1,0.30476442,0,1
395973,Nikita Golub,24/25,2025,0,0.30468893,0,0
1009463,Niklas Swider,24/25,2025,0,0.3044952,0,0
408505,Tommaso Panelli,24/25,2025,0,0.30430132,0,0
121483,Jan Oblak,24/25,2025,0,0.30395916,0,0
957822,Eddy Kouadio,24/25,2025,0,0.30393395,0,0
1015401,Paul Reverson,24/25,2025,0,0.30390185,0,0
626854,Kevin Höög Jansson,24/25,2025,0,0.30383027,0,0
592358,Victor Lobry,24/25,2025,0,0.30369094,0,0
111073,Ryan Allsop,24/25,2025,0,0.3035828,0,0
1055876,Jesper Zwart,24/25,2025,1,0.30348957,0,1
688881,Vinícius Lopes,24/25,2025,0,0.30332658,0,0
240244,Cristian Dell'Orco,24/25,2025,0,0.3032822,0,0
235931,Alessandro Deiola,24/25,2025,0,0.30326125,0,0
183365,Höskuldur Gunnlaugsson,24/25,2025,0,0.3032581,0,0
335721,Ben White,24/25,2025,0,0.30318794,0,0
176553,Aymeric Laporte,24/25,2025,1,0.30312568,0,1
743496,Kévin Danois,24/25,2025,0,0.302994,0,0
300168,Mikel Vesga,24/25,2025,0,0.30285048,0,0
1042816,Matteo Marini,24/25,2025,0,0.30278352,0,0
456938,Javi Avilés,24/25,2025,0,0.30272457,0,0
225452,Patrick Roberts,24/25,2025,1,0.30271935,0,1
136109,Alexei Koselev,24/25,2025,0,0.3026704,0,0
566823,Achraf Dari,24/25,2025,0,0.30263135,0,0
337385,Riccardo Gatti,24/25,2025,1,0.30215037,0,1
483742,Antonio Perera,24/25,2025,1,0.30214685,0,1
387378,Luther Singh,24/25,2025,0,0.30209717,0,0
1145455,Nils Ramming,24/25,2025,1,0.30195606,0,1
1069538,Jake Morris,24/25,2025,0,0.30183774,0,0
465848,Preslav Borukov,24/25,2025,0,0.3018283,0,0
877131,Rosen Marinov,24/25,2025,1,0.3014444,0,1
926839,Ivan Sulev,24/25,2025,0,0.30115002,0,0
535670,Colm Whelan,24/25,2025,0,0.30110496,0,0
450173,Gaius Makouta,24/25,2025,0,0.30050865,0,0
500687,Tyrese Shade,24/25,2025,1,0.29996675,0,1
361504,Rafa Mujica,24/25,2025,0,0.29996264,0,0
111873,Emiliano Martínez,24/25,2025,0,0.29989564,0,0
179462,Emiljano Musta,24/25,2025,0,0.29978943,0,0
130149,Giannis Pasas,24/25,2025,0,0.29964045,0,0
1033919,Mahamadou Doumbia,24/25,2025,1,0.29920432,0,1
484703,Michael Liguori,24/25,2025,1,0.29915014,0,1
380191,Ioannis Pittas,24/25,2025,0,0.29893106,0,0
367620,Jacopo Cioce,24/25,2025,0,0.29866126,0,0
207376,Konstantinos Bouloulis,24/25,2025,0,0.29852363,0,0
744478,Dominik Pestic,24/25,2025,1,0.29834732,0,1
392375,Jake Hastie,24/25,2025,0,0.29821798,0,0
241391,Oussama Idrissi,24/25,2025,0,0.2980511,0,0
631278,Abbas Ibrahim,24/25,2025,0,0.297921,0,0
379315,Edgaras Utkus,24/25,2025,0,0.29785028,0,0
61694,Neil Etheridge,24/25,2025,0,0.29784548,0,0
832462,Krisztián Székely,24/25,2025,0,0.29776272,0,0
525140,Goduine Koyalipou,24/25,2025,1,0.29768157,0,1
1022388,Levente Babós,24/25,2025,1,0.2973521,0,1
34296,Athanasios Papageorgiou,24/25,2025,0,0.29717317,0,0
175449,Moi Gómez,24/25,2025,0,0.29710233,0,0
231471,Theofanis Tzandaris,24/25,2025,0,0.29704142,0,0
471004,Luis Binks,24/25,2025,1,0.29696298,0,1
291120,Adrien Julloux,24/25,2025,0,0.2967716,0,0
459127,Andrea Invernizzi,24/25,2025,0,0.29671836,0,0
369111,Georgios Tzovaras,24/25,2025,0,0.29668197,0,0
602792,Florian Wustinger,24/25,2025,0,0.29645318,0,0
542796,Mathias Jørgensen,24/25,2025,1,0.29628164,0,1
230457,Bruno Gaspar,24/25,2025,1,0.29601792,0,1
711631,Marcelo Expósito,24/25,2025,0,0.2960028,0,0
60410,Marcos Acuña,24/25,2025,0,0.29567134,0,0
938373,Kiyani Zeggen,24/25,2025,0,0.2955733,0,0
1012731,Luis Balbo,24/25,2025,0,0.2955357,0,0
523977,Miguel Baeza,24/25,2025,0,0.29538518,0,0
356325,Leon Schneider,24/25,2025,0,0.2953183,0,0
357225,Mark Shelton,24/25,2025,0,0.2949836,0,0
1218115,Oumar Conté,24/25,2025,1,0.2948649,0,1
617021,Ben Old,24/25,2025,0,0.29445356,0,0
295761,Stefano Aiolfi,24/25,2025,0,0.29439557,0,0
624942,Raúl Moro,24/25,2025,1,0.29418302,0,1
119292,Danilo Wiebe,24/25,2025,0,0.2939921,0,0
538389,Denis Sadovskiy,24/25,2025,1,0.29387012,0,1
951099,Ron Schweizer,24/25,2025,0,0.29343382,0,0
542654,Sebastian Jørgensen,24/25,2025,1,0.2931853,0,1
126634,Francesco Rossi,24/25,2025,0,0.293158,0,0
251892,Juan Soriano,24/25,2025,0,0.29280978,0,0
182713,Carlos Daniel,24/25,2025,0,0.2927551,0,0
931668,Elias Benkara,24/25,2025,0,0.29247954,0,0
862146,Artem Zimin,24/25,2025,0,0.29235047,0,0
677509,Jesse Randall,24/25,2025,0,0.29203638,0,0
1065043,Pontus Dahbo,24/25,2025,0,0.29176927,0,0
174247,Luke McCullough,24/25,2025,0,0.29163662,0,0
310527,Paulo Azzi,24/25,2025,1,0.29151535,0,1
895937,Marco Palestra,24/25,2025,1,0.29150477,0,1
878416,Michalis Voriazidis,24/25,2025,1,0.2914601,0,1
1115746,Kirill Malykh,24/25,2025,0,0.29141146,0,0
818246,Noah Kruth,24/25,2025,0,0.2913774,0,0
399668,Yuriy Lovets,24/25,2025,0,0.29131377,0,0
1115375,Sergey Kruzhilin,24/25,2025,0,0.29129896,0,0
704337,William Rovida,24/25,2025,0,0.29125386,0,0
642967,Brayan Vera,24/25,2025,0,0.29107994,0,0
334804,Kenny Dougall,24/25,2025,0,0.29075372,0,0
469669,Yvan Neyou,24/25,2025,1,0.29073772,0,1
789738,Yannick Michaelis,24/25,2025,0,0.29050314,0,0
819211,Ethan Butera,24/25,2025,0,0.29030713,0,0
411371,Tommaso Nobile,24/25,2025,0,0.29030594,0,0
268742,Márton Lorentz,24/25,2025,1,0.29009756,0,1
357164,Rafael Leão,24/25,2025,0,0.2898716,0,0
326230,Ryan Hedges,24/25,2025,0,0.28963888,0,0
1065454,Unai Santos,24/25,2025,0,0.28956556,0,0
568333,Adam Obert,24/25,2025,0,0.28932962,0,0
204198,Romain Saïss,24/25,2025,0,0.28920195,0,0
836066,Bledar Lila,24/25,2025,0,0.28911301,0,0
234733,Panagiotis Deligiannidis,24/25,2025,1,0.28903717,0,1
1046875,Wojciech Jakubik,24/25,2025,0,0.28868043,0,0
391788,CJ Hamilton,24/25,2025,0,0.2884445,0,0
1121304,Emmanuel Gono,24/25,2025,0,0.28840855,0,0
417238,Andrey Yordanov,24/25,2025,0,0.2882955,0,0
154396,Danilo Soares,24/25,2025,0,0.28806773,0,0
344178,Bence Szabó,24/25,2025,0,0.2879881,0,0
314381,Adam Phillips,24/25,2025,0,0.2879876,0,0
196231,Marvin Friedrich,24/25,2025,0,0.28784296,0,0
457743,Mohamed Konaté,24/25,2025,1,0.28774312,0,1
334225,Mika Hanraths,24/25,2025,0,0.2877421,0,0
849520,Santiago Castro,24/25,2025,0,0.28766367,0,0
157543,Dimitrios Kourbelis,24/25,2025,0,0.28752604,0,0
626474,Rubin Colwill,24/25,2025,0,0.28698274,0,0
273872,Joey Breitfeld,24/25,2025,0,0.28696942,0,0
281633,Alberto Tentardini,24/25,2025,0,0.2869099,0,0
433993,Andy Scott,24/25,2025,0,0.2867925,0,0
423436,Santiago Ascacíbar,24/25,2025,0,0.28665653,0,0
169681,Frederico Venâncio,24/25,2025,0,0.28648117,0,0
634267,David González,24/25,2025,0,0.2863558,0,0
556314,András Pusztai,24/25,2025,0,0.28620794,0,0
284876,Paolo Fernandes,24/25,2025,1,0.28599045,0,1
187778,Ádám Viczián,24/25,2025,0,0.2857597,0,0
940769,Artem Zhevnerenko,24/25,2025,0,0.2854359,0,0
171424,Riyad Mahrez,24/25,2025,0,0.2854131,0,0
540536,Carlos Vicente,24/25,2025,0,0.28538,0,0
461582,Issiar Dramé,24/25,2025,0,0.28526968,0,0
159288,Arlind Ajeti,24/25,2025,0,0.28516328,0,0
19483,Tobias Müller,24/25,2025,0,0.28499705,0,0
1075876,Alessandro Sassaro,24/25,2025,1,0.28495127,0,1
648893,István Pekár,24/25,2025,0,0.28493896,0,0
315312,Juanma García,24/25,2025,1,0.28491467,0,1
616142,Jonathan Spedalieri,24/25,2025,0,0.28459874,0,0
699233,Aleksa Puric,24/25,2025,1,0.28456047,0,1
930152,Enrico Casarotti,24/25,2025,1,0.2845242,0,1
157167,Hrvoje Milicevic,24/25,2025,0,0.28451324,0,0
615966,Unknown Player,24/25,2025,0,0.2842407,0,0
216683,Fafà Picault,24/25,2025,0,0.2841856,0,0
621122,Matteo Angeli,24/25,2025,0,0.28401616,0,0
460625,Konstantinos Balogiannis,24/25,2025,0,0.28374425,0,0
481367,Miguel Merentiel,24/25,2025,0,0.28370556,0,0
655012,Lucas Stassin,24/25,2025,0,0.2833737,0,0
552655,Troy Parrott,24/25,2025,0,0.28329307,0,0
1141560,Kader Meïté,24/25,2025,0,0.28304812,0,0
255957,Mahir Emreli,24/25,2025,1,0.28259346,0,1
453678,James Gibbons,24/25,2025,0,0.2824828,0,0
214538,Matheus Uribe,24/25,2025,0,0.28245434,0,0
930021,Justin Faltyn,24/25,2025,0,0.28226468,0,0
251664,Ivan Toney,24/25,2025,0,0.28160018,0,0
732206,Georgie Gent,24/25,2025,0,0.28146166,0,0
452447,Maciej Ambrosiewicz,24/25,2025,0,0.2813189,0,0
927347,Kiril Georgiev,24/25,2025,0,0.28129193,0,0
281791,Damian Węglarz,24/25,2025,0,0.28128618,0,0
57299,Michele Marconi,24/25,2025,0,0.28113565,0,0
168427,Dawid Abramowicz,24/25,2025,1,0.28099304,0,1
724437,Kaleb Jiménez,24/25,2025,0,0.2808323,0,0
547039,Isaak Davies,24/25,2025,0,0.28075334,0,0
294808,Franck Kessié,24/25,2025,0,0.28071603,0,0
127076,Jérôme Roussillon,24/25,2025,1,0.28060183,0,1
199270,Zoltán Medgyes,24/25,2025,0,0.28039032,0,0
278205,Viktor Ergin,24/25,2025,1,0.28016612,0,1
336663,Jassem Mohammed,24/25,2025,0,0.2799684,0,0
334570,Stefano Selvatico,24/25,2025,0,0.27995348,0,0
685160,Mark McKenzie,24/25,2025,0,0.27980006,0,0
1047043,Tjark Reinert,24/25,2025,0,0.27977872,0,0
114341,Anselmo,24/25,2025,1,0.27976084,0,1
1081530,Pharell Kegni,24/25,2025,0,0.279737,0,0
243104,Mohamed Al-Bakri,24/25,2025,0,0.27965555,0,0
1025415,Martin Todorski,24/25,2025,0,0.27959204,0,0
454567,Orkun Kökçü,24/25,2025,1,0.27947313,0,1
1175307,Marcello Carollo,24/25,2025,0,0.27943555,0,0
981693,Don-Angelo Konadu,24/25,2025,0,0.27935144,0,0
818892,Nicola Bagnolini,24/25,2025,1,0.2790997,0,1
530780,Jason Knight,24/25,2025,0,0.27848682,0,0
1008564,Billy van Duijl,24/25,2025,0,0.2783645,0,0
508398,Jordan Brown,24/25,2025,1,0.2783572,0,1
62351,Abdoulaye Bamba,24/25,2025,0,0.27814466,0,0
955193,Petr Zika,24/25,2025,0,0.27813882,0,0
422377,Aboubakary Koita,24/25,2025,0,0.27813214,0,0
487603,Domen Gril,24/25,2025,0,0.2780843,0,0
630108,David Petrovic,24/25,2025,0,0.27798608,0,0
1075582,Jules Stawiecki,24/25,2025,0,0.27795455,0,0
293614,Nikolay Minkov,24/25,2025,0,0.2778429,0,0
524564,Can Degirmenci,24/25,2025,1,0.2777748,0,1
196146,Kasim Rabihic,24/25,2025,0,0.27772903,0,0
455425,Nando Pijnaker,24/25,2025,0,0.277221,0,0
947360,Kassoum Ouattara,24/25,2025,0,0.2770457,0,0
340323,Savvas Mourgos,24/25,2025,0,0.2766772,0,0
47594,Zlatan Alomerovic,24/25,2025,0,0.2765924,0,0
151213,Ross Callachan,24/25,2025,1,0.27644572,0,1
89034,Riccardo Brosco,24/25,2025,0,0.2764295,0,0
359693,James Tilley,24/25,2025,1,0.27639368,0,1
670845,Omari Forson,24/25,2025,0,0.2763537,0,0
381792,Maicol Origlio,24/25,2025,0,0.2762107,0,0
992569,Massimo Pessina,24/25,2025,0,0.276188,0,0
64601,Sunil Chhetri,24/25,2025,0,0.27603647,0,0
123579,Torben Rehfeldt,24/25,2025,1,0.27598992,0,1
940553,Relja Obric,24/25,2025,0,0.2759341,0,0
313719,George Oakley,24/25,2025,0,0.2759012,0,0
1058399,Maximilian Ibrahimović,24/25,2025,1,0.27573594,0,1
203853,Oleksandr Zinchenko,24/25,2025,1,0.27561975,0,1
257477,Milos Zlatkovic,24/25,2025,1,0.2755332,0,1
543501,Ibrahim Sadiq,24/25,2025,0,0.2753639,0,0
798576,Lorenzo Monteleone,24/25,2025,0,0.27522066,0,0
156937,Johan Hammar,24/25,2025,0,0.27487183,0,0
461619,Fernando Medrano,24/25,2025,1,0.2745575,0,1
458800,Andrea Mattioli,24/25,2025,0,0.27436846,0,0
536460,Andrea Ghezzi,24/25,2025,0,0.27416044,0,0
44118,Marc Pujol,24/25,2025,0,0.27399397,0,0
223197,Marius Lode,24/25,2025,0,0.273941,0,0
341882,Andy Cannon,24/25,2025,0,0.27367875,0,0
471582,Zaydou Youssouf,24/25,2025,0,0.27362272,0,0
451241,Marco Bauer,24/25,2025,0,0.27323848,0,0
503770,Folarin Balogun,24/25,2025,0,0.2731772,0,0
208880,Amor Layouni,24/25,2025,0,0.272949,0,0
385614,Andrzej Trubeha,24/25,2025,0,0.27271426,0,0
487830,Christian Dimarco,24/25,2025,1,0.2726801,0,1
134327,Fabio Benedetto,24/25,2025,0,0.27239355,0,0
781971,Jean-Marie Nadjombe,24/25,2025,1,0.27209017,0,1
820393,Hamza Alaa,24/25,2025,1,0.27202722,0,1
458165,Giacomo Benedetti,24/25,2025,1,0.2718883,0,1
121402,Ahmad Benali,24/25,2025,1,0.2718399,0,1
390719,Oliver Urso,24/25,2025,0,0.27180848,0,0
892165,Sergej Levak,24/25,2025,1,0.27175364,0,1
581018,Andrija Katic,24/25,2025,0,0.27155584,0,0
231289,Otávio,24/25,2025,1,0.27140415,0,1
1048147,Federico Cassa,24/25,2025,0,0.27127078,0,0
291653,Josef Weberbauer,24/25,2025,0,0.2712499,0,0
640245,Will Fish,24/25,2025,0,0.27080023,0,0
148941,Domenico Franco,24/25,2025,1,0.27061826,0,1
912447,Florian Dimmer,24/25,2025,0,0.27033374,0,0
678441,Daniele Montevago,24/25,2025,0,0.27025577,0,0
52490,Kevin Sommer,24/25,2025,0,0.27017203,0,0
195051,Gianluca Gaudino,24/25,2025,0,0.2700636,0,0
195057,Raffaele Celia,24/25,2025,0,0.26991338,0,0
556982,Marcus Dinanga,24/25,2025,0,0.269819,0,0
717411,Yegor Yarmolyuk,24/25,2025,0,0.26966846,0,0
742274,Christian Intsoen,24/25,2025,0,0.26961395,0,0
433447,Zak Ruggiero,24/25,2025,1,0.2695925,0,1
278690,Michał Marcjanik,24/25,2025,0,0.2689529,0,0
224458,Pyry Soiri,24/25,2025,1,0.2688782,0,1
295703,Ilya Rashchenya,24/25,2025,0,0.2688758,0,0
326029,Donyell Malen,24/25,2025,0,0.2688611,0,0
1023191,George Hemmings,24/25,2025,0,0.26855507,0,0
285944,Tarek Chahed,24/25,2025,0,0.26803386,0,0
402733,Gonzalo Montiel,24/25,2025,0,0.26793846,0,0
285096,Gabriele Rocchi,24/25,2025,1,0.2679121,0,1
1134304,Joseph Liteta,24/25,2025,0,0.267742,0,0
667521,Cian Ashford,24/25,2025,0,0.26740676,0,0
1058353,Andrea Natali,24/25,2025,1,0.26697278,0,1
616638,Alassane Sidibe,24/25,2025,0,0.2669322,0,0
351894,Léo Santos,24/25,2025,0,0.26678896,0,0
338855,Matija Horvat,24/25,2025,0,0.26673618,0,0
102558,Marco Verratti,24/25,2025,1,0.26673493,0,1
1007809,Daniel Skaarud,24/25,2025,0,0.26655313,0,0
606026,Albie Morgan,24/25,2025,0,0.26646674,0,0
559327,Youri Baas,24/25,2025,0,0.2662127,0,0
83983,Lucas Mendes,24/25,2025,0,0.26596704,0,0
814007,Corrado Riviera,24/25,2025,0,0.26585042,0,0
289065,Simone Palombi,24/25,2025,0,0.26555267,0,0
342223,Kévin Appin,24/25,2025,0,0.2654951,0,0
145070,Ovays Azizi,24/25,2025,1,0.26503024,0,1
741352,Dmitriy Lutik,24/25,2025,0,0.26499522,0,0
603564,Bakari Camara,24/25,2025,0,0.2648684,0,0
1185190,Tino Kusanovic,24/25,2025,1,0.26484394,0,1
64804,Thierry Moutinho,24/25,2025,0,0.26483727,0,0
443322,Erik Nissen,24/25,2025,0,0.26480606,0,0
894470,Davide Baroncioni,24/25,2025,0,0.26480338,0,0
924115,Tim Janisch,24/25,2025,0,0.26476228,0,0
719230,Alex Szabó,24/25,2025,0,0.26462469,0,0
192073,Rubén Bover,24/25,2025,0,0.26454303,0,0
540329,Tomas Frühwald,24/25,2025,0,0.26448593,0,0
425400,Farid El Melali,24/25,2025,1,0.26433298,0,1
731174,Aleksandr Kuchinskiy,24/25,2025,0,0.26432213,0,0
895905,Dimitrios Kaloskamis,24/25,2025,1,0.26419765,0,1
293569,Josh Brownhill,24/25,2025,1,0.2641209,0,1
472249,Jan Thielmann,24/25,2025,0,0.2639869,0,0
323403,Dimitar Velkovski,24/25,2025,0,0.2636821,0,0
221611,Paulo Otávio,24/25,2025,0,0.2636492,0,0
160525,Antoni Sarcevic,24/25,2025,0,0.26354045,0,0
635803,Oluwatobiloba Alagbe,24/25,2025,0,0.2634214,0,0
298575,Kike Barja,24/25,2025,0,0.26336467,0,0
465082,Georgi Nikolov,24/25,2025,1,0.2629993,0,1
108468,Benjamin Tiedemann,24/25,2025,1,0.26299617,0,1
404257,Veljko Nikolic,24/25,2025,0,0.2629081,0,0
768621,Oluwasegun Olalere,24/25,2025,0,0.26288453,0,0
855256,Alex Scott,24/25,2025,0,0.26267844,0,0
1049726,Matteo Colombara,24/25,2025,0,0.26266292,0,0
272706,James Lawrence,24/25,2025,0,0.26263246,0,0
910867,Wiktor Matyjewicz,24/25,2025,0,0.26251638,0,0
483046,Josip Stanisic,24/25,2025,0,0.26251337,0,0
867678,Harun Ibrahim,24/25,2025,1,0.26242578,0,1
726667,Hugo Pavek,24/25,2025,0,0.26241073,0,0
203645,Manuel Martic,24/25,2025,1,0.26223922,0,1
692020,Lasse Wilhelm,24/25,2025,0,0.26222652,0,0
565523,Edu Espiau,24/25,2025,1,0.26216465,0,1
1010466,Lucas Bretón,24/25,2025,1,0.26202196,0,1
632495,Josep Gayá,24/25,2025,1,0.26177144,0,1
83002,Hiroki Sakai,24/25,2025,0,0.26171586,0,0
717900,Tommaso Guercio,24/25,2025,0,0.2616966,0,0
807318,Ryan Finnigan,24/25,2025,1,0.26149374,0,1
620156,Denis Vala,24/25,2025,0,0.2614174,0,0
392773,Alex Cochrane,24/25,2025,0,0.26140913,0,0
81999,Joselu,24/25,2025,0,0.26117033,0,0
381706,Arvid Brorsson,24/25,2025,0,0.26103434,0,0
611305,Nicola Gori,24/25,2025,0,0.26091993,0,0
657742,Joaquín Sosa,24/25,2025,1,0.26085737,0,1
930150,Tommaso Ebone,24/25,2025,1,0.26058906,0,1
234888,Georgios Athanasiadis,24/25,2025,1,0.26026052,0,1
801069,Jimmy Evans,24/25,2025,0,0.2600959,0,0
439465,Gaizka Larrazabal,24/25,2025,0,0.26007885,0,0
71662,Marco Paixão,24/25,2025,1,0.2600664,0,1
220848,Yannick Gomis,24/25,2025,0,0.26006612,0,0
1050787,Lorenzo Lischetti,24/25,2025,1,0.25999555,0,1
645880,Ifet Djakovac,24/25,2025,0,0.25996315,0,0
237846,Edmílson Junior,24/25,2025,0,0.2599286,0,0
343388,Norbert Benkő-Bíró,24/25,2025,0,0.25990817,0,0
425781,Leon Sipos,24/25,2025,0,0.2598045,0,0
377607,Muaid Ellafi,24/25,2025,0,0.25957856,0,0
255838,Patrick Ciurria,24/25,2025,0,0.25945303,0,0
148817,Szilveszter Hangya,24/25,2025,0,0.25928885,0,0
1058533,Adam Herdonsson,24/25,2025,0,0.25908735,0,0
776890,Nicolas Jackson,24/25,2025,1,0.2590318,0,1
394123,Manuel Peretti,24/25,2025,0,0.25889155,0,0
686977,Justin Seven,24/25,2025,0,0.2586471,0,0
251813,Niclas Eliasson,24/25,2025,0,0.25860935,0,0
630995,Rodri Sánchez,24/25,2025,0,0.2583801,0,0
1111839,Sainey Sanyang,24/25,2025,0,0.2581654,0,0
80197,Salomón Rondón,24/25,2025,1,0.25789514,0,1
848089,Illaijh de Ruijter,24/25,2025,0,0.2577062,0,0
1153628,Yannik Wagner,24/25,2025,0,0.25770202,0,0
329324,Johannes Dörfler,24/25,2025,0,0.25758407,0,0
469718,Gerardo Arteaga,24/25,2025,0,0.25738794,0,0
336051,Agus Medina,24/25,2025,0,0.2571988,0,0
713404,Daniel Piscaglia,24/25,2025,0,0.25711873,0,0
208116,Curro Sánchez,24/25,2025,0,0.25702667,0,0
800874,Sino Absamadov,24/25,2025,1,0.2568722,0,1
89297,Rodrigo Battaglia,24/25,2025,0,0.25649258,0,0
1067168,Harry Howell,24/25,2025,0,0.2562567,0,0
1065440,Mauro Echegoyen,24/25,2025,0,0.25608754,0,0
196304,John Owen,24/25,2025,1,0.2560628,0,1
216661,Alexandru Crețu,24/25,2025,1,0.25604478,0,1
476599,Alex Passaniti,24/25,2025,0,0.25586137,0,0
94295,Jonas Thorsen,24/25,2025,0,0.2558502,0,0
207061,Francis de Vries,24/25,2025,0,0.2556611,0,0
696693,Loide Augusto,24/25,2025,1,0.2552695,0,1
413032,Ibrahima Diallo,24/25,2025,1,0.25513017,0,1
1106292,Yassin Hamdi,24/25,2025,0,0.25500122,0,0
435288,Giannis Kosti,24/25,2025,0,0.25494757,0,0
665582,David Seger,24/25,2025,1,0.25482583,0,1
567931,Jan-Luca Warm,24/25,2025,0,0.2547979,0,0
625124,Sergey Sazonchik,24/25,2025,0,0.25474268,0,0
305946,José Gomes,24/25,2025,0,0.2546975,0,0
208022,Giovanni Zarfino,24/25,2025,1,0.25443536,0,1
368482,Riccardo Orsolini,24/25,2025,0,0.25436196,0,0
769063,Luka Romero,24/25,2025,0,0.25431848,0,0
945496,Simo Keddari,24/25,2025,0,0.25422233,0,0
911757,Liam Bennett,24/25,2025,0,0.25396994,0,0
655488,Gabriel Martinelli,24/25,2025,0,0.25383565,0,0
468272,Gustavo Cascardo,24/25,2025,0,0.25382727,0,0
1099350,Dan Barton,24/25,2025,1,0.25373244,0,1
986324,Bodin Tomasevic,24/25,2025,0,0.25349307,0,0
355157,Arsen Kasa,24/25,2025,0,0.25341004,0,0
636888,Udoka Godwin-Malife,24/25,2025,0,0.25338775,0,0
386792,Stefan Korsch,24/25,2025,0,0.253337,0,0
7161,Jonas Hofmann,24/25,2025,0,0.25312483,0,0
929130,Mathijs Menu,24/25,2025,0,0.2530289,0,0
214775,Óliver Torres,24/25,2025,0,0.2528175,0,0
418615,Lucas França,24/25,2025,0,0.25279605,0,0
163656,Connor Goldson,24/25,2025,0,0.25273842,0,0
728256,Luca Andrada,24/25,2025,0,0.2527027,0,0
220755,Matthew Pennington,24/25,2025,1,0.25242862,0,1
69511,Patrick Mortensen,24/25,2025,0,0.25242504,0,0
454121,Galeno,24/25,2025,0,0.25241733,0,0
195192,Marco Manetta,24/25,2025,1,0.25213295,0,1
765110,Jakub Tosnar,24/25,2025,0,0.251901,0,0
59434,Artem Putivtsev,24/25,2025,0,0.25184143,0,0
324321,Bernard Mensah,24/25,2025,1,0.25162658,0,1
156681,Stefan Haudum,24/25,2025,0,0.2515941,0,0
1048145,Andrea Bonanomi,24/25,2025,0,0.2515836,0,0
401535,Gabriel Batista,24/25,2025,0,0.25136727,0,0
413403,Ezri Konsa,24/25,2025,0,0.25136685,0,0
281773,José León,24/25,2025,0,0.2513107,0,0
405982,Idris Kanu,24/25,2025,0,0.25130314,0,0
648886,Samuel Loric,24/25,2025,0,0.25119182,0,0
282095,Viktor Karl Einarsson,24/25,2025,0,0.25115663,0,0
804885,Martin Expérience,24/25,2025,0,0.25099498,0,0
123258,Ivan Varone,24/25,2025,1,0.2507865,0,1
225161,Rúben Neves,24/25,2025,0,0.2506415,0,0
763953,Egor Osipov,24/25,2025,0,0.25047064,0,0
708070,Pietro Saio,24/25,2025,1,0.25012386,0,1
159142,Aderllan Santos,24/25,2025,0,0.25010964,0,0
930571,Oscar Gloukh,24/25,2025,1,0.25004768,0,1
610878,Jacopo Desogus,24/25,2025,0,0.2500363,0,0
61617,Paolo Rozzio,24/25,2025,0,0.25000376,0,0
232390,Lukas Skovajsa,24/25,2025,0,0.24988924,0,0
1083607,Dudu,24/25,2025,0,0.24988467,0,0
72505,Thomas Meißner,24/25,2025,0,0.24972327,0,0
579288,Robin Tihi,24/25,2025,0,0.24955085,0,0
578804,Sven Mijnans,24/25,2025,0,0.24954598,0,0
996327,Dmitriy Denisenko,24/25,2025,0,0.24951336,0,0
1241188,Laurenz Pölking,24/25,2025,0,0.24948385,0,0
153306,Bartosz Kopacz,24/25,2025,0,0.24923298,0,0
266809,Nicolás Freire,24/25,2025,0,0.24918376,0,0
60517,Yacine Brahimi,24/25,2025,0,0.24914847,0,0
315511,Arkadiusz Kasperkiewicz,24/25,2025,0,0.24913214,0,0
393436,Aly Abeid,24/25,2025,0,0.24912563,0,0
1009441,Felipe Chávez,24/25,2025,0,0.24872757,0,0
1124448,Ivan Oreshkevich,24/25,2025,0,0.2486884,0,0
1013797,Ondrej Penxa,24/25,2025,0,0.24858552,0,0
529885,Christian Kouan,24/25,2025,0,0.24804658,0,0
441264,Unknown Player,24/25,2025,0,0.24787451,0,0
1011936,Kaye Furo,24/25,2025,1,0.24753486,0,1
106872,Kevin Stöger,24/25,2025,0,0.24726076,0,0
60916,Ryan Dow,24/25,2025,0,0.24706009,0,0
199257,László Pekár,24/25,2025,0,0.24696644,0,0
678991,Ulisses,24/25,2025,0,0.24696253,0,0
342984,Bertalan Kun,24/25,2025,0,0.24692182,0,0
485545,As Ibrahima Diakité,24/25,2025,0,0.24665818,0,0
465818,Brian Rodríguez,24/25,2025,0,0.24659044,0,0
503854,Joel Grodowski,24/25,2025,0,0.24656051,0,0
116471,Hobie Verhulst,24/25,2025,0,0.24641114,0,0
945753,Julio Díaz,24/25,2025,0,0.2462583,0,0
325994,Rasmus Lauritsen,24/25,2025,0,0.24602287,0,0
324358,Ollie Watkins,24/25,2025,0,0.245981,0,0
341126,Umberto De Lucia,24/25,2025,0,0.24581137,0,0
116088,Marius Bülter,24/25,2025,1,0.2457848,0,1
281246,Kamil Zapolnik,24/25,2025,0,0.24569583,0,0
602854,Dmitriy Krivosheev,24/25,2025,0,0.24557188,0,0
324861,Julian Justvan,24/25,2025,0,0.2454206,0,0
1073217,Vincenzo Lettieri,24/25,2025,0,0.24539629,0,0
395120,Stefano Bonaiti,24/25,2025,1,0.24526347,0,1
1153630,Tobias Weigel,24/25,2025,0,0.24508303,0,0
625120,Pavel Prishivalko,24/25,2025,0,0.24433105,0,0
340879,Merih Demiral,24/25,2025,0,0.24431898,0,0
229194,Aron Bjarnason,24/25,2025,0,0.24430677,0,0
343332,Stefano Russo,24/25,2025,0,0.24429755,0,0
282411,Marcos Llorente,24/25,2025,0,0.24429376,0,0
192088,Enis Bytyqi,24/25,2025,0,0.24408916,0,0
544895,Paulinho Bóia,24/25,2025,0,0.24406032,0,0
197299,Francesco Belli,24/25,2025,0,0.24385041,0,0
929966,Nico Vidic,24/25,2025,0,0.24346533,0,0
143559,Matija Nastasić,24/25,2025,1,0.24343315,0,1
347594,Florian Miguel,24/25,2025,0,0.24320975,0,0
710865,Dominik Csontos,24/25,2025,0,0.24300015,0,0
397248,Giorgio Galli,24/25,2025,1,0.24291947,0,1
88680,Luca Caldirola,24/25,2025,1,0.24285258,0,1
623561,Triantafyllos Tsapras,24/25,2025,0,0.24261871,0,0
336974,Makana Baku,24/25,2025,0,0.2421393,0,0
425808,Sebastian Hausner,24/25,2025,0,0.24207778,0,0
950400,Ahmad Faqa,24/25,2025,0,0.24193758,0,0
237607,Fabio Maiolo,24/25,2025,0,0.24190575,0,0
1058514,Montrell Culbreath,24/25,2025,0,0.24182507,0,0
223977,Igor Julião,24/25,2025,0,0.24165927,0,0
818131,Fabio Cariolato,24/25,2025,0,0.24138929,0,0
1165333,Yanis Senhadji,24/25,2025,0,0.24126704,0,0
693413,David Idowu,24/25,2025,0,0.24119967,0,0
408247,Daniele Ciappellano,24/25,2025,0,0.24111938,0,0
319859,Mathias Jensen,24/25,2025,0,0.24066888,0,0
354456,Aynsley Pears,24/25,2025,0,0.24055977,0,0
84840,Bence Somodi,24/25,2025,0,0.2405415,0,0
509423,Jack Armer,24/25,2025,0,0.24026477,0,0
441170,Valentin Rosier,24/25,2025,1,0.24000356,0,1
696022,Maximilian Neutgens,24/25,2025,0,0.23976472,0,0
1171293,Joshua Vuillermoz,24/25,2025,1,0.23975933,0,1
420064,Caio Henrique,24/25,2025,0,0.23955208,0,0
100980,Mads Fenger,24/25,2025,0,0.23954661,0,0
1036552,Egor Kress,24/25,2025,0,0.2395059,0,0
1088697,Jinairo Johnson,24/25,2025,0,0.23947525,0,0
346528,Unknown Player,24/25,2025,0,0.23934981,0,0
687983,Adrian Kireski,24/25,2025,1,0.23928384,0,1
354133,Kevin Varas,24/25,2025,0,0.2387843,0,0
285771,Roger Martínez,24/25,2025,0,0.23848362,0,0
147540,Ales Cermak,24/25,2025,0,0.23813672,0,0
938676,Filippo Scotti,24/25,2025,0,0.2379389,0,0
289432,Dylan Batubinsika,24/25,2025,0,0.23782578,0,0
954265,Lorenzo Riccio,24/25,2025,0,0.23775104,0,0
128220,Luis Alberto,24/25,2025,0,0.2377474,0,0
314205,Danny Collinge,24/25,2025,0,0.23768196,0,0
808901,Leandro Frroku,24/25,2025,0,0.23762602,0,0
160929,Marvin Schwäbe,24/25,2025,0,0.23740326,0,0
745075,David Preu,24/25,2025,0,0.23739627,0,0
222385,Karim Boudiaf,24/25,2025,0,0.23738992,0,0
500763,Marvin Keller,24/25,2025,0,0.23712902,0,0
925505,Giovanni Giunti,24/25,2025,0,0.23659073,0,0
940915,Alexéi Rojas,24/25,2025,0,0.23658437,0,0
924030,Lucas Beetz,24/25,2025,0,0.23647851,0,0
807688,Yassin Belkhdim,24/25,2025,0,0.23647144,0,0
336646,Akram Afif,24/25,2025,0,0.2364535,0,0
1010150,Adam Bakoune,24/25,2025,1,0.23619388,0,1
45567,Jonathan Biabiany,24/25,2025,0,0.23606727,0,0
1269524,Daniil Kulikov,24/25,2025,0,0.2360358,0,0
615180,Gaetano Vitale,24/25,2025,1,0.23571064,0,1
1108145,Cheick Oumar Konaté,24/25,2025,0,0.2356376,0,0
214666,Connor Roberts,24/25,2025,0,0.235551,0,0
322677,Perry Ng,24/25,2025,0,0.2354793,0,0
729174,Julius Kliti,24/25,2025,0,0.2354674,0,0
1110622,Francesco Nunziata,24/25,2025,1,0.23541678,0,1
214532,Pierrick Capelle,24/25,2025,0,0.23537353,0,0
1141179,Mussa Kaba,24/25,2025,0,0.23529617,0,0
930772,Corey Hurford,24/25,2025,0,0.23528382,0,0
505673,Víctor Mollejo,24/25,2025,1,0.23523971,0,1
322517,Joël Schmied,24/25,2025,0,0.23502488,0,0
1004834,George Ilenikhena,24/25,2025,0,0.23484813,0,0
1279569,Ivan Tolkachev,24/25,2025,0,0.23482215,0,0
945500,Rayane Belaid,24/25,2025,0,0.23470165,0,0
903706,Albion Rrahmani,24/25,2025,0,0.23448597,0,0
158946,Erdoğan Yeşilyurt,24/25,2025,0,0.2342615,0,0
384553,Luca Kilian,24/25,2025,0,0.23420075,0,0
337043,Leonard Langhans,24/25,2025,0,0.23406777,0,0
547006,Keenan Patten,24/25,2025,0,0.23400705,0,0
584452,Nikolaos Michelis,24/25,2025,0,0.23394257,0,0
81800,Jan Kovarik,24/25,2025,0,0.23388773,0,0
298589,David García,24/25,2025,0,0.23333776,0,0
191792,Craig Watson,24/25,2025,1,0.2333092,0,1
950091,Stefanos Tzimas,24/25,2025,0,0.233297,0,0
704453,Kevin Bright,24/25,2025,0,0.23323582,0,0
801029,Enoch Mastoras,24/25,2025,0,0.23322666,0,0
411662,Lucas Veríssimo,24/25,2025,1,0.23299983,0,1
166237,Leandro Paredes,24/25,2025,1,0.23295067,0,1
199325,Ander Cantero,24/25,2025,0,0.23293619,0,0
203654,Tozé,24/25,2025,0,0.23256283,0,0
167228,Raúl Lizoain,24/25,2025,0,0.23195007,0,0
269870,Mattia Bortolussi,24/25,2025,0,0.23189108,0,0
74229,Koke,24/25,2025,0,0.23183763,0,0
163203,Francesco Vassallo,24/25,2025,0,0.23172888,0,0
1017396,Simeon Turlakov,24/25,2025,1,0.23169975,0,1
684519,Gerasimos Mitoglou,24/25,2025,0,0.23164068,0,0
33571,Lorenzo De Silvestri,24/25,2025,0,0.23149543,0,0
167685,Alessandro Micai,24/25,2025,1,0.23146944,0,1
270055,Kiki,24/25,2025,0,0.2313307,0,0
536697,Amel Mujanic,24/25,2025,0,0.2312431,0,0
336747,Jorge Pombo,24/25,2025,0,0.23082548,0,0
176182,Luca Maniero,24/25,2025,0,0.23070604,0,0
112302,Roberto Pereyra,24/25,2025,0,0.23058341,0,0
314341,Chris Willock,24/25,2025,0,0.23054123,0,0
442248,Ethan Pinnock,24/25,2025,0,0.23014551,0,0
906315,Hugo Cuenca,24/25,2025,0,0.23011108,0,0
915897,Petar Markovic,24/25,2025,0,0.23000874,0,0
537477,João Goulart,24/25,2025,0,0.22986124,0,0
238868,Rubén Peña,24/25,2025,1,0.22981527,0,1
132779,Branko Pauljevic,24/25,2025,0,0.22969252,0,0
345760,David Turnbull,24/25,2025,0,0.22959071,0,0
911487,Samba Koné,24/25,2025,0,0.22957309,0,0
393607,Unknown Player,24/25,2025,0,0.22924362,0,0
243725,Olivier Kemen,24/25,2025,0,0.2281426,0,0
477556,Emanuele Zuelli,24/25,2025,0,0.22797906,0,0
786795,Mesut Yusuf,24/25,2025,0,0.22796117,0,0
268113,Sean Klaiber,24/25,2025,0,0.22792688,0,0
1270796,Christ Tapé,24/25,2025,0,0.22785558,0,0
308989,Sergio González,24/25,2025,1,0.22769399,0,1
617141,Pavel Seleznev,24/25,2025,0,0.2275842,0,0
793721,Louis Schmidt,24/25,2025,0,0.22753526,0,0
126664,Lucas Digne,24/25,2025,0,0.22746508,0,0
118997,Aitor Fernández,24/25,2025,0,0.22740309,0,0
202886,Ruben Loftus-Cheek,24/25,2025,0,0.2271356,0,0
657155,Sidney Lima,24/25,2025,0,0.22705738,0,0
438311,Victor Stina,24/25,2025,1,0.22704431,0,1
1069532,Owen Cuddihy,24/25,2025,0,0.22700621,0,0
337799,Pedro Ferreira,24/25,2025,0,0.22694078,0,0
324214,Vasile Mogoș,24/25,2025,0,0.22674145,0,0
167480,Nicola Pavan,24/25,2025,0,0.22672717,0,0
329365,Luca Köbele,24/25,2025,0,0.22670653,0,0
1049728,Nicolas Previtali,24/25,2025,0,0.22666971,0,0
563963,Mohammed Salisu,24/25,2025,0,0.22649352,0,0
467434,Rocco Reitz,24/25,2025,0,0.22639892,0,0
38998,Marquitos,24/25,2025,0,0.22634715,0,0
272618,Teddy Bouriaud,24/25,2025,0,0.22629905,0,0
605454,Valdemar Sadrifar,24/25,2025,1,0.22589512,0,1
45228,Ryan Flynn,24/25,2025,0,0.22589459,0,0
517422,Simon Baekgaard,24/25,2025,0,0.22577037,0,0
974564,Winners Osawe,24/25,2025,0,0.22574615,0,0
1185914,Roberto Sandu,24/25,2025,0,0.22556002,0,0
495666,William Saliba,24/25,2025,0,0.22552367,0,0
519561,Ole Martin Kolskogen,24/25,2025,0,0.2255186,0,0
659649,Federico Casolari,24/25,2025,0,0.2253705,0,0
765105,Roman Mokrovics,24/25,2025,0,0.22521712,0,0
832896,Jack Wilkie,24/25,2025,0,0.22487131,0,0
528245,Dorian Cevis,24/25,2025,0,0.2247515,0,0
251322,Philipp Köhn,24/25,2025,0,0.22452803,0,0
334207,Maxim Leitsch,24/25,2025,0,0.2245212,0,0
1070979,Wael Mohya,24/25,2025,1,0.22436766,0,1
990883,Nick Cherny,24/25,2025,0,0.22426885,0,0
242086,Patrik Schick,24/25,2025,0,0.22378148,0,0
607854,Éderson,24/25,2025,0,0.22374566,0,0
692338,Devin Angleberger,24/25,2025,0,0.22374108,0,0
1041292,Osian Evans,24/25,2025,1,0.22370432,0,1
328985,Matteo Marotta,24/25,2025,0,0.22354537,0,0
163652,Jacopo Furlan,24/25,2025,0,0.22347939,0,0
78956,Driss Fettouhi,24/25,2025,0,0.2234401,0,0
185181,Michel Lieder,24/25,2025,0,0.22336696,0,0
254965,Sandro Lauper,24/25,2025,0,0.22332159,0,0
1118395,Pavel Kotlyarov,24/25,2025,0,0.22322544,0,0
512754,Maxence Carlier,24/25,2025,0,0.2231755,0,0
27992,Luka Modrić,24/25,2025,1,0.22308064,0,1
639237,Vedat Tunc,24/25,2025,0,0.222556,0,0
307183,Sirlord Conteh,24/25,2025,0,0.22236682,0,0
666167,Nicolas Ortegel,24/25,2025,1,0.22228195,0,1
157539,Konstantinos Fortounis,24/25,2025,0,0.2221601,0,0
477930,Rıdvan Yılmaz,24/25,2025,1,0.22200744,0,1
704156,Nicholas Gioacchini,24/25,2025,0,0.2219905,0,0
548802,John Liebelt,24/25,2025,0,0.22190188,0,0
223053,Quini,24/25,2025,0,0.22176997,0,0
726697,Cristian Devenish,24/25,2025,0,0.22151534,0,0
312678,Léo Duarte,24/25,2025,0,0.22151358,0,0
416380,Ragnar Ache,24/25,2025,1,0.2214529,0,1
404995,Davide Diaw,24/25,2025,0,0.22130987,0,0
567456,Andrea Bonetti,24/25,2025,0,0.22129962,0,0
88917,Ian Mackay,24/25,2025,1,0.22123887,0,1
565168,Aleksandr Mikhalenko,24/25,2025,0,0.22106177,0,0
451237,Laurin Tost,24/25,2025,0,0.22106005,0,0
989112,Veljko Milosavljevic,24/25,2025,1,0.22101314,0,1
357047,Gautier Larsonneur,24/25,2025,0,0.2208944,0,0
337383,Andrea Boffelli,24/25,2025,0,0.2203482,0,0
693412,Chinonso Offor,24/25,2025,1,0.22021471,0,1
956605,Zsombor Petroff,24/25,2025,0,0.21952939,0,0
61841,Adam Smith,24/25,2025,0,0.21888408,0,0
576024,Julián Alvarez,24/25,2025,0,0.21884722,0,0
95950,Graeme Shinnie,24/25,2025,0,0.21882188,0,0
124932,Francesco De Rose,24/25,2025,0,0.21873851,0,0
361074,Peer Koopmeiners,24/25,2025,0,0.21857369,0,0
800995,Ro-Zangelo Daal,24/25,2025,0,0.21840423,0,0
356236,Tomoki Iwata,24/25,2025,0,0.21821094,0,0
296359,Félix Eboa Eboa,24/25,2025,0,0.21790831,0,0
696822,Emir Kuhinja,24/25,2025,0,0.21779677,0,0
335245,Marc Navarro,24/25,2025,0,0.2177496,0,0
1049322,Rodrick Tcheuna,24/25,2025,0,0.217725,0,0
170911,Donovan Léon,24/25,2025,0,0.2173323,0,0
537171,Semuel Pizzignacco,24/25,2025,0,0.21725462,0,0
576033,Doğan Alemdar,24/25,2025,1,0.21717629,0,1
954090,Rayan Lutin,24/25,2025,0,0.21701035,0,0
927870,Niccolò Bianchi,24/25,2025,0,0.21699244,0,0
1055084,Nicolò Tordiglione,24/25,2025,1,0.21697137,0,1
936750,Pietro Tornaghi,24/25,2025,0,0.21685056,0,0
681935,Jonas Kühl,24/25,2025,0,0.21663028,0,0
637273,Mohammed Kamara,24/25,2025,0,0.21636996,0,0
148153,Lewis Dunk,24/25,2025,0,0.21619788,0,0
1075147,Lennart Karl,24/25,2025,1,0.2161245,0,1
632912,Salah Zakaria,24/25,2025,0,0.21612076,0,0
184260,Anders Holvad,24/25,2025,0,0.21607703,0,0
727585,Joel Torrance,24/25,2025,0,0.21606292,0,0
369162,Lamar Yarbrough,24/25,2025,0,0.21599402,0,0
717885,Marwane Kritta,24/25,2025,0,0.21579546,0,0
903414,Carlo Faedo,24/25,2025,0,0.21573378,0,0
808475,MT,24/25,2025,0,0.21568377,0,0
44698,Mário Camora,24/25,2025,0,0.215474,0,0
284270,Moritz Nicolas,24/25,2025,0,0.21546906,0,0
611861,Natan Girma,24/25,2025,0,0.21543394,0,0
623100,Sam Snaith,24/25,2025,1,0.21541592,0,1
153084,Leon Goretzka,24/25,2025,0,0.2153317,0,0
531253,Luke Cooper,24/25,2025,0,0.2152616,0,0
568242,Lachezar Kotev,24/25,2025,0,0.21523502,0,0
1116190,Daniel Richter,24/25,2025,1,0.21510996,0,1
718303,Ernest Poku,24/25,2025,1,0.21508287,0,1
567217,Ebrima Colley,24/25,2025,0,0.21503922,0,0
303308,Cihan Kahraman,24/25,2025,0,0.2149428,0,0
978808,Georgi Chorbadzhiyski,24/25,2025,0,0.21482565,0,0
299561,Adrian Chovan,24/25,2025,0,0.21444649,0,0
772349,Fabian Feiner,24/25,2025,0,0.21441513,0,0
425268,Liam Coyle,24/25,2025,0,0.21426873,0,0
228727,Pedro Miguel,24/25,2025,0,0.214106,0,0
694928,Samuel Lino,24/25,2025,1,0.2140789,0,1
330210,Dawid Gojny,24/25,2025,0,0.21402074,0,0
344001,Kelland Absalom,24/25,2025,0,0.21400702,0,0
515613,Marko Divković,24/25,2025,0,0.21382415,0,0
290533,Yann Bodiger,24/25,2025,1,0.21373753,0,1
425795,Callum Maycock,24/25,2025,0,0.21369231,0,0
374421,Marvin Lorch,24/25,2025,0,0.2136422,0,0
60220,Matej Delac,24/25,2025,0,0.21346147,0,0
146660,Ronaldo,24/25,2025,1,0.21322367,0,1
195911,João Oliveira,24/25,2025,0,0.21319817,0,0
453870,Benedict Hollerbach,24/25,2025,1,0.21306475,0,1
1209287,Jano Monserrate,24/25,2025,0,0.21296734,0,0
102017,Jorginho,24/25,2025,1,0.2129659,0,1
392966,Nadir Zortea,24/25,2025,1,0.21280509,0,1
413859,Mael Corboz,24/25,2025,0,0.21213467,0,0
931828,Tom Walters,24/25,2025,0,0.21202976,0,0
233656,Marek Havlík,24/25,2025,0,0.21177174,0,0
67886,Paulo Victor,24/25,2025,1,0.21159883,0,1
807418,Jude Arthurs,24/25,2025,0,0.21158476,0,0
1198833,Sergio Aragoneses,24/25,2025,1,0.21147576,0,1
696011,Pierre Nadjombe,24/25,2025,1,0.21131416,0,1
745601,Rafael Lubach,24/25,2025,0,0.2112279,0,0
214131,Artem Soroko,24/25,2025,0,0.21096632,0,0
183299,Callum Robinson,24/25,2025,0,0.2108765,0,0
667515,Ruben Davies,24/25,2025,0,0.21087307,0,0
381133,Pasqual Verkamp,24/25,2025,0,0.21066798,0,0
638631,Elijah Krahn,24/25,2025,0,0.21048659,0,0
690146,Amoro Diedhiou,24/25,2025,0,0.21046184,0,0
80435,Korey Smith,24/25,2025,0,0.21040322,0,0
980134,Maksim Samotoy,24/25,2025,0,0.2102231,0,0
719382,Matteo Waem,24/25,2025,0,0.20994282,0,0
308279,Rolando Mandragora,24/25,2025,0,0.20984767,0,0
423967,Michel Termanini,24/25,2025,1,0.209738,0,1
89086,Aleksandr Kokorin,24/25,2025,0,0.20972657,0,0
345095,Almoez Ali,24/25,2025,0,0.20970069,0,0
720934,Ivan Mikhnyuk,24/25,2025,0,0.20969336,0,0
40617,Sam Hutchinson,24/25,2025,0,0.20941004,0,0
941080,Jon García,24/25,2025,0,0.20903127,0,0
333666,Dominik Lanius,24/25,2025,0,0.20883702,0,0
481091,Silas Gnaka,24/25,2025,0,0.20873122,0,0
1023784,Robert Kampa,24/25,2025,0,0.20849484,0,0
254683,Giorgio Conrotto,24/25,2025,1,0.20808795,0,1
198410,Adrian Dabasse,24/25,2025,0,0.2079686,0,0
1069757,Jasper Payne,24/25,2025,1,0.20787986,0,1
316264,Martin Ødegaard,24/25,2025,0,0.20771433,0,0
311730,Tarek Salman,24/25,2025,0,0.20759544,0,0
479999,Eberechi Eze,24/25,2025,1,0.20744923,0,1
295764,Aschraf El Mahdioui,24/25,2025,0,0.20717782,0,0
798040,Niklas Tepe,24/25,2025,0,0.20670952,0,0
615930,Matei Ilie,24/25,2025,0,0.2066599,0,0
371150,Loïc Bessilé,24/25,2025,0,0.20660521,0,0
120300,Ivan Knezevic,24/25,2025,0,0.20656323,0,0
319306,Lewis Thomas,24/25,2025,0,0.20616557,0,0
490609,Lasse Rieß,24/25,2025,0,0.20557219,0,0
171033,Anatoli Gospodinov,24/25,2025,0,0.20547764,0,0
860658,Holger Bux,24/25,2025,0,0.20528455,0,0
946385,Arseniy Skopets,24/25,2025,0,0.20512134,0,0
109855,Tim Paterok,24/25,2025,0,0.20495199,0,0
915269,Vladislav Drapeza,24/25,2025,1,0.2049268,0,1
607494,Elario Ghassan,24/25,2025,0,0.20491895,0,0
640556,Rav van den Berg,24/25,2025,1,0.20488907,0,1
96539,Marc Mateu,24/25,2025,1,0.20485038,0,1
1088420,Michele Sasso,24/25,2025,1,0.20481136,0,1
1058392,Lorenzo Grilli,24/25,2025,0,0.20460904,0,0
319723,Tornike Gaprindashvili,24/25,2025,0,0.20429459,0,0
580027,Luca Connell,24/25,2025,0,0.20407079,0,0
189640,Michal Travnik,24/25,2025,0,0.20401728,0,0
501087,Soufiane Messeguem,24/25,2025,0,0.20397906,0,0
182877,Anthony Martial,24/25,2025,1,0.20393176,0,1
76158,Alexander Meyer,24/25,2025,0,0.20390244,0,0
649053,Ashley Charles,24/25,2025,0,0.20374079,0,0
67797,Milan Borjan,24/25,2025,0,0.20359616,0,0
40680,Sven Ulreich,24/25,2025,0,0.20355959,0,0
1031551,Lorenzo Maasland,24/25,2025,0,0.20323674,0,0
51227,Dame Traoré,24/25,2025,0,0.2029496,0,0
502893,Denzel Jubitana,24/25,2025,0,0.2026663,0,0
994604,Matai Akinmboni,24/25,2025,0,0.20248163,0,0
693125,Liam Higgins,24/25,2025,0,0.20194057,0,0
548937,Evan Rottier,24/25,2025,0,0.20182046,0,0
918867,Zack Clarke,24/25,2025,1,0.20169461,0,1
887638,Davide Bartesaghi,24/25,2025,1,0.20149091,0,1
608165,Ben Dempsey,24/25,2025,0,0.20142008,0,0
429915,Maxim De Cuyper,24/25,2025,1,0.20128898,0,1
449860,Filippo Pirola,24/25,2025,0,0.20108046,0,0
335587,Philipp Hanke,24/25,2025,0,0.2010342,0,0
336928,Alessio Milillo,24/25,2025,0,0.20091458,0,0
265289,Alberto Jiménez,24/25,2025,0,0.20075348,0,0
268250,Bonifác Csonka,24/25,2025,0,0.2007157,0,0
577832,Jesper Ceesay,24/25,2025,1,0.2006816,0,1
746712,Pietro Comuzzo,24/25,2025,0,0.20061935,0,0
461019,Samuele Birindelli,24/25,2025,0,0.20050056,0,0
701055,Anton Gaaei,24/25,2025,0,0.20049392,0,0
987355,Lucas Jetten,24/25,2025,0,0.20036004,0,0
275937,Emil Viyachki,24/25,2025,0,0.20033263,0,0
726668,Tadeas Hajovsky,24/25,2025,0,0.20027295,0,0
94964,Bentley Baxter Bahn,24/25,2025,0,0.19994658,0,0
415381,Mats Wieffer,24/25,2025,0,0.19990791,0,0
140712,Lukas Scepanik,24/25,2025,0,0.19979247,0,0
610570,Julián Bartolo,24/25,2025,0,0.19978715,0,0
934202,Raffaele Romano,24/25,2025,1,0.19952388,0,1
400653,Jan Matousek,24/25,2025,0,0.19903862,0,0
410787,Joël Monteiro,24/25,2025,0,0.19844463,0,0
442816,Fran Gámez,24/25,2025,1,0.19822931,0,1
1108253,Dimitar Papazov,24/25,2025,0,0.19759236,0,0
395118,Pietro Fusi,24/25,2025,0,0.19738111,0,0
253905,Grego Sierra,24/25,2025,0,0.19737546,0,0
43300,Ciprian Deac,24/25,2025,0,0.19735391,0,0
738046,Ismael Mansaray,24/25,2025,1,0.19722103,0,1
1066213,Asier Bonel,24/25,2025,1,0.19716753,0,1
182682,Lefteris Choutesiotis,24/25,2025,0,0.19703853,0,0
65302,Pau Torres,24/25,2025,0,0.19687451,0,0
46083,Domagoj Vida,24/25,2025,0,0.19684297,0,0
284959,Marc Roberts,24/25,2025,0,0.19662066,0,0
169687,Nikolaos Papadopoulos,24/25,2025,0,0.19639826,0,0
714488,Daniel Monga,24/25,2025,0,0.19628197,0,0
159088,Robert Andrich,24/25,2025,0,0.19605224,0,0
484160,Alex Sposito,24/25,2025,1,0.19586872,0,1
940740,Ivan Grudko,24/25,2025,0,0.19575037,0,0
724104,Fabio Chiarodia,24/25,2025,0,0.19559869,0,0
233782,Aïssa Laïdouni,24/25,2025,0,0.19556722,0,0
951643,Zakhar Gitselev,24/25,2025,0,0.19532642,0,0
351181,Yusuf,24/25,2025,0,0.19504602,0,0
425334,Matty Cash,24/25,2025,0,0.19473024,0,0
613192,Jens Castrop,24/25,2025,1,0.19470504,0,1
303254,Fikayo Tomori,24/25,2025,0,0.19469665,0,0
334999,Finn Becker,24/25,2025,1,0.19462451,0,1
679903,Ryoya Morishita,24/25,2025,1,0.19454531,0,1
119472,Milan Heca,24/25,2025,0,0.1944147,0,0
148215,Nicky Devlin,24/25,2025,0,0.1943644,0,0
207302,Sergio Rico,24/25,2025,0,0.19429265,0,0
334042,Orbelín Pineda,24/25,2025,0,0.19423634,0,0
151636,Marlon Ritter,24/25,2025,0,0.19410756,0,0
558133,Kyle Harrison,24/25,2025,1,0.19406046,0,1
225676,Adam Lundkvist,24/25,2025,0,0.1940428,0,0
418651,Yahia Fofana,24/25,2025,1,0.19397937,0,1
118244,Sean McGinty,24/25,2025,1,0.19376537,0,1
141050,Danilo Pereira,24/25,2025,0,0.19372396,0,0
585700,Juan Cruz,24/25,2025,0,0.19366345,0,0
392761,Zech Medley,24/25,2025,0,0.19314466,0,0
469781,Marcos Senesi,24/25,2025,0,0.19313486,0,0
347253,Dany Mota,24/25,2025,0,0.19259821,0,0
614498,Fabio Cortinovis,24/25,2025,1,0.19258574,0,1
607720,Jonas Urbig,24/25,2025,0,0.19238162,0,0
164729,Panagiotis Tsintotas,24/25,2025,0,0.19236574,0,0
357662,Declan Rice,24/25,2025,0,0.19218923,0,0
185869,Grant Smith,24/25,2025,0,0.19187824,0,0
656159,Julius Madsen,24/25,2025,0,0.19183072,0,0
104223,Jordy Clasie,24/25,2025,0,0.19173914,0,0
503987,Noni Madueke,24/25,2025,1,0.19152164,0,1
682719,Simão Rocha,24/25,2025,0,0.191381,0,0
284165,Steven Bergwijn,24/25,2025,0,0.19133249,0,0
702441,Sinaly Diomandé,24/25,2025,0,0.19122489,0,0
1183953,Luca Gobbo,24/25,2025,0,0.19116391,0,0
341481,Lorenzo Libutti,24/25,2025,0,0.19108814,0,0
689892,Ben Jackson,24/25,2025,0,0.1909449,0,0
1130619,Jónatan Gudni Arnarsson,24/25,2025,0,0.19076681,0,0
609887,Alex Robertson,24/25,2025,0,0.19043423,0,0
196095,Luca Waldschmidt,24/25,2025,0,0.19039275,0,0
874376,Brooklyn Ilunga,24/25,2025,0,0.19030818,0,0
421984,Vaclav Drchal,24/25,2025,0,0.19011565,0,0
875631,Sanders Ngabo,24/25,2025,1,0.19002454,0,1
1186932,Edoardo Zanchi,24/25,2025,0,0.19000459,0,0
481834,Andrea Carboni,24/25,2025,0,0.1899187,0,0
987366,Aaron Bouwman,24/25,2025,0,0.1896363,0,0
250490,Christian Fassnacht,24/25,2025,0,0.18924473,0,0
352223,Israel Suero,24/25,2025,0,0.18922636,0,0
776737,Joselito,24/25,2025,0,0.18920207,0,0
392569,Gabriele Zappa,24/25,2025,0,0.18875411,0,0
258032,Yuri Ribeiro,24/25,2025,0,0.18849365,0,0
671057,Rio Dyer,24/25,2025,0,0.18848902,0,0
299471,Ryan Johnson,24/25,2025,0,0.18841107,0,0
56066,Enzo Pérez,24/25,2025,0,0.18815376,0,0
459231,Francesco Cerretelli,24/25,2025,0,0.18812442,0,0
457235,Unknown Player,24/25,2025,0,0.18811646,0,0
210631,Davide Zagnoni,24/25,2025,0,0.18809494,0,0
111038,Dennis Appiah,24/25,2025,0,0.18807217,0,0
525113,Jérémy Mellot,24/25,2025,1,0.18772997,0,1
450945,Ivan Zhestkin,24/25,2025,0,0.18771231,0,0
503865,Alexander Jensen,24/25,2025,0,0.1876439,0,0
704772,Rome-Jayden Owusu-Oduro,24/25,2025,0,0.18757653,0,0
73564,Jason Steele,24/25,2025,0,0.18757434,0,0
297277,Aidan Wilson,24/25,2025,0,0.18730518,0,0
314362,Hayden Coulson,24/25,2025,0,0.1872994,0,0
1250836,Riccardo Ori,24/25,2025,1,0.18719491,0,1
420811,George Tanner,24/25,2025,0,0.1871555,0,0
548935,Steven van der Sloot,24/25,2025,0,0.18689415,0,0
787152,Veit Stange,24/25,2025,0,0.18678501,0,0
595653,Anton Dowds,24/25,2025,0,0.18667942,0,0
236467,Till Schumacher,24/25,2025,0,0.18662229,0,0
1065441,Carlos Lumbreras,24/25,2025,0,0.18603234,0,0
631002,Raúl García,24/25,2025,0,0.18600243,0,0
38340,Ivelin Popov,24/25,2025,1,0.18587908,0,1
344395,Jorge Fernandes,24/25,2025,0,0.18567505,0,0
669569,Nicolo Baldani,24/25,2025,0,0.18539198,0,0
815237,Tony Reitz,24/25,2025,0,0.18532479,0,0
680906,Mustapha Gbolahan Salami,24/25,2025,0,0.18510646,0,0
804936,Eskil Edh,24/25,2025,0,0.18485187,0,0
255755,Alex Telles,24/25,2025,0,0.18455198,0,0
236981,Timo Hübers,24/25,2025,0,0.1844349,0,0
559333,Kian Fitz-Jim,24/25,2025,0,0.1840497,0,0
620834,Joel Bichsel,24/25,2025,0,0.18403244,0,0
357992,Raoul Bellanova,24/25,2025,0,0.1838697,0,0
124415,Hasan Pepic,24/25,2025,0,0.18370385,0,0
79045,Jeroen Zoet,24/25,2025,0,0.18362492,0,0
454863,András Schäfer,24/25,2025,0,0.18354404,0,0
955427,Henry Camara,24/25,2025,0,0.18351273,0,0
1268641,Alesandro Nikolov,24/25,2025,0,0.18325163,0,0
1155804,Emre Ünüvar,24/25,2025,0,0.18324903,0,0
334822,David Lischka,24/25,2025,0,0.18321939,0,0
164830,Márió Németh,24/25,2025,0,0.18321307,0,0
77563,Samuel Sahin-Radlinger,24/25,2025,0,0.1830518,0,0
996897,Diego Gómez,24/25,2025,0,0.18301815,0,0
826795,Dariusz Stalmach,24/25,2025,0,0.18228652,0,0
1015829,Tugra Turhan,24/25,2025,1,0.1822385,0,1
373191,Flávio,24/25,2025,0,0.18208684,0,0
547382,Cameron Pring,24/25,2025,0,0.18178634,0,0
432116,Noah Lewis,24/25,2025,0,0.18172768,0,0
61887,Federico Macheda,24/25,2025,0,0.18160985,0,0
484389,Kell Watts,24/25,2025,0,0.18150575,0,0
663128,Luka Damjanovic,24/25,2025,1,0.18130772,0,1
200512,Sadio Mané,24/25,2025,0,0.1812305,0,0
726114,Mario Mitaj,24/25,2025,0,0.1811416,0,0
111811,Florent Hanin,24/25,2025,0,0.18109341,0,0
659813,Piero Hincapié,24/25,2025,1,0.18093868,0,1
528618,Leon Gino Schmidt,24/25,2025,0,0.18093462,0,0
408311,Andrea Delcarro,24/25,2025,0,0.18091655,0,0
345586,Kasper Lunding,24/25,2025,0,0.18084997,0,0
577394,Denso Kasius,24/25,2025,0,0.17993438,0,0
798043,Tom Rothe,24/25,2025,0,0.17974557,0,0
63463,Daniel Wass,24/25,2025,0,0.17923181,0,0
293367,Nicolás Schiavi,24/25,2025,0,0.17914811,0,0
223035,Gigli Ndefe,24/25,2025,0,0.17902607,0,0
339023,Matty Stevens,24/25,2025,0,0.17877184,0,0
1100514,Yulian Gilov,24/25,2025,0,0.17872936,0,0
419723,Elias Cobbaut,24/25,2025,0,0.178525,0,0
939870,Jef Tchouangue,24/25,2025,0,0.17838687,0,0
191903,Ferjani Sassi,24/25,2025,0,0.17832142,0,0
340700,Ivan Prtajin,24/25,2025,1,0.17831716,0,1
766538,Ermek Kenzhebaev,24/25,2025,1,0.17818093,0,1
281900,Paolo Bartolomei,24/25,2025,0,0.17809425,0,0
160630,Alessandro Ligi,24/25,2025,0,0.17793897,0,0
504153,Joe Scally,24/25,2025,0,0.1778894,0,0
1104610,Nikita Neskoromnyi,24/25,2025,0,0.1773419,0,0
487428,Nikola Tavares,24/25,2025,0,0.17733718,0,0
124507,Fabian Menig,24/25,2025,0,0.17701653,0,0
723614,Francesco D'Alessio,24/25,2025,0,0.17688163,0,0
1035971,Antoni Franke,24/25,2025,0,0.17687893,0,0
408563,Jerome Opoku,24/25,2025,0,0.17678544,0,0
629588,Nathan Ngoumou,24/25,2025,0,0.17674659,0,0
51569,Sasa Strujic,24/25,2025,0,0.17654942,0,0
652054,Martin Vitík,24/25,2025,1,0.17652747,0,1
284346,Phillip Menzel,24/25,2025,0,0.17610131,0,0
396429,Diogo Calila,24/25,2025,0,0.17534167,0,0
564545,Edmond Tapsoba,24/25,2025,0,0.17527063,0,0
268957,José Matos,24/25,2025,1,0.17481908,0,1
474152,Valeriy Potorocha,24/25,2025,1,0.17473643,0,1
668951,Matías Soulé,24/25,2025,0,0.17426,0,0
134424,Nick Powell,24/25,2025,1,0.17409152,0,1
684173,Ryan Glover,24/25,2025,0,0.17405501,0,0
364409,Gabriel Osho,24/25,2025,1,0.17401572,0,1
412474,Frankie Musonda,24/25,2025,1,0.17398614,0,1
293134,Mikkel Kallesøe,24/25,2025,1,0.17357871,0,1
397171,Gideon Mensah,24/25,2025,0,0.17330822,0,0
929132,Jeremiah Esajas,24/25,2025,0,0.17326258,0,0
404387,Joe Lewis,24/25,2025,0,0.172997,0,0
704593,Galymzhan Kenzhebek,24/25,2025,1,0.17291537,0,1
464530,Theocharis Tsingaras,24/25,2025,0,0.17274876,0,0
136514,Charalampos Lykogiannis,24/25,2025,0,0.17240824,0,0
418561,Kristoffer Klaesson,24/25,2025,0,0.17218639,0,0
354061,Lukas Malicsek,24/25,2025,0,0.17195544,0,0
597000,Eric Martel,24/25,2025,0,0.1718905,0,0
912438,Tim Müller,24/25,2025,0,0.17187196,0,0
351809,Robin Le Normand,24/25,2025,0,0.17181501,0,0
334526,Denis Zakaria,24/25,2025,0,0.17136212,0,0
520815,Ousseynou Ba,24/25,2025,0,0.17128775,0,0
307664,Marko Raguz,24/25,2025,0,0.17101902,0,0
286297,Lorenzo Pellegrini,24/25,2025,0,0.17070584,0,0
740550,Vladislav Davydov,24/25,2025,0,0.17056283,0,0
812783,Karlo Lusavec,24/25,2025,0,0.17050241,0,0
708635,Lorenzo Bernasconi,24/25,2025,0,0.17035148,0,0
810833,Arda Süne,24/25,2025,0,0.17024913,0,0
404688,Waldo Rubio,24/25,2025,1,0.1701315,0,1
906969,Daniel Gleiber,24/25,2025,1,0.16978317,0,1
82350,Stefan Bell,24/25,2025,0,0.16948017,0,0
455600,Corey Whitely,24/25,2025,0,0.16940701,0,0
931376,Ondrej Lilling,24/25,2025,0,0.16939647,0,0
704338,Paolo Chierichetti,24/25,2025,0,0.16935848,0,0
193082,Alejandro Grimaldo,24/25,2025,0,0.16922,0,0
572879,Stavros Pilios,24/25,2025,0,0.16920725,0,0
577381,Unknown Player,24/25,2025,1,0.16920476,0,1
391903,Emir Azemovic,24/25,2025,0,0.1691587,0,0
507345,Leonidas Stergiou,24/25,2025,0,0.16865376,0,0
1005997,Nicolò Baldo,24/25,2025,0,0.16861309,0,0
627208,Andres Jasson,24/25,2025,0,0.16842729,0,0
179757,Maximiliano Olivera,24/25,2025,0,0.16811824,0,0
486464,Max Bird,24/25,2025,0,0.16788302,0,0
1106982,Seydou Sano,24/25,2025,0,0.16753778,0,0
152093,Anderson Correia,24/25,2025,0,0.1674285,0,0
731138,Aleksey Abramov,24/25,2025,0,0.16732387,0,0
806948,Frank Feller,24/25,2025,0,0.16730921,0,0
212847,Adam Webster,24/25,2025,0,0.16706671,0,0
67063,Danny Welbeck,24/25,2025,0,0.16697638,0,0
198709,Cédric Hountondji,24/25,2025,1,0.16692689,0,1
716104,Lassana Mendes,24/25,2025,0,0.16641161,0,0
1136742,Nikita Ovsyanik,24/25,2025,0,0.16624612,0,0
646707,Wouter Goes,24/25,2025,0,0.16609626,0,0
380350,Igor Julio,24/25,2025,1,0.1660195,0,1
738514,Tristan Kuijsten,24/25,2025,1,0.16593826,0,1
99343,Ander Herrera,24/25,2025,0,0.16580018,0,0
284604,Unknown Player,24/25,2025,0,0.16571736,0,0
370683,Andreas Hanche-Olsen,24/25,2025,0,0.16568555,0,0
314820,Keiran Williams,24/25,2025,0,0.16523308,0,0
731130,Nikita Patsenko,24/25,2025,0,0.16488294,0,0
110036,Dominique Heintz,24/25,2025,0,0.16486153,0,0
818906,Yoan Bornosuzov,24/25,2025,0,0.16486128,0,0
503743,Morgan Rogers,24/25,2025,0,0.16457736,0,0
250686,Bjørn Johnsen,24/25,2025,0,0.16445999,0,0
94201,Robin Knoche,24/25,2025,0,0.16432577,0,0
314241,Josh Laurent,24/25,2025,0,0.16429251,0,0
371003,Ante Palaversa,24/25,2025,0,0.16409054,0,0
269093,Manfred Fischer,24/25,2025,0,0.16402575,0,0
410696,Anthony Landázuri,24/25,2025,0,0.164005,0,0
346849,Christoph Klarer,24/25,2025,0,0.1637791,0,0
229004,Moussa Dembélé,24/25,2025,0,0.16377169,0,0
253210,Nicolai Poulsen,24/25,2025,0,0.16376299,0,0
309398,David Grözinger,24/25,2025,1,0.16373609,0,1
416809,Daniel Hanslik,24/25,2025,0,0.16368203,0,0
21101,Milan Petrzela,24/25,2025,1,0.16364379,0,1
346073,Justin Bretgeld,24/25,2025,0,0.16357236,0,0
129554,Steven Berghuis,24/25,2025,0,0.16329189,0,0
1071956,Emmanuel Biumla,24/25,2025,0,0.16323277,0,0
826724,Danila Sokol,24/25,2025,0,0.16311443,0,0
250768,Ross White,24/25,2025,0,0.16286,0,0
485585,Ian Maatsen,24/25,2025,0,0.16280879,0,0
290552,Qazim Laci,24/25,2025,1,0.16280413,0,1
1329955,Osian Ellis,24/25,2025,0,0.16248742,0,0
1034079,Gabriel Zlatanov,24/25,2025,0,0.16199253,0,0
399776,Pau Torres,24/25,2025,0,0.16180645,0,0
657575,Abubakr Barry,24/25,2025,0,0.16166419,0,0
85543,Niklas Lomb,24/25,2025,0,0.16152555,0,0
371686,Carlens Arcus,24/25,2025,0,0.16142334,0,0
1143676,Luca Messori,24/25,2025,0,0.16142,0,0
482792,Simone Rabbi,24/25,2025,0,0.16091059,0,0
215864,Mijat Gacinovic,24/25,2025,0,0.16083007,0,0
309400,Kai Havertz,24/25,2025,0,0.1606025,0,0
235275,Jordi Vanlerberghe,24/25,2025,0,0.16037218,0,0
213854,Cedric Gondo,24/25,2025,0,0.16035314,0,0
593381,Unknown Player,24/25,2025,0,0.16026737,0,0
692608,Ben Engdahl,24/25,2025,0,0.16020295,0,0
223972,Patrick Pentz,24/25,2025,0,0.1600917,0,0
82112,Julian Riedel,24/25,2025,0,0.16004713,0,0
238722,Dominik Reimann,24/25,2025,0,0.15995066,0,0
671649,Álvaro Djaló,24/25,2025,1,0.15956958,0,1
328658,Kristoffer Ajer,24/25,2025,0,0.15940338,0,0
1259900,Eyyüb Yasar,24/25,2025,0,0.15936132,0,0
891379,Nordine Kandil,24/25,2025,0,0.15922223,0,0
574671,Strahinja Pavlović,24/25,2025,0,0.15919395,0,0
866609,Luke Gauer,24/25,2025,0,0.15917751,0,0
175722,Eric Dier,24/25,2025,1,0.15916248,0,1
904790,Mark Verkuijl,24/25,2025,0,0.15879379,0,0
163606,Alessio Vita,24/25,2025,0,0.15862736,0,0
161072,Baris Atik,24/25,2025,0,0.15841928,0,0
195611,Alexander Siebeck,24/25,2025,0,0.158273,0,0
121267,Connor Roberts,24/25,2025,1,0.15820968,0,1
581357,Jan Schöppner,24/25,2025,0,0.1578879,0,0
404604,Patrik Blahut,24/25,2025,0,0.15756297,0,0
823075,Lewis Rees,24/25,2025,0,0.15753254,0,0
46413,Ante Budimir,24/25,2025,0,0.15749829,0,0
675278,Eric Kahl,24/25,2025,0,0.15722658,0,0
617754,Mylian Jiménez,24/25,2025,1,0.15700948,0,1
29559,Guillermo Ochoa,24/25,2025,1,0.1566773,0,1
696028,Noah Pesch,24/25,2025,1,0.15661989,0,1
591949,Aaron Hickey,24/25,2025,0,0.15651149,0,0
385185,Rico Wehrle,24/25,2025,0,0.15635784,0,0
1111063,Sean Steur,24/25,2025,0,0.15616888,0,0
271773,Franz Brorsson,24/25,2025,1,0.15608901,0,1
65072,Juan Manuel Insaurralde,24/25,2025,0,0.15595758,0,0
90035,Kristinn Jónsson,24/25,2025,0,0.15581298,0,0
331963,Filip Panák,24/25,2025,0,0.15580203,0,0
925986,Vladislav Ignatjev,24/25,2025,0,0.15575758,0,0
768911,Ivan Sanko,24/25,2025,0,0.15571712,0,0
260657,Erik Wekesser,24/25,2025,0,0.15567741,0,0
704147,Dean McMaster,24/25,2025,0,0.1551777,0,0
1082485,Dylan Watret,24/25,2025,0,0.1549189,0,0
587333,Sekou Sylla,24/25,2025,0,0.15484945,0,0
169497,Juan Cruz,24/25,2025,0,0.15484424,0,0
414799,Lewis Strapp,24/25,2025,0,0.1545017,0,0
1200313,Clayton Diandy,24/25,2025,0,0.15426484,0,0
257814,Gregor Kobel,24/25,2025,0,0.15419644,0,0
493038,Maximilian Schütt,24/25,2025,0,0.15407303,0,0
177821,Daryl van Mieghem,24/25,2025,0,0.1539295,0,0
199221,Andreas Linde,24/25,2025,0,0.15387525,0,0
496650,George Ratcliffe,24/25,2025,1,0.15381254,0,1
248393,Peter Olayinka,24/25,2025,0,0.15361619,0,0
463792,Luca Gemello,24/25,2025,0,0.15344286,0,0
1081951,Ilian Antonov,24/25,2025,0,0.15315571,0,0
388409,Philipp Sander,24/25,2025,0,0.15282139,0,0
185467,Jake Reeves,24/25,2025,0,0.15267341,0,0
237141,Benedikt Kirsch,24/25,2025,0,0.15260755,0,0
562409,Afeez Aremu,24/25,2025,0,0.15247162,0,0
1067439,Fritz Fleck,24/25,2025,0,0.15229723,0,0
829249,Justus Götze,24/25,2025,0,0.15226993,0,0
242469,Mario Gargiulo,24/25,2025,1,0.15210155,0,1
193116,John McGinn,24/25,2025,0,0.15204163,0,0
87422,Valentin Roberge,24/25,2025,0,0.15202051,0,0
257437,Rob Dickie,24/25,2025,0,0.15179448,0,0
346561,Luca Ranieri,24/25,2025,0,0.15166043,0,0
210178,Pablo Marí,24/25,2025,0,0.15158994,0,0
813137,Niccolò Pisilli,24/25,2025,0,0.15135674,0,0
8198,Cristiano Ronaldo,24/25,2025,0,0.15110809,0,0
879236,Zé Vítor,24/25,2025,0,0.15104188,0,0
433177,Bukayo Saka,24/25,2025,0,0.15081477,0,0
341466,Tobias Mölgaard,24/25,2025,0,0.15054876,0,0
333516,Sebastian Vasiliadis,24/25,2025,0,0.15046595,0,0
181373,Antoine Conte,24/25,2025,0,0.1503687,0,0
776880,Lev Lenssen,24/25,2025,1,0.15001051,0,1
942065,Julian Oerip,24/25,2025,0,0.14988573,0,0
70019,Seamus Conneely,24/25,2025,0,0.14975402,0,0
146752,Gianluca Caprari,24/25,2025,0,0.1496471,0,0
576430,Dmitriy Kaplunov,24/25,2025,0,0.14951678,0,0
201731,Lukas Wedl,24/25,2025,0,0.14949335,0,0
223727,Godswill Ekpolo,24/25,2025,0,0.14945234,0,0
695644,Jean Hugonet,24/25,2025,0,0.14940462,0,0
73269,Javier Matilla,24/25,2025,0,0.1493035,0,0
967523,Aaron Reid,24/25,2025,0,0.14884597,0,0
133179,Marten de Roon,24/25,2025,0,0.14879361,0,0
150462,Alessandro Salvi,24/25,2025,0,0.14872038,0,0
262396,Unai Simón,24/25,2025,0,0.14870267,0,0
348431,Cazim Suljic,24/25,2025,0,0.14868696,0,0
277179,Angeliño,24/25,2025,0,0.14862409,0,0
456838,Eliot Evans,24/25,2025,0,0.14857571,0,0
212430,Diamantis Chouchoumis,24/25,2025,1,0.1485303,0,1
216399,Philipp Hercher,24/25,2025,0,0.14845933,0,0
592387,Sebastian Sebulonsen,24/25,2025,1,0.14831021,0,1
580195,Jamal Musiala,24/25,2025,0,0.14820129,0,0
213260,Rubén García,24/25,2025,0,0.14804326,0,0
156617,Marcelo Brozović,24/25,2025,0,0.14795627,0,0
988406,Kasper Boogaard,24/25,2025,0,0.14776953,0,0
435338,Gabriel Magalhães,24/25,2025,0,0.14742298,0,0
646189,Topi Keskinen,24/25,2025,0,0.14730673,0,0
595936,Misha Engel,24/25,2025,1,0.14730273,0,1
937952,Javier Fernández,24/25,2025,0,0.14711569,0,0
192635,Nico Elvedi,24/25,2025,0,0.14698526,0,0
332341,Todd Cantwell,24/25,2025,0,0.14664899,0,0
110928,Lorenzo Crisetig,24/25,2025,0,0.1465868,0,0
227089,Matthias Köbbing,24/25,2025,0,0.14651382,0,0
74952,Tomas Tujvel,24/25,2025,0,0.14647922,0,0
147131,Javier Cabrera,24/25,2025,0,0.14640824,0,0
456844,Adam Roscrow,24/25,2025,0,0.14570208,0,0
315777,Matthew Olosunde,24/25,2025,1,0.14567462,0,1
254997,Francesco Salvemini,24/25,2025,1,0.1456489,0,1
517402,Bjarne Pudel,24/25,2025,0,0.14560314,0,0
323611,Sigitas Olberkis,24/25,2025,0,0.14542928,0,0
554903,Mateo Retegui,24/25,2025,1,0.14537174,0,1
634131,Aimar Oroz,24/25,2025,0,0.14507693,0,0
51510,Ángel Rodríguez,24/25,2025,1,0.14482237,0,1
165793,Takumi Minamino,24/25,2025,0,0.14459871,0,0
483916,Lazaros Rota,24/25,2025,0,0.14459868,0,0
542469,Lumbardh Dellova,24/25,2025,0,0.14454404,0,0
724532,Sinclair Armstrong,24/25,2025,0,0.14436309,0,0
386505,James Brophy,24/25,2025,0,0.14427508,0,0
717241,Aleksandar Buchkov,24/25,2025,0,0.14402923,0,0
616631,Matteo Ruggeri,24/25,2025,1,0.1437444,0,1
395230,Hakim Guenouche,24/25,2025,0,0.14330064,0,0
538977,Georginio Rutter,24/25,2025,0,0.14287291,0,0
125714,Mark Flekken,24/25,2025,1,0.14285305,0,1
468249,Vitinho,24/25,2025,0,0.14283559,0,0
543093,Josh Neufville,24/25,2025,1,0.14240918,0,1
517376,Yusuf Sarı,24/25,2025,0,0.1423888,0,0
425239,Alessandro Capelli,24/25,2025,0,0.14217038,0,0
467537,Callum Roberts,24/25,2025,1,0.1421468,0,1
339151,Sven Sonnenberg,24/25,2025,0,0.14200826,0,0
59032,Aleksandar Dragovic,24/25,2025,0,0.1419249,0,0
810895,Eliesse Ben Seghir,24/25,2025,1,0.14142038,0,1
340322,Nathan Tella,24/25,2025,0,0.1414194,0,0
229006,Franck Honorat,24/25,2025,0,0.1413941,0,0
962149,Ousmane Diallo,24/25,2025,0,0.14134876,0,0
272845,Laurin von Piechowski,24/25,2025,0,0.14097771,0,0
927768,Lucas Pires,24/25,2025,0,0.14096549,0,0
148355,Jens Jönsson,24/25,2025,0,0.14077026,0,0
822917,Adam Davies,24/25,2025,0,0.14046802,0,0
543382,Mohamed Camara,24/25,2025,0,0.14042561,0,0
160963,Robin Zentner,24/25,2025,0,0.14033173,0,0
173859,Davide Zappacosta,24/25,2025,0,0.14022744,0,0
924114,Dustin Forkel,24/25,2025,1,0.13997433,0,1
332705,Tyler Adams,24/25,2025,0,0.13977352,0,0
187492,Julian Brandt,24/25,2025,0,0.13958521,0,0
61651,Jordan Henderson,24/25,2025,1,0.1395759,0,1
205809,Marcus Rohdén,24/25,2025,0,0.13951218,0,0
1005240,Christian Mawissa,24/25,2025,0,0.13946863,0,0
1050212,Nayrobi Vargas,24/25,2025,0,0.13934174,0,0
906570,Dennis Azakir,24/25,2025,0,0.13930275,0,0
1066953,Mateo Chávez,24/25,2025,1,0.13921942,0,1
1268640,Petko Panayotov,24/25,2025,0,0.13917981,0,0
851725,Ivan Tasev,24/25,2025,0,0.13906582,0,0
1170813,Javison Idele,24/25,2025,0,0.1390254,0,0
129558,Sam Walker,24/25,2025,0,0.13893399,0,0
177779,Janik Haberer,24/25,2025,0,0.13873486,0,0
453016,Anthony Caci,24/25,2025,0,0.13843249,0,0
448027,Florian Kleinhansl,24/25,2025,0,0.138276,0,0
559319,Kilian Nikièma,24/25,2025,0,0.13793422,0,0
118050,Aleksandr Skshinetskiy,24/25,2025,0,0.13790798,0,0
66501,Robbie Willmott,24/25,2025,0,0.1378457,0,0
412629,Filip Vasko,24/25,2025,0,0.13778897,0,0
413565,Jhon Lucumí,24/25,2025,0,0.13762356,0,0
446625,Alexander Nollenberger,24/25,2025,0,0.13761705,0,0
33829,José Fonte,24/25,2025,0,0.13761324,0,0
658530,Jonas Jensen-Abbew,24/25,2025,0,0.13734451,0,0
132098,Harry Kane,24/25,2025,0,0.13725762,0,0
128886,András Horváth,24/25,2025,0,0.13654952,0,0
289846,Ashley Fletcher,24/25,2025,0,0.13645753,0,0
453807,Vincent Müller,24/25,2025,0,0.13627985,0,0
1100752,Vasil Kaymakanov,24/25,2025,0,0.13606411,0,0
171696,Marco Perrotta,24/25,2025,0,0.1354809,0,0
296897,Patrick Sontheimer,24/25,2025,0,0.13546167,0,0
211345,Mansur,24/25,2025,0,0.13540553,0,0
148367,Christian Nørgaard,24/25,2025,1,0.13534625,0,1
166601,Niklas Süle,24/25,2025,0,0.13515192,0,0
395695,Elisha Owusu,24/25,2025,0,0.1348192,0,0
728478,Gavin Molloy,24/25,2025,0,0.1346621,0,0
170962,Nicolas Saint-Ruf,24/25,2025,0,0.1346084,0,0
1105532,Jorthy Mokio,24/25,2025,0,0.13441959,0,0
289683,Frederik Tingager,24/25,2025,0,0.13437948,0,0
541231,Sepp van den Berg,24/25,2025,0,0.13436559,0,0
344569,Vladislav Kabachevskiy,24/25,2025,1,0.13430962,0,1
320403,Mark Sykes,24/25,2025,0,0.13423553,0,0
371001,Josip Sutalo,24/25,2025,0,0.1339654,0,0
1118293,Fynn Schenten,24/25,2025,0,0.13381734,0,0
71834,Aitor Sanz,24/25,2025,0,0.13366616,0,0
433818,Scott Twine,24/25,2025,0,0.13364981,0,0
282700,Enric Franquesa,24/25,2025,0,0.13363013,0,0
282144,Marin Pongracic,24/25,2025,0,0.13333933,0,0
536342,Francesco Amatucci,24/25,2025,0,0.13320328,0,0
1043566,Josiah Uwakhonye,24/25,2025,0,0.13295738,0,0
162272,Rhys Wilson,24/25,2025,0,0.13291013,0,0
289843,Sean Goss,24/25,2025,0,0.13283949,0,0
514285,Quilindschy Hartman,24/25,2025,1,0.13271135,0,1
193033,Tim Kleindienst,24/25,2025,0,0.1326612,0,0
990637,Zachary Athekame,24/25,2025,1,0.13258795,0,1
197745,Riccardo Fiamozzi,24/25,2025,1,0.13254447,0,1
934317,Maxim Dal,24/25,2025,1,0.1324936,0,1
547044,Ryan Bevan,24/25,2025,0,0.13236569,0,0
293771,Evgeniy Yablonskiy,24/25,2025,0,0.13232447,0,0
628712,Simeon Chatov,24/25,2025,0,0.13224135,0,0
344576,Rayan Raveloson,24/25,2025,0,0.13219483,0,0
550468,Radoslav Zhivkov,24/25,2025,0,0.13187738,0,0
429287,Olaus Skarsem,24/25,2025,0,0.13183105,0,0
921521,Dylan MacDonald,24/25,2025,0,0.13169572,0,0
282422,Mumo Muñoz,24/25,2025,0,0.13167,0,0
538810,Chris Ramos,24/25,2025,1,0.1316188,0,1
314398,Jae-sung Lee,24/25,2025,0,0.13133156,0,0
283233,Jacob Rasmussen,24/25,2025,1,0.13113762,0,1
485706,Amadou Onana,24/25,2025,0,0.13109982,0,0
819798,Jacob Andersen,24/25,2025,0,0.13099675,0,0
31653,Tobias Sippel,24/25,2025,0,0.13098653,0,0
188477,Borislav Tsonev,24/25,2025,1,0.13045065,0,1
48015,Lukas Hradecky,24/25,2025,1,0.13044335,0,1
131745,Nikolai Alho,24/25,2025,0,0.13033988,0,0
704682,Marco Forapani,24/25,2025,0,0.13032405,0,0
93753,Calogero Rizzuto,24/25,2025,0,0.13031264,0,0
192731,Jakub Holubek,24/25,2025,0,0.13020527,0,0
797802,Nikita Sokolovskiy,24/25,2025,0,0.13009939,0,0
964471,Andrea Torriani,24/25,2025,0,0.12980498,0,0
1174327,Domiziano Tirelli,24/25,2025,1,0.12972257,0,1
185691,Konstantinos Triantafyllopoulos,24/25,2025,0,0.12970687,0,0
80894,Lukasz Skorupski,24/25,2025,0,0.1294478,0,0
929133,Rio Robbemond,24/25,2025,0,0.12936923,0,0
232454,Nadiem Amiri,24/25,2025,0,0.1291293,0,0
165513,Berat Djimsiti,24/25,2025,0,0.12905954,0,0
1190206,Hari Thomas,24/25,2025,0,0.12877354,0,0
842341,Maxime Estève,24/25,2025,0,0.1287249,0,0
265078,Patrick Cutrone,24/25,2025,1,0.12857471,0,1
343537,Artem Dovbyk,24/25,2025,0,0.12807982,0,0
562077,Yuriy Kozlov,24/25,2025,0,0.1280501,0,0
521928,Luca Sirch,24/25,2025,0,0.12779,0,0
315779,Christian Pulisic,24/25,2025,0,0.12749216,0,0
473050,Kevin Schade,24/25,2025,0,0.127196,0,0
743598,Ângelo,24/25,2025,0,0.12716918,0,0
337082,Julian Krahl,24/25,2025,0,0.12691136,0,0
107219,Leart Paçarada,24/25,2025,1,0.1268299,0,1
702447,Nick Twisk,24/25,2025,0,0.12677175,0,0
146799,Alberto Brignoli,24/25,2025,0,0.12666616,0,0
796213,Nelson Weiper,24/25,2025,0,0.12645158,0,0
119296,Emre Can,24/25,2025,0,0.12631862,0,0
496094,Karim Adeyemi,24/25,2025,0,0.12621537,0,0
627294,Fer Niño,24/25,2025,0,0.12599479,0,0
552425,Jon Moncayola,24/25,2025,0,0.12534215,0,0
362977,Josip Juranovic,24/25,2025,0,0.12516956,0,0
597432,Leopold Querfeld,24/25,2025,0,0.12493932,0,0
73700,Nikolaos Kaltsas,24/25,2025,0,0.12488132,0,0
711337,Evanilson,24/25,2025,0,0.1247965,0,0
171731,Semen Shestilovskiy,24/25,2025,0,0.12471087,0,0
111195,Joël Veltman,24/25,2025,0,0.12450531,0,0
255163,Dominic Smith,24/25,2025,1,0.12444582,0,1
374213,Jari Vlak,24/25,2025,0,0.124374315,0,0
805601,Ben Margetson,24/25,2025,0,0.1243199,0,0
393904,Filippo Delli Carri,24/25,2025,1,0.12412994,0,1
846848,Dixon Kabongo,24/25,2025,0,0.12394732,0,0
243714,Kingsley Coman,24/25,2025,1,0.123436555,0,1
476344,Emerson Royal,24/25,2025,1,0.12338714,0,1
607224,Hannibal,24/25,2025,0,0.1228976,0,0
751701,Kian Jenkins,24/25,2025,0,0.12241665,0,0
657723,Idris Odutayo,24/25,2025,0,0.12215633,0,0
1015875,Tómas Johannessen,24/25,2025,1,0.12183201,0,1
203938,Branco van den Boomen,24/25,2025,0,0.12176058,0,0
435208,Béni Nkololo,24/25,2025,1,0.121569745,0,1
179451,Donald Love,24/25,2025,0,0.12127992,0,0
675623,Job Kalisvaart,24/25,2025,1,0.121274255,0,1
789018,James Eto'o,24/25,2025,0,0.12118848,0,0
1015248,Ivaylo Videv,24/25,2025,1,0.12105048,0,1
659570,Vladislav Solanovich,24/25,2025,0,0.12095647,0,0
1121944,Lachezar Ivanov,24/25,2025,0,0.12093599,0,0
182906,Mike Maignan,24/25,2025,0,0.12079059,0,0
392048,Erald Lakti,24/25,2025,0,0.120437466,0,0
735710,Bjarne Kasper,24/25,2025,1,0.12043519,0,1
114060,Enric Gallego,24/25,2025,0,0.12019052,0,0
387626,Leon Bailey,24/25,2025,1,0.12011708,0,1
284010,Robin Hack,24/25,2025,0,0.11988776,0,0
488626,Jesús Areso,24/25,2025,1,0.119631246,0,1
569598,Youssouf Fofana,24/25,2025,0,0.11924447,0,0
63821,Aron Gunnarsson,24/25,2025,0,0.119191825,0,0
159977,Plamen Krachunov,24/25,2025,0,0.11903006,0,0
192169,Jonas Föhrenbach,24/25,2025,0,0.11885326,0,0
487847,Omar Bugiel,24/25,2025,0,0.118742436,0,0
690425,Philip Fahrner,24/25,2025,0,0.118739456,0,0
48226,Sam Foley,24/25,2025,0,0.118657716,0,0
196763,Korbinian Burger,24/25,2025,0,0.11863864,0,0
428563,Lewis Ferguson,24/25,2025,0,0.11833512,0,0
834752,Unai Gómez,24/25,2025,0,0.11806966,0,0
97616,Sotirios Papagiannopoulos,24/25,2025,0,0.11805417,0,0
479643,Alexandre Penetra,24/25,2025,0,0.11801293,0,0
692737,Aljoscha Kemlein,24/25,2025,0,0.11796845,0,0
912541,Rhys Armstrong,24/25,2025,0,0.1178891,0,0
77809,Julian Korb,24/25,2025,0,0.11781504,0,0
817521,Maximilian Kinzig,24/25,2025,0,0.11732183,0,0
249089,Lewis Cook,24/25,2025,0,0.11716331,0,0
355369,Jordan,24/25,2025,1,0.11705269,0,1
260416,Lorenzo Paolucci,24/25,2025,0,0.1168255,0,0
338424,Mikel Merino,24/25,2025,0,0.11648218,0,0
335177,Farrend Rawson,24/25,2025,0,0.115877785,0,0
331560,Takehiro Tomiyasu,24/25,2025,1,0.11569118,0,1
978438,Patrik Kristal,24/25,2025,0,0.11549593,0,0
87650,Julian Derstroff,24/25,2025,0,0.11523586,0,0
1281876,Yulian Iliev,24/25,2025,0,0.11478061,0,0
196357,Jonathan Tah,24/25,2025,1,0.114613354,0,1
538642,Juho Kilo,24/25,2025,0,0.11435873,0,0
179863,Andreas Naumann,24/25,2025,0,0.11431007,0,0
962154,Albert Navarro,24/25,2025,0,0.11414187,0,0
344354,Omar Sowunmi,24/25,2025,0,0.11408689,0,0
72776,Hugo Marques,24/25,2025,0,0.11397953,0,0
613085,Tobías Reinhart,24/25,2025,0,0.1139735,0,0
732241,Luis Bates,24/25,2025,0,0.11396998,0,0
93315,Henrik Dalsgaard,24/25,2025,0,0.11393617,0,0
504148,Tariq Lamptey,24/25,2025,1,0.113904886,0,1
1013793,Lukas Moudry,24/25,2025,0,0.11379588,0,0
666467,Marco Rus,24/25,2025,0,0.11374389,0,0
787151,Lukas Ullrich,24/25,2025,0,0.11365184,0,0
373373,Lucas Martínez Quarta,24/25,2025,0,0.11359255,0,0
469050,Nathan Collins,24/25,2025,0,0.11322168,0,0
228948,Thilo Kehrer,24/25,2025,0,0.11309803,0,0
192492,Jordan Lefort,24/25,2025,0,0.113086596,0,0
322293,Felix Beijmo,24/25,2025,0,0.112575576,0,0
445616,Gift Links,24/25,2025,0,0.11248252,0,0
312819,Silvere Ganvoula,24/25,2025,1,0.11236955,0,1
264302,Dimitar Mitov,24/25,2025,0,0.112307005,0,0
66497,Michael Morrison,24/25,2025,0,0.11199581,0,0
361772,Dino Besirovic,24/25,2025,0,0.11088998,0,0
140461,Artem Rakhmanov,24/25,2025,1,0.110467,0,1
442891,Martin Terrier,24/25,2025,0,0.11045521,0,0
75921,Christopher Trimmel,24/25,2025,0,0.11035705,0,0
196792,Julian Weigl,24/25,2025,1,0.110335715,0,1
124410,Rani Khedira,24/25,2025,0,0.11029968,0,0
918969,Lamine Camara,24/25,2025,0,0.11014417,0,0
1100501,Bozhidar Petrov,24/25,2025,0,0.10991136,0,0
268185,Joe Williams,24/25,2025,0,0.10929839,0,0
470267,Pavel Gorbach,24/25,2025,0,0.10927086,0,0
84751,Luca Martinelli,24/25,2025,0,0.10918364,0,0
199248,Bryan Cristante,24/25,2025,0,0.10905728,0,0
307658,Tin Plavotic,24/25,2025,0,0.109027706,0,0
364135,Moise Kean,24/25,2025,0,0.10855264,0,0
261504,Aleix García,24/25,2025,0,0.10854843,0,0
750903,Jaouen Hadjam,24/25,2025,0,0.107677735,0,0
392710,Lennard Maloney,24/25,2025,0,0.10756095,0,0
90317,Daniel Batz,24/25,2025,0,0.1073006,0,0
739443,Igor Thiago,24/25,2025,0,0.107160985,0,0
936536,João Costa,24/25,2025,0,0.10702898,0,0
255508,Iñaki Williams,24/25,2025,0,0.10669393,0,0
643574,Kaishu Sano,24/25,2025,0,0.10664505,0,0
281252,Mads Thychosen,24/25,2025,0,0.10653009,0,0
395516,Moussa Diaby,24/25,2025,0,0.10607876,0,0
282689,Seung-ho Paik,24/25,2025,0,0.10601637,0,0
576314,Jan Paul van Hecke,24/25,2025,0,0.10546862,0,0
160357,Mario Sampirisi,24/25,2025,0,0.105442874,0,0
906598,Jason Amann,24/25,2025,0,0.10478509,0,0
335103,Linton Maina,24/25,2025,0,0.10469166,0,0
608172,Ardon Jashari,24/25,2025,1,0.104335316,0,1
1003307,Egor Bozhko,24/25,2025,0,0.10394565,0,0
190263,Predrag Rajković,24/25,2025,0,0.10378157,0,0
1098513,Seniko Doua,24/25,2025,0,0.103634864,0,0
366458,Kalle Joelsson,24/25,2025,0,0.103503555,0,0
644401,Keane Lewis-Potter,24/25,2025,0,0.103208765,0,0
289267,Adrián Lapeña,24/25,2025,0,0.10298398,0,0
138055,Haris Belkebla,24/25,2025,0,0.10227822,0,0
542690,Frederik Alves,24/25,2025,0,0.10217758,0,0
531236,Callum Sainty,24/25,2025,0,0.10206913,0,0
159471,Serge Gnabry,24/25,2025,0,0.10141462,0,0
401578,Exequiel Palacios,24/25,2025,0,0.10128899,0,0
267328,Danny Gosset,24/25,2025,0,0.10125225,0,0
686692,Gruff John,24/25,2025,1,0.10109328,0,1
118847,Dominik Kohr,24/25,2025,0,0.10051825,0,0
242606,Josh Cullen,24/25,2025,0,0.10040051,0,0
125781,Antoine Griezmann,24/25,2025,0,0.10017383,0,0
262749,David Raya,24/25,2025,0,0.10006299,0,0
206050,Paulo Dybala,24/25,2025,0,0.10003648,0,0
427868,Dan Jefferies,24/25,2025,1,0.10003582,0,1
148252,Remo Freuler,24/25,2025,0,0.099988215,0,0
424013,Lewis McGrattan,24/25,2025,0,0.099311456,0,0
912455,Simon Walde,24/25,2025,0,0.0992503,0,0
385394,Alberto Dossena,24/25,2025,0,0.099213734,0,0
479202,Ryan Sears,24/25,2025,0,0.09912945,0,0
143039,Damjan Djokovic,24/25,2025,0,0.09896886,0,0
151583,Daniel Heber,24/25,2025,0,0.09893687,0,0
341227,Juan Miranda,24/25,2025,0,0.09870759,0,0
337062,Ben Thompson,24/25,2025,0,0.09846323,0,0
355816,Ko Itakura,24/25,2025,1,0.09832909,0,1
78047,Brice Maubleu,24/25,2025,0,0.09820668,0,0
315867,Gianluca Scamacca,24/25,2025,0,0.09801333,0,0
929128,Koen Schilder,24/25,2025,0,0.0979285,0,0
134192,Will Richards,24/25,2025,0,0.097821414,0,0
330659,Justin Kluivert,24/25,2025,0,0.09767198,0,0
911955,Morgan Owen,24/25,2025,0,0.09709925,0,0
396488,Giuseppe Coccia,24/25,2025,1,0.096937075,0,1
741871,Justin Gröger,24/25,2025,0,0.09673735,0,0
435772,Charles De Ketelaere,24/25,2025,0,0.09671041,0,0
424042,Nahuel Molina,24/25,2025,0,0.09669622,0,0
260846,Asger Sörensen,24/25,2025,0,0.096499115,0,0
406040,Ademola Lookman,24/25,2025,0,0.096438795,0,0
85906,Danny da Costa,24/25,2025,0,0.09629319,0,0
633655,Chris Mochrie,24/25,2025,0,0.09620316,0,0
174344,Fayçal Fajr,24/25,2025,1,0.09618837,0,1
568503,Manuel Holzmann,24/25,2025,0,0.09614887,0,0
1287831,Giannis Spandonidis,24/25,2025,0,0.095524125,0,0
332179,Matteo Pessina,24/25,2025,0,0.09524733,0,0
401529,Dodô,24/25,2025,0,0.09493409,0,0
1110070,Matthias Wamu Oyatambwe,24/25,2025,1,0.09492956,0,1
256448,Gianluca Mancini,24/25,2025,0,0.094167,0,0
461477,Tyler Walton,24/25,2025,0,0.09358811,0,0
127573,Phillipp Mwene,24/25,2025,0,0.09341016,0,0
180167,Sivert Heltne Nilsen,24/25,2025,0,0.09332115,0,0
209570,Alex Gammond,24/25,2025,0,0.09295728,0,0
49637,Shaun Whalley,24/25,2025,0,0.092790626,0,0
775605,Pablo Barrios,24/25,2025,0,0.09265921,0,0
406640,Felix Nmecha,24/25,2025,0,0.09255671,0,0
199704,Yunis Abdelhamid,24/25,2025,1,0.09245608,0,1
1172422,Filip Öhman,24/25,2025,0,0.09242537,0,0
268216,Marcus Mathisen,24/25,2025,0,0.09226147,0,0
592116,Yuki Ohashi,24/25,2025,0,0.092069425,0,0
159139,Philipp Wiesinger,24/25,2025,0,0.091759026,0,0
578461,Nikola Borisov,24/25,2025,1,0.09124406,0,1
161056,Joshua Kimmich,24/25,2025,0,0.09108931,0,0
625047,Beñat Prados,24/25,2025,0,0.09052439,0,0
1024171,Taiyu Yamasaki,24/25,2025,0,0.0904443,0,0
270393,Robert Skov,24/25,2025,0,0.09011764,0,0
107775,Frederik Rönnow,24/25,2025,0,0.0899546,0,0
742201,Giuliano Simeone,24/25,2025,0,0.08991614,0,0
344695,Dayot Upamecano,24/25,2025,0,0.08954737,0,0
541555,Enzo Boyomo,24/25,2025,0,0.089295484,0,0
1012534,Yankuba Minteh,24/25,2025,0,0.08890698,0,0
213670,Lucas Torró,24/25,2025,0,0.08860638,0,0
59377,David de Gea,24/25,2025,0,0.08810654,0,0
1084760,Marto Boychev,24/25,2025,0,0.08810165,0,0
353634,Robert Ljubicic,24/25,2025,0,0.08808904,0,0
251075,Zeki Çelik,24/25,2025,0,0.0878574,0,0
890721,Myles Lewis-Skelly,24/25,2025,0,0.08735223,0,0
82873,Pascal Groß,24/25,2025,0,0.08681906,0,0
333859,Lubambo Musonda,24/25,2025,0,0.08674869,0,0
530173,Julian Niehues,24/25,2025,0,0.08652117,0,0
848757,Rayan Atikallah,24/25,2025,0,0.08651808,0,0
333942,Lion Schweers,24/25,2025,0,0.08620987,0,0
170986,Raphaël Guerreiro,24/25,2025,0,0.086087316,0,0
917120,Tanguy Zoukrou,24/25,2025,0,0.08583336,0,0
507479,Darian Males,24/25,2025,0,0.08578098,0,0
557407,Devyne Rensch,24/25,2025,0,0.08576,0,0
354476,Diogo Tomas,24/25,2025,0,0.085550845,0,0
1123649,Pavel Dubovskiy,24/25,2025,0,0.08543496,0,0
83119,Reinhold Ranftl,24/25,2025,0,0.08538778,0,0
809498,Luca Kerber,24/25,2025,0,0.085357815,0,0
228953,Richard Neudecker,24/25,2025,0,0.08499154,0,0
247915,Jonas Omlin,24/25,2025,0,0.084897436,0,0
248738,Sergio Herrera,24/25,2025,0,0.084751345,0,0
528451,Tobias Bech,24/25,2025,0,0.084393345,0,0
270541,Serhou Guirassy,24/25,2025,0,0.08434093,0,0
272636,Harold Moukoudi,24/25,2025,0,0.08416886,0,0
578392,Maximilian Beier,24/25,2025,0,0.08365441,0,0
658115,Abel Bretones,24/25,2025,0,0.08265302,0,0
338670,Mile Svilar,24/25,2025,0,0.08241422,0,0
161057,Carl Klaus,24/25,2025,0,0.08200568,0,0
75890,Kristoffer Nordfeldt,24/25,2025,0,0.081833564,0,0
106987,Marcel Sabitzer,24/25,2025,0,0.08120082,0,0
504616,Tom Price,24/25,2025,0,0.08075995,0,0
210348,Sondre Tronstad,24/25,2025,0,0.08019215,0,0
182932,Davy Klaassen,24/25,2025,0,0.07962602,0,0
283497,Mathias Honsak,24/25,2025,0,0.079548754,0,0
369316,Ferdi Kadıoğlu,24/25,2025,0,0.0793615,0,0
196435,Saidy Janko,24/25,2025,0,0.07934309,0,0
270171,Vitaly Janelt,24/25,2025,0,0.07926368,0,0
964204,Gavin Gallagher,24/25,2025,0,0.07916523,0,0
531288,Mathew Jones,24/25,2025,0,0.07818403,0,0
192077,Scott McMann,24/25,2025,0,0.078102246,0,0
116881,Andrey Zaleskiy,24/25,2025,0,0.07785384,0,0
399434,Marcus Tavernier,24/25,2025,0,0.07697301,0,0
571020,Oihan Sancet,24/25,2025,0,0.07590121,0,0
289255,Andoni Gorosabel,24/25,2025,0,0.07570031,0,0
1186500,Ricky-Lee Owen,24/25,2025,0,0.0755653,0,0
449796,Alejandro Catena,24/25,2025,0,0.07554905,0,0
337092,Tim Siersleben,24/25,2025,0,0.07541418,0,0
566723,Michael Olise,24/25,2025,0,0.07503495,0,0
878885,Rhys Schwank,24/25,2025,0,0.07473057,0,0
371149,Evan Ndicka,24/25,2025,0,0.074696064,0,0
351597,Shayne Lavery,24/25,2025,0,0.0746845,0,0
387047,Danilho Doekhi,24/25,2025,0,0.07460377,0,0
357156,Diogo Leite,24/25,2025,0,0.0745182,0,0
748839,Phil Mooney,24/25,2025,0,0.07436857,0,0
77825,Etrit Berisha,24/25,2025,0,0.07404546,0,0
188077,Ryan Christie,24/25,2025,0,0.07351461,0,0
249580,Marin Orlinov,24/25,2025,0,0.07242818,0,0
289446,Yerry Mina,24/25,2025,0,0.07208989,0,0
48280,Edinson Cavani,24/25,2025,0,0.07185823,0,0
227084,Benedikt Gimber,24/25,2025,0,0.07136897,0,0
215118,Calum Chambers,24/25,2025,0,0.071188115,0,0
221446,Lee Evans,24/25,2025,0,0.07113778,0,0
140444,Andrea Montanari,24/25,2025,0,0.07109536,0,0
565093,Bart Verbruggen,24/25,2025,0,0.070845634,0,0
859035,Kees Smit,24/25,2025,0,0.070814304,0,0
273669,Adrian Beck,24/25,2025,0,0.07038136,0,0
255488,Yeray Álvarez,24/25,2025,0,0.07023312,0,0
503780,Hayden Carter,24/25,2025,0,0.069987886,0,0
363205,Gabriel Jesus,24/25,2025,0,0.06981885,0,0
503075,Isak Hien,24/25,2025,0,0.069538616,0,0
504849,Kaoru Mitoma,24/25,2025,0,0.069424085,0,0
740558,Roman Horak,24/25,2025,0,0.06818246,0,0
467623,Lyle Foster,24/25,2025,0,0.0680803,0,0
193004,Waldemar Anton,24/25,2025,0,0.06795082,0,0
581106,Kristian Arnstad,24/25,2025,0,0.06735262,0,0
795274,Mayckel Lahdo,24/25,2025,1,0.06712923,0,1
667287,Yasin Ayari,24/25,2025,0,0.066941515,0,0
555500,Jorge Herrando,24/25,2025,0,0.066089265,0,0
9273,Tobias Duffner,24/25,2025,0,0.06570122,0,0
426281,Josh Earl,24/25,2025,0,0.06518125,0,0
117478,Marnon Busch,24/25,2025,0,0.06420272,0,0
370789,Julian Ryerson,24/25,2025,0,0.06411254,0,0
456807,Will Fuller,24/25,2025,0,0.06391827,0,0
322989,Kaan Kairinen,24/25,2025,0,0.06362647,0,0
222209,Thomas Strakosha,24/25,2025,0,0.06328294,0,0
957241,Elijah Dijkstra,24/25,2025,0,0.063088015,0,0
223967,Konrad Laimer,24/25,2025,0,0.06307982,0,0
524000,Dani Vivian,24/25,2025,0,0.06110805,0,0
863207,Martin Stoychev,24/25,2025,0,0.060879897,0,0
239941,Lukas Haraslin,24/25,2025,0,0.060587514,0,0
748804,Mika Godts,24/25,2025,0,0.06008175,0,0
471055,Marvin Pieringer,24/25,2025,0,0.06000453,0,0
571604,Giorgio Scalvini,24/25,2025,0,0.05984867,0,0
709187,Nico Williams,24/25,2025,0,0.059689857,0,0
340205,Gorka Guruzeta,24/25,2025,0,0.05902046,0,0
1131973,Jack Porter,24/25,2025,0,0.05857263,0,0
249565,Youri Tielemans,24/25,2025,0,0.058384113,0,0
345590,Jens Odgaard,24/25,2025,0,0.058322906,0,0
144028,Leandro Trossard,24/25,2025,0,0.058242366,0,0
388294,Omar Traoré,24/25,2025,0,0.057728488,0,0
502821,Riccardo Calafiori,24/25,2025,0,0.056534413,0,0
710671,Adama Boiro,24/25,2025,0,0.055451255,0,0
591916,Aitor Paredes,24/25,2025,0,0.0543757,0,0
284732,Ramy Bensebaini,24/25,2025,0,0.053770993,0,0
251302,Niklas Dorsch,24/25,2025,0,0.05201635,0,0
122842,Joel Edwards,24/25,2025,0,0.051655892,0,0
741257,Álex Jiménez,24/25,2025,1,0.05148864,0,1
23523,Thomas Mikkelsen,24/25,2025,0,0.051463127,0,0
833372,Amine Naïfi,24/25,2025,0,0.051069405,0,0
1059344,Lukas Mikulaj,24/25,2025,0,0.051039543,0,0
867688,Jack Hinshelwood,24/25,2025,0,0.050326657,0,0
22860,Jesper Hansen,24/25,2025,0,0.05032113,0,0
133731,Patrick Mainka,24/25,2025,0,0.049973145,0,0
126751,Iñigo Ruiz de Galarreta,24/25,2025,0,0.047999702,0,0
61812,Yuri Berchiche,24/25,2025,0,0.047734875,0,0
823231,Dango Ouattara,24/25,2025,1,0.047201976,0,1
743600,Unknown Player,24/25,2025,0,0.04556658,0,0
503482,Min-jae Kim,24/25,2025,0,0.04546733,0,0
540941,Mikkel Damsgaard,24/25,2025,0,0.044406813,0,0
353892,Hiroki Ito,24/25,2025,0,0.044360053,0,0
64303,Tomas Frystak,24/25,2025,0,0.044291526,0,0
62112,Byron Webster,24/25,2025,0,0.044192586,0,0
426428,Paulo Mendes,24/25,2025,0,0.04399193,0,0
1178213,Federico Steffanoni,24/25,2025,0,0.04373905,0,0
973085,Carlos Baleba,24/25,2025,0,0.043329205,0,0
394327,Boubacar Kamara,24/25,2025,0,0.043258045,0,0
1187470,Unknown Player,24/25,2025,0,0.04323461,0,0
388198,Nico Schlotterbeck,24/25,2025,0,0.04274701,0,0
138392,Ivan Buonocunto,24/25,2025,0,0.042520825,0,0
912443,Unknown Player,24/25,2025,0,0.042064518,0,0
420243,Jurriën Timber,24/25,2025,0,0.039963383,0,0
624690,Manu Koné,24/25,2025,0,0.0396867,0,0
147462,Alexander Callens,24/25,2025,0,0.039519176,0,0
106128,Aron Giacomoni,24/25,2025,0,0.038778238,0,0
424204,Alphonso Davies,24/25,2025,0,0.03855661,0,0
733438,Seiya Maikuma,24/25,2025,0,0.03793523,0,0
1188666,Unknown Player,24/25,2025,0,0.03696131,0,0
815529,Unknown Player,24/25,2025,0,0.03632831,0,0
942414,Unknown Player,24/25,2025,0,0.035764225,0,0
3333,James Milner,24/25,2025,0,0.035222534,0,0
338425,Álex Berenguer,24/25,2025,0,0.034798678,0,0
421871,Unknown Player,24/25,2025,0,0.033479154,0,0
1202361,Bradley Burrowes,24/25,2025,0,0.031714663,0,0
504969,Unknown Player,24/25,2025,0,0.03061722,0,0
420931,Unknown Player,24/25,2025,0,0.029742695,0,0
44666,Michele Rinaldi,24/25,2025,0,0.028974954,0,0
531437,Unknown Player,24/25,2025,0,0.028546814,0,0
349599,Pervis Estupiñán,24/25,2025,1,0.028455028,0,1
792380,Aleksandar Pavlovic,24/25,2025,0,0.02843749,0,0
1095546,Unknown Player,24/25,2025,0,0.028425528,0,0
832821,Unknown Player,24/25,2025,0,0.027849613,0,0
566879,Unknown Player,24/25,2025,0,0.027705334,0,0
186477,Herbert Bockhorn,24/25,2025,0,0.02692237,0,0
55000,Unknown Player,24/25,2025,1,0.026377803,0,1
119085,Loris Benito,24/25,2025,0,0.026330838,0,0
346562,Unknown Player,24/25,2025,0,0.025934702,0,0
12778,David Hutton,24/25,2025,0,0.025475375,0,0
1279791,Unknown Player,24/25,2025,0,0.024997173,0,0
458816,Unknown Player,24/25,2025,0,0.024973294,0,0
552927,Unknown Player,24/25,2025,0,0.024244107,0,0
792548,Unknown Player,24/25,2025,0,0.024045093,0,0
392378,Darren Thomas,24/25,2025,0,0.023682106,0,0
17259,Manuel Neuer,24/25,2025,0,0.023418691,0,0
293194,Unknown Player,24/25,2025,0,0.02339556,0,0
940220,Unknown Player,24/25,2025,0,0.02321936,0,0
910905,Unknown Player,24/25,2025,0,0.02306715,0,0
160938,Unknown Player,24/25,2025,0,0.02288327,0,0
549384,Unknown Player,24/25,2025,0,0.02278692,0,0
1200586,Unknown Player,24/25,2025,0,0.022720478,0,0
1380598,Unknown Player,24/25,2025,0,0.021957254,0,0
1175538,Unknown Player,24/25,2025,0,0.021929804,0,0
574806,Unknown Player,24/25,2025,0,0.021660944,0,0
375320,Unknown Player,24/25,2025,0,0.02156575,0,0
617905,Unknown Player,24/25,2025,0,0.021365209,0,0
1055221,Unknown Player,24/25,2025,0,0.02071992,0,0
1078795,Unknown Player,24/25,2025,0,0.020538313,0,0
708080,Unknown Player,24/25,2025,0,0.02051659,0,0
597083,Unknown Player,24/25,2025,0,0.020427352,0,0
175446,Unknown Player,24/25,2025,0,0.020232087,0,0
719987,Unknown Player,24/25,2025,0,0.020156773,0,0
702326,Unknown Player,24/25,2025,0,0.020156339,0,0
116231,Unknown Player,24/25,2025,0,0.019956207,0,0
581701,Unknown Player,24/25,2025,0,0.019745927,0,0
928032,Unknown Player,24/25,2025,0,0.019624077,0,0
1277195,Unknown Player,24/25,2025,0,0.019592416,0,0
547041,Unknown Player,24/25,2025,0,0.019520234,0,0
104564,Unknown Player,24/25,2025,0,0.019461107,0,0
250543,Unknown Player,24/25,2025,0,0.019288633,0,0
1090830,Unknown Player,24/25,2025,0,0.01913767,0,0
412366,Unknown Player,24/25,2025,0,0.01913485,0,0
815523,Unknown Player,24/25,2025,0,0.019130627,0,0
1197868,Unknown Player,24/25,2025,0,0.019081498,0,0
1077728,Unknown Player,24/25,2025,0,0.019005587,0,0
889540,Unknown Player,24/25,2025,0,0.018931309,0,0
692463,Unknown Player,24/25,2025,0,0.018930046,0,0
963786,Unknown Player,24/25,2025,0,0.018664284,0,0
457442,Unknown Player,24/25,2025,0,0.018506022,0,0
199736,Unknown Player,24/25,2025,0,0.018354727,0,0
1154305,Unknown Player,24/25,2025,0,0.018342149,0,0
389804,Unknown Player,24/25,2025,0,0.018309357,0,0
599115,Unknown Player,24/25,2025,0,0.01830529,0,0
383165,Unknown Player,24/25,2025,0,0.018206071,0,0
664622,Unknown Player,24/25,2025,0,0.018196791,0,0
883540,Unknown Player,24/25,2025,0,0.017960522,0,0
935517,Unknown Player,24/25,2025,0,0.017841,0,0
102427,Unknown Player,24/25,2025,0,0.017496979,0,0
446708,Unknown Player,24/25,2025,0,0.017416338,0,0
336931,Unknown Player,24/25,2025,0,0.017132323,0,0
221624,Unknown Player,24/25,2025,0,0.01690407,0,0
581326,Unknown Player,24/25,2025,0,0.016900677,0,0
392444,Unknown Player,24/25,2025,0,0.016880559,0,0
1202384,Unknown Player,24/25,2025,0,0.016867,0,0
217357,Unknown Player,24/25,2025,0,0.016818093,0,0
418218,Unknown Player,24/25,2025,0,0.016809681,0,0
343599,Unknown Player,24/25,2025,0,0.016788717,0,0
438682,Unknown Player,24/25,2025,0,0.016768515,0,0
358738,Unknown Player,24/25,2025,0,0.01659387,0,0
1208182,Unknown Player,24/25,2025,0,0.016516779,0,0
991458,Unknown Player,24/25,2025,0,0.01650984,0,0
463178,Unknown Player,24/25,2025,0,0.016451672,0,0
543103,Unknown Player,24/25,2025,0,0.01639704,0,0
377576,Unknown Player,24/25,2025,0,0.016393872,0,0
883214,Unknown Player,24/25,2025,0,0.016159672,0,0
163264,Unknown Player,24/25,2025,0,0.016152123,0,0
1300301,Unknown Player,24/25,2025,0,0.01611942,0,0
535469,Unknown Player,24/25,2025,0,0.016091146,0,0
535927,Luke McNally,24/25,2025,0,0.015972659,0,0
149931,Unknown Player,24/25,2025,0,0.015830519,0,0
702167,Unknown Player,24/25,2025,0,0.015679426,0,0
1062847,Unknown Player,24/25,2025,0,0.015643047,0,0
215902,Unknown Player,24/25,2025,0,0.015611615,0,0
666168,Unknown Player,24/25,2025,0,0.015441817,0,0
94005,Sead Kolasinac,24/25,2025,0,0.01538882,0,0
1073288,Unknown Player,24/25,2025,0,0.015375776,0,0
403151,Unknown Player,24/25,2025,0,0.01535709,0,0
1337321,Unknown Player,24/25,2025,0,0.015322951,0,0
213988,Unknown Player,24/25,2025,0,0.015299787,0,0
1326685,Unknown Player,24/25,2025,0,0.015118582,0,0
705159,Unknown Player,24/25,2025,0,0.01507374,0,0
389841,Unknown Player,24/25,2025,0,0.015027334,0,0
58088,Unknown Player,24/25,2025,0,0.01502545,0,0
297443,Unknown Player,24/25,2025,0,0.014985805,0,0
185401,Unknown Player,24/25,2025,0,0.014979119,0,0
727081,Unknown Player,24/25,2025,0,0.014905158,0,0
265471,Unknown Player,24/25,2025,0,0.014904201,0,0
299189,Unknown Player,24/25,2025,0,0.014886519,0,0
447216,Unknown Player,24/25,2025,0,0.0148726655,0,0
175828,Unknown Player,24/25,2025,0,0.0148710795,0,0
923121,Unknown Player,24/25,2025,0,0.014809927,0,0
638262,Unknown Player,24/25,2025,0,0.014714781,0,0
519651,Unknown Player,24/25,2025,0,0.0146974465,0,0
1027446,Unknown Player,24/25,2025,0,0.014671682,0,0
939374,Unknown Player,24/25,2025,0,0.014635124,0,0
470607,Unknown Player,24/25,2025,0,0.014633922,0,0
601405,Unknown Player,24/25,2025,0,0.014555031,0,0
885179,Unknown Player,24/25,2025,0,0.014516958,0,0
416699,Unknown Player,24/25,2025,0,0.014505898,0,0
168959,Unknown Player,24/25,2025,0,0.014373268,0,0
1163778,Unknown Player,24/25,2025,0,0.014329183,0,0
975138,Unknown Player,24/25,2025,0,0.014322927,0,0
831992,Unknown Player,24/25,2025,0,0.014320242,0,0
1214452,Unknown Player,24/25,2025,0,0.014289541,0,0
692208,Unknown Player,24/25,2025,0,0.014272096,0,0
1130743,Unknown Player,24/25,2025,0,0.01424875,0,0
156575,Unknown Player,24/25,2025,0,0.014110389,0,0
507354,Unknown Player,24/25,2025,0,0.01406942,0,0
1054931,Unknown Player,24/25,2025,0,0.014012359,0,0
559335,Unknown Player,24/25,2025,0,0.013858955,0,0
1079186,Unknown Player,24/25,2025,0,0.013832742,0,0
1064920,Unknown Player,24/25,2025,0,0.013812618,0,0
1105972,Unknown Player,24/25,2025,0,0.013793184,0,0
921203,Unknown Player,24/25,2025,0,0.013723824,0,0
796678,Unknown Player,24/25,2025,0,0.013718996,0,0
511025,Unknown Player,24/25,2025,0,0.013704035,0,0
858324,Unknown Player,24/25,2025,0,0.013691711,0,0
500689,Unknown Player,24/25,2025,0,0.013672059,0,0
648195,Unknown Player,24/25,2025,0,0.013624244,0,0
43484,Unknown Player,24/25,2025,0,0.0135575,0,0
94037,Unknown Player,24/25,2025,0,0.013456522,0,0
388171,Unknown Player,24/25,2025,0,0.013451984,0,0
388121,Unknown Player,24/25,2025,0,0.013441926,0,0
631093,Unknown Player,24/25,2025,0,0.013436375,0,0
568157,Unknown Player,24/25,2025,0,0.013427592,0,0
890368,Unknown Player,24/25,2025,0,0.01341461,0,0
975729,Unknown Player,24/25,2025,0,0.013373162,0,0
457528,Unknown Player,24/25,2025,0,0.013340353,0,0
334341,Unknown Player,24/25,2025,0,0.013256543,0,0
948958,Unknown Player,24/25,2025,0,0.013231342,0,0
198104,Unknown Player,24/25,2025,0,0.013188342,0,0
1147403,Unknown Player,24/25,2025,0,0.013100541,0,0
1059299,Unknown Player,24/25,2025,0,0.0130915055,0,0
872742,Unknown Player,24/25,2025,0,0.013074328,0,0
471692,Unknown Player,24/25,2025,0,0.013054291,0,0
890421,Unknown Player,24/25,2025,0,0.013004249,0,0
226169,Unknown Player,24/25,2025,0,0.012989972,0,0
617632,Unknown Player,24/25,2025,0,0.012973243,0,0
579089,Unknown Player,24/25,2025,0,0.01294688,0,0
668547,Unknown Player,24/25,2025,0,0.012902309,0,0
803839,Unknown Player,24/25,2025,0,0.012868212,0,0
991773,Unknown Player,24/25,2025,0,0.012866721,0,0
163053,Unknown Player,24/25,2025,0,0.012824245,0,0
431698,Unknown Player,24/25,2025,0,0.012737366,0,0
452477,Unknown Player,24/25,2025,0,0.012713985,0,0
520947,Unknown Player,24/25,2025,0,0.012638378,0,0
205503,Unknown Player,24/25,2025,0,0.012597938,0,0
635347,Unknown Player,24/25,2025,0,0.012597423,0,0
948278,Unknown Player,24/25,2025,0,0.012591571,0,0
547534,Unknown Player,24/25,2025,0,0.012588707,0,0
183166,Unknown Player,24/25,2025,0,0.012578681,0,0
815583,Unknown Player,24/25,2025,0,0.012541045,0,0
475949,Unknown Player,24/25,2025,0,0.012520501,0,0
1048151,Unknown Player,24/25,2025,0,0.012486172,0,0
385084,Unknown Player,24/25,2025,0,0.012485431,0,0
229003,Unknown Player,24/25,2025,0,0.01246689,0,0
304042,Unknown Player,24/25,2025,0,0.012464242,0,0
284321,Unknown Player,24/25,2025,0,0.01246132,0,0
547248,Unknown Player,24/25,2025,0,0.012450428,0,0
329668,Unknown Player,24/25,2025,0,0.012447526,0,0
159883,Unknown Player,24/25,2025,0,0.012355654,0,0
82011,Unknown Player,24/25,2025,0,0.012335381,0,0
761482,Unknown Player,24/25,2025,0,0.012331518,0,0
741501,Unknown Player,24/25,2025,0,0.012330437,0,0
1182452,Unknown Player,24/25,2025,0,0.012306025,0,0
847283,Unknown Player,24/25,2025,0,0.0122842295,0,0
443778,Unknown Player,24/25,2025,0,0.012259942,0,0
576027,Unknown Player,24/25,2025,0,0.012247982,0,0
229817,Unknown Player,24/25,2025,0,0.012247267,0,0
370863,Unknown Player,24/25,2025,0,0.01224244,0,0
113130,Unknown Player,24/25,2025,0,0.012228575,0,0
379711,Unknown Player,24/25,2025,0,0.012189947,0,0
693037,Unknown Player,24/25,2025,0,0.012131537,0,0
287752,Unknown Player,24/25,2025,0,0.012120061,0,0
226964,Unknown Player,24/25,2025,0,0.01210059,0,0
1027253,Unknown Player,24/25,2025,0,0.012100101,0,0
56609,Unknown Player,24/25,2025,0,0.012096265,0,0
258878,Unknown Player,24/25,2025,0,0.012095251,0,0
636120,Unknown Player,24/25,2025,0,0.012031575,0,0
862989,Unknown Player,24/25,2025,0,0.011960202,0,0
1178393,Unknown Player,24/25,2025,0,0.011948211,0,0
1099555,Unknown Player,24/25,2025,0,0.011939011,0,0
521956,Unknown Player,24/25,2025,0,0.011929412,0,0
1184913,Unknown Player,24/25,2025,0,0.0118727125,0,0
451677,Unknown Player,24/25,2025,0,0.011817864,0,0
257751,Unknown Player,24/25,2025,0,0.011808407,0,0
1176544,Unknown Player,24/25,2025,0,0.011778937,0,0
195720,Unknown Player,24/25,2025,0,0.011773553,0,0
457675,Unknown Player,24/25,2025,0,0.011733724,0,0
229012,Unknown Player,24/25,2025,0,0.011720064,0,0
434224,Unknown Player,24/25,2025,0,0.011705674,0,0
499758,Unknown Player,24/25,2025,0,0.011699557,0,0
1073654,Unknown Player,24/25,2025,0,0.011660625,0,0
580142,Unknown Player,24/25,2025,0,0.01160959,0,0
440312,Unknown Player,24/25,2025,0,0.011581762,0,0
395805,Unknown Player,24/25,2025,0,0.01156307,0,0
860694,Unknown Player,24/25,2025,0,0.011560993,0,0
1147623,Unknown Player,24/25,2025,0,0.011549687,0,0
841107,Unknown Player,24/25,2025,0,0.011519188,0,0
1187524,Unknown Player,24/25,2025,0,0.011494986,0,0
895335,Unknown Player,24/25,2025,0,0.011486027,0,0
540690,Unknown Player,24/25,2025,0,0.011473269,0,0
166315,Unknown Player,24/25,2025,0,0.011460702,0,0
241471,Unknown Player,24/25,2025,0,0.011445839,0,0
824128,Unknown Player,24/25,2025,0,0.011441398,0,0
348768,Unknown Player,24/25,2025,0,0.0114197,0,0
1068102,Unknown Player,24/25,2025,0,0.011402278,0,0
463339,Unknown Player,24/25,2025,0,0.011365898,0,0
445037,Unknown Player,24/25,2025,0,0.011362763,0,0
948294,Unknown Player,24/25,2025,0,0.0113588115,0,0
314297,Unknown Player,24/25,2025,0,0.011339801,0,0
340870,Unknown Player,24/25,2025,0,0.011303929,0,0
738492,Unknown Player,24/25,2025,0,0.01128742,0,0
599231,Unknown Player,24/25,2025,0,0.011250399,0,0
796307,Unknown Player,24/25,2025,0,0.011230684,0,0
1061035,Unknown Player,24/25,2025,0,0.011227339,0,0
636390,Unknown Player,24/25,2025,0,0.011205196,0,0
1084065,Unknown Player,24/25,2025,0,0.011193121,0,0
1277787,Unknown Player,24/25,2025,0,0.011151971,0,0
453704,Unknown Player,24/25,2025,0,0.011141639,0,0
945709,Unknown Player,24/25,2025,0,0.011103468,0,0
24846,Unknown Player,24/25,2025,0,0.011102499,0,0
908760,Unknown Player,24/25,2025,0,0.011086993,0,0
824312,Unknown Player,24/25,2025,0,0.011077032,0,0
613533,Unknown Player,24/25,2025,0,0.011025445,0,0
1003088,Unknown Player,24/25,2025,0,0.0110165,0,0
394844,Unknown Player,24/25,2025,0,0.01101595,0,0
503684,Unknown Player,24/25,2025,0,0.010996158,0,0
285322,Unknown Player,24/25,2025,0,0.010958523,0,0
176412,Unknown Player,24/25,2025,0,0.010937575,0,0
399936,Unknown Player,24/25,2025,0,0.010924975,0,0
542336,Unknown Player,24/25,2025,0,0.010904832,0,0
527211,Unknown Player,24/25,2025,0,0.010882815,0,0
1136532,Unknown Player,24/25,2025,0,0.010862257,0,0
50219,Unknown Player,24/25,2025,0,0.010829655,0,0
16911,Unknown Player,24/25,2025,0,0.010813969,0,0
259464,Unknown Player,24/25,2025,0,0.010810792,0,0
90681,Unknown Player,24/25,2025,0,0.01077148,0,0
1175145,Unknown Player,24/25,2025,0,0.010747601,0,0
1087052,Unknown Player,24/25,2025,0,0.010744566,0,0
539677,Unknown Player,24/25,2025,0,0.0106797675,0,0
979754,Unknown Player,24/25,2025,0,0.010673532,0,0
821522,Unknown Player,24/25,2025,0,0.010634108,0,0
938729,Mikel Jauregizar,24/25,2025,0,0.010615798,0,0
220496,Unknown Player,24/25,2025,0,0.010577926,0,0
1176866,Unknown Player,24/25,2025,0,0.010536391,0,0
1060962,Unknown Player,24/25,2025,0,0.01053159,0,0
567465,Unknown Player,24/25,2025,0,0.010528341,0,0
1084447,Unknown Player,24/25,2025,0,0.010502982,0,0
175323,Unknown Player,24/25,2025,0,0.010499445,0,0
1104136,Unknown Player,24/25,2025,0,0.010497691,0,0
137576,Unknown Player,24/25,2025,0,0.010472446,0,0
998196,Unknown Player,24/25,2025,0,0.010460563,0,0
719672,Unknown Player,24/25,2025,0,0.010451337,0,0
595901,Unknown Player,24/25,2025,0,0.010449276,0,0
404268,Unknown Player,24/25,2025,0,0.010404072,0,0
459374,Unknown Player,24/25,2025,0,0.010403763,0,0
54217,Unknown Player,24/25,2025,0,0.010344371,0,0
443542,Unknown Player,24/25,2025,0,0.010341897,0,0
1020544,Unknown Player,24/25,2025,0,0.010336729,0,0
878102,Unknown Player,24/25,2025,0,0.010331682,0,0
259916,Unknown Player,24/25,2025,0,0.010308466,0,0
599675,Unknown Player,24/25,2025,0,0.010262498,0,0
496644,Unknown Player,24/25,2025,0,0.0102557875,0,0
1127243,Unknown Player,24/25,2025,0,0.010211719,0,0
637013,Unknown Player,24/25,2025,0,0.010211285,0,0
1064116,Unknown Player,24/25,2025,0,0.010204729,0,0
548671,Unknown Player,24/25,2025,0,0.010204551,0,0
854537,Unknown Player,24/25,2025,0,0.010196962,0,0
795437,Unknown Player,24/25,2025,0,0.0101955915,0,0
208077,Unknown Player,24/25,2025,0,0.010192512,0,0
189231,Unknown Player,24/25,2025,0,0.010168755,0,0
1225835,Unknown Player,24/25,2025,0,0.0101613905,0,0
427576,Unknown Player,24/25,2025,0,0.010141759,0,0
167900,Unknown Player,24/25,2025,0,0.010134128,0,0
423608,Unknown Player,24/25,2025,0,0.010132224,0,0
422929,Unknown Player,24/25,2025,0,0.010122162,0,0
617928,Unknown Player,24/25,2025,0,0.010120786,0,0
456111,Unknown Player,24/25,2025,0,0.01011717,0,0
537143,Unknown Player,24/25,2025,0,0.010070863,0,0
1055346,Unknown Player,24/25,2025,0,0.010067212,0,0
963675,Unknown Player,24/25,2025,0,0.010064671,0,0
393487,Unknown Player,24/25,2025,0,0.010056364,0,0
347481,Unknown Player,24/25,2025,0,0.010050062,0,0
635904,Unknown Player,24/25,2025,0,0.0100500295,0,0
895667,Unknown Player,24/25,2025,0,0.010032416,0,0
11111,Unknown Player,24/25,2025,0,0.009966688,0,0
363466,Unknown Player,24/25,2025,0,0.009961114,0,0
613449,Unknown Player,24/25,2025,0,0.009958176,0,0
832992,Unknown Player,24/25,2025,0,0.009957847,0,0
321234,Unknown Player,24/25,2025,0,0.009927506,0,0
213911,Unknown Player,24/25,2025,0,0.009925762,0,0
808213,Unknown Player,24/25,2025,0,0.009916567,0,0
967319,Unknown Player,24/25,2025,0,0.009886836,0,0
598098,Unknown Player,24/25,2025,0,0.009852703,0,0
353479,Unknown Player,24/25,2025,0,0.009845337,0,0
287663,Unknown Player,24/25,2025,0,0.009833184,0,0
981399,Unknown Player,24/25,2025,0,0.009807117,0,0
1369810,Unknown Player,24/25,2025,0,0.009802335,0,0
1166976,Unknown Player,24/25,2025,0,0.009798064,0,0
487346,Unknown Player,24/25,2025,0,0.009785997,0,0
536506,Unknown Player,24/25,2025,0,0.009768347,0,0
354678,Unknown Player,24/25,2025,0,0.009768039,0,0
823992,Unknown Player,24/25,2025,0,0.009755935,0,0
644159,Unknown Player,24/25,2025,0,0.009752503,0,0
646404,Unknown Player,24/25,2025,0,0.009740767,0,0
284306,Unknown Player,24/25,2025,0,0.009719664,0,0
657479,Unknown Player,24/25,2025,0,0.009618247,0,0
126225,Unknown Player,24/25,2025,0,0.009586507,0,0
993645,Unknown Player,24/25,2025,0,0.009578601,0,0
666588,Unknown Player,24/25,2025,0,0.009571059,0,0
676411,Unknown Player,24/25,2025,0,0.009557544,0,0
423614,Unknown Player,24/25,2025,0,0.00955684,0,0
336959,Unknown Player,24/25,2025,0,0.0095491065,0,0
167904,Unknown Player,24/25,2025,0,0.009544747,0,0
568177,Unknown Player,24/25,2025,0,0.009514789,0,0
358874,Unknown Player,24/25,2025,0,0.009510211,0,0
199896,Unknown Player,24/25,2025,0,0.009493544,0,0
183383,Unknown Player,24/25,2025,0,0.0094617065,0,0
670717,Unknown Player,24/25,2025,0,0.009444597,0,0
85177,Unknown Player,24/25,2025,0,0.009436365,0,0
811779,Unknown Player,24/25,2025,0,0.009430631,0,0
463603,Unknown Player,24/25,2025,0,0.0094215395,0,0
200615,Unknown Player,24/25,2025,0,0.009409074,0,0
1285176,Unknown Player,24/25,2025,0,0.009401588,0,0
345083,Unknown Player,24/25,2025,0,0.0093951905,0,0
85370,Unknown Player,24/25,2025,0,0.009383792,0,0
145553,Unknown Player,24/25,2025,0,0.009361535,0,0
453508,Unknown Player,24/25,2025,0,0.009334661,0,0
399990,Unknown Player,24/25,2025,0,0.0093095815,0,0
559320,Unknown Player,24/25,2025,0,0.009296626,0,0
871339,Unknown Player,24/25,2025,0,0.009278505,0,0
796435,Unknown Player,24/25,2025,0,0.00927649,0,0
265132,Unknown Player,24/25,2025,0,0.009272485,0,0
224044,Unknown Player,24/25,2025,0,0.009247667,0,0
197981,Unknown Player,24/25,2025,0,0.00921397,0,0
568148,Unknown Player,24/25,2025,0,0.009210766,0,0
823762,Unknown Player,24/25,2025,0,0.009210497,0,0
967813,Unknown Player,24/25,2025,0,0.009192065,0,0
943636,Unknown Player,24/25,2025,0,0.00918531,0,0
899819,Unknown Player,24/25,2025,0,0.009170619,0,0
508941,Unknown Player,24/25,2025,0,0.009150429,0,0
56223,Unknown Player,24/25,2025,0,0.009148419,0,0
630985,Unknown Player,24/25,2025,0,0.009099236,0,0
986733,Unknown Player,24/25,2025,0,0.009098694,0,0
677382,Unknown Player,24/25,2025,0,0.009098423,0,0
941155,Unknown Player,24/25,2025,0,0.009040348,0,0
396106,Unknown Player,24/25,2025,0,0.0090040285,0,0
277972,Unknown Player,24/25,2025,0,0.009001182,0,0
849632,Unknown Player,24/25,2025,0,0.0089978995,0,0
998205,Unknown Player,24/25,2025,0,0.00899563,0,0
429983,Unknown Player,24/25,2025,0,0.008991617,0,0
1175284,Unknown Player,24/25,2025,0,0.008974574,0,0
928051,Unknown Player,24/25,2025,0,0.008934082,0,0
738477,Unknown Player,24/25,2025,0,0.0089130225,0,0
615917,Unknown Player,24/25,2025,0,0.00890847,0,0
747258,Unknown Player,24/25,2025,0,0.008902868,0,0
646672,Unknown Player,24/25,2025,0,0.008891003,0,0
1105529,Unknown Player,24/25,2025,0,0.008862995,0,0
475149,Unknown Player,24/25,2025,0,0.008860029,0,0
512111,Unknown Player,24/25,2025,0,0.008831042,0,0
635324,Unknown Player,24/25,2025,0,0.008818096,0,0
418144,Unknown Player,24/25,2025,0,0.0088047935,0,0
457778,Unknown Player,24/25,2025,0,0.008801594,0,0
395237,Unknown Player,24/25,2025,0,0.008786349,0,0
146618,Unknown Player,24/25,2025,0,0.008784435,0,0
797734,Unknown Player,24/25,2025,0,0.008779179,0,0
135872,Unknown Player,24/25,2025,0,0.008742979,0,0
515112,Unknown Player,24/25,2025,1,0.00873938,0,1
1105549,Unknown Player,24/25,2025,0,0.008727442,0,0
199767,Unknown Player,24/25,2025,0,0.008720956,0,0
631094,Unknown Player,24/25,2025,0,0.0087204315,0,0
120977,Unknown Player,24/25,2025,0,0.008700944,0,0
924790,Unknown Player,24/25,2025,0,0.008675244,0,0
458739,Unknown Player,24/25,2025,0,0.008675121,0,0
631221,Unknown Player,24/25,2025,0,0.008672816,0,0
163628,Unknown Player,24/25,2025,0,0.0086479625,0,0
93935,Unknown Player,24/25,2025,0,0.0086408,0,0
187673,Unknown Player,24/25,2025,0,0.008635666,0,0
334705,Unknown Player,24/25,2025,0,0.008631186,0,0
1042499,Unknown Player,24/25,2025,0,0.008627592,0,0
866241,Unknown Player,24/25,2025,0,0.00860861,0,0
22686,Unknown Player,24/25,2025,0,0.008589626,0,0
649726,Unknown Player,24/25,2025,0,0.0085643735,0,0
628451,Unknown Player,24/25,2025,0,0.008554622,0,0
1048452,Unknown Player,24/25,2025,0,0.008531866,0,0
246963,Unknown Player,24/25,2025,0,0.008503617,0,0
819369,Unknown Player,24/25,2025,0,0.008487815,0,0
370704,Unknown Player,24/25,2025,0,0.008480956,0,0
890232,Unknown Player,24/25,2025,0,0.008473053,0,0
780136,Unknown Player,24/25,2025,0,0.008470597,0,0
166661,Unknown Player,24/25,2025,0,0.008448243,0,0
358664,Unknown Player,24/25,2025,0,0.008413594,0,0
107612,Unknown Player,24/25,2025,0,0.008413363,0,0
465606,Unknown Player,24/25,2025,0,0.008407764,0,0
355444,Unknown Player,24/25,2025,0,0.0084074745,0,0
1058396,Unknown Player,24/25,2025,0,0.008402069,0,0
571422,Unknown Player,24/25,2025,0,0.00839776,0,0
788283,Unknown Player,24/25,2025,0,0.008392334,0,0
723010,Unknown Player,24/25,2025,0,0.008390119,0,0
335740,Unknown Player,24/25,2025,0,0.008380207,0,0
125561,Unknown Player,24/25,2025,0,0.008380026,0,0
200195,Unknown Player,24/25,2025,0,0.008374504,0,0
593357,Unknown Player,24/25,2025,0,0.008355328,0,0
1079183,Unknown Player,24/25,2025,0,0.008342521,0,0
511545,Unknown Player,24/25,2025,0,0.008335751,0,0
325602,Unknown Player,24/25,2025,0,0.00832282,0,0
303116,Unknown Player,24/25,2025,0,0.008302859,0,0
376083,Unknown Player,24/25,2025,0,0.008291649,0,0
799418,Unknown Player,24/25,2025,0,0.008272635,0,0
355630,Unknown Player,24/25,2025,0,0.0082553495,0,0
199070,Unknown Player,24/25,2025,0,0.008254046,0,0
972367,Unknown Player,24/25,2025,0,0.008221175,0,0
558269,Unknown Player,24/25,2025,0,0.008217078,0,0
990202,Unknown Player,24/25,2025,0,0.008213965,0,0
402580,Unknown Player,24/25,2025,0,0.0082066385,0,0
113797,Unknown Player,24/25,2025,0,0.008197763,0,0
617074,Unknown Player,24/25,2025,0,0.0081937015,0,0
743381,Unknown Player,24/25,2025,0,0.008186814,0,0
202914,Unknown Player,24/25,2025,0,0.00815574,0,0
280978,Unknown Player,24/25,2025,0,0.008153642,0,0
818237,Unknown Player,24/25,2025,0,0.008140775,0,0
163243,Unknown Player,24/25,2025,0,0.008140745,0,0
845563,Unknown Player,24/25,2025,0,0.008113626,0,0
595273,Unknown Player,24/25,2025,0,0.008108877,0,0
745952,Unknown Player,24/25,2025,0,0.008106982,0,0
549313,Unknown Player,24/25,2025,0,0.008106745,0,0
587606,Unknown Player,24/25,2025,0,0.008103709,0,0
711381,Unknown Player,24/25,2025,0,0.008081676,0,0
1040077,Unknown Player,24/25,2025,0,0.00807274,0,0
706332,Unknown Player,24/25,2025,0,0.008057538,0,0
533321,Unknown Player,24/25,2025,0,0.008057292,0,0
981713,Unknown Player,24/25,2025,0,0.008051676,0,0
678447,Unknown Player,24/25,2025,0,0.00804116,0,0
263856,Unknown Player,24/25,2025,0,0.008023663,0,0
945760,Unknown Player,24/25,2025,0,0.008020969,0,0
138295,Unknown Player,24/25,2025,0,0.008015208,0,0
185551,Unknown Player,24/25,2025,0,0.008006569,0,0
333923,Unknown Player,24/25,2025,0,0.00800226,0,0
279144,Unknown Player,24/25,2025,0,0.007998714,0,0
420002,Unknown Player,24/25,2025,0,0.007991657,0,0
594227,Unknown Player,24/25,2025,0,0.00797958,0,0
937543,Unknown Player,24/25,2025,0,0.007973023,0,0
677958,Unknown Player,24/25,2025,0,0.007972016,0,0
508780,Unknown Player,24/25,2025,0,0.007969185,0,0
457448,Unknown Player,24/25,2025,0,0.007935384,0,0
916497,Unknown Player,24/25,2025,0,0.007914244,0,0
349715,Unknown Player,24/25,2025,0,0.007902685,0,0
457875,Unknown Player,24/25,2025,0,0.007898334,0,0
138144,Unknown Player,24/25,2025,0,0.007865275,0,0
300536,Unknown Player,24/25,2025,0,0.00785983,0,0
1159786,Unknown Player,24/25,2025,0,0.007859621,0,0
949275,Unknown Player,24/25,2025,0,0.007852196,0,0
358250,Unknown Player,24/25,2025,0,0.007839501,0,0
195456,Unknown Player,24/25,2025,0,0.007836379,0,0
924800,Unknown Player,24/25,2025,0,0.007830346,0,0
386574,Unknown Player,24/25,2025,0,0.007817157,0,0
908768,Unknown Player,24/25,2025,0,0.0078036515,0,0
167874,Unknown Player,24/25,2025,0,0.0077931024,0,0
325896,Unknown Player,24/25,2025,0,0.007790434,0,0
1064471,Unknown Player,24/25,2025,0,0.0077689826,0,0
165007,Unknown Player,24/25,2025,0,0.0077663544,0,0
438927,Unknown Player,24/25,2025,0,0.0077305036,0,0
591957,Unknown Player,24/25,2025,0,0.0077284267,0,0
545567,Unknown Player,24/25,2025,0,0.0077259406,0,0
1006411,Unknown Player,24/25,2025,0,0.0077158064,0,0
329145,Unknown Player,24/25,2025,0,0.0076976973,0,0
638582,Unknown Player,24/25,2025,0,0.007694223,0,0
369267,Unknown Player,24/25,2025,0,0.007694013,0,0
1233680,Unknown Player,24/25,2025,0,0.0076644635,0,0
809986,Unknown Player,24/25,2025,0,0.0076626902,0,0
934796,Unknown Player,24/25,2025,0,0.007647795,0,0
818546,Unknown Player,24/25,2025,0,0.0076441877,0,0
817330,Unknown Player,24/25,2025,0,0.007621495,0,0
1317650,Unknown Player,24/25,2025,0,0.0076171216,0,0
314773,Unknown Player,24/25,2025,0,0.007607475,0,0
1038851,Unknown Player,24/25,2025,0,0.0075919856,0,0
1004327,Unknown Player,24/25,2025,0,0.007586261,0,0
1175205,Unknown Player,24/25,2025,0,0.007582299,0,0
629005,Unknown Player,24/25,2025,0,0.0075710947,0,0
499604,Unknown Player,24/25,2025,0,0.0075663086,0,0
583920,Unknown Player,24/25,2025,0,0.0075575844,0,0
895591,Unknown Player,24/25,2025,0,0.00755131,0,0
1043709,Unknown Player,24/25,2025,0,0.0075508924,0,0
131101,Unknown Player,24/25,2025,0,0.007526636,0,0
241380,Unknown Player,24/25,2025,0,0.0075249937,0,0
134883,Unknown Player,24/25,2025,0,0.007521522,0,0
595530,Unknown Player,24/25,2025,0,0.007516879,0,0
938105,Unknown Player,24/25,2025,0,0.007510482,0,0
104555,Unknown Player,24/25,2025,0,0.0075023538,0,0
468264,Unknown Player,24/25,2025,0,0.007482079,0,0
391237,Unknown Player,24/25,2025,0,0.0074770167,0,0
400104,Unknown Player,24/25,2025,0,0.0074503436,0,0
343153,Unknown Player,24/25,2025,0,0.007423803,0,0
745178,Unknown Player,24/25,2025,0,0.007423171,0,0
741267,Unknown Player,24/25,2025,0,0.0074131647,0,0
1004708,Unknown Player,24/25,2025,0,0.0074103056,0,0
1068318,Unknown Player,24/25,2025,0,0.007374048,0,0
539631,Unknown Player,24/25,2025,0,0.0073703662,0,0
617408,Unknown Player,24/25,2025,0,0.0073409434,0,0
222977,Unknown Player,24/25,2025,0,0.007321947,0,0
125786,Unknown Player,24/25,2025,0,0.007285718,0,0
818422,Unknown Player,24/25,2025,0,0.007285249,0,0
60551,Unknown Player,24/25,2025,0,0.0072692684,0,0
713479,Unknown Player,24/25,2025,0,0.0072437907,0,0
1231993,Unknown Player,24/25,2025,0,0.0072147963,0,0
818880,Unknown Player,24/25,2025,0,0.0072096754,0,0
636686,Unknown Player,24/25,2025,0,0.0072037256,0,0
545647,Unknown Player,24/25,2025,0,0.0071984753,0,0
580560,Unknown Player,24/25,2025,0,0.0071882666,0,0
287710,Unknown Player,24/25,2025,0,0.0071672155,0,0
358505,Unknown Player,24/25,2025,0,0.0071626157,0,0
397115,Unknown Player,24/25,2025,0,0.0071472507,0,0
160350,Unknown Player,24/25,2025,0,0.0071280133,0,0
1047098,Unknown Player,24/25,2025,0,0.0071113277,0,0
528892,Unknown Player,24/25,2025,0,0.007107585,0,0
669219,Unknown Player,24/25,2025,0,0.007100535,0,0
1060893,Unknown Player,24/25,2025,0,0.007098653,0,0
980242,Unknown Player,24/25,2025,0,0.0070933853,0,0
897651,Unknown Player,24/25,2025,0,0.0070903054,0,0
912468,Unknown Player,24/25,2025,0,0.007089024,0,0
287651,Unknown Player,24/25,2025,0,0.007088581,0,0
271455,Unknown Player,24/25,2025,0,0.00708547,0,0
156566,Unknown Player,24/25,2025,0,0.0070828474,0,0
230826,Unknown Player,24/25,2025,0,0.0070663574,0,0
925105,Unknown Player,24/25,2025,0,0.0070624845,0,0
691476,Unknown Player,24/25,2025,0,0.007050406,0,0
620696,Unknown Player,24/25,2025,0,0.007047123,0,0
237204,Unknown Player,24/25,2025,0,0.00703578,0,0
672836,Unknown Player,24/25,2025,0,0.007029078,0,0
926530,Unknown Player,24/25,2025,0,0.007025833,0,0
79510,Unknown Player,24/25,2025,0,0.0070062927,0,0
297194,Unknown Player,24/25,2025,0,0.0070039774,0,0
664581,Unknown Player,24/25,2025,0,0.0069977357,0,0
180215,Unknown Player,24/25,2025,0,0.00697825,0,0
405682,Unknown Player,24/25,2025,0,0.0069635054,0,0
717329,Unknown Player,24/25,2025,0,0.006950753,0,0
458777,Unknown Player,24/25,2025,0,0.0069471993,0,0
145840,Unknown Player,24/25,2025,0,0.0069399555,0,0
678371,Unknown Player,24/25,2025,0,0.006934368,0,0
459102,Unknown Player,24/25,2025,0,0.0069300025,0,0
1120251,Unknown Player,24/25,2025,0,0.0069281026,0,0
278092,Unknown Player,24/25,2025,0,0.006906529,0,0
288716,Unknown Player,24/25,2025,0,0.006905404,0,0
821350,Unknown Player,24/25,2025,0,0.006894442,0,0
335591,Unknown Player,24/25,2025,0,0.0068712807,0,0
70627,Unknown Player,24/25,2025,0,0.006850318,0,0
959241,Unknown Player,24/25,2025,0,0.006835612,0,0
200167,Unknown Player,24/25,2025,0,0.006824905,0,0
431190,Unknown Player,24/25,2025,0,0.0068011764,0,0
487465,Unknown Player,24/25,2025,0,0.0067936536,0,0
537371,Unknown Player,24/25,2025,0,0.0067909863,0,0
63596,Unknown Player,24/25,2025,0,0.006775239,0,0
148372,Unknown Player,24/25,2025,0,0.006754481,0,0
341049,Unknown Player,24/25,2025,0,0.0067491215,0,0
187364,Unknown Player,24/25,2025,0,0.006736535,0,0
384789,Unknown Player,24/25,2025,0,0.006734424,0,0
534082,Unknown Player,24/25,2025,0,0.0067173014,0,0
1196829,Unknown Player,24/25,2025,0,0.0067124953,0,0
20137,Unknown Player,24/25,2025,0,0.006704819,0,0
200062,Unknown Player,24/25,2025,0,0.0066832053,0,0
351843,Unknown Player,24/25,2025,0,0.006677393,0,0
679050,Unknown Player,24/25,2025,0,0.0066634244,0,0
433358,Unknown Player,24/25,2025,0,0.0066366256,0,0
1057582,Unknown Player,24/25,2025,0,0.00661648,0,0
496996,Unknown Player,24/25,2025,0,0.006607507,0,0
459482,Unknown Player,24/25,2025,0,0.0065830545,0,0
30677,Unknown Player,24/25,2025,0,0.0065088347,0,0
321071,Unknown Player,24/25,2025,0,0.006497747,0,0
1299566,Unknown Player,24/25,2025,0,0.0064910026,0,0
698536,Unknown Player,24/25,2025,0,0.006463729,0,0
820285,Unknown Player,24/25,2025,0,0.006461766,0,0
72121,Unknown Player,24/25,2025,0,0.00646161,0,0
110822,Unknown Player,24/25,2025,0,0.006456004,0,0
46552,Unknown Player,24/25,2025,0,0.0064439797,0,0
213975,Unknown Player,24/25,2025,0,0.006415248,0,0
1296419,Unknown Player,24/25,2025,0,0.0064065587,0,0
860078,Unknown Player,24/25,2025,0,0.0064061033,0,0
293002,Unknown Player,24/25,2025,0,0.0063986895,0,0
1291073,Unknown Player,24/25,2025,0,0.006384699,0,0
240252,Unknown Player,24/25,2025,0,0.006357968,0,0
104688,Unknown Player,24/25,2025,0,0.00635132,0,0
324806,Unknown Player,24/25,2025,0,0.0063427463,0,0
289257,Unknown Player,24/25,2025,0,0.006328367,0,0
294388,Unknown Player,24/25,2025,0,0.0063102343,0,0
623036,Unknown Player,24/25,2025,0,0.0063101714,0,0
717957,Unknown Player,24/25,2025,0,0.0063094026,0,0
650224,Unknown Player,24/25,2025,0,0.0062966477,0,0
550492,Unknown Player,24/25,2025,0,0.0062920605,0,0
378482,Unknown Player,24/25,2025,0,0.0062770136,0,0
426084,Unknown Player,24/25,2025,0,0.006255806,0,0
168088,Unknown Player,24/25,2025,0,0.0062393905,0,0
837269,Unknown Player,24/25,2025,0,0.0062341294,0,0
84766,Unknown Player,24/25,2025,0,0.0062098643,0,0
1202991,Unknown Player,24/25,2025,0,0.006186757,0,0
543387,Unknown Player,24/25,2025,0,0.0061840923,0,0
632904,Unknown Player,24/25,2025,0,0.006164474,0,0
700078,Unknown Player,24/25,2025,0,0.0061594597,0,0
757905,Unknown Player,24/25,2025,0,0.0061417087,0,0
719683,Unknown Player,24/25,2025,0,0.0060980245,0,0
536081,Unknown Player,24/25,2025,0,0.0060920566,0,0
565911,Unknown Player,24/25,2025,0,0.006082925,0,0
838771,Unknown Player,24/25,2025,0,0.0060778647,0,0
297370,Unknown Player,24/25,2025,0,0.0060760565,0,0
703767,Unknown Player,24/25,2025,0,0.006073399,0,0
197751,Unknown Player,24/25,2025,0,0.0060379277,0,0
780941,Unknown Player,24/25,2025,0,0.006012366,0,0
746974,Unknown Player,24/25,2025,0,0.006005471,0,0
824052,Unknown Player,24/25,2025,0,0.0059973644,0,0
699783,Unknown Player,24/25,2025,0,0.005986362,0,0
374089,Unknown Player,24/25,2025,0,0.005985179,0,0
1176433,Unknown Player,24/25,2025,0,0.0059832134,0,0
87854,Unknown Player,24/25,2025,0,0.0059800833,0,0
223997,Unknown Player,24/25,2025,0,0.0059723896,0,0
567102,Unknown Player,24/25,2025,0,0.0059706746,0,0
195628,Unknown Player,24/25,2025,0,0.0059624277,0,0
461937,Unknown Player,24/25,2025,0,0.0059613087,0,0
936571,Unknown Player,24/25,2025,0,0.005960458,0,0
611498,Unknown Player,24/25,2025,0,0.0059446893,0,0
449443,Unknown Player,24/25,2025,0,0.00591674,0,0
747267,Unknown Player,24/25,2025,0,0.0059124753,0,0
923838,Unknown Player,24/25,2025,0,0.005886837,0,0
103890,Unknown Player,24/25,2025,0,0.005867057,0,0
331505,Unknown Player,24/25,2025,0,0.0058608972,0,0
493003,Unknown Player,24/25,2025,0,0.005852221,0,0
709215,Unknown Player,24/25,2025,0,0.0058399304,0,0
271281,Unknown Player,24/25,2025,0,0.0058264523,0,0
277381,Unknown Player,24/25,2025,0,0.0057947114,0,0
720532,Unknown Player,24/25,2025,0,0.0057884897,0,0
286375,Unknown Player,24/25,2025,0,0.0057825786,0,0
199583,Unknown Player,24/25,2025,0,0.0057799174,0,0
333370,Unknown Player,24/25,2025,0,0.0057731695,0,0
646353,Unknown Player,24/25,2025,0,0.005755298,0,0
374418,Unknown Player,24/25,2025,0,0.00573559,0,0
253341,Unknown Player,24/25,2025,0,0.0057332683,0,0
335765,Unknown Player,24/25,2025,0,0.0057235914,0,0
372802,Unknown Player,24/25,2025,0,0.0057176575,0,0
512690,Unknown Player,24/25,2025,0,0.00570111,0,0
847279,Unknown Player,24/25,2025,0,0.005675529,0,0
610889,Unknown Player,24/25,2025,0,0.0056752656,0,0
1047101,Unknown Player,24/25,2025,0,0.0056736837,0,0
537232,Unknown Player,24/25,2025,0,0.005651507,0,0
435501,Unknown Player,24/25,2025,0,0.005643356,0,0
743597,Unknown Player,24/25,2025,0,0.0056385123,0,0
663939,Unknown Player,24/25,2025,0,0.005612247,0,0
443989,Unknown Player,24/25,2025,0,0.0056002797,0,0
1082850,Unknown Player,24/25,2025,0,0.0055980603,0,0
537599,Unknown Player,24/25,2025,0,0.0055855317,0,0
463790,Unknown Player,24/25,2025,0,0.005582024,0,0
637446,Unknown Player,24/25,2025,0,0.0055758995,0,0
160560,Unknown Player,24/25,2025,0,0.0055693015,0,0
401437,Unknown Player,24/25,2025,0,0.0055513987,0,0
816006,Unknown Player,24/25,2025,0,0.005543037,0,0
1205311,Unknown Player,24/25,2025,0,0.005539954,0,0
91241,Unknown Player,24/25,2025,0,0.00552225,0,0
617698,Unknown Player,24/25,2025,0,0.0054885144,0,0
911810,Unknown Player,24/25,2025,0,0.005476864,0,0
711383,Unknown Player,24/25,2025,0,0.0054614963,0,0
820999,Unknown Player,24/25,2025,0,0.00545057,0,0
745728,Unknown Player,24/25,2025,0,0.005441362,0,0
473201,Unknown Player,24/25,2025,0,0.005439283,0,0
422052,Unknown Player,24/25,2025,0,0.00542762,0,0
661150,Unknown Player,24/25,2025,0,0.0054044416,0,0
892932,Unknown Player,24/25,2025,0,0.0053971135,0,0
312208,Unknown Player,24/25,2025,0,0.005393605,0,0
285913,Unknown Player,24/25,2025,0,0.005383383,0,0
169368,Unknown Player,24/25,2025,0,0.0053765494,0,0
571827,Unknown Player,24/25,2025,0,0.0053744665,0,0
636093,Unknown Player,24/25,2025,0,0.0053698756,0,0
987442,Unknown Player,24/25,2025,0,0.0053698705,0,0
466807,Unknown Player,24/25,2025,0,0.0053594513,0,0
628308,Unknown Player,24/25,2025,0,0.00535258,0,0
676266,Unknown Player,24/25,2025,0,0.005330314,0,0
249102,Unknown Player,24/25,2025,0,0.0053263484,0,0
126161,Unknown Player,24/25,2025,1,0.0053036883,0,1
373916,Unknown Player,24/25,2025,0,0.005303145,0,0
724881,Unknown Player,24/25,2025,0,0.0052625416,0,0
107444,Unknown Player,24/25,2025,0,0.0052570007,0,0
599593,Unknown Player,24/25,2025,0,0.0052274503,0,0
967889,Unknown Player,24/25,2025,0,0.0052253357,0,0
992501,Unknown Player,24/25,2025,0,0.0052179326,0,0
533568,Unknown Player,24/25,2025,0,0.0052066357,0,0
340691,Unknown Player,24/25,2025,0,0.005199535,0,0
191745,Unknown Player,24/25,2025,0,0.0051898877,0,0
626724,Unknown Player,24/25,2025,0,0.0051862723,0,0
579280,Unknown Player,24/25,2025,0,0.0051824553,0,0
197272,Unknown Player,24/25,2025,0,0.005165959,0,0
217576,Unknown Player,24/25,2025,0,0.005145576,0,0
354666,Unknown Player,24/25,2025,0,0.0051412107,0,0
85383,Unknown Player,24/25,2025,0,0.0051227543,0,0
525576,Unknown Player,24/25,2025,0,0.005121044,0,0
643707,Unknown Player,24/25,2025,0,0.005094027,0,0
633492,Unknown Player,24/25,2025,0,0.0050770063,0,0
718177,Unknown Player,24/25,2025,0,0.0050688237,0,0
1113634,Unknown Player,24/25,2025,0,0.0050498997,0,0
708099,Unknown Player,24/25,2025,0,0.005039271,0,0
533354,Unknown Player,24/25,2025,0,0.005032562,0,0
706797,Unknown Player,24/25,2025,0,0.0050151907,0,0
77757,Unknown Player,24/25,2025,0,0.005012039,0,0
1110023,Unknown Player,24/25,2025,0,0.004990607,0,0
943893,Unknown Player,24/25,2025,0,0.0049857316,0,0
369563,Unknown Player,24/25,2025,0,0.004959569,0,0
812996,Unknown Player,24/25,2025,0,0.0049575763,0,0
566965,Unknown Player,24/25,2025,0,0.0049523567,0,0
236168,Unknown Player,24/25,2025,0,0.0049386905,0,0
375044,Unknown Player,24/25,2025,0,0.00491681,0,0
601166,Unknown Player,24/25,2025,0,0.004912284,0,0
563754,Unknown Player,24/25,2025,0,0.0048946384,0,0
195335,Unknown Player,24/25,2025,0,0.0048921425,0,0
343213,Unknown Player,24/25,2025,0,0.0048882486,0,0
279473,Unknown Player,24/25,2025,0,0.0048760585,0,0
542456,Unknown Player,24/25,2025,0,0.0048474954,0,0
724112,Unknown Player,24/25,2025,0,0.0048407717,0,0
560725,Unknown Player,24/25,2025,0,0.0048262323,0,0
207561,Unknown Player,24/25,2025,0,0.004794676,0,0
183198,Unknown Player,24/25,2025,0,0.0047928896,0,0
349712,Unknown Player,24/25,2025,0,0.0047840117,0,0
623040,Unknown Player,24/25,2025,0,0.004781454,0,0
439341,Unknown Player,24/25,2025,0,0.004763821,0,0
212391,Unknown Player,24/25,2025,0,0.0047630304,0,0
724068,Unknown Player,24/25,2025,0,0.004748288,0,0
636712,Unknown Player,24/25,2025,0,0.004740363,0,0
524008,Unknown Player,24/25,2025,0,0.004740268,0,0
656316,Unknown Player,24/25,2025,0,0.004737792,0,0
689637,Unknown Player,24/25,2025,0,0.004711305,0,0
912525,Unknown Player,24/25,2025,0,0.0046879705,0,0
527329,Unknown Player,24/25,2025,0,0.004686705,0,0
662476,Unknown Player,24/25,2025,0,0.0046765083,0,0
379743,Unknown Player,24/25,2025,0,0.0046631903,0,0
1040079,Unknown Player,24/25,2025,0,0.004660095,0,0
287230,Unknown Player,24/25,2025,0,0.0046572606,0,0
277635,Unknown Player,24/25,2025,0,0.0046489323,0,0
911923,Unknown Player,24/25,2025,0,0.0045542177,0,0
718547,Unknown Player,24/25,2025,0,0.004538337,0,0
237100,Unknown Player,24/25,2025,0,0.0045301584,0,0
140559,Unknown Player,24/25,2025,0,0.00452465,0,0
1107973,Unknown Player,24/25,2025,0,0.004505218,0,0
303477,Unknown Player,24/25,2025,0,0.004505122,0,0
419025,Unknown Player,24/25,2025,0,0.0045045167,0,0
195762,Unknown Player,24/25,2025,0,0.004501039,0,0
604616,Unknown Player,24/25,2025,0,0.004463415,0,0
550446,Unknown Player,24/25,2025,0,0.004458288,0,0
612093,Unknown Player,24/25,2025,0,0.004444038,0,0
839807,Unknown Player,24/25,2025,0,0.004440442,0,0
1064391,Unknown Player,24/25,2025,0,0.0044309604,0,0
1185046,Unknown Player,24/25,2025,0,0.004421872,0,0
303766,Unknown Player,24/25,2025,0,0.0044104275,0,0
534166,Unknown Player,24/25,2025,0,0.0043835957,0,0
459697,Unknown Player,24/25,2025,0,0.00437503,0,0
76163,Unknown Player,24/25,2025,0,0.004357127,0,0
892221,Unknown Player,24/25,2025,0,0.004309447,0,0
1120173,Unknown Player,24/25,2025,0,0.0043074484,0,0
282724,Unknown Player,24/25,2025,0,0.004303922,0,0
646699,Unknown Player,24/25,2025,0,0.0042810696,0,0
886909,Unknown Player,24/25,2025,0,0.004279501,0,0
939344,Unknown Player,24/25,2025,0,0.004251665,0,0
1180701,Unknown Player,24/25,2025,0,0.0042501106,0,0
778540,Unknown Player,24/25,2025,0,0.0042003887,0,0
205436,Unknown Player,24/25,2025,0,0.0041490877,0,0
808428,Unknown Player,24/25,2025,0,0.0041201864,0,0
302371,Unknown Player,24/25,2025,0,0.0041175713,0,0
638666,Unknown Player,24/25,2025,0,0.0041077556,0,0
626888,Unknown Player,24/25,2025,0,0.004092718,0,0
730406,Unknown Player,24/25,2025,0,0.004039501,0,0
227618,Unknown Player,24/25,2025,0,0.004020286,0,0
98512,Unknown Player,24/25,2025,0,0.0039652446,0,0
1048199,Unknown Player,24/25,2025,0,0.0039392705,0,0
342195,Unknown Player,24/25,2025,0,0.003934641,0,0
403692,Unknown Player,24/25,2025,0,0.0039314018,0,0
812397,Unknown Player,24/25,2025,0,0.003891949,0,0
942988,Unknown Player,24/25,2025,0,0.0038610594,0,0
540378,Unknown Player,24/25,2025,0,0.0038580585,0,0
237125,Unknown Player,24/25,2025,0,0.0038528356,0,0
106676,Unknown Player,24/25,2025,0,0.0038061193,0,0
988977,Unknown Player,24/25,2025,0,0.0037987952,0,0
728861,Unknown Player,24/25,2025,0,0.003795943,0,0
892929,Unknown Player,24/25,2025,0,0.0037562628,0,0
217145,Unknown Player,24/25,2025,0,0.0037491429,0,0
266795,Unknown Player,24/25,2025,0,0.0037378431,0,0
1013853,Unknown Player,24/25,2025,0,0.0037046685,0,0
652698,Unknown Player,24/25,2025,0,0.003695835,0,0
267113,Unknown Player,24/25,2025,0,0.0036917655,0,0
559172,Unknown Player,24/25,2025,0,0.0036531966,0,0
175445,Unknown Player,24/25,2025,0,0.0036416315,0,0
818544,Unknown Player,24/25,2025,0,0.0036198208,0,0
466637,Unknown Player,24/25,2025,0,0.0035619857,0,0
659331,Unknown Player,24/25,2025,0,0.0035066346,0,0
874947,Unknown Player,24/25,2025,0,0.003428892,0,0
220491,Unknown Player,24/25,2025,0,0.0034032802,0,0
217094,Unknown Player,24/25,2025,0,0.0033772464,0,0
364711,Unknown Player,24/25,2025,0,0.0033219133,0,0
1087262,Unknown Player,24/25,2025,0,0.0033197445,0,0
289433,Unknown Player,24/25,2025,0,0.0033110124,0,0
711633,Unknown Player,24/25,2025,0,0.0033088163,0,0
618903,Unknown Player,24/25,2025,0,0.0033067348,0,0
458187,Unknown Player,24/25,2025,0,0.0032485675,0,0
207014,Unknown Player,24/25,2025,0,0.00320035,0,0
505548,Unknown Player,24/25,2025,0,0.0031610772,0,0
745960,Unknown Player,24/25,2025,0,0.0031479357,0,0
544148,Unknown Player,24/25,2025,0,0.003146528,0,0
198981,Unknown Player,24/25,2025,0,0.0031443196,0,0
289117,Unknown Player,24/25,2025,0,0.0031118782,0,0
197791,Unknown Player,24/25,2025,0,0.0030957977,0,0
347138,Unknown Player,24/25,2025,0,0.0030935204,0,0
908229,Unknown Player,24/25,2025,0,0.0030822032,0,0
342288,Unknown Player,24/25,2025,0,0.0030555993,0,0
356141,Unknown Player,24/25,2025,0,0.0030482335,0,0
623519,Unknown Player,24/25,2025,0,0.0030411298,0,0
435778,Unknown Player,24/25,2025,0,0.0030398795,0,0
143045,Unknown Player,24/25,2025,0,0.0029466895,0,0
163649,Unknown Player,24/25,2025,0,0.0029306891,0,0
1126888,Unknown Player,24/25,2025,0,0.0028695466,0,0
764859,Unknown Player,24/25,2025,0,0.0028237363,0,0
589911,Unknown Player,24/25,2025,0,0.0028071108,0,0
89733,Unknown Player,24/25,2025,0,0.0025877664,0,0
930756,Unknown Player,24/25,2025,0,0.0024302874,0,0
257727,Unknown Player,24/25,2025,0,0.0022412892,0,0
492955,Unknown Player,24/25,2025,0,0.0022389381,0,0
988979,Unknown Player,24/25,2025,0,0.0020283735,0,0
785353,Unknown Player,24/25,2025,0,0.0012870394,0,0
