player_id,player_name,season_name,summer_year,target,transfer_probability,predicted_label,error_type
965038,Jaime Escobar,24/25,2025,1,0.6557937406996305,1,correct
1065246,Sergio Huecas,24/25,2025,0,0.6509832002587448,1,false_positive
1055223,Isi Angulo,24/25,2025,1,0.6491803115283796,1,correct
659713,Gerson Sousa,24/25,2025,1,0.6448946324130267,1,correct
927107,Ni,24/25,2025,1,0.6433704813567062,1,correct
585536,Jonny Arriba,24/25,2025,1,0.6432304214853388,1,correct
704175,Alessandro Orfei,24/25,2025,1,0.6405345827886925,1,correct
946275,Ian Forns,24/25,2025,1,0.6401886563828042,1,correct
1088323,Javi Sola,24/25,2025,0,0.6399251252190741,1,false_positive
1334837,Jacobo de Oro,24/25,2025,0,0.6398770298410251,1,false_positive
741295,Enrique Herrero,24/25,2025,0,0.6385356445856503,1,false_positive
1055075,Flavio Ferrari,24/25,2025,0,0.6371297095615504,1,false_positive
658546,Daniele Bolcano,24/25,2025,1,0.6362405050994727,1,correct
715819,Kensly Vázquez,24/25,2025,1,0.6357545230011755,1,correct
398742,Tommaso Spaviero,24/25,2025,1,0.6349721770863217,1,correct
783419,Álvaro García,24/25,2025,1,0.6345182319456079,1,correct
543725,Ákos Zuigéber,24/25,2025,1,0.6339062268367399,1,correct
1045767,Pablo Muñoz,24/25,2025,1,0.633881883080942,1,correct
881542,Nene,24/25,2025,1,0.6333391531669778,1,correct
979083,David López,24/25,2025,1,0.6327705418199483,1,correct
660878,Luca Bacchin,24/25,2025,0,0.6320196415839652,1,false_positive
284000,Carlos Júnior,24/25,2025,0,0.6317927062934985,1,false_positive
897617,Alessandro Torri,24/25,2025,1,0.6317924657867843,1,correct
870093,Pablo García,24/25,2025,1,0.6314309728468522,1,correct
884158,Saúl del Cerro,24/25,2025,0,0.6313356707968119,1,false_positive
1026659,Ale Morales,24/25,2025,1,0.6312629366245383,1,correct
567489,Cuba,24/25,2025,1,0.6312122400039367,1,correct
1257776,Javi Tejedor,24/25,2025,0,0.6304728008638342,1,false_positive
676422,Samuele Sorrentino,24/25,2025,1,0.6295196197826459,1,correct
1068762,Dawda Dambelleh,24/25,2025,1,0.6291871514916388,1,correct
1065763,Jorge González,24/25,2025,0,0.6291833334786462,1,false_positive
704423,Mattia Florio,24/25,2025,1,0.6286971045860832,1,correct
589768,Ton Ripoll,24/25,2025,0,0.6284750517504172,1,false_positive
1041218,Asier Pérez,24/25,2025,1,0.6284228943650082,1,correct
1041934,Jeremy Jorge,24/25,2025,1,0.6283661762931223,1,correct
1168222,Malek El Mala,24/25,2025,0,0.6277897425794233,1,false_positive
625066,Alejandro Ibarrondo,24/25,2025,1,0.6275083256190904,1,correct
931677,Miguel Carvalho,24/25,2025,1,0.6270642353918903,1,correct
1035300,Giovanni Cogo,24/25,2025,1,0.6262847575880263,1,correct
935809,Tommaso Bocci,24/25,2025,1,0.6262168211279309,1,correct
1205018,Christian Iaiunese,24/25,2025,1,0.6261534913276766,1,correct
926854,Noel López,24/25,2025,1,0.6260121723281539,1,correct
860998,Azarias Londoño,24/25,2025,0,0.6250017402478799,1,false_positive
1171468,Ángel Gómez,24/25,2025,1,0.6249674514557996,1,correct
709377,Andrés Campos,24/25,2025,1,0.6248945150080383,1,correct
635937,Fran Moreno,24/25,2025,1,0.6240746174575856,1,correct
1125701,Yago Rodríguez,24/25,2025,0,0.6238227527597947,1,false_positive
710679,Iker Benito,24/25,2025,0,0.6237955697513636,1,false_positive
641204,Mohamed Ayman Sanat,24/25,2025,1,0.6236998093671511,1,correct
1064601,Edu Llorente,24/25,2025,1,0.6235729275199414,1,correct
629383,Dani Garrido,24/25,2025,1,0.6235690574974274,1,correct
818083,Rodrigo Guedes,24/25,2025,1,0.6234512989855866,1,correct
895560,Manuel Esposito,24/25,2025,0,0.6233349728385454,1,false_positive
610622,Urko Izeta,24/25,2025,0,0.6230216119251145,1,false_positive
817270,Alberto Centis,24/25,2025,1,0.6230189270904328,1,correct
1054922,Nico Njalla,24/25,2025,1,0.6226066420164842,1,correct
951571,Bertony Renelus,24/25,2025,1,0.6225613161933471,1,correct
1168219,Said El Mala,24/25,2025,0,0.6224176874642214,1,false_positive
884850,Antonio Toral,24/25,2025,1,0.6224054399215792,1,correct
817150,Fabio Abiuso,24/25,2025,1,0.6220219431863655,1,correct
709962,Pol Muñoz,24/25,2025,1,0.6218805420609168,1,correct
568154,Lucas Cañizares,24/25,2025,1,0.6217603613823853,1,correct
455348,Víctor San Bartolomé,24/25,2025,1,0.6211579665597665,1,correct
949077,Álex Alemán,24/25,2025,1,0.6211549961319033,1,correct
1054429,Carlos Guirao,24/25,2025,0,0.6209898073755591,1,false_positive
1171530,Iker Galindo,24/25,2025,1,0.6208804299350269,1,correct
930891,Darío Germil,24/25,2025,1,0.6208601248192792,1,correct
1037696,Thomas Orfeini,24/25,2025,0,0.6206094521382268,1,false_positive
982894,Eric Iglesias,24/25,2025,1,0.6201430316939961,1,correct
783882,César Gómez,24/25,2025,1,0.6200127008909027,1,correct
602156,Guillem Molina,24/25,2025,1,0.6198666544535207,1,correct
1153922,Dylan Iglesias,24/25,2025,1,0.6198346155385595,1,correct
979760,Rayan Bamba,24/25,2025,1,0.6197827204937507,1,correct
780818,Josan Gordo,24/25,2025,1,0.6197021743960203,1,correct
933054,Enrico Morri,24/25,2025,1,0.6195030976806849,1,correct
543779,Patrik Posztobányi,24/25,2025,1,0.6194450256083438,1,correct
1066186,Víctor Mingo,24/25,2025,1,0.6194285470771818,1,correct
1238259,Pau Fernández,24/25,2025,0,0.6193449003903475,1,false_positive
420460,Giovanni Bruzzaniti,24/25,2025,1,0.6193421306540168,1,correct
266217,Cristian Bunino,24/25,2025,1,0.6191954897011036,1,correct
341019,Güven Yalçın,24/25,2025,1,0.6189623217776454,1,correct
627215,Gabriel Noga,24/25,2025,1,0.618895771396579,1,correct
340067,King Udoh,24/25,2025,1,0.6188674624000294,1,correct
1050738,Riccardo Rebaudo,24/25,2025,0,0.6186630704312545,1,false_positive
1056096,Eghosa Bello,24/25,2025,1,0.6186176814933184,1,correct
464899,Alex Escardó,24/25,2025,1,0.6186166849945,1,correct
1041169,Tomás Silva,24/25,2025,0,0.6184416138020469,1,false_positive
685793,Raúl Pesca,24/25,2025,1,0.618433402888068,1,correct
522719,Samuel Obeng,24/25,2025,1,0.6183438821999268,1,correct
1157868,Ricardo Solbes,24/25,2025,1,0.6183259186614346,1,correct
948271,Borja Alonso,24/25,2025,1,0.618173522595747,1,correct
629039,Luka Reischl,24/25,2025,1,0.6180619324539669,1,correct
718203,Manu Rico,24/25,2025,0,0.6180423364607893,1,false_positive
814434,Gian Marco Fantoni,24/25,2025,1,0.6179864634698138,1,correct
789792,Sergi Molina,24/25,2025,1,0.6172988260199191,1,correct
711375,Asier Teijeira,24/25,2025,1,0.617238503262419,1,correct
174694,Rony Lopes,24/25,2025,1,0.6172310877911023,1,correct
538971,Naouirou Ahamada,24/25,2025,0,0.6169106801717217,1,false_positive
709381,Iván Ramos,24/25,2025,1,0.6167922775971048,1,correct
1060923,Oussama Boukir,24/25,2025,1,0.6166628503753061,1,correct
919756,Karim Hüneburg,24/25,2025,1,0.6166291241896128,1,correct
1107626,Federico Giugno,24/25,2025,0,0.6164226116766908,1,false_positive
569368,Kelian Nsona,24/25,2025,1,0.6163636338899008,1,correct
646744,Carlos Alemán,24/25,2025,1,0.6160429510381142,1,correct
926643,Fernando Lesme,24/25,2025,1,0.6160279162283863,1,correct
1137322,Álex Lizancos,24/25,2025,1,0.6159255426176261,1,correct
1066093,Guillermo Macho,24/25,2025,1,0.6158450123701934,1,correct
636127,Chus Villar,24/25,2025,1,0.6157743164052529,1,correct
937289,Simone Bonetti,24/25,2025,1,0.6156247960914207,1,correct
696619,Mattia Gaddini,24/25,2025,1,0.6154896763261475,1,correct
821105,Davide Franzini,24/25,2025,1,0.6154633498915467,1,correct
1118034,Hammam Al-Hammami,24/25,2025,1,0.615442191065484,1,correct
888267,Ariel Herrero,24/25,2025,1,0.6151903058804475,1,correct
961902,Neco Celorio,24/25,2025,1,0.615145470678567,1,correct
534174,Samuele Vianni,24/25,2025,1,0.6145984116701401,1,correct
929799,Lorenzo Catania,24/25,2025,1,0.6145800292989693,1,correct
446101,Fermín Ruiz,24/25,2025,1,0.6145704720887536,1,correct
707608,Victor Valverde,24/25,2025,1,0.6145673382351767,1,correct
935740,Mattias Bonafede,24/25,2025,1,0.6145628957468869,1,correct
646737,Marcos Denia,24/25,2025,1,0.6145184045056865,1,correct
678088,Luca Wollschläger,24/25,2025,1,0.6142277167266289,1,correct
783885,Iván Fernández,24/25,2025,1,0.6139784657467224,1,correct
460602,Franck Djoulou,24/25,2025,1,0.6139433665398691,1,correct
980866,Talles Wander,24/25,2025,1,0.6138512469674895,1,correct
476531,Joan Piera,24/25,2025,1,0.6138355756204964,1,correct
435337,Alfredo Sualdea,24/25,2025,1,0.6136990989861199,1,correct
955357,Junior Kroupi,24/25,2025,0,0.61360912715225,1,false_positive
470128,Sam Dalby,24/25,2025,1,0.6136059759194186,1,correct
134983,Andrea La Mantia,24/25,2025,1,0.6135853951185881,1,correct
724036,Apostolos Christopoulos,24/25,2025,0,0.6135416605225422,1,false_positive
701052,Bilal Kandoussi,24/25,2025,1,0.6135295444320059,1,correct
572686,Pol Prats,24/25,2025,1,0.6134832297153618,1,correct
458134,Davide Barosi,24/25,2025,0,0.613472289527066,1,false_positive
315859,Gabriele Gori,24/25,2025,1,0.6133724038825322,1,correct
231590,Braydon Manu,24/25,2025,0,0.6133716162978136,1,false_positive
709997,Lorenzo Aguado,24/25,2025,1,0.6133241297807727,1,correct
524011,David Nates,24/25,2025,1,0.6132314099949054,1,correct
1056968,David Arredondo,24/25,2025,0,0.6132145939859354,1,false_positive
481623,João Ferreira,24/25,2025,1,0.6130818743463559,1,correct
282722,Álex Collado,24/25,2025,1,0.6130786279553343,1,correct
1065761,Guilherme Neiva,24/25,2025,1,0.6128131108245672,1,correct
349873,Juan Hernández,24/25,2025,1,0.6127331715282652,1,correct
692207,Dani Cervera,24/25,2025,1,0.612683535232506,1,correct
420513,Lorenzo Babbi,24/25,2025,1,0.6126822128262271,1,correct
973703,Brenner,24/25,2025,1,0.6126340800029685,1,correct
818586,Alessandro Carnevale,24/25,2025,0,0.6125565311758354,1,false_positive
315856,Christian Capone,24/25,2025,1,0.6125297499565794,1,correct
1123059,Pochito,24/25,2025,1,0.612502097011998,1,correct
818461,Marco Bevilacqua,24/25,2025,1,0.6124886490527999,1,correct
816135,Pedro Lima,24/25,2025,1,0.6123162507192956,1,correct
1031968,Carlos Arauz,24/25,2025,1,0.6122957077622306,1,correct
815536,Edoardo Furini,24/25,2025,0,0.6121963858050605,1,false_positive
229256,Guille Andrés,24/25,2025,1,0.6121877516649853,1,correct
669517,David Ruiz,24/25,2025,1,0.6121739557834492,1,correct
650999,Federico Accornero,24/25,2025,1,0.6121292706758985,1,correct
938726,Miguel Barandalla,24/25,2025,0,0.6121083645969811,1,false_positive
1215994,Stefano Codraro,24/25,2025,1,0.6121074022471833,1,correct
979324,Eder García,24/25,2025,1,0.612071730459507,1,correct
1052283,Darling Bladi,24/25,2025,1,0.6120504929960375,1,correct
998321,Johan Bångsbo,24/25,2025,1,0.6120370148720957,1,correct
708928,Sergio Chinchilla,24/25,2025,1,0.6120149127615808,1,correct
947449,Victor Lázaro,24/25,2025,1,0.6120069787035951,1,correct
613727,Lorenzo Lombardi,24/25,2025,1,0.6119797684382537,1,correct
818507,Andrea Sorrentino,24/25,2025,1,0.6119742922137746,1,correct
255995,Mario González,24/25,2025,1,0.6119171906845486,1,correct
1055874,Manex Gibelalde,24/25,2025,1,0.6116748217918463,1,correct
391066,Giuseppe Montaperto,24/25,2025,1,0.6114546879009923,1,correct
357163,Filipe Soares,24/25,2025,1,0.6113675886031852,1,correct
897645,Thomas Brahja,24/25,2025,1,0.6113297809249119,1,correct
931782,Juanmi Durán,24/25,2025,1,0.6111056883141222,1,correct
1056970,Asier Hierro,24/25,2025,0,0.611045674514391,1,false_positive
937557,Francesco Costantini,24/25,2025,1,0.6109822524270022,1,correct
704719,Christian Maianti,24/25,2025,1,0.6109593465488421,1,correct
607729,Jean-Pierre Tiéhi,24/25,2025,1,0.610855333892775,1,correct
872380,Felix Afena-Gyan,24/25,2025,1,0.6108449132652658,1,correct
901736,Mario Sesè,24/25,2025,1,0.6105712444000045,1,correct
348532,Georgios Xenitidis,24/25,2025,1,0.6104241029575096,1,correct
463666,Antoine Baroan,24/25,2025,1,0.6104145250344043,1,correct
711445,Gioacchino Catania,24/25,2025,1,0.6103901287499777,1,correct
1114721,Brais Penela,24/25,2025,1,0.6103811709482685,1,correct
1103113,Daniele Balba,24/25,2025,1,0.6103665115800904,1,correct
705401,Javi López,24/25,2025,1,0.610348456370668,1,correct
1226103,Tijan Sonha,24/25,2025,1,0.6103092539660228,1,correct
1043030,Guga,24/25,2025,0,0.6102918655027887,1,false_positive
744934,Mathieu Patouillet,24/25,2025,1,0.6101975294100009,1,correct
442767,Iñigo Muñoz,24/25,2025,1,0.6101766304971297,1,correct
834737,Adri Miranda,24/25,2025,1,0.6101400953416184,1,correct
1019528,Charbel Wehbe,24/25,2025,1,0.6101143860761249,1,correct
607779,Sergio Moreno,24/25,2025,1,0.6101111407247565,1,correct
646823,Mario Camero,24/25,2025,1,0.6100750228154781,1,correct
531274,Diego Fuoli,24/25,2025,1,0.6100054575385466,1,correct
1054934,Maroan Sannadi,24/25,2025,0,0.6100032390979278,1,false_positive
632502,Adri Montalban,24/25,2025,1,0.6099835958365741,1,correct
466813,Miguelete,24/25,2025,0,0.6098710193177027,1,false_positive
934208,Diego Voncina,24/25,2025,1,0.6098593026296557,1,correct
935231,Víctor Muñoz,24/25,2025,1,0.6097983233080352,1,correct
1296397,Leonardo Ferrario,24/25,2025,0,0.6097744912454917,1,false_positive
704832,Sebastiano Bianchi,24/25,2025,1,0.6097690614597255,1,correct
1225848,Álex Monerris,24/25,2025,1,0.6097542321241928,1,correct
910615,Francesco Pistolesi,24/25,2025,1,0.609610596319771,1,correct
924776,Mattia Bifini,24/25,2025,1,0.6095385814343524,1,correct
556059,Marino Illescas,24/25,2025,1,0.6094910772751437,1,correct
1030374,Alberto Ulloa,24/25,2025,1,0.609439987005339,1,correct
713637,David Santisteban,24/25,2025,1,0.609320496471124,1,correct
711371,Igor Irazu,24/25,2025,1,0.6093126626616944,1,correct
700997,Matteo Sementa,24/25,2025,1,0.6091699289985623,1,correct
713357,Filippo Palazzino,24/25,2025,0,0.6091622248895228,1,false_positive
1059772,Mattia Parente,24/25,2025,1,0.6088983116493096,1,correct
392968,Marco Bertoli,24/25,2025,1,0.6088904916633915,1,correct
708001,Guille Perero,24/25,2025,1,0.6088807021694018,1,correct
554814,Diego Gómez,24/25,2025,1,0.6088591858167756,1,correct
568007,Ben Knight,24/25,2025,1,0.608837499420363,1,correct
727865,Alberto Basso Ricci,24/25,2025,1,0.608826165180654,1,correct
815495,Daniel Matteucci,24/25,2025,0,0.6088031394505947,1,false_positive
853299,Rafa Llorente,24/25,2025,0,0.608762144873954,1,false_positive
566927,Giovanni Corradini,24/25,2025,1,0.6087608997039882,1,correct
735342,Athanasios Prodromitis,24/25,2025,1,0.608738544181569,1,correct
719426,Chemseddine Bekkouche,24/25,2025,1,0.6086914385176464,1,correct
331375,Kike Fabra,24/25,2025,1,0.6085009967379218,1,correct
796892,Samuel Ntamack,24/25,2025,1,0.6084377398637343,1,correct
636387,Álex Pérez,24/25,2025,1,0.6083733658340034,1,correct
1250522,Javi Morcillo,24/25,2025,1,0.6083595702541739,1,correct
455340,Jonatan González,24/25,2025,0,0.6083378874759735,1,false_positive
854484,Dylann Kam,24/25,2025,1,0.6083377843592627,1,correct
396323,Rubén del Valle,24/25,2025,1,0.608301475863465,1,correct
1078985,Rafaël De Palmas,24/25,2025,0,0.6081592917032879,1,false_positive
959789,Gabriel Henin,24/25,2025,1,0.60807995519535,1,correct
258835,Ricardo Gomes,24/25,2025,1,0.6080641547992705,1,correct
1099652,Patrick Ouotro,24/25,2025,1,0.6080068363410274,1,correct
642270,Michelangelo Nieri,24/25,2025,1,0.6079047051891858,1,correct
1056169,Lorenzo Giorgi,24/25,2025,1,0.6078285075605675,1,correct
834485,Unai Egiluz,24/25,2025,0,0.6076664420708427,1,false_positive
935738,Antonio Coppola,24/25,2025,0,0.607524561046449,1,false_positive
296429,Manuel Wintzheimer,24/25,2025,1,0.6074794906408024,1,correct
398270,Chris Gueye,24/25,2025,1,0.6074728269777998,1,correct
718036,Ato,24/25,2025,1,0.6074040797998606,1,correct
531973,Gianluigi Sueva,24/25,2025,1,0.6073535858488984,1,correct
806955,Dario Sits,24/25,2025,1,0.6073177034841576,1,correct
830890,Marvin Senaya,24/25,2025,1,0.6072079569602592,1,correct
715635,Alex Rodríguez,24/25,2025,1,0.6071885529841192,1,correct
787136,Tommaso Carcani,24/25,2025,0,0.6070931367034487,1,false_positive
710470,Hosine Bility,24/25,2025,1,0.6070505931325827,1,correct
1124149,Jaime Requés,24/25,2025,1,0.6069657238162562,1,correct
534372,Javi Martín,24/25,2025,1,0.6069437928157623,1,correct
566791,Ahmed Abdelkader,24/25,2025,0,0.6069290370132873,1,false_positive
587458,Kevin Agudelo,24/25,2025,0,0.6069103640310513,1,false_positive
297064,Francesco Bonfiglio,24/25,2025,1,0.606882577376985,1,correct
391787,Alessandro Romairone,24/25,2025,1,0.6068587768830921,1,correct
932354,Víctor Rodríguez,24/25,2025,1,0.6067894596847289,1,correct
669915,Filippo Distefano,24/25,2025,1,0.6067250148766332,1,correct
576028,Thiago Almada,24/25,2025,1,0.6067215472863204,1,correct
782632,Jibril Othman,24/25,2025,0,0.6067069972499338,1,false_positive
1143878,Miguel Prieto,24/25,2025,1,0.6066494973781751,1,correct
818150,Lorenzo Chiarella,24/25,2025,1,0.6066330758913843,1,correct
1296876,Marc Domènech,24/25,2025,0,0.606614596266667,1,false_positive
704230,Edoardo Bernardi,24/25,2025,1,0.6066071804778196,1,correct
632929,Iván Castillo,24/25,2025,1,0.6066001475335343,1,correct
210683,Juanma Acevedo,24/25,2025,1,0.6065636032347432,1,correct
988862,Moustapha Cissé,24/25,2025,0,0.6064895393593506,1,false_positive
688747,Juanjo Sánchez,24/25,2025,1,0.60645892342265,1,correct
599153,Iñigo Alayeto,24/25,2025,0,0.6064280402631018,1,false_positive
636359,Iván Serrano,24/25,2025,1,0.6063707298871258,1,correct
59615,Alessandro De Respinis,24/25,2025,1,0.6063626946816553,1,correct
872176,Matija Krivokapic,24/25,2025,1,0.6062781416844919,1,correct
1058982,Nicolò Sancinito,24/25,2025,1,0.6061511860235508,1,correct
993516,Álvaro Domínguez,24/25,2025,1,0.6060830942502831,1,correct
1160320,Oscar Moreso,24/25,2025,1,0.6060407233399643,1,correct
935782,Francesco Vallarelli,24/25,2025,1,0.6060177956742794,1,correct
511016,Javi Sánchez,24/25,2025,0,0.6059814853782606,1,false_positive
340425,Zan Medved,24/25,2025,1,0.6059763408683376,1,correct
409896,Chinaecherem Ibe,24/25,2025,1,0.6059458984573669,1,correct
102413,Luca Zamparo,24/25,2025,1,0.6059047181778364,1,correct
174915,Islam Slimani,24/25,2025,1,0.6058712137897596,1,correct
882765,Alessandro Borgo,24/25,2025,0,0.6057806123425049,1,false_positive
723498,Daniel Hais,24/25,2025,1,0.6057553771149456,1,correct
623718,Konstantinos Roukounakis,24/25,2025,1,0.6057388007032798,1,correct
699198,Carlos Cano,24/25,2025,1,0.6055987871048885,1,correct
339780,Svetoslav Kovachev,24/25,2025,1,0.6054913987846682,1,correct
459180,Riccardo Spaltro,24/25,2025,1,0.6054117425375989,1,correct
839905,Kevin Sánchez,24/25,2025,1,0.6054002090360859,1,correct
725201,Nacho Pastor,24/25,2025,1,0.6053836165910785,1,correct
911126,Cristian Pecci,24/25,2025,0,0.6053513844187147,1,false_positive
461726,Alessandro Martina,24/25,2025,1,0.6052503125424635,1,correct
892926,Leandro Antonetti,24/25,2025,1,0.605238559099674,1,correct
1148854,Jon Arruabarrena,24/25,2025,1,0.6051639555998851,1,correct
435808,Lazare Amani,24/25,2025,1,0.6049829909751382,1,correct
226812,Gorka Santamaría,24/25,2025,1,0.6049741936525828,1,correct
903188,Dejvi Metaj,24/25,2025,1,0.6049615431358124,1,correct
338288,Alex Valiño,24/25,2025,0,0.6049459353409832,1,false_positive
1101361,Andrea Toldo,24/25,2025,1,0.6049134010791665,1,correct
1157383,Angelo Traini,24/25,2025,1,0.6048847321509336,1,correct
1053214,Alessandro De Luca,24/25,2025,1,0.6047133354530452,1,correct
1151630,Álex Rubio,24/25,2025,1,0.6046805660392277,1,correct
1154990,Miguel Pérez,24/25,2025,1,0.604572559875479,1,correct
827570,Luis Navarro,24/25,2025,1,0.604544433400774,1,correct
956708,Loup-Diwan Gueho,24/25,2025,1,0.6045130080848468,1,correct
409571,Mattia Mencagli,24/25,2025,1,0.6045032501355045,1,correct
891971,João Marques,24/25,2025,0,0.604456908231634,1,false_positive
796216,Emmanuel Gyamfi,24/25,2025,1,0.6044441398705575,1,correct
627276,Antonio Leal,24/25,2025,1,0.6043919295330966,1,correct
932738,Emanuele Sichi,24/25,2025,1,0.6043143141497058,1,correct
632499,Pablo Gálvez,24/25,2025,0,0.6043026876145512,1,false_positive
1049439,Alessio Porzio,24/25,2025,0,0.6042794489697701,1,false_positive
412927,Álvaro Arnedo,24/25,2025,1,0.6041427023408577,1,correct
636360,Javi Moreno,24/25,2025,0,0.6041411875178554,1,false_positive
935996,Luan,24/25,2025,1,0.6041070637216017,1,correct
395842,Franklyn Akammadu,24/25,2025,1,0.6039500193439572,1,correct
568153,Cristian Delgado,24/25,2025,0,0.6039231983554574,1,false_positive
543051,Billal Brahimi,24/25,2025,1,0.6038874581629273,1,correct
364136,Lorenzo Gavioli,24/25,2025,1,0.6038437562856716,1,correct
536158,David Ballarín,24/25,2025,1,0.6038143707337036,1,correct
670402,Dennis Ozara,24/25,2025,1,0.6037894079954915,1,correct
199375,Víctor Ruiz,24/25,2025,1,0.6036446906082836,1,correct
1291792,Agustín Juarez,24/25,2025,1,0.6036213203825611,1,correct
397411,Mirco Vassallo,24/25,2025,1,0.6035198102835988,1,correct
830912,Balázs Varga,24/25,2025,1,0.6035142802976027,1,correct
1125758,Alex Aguado,24/25,2025,0,0.6035000536464653,1,false_positive
1055133,Óscar Gonpi,24/25,2025,1,0.6034480147426281,1,correct
706170,Fernando Romero,24/25,2025,1,0.6034313750341933,1,correct
412952,Nigel Thomas,24/25,2025,1,0.6034256673971051,1,correct
632893,Javi Hernández,24/25,2025,1,0.6034054892698234,1,correct
628494,Carlos García,24/25,2025,1,0.6033582423518702,1,correct
475736,Loren Fernández,24/25,2025,1,0.6033477042389431,1,correct
1065441,Carlos Lumbreras,24/25,2025,0,0.6033469367074235,1,false_positive
993666,Mouhamed Diallo,24/25,2025,0,0.6033402506527598,1,false_positive
961075,Glenn McConnell,24/25,2025,0,0.603339672161102,1,false_positive
614195,Dani Plomer,24/25,2025,1,0.6032793024835563,1,correct
626962,Ewan Urain,24/25,2025,1,0.6032588234825426,1,correct
1061262,Pedro Augusto,24/25,2025,1,0.6032585473073163,1,correct
887254,Edu Gallardo,24/25,2025,0,0.6031863047453203,1,false_positive
636297,Joel Jiménez,24/25,2025,1,0.603153421943838,1,correct
843931,Timipere Johnson Eboh,24/25,2025,1,0.60313022246042,1,correct
610383,Filippo Frison,24/25,2025,1,0.6030557147674825,1,correct
937224,Rubén Catalá,24/25,2025,1,0.6030244229340757,1,correct
628612,Aleix Roig,24/25,2025,1,0.602836789876058,1,correct
698721,Álvaro Cortés,24/25,2025,1,0.6027981339273969,1,correct
767258,Juanan Aguilera,24/25,2025,0,0.6027827341809235,1,false_positive
708634,Andrea Arpini,24/25,2025,0,0.602758898595527,1,false_positive
945701,Dani Clavijo,24/25,2025,0,0.6027576346483089,1,false_positive
399779,Chuca,24/25,2025,1,0.6027441725285051,1,correct
566572,Oğuzhan Matur,24/25,2025,0,0.6027028743044996,1,false_positive
395544,Pietro Tribelli,24/25,2025,0,0.6026932478916709,1,false_positive
924308,Matteo Gualandris,24/25,2025,1,0.6025336135254558,1,correct
1052854,Axl Van Himbeeck,24/25,2025,0,0.6025226201280955,1,false_positive
845313,Osman Foyo,24/25,2025,0,0.6025004448890116,1,false_positive
665348,Paolo Capogna,24/25,2025,1,0.6024960189109647,1,correct
408253,Mattia Mauri,24/25,2025,1,0.602471922741526,1,correct
918449,Matteo Schablas,24/25,2025,0,0.6024653107301167,1,false_positive
1019145,Omar Ouhdadi,24/25,2025,1,0.6024587963510873,1,correct
1064128,Víctor Sala,24/25,2025,1,0.6024536693298188,1,correct
844755,Ekhiotz Orobio,24/25,2025,1,0.6024484931665938,1,correct
549018,João Dias,24/25,2025,1,0.6024431621073654,1,correct
825708,Josu Gallastegui,24/25,2025,1,0.6024389156073531,1,correct
633329,Adrián Garrido,24/25,2025,1,0.6024209334607927,1,correct
400644,Jeredy Hilterman,24/25,2025,0,0.6023502763678156,1,false_positive
1329019,Alessandro Ghisleri,24/25,2025,1,0.6023400278969433,1,correct
634268,Javier Albín,24/25,2025,1,0.6023349271326031,1,correct
964672,Mattia Gallo,24/25,2025,1,0.6023098952097653,1,correct
1056958,Aser Palacios,24/25,2025,0,0.6023086899847219,1,false_positive
1108739,Riccardo Pavesi,24/25,2025,0,0.6022993915250117,1,false_positive
520395,Iago Novo,24/25,2025,1,0.602283989944163,1,correct
720411,Roan Riera,24/25,2025,1,0.6021900257472158,1,correct
940135,Christos Papadopoulos,24/25,2025,1,0.6021523558422605,1,correct
509144,Alessio Pertosa,24/25,2025,1,0.6021207505990259,1,correct
794777,Nicolas Milanovic,24/25,2025,1,0.6021179399535529,1,correct
946282,Isaac Obeng,24/25,2025,1,0.6021016836703731,1,correct
617720,Enrico Rossi,24/25,2025,1,0.6020669623578926,1,correct
596880,Jesús Cambil,24/25,2025,1,0.6020657865568855,1,correct
1057696,Jesús Ares,24/25,2025,1,0.6020582141283349,1,correct
287870,Giuseppe Tedesco,24/25,2025,1,0.6020335869533403,1,correct
644557,Willi Reincke,24/25,2025,1,0.6020158608033647,1,correct
257456,Chico Geraldes,24/25,2025,1,0.601911326232626,1,correct
394777,Isaia Lattarulo,24/25,2025,1,0.6018682771733034,1,correct
953857,Jesse Bal,24/25,2025,1,0.6018547066784391,1,correct
1151716,Mounir Jebbar,24/25,2025,1,0.6018402869401553,1,correct
882772,Álvaro Bastida,24/25,2025,1,0.6018210403414643,1,correct
635570,Ander Dufur,24/25,2025,1,0.6018124664072934,1,correct
784722,Jaume Tovar,24/25,2025,0,0.6017711638367579,1,false_positive
590841,Migouel Alfarela,24/25,2025,1,0.6017211582503318,1,correct
601823,Davide Pirola,24/25,2025,0,0.601716450628245,1,false_positive
227974,Ba-Muaka Simakala,24/25,2025,1,0.6017142789730571,1,correct
369171,Niall Ennis,24/25,2025,1,0.6016567813700673,1,correct
396682,Luca Gagliano,24/25,2025,1,0.601620150371266,1,correct
1285016,Francesco Iuliano,24/25,2025,1,0.6015222629542769,1,correct
935499,Lucas Pérez,24/25,2025,1,0.6014451000521652,1,correct
634772,David Hernández,24/25,2025,1,0.6014318136475583,1,correct
898293,Yuri Maset,24/25,2025,1,0.6013955903586812,1,correct
634110,Pablo Santiago,24/25,2025,1,0.6013514678345094,1,correct
229337,Samuele Neglia,24/25,2025,1,0.6013401492931059,1,correct
662327,Diego Rosa,24/25,2025,1,0.6012747392174043,1,correct
1054284,Riccardo Vesprini,24/25,2025,1,0.6012706110519833,1,correct
834754,Ibai Sanz,24/25,2025,0,0.6012254576212104,1,false_positive
631055,Alberto Quintana,24/25,2025,1,0.6012007398109722,1,correct
1172592,Simão Silva,24/25,2025,0,0.6011977718262009,1,false_positive
623640,Frixos Grivas,24/25,2025,1,0.6011844945315068,1,correct
65262,Rubén Martínez,24/25,2025,0,0.601154117900778,1,false_positive
610369,Luis Hernáiz,24/25,2025,1,0.6011520210360817,1,correct
715690,Sergio Navarro,24/25,2025,0,0.6011094438536886,1,false_positive
295420,Steven Prieto,24/25,2025,1,0.6010932728598197,1,correct
815652,Tiago Morais,24/25,2025,1,0.6010412999683994,1,correct
1120307,Destiny Ilahude,24/25,2025,0,0.6009984849692819,1,false_positive
743327,Tamir Berman,24/25,2025,1,0.600989380383263,1,correct
596884,Adrián Butzke,24/25,2025,1,0.6009209484113572,1,correct
982018,Yerai Dávila,24/25,2025,1,0.6009170240150316,1,correct
1065273,Sergio Pascual,24/25,2025,1,0.6009160620251904,1,correct
876626,Finn Delap,24/25,2025,0,0.600891745055505,1,false_positive
667061,Simone Maglieri,24/25,2025,1,0.6008674658659563,1,correct
625338,Marcos Bautista,24/25,2025,1,0.6008583235043855,1,correct
733575,Ilies Faure,24/25,2025,1,0.6008401264774216,1,correct
575212,Isaac Fletcher,24/25,2025,0,0.600825449254934,1,false_positive
1158757,Alejandro Herranz,24/25,2025,1,0.6007713742014578,1,correct
341497,Antonio Martiniello,24/25,2025,1,0.6007712630929016,1,correct
821044,Francesco Pio Cucciniello,24/25,2025,1,0.600688982928936,1,correct
729155,Eren Öztürk,24/25,2025,1,0.6006642741565895,1,correct
1065779,Raúl Sanchís,24/25,2025,1,0.6006241967087899,1,correct
344806,Lubomir Tupta,24/25,2025,1,0.6006174461082736,1,correct
397320,Luigi Palumbo,24/25,2025,1,0.6006096818200892,1,correct
717960,Luis Sánchez,24/25,2025,0,0.6005200232656058,1,false_positive
715636,Iván López,24/25,2025,1,0.6004412152371102,1,correct
668277,Alan Godoy,24/25,2025,1,0.6004212801878186,1,correct
1048582,Darius Fustos,24/25,2025,1,0.6003980849920286,1,correct
780908,Elmer Cardoza,24/25,2025,0,0.6003699694537422,1,false_positive
533110,Álex Pachón,24/25,2025,1,0.6003384211939488,1,correct
628466,Isaiah Navarro,24/25,2025,0,0.6002772276153359,1,false_positive
805479,Jesús Clemente,24/25,2025,1,0.6002707381835581,1,correct
488273,Aleksandr Sapovalov,24/25,2025,0,0.600236119205416,1,false_positive
861707,Tiko Iniesta,24/25,2025,1,0.6002200708505961,1,correct
685807,Luís dos Santos,24/25,2025,1,0.6001437159806083,1,correct
417830,Antonio Ferrara,24/25,2025,1,0.6001115511692092,1,correct
1006089,Francesco Bova,24/25,2025,0,0.6000544518866151,1,false_positive
1044645,Alejandro Palop,24/25,2025,1,0.6000153376290088,1,correct
115133,Ivan Pesic,24/25,2025,1,0.5999836601804499,1,correct
541867,Pitu Doncel,24/25,2025,0,0.5999706958857303,1,false_positive
636392,Dani Vidal,24/25,2025,1,0.5999128820982381,1,correct
454625,Matías Cóccaro,24/25,2025,0,0.5999001592939593,1,false_positive
1172731,Ismael Issa Algueche,24/25,2025,0,0.5998621987904307,1,false_positive
512489,David Fondarella,24/25,2025,1,0.5997778646558232,1,correct
999735,Leonardo Barsotti,24/25,2025,1,0.5996955262651282,1,correct
707456,Fallou Sene,24/25,2025,1,0.5995406139279069,1,correct
542570,Roberto Pierno,24/25,2025,1,0.5995156526974228,1,correct
1094415,Mohamed Hamdoune,24/25,2025,1,0.5995104220580354,1,correct
820685,Alessandro Marcucci,24/25,2025,1,0.5994679182318277,1,correct
668183,Nico Serrano,24/25,2025,0,0.5993995214878021,1,false_positive
672024,Georgios Papadopoulos,24/25,2025,1,0.5993917482941208,1,correct
338401,Ulrich Nnomo,24/25,2025,0,0.5993756961813148,1,false_positive
260801,Eugenio Isnaldo,24/25,2025,1,0.5993589325247266,1,correct
888182,Jorge Rastrojo,24/25,2025,1,0.5993513282518454,1,correct
1101344,Emanuele Zanaboni,24/25,2025,1,0.5993116471644583,1,correct
336370,Jesaja Herrmann,24/25,2025,1,0.5992918091892657,1,correct
823893,Giovanni Zito,24/25,2025,1,0.5992843885285757,1,correct
885226,Riyad Idrissi,24/25,2025,0,0.5992821421755959,1,false_positive
824887,Valentin Haberkon,24/25,2025,1,0.5992179876878813,1,correct
935088,Dani García,24/25,2025,1,0.5992010977469154,1,correct
961985,Borja Calvo,24/25,2025,1,0.599144236948585,1,correct
138816,Alessio Curcio,24/25,2025,1,0.5991250643061591,1,correct
110475,Dario Del Fabro,24/25,2025,1,0.5991029729891629,1,correct
717640,Álex Altube,24/25,2025,1,0.5990464631408388,1,correct
746553,Reyes Cleary,24/25,2025,1,0.5990370669136735,1,correct
929978,Andrea Agostini,24/25,2025,0,0.5989547673745014,1,false_positive
538918,Sebastiano Esposito,24/25,2025,1,0.5989345936813376,1,correct
539795,Bryan Okoh,24/25,2025,1,0.5989188869971632,1,correct
1107994,Gabriel Obekpa,24/25,2025,0,0.5989117898930868,1,false_positive
632708,Willy Ibáñez,24/25,2025,1,0.5989013145439909,1,correct
455275,Javi Soler,24/25,2025,1,0.5988986622241513,1,correct
707575,Joan Salvá,24/25,2025,1,0.5988694794938383,1,correct
668275,Néstor Lucas,24/25,2025,1,0.598848791038237,1,correct
933059,Tommaso Raineri,24/25,2025,1,0.5987692958055852,1,correct
416371,Davide Zugaro,24/25,2025,1,0.5987085980873434,1,correct
361500,Isma Aizpiri,24/25,2025,1,0.5986904646793182,1,correct
1055547,Unax Álvarez,24/25,2025,0,0.5986865353405529,1,false_positive
1056956,Mikel Santos,24/25,2025,0,0.5986813402964052,1,false_positive
891919,Jaime González,24/25,2025,1,0.5986717970037823,1,correct
963150,Moi Parra,24/25,2025,0,0.5986420209907376,1,false_positive
1064660,Álvaro Calado,24/25,2025,0,0.598631937583094,1,false_positive
548187,Alejandro Pérez,24/25,2025,1,0.5986317649881892,1,correct
936696,Giuseppe Ferrante,24/25,2025,1,0.598571325038571,1,correct
702662,Adrián Verde,24/25,2025,1,0.5985686630999962,1,correct
338107,Simone Rossetti,24/25,2025,0,0.5985423948230452,1,false_positive
783873,Álvaro López,24/25,2025,0,0.5985095429063118,1,false_positive
958647,Ümit Akdağ,24/25,2025,0,0.5984643929680237,1,false_positive
891922,Joel Priego,24/25,2025,1,0.5984187147085968,1,correct
936714,Mariano Nichele,24/25,2025,1,0.5983785296789738,1,correct
690889,Máté Kotula,24/25,2025,1,0.5983535363276627,1,correct
391346,Julio Gracia,24/25,2025,0,0.5982979969649658,1,false_positive
258287,Patrik Pinte,24/25,2025,1,0.598284710462417,1,correct
395875,Simone Ferrari,24/25,2025,1,0.5982771144863063,1,correct
408287,Leonardo Moraschi,24/25,2025,1,0.5982291653927994,1,correct
634598,Javi Alonso,24/25,2025,0,0.5982199309448303,1,false_positive
904145,Guillem Naranjo,24/25,2025,1,0.5981832837225312,1,correct
733235,Goma,24/25,2025,0,0.5981674882030834,1,false_positive
1055933,Daniel Babaj,24/25,2025,1,0.5981149617197901,1,correct
864465,Giacomo Venturini,24/25,2025,1,0.5981113547436017,1,correct
497566,Goyo Medina,24/25,2025,1,0.5980473214939513,1,correct
611174,Jofre Cherta,24/25,2025,1,0.59802075687089,1,correct
1114719,Mario Cantero,24/25,2025,0,0.5980023039894138,1,false_positive
610909,Oriol Martí,24/25,2025,1,0.5979796660820034,1,correct
699632,Abraham Marcus,24/25,2025,1,0.5979553945359973,1,correct
1188539,Giuseppe Coppola,24/25,2025,0,0.5978656336271014,1,false_positive
1181800,Davide Lauritano,24/25,2025,1,0.5978372435217832,1,correct
745368,Filippo Puletto,24/25,2025,1,0.5978281437268961,1,correct
927904,Ethan Bouah,24/25,2025,1,0.597814071626166,1,correct
309180,Jan Mlakar,24/25,2025,1,0.5977972060306876,1,correct
686808,Pietro Carcani,24/25,2025,1,0.5977411511804482,1,correct
745493,Umberto De Luca,24/25,2025,0,0.5977237229311975,1,false_positive
532908,Matteo Bongiorni,24/25,2025,1,0.5977085508387006,1,correct
983138,Mattia Maffei,24/25,2025,1,0.5976464459887982,1,correct
1283657,Edoardo Pierfederici,24/25,2025,1,0.5976015870484648,1,correct
456647,Francesco Rillo,24/25,2025,0,0.597588061665985,1,false_positive
546627,Jacopo Pellegrini,24/25,2025,1,0.5975700984366784,1,correct
704234,Diego Fornari,24/25,2025,1,0.5975449395455331,1,correct
268249,Isma Cerro,24/25,2025,1,0.5975356482193717,1,correct
1067111,Alassan Manjam,24/25,2025,0,0.5975149806904713,1,false_positive
701348,Gabriel Santoni,24/25,2025,0,0.5974986042212144,1,false_positive
610649,Ryan Alebiosu,24/25,2025,1,0.5974965963306185,1,correct
1034123,Enrico Rovinelli,24/25,2025,0,0.5974956408981358,1,false_positive
419128,Bryan Mecca,24/25,2025,1,0.597459638811188,1,correct
309977,Samuel Ballet,24/25,2025,1,0.5974582251855243,1,correct
634259,Javier Vicario,24/25,2025,1,0.597442778122358,1,correct
715640,Juan Durán,24/25,2025,1,0.5974138731573333,1,correct
600823,Daniele Favale,24/25,2025,1,0.5973365489368438,1,correct
201734,Mamadou Kanoute,24/25,2025,0,0.597284211370299,1,false_positive
625881,Eneko Delgado,24/25,2025,1,0.5972726715849813,1,correct
507351,Abdoul Guiebre,24/25,2025,1,0.5971531132238802,1,correct
601058,Simeon Petrov,24/25,2025,1,0.597125843192574,1,correct
1173024,Nathan Fernandes,24/25,2025,0,0.5971098540634474,1,false_positive
565242,José Manuel Raigal,24/25,2025,1,0.5970861709752109,1,correct
1198739,Joaco Peñalver,24/25,2025,1,0.5970843408788831,1,correct
510965,Ale Hernández,24/25,2025,1,0.5970650973204513,1,correct
956126,Ian Olivera,24/25,2025,1,0.5970465147886205,1,correct
827984,Mariano Carmona,24/25,2025,1,0.5970317074808229,1,correct
951437,Lorenzo Boncompagni,24/25,2025,0,0.5969801562041163,1,false_positive
1281601,Leonardo Tassi,24/25,2025,1,0.5969203415898177,1,correct
1105883,Edoardo Caporello,24/25,2025,1,0.5969172417728338,1,correct
635344,Abraham del Moral,24/25,2025,1,0.5968089179413556,1,correct
924309,Samuele Zanini,24/25,2025,1,0.5967904621921821,1,correct
448835,Gaizka Campos,24/25,2025,1,0.5967767020696926,1,correct
397448,Andrea Procaccio,24/25,2025,0,0.5967289255828677,1,false_positive
456938,Javi Avilés,24/25,2025,0,0.5967086729194034,1,false_positive
1062967,Jon Merino,24/25,2025,1,0.59668902410574,1,correct
1065454,Unai Santos,24/25,2025,0,0.5965817153994806,1,false_positive
1147892,Pau Palacín,24/25,2025,1,0.5965229178951855,1,correct
971006,Ayoub El Battioui,24/25,2025,1,0.5965029284039287,1,correct
809180,Teddy Averlant,24/25,2025,1,0.5964924627159377,1,correct
708496,Miguel Ángel Sanz,24/25,2025,1,0.5964599227614453,1,correct
152975,Aleix Coch,24/25,2025,0,0.59640856152773,1,false_positive
705881,Mikel Serrano,24/25,2025,1,0.5964049578334408,1,correct
548729,Zeki Amdouni,24/25,2025,0,0.5963869139037079,1,false_positive
614719,Nicola Greco,24/25,2025,1,0.5963250855398612,1,correct
709998,Lucas Alcázar,24/25,2025,1,0.5963054361938444,1,correct
786438,Jony Álamo,24/25,2025,1,0.5962960083369758,1,correct
344869,Simon Banza,24/25,2025,0,0.5962867756953145,1,false_positive
939765,José Melro,24/25,2025,0,0.5962384317782059,1,false_positive
373538,Daniel Zinon Kouko,24/25,2025,1,0.5962265021231424,1,correct
247366,Marcos Mauro,24/25,2025,0,0.5962204371608423,1,false_positive
396108,Juanmi Carrión,24/25,2025,1,0.5961485275754297,1,correct
512123,Guillermo Alonso,24/25,2025,1,0.5961105275827919,1,correct
634430,Israel Salazar,24/25,2025,1,0.5961071474301697,1,correct
617645,Luigi Gianfreda,24/25,2025,1,0.596104948111065,1,correct
175416,Cristiano Ingretolli,24/25,2025,0,0.5960761889178204,1,false_positive
910682,Dennis Gaustad,24/25,2025,1,0.5960637541377805,1,correct
677139,Yusri El Kandoussi,24/25,2025,1,0.596056734034879,1,correct
541646,Diego Barri,24/25,2025,1,0.5960503396302849,1,correct
290412,Francesco Bigotto,24/25,2025,0,0.5960316402984167,1,false_positive
340345,Borja San Emeterio,24/25,2025,0,0.5960174548776854,1,false_positive
711635,Alexandro Fernández,24/25,2025,1,0.596003391281646,1,correct
468314,Caio Lopes,24/25,2025,1,0.5959765436847798,1,correct
381752,Alfonso Candelas,24/25,2025,0,0.5959272584912321,1,false_positive
976159,Curro Bonilla,24/25,2025,1,0.5958252354170114,1,correct
610370,Fran Pérez,24/25,2025,1,0.5958131710724632,1,correct
631068,Mike Cevallos,24/25,2025,1,0.5957708745430679,1,correct
1048316,Kareem Ben-Kmayal,24/25,2025,1,0.5957521320066592,1,correct
691486,Filippo Di Natale,24/25,2025,1,0.5957344859396465,1,correct
632915,Carlos Sánchez,24/25,2025,0,0.595696883262611,1,false_positive
606572,Rubén Sanchidrián,24/25,2025,1,0.5956831933443896,1,correct
513057,Javi Bueno,24/25,2025,1,0.5956642616259993,1,correct
533355,Adrià Gené,24/25,2025,1,0.5956633035163518,1,correct
937710,Edward Cedeño,24/25,2025,1,0.5956386185253856,1,correct
154819,Kwasi Wriedt,24/25,2025,1,0.5956023560414682,1,correct
455374,Gianluca Bassano,24/25,2025,1,0.5956021858624945,1,correct
1041547,Juan Cruz Cerrudo,24/25,2025,1,0.5955719507628455,1,correct
998686,José Naranjo,24/25,2025,1,0.59556702237694,1,correct
396114,Víctor Morillo,24/25,2025,1,0.5955452405258239,1,correct
542720,Alessandro De Luca,24/25,2025,1,0.5955291891394191,1,correct
709182,Beñat de Jesús,24/25,2025,0,0.595478043939106,1,false_positive
187290,Kevin Brobbey,24/25,2025,1,0.5954623490394805,1,correct
634106,Urko Collado,24/25,2025,0,0.5954466522113264,1,false_positive
392576,Jani Atanasov,24/25,2025,1,0.5954158513297059,1,correct
567026,Anton Efremov,24/25,2025,1,0.5954010572786615,1,correct
624347,Nikola Janjic,24/25,2025,1,0.5953955232800427,1,correct
1028507,Óscar Vacas,24/25,2025,1,0.59535543280361,1,correct
826225,Gonzalo Calçada,24/25,2025,1,0.5953389600053411,1,correct
313113,Álex López,24/25,2025,0,0.5952537234167271,1,false_positive
540887,Enrico Oviszach,24/25,2025,1,0.5952358487023197,1,correct
577741,Mattia Matese,24/25,2025,1,0.5952145728662088,1,correct
391138,Gioacchino Carullo,24/25,2025,1,0.5951815820324711,1,correct
917015,Fabio Torsiello,24/25,2025,1,0.5951588354809776,1,correct
1060196,Claudio Giardino,24/25,2025,1,0.5951005056731276,1,correct
938662,Elias Franco,24/25,2025,1,0.5950993312633992,1,correct
704593,Galymzhan Kenzhebek,24/25,2025,1,0.5950935452925108,1,correct
455924,Davide Cortinovis,24/25,2025,1,0.5950929699619539,1,correct
529142,Daouda Beleme,24/25,2025,1,0.5950827679910946,1,correct
834756,Julen Lartitegi,24/25,2025,1,0.5950689962008172,1,correct
1226095,Miguel Ángel Abad,24/25,2025,0,0.5950667783839774,1,false_positive
723771,Amadou Sarr,24/25,2025,1,0.595064067648237,1,correct
517729,Jaume Pascual,24/25,2025,1,0.5950328599733661,1,correct
860746,Pablo Álvarez,24/25,2025,1,0.5949729647200539,1,correct
421869,Nicholas Rizzo,24/25,2025,1,0.5949509348276648,1,correct
1052726,Edu Sánchez,24/25,2025,1,0.5949411388433333,1,correct
355924,Luca Sparandeo,24/25,2025,1,0.5949070781718375,1,correct
936733,Filippo Illipronti,24/25,2025,1,0.59488657456635,1,correct
1056144,Francesco Di Biagio,24/25,2025,1,0.594808152737992,1,correct
457107,Ángel López,24/25,2025,1,0.5948020191617053,1,correct
555076,Romain Faivre,24/25,2025,1,0.5947947861967091,1,correct
491447,Alessio Rasi,24/25,2025,0,0.5947232217892923,1,false_positive
251882,Xiker Ozerinjauregi,24/25,2025,1,0.5946474665071009,1,correct
784911,Diego Gutiérrez,24/25,2025,1,0.5946255150579702,1,correct
860051,Ayoub Amraoui,24/25,2025,1,0.5946169536758845,1,correct
254039,José Antonio Caro,24/25,2025,0,0.5946104033004164,1,false_positive
456157,Matteo Fracassini,24/25,2025,0,0.5945400798934655,1,false_positive
726669,Lubos Prazenka,24/25,2025,1,0.5945272073481456,1,correct
724103,Michele Casali,24/25,2025,1,0.5945115921867736,1,correct
935842,Alexandr Urban,24/25,2025,1,0.594440641893634,1,correct
815677,Vinicius Mello,24/25,2025,0,0.5944078696014242,1,false_positive
668211,Marcos Sánchez,24/25,2025,1,0.5943896701375104,1,correct
1032447,Julio Cabrera,24/25,2025,0,0.5943529539229284,1,false_positive
1120228,Endika Buján,24/25,2025,0,0.5943416033812706,1,false_positive
336963,Paolo Grillo,24/25,2025,0,0.5942842016672644,1,false_positive
727697,Nico Grimbs,24/25,2025,1,0.5942625290383174,1,correct
383114,Gorka Pérez,24/25,2025,1,0.5941998047689109,1,correct
820694,Jacopo Atzeni,24/25,2025,1,0.594199360178428,1,correct
541035,Javi Duarte,24/25,2025,1,0.5941935623766257,1,correct
1074917,Jonathan Silva,24/25,2025,1,0.5941761613533108,1,correct
627293,Manín Gonzaga,24/25,2025,0,0.5941582877742562,1,false_positive
398945,Miloš Bočić,24/25,2025,1,0.5941574171637813,1,correct
973690,Luca Lohr,24/25,2025,1,0.5940645020289648,1,correct
766764,Dani Lidueña,24/25,2025,1,0.5940602582803552,1,correct
352898,João Amaral,24/25,2025,1,0.5940228878842301,1,correct
738112,Luca Moro,24/25,2025,0,0.593958998455141,1,false_positive
1179482,Iker Luque,24/25,2025,0,0.5939552831454648,1,false_positive
533222,Luca Maffioletti,24/25,2025,1,0.593952549482481,1,correct
520438,Abdelmounaim Boutouil,24/25,2025,1,0.5939475295180372,1,correct
875860,David Amigo,24/25,2025,0,0.5939067252904823,1,false_positive
908946,Niklas Castelle,24/25,2025,1,0.5938997803459936,1,correct
639640,Genny Rondinella,24/25,2025,1,0.5938682674245511,1,correct
682588,Mateo Mejía,24/25,2025,1,0.5938302334790235,1,correct
976828,Matteo Di Paola,24/25,2025,1,0.5938204771772896,1,correct
651269,Armin Gigovic,24/25,2025,1,0.5937863702652553,1,correct
914880,Matteo Brezzo,24/25,2025,1,0.5937824639535911,1,correct
532107,Ben Folami,24/25,2025,0,0.5937648644642298,1,false_positive
583607,William de Camargo,24/25,2025,1,0.5937371858685665,1,correct
1157042,Máté Gyurkó,24/25,2025,1,0.5937259833288778,1,correct
621277,Silvio Colella,24/25,2025,1,0.5936578220950449,1,correct
960983,Agus Moreno,24/25,2025,1,0.5936121883519216,1,correct
524860,Mickaël Biron,24/25,2025,1,0.593562933609588,1,correct
280833,Matteo Cericola,24/25,2025,1,0.5935527641638195,1,correct
823331,Luca Gozzo,24/25,2025,0,0.59354651227477,1,false_positive
842149,Kieren Flavell,24/25,2025,0,0.5934882436415421,1,false_positive
479636,Henrique Jocú,24/25,2025,1,0.5934639674645659,1,correct
973665,Andrea Grilli,24/25,2025,1,0.5934191176410049,1,correct
890629,Emi Hernández,24/25,2025,1,0.5933857752327347,1,correct
816789,Mattia Ortelli,24/25,2025,0,0.5933738727208432,1,false_positive
476024,Léo Abreu,24/25,2025,1,0.593363238522668,1,correct
478408,Alessio Esposito,24/25,2025,1,0.5933263747722118,1,correct
634928,Paul Álvarez,24/25,2025,0,0.593305576605417,1,false_positive
341228,Juan Agüero,24/25,2025,1,0.5932834502795852,1,correct
441107,Dani Ramos,24/25,2025,0,0.5932732849020724,1,false_positive
544258,Elios Minaj,24/25,2025,0,0.5932622986513951,1,false_positive
226825,Borja López,24/25,2025,0,0.5932300817778569,1,false_positive
358261,Konstantinos Doumtsios,24/25,2025,1,0.5932249391700775,1,correct
317429,Manuel Farrando,24/25,2025,0,0.5931015205208959,1,false_positive
341438,Mark Sifneos,24/25,2025,1,0.593057468978142,1,correct
542588,Alessandro Sorrentino,24/25,2025,1,0.5930496958887035,1,correct
929829,Dani Simón,24/25,2025,1,0.5930400715385385,1,correct
217149,Antonio Marín,24/25,2025,0,0.5929864370259907,1,false_positive
621824,Andrea Nesci,24/25,2025,1,0.5929389865552158,1,correct
656345,Nacho Ramón,24/25,2025,0,0.5928883859720053,1,false_positive
814351,Filippo Scipione,24/25,2025,1,0.5928623304979675,1,correct
738570,Alessio Spatari,24/25,2025,1,0.592831496680518,1,correct
255904,Kaiser,24/25,2025,0,0.5927589103854908,1,false_positive
1136037,Iker Ropero,24/25,2025,1,0.5927053142364831,1,correct
401910,Iván Moreno,24/25,2025,1,0.5926612966894775,1,correct
1059365,Álex Maroto,24/25,2025,1,0.5926555565935178,1,correct
567529,Rui Pedro,24/25,2025,1,0.5926489456612714,1,correct
1308575,Giovanni Otero,24/25,2025,1,0.5926446584920985,1,correct
351691,Sam Cosgrove,24/25,2025,1,0.5926305447417218,1,correct
1020749,Gabriel Rabanillo,24/25,2025,1,0.5925947943624769,1,correct
660063,Cristian Esposito,24/25,2025,0,0.59258473826673,1,false_positive
986173,Pasquale Ruiz Giraldo,24/25,2025,1,0.5925815845102758,1,correct
177065,Florin Andone,24/25,2025,0,0.5925803528278051,1,false_positive
830113,Steven Nsimba,24/25,2025,1,0.592542284255553,1,correct
193050,Valmir Sulejmani,24/25,2025,1,0.592501807933973,1,correct
1105550,Moussa Seck Ndoye,24/25,2025,1,0.5924519182443843,1,correct
431408,Alessio Leveque,24/25,2025,1,0.5924142419219572,1,correct
630523,Martin Svidersky,24/25,2025,1,0.5923994020335734,1,correct
631050,Alfonso Liceras,24/25,2025,0,0.5923877655113963,1,false_positive
256749,Dani Santigosa,24/25,2025,1,0.5923832553236044,1,correct
597201,Rúben Pereira,24/25,2025,1,0.5923813967474549,1,correct
462296,Daniel Giampaolo,24/25,2025,1,0.5923763216499711,1,correct
148928,Saúl Ñíguez,24/25,2025,1,0.5923550876817778,1,correct
1066212,Mladen Mutavčić,24/25,2025,1,0.5923281582783888,1,correct
536811,Nicolò Milani,24/25,2025,1,0.5922851763749671,1,correct
982832,Adri Heredia,24/25,2025,1,0.592282709777927,1,correct
308367,José Antonio Soler,24/25,2025,1,0.592274402261963,1,correct
979322,Álex Alonso,24/25,2025,1,0.5922330578324173,1,correct
719986,Fito,24/25,2025,0,0.5922065897863767,1,false_positive
938431,Marko Kerkez,24/25,2025,1,0.5921718310336174,1,correct
308560,Jhon Murillo,24/25,2025,1,0.5921417545034913,1,correct
237923,Sotiris Tsiloulis,24/25,2025,1,0.5921315010382701,1,correct
1164330,Martin Pedroarena,24/25,2025,0,0.5921243020492646,1,false_positive
907917,Kristaps Grabovskis,24/25,2025,1,0.5921223150020868,1,correct
975348,Joan Tincres,24/25,2025,0,0.5921213459431481,1,false_positive
984964,Niccolò Fortini,24/25,2025,0,0.5921157424279573,1,false_positive
653065,Bahattin Karahan,24/25,2025,1,0.5921059773473998,1,correct
670711,Diogo Pinto,24/25,2025,1,0.5920882518648747,1,correct
366729,Nazariy Rusyn,24/25,2025,1,0.5920522666837578,1,correct
535792,Francesco Barba,24/25,2025,0,0.592024846786817,1,false_positive
73735,Juha Pirinen,24/25,2025,1,0.5920018883171224,1,correct
614086,Fábio Tavares,24/25,2025,1,0.5919342871345075,1,correct
627218,Txus Alba,24/25,2025,1,0.5919167173070967,1,correct
1051090,Samuele Magni,24/25,2025,0,0.5919001711421427,1,false_positive
976198,Alessandro Ceccarelli,24/25,2025,1,0.5918912780233418,1,correct
1055398,Hugo Matos,24/25,2025,1,0.591869269238967,1,correct
843327,Mohamed Awad Alla,24/25,2025,1,0.5918314338778359,1,correct
817045,Samuele Regazzetti,24/25,2025,1,0.5918308326174314,1,correct
120919,Giorgio Siani,24/25,2025,1,0.5918148066296679,1,correct
228386,Joseph Boyamba,24/25,2025,1,0.591778129989277,1,correct
1123335,Hamza Bellari,24/25,2025,1,0.5917669613359349,1,correct
1183293,Edoardo Ferrari,24/25,2025,0,0.5916590848115076,1,false_positive
674429,Diego González,24/25,2025,1,0.5916210790935149,1,correct
55595,Benjamin Mokulu,24/25,2025,1,0.5915315293725582,1,correct
628490,Genar Fornés,24/25,2025,1,0.5915296053032331,1,correct
316937,Michele Spinelli,24/25,2025,1,0.591517700700937,1,correct
411537,Zian Flemming,24/25,2025,1,0.5915176922330996,1,correct
390117,Samuele Damiani,24/25,2025,1,0.5914669340065957,1,correct
425975,Davide Di Stefano,24/25,2025,1,0.5914629366041259,1,correct
738108,Samuele Zona,24/25,2025,1,0.591462561313433,1,correct
619323,Fausto Perseu,24/25,2025,1,0.5914495796551279,1,correct
199330,Antonio Cotán,24/25,2025,1,0.5913900228016722,1,correct
1179588,Yuzún Ley,24/25,2025,1,0.5913858990809837,1,correct
818960,Filippo Pinton,24/25,2025,1,0.5913508669745413,1,correct
198005,Cristian Ponde,24/25,2025,1,0.5913312020644735,1,correct
1189287,Aitor Galarza,24/25,2025,1,0.5913073977668213,1,correct
934503,Stefano Tomaselli,24/25,2025,0,0.5912814952072983,1,false_positive
1072763,Filippo Dodde,24/25,2025,0,0.591203830728682,1,false_positive
636318,Chus Ruiz,24/25,2025,1,0.5911633983659599,1,correct
818850,Bilario Azizi,24/25,2025,1,0.5911598121257383,1,correct
505653,Fábio Silva,24/25,2025,1,0.5911569970246957,1,correct
471936,Oliver Christensen,24/25,2025,1,0.5911538914015598,1,correct
336160,Andrija Novakovich,24/25,2025,1,0.5910969955712194,1,correct
715624,José Currás,24/25,2025,1,0.591066260518335,1,correct
636094,Javier Hermelo,24/25,2025,0,0.5910562342705253,1,false_positive
815532,Mattia Rigo,24/25,2025,1,0.5910534995911529,1,correct
707303,Samuele Lovaglio,24/25,2025,1,0.5910195090160726,1,correct
442425,Georgi Rusev,24/25,2025,1,0.5909586581542443,1,correct
1104393,Francesco Cinque,24/25,2025,1,0.5909521364809547,1,correct
708369,Esteban Aparicio,24/25,2025,0,0.5909182775720668,1,false_positive
902107,Mahir Rizvanovic,24/25,2025,1,0.5909065392411862,1,correct
709971,Xavi Moreno,24/25,2025,1,0.5908372651282761,1,correct
625630,Lorenzo Chiti,24/25,2025,1,0.5908235772470614,1,correct
716898,Luka Hyryläinen,24/25,2025,1,0.5908010550368968,1,correct
341724,Relu,24/25,2025,1,0.5907812403458752,1,correct
341093,Filippo Boccardi,24/25,2025,1,0.5907631868223356,1,correct
962144,Unax del Cura,24/25,2025,1,0.5907558747629692,1,correct
713523,Mateus da Silva,24/25,2025,1,0.5907292588658647,1,correct
732439,Nico Magno,24/25,2025,1,0.590729136968135,1,correct
1035221,Lorenzo Brusca,24/25,2025,1,0.5907097256391037,1,correct
337310,Lamin Jallow,24/25,2025,1,0.5906921972921224,1,correct
995017,Octavio Casalongue,24/25,2025,1,0.5906776477685198,1,correct
620393,Boubacar Coulibaly,24/25,2025,1,0.5906715243222935,1,correct
896014,Adrià Nicoli,24/25,2025,0,0.5906498496098535,1,false_positive
921610,Nestorly Lumbu,24/25,2025,1,0.5906352401523509,1,correct
1052288,Karim Cissé,24/25,2025,0,0.5906071891919792,1,false_positive
337781,Arturo Molina,24/25,2025,1,0.5906000083720631,1,correct
504107,Edi Semedo,24/25,2025,0,0.5905878942801014,1,false_positive
632498,Miguelito,24/25,2025,0,0.5905566621729154,1,false_positive
782889,Tom Moustier,24/25,2025,0,0.5905338888092154,1,false_positive
459649,Joseph Ekuban,24/25,2025,0,0.5905136040049799,1,false_positive
1009938,Álvaro Merencio,24/25,2025,1,0.5905065852079695,1,correct
193994,Yves Baraye,24/25,2025,1,0.5904488610944801,1,correct
131951,Kevin Lasagna,24/25,2025,1,0.5904018560741772,1,correct
945763,Dani Martinez,24/25,2025,0,0.590373441705716,1,false_positive
244338,Pelly Ruddock Mpanzu,24/25,2025,1,0.5903552768503547,1,correct
947440,Gabriel Ramis,24/25,2025,0,0.5902714131113079,1,false_positive
1009941,Álex García,24/25,2025,1,0.5902531957748055,1,correct
820678,Emanuele Zucco,24/25,2025,1,0.5901531887351258,1,correct
476101,Sergi Segura,24/25,2025,0,0.5901293778724324,1,false_positive
423172,José Manuel Alonso,24/25,2025,1,0.5900973106332417,1,correct
351792,David Tijanic,24/25,2025,1,0.5900751668893566,1,correct
1022385,Fabricio Oviedo,24/25,2025,0,0.5900700006637377,1,false_positive
933350,Tincho Conde,24/25,2025,1,0.5900566549853742,1,correct
1065483,Moussa Seck,24/25,2025,0,0.5900313403739252,1,false_positive
572431,Valerio Baldassi,24/25,2025,1,0.5899867826035315,1,correct
909683,Joan Puig,24/25,2025,1,0.5899491396100123,1,correct
93853,Martin Kobylanski,24/25,2025,1,0.5899480730136079,1,correct
928726,Roberto Arroyo,24/25,2025,0,0.5898975084397985,1,false_positive
569373,Isaac Solet,24/25,2025,0,0.5898716630732208,1,false_positive
503975,Joe Hodge,24/25,2025,1,0.5898621888523927,1,correct
710670,Kevin Soeiro,24/25,2025,1,0.5898568292497038,1,correct
1205219,Andrea Prandini,24/25,2025,1,0.5898493130406511,1,correct
719720,David Argüelles,24/25,2025,1,0.589825263018717,1,correct
549069,Diego Altube,24/25,2025,1,0.5897769505485552,1,correct
867784,Davide Aloia,24/25,2025,1,0.5897541121621624,1,correct
510545,Jesús Jiménez,24/25,2025,1,0.5897338913684845,1,correct
710347,Alfonso Sepe,24/25,2025,1,0.5897267710741235,1,correct
672381,Jonathan Rowe,24/25,2025,1,0.5897019078685503,1,correct
470324,Juan Bauzá,24/25,2025,1,0.5896958596025333,1,correct
1003958,Samu Mayo,24/25,2025,1,0.5896897066536044,1,correct
1010984,Mickael Dosso,24/25,2025,1,0.5896630991794847,1,correct
984749,Leonardo Saito,24/25,2025,0,0.5896611293451911,1,false_positive
704285,Elia Maccherini Tonini,24/25,2025,1,0.5896431465042187,1,correct
423196,Gabriele Fumanti,24/25,2025,1,0.5896317878645431,1,correct
566658,Adolfo Romero,24/25,2025,1,0.5896252231426473,1,correct
177964,Yusupha Njie,24/25,2025,0,0.5895857793942857,1,false_positive
634105,Alberto Marí,24/25,2025,1,0.5895750043919264,1,correct
598101,Roberto Fernández,24/25,2025,1,0.5895637410644494,1,correct
351158,Jesús Cruz,24/25,2025,0,0.5895530032509623,1,false_positive
320426,Andrea Gulli,24/25,2025,1,0.5895330211231217,1,correct
156887,Álvaro Peña,24/25,2025,1,0.5895121220845362,1,correct
710000,David Cuenca,24/25,2025,1,0.589474362700796,1,correct
1132749,Alex Sánchez,24/25,2025,0,0.5894597595569282,1,false_positive
533061,Elias Ramírez,24/25,2025,0,0.5894557437318568,1,false_positive
263066,Francis Ferrón,24/25,2025,1,0.5894432041141874,1,correct
881175,Diogo Bebé,24/25,2025,0,0.5892970488192975,1,false_positive
639732,Raúl Sola,24/25,2025,1,0.5892715773822523,1,correct
542741,Sunday Adetunji,24/25,2025,1,0.5892575177329697,1,correct
699419,Karim El Kounni,24/25,2025,1,0.5892139181243536,1,correct
1123002,Gerardo Agnelli,24/25,2025,0,0.5891444964486836,1,false_positive
525995,Stefan Hajdin,24/25,2025,1,0.5891118671460284,1,correct
704683,Jordan Amore,24/25,2025,1,0.5890971148649752,1,correct
496415,Nicolás Reniero,24/25,2025,0,0.5890058860470283,1,false_positive
328850,Giorgio Recino,24/25,2025,1,0.5889891055994101,1,correct
742018,Dejan Radonjic,24/25,2025,0,0.5889752273708023,1,false_positive
1001035,Marcos Carrillo,24/25,2025,1,0.5889641541864452,1,correct
729169,Luca Butkovic,24/25,2025,1,0.5889600691235547,1,correct
1001362,Max Vartuli,24/25,2025,0,0.5888802405718927,1,false_positive
913944,Sergio Montes,24/25,2025,1,0.5888282028838613,1,correct
638210,Mikel Zabala,24/25,2025,0,0.5887870135567264,1,false_positive
246244,Sergio Aguza,24/25,2025,1,0.5887587738249236,1,correct
611905,Claudio Messaggi,24/25,2025,0,0.5887553262297746,1,false_positive
502435,Federico Cardella,24/25,2025,0,0.5887195775368014,1,false_positive
618806,Alfredo Pedraza,24/25,2025,1,0.5887122606201253,1,correct
344151,Bilal Boutobba,24/25,2025,1,0.5886543438497608,1,correct
783429,Unai Dufur,24/25,2025,1,0.5886205436782129,1,correct
817128,Lorenzo Lo Duca,24/25,2025,0,0.5885584116281991,1,false_positive
401268,Olamide Shodipo,24/25,2025,1,0.588523404106869,1,correct
947435,Pablo Moyá,24/25,2025,1,0.5885114429561132,1,correct
981444,Arnold Vula,24/25,2025,1,0.588484760034269,1,correct
353173,Falou Samb,24/25,2025,1,0.5884571126405876,1,correct
1175656,Thomas Diego Altomonte,24/25,2025,1,0.5884527610654791,1,correct
801357,Gabriel Pellegrino,24/25,2025,1,0.5884374597837061,1,correct
332527,Sveinn Aron Gudjohnsen,24/25,2025,0,0.5884083025368929,1,false_positive
729109,Leonardo Francalanci,24/25,2025,1,0.5884042258211214,1,correct
1086495,Edoardo Nunziati,24/25,2025,0,0.5883849816735384,1,false_positive
834767,Loren Sánchez,24/25,2025,1,0.5883719319801035,1,correct
719985,Pol Bassa,24/25,2025,1,0.5883385537581161,1,correct
1087487,Vimal Yoganathan,24/25,2025,0,0.5883254923394048,1,false_positive
718307,Matías Segovia,24/25,2025,1,0.5883179165332121,1,correct
361065,Mitchel Bakker,24/25,2025,0,0.5883034091827678,1,false_positive
707221,Baptiste Rolland,24/25,2025,1,0.5882800085430754,1,correct
803967,Sanel Saljic,24/25,2025,0,0.5882505170458147,1,false_positive
867185,Ismael Ferrer,24/25,2025,0,0.5881815719191643,1,false_positive
115763,Koray Günter,24/25,2025,1,0.588177207118912,1,correct
595916,Alejandro Cañizo,24/25,2025,0,0.5881302668330148,1,false_positive
575478,Xabier Zaldua,24/25,2025,1,0.5881274176921432,1,correct
536703,Ivo Quaranta,24/25,2025,1,0.5880583150553114,1,correct
915492,Giulio Mengucci,24/25,2025,1,0.5880514240303156,1,correct
243555,Miguel Santos,24/25,2025,0,0.5880330181085731,1,false_positive
709591,Héctor Peña,24/25,2025,1,0.5880299700484729,1,correct
534121,Andrea Marino,24/25,2025,1,0.588027948697546,1,correct
702275,Julián Mahicas,24/25,2025,0,0.5880000747188708,1,false_positive
341270,Carlos Gilbert,24/25,2025,1,0.587989473167889,1,correct
404968,Nicola De Vido,24/25,2025,1,0.5879754340551301,1,correct
937891,Francesco Raffaelli,24/25,2025,1,0.587891609748049,1,correct
522502,Emmanuel Odianose,24/25,2025,1,0.5878526105286223,1,correct
606128,Jacopo Cecconi,24/25,2025,1,0.5878262888558223,1,correct
810307,Dimitrios Goumas,24/25,2025,0,0.5878114052857554,1,false_positive
718586,Manu Morillo,24/25,2025,1,0.5878103843284355,1,correct
891312,Fran Árbol,24/25,2025,1,0.5877878913267643,1,correct
717465,Laurin Ulrich,24/25,2025,1,0.5877797493086087,1,correct
1035760,Tommaso Pegoraro,24/25,2025,1,0.5877625931239422,1,correct
104062,Adrian Popa,24/25,2025,0,0.5877540136915865,1,false_positive
657446,Bernardo Couto,24/25,2025,0,0.5877397321656224,1,false_positive
97731,Salvatore Giglio,24/25,2025,1,0.5877390601241512,1,correct
932746,Mattia Saltalamacchia,24/25,2025,1,0.5877054169755742,1,correct
627829,Christian Bianchetti,24/25,2025,1,0.5876860328769671,1,correct
1064122,Valen Gómez,24/25,2025,1,0.5876753247469794,1,correct
314369,Matteo Gasperi,24/25,2025,0,0.5876242203023659,1,false_positive
935576,Hagan Frimpong,24/25,2025,1,0.5876090811505233,1,correct
834492,Iker Varela,24/25,2025,1,0.5875908080598512,1,correct
599739,Xavier Simons,24/25,2025,1,0.5875904816365812,1,correct
944738,Cristian Antonciuc,24/25,2025,0,0.5875773386487072,1,false_positive
430488,Edgar Sevikyan,24/25,2025,1,0.587530187031128,1,correct
240343,Vincenzo Guarino,24/25,2025,1,0.5875279973920381,1,correct
815546,Francesco Gioielli,24/25,2025,1,0.5874950287418618,1,correct
355456,Diego Valenti,24/25,2025,1,0.58747013282817,1,correct
381204,Colau,24/25,2025,1,0.5873974645310839,1,correct
820252,Benchimol,24/25,2025,0,0.587362014927759,1,false_positive
355479,Ferdinando Del Sole,24/25,2025,1,0.5873300743152202,1,correct
686972,Francesco Saverino,24/25,2025,1,0.5873283338443138,1,correct
318799,Otis Khan,24/25,2025,1,0.5872702485321429,1,correct
837890,Federico Ficini,24/25,2025,1,0.5872537616708096,1,correct
510369,Carlos Cordero,24/25,2025,0,0.5872346522491017,1,false_positive
603451,Davide Petito,24/25,2025,1,0.5870972924311216,1,correct
568709,Francesco Barranca,24/25,2025,0,0.587065177992189,1,false_positive
934457,Riccardo Restelli,24/25,2025,1,0.5870589468977692,1,correct
1163638,Yeimar Mosquera,24/25,2025,0,0.5870569641548933,1,false_positive
524924,Mattia Trinchera,24/25,2025,0,0.5869971371107047,1,false_positive
387199,Benaissa Benamar,24/25,2025,1,0.586911430331154,1,correct
598162,Javi Gómez,24/25,2025,1,0.5868938018612302,1,correct
568362,Suphanat Mueanta,24/25,2025,0,0.5868751722176391,1,false_positive
536372,Rodrigo Tuninetti,24/25,2025,1,0.5868730954414226,1,correct
537436,Ludovico Ricci,24/25,2025,1,0.5868606174534174,1,correct
527601,Niccolò Bigica,24/25,2025,1,0.5868472490415167,1,correct
280416,Housem Ferchichi,24/25,2025,1,0.5868243244841568,1,correct
1013227,George Andrews,24/25,2025,1,0.5868052730860309,1,correct
973608,Toni Dols,24/25,2025,1,0.5867542508407257,1,correct
348553,Pablo Clavería,24/25,2025,0,0.5867541910099535,1,false_positive
1157676,Adonija Ouanda,24/25,2025,0,0.5867456864475599,1,false_positive
995472,Gianmarco Di Biase,24/25,2025,1,0.5867216182905544,1,correct
567479,Alberto Simoni,24/25,2025,1,0.5867108043428295,1,correct
737256,Manuel Botta,24/25,2025,1,0.5867061364057069,1,correct
162044,Cristian Herrera,24/25,2025,1,0.5866852583018639,1,correct
1216111,Alex Sola,24/25,2025,1,0.5866615935814798,1,correct
1090074,Filippo Liberati,24/25,2025,1,0.5866221371357861,1,correct
888293,Carlos Mattheus,24/25,2025,1,0.5865681370999114,1,correct
340982,Florinel Coman,24/25,2025,0,0.5865088253597242,1,false_positive
203052,Filippo Di Maira,24/25,2025,1,0.5864869986576724,1,correct
333003,Antonio Sepe,24/25,2025,1,0.5864673986096782,1,correct
188436,Luigi Canotto,24/25,2025,1,0.586466039862893,1,correct
168245,Giordano Pantano,24/25,2025,1,0.5864613636309876,1,correct
1285999,John Batigi,24/25,2025,1,0.5864099284989446,1,correct
795791,Samuele Puglisi,24/25,2025,1,0.5864058155795006,1,correct
435336,Óscar de Frutos,24/25,2025,0,0.5863995660816658,1,false_positive
127222,Tommaso Ceccarelli,24/25,2025,0,0.5863995433782387,1,false_positive
710479,Jesús Palomeque,24/25,2025,1,0.5863682818330517,1,correct
783481,Keko Hevia,24/25,2025,1,0.5863088515768285,1,correct
698548,Marko Lazetić,24/25,2025,1,0.5862691498362824,1,correct
894945,Anartz Peña,24/25,2025,0,0.5862582983659136,1,false_positive
632898,Rodri Val,24/25,2025,1,0.5862486555725016,1,correct
820938,Alessandro Silano,24/25,2025,1,0.5862051021423399,1,correct
657776,Denny Pucci,24/25,2025,1,0.5861869447472531,1,correct
604864,Dimitrios Theodoridis,24/25,2025,1,0.5861596439686717,1,correct
144303,Lazar Markovic,24/25,2025,1,0.5861446139887586,1,correct
635940,Guille Bernabeu,24/25,2025,1,0.5861443424123124,1,correct
634116,Yoel Ramírez,24/25,2025,1,0.586134235132045,1,correct
196538,Lorenzo Remedi,24/25,2025,1,0.5860985438009738,1,correct
1169515,Alex Garzón,24/25,2025,1,0.586093846508498,1,correct
946279,Javi Hernández,24/25,2025,0,0.5860834579057621,1,false_positive
152431,Dominic Baumann,24/25,2025,1,0.5860810062556443,1,correct
342226,Irvin Cardona,24/25,2025,1,0.5860456515452699,1,correct
1088267,Lapo Accorsini,24/25,2025,1,0.5860164142242826,1,correct
466812,Nils Mortimer,24/25,2025,0,0.585987070868597,1,false_positive
704554,Santiago Muñóz,24/25,2025,0,0.5859806032951242,1,false_positive
336863,Juanjo Chavalés,24/25,2025,0,0.5859111938233171,1,false_positive
691355,Junior Bakayoko,24/25,2025,0,0.5858997122458195,1,false_positive
672803,Bertuğ Yıldırım,24/25,2025,1,0.5858980015890609,1,correct
575564,Diego Larotonda,24/25,2025,1,0.5858882224246776,1,correct
722280,Luismi Gutiérrez,24/25,2025,0,0.5858079124960406,1,false_positive
342350,Francesco D'Orsi,24/25,2025,0,0.585784718199307,1,false_positive
198015,Jefté Betancor,24/25,2025,1,0.5857760037627552,1,correct
497188,Florent Hasani,24/25,2025,0,0.5857369757820262,1,false_positive
499830,Samuele Spalluto,24/25,2025,1,0.5857299981395792,1,correct
551007,Eli King,24/25,2025,0,0.5857166546709929,1,false_positive
504064,Alexander Torvund,24/25,2025,1,0.5857034398233769,1,correct
1049715,Alessandro Diana,24/25,2025,0,0.585683349728296,1,false_positive
632497,Miquel Llabrés,24/25,2025,0,0.5856096740550384,1,false_positive
1056526,Cristiano Rizzo,24/25,2025,1,0.5855739187964923,1,correct
856423,João Costa,24/25,2025,0,0.5855713286923104,1,false_positive
392634,Gabriele Dalla Bernardina,24/25,2025,0,0.5855693274805825,1,false_positive
1228383,Ismael Barea,24/25,2025,1,0.5855414997240901,1,correct
248337,Pablo Trigueros,24/25,2025,1,0.5855295126541397,1,correct
379872,Julen Monreal,24/25,2025,1,0.5855140699766701,1,correct
1060722,Moha Bassele,24/25,2025,0,0.5854926998814265,1,false_positive
345189,Luka Lochoshvili,24/25,2025,1,0.5854506326150984,1,correct
632503,Adrià Mercadal,24/25,2025,0,0.5854315642715219,1,false_positive
991312,Nikita Baranok,24/25,2025,0,0.5854303056065971,1,false_positive
947432,Marcos Fernández,24/25,2025,0,0.5854097934357066,1,false_positive
238968,Matteo Lomolino,24/25,2025,1,0.5854061314276138,1,correct
1054909,Pablo Busto,24/25,2025,0,0.58537988402907,1,false_positive
713633,Raúl Castro,24/25,2025,0,0.585302075813901,1,false_positive
396158,Carlos Cobo,24/25,2025,1,0.5852678082958317,1,correct
576125,Thierry Gale,24/25,2025,1,0.5852563687177441,1,correct
1152997,Mateo Scheffer Bracco,24/25,2025,1,0.5852468376620119,1,correct
819326,Ismaila Badje,24/25,2025,1,0.5852450636857619,1,correct
711999,Lesley Ugochukwu,24/25,2025,1,0.5852409467093571,1,correct
524287,Robin Friedrich,24/25,2025,1,0.5852114186044126,1,correct
314367,Marcus Edwards,24/25,2025,1,0.5852093927556855,1,correct
230968,Alexandros Nikolias,24/25,2025,1,0.5852054866265243,1,correct
536698,Julian Larsson,24/25,2025,0,0.5851390374159716,1,false_positive
409472,Ousama Siddiki,24/25,2025,0,0.585136908272597,1,false_positive
420465,Tiago Djaló,24/25,2025,1,0.5851311922040767,1,correct
397850,Gabriele Gibilterra,24/25,2025,1,0.585110338461845,1,correct
1178721,Rafel Bauzà,24/25,2025,1,0.5851008189116059,1,correct
562287,Christian Celesia,24/25,2025,0,0.5850608056444975,1,false_positive
933052,Timothy Ansah Ekuban,24/25,2025,1,0.585017944614444,1,correct
715683,Naim García,24/25,2025,0,0.5849194632307514,1,false_positive
718115,Zini,24/25,2025,0,0.5848964121953574,1,false_positive
596882,Álvaro Espínola,24/25,2025,1,0.5848937514477196,1,correct
161484,Lee Erwin,24/25,2025,1,0.5848935445392616,1,correct
882917,Alessio Aprile,24/25,2025,1,0.5848862542536196,1,correct
499341,Milorad Stajic,24/25,2025,1,0.5848770821908965,1,correct
459224,Francesco Piccardi,24/25,2025,0,0.5847798891610703,1,false_positive
331463,Alessandro Aloia,24/25,2025,1,0.5847741481896425,1,correct
776303,Marco Pellegrino,24/25,2025,1,0.5847626715926955,1,correct
295082,Jon Sillero,24/25,2025,0,0.5847246020341342,1,false_positive
890817,Dimitrios Stamatakis,24/25,2025,0,0.5847228005101688,1,false_positive
1034471,Khalid Noureddine,24/25,2025,1,0.5846569458544851,1,correct
271966,Mbaye Diagne,24/25,2025,1,0.5846387206442277,1,correct
771032,Andrés Rodríguez,24/25,2025,1,0.5846226077203179,1,correct
222502,Giovanni Foresta,24/25,2025,0,0.5845984348972156,1,false_positive
396428,Rodrigo Escoval,24/25,2025,0,0.5845757044813044,1,false_positive
432752,Ivan Brnic,24/25,2025,0,0.5845621219702989,1,false_positive
186945,Ignacio Varela,24/25,2025,0,0.5845348398248501,1,false_positive
917781,Matti Wagner,24/25,2025,1,0.5845161053305796,1,correct
596614,Federico Mencagli,24/25,2025,1,0.5844709446097847,1,correct
592498,Tiago Manso,24/25,2025,0,0.5844589419206827,1,false_positive
930944,Tommaso Ghirardello,24/25,2025,1,0.584446516174629,1,correct
1033478,Gastón Valles,24/25,2025,1,0.584389294313893,1,correct
369707,Tomás Bolzicco,24/25,2025,0,0.5843056777639138,1,false_positive
622236,Radek Vítek,24/25,2025,1,0.5842886099481566,1,correct
341140,Nicolae Carnat,24/25,2025,1,0.5842752539136493,1,correct
729937,Marco Teraschi,24/25,2025,1,0.5842732741292103,1,correct
539131,Alessio Brambilla,24/25,2025,1,0.5842220207338988,1,correct
126118,Kamil Wiktorski,24/25,2025,1,0.5842204568251259,1,correct
878402,Joseph Antoine Na'a,24/25,2025,1,0.5841759704933635,1,correct
69212,Vincenzo Camilleri,24/25,2025,1,0.584163993108052,1,correct
636302,Jordi Pola,24/25,2025,0,0.5841596466818955,1,false_positive
537360,Giuseppe Guadagni,24/25,2025,1,0.5841554867676974,1,correct
687464,Franko Sabljic,24/25,2025,1,0.5841210023463832,1,correct
818536,Clemente Tartaro,24/25,2025,1,0.584120873275508,1,correct
251432,Enock Barwuah,24/25,2025,1,0.5840910063963664,1,correct
929864,Rafa Fernández,24/25,2025,1,0.5840708358536086,1,correct
715679,Lalo Aguilar,24/25,2025,0,0.5840467469124447,1,false_positive
612489,Alessio Nepi,24/25,2025,0,0.5840452784138425,1,false_positive
98854,Leonardo Pérez,24/25,2025,0,0.5840402254135683,1,false_positive
1223892,Koke Mota,24/25,2025,0,0.5840081499983593,1,false_positive
210143,Álex Gallar,24/25,2025,0,0.5839849864790164,1,false_positive
802949,Nicolas Perotta,24/25,2025,1,0.5839049505169706,1,correct
479712,Giorgio Lionetti,24/25,2025,1,0.5839041141326801,1,correct
459637,Francesco Baschirotto,24/25,2025,1,0.5838993057607913,1,correct
1077315,Anastasios Loupas,24/25,2025,1,0.5838733593055161,1,correct
340262,Luca Donaggio,24/25,2025,1,0.5838124723960721,1,correct
504084,Tiago Ribeiro,24/25,2025,0,0.5837934741788762,1,false_positive
700664,Balázs Farkas,24/25,2025,1,0.5837906196466212,1,correct
379821,Christian Tommasini,24/25,2025,0,0.5837899312109097,1,false_positive
745177,Nazim Babaï,24/25,2025,0,0.583780758009454,1,false_positive
486766,Aílson Tavares,24/25,2025,1,0.5837355327137863,1,correct
600730,José González,24/25,2025,0,0.583713233021824,1,false_positive
164837,Kristopher Vida,24/25,2025,1,0.583660095283646,1,correct
531829,Dani Escriche,24/25,2025,0,0.5836578134851843,1,false_positive
945713,Marcos Moreno,24/25,2025,1,0.5836473022566537,1,correct
713638,Neskes,24/25,2025,0,0.5836447858414656,1,false_positive
512401,Alvaro Iuliano,24/25,2025,0,0.583640181738462,1,false_positive
164344,Simone D'Anna,24/25,2025,0,0.5836270038502261,1,false_positive
797756,Ariel Reinero,24/25,2025,1,0.5835835339677675,1,correct
923141,Nikolaos Vakouftsis,24/25,2025,0,0.5835765620693294,1,false_positive
490386,Jay-Dee Geusens,24/25,2025,0,0.583560093040594,1,false_positive
603680,Giorgio Bachini,24/25,2025,1,0.5835366316925833,1,correct
1068036,Niccolò Abbà,24/25,2025,0,0.5835234438472358,1,false_positive
1186672,Valerio Bertucci,24/25,2025,1,0.58344981797235,1,correct
715330,Filippo Magnaldi,24/25,2025,0,0.5834350794046128,1,false_positive
707107,Patricio Goglino,24/25,2025,1,0.5834234651517061,1,correct
862392,Marco Orfano,24/25,2025,1,0.5833226084370895,1,correct
1165116,Cosimo Bigazzi,24/25,2025,0,0.5833187640751644,1,false_positive
619464,Aboubacar Doumbia,24/25,2025,1,0.583278747288702,1,correct
304225,Dimitrios Mavrias,24/25,2025,1,0.5832749957964332,1,correct
726526,Stefan Mitrović,24/25,2025,1,0.5832613758847092,1,correct
496484,Nick Akoto,24/25,2025,0,0.5832515075254607,1,false_positive
555118,Toño Calvo,24/25,2025,0,0.5832416922050256,1,false_positive
247555,Edimilson Fernandes,24/25,2025,1,0.5832402560544371,1,correct
604794,Vincenzo Vitale,24/25,2025,1,0.5832305250177248,1,correct
830304,Gellért Dúzs,24/25,2025,0,0.5831862096107919,1,false_positive
267916,Valeriano Nchama,24/25,2025,1,0.583148118742697,1,correct
535958,Ricardo Matos,24/25,2025,1,0.5831163545383584,1,correct
620388,Filippo Carli,24/25,2025,1,0.5830828891151978,1,correct
1065268,Álex Jimenez,24/25,2025,1,0.5830734364485952,1,correct
240401,Carlo Caporali,24/25,2025,1,0.583072440421118,1,correct
1053246,Chidera Okoh,24/25,2025,0,0.583066217472124,1,false_positive
1073051,Héctor Oliva,24/25,2025,1,0.5830552322812156,1,correct
202977,Luca Iotti,24/25,2025,0,0.5830144750461238,1,false_positive
741254,Gerard Hernández,24/25,2025,1,0.5829726897197924,1,correct
1175869,Jesús Belza,24/25,2025,0,0.5829548161025148,1,false_positive
1194286,Gregorio Salvati,24/25,2025,1,0.5829214194017139,1,correct
380277,Santi Samanes,24/25,2025,1,0.5828709271515268,1,correct
936185,Tobia Mogentale,24/25,2025,1,0.5828687591507722,1,correct
570458,Jake Garrett,24/25,2025,0,0.5828587848554458,1,false_positive
490506,José Solbes,24/25,2025,1,0.5828196227157539,1,correct
357997,Thomas Schirò,24/25,2025,1,0.5828194391463823,1,correct
69457,Richi de Souza,24/25,2025,0,0.5827642651516131,1,false_positive
1176566,Nicolas Naso,24/25,2025,1,0.5827235554234452,1,correct
1191770,César Álvarez,24/25,2025,0,0.5827096274108646,1,false_positive
144304,Ognjen Ozegovic,24/25,2025,1,0.5827014265799922,1,correct
709830,Francis Ezeh,24/25,2025,0,0.5826354633697907,1,false_positive
466452,Ivan Milicevic,24/25,2025,1,0.5826302268068143,1,correct
471466,Lorenzo Barzon,24/25,2025,1,0.5826146217814319,1,correct
818909,Raffaele Lattuchella,24/25,2025,1,0.5825847397192615,1,correct
571116,Eyram Leveh,24/25,2025,1,0.5825368245056738,1,correct
1077262,Andrea Pavanello,24/25,2025,1,0.5825296960422596,1,correct
941883,Martín Tejón,24/25,2025,1,0.5825182801510536,1,correct
448264,Afonso Freitas,24/25,2025,0,0.5825136592580479,1,false_positive
944583,Marko Perovic,24/25,2025,0,0.5825082505605148,1,false_positive
443697,Giuliano Alma,24/25,2025,0,0.5824880131579653,1,false_positive
163223,Mirko Gori,24/25,2025,0,0.5824409584583394,1,false_positive
336856,Luis Acosta,24/25,2025,0,0.5824371619833414,1,false_positive
451389,Fabio Laringe,24/25,2025,1,0.5824356346780939,1,correct
563135,Marc Lachèvre,24/25,2025,1,0.582384319332908,1,correct
668718,Vasilios Katsoulidis,24/25,2025,1,0.5823751619180066,1,correct
312683,Arthur Bonaldo,24/25,2025,0,0.5823726850648705,1,false_positive
622526,Dani Satoca,24/25,2025,1,0.5823677195006269,1,correct
798371,Olamide Ibrahim,24/25,2025,1,0.582363015518078,1,correct
1254491,Fran Sabina,24/25,2025,0,0.5823192518033735,1,false_positive
242063,Vaclav Cerny,24/25,2025,1,0.5822066785011746,1,correct
374142,Manu Sánchez,24/25,2025,1,0.5821893611002259,1,correct
839533,Stepan Beran,24/25,2025,1,0.5821887317076656,1,correct
711384,Gexan Elosegi,24/25,2025,0,0.5821485601615961,1,false_positive
823525,Lorenzo Villa,24/25,2025,1,0.5821141320263702,1,correct
328965,Aristotelis Kollaras,24/25,2025,1,0.5821032214411038,1,correct
392500,Felice D'Amico,24/25,2025,1,0.5820518604278593,1,correct
478357,Anthony Correia,24/25,2025,1,0.5820399485632192,1,correct
182752,Marlon Frey,24/25,2025,1,0.5820358916990606,1,correct
343237,Malik Karaahmet,24/25,2025,0,0.5820008373270444,1,false_positive
727578,David Astals,24/25,2025,1,0.5819955837311059,1,correct
691678,Tommaso Fumagalli,24/25,2025,1,0.5819133981601434,1,correct
533502,Pietro Bencivenga,24/25,2025,0,0.5818707031077411,1,false_positive
1069692,Álex Toper,24/25,2025,1,0.5818670360616741,1,correct
677179,Raúl Tavares,24/25,2025,0,0.5818447853997338,1,false_positive
933098,Alessandro Latini,24/25,2025,1,0.5817655107948136,1,correct
805954,Manuel Garavini,24/25,2025,1,0.5817615223515434,1,correct
413477,Álex Gil,24/25,2025,1,0.5817474046038402,1,correct
411838,Bruno Viana,24/25,2025,1,0.5817321856339694,1,correct
198999,Paolo Ropolo,24/25,2025,1,0.5817275894988196,1,correct
635566,Aitor Ekiza,24/25,2025,1,0.581701182315588,1,correct
961945,Félix Garreta,24/25,2025,0,0.581700503915014,1,false_positive
197482,Antonio Palma,24/25,2025,1,0.5816689511873108,1,correct
562530,Iker San Vicente,24/25,2025,0,0.5816686013775031,1,false_positive
936668,Federico Maffi,24/25,2025,1,0.5816577055291976,1,correct
163085,Michel Panatti,24/25,2025,0,0.5816575520460419,1,false_positive
951832,Manuele De Min,24/25,2025,0,0.5816423619061996,1,false_positive
343184,Sylla Sow,24/25,2025,1,0.5816380457999389,1,correct
456874,Francesco De Caro,24/25,2025,1,0.5815872112276664,1,correct
536846,Javier Ajenjo,24/25,2025,1,0.5815778054602346,1,correct
881298,Cornelius Olsson,24/25,2025,1,0.5815595869674297,1,correct
611070,Moha Keita,24/25,2025,0,0.5815578815394458,1,false_positive
820599,Marco Rao,24/25,2025,0,0.5815196719530868,1,false_positive
548903,Leonel Ferroni,24/25,2025,1,0.5815107145956476,1,correct
207965,Giacomo Risaliti,24/25,2025,1,0.5814989055861237,1,correct
240337,Antonio Arpino,24/25,2025,1,0.581472609191077,1,correct
422459,Javier Belman,24/25,2025,0,0.5814375795807298,1,false_positive
1065998,Edoardo Olivieri,24/25,2025,1,0.5814340830387756,1,correct
709967,Toni Caravaca,24/25,2025,0,0.5814335203272007,1,false_positive
614157,Kelvin Boateng,24/25,2025,1,0.5814023682835242,1,correct
910192,Wilson Samaké,24/25,2025,1,0.5813903243166972,1,correct
818381,Mark-Emilio Papazov,24/25,2025,0,0.5813745204601727,1,false_positive
986231,Elia Caneva,24/25,2025,1,0.5813341690326093,1,correct
616823,Alain García,24/25,2025,1,0.5812937265528565,1,correct
282810,Carles Pérez,24/25,2025,1,0.5812441945242335,1,correct
348623,Mason Holgate,24/25,2025,1,0.5812222231756157,1,correct
815384,Matheus Dias,24/25,2025,1,0.5811918832586723,1,correct
669677,Alan Marinelli,24/25,2025,1,0.5811512962450609,1,correct
853344,Sekou Yansané,24/25,2025,0,0.5811098317900723,1,false_positive
834483,Álex Padilla,24/25,2025,0,0.581104535404349,1,false_positive
274753,Carlos Gutiérrez,24/25,2025,1,0.5810840639163781,1,correct
786686,Diego Gambale,24/25,2025,1,0.5810698587679122,1,correct
780628,Oussama Chit,24/25,2025,1,0.5810530900707582,1,correct
221028,Foday Trawally,24/25,2025,0,0.5810516186696273,1,false_positive
1065451,Mikel Ansó,24/25,2025,1,0.5810393935033933,1,correct
406054,Davide Marcandella,24/25,2025,0,0.5810344866043561,1,false_positive
336830,Jaime Santos,24/25,2025,1,0.5809774626178206,1,correct
589459,Joseda Menargues,24/25,2025,1,0.5809767734323416,1,correct
285973,Juanmi Heredero,24/25,2025,1,0.580970633237765,1,correct
462381,Alberto Fernández,24/25,2025,1,0.5809675417006434,1,correct
403834,Kahraman Demirtaş,24/25,2025,1,0.580966855007586,1,correct
601822,Alessandro Corti,24/25,2025,1,0.5809363360021296,1,correct
555719,Ali Akman,24/25,2025,1,0.5809030070372027,1,correct
838813,Abderahmane Soussi,24/25,2025,0,0.5808908351903649,1,false_positive
71918,David Ferreiro,24/25,2025,0,0.5808882214246984,1,false_positive
503032,Edu Frías,24/25,2025,0,0.5808859961346201,1,false_positive
212229,Halil Akbunar,24/25,2025,0,0.5808801007492201,1,false_positive
1166093,Georgios Konstantakopoulos,24/25,2025,0,0.5808600262727254,1,false_positive
459946,Carlo Alberto Tosi,24/25,2025,0,0.5808569540306486,1,false_positive
466808,Jaume Cuéllar,24/25,2025,0,0.5808330199653033,1,false_positive
682624,Álex Gualda,24/25,2025,1,0.580815969736457,1,correct
1010862,Rhani Abdennour,24/25,2025,0,0.5808131889961028,1,false_positive
1062525,Álex Serradell,24/25,2025,1,0.5808084996511507,1,correct
1051262,Gabriele Massaro,24/25,2025,0,0.5807926135096498,1,false_positive
368635,Juancho Victoria,24/25,2025,1,0.5807464437873907,1,correct
217918,Aleksandar Damcevski,24/25,2025,0,0.58066497946677,1,false_positive
430764,Alberto Senese,24/25,2025,1,0.58060514287973,1,correct
205569,Mickaël Malsa,24/25,2025,1,0.5805614675933949,1,correct
574769,Alejandro Santana Viniegra,24/25,2025,1,0.5805184788085787,1,correct
930766,Giuseppe Mazzola,24/25,2025,1,0.5805046171077547,1,correct
336325,Enrique Peña Zauner,24/25,2025,0,0.5805007740283796,1,false_positive
1262995,Chiemeka Azurunwa,24/25,2025,1,0.5804538572248824,1,correct
386065,Giuseppe D'Iglio,24/25,2025,1,0.5804535239831253,1,correct
389842,Matteo Pinton,24/25,2025,1,0.5804528692497368,1,correct
445584,Koldo Obieta,24/25,2025,0,0.5804515459815782,1,false_positive
239584,Matteo Gerbaudo,24/25,2025,1,0.5803961069227368,1,correct
783880,Rafa Diz,24/25,2025,1,0.5803815514359354,1,correct
364380,Carlo Clemente,24/25,2025,1,0.5803712641481293,1,correct
276025,Rubio,24/25,2025,1,0.5803610161214859,1,correct
1284577,Alessandro Nardo,24/25,2025,0,0.5803573816872155,1,false_positive
655723,Kyran Lofthouse,24/25,2025,1,0.580336881143594,1,correct
492000,Nikola Gavric,24/25,2025,1,0.5802905250747022,1,correct
1033847,Hugo López,24/25,2025,1,0.5802837750343899,1,correct
345087,Fatjon Jusufi,24/25,2025,0,0.5802651873395874,1,false_positive
805835,Rémy Vita,24/25,2025,1,0.5802429524265897,1,correct
666918,Jordi Ortega,24/25,2025,1,0.5802371331657966,1,correct
158080,Eneko Zabaleta,24/25,2025,0,0.580215679723,1,false_positive
1060382,Daniele Kola,24/25,2025,1,0.5802055386178941,1,correct
168550,Andrea Brighenti,24/25,2025,1,0.5802050077848008,1,correct
329327,Matteo Buratto,24/25,2025,1,0.5802036797468619,1,correct
1068110,Rabby Nzingoula,24/25,2025,0,0.5802026756287946,1,false_positive
571743,Armando Broja,24/25,2025,1,0.5801580328436249,1,correct
198300,Marco Moras,24/25,2025,0,0.5801212697591278,1,false_positive
1054924,Rubén Domínguez,24/25,2025,1,0.5801185506247927,1,correct
487840,Andrea Viviani,24/25,2025,1,0.5800967128153781,1,correct
421768,Alessandro Cortinovis,24/25,2025,0,0.5800881224076262,1,false_positive
1245283,Pablo Barea,24/25,2025,1,0.5800400311765932,1,correct
568722,Jake Engerer,24/25,2025,0,0.5800012612460603,1,false_positive
522954,Georgios Moustakopoulos,24/25,2025,1,0.5799959941693461,1,correct
734898,Kevin Miranda,24/25,2025,1,0.5799885178216034,1,correct
386331,Christos Rovas,24/25,2025,1,0.5799859053738343,1,correct
1064412,Samu Almagro,24/25,2025,0,0.5799516275923489,1,false_positive
1143097,Piet Scobel,24/25,2025,1,0.5799471551938679,1,correct
534070,Nicholas Martini,24/25,2025,1,0.5799251815044105,1,correct
454053,Daniele Trasciani,24/25,2025,1,0.5799068297153097,1,correct
820659,Mattia Vitale,24/25,2025,1,0.5798688176377191,1,correct
1116074,Gabriele Federico,24/25,2025,1,0.5798463174788643,1,correct
396172,Miki Muñoz,24/25,2025,0,0.5798399612169544,1,false_positive
1193362,Andrea Esposito,24/25,2025,0,0.5798094014341082,1,false_positive
303182,Nazareno Battista,24/25,2025,0,0.5797614458931474,1,false_positive
866082,Danilo Al-Saed,24/25,2025,1,0.5797338555398792,1,correct
396949,Massimiliano Montuori,24/25,2025,1,0.5797233390855636,1,correct
536451,Andrea Silipo,24/25,2025,0,0.5797144990978436,1,false_positive
120917,Sean Parker,24/25,2025,0,0.5796844400934392,1,false_positive
293228,Dario Saric,24/25,2025,1,0.5796780176243286,1,correct
631015,Jakov Katusa,24/25,2025,1,0.5796412422274881,1,correct
721526,Calal Hüseynov,24/25,2025,0,0.579600687450087,1,false_positive
359216,Richárd Nagy,24/25,2025,1,0.5795905310677341,1,correct
542697,Rasmus Carstensen,24/25,2025,1,0.5795816781387289,1,correct
1050889,Alessandro Boi,24/25,2025,0,0.5795759950239371,1,false_positive
312317,Logan Rogerson,24/25,2025,0,0.5795612233206284,1,false_positive
371607,Benito Cataldi,24/25,2025,0,0.5794648233812814,1,false_positive
667997,Bilal Ouacharaf,24/25,2025,1,0.5794525342349761,1,correct
1332569,Luigi De Simone,24/25,2025,1,0.5794392656788683,1,correct
960001,Álvaro Martínez,24/25,2025,1,0.5794347709060071,1,correct
1229922,Facundo Alarcón,24/25,2025,1,0.5793714491839866,1,correct
951316,Iker Balda,24/25,2025,1,0.5793593943585648,1,correct
719723,Juan Aspra,24/25,2025,0,0.5793395784236778,1,false_positive
676277,Pietro Bruni,24/25,2025,1,0.5793155734193657,1,correct
817127,Angelo Panarello,24/25,2025,1,0.5793051058651683,1,correct
1065442,Iñigo Arguibide,24/25,2025,0,0.5793011300319156,1,false_positive
926766,Johaneko Louis-Jean,24/25,2025,0,0.5792584242972486,1,false_positive
892421,Alex Quevedo,24/25,2025,0,0.5792340147357652,1,false_positive
1036533,Matteo Cabella,24/25,2025,0,0.5791520507830533,1,false_positive
168452,Gabriele Zerbo,24/25,2025,1,0.5791433149000637,1,correct
392313,Francesco Posocco,24/25,2025,1,0.5791298071969607,1,correct
522990,Leonardo Mannella,24/25,2025,0,0.5791262148172529,1,false_positive
394345,Mohamed Rabbas,24/25,2025,1,0.5790919884272097,1,correct
433257,Arvin Appiah,24/25,2025,1,0.5790662750970036,1,correct
345343,James McGarry,24/25,2025,1,0.5790487220140099,1,correct
286413,Mario León,24/25,2025,0,0.5790447201883722,1,false_positive
1189292,Ander Izagirre,24/25,2025,0,0.5790330765691009,1,false_positive
905013,Chilohem Onuoha,24/25,2025,0,0.5790327570184131,1,false_positive
512365,José Ortega,24/25,2025,0,0.5790304751262849,1,false_positive
503002,Samuele Bonaccorsi,24/25,2025,1,0.5789935180216114,1,correct
707273,Brais Val,24/25,2025,1,0.5789513730845796,1,correct
396638,Manor Solomon,24/25,2025,1,0.5789433422341612,1,correct
354164,Mario Gómez,24/25,2025,1,0.5788753173360436,1,correct
1237768,Ignacio Casari,24/25,2025,1,0.5788464301817235,1,correct
659705,Paulo Victor,24/25,2025,0,0.5788241593944802,1,false_positive
579304,Emmanuel Attipoe,24/25,2025,1,0.5788218316230491,1,correct
1129454,Karlo Grgic,24/25,2025,0,0.5788069877883592,1,false_positive
1101300,Capi,24/25,2025,1,0.578804277623124,1,correct
294534,Janni Serra,24/25,2025,0,0.5787997140003596,1,false_positive
455922,Jan Olschowsky,24/25,2025,0,0.5787985860666071,1,false_positive
449019,Louis Appéré,24/25,2025,1,0.5787364629651027,1,correct
893304,Xavi Bauzà,24/25,2025,0,0.5787320091402306,1,false_positive
1185957,Federico Tuveri,24/25,2025,1,0.57870697501592,1,correct
383630,Stavros Panagiotou,24/25,2025,1,0.5786822964112895,1,correct
481009,Teddy Sutherland,24/25,2025,1,0.5786348121287554,1,correct
602549,Elydjah Mendy,24/25,2025,1,0.5785647785901964,1,correct
199303,Paolo Valagussa,24/25,2025,1,0.5785464955934441,1,correct
1196322,Riccardo Pasquetto,24/25,2025,0,0.5785405370633439,1,false_positive
818703,Elia Tantalocchi,24/25,2025,1,0.5785095480778948,1,correct
938179,Luca Gramignoli,24/25,2025,1,0.5784972929397005,1,correct
741833,Ángel Cano,24/25,2025,1,0.5784919753306501,1,correct
336041,Victor Mena,24/25,2025,1,0.5784323084592744,1,correct
199199,Bryan Gioè,24/25,2025,1,0.5784239086849919,1,correct
929573,Joel Silva,24/25,2025,1,0.5784101376699212,1,correct
429881,Federico Simonti,24/25,2025,1,0.5783860216307422,1,correct
741287,Diego Rosado,24/25,2025,1,0.5783631925032023,1,correct
935229,Marvel,24/25,2025,1,0.5783257177790141,1,correct
930377,Omar Sillah,24/25,2025,1,0.5782758321850429,1,correct
232376,Lucas Cueto,24/25,2025,1,0.5782385751568443,1,correct
427376,Eric Biasiol,24/25,2025,1,0.5782353486875897,1,correct
561702,Gaizka Ayesa,24/25,2025,0,0.578178389105978,1,false_positive
901082,Faisal Al-Ghamdi,24/25,2025,0,0.578173820479936,1,false_positive
401384,Nicola Nanni,24/25,2025,1,0.5781381013119627,1,correct
949472,Fabricio,24/25,2025,1,0.5781294229164128,1,correct
636693,David Navarro,24/25,2025,0,0.5780877923581103,1,false_positive
357150,Jójó,24/25,2025,1,0.578056717891585,1,correct
395888,Nicola Andreoli,24/25,2025,1,0.5780537496161742,1,correct
618808,Diego Espejo,24/25,2025,0,0.578042209320519,1,false_positive
352425,Witiness Quembo,24/25,2025,1,0.5780304551201157,1,correct
990731,Hakim Sahabo,24/25,2025,0,0.5780001559625103,1,false_positive
610335,Iván Jaime,24/25,2025,1,0.5779944589594346,1,correct
1283847,Mattia Panzera,24/25,2025,1,0.5779792548751785,1,correct
717205,Martin Sorakov,24/25,2025,1,0.5779517362810144,1,correct
719926,Áron Csongvai,24/25,2025,0,0.5779138059667752,1,false_positive
665525,Jayson Papeau,24/25,2025,1,0.5779057645069422,1,correct
1014054,Andrea Melani,24/25,2025,1,0.5779054166654819,1,correct
552437,Mohammed Amine Chakir,24/25,2025,1,0.5779045255530594,1,correct
389844,Marco Hoxha,24/25,2025,0,0.577903687630324,1,false_positive
344595,Aurélien Nguiamba,24/25,2025,1,0.5778883653606479,1,correct
694674,Christian Farini,24/25,2025,1,0.5778705548910391,1,correct
255744,Samir Caetano,24/25,2025,1,0.5778632147888865,1,correct
509492,Jagoba Zárraga,24/25,2025,1,0.5778481992738248,1,correct
1258840,Asier Larrión,24/25,2025,1,0.5778478482683401,1,correct
796236,Zalán Debreceni,24/25,2025,1,0.5778359236725875,1,correct
145303,Mirko Giacobbe,24/25,2025,0,0.5777882583075986,1,false_positive
655893,Ravil Tagir,24/25,2025,0,0.5777810681606864,1,false_positive
549034,Rafa Rodrigues,24/25,2025,1,0.5777795453266061,1,correct
777150,Zakaria Fdaouch,24/25,2025,0,0.5777765246061052,1,false_positive
446188,Rodrigo Escudero,24/25,2025,1,0.5777753652439523,1,correct
632921,Mario Riquelme,24/25,2025,0,0.5777536494572447,1,false_positive
343353,Mathieu Coquin,24/25,2025,1,0.5777529306326032,1,correct
920193,Babucarr Boye,24/25,2025,1,0.5777465951282106,1,correct
935228,Dani Vicente,24/25,2025,1,0.5776850307643379,1,correct
483104,Soufiane Lagzir,24/25,2025,1,0.5776666620531296,1,correct
381792,Maicol Origlio,24/25,2025,0,0.57766159088829,1,false_positive
559130,Harrison Ashby,24/25,2025,0,0.5776394407870772,1,false_positive
852517,Shaq Forde,24/25,2025,0,0.5775685288324495,1,false_positive
874017,Kylian Kouassi,24/25,2025,1,0.5775626662213983,1,correct
457251,Gabriele Ingrosso,24/25,2025,1,0.5775549907653762,1,correct
457973,Agustín Coscia,24/25,2025,1,0.5775481328353256,1,correct
397321,Paolo Lomasto,24/25,2025,1,0.5775323282275244,1,correct
99924,Tano Bonnín,24/25,2025,1,0.5775317407461564,1,correct
490616,Sergio Nieto,24/25,2025,1,0.5774701580923608,1,correct
582949,Vangelis Nikokyrakis,24/25,2025,1,0.5774603866444362,1,correct
522664,Diego Ruiz,24/25,2025,1,0.577459814443721,1,correct
842764,Moudjatovic,24/25,2025,0,0.577432036428581,1,false_positive
455610,Thomas Erman,24/25,2025,1,0.5774262996050454,1,correct
616133,Mattia Tordini,24/25,2025,0,0.5773643805305064,1,false_positive
490651,Gerardo Bonet,24/25,2025,0,0.5773578239158549,1,false_positive
381950,Alexis Saelemaekers,24/25,2025,0,0.5773507339608002,1,false_positive
396125,José Carlos Márquez,24/25,2025,1,0.5773379562626406,1,correct
813057,Lorenzo Busato,24/25,2025,1,0.5773235601916655,1,correct
129991,Bart Vriends,24/25,2025,0,0.5773204494056365,1,false_positive
527813,Robin Bird,24/25,2025,0,0.5772874236020956,1,false_positive
661135,Martín Bellotti,24/25,2025,1,0.5772607084203875,1,correct
634290,Abraham Bahachille,24/25,2025,1,0.5772361141109331,1,correct
725677,Fritz Schröder,24/25,2025,0,0.5772356857713213,1,false_positive
538569,Tommaso Milanese,24/25,2025,1,0.5772335294814651,1,correct
875294,Konstantinos Goumas,24/25,2025,1,0.5772178079055652,1,correct
394346,Emanuel Vignato,24/25,2025,1,0.5771935853046152,1,correct
265967,Salvatore Aloi,24/25,2025,1,0.5771911444715818,1,correct
271092,Eduardo Loscos,24/25,2025,1,0.5771896518360287,1,correct
256682,Filippo Boccardi,24/25,2025,1,0.5771468617637981,1,correct
390691,Adri Pérez,24/25,2025,1,0.5771352236115925,1,correct
273130,Federico Gino,24/25,2025,1,0.5771166755187888,1,correct
71273,Stefan Scepovic,24/25,2025,0,0.5771046190379151,1,false_positive
584546,Rodri Hernando,24/25,2025,0,0.5770702279533974,1,false_positive
355566,Barış Alıcı,24/25,2025,1,0.5770547565988603,1,correct
670859,Antwoine Hackford,24/25,2025,1,0.577038401951808,1,correct
381524,Jaume Pol,24/25,2025,0,0.5770229783893238,1,false_positive
970633,Unai Hernández,24/25,2025,1,0.577017345755494,1,correct
522669,Georgios Manousakis,24/25,2025,1,0.576972192758933,1,correct
315850,Marco Tumminello,24/25,2025,1,0.5769370206604099,1,correct
520695,Pepe Bernal,24/25,2025,1,0.5768959512721633,1,correct
344508,Remzifaik Selmani,24/25,2025,1,0.5768836994044734,1,correct
239972,Jonas Carls,24/25,2025,1,0.5768712128157694,1,correct
315871,Federico Valietti,24/25,2025,1,0.5768175139936321,1,correct
921492,Chadi Ramadan,24/25,2025,1,0.5768107329338936,1,correct
359210,Alfa Semedo,24/25,2025,1,0.5767945350962881,1,correct
580801,Layton Stewart,24/25,2025,1,0.576773150123743,1,correct
619490,Gregorio Zanella,24/25,2025,1,0.5767569476418909,1,correct
945759,Fran Tafalla,24/25,2025,1,0.5767529038650926,1,correct
960024,Gabriele Fresia,24/25,2025,1,0.5767272859526045,1,correct
897023,Joel Thompson,24/25,2025,1,0.5766465685270372,1,correct
1056743,Milos Milicevic,24/25,2025,0,0.5766403342580876,1,false_positive
938452,Claudio Cristallo,24/25,2025,1,0.5766314910424615,1,correct
350347,Michael Woud,24/25,2025,0,0.5766295703343474,1,false_positive
511551,Joe Anderson,24/25,2025,0,0.5766065682656625,1,false_positive
392538,Tommaso Pobega,24/25,2025,1,0.5765925358255424,1,correct
930791,Filippo Cecchini,24/25,2025,1,0.5765683852755147,1,correct
385906,Kevin Varga,24/25,2025,1,0.5765620883623386,1,correct
577738,Raffaele Fabiano,24/25,2025,1,0.5765381056406639,1,correct
417575,Uros Racic,24/25,2025,1,0.5765053920420541,1,correct
648906,Zoltán Vasvári,24/25,2025,0,0.5764988243292472,1,false_positive
439828,Cristian Pădurariu,24/25,2025,0,0.5764962379649257,1,false_positive
997478,Othniël Raterink,24/25,2025,1,0.5764943447707132,1,correct
358011,Giorgio Losa,24/25,2025,0,0.5764597393213922,1,false_positive
1018922,Òscar Masqué,24/25,2025,0,0.576446041448439,1,false_positive
514280,Pepijn Doesburg,24/25,2025,0,0.5764374202384724,1,false_positive
512061,Cristian Fernández,24/25,2025,0,0.5764327381551467,1,false_positive
933516,Nicolò Dal Lago,24/25,2025,0,0.5764082058187757,1,false_positive
961948,Marcos Fernández,24/25,2025,1,0.576390135618723,1,correct
504398,Sergio Montero,24/25,2025,1,0.5763114247400513,1,correct
510229,Jordi Cano,24/25,2025,0,0.5762564944694013,1,false_positive
670362,Esmeraldo Kondaj,24/25,2025,1,0.5762495553139211,1,correct
905015,Jon de Luis,24/25,2025,0,0.5762083330423668,1,false_positive
744728,Arijon Ibrahimovic,24/25,2025,1,0.5762005249672931,1,correct
635346,Diego Moreno,24/25,2025,1,0.5761726955718462,1,correct
415646,Bruno Jordão,24/25,2025,1,0.5761702993272209,1,correct
160374,Riccardo Galli,24/25,2025,0,0.5761592525469261,1,false_positive
667049,Amer Mehić,24/25,2025,1,0.576147555018247,1,correct
417516,Francesco Gobbi,24/25,2025,0,0.576139030590039,1,false_positive
700789,Nor Maviram,24/25,2025,0,0.5760973836116522,1,false_positive
617646,Crocefisso Cancelli,24/25,2025,1,0.5760502972332651,1,correct
724783,Tawanda Chirewa,24/25,2025,0,0.5760500894093492,1,false_positive
247377,Kevin Bonifazi,24/25,2025,0,0.5760268292035042,1,false_positive
406912,Gabriele Bellodi,24/25,2025,0,0.5759817494474588,1,false_positive
709241,Thierno Barry,24/25,2025,1,0.57596803465828,1,correct
1055225,Arthur Inaka,24/25,2025,1,0.5759417986709837,1,correct
360412,Jordy Caicedo,24/25,2025,1,0.5759264015596455,1,correct
460015,Kevin Buonavoglia,24/25,2025,1,0.5759262017648578,1,correct
99296,Sema Velázquez,24/25,2025,1,0.5759120135373312,1,correct
254985,Taulant Seferi,24/25,2025,0,0.5759069254841016,1,false_positive
461727,Francesco Palermo,24/25,2025,1,0.5758916633881785,1,correct
536112,Luca Manca,24/25,2025,0,0.5758411127496894,1,false_positive
920041,Emmanuel Elekwa,24/25,2025,1,0.5758366041748688,1,correct
812625,Agustín Álvarez,24/25,2025,1,0.5758240872043342,1,correct
500298,Antonio Figliola,24/25,2025,1,0.575823048682659,1,correct
450790,Benny,24/25,2025,0,0.5758216202157893,1,false_positive
395870,Francesco Verde,24/25,2025,1,0.5757973137065472,1,correct
319231,Claudiu Micovschi,24/25,2025,0,0.5757749572251749,1,false_positive
441220,Mamadou Diallo,24/25,2025,1,0.5757395572307983,1,correct
331838,Lorenzo Polvani,24/25,2025,0,0.5757264985375251,1,false_positive
525891,Jannick Buyla,24/25,2025,1,0.5757077988879742,1,correct
946256,Nil Ruiz,24/25,2025,0,0.5756906715128863,1,false_positive
1099721,Mamadou Sané,24/25,2025,0,0.5756687404959799,1,false_positive
935420,Andrea Toma,24/25,2025,1,0.5756518227932415,1,correct
551233,Álvaro Mayorga,24/25,2025,1,0.5756512546256535,1,correct
710591,Athanasios Papadakos,24/25,2025,1,0.5756343340013685,1,correct
196050,Jeremias Lorch,24/25,2025,1,0.5756296731551565,1,correct
1109812,Boston Billups,24/25,2025,1,0.5756269119564141,1,correct
331501,Erick Ferigra,24/25,2025,1,0.5756171756418915,1,correct
262047,Almir Aganspahic,24/25,2025,0,0.5755777020616232,1,false_positive
550934,Amador Zarco,24/25,2025,0,0.5755728836806729,1,false_positive
520626,Gabriel Furtado,24/25,2025,1,0.575519785971001,1,correct
377387,Sergio Córdova,24/25,2025,1,0.5755128242297961,1,correct
1191677,András Perczel,24/25,2025,1,0.5755031784942078,1,correct
731214,Diego Nieves,24/25,2025,0,0.5754943636563536,1,false_positive
692739,Miraç Asıltekin,24/25,2025,1,0.5754463726781763,1,correct
635808,Georgios Stamoulis,24/25,2025,1,0.5754452618959746,1,correct
661369,Mateusz Chmarek,24/25,2025,1,0.5753972848723603,1,correct
280700,Yohan Boli,24/25,2025,1,0.5753613621982101,1,correct
552547,Lucas Poletto,24/25,2025,1,0.5753456963295214,1,correct
786827,Marius Wörl,24/25,2025,1,0.575324823606477,1,correct
1228715,Samu Rodríguez,24/25,2025,0,0.5752888514520059,1,false_positive
1049833,Simone Mascheroni,24/25,2025,1,0.5752848116481556,1,correct
130484,Marco Cuomo,24/25,2025,0,0.5752680020918792,1,false_positive
288690,Manprit Sarkaria,24/25,2025,1,0.5752490468740429,1,correct
197898,Edoardo Lancini,24/25,2025,1,0.5752321457512743,1,correct
971775,Kikín,24/25,2025,0,0.575226132839886,1,false_positive
840426,João Lima,24/25,2025,1,0.5752123446044042,1,correct
363610,Georgi Tunjov,24/25,2025,1,0.5751809403578633,1,correct
166680,Pol Roigé,24/25,2025,1,0.5751329120387806,1,correct
1061281,Carlos Reina,24/25,2025,0,0.5750618657736307,1,false_positive
610901,Cristiano Podestà,24/25,2025,1,0.5750509176036945,1,correct
542716,Mario Corcione,24/25,2025,1,0.574988509258909,1,correct
404959,Gabriele Fabbian,24/25,2025,0,0.574969639218275,1,false_positive
918414,Paris Brunner,24/25,2025,0,0.574961873048614,1,false_positive
1214320,Sydney Osazuwa,24/25,2025,0,0.5749352057916277,1,false_positive
834488,Aimar Duñabeitia,24/25,2025,0,0.5749226271284031,1,false_positive
389578,Thomas Bolis,24/25,2025,0,0.5748958998820567,1,false_positive
505673,Víctor Mollejo,24/25,2025,1,0.5748762896426912,1,correct
803377,Fromsa,24/25,2025,1,0.5748733545952348,1,correct
549758,Jurguens Montenegro,24/25,2025,1,0.5748723642225881,1,correct
530298,Christian Conteh,24/25,2025,0,0.5748479430930541,1,false_positive
392060,Alessandro Raimo,24/25,2025,0,0.5748445047791971,1,false_positive
629718,Akileu Ndreca,24/25,2025,1,0.5748442919918804,1,correct
896352,Anas Alaoui,24/25,2025,1,0.574840452053157,1,correct
536511,Gobé Gouano,24/25,2025,1,0.5748310792812388,1,correct
707554,Fabio Lymann,24/25,2025,0,0.5748073079845646,1,false_positive
614508,Adilson Silva,24/25,2025,1,0.5747821337861114,1,correct
289156,Julius Szöke,24/25,2025,1,0.5747561369413237,1,correct
446211,Morros,24/25,2025,1,0.5747421347852825,1,correct
278343,Felix Uduokhai,24/25,2025,1,0.5747367156176406,1,correct
1056223,Andreas Chatzinikolaou,24/25,2025,0,0.5747344866493691,1,false_positive
821124,Nicola Anelli,24/25,2025,1,0.5747119755423089,1,correct
568484,Andrea Romano,24/25,2025,0,0.5746623887323524,1,false_positive
366883,Daniel Tetour,24/25,2025,1,0.5746600369650925,1,correct
891439,Javier Duce,24/25,2025,0,0.5746528145893115,1,false_positive
936508,Federico Demo,24/25,2025,0,0.574641274716788,1,false_positive
215649,Mirko Marić,24/25,2025,0,0.5746298929409787,1,false_positive
249459,Tarsi Aguado,24/25,2025,1,0.5745898466213785,1,correct
325802,Fernando Andrada,24/25,2025,1,0.5745507762786253,1,correct
783437,İshak Karaoğul,24/25,2025,1,0.5745474580608984,1,correct
320259,Sito Pascual,24/25,2025,0,0.5745373700380217,1,false_positive
536341,Diego Stramaccioni,24/25,2025,1,0.5744971554724763,1,correct
1186670,Riccardo Yanovskyi,24/25,2025,1,0.5744582126999329,1,correct
1106258,Jorge Oreiro,24/25,2025,0,0.5744571167179533,1,false_positive
371142,Myziane Maolida,24/25,2025,0,0.5744412256030816,1,false_positive
918855,Mike Manegold,24/25,2025,1,0.5744294006111351,1,correct
470807,Alessio Calisto,24/25,2025,1,0.5744069530721926,1,correct
399336,Vincenzo Garofalo,24/25,2025,1,0.5744053559436094,1,correct
1150430,Davide Sesti,24/25,2025,1,0.57440226764239,1,correct
625884,Julio Martínez,24/25,2025,0,0.5743821992961775,1,false_positive
395091,Giordano Trovade,24/25,2025,0,0.5743763046628305,1,false_positive
1066452,Mattia Mascella,24/25,2025,0,0.5743703769743974,1,false_positive
1083228,Davide Ruffato,24/25,2025,1,0.5743687730435242,1,correct
965726,Armengol Portoles,24/25,2025,1,0.5743568831216483,1,correct
1230033,Edmond Lenghel,24/25,2025,1,0.5743567321986639,1,correct
62379,Cristian Pasquato,24/25,2025,0,0.5743309213984421,1,false_positive
159847,Francesco Galuppini,24/25,2025,0,0.5743031367491731,1,false_positive
651335,Kanto Fitiavana Voahariniaina,24/25,2025,0,0.5742924296730438,1,false_positive
129129,João Pedro,24/25,2025,1,0.574281836723743,1,correct
1120845,Topo,24/25,2025,1,0.5742746137623533,1,correct
294791,Chris Bedia,24/25,2025,0,0.5742735184774922,1,false_positive
421870,Michael Ntube,24/25,2025,0,0.5742037674176117,1,false_positive
598571,Yusuf Örnek,24/25,2025,1,0.5741830256907182,1,correct
358008,Gianluca Gaetano,24/25,2025,1,0.5741670961938568,1,correct
959106,Weslley Patati,24/25,2025,1,0.574147232554528,1,correct
375299,Samuele Guddo,24/25,2025,1,0.5741448659062697,1,correct
727129,Ayoub Assal,24/25,2025,0,0.5740889854589453,1,false_positive
396645,Goni Naor,24/25,2025,0,0.5740844122746428,1,false_positive
1326570,Matteo Zenoni,24/25,2025,1,0.5740452364828715,1,correct
710672,Xabi Irurita,24/25,2025,0,0.5740309598551762,1,false_positive
465255,Tommaso Gentile,24/25,2025,1,0.574008054207499,1,correct
575498,Rave Assayag,24/25,2025,1,0.5739861492069648,1,correct
678783,Yevgen Pidlepenets,24/25,2025,1,0.5739750436863323,1,correct
707350,Max Scholze,24/25,2025,1,0.5739624044914978,1,correct
1180339,Francesco Esposito,24/25,2025,1,0.573908674306769,1,correct
508762,Darius Ghindovean,24/25,2025,1,0.573851682558583,1,correct
529826,Emanuele Cigagna,24/25,2025,0,0.5738497561354265,1,false_positive
450382,Rubén Morillas,24/25,2025,0,0.5738270278431747,1,false_positive
459652,Filippo Austoni,24/25,2025,0,0.5737504015424868,1,false_positive
919874,Lyubomir Vasilev,24/25,2025,0,0.57373986401746,1,false_positive
708534,Alejandro Jay,24/25,2025,1,0.5737346748932914,1,correct
329517,Georgios Masouras,24/25,2025,1,0.5737208294074696,1,correct
610411,Stephen Buer,24/25,2025,1,0.5737162913578762,1,correct
802663,Samuele Rosini,24/25,2025,1,0.5737153740054238,1,correct
984708,Siren Diao,24/25,2025,1,0.5736798988129671,1,correct
352597,Lado Mokhevishvili,24/25,2025,1,0.5736364617169717,1,correct
482204,Callan Elliot,24/25,2025,0,0.573632053419387,1,false_positive
410075,Danilo Greco,24/25,2025,1,0.5736237178012633,1,correct
710275,Benji Núñez,24/25,2025,1,0.573623459179236,1,correct
366653,Manu Ramírez,24/25,2025,0,0.5736207123424045,1,false_positive
311328,Nicholas Bensaja,24/25,2025,0,0.573592508965127,1,false_positive
778847,Alberto Trapero,24/25,2025,1,0.5735711049568728,1,correct
1057318,Samuele Giallombardo,24/25,2025,0,0.5735225496773386,1,false_positive
1020226,Luka Callø,24/25,2025,1,0.5735173360493259,1,correct
377298,Guillem Castell,24/25,2025,0,0.5735066611415167,1,false_positive
945500,Rayane Belaid,24/25,2025,0,0.5734769515873646,1,false_positive
594273,Jeremy Antonisse,24/25,2025,1,0.5734718674363141,1,correct
694512,Hisham Layous,24/25,2025,1,0.5734655615068628,1,correct
446457,Miguel Ángel Martínez,24/25,2025,1,0.5734589633109464,1,correct
877211,Success Edogun,24/25,2025,0,0.5734473984203987,1,false_positive
907633,Giorgio Citterio,24/25,2025,0,0.5733596938419144,1,false_positive
718579,Iván Martínez,24/25,2025,0,0.5733577745814532,1,false_positive
465555,Djordje Petrovic,24/25,2025,1,0.5733250350428521,1,correct
456165,Kleto Gjura,24/25,2025,0,0.57330058833037,1,false_positive
724437,Kaleb Jiménez,24/25,2025,0,0.5732953764631343,1,false_positive
1064543,Nordin Al Lal,24/25,2025,0,0.5732282085999193,1,false_positive
938722,Oier Gastesi,24/25,2025,1,0.5731958966117054,1,correct
1040480,Lorenzo Pasquale,24/25,2025,0,0.5731957751388086,1,false_positive
577260,Facundo Batista,24/25,2025,1,0.57311659517167,1,correct
384761,Leonardo Sequeira,24/25,2025,0,0.5731161488469663,1,false_positive
875344,Leo Di Martino,24/25,2025,1,0.5730975838821609,1,correct
609648,Petros Bagalianis,24/25,2025,0,0.573090642969064,1,false_positive
888136,Karim Cardoni,24/25,2025,0,0.5730896469643796,1,false_positive
995011,Jeremias Nunez,24/25,2025,1,0.573087099136496,1,correct
198418,Dimitar Evtimov,24/25,2025,1,0.5730856092898939,1,correct
1145118,El Hadji Macoumba Gningue,24/25,2025,0,0.5730538156774657,1,false_positive
396116,Miguel Ángel Cera,24/25,2025,0,0.5730320209131641,1,false_positive
636147,Marcos Bustillo,24/25,2025,1,0.5729688950710963,1,correct
941080,Jon García,24/25,2025,0,0.5729589544686884,1,false_positive
461625,Alberto Salido,24/25,2025,0,0.5729421767897712,1,false_positive
625043,Oier López,24/25,2025,0,0.5729390101778706,1,false_positive
421343,Fabio Gonella,24/25,2025,1,0.572920444553472,1,correct
636737,Savio Piarulli,24/25,2025,1,0.5728892335487453,1,correct
658244,Luigi Samele,24/25,2025,0,0.5728734319709058,1,false_positive
740191,Kevin Doukoure,24/25,2025,0,0.5728547616792194,1,false_positive
124911,Karim Laribi,24/25,2025,0,0.5728352837750655,1,false_positive
818088,Leandro Godoy,24/25,2025,1,0.5728335025505923,1,correct
537270,Louie Sibley,24/25,2025,0,0.5727946714631773,1,false_positive
573403,Bogdan Mandic,24/25,2025,1,0.5727937084385799,1,correct
564305,Michel Adopo,24/25,2025,1,0.5727865478821689,1,correct
663940,Riccardo Tomella,24/25,2025,0,0.5727825441947233,1,false_positive
386829,Edoardo Bovolon,24/25,2025,1,0.5727807414970838,1,correct
286276,Alfredo Bifulco,24/25,2025,0,0.5727679434789835,1,false_positive
286005,Julien Ngoy,24/25,2025,1,0.572756997805696,1,correct
285591,Luca Guadalupi,24/25,2025,1,0.5727471624741539,1,correct
249121,Noah Sonko Sundberg,24/25,2025,1,0.5727411683619956,1,correct
441287,Mateo García,24/25,2025,0,0.5727156099862425,1,false_positive
194067,Moustapha,24/25,2025,0,0.5726986583411318,1,false_positive
454292,Dean Liço,24/25,2025,0,0.572689937396407,1,false_positive
800611,Jonathan Pitou,24/25,2025,1,0.5726821774739845,1,correct
810791,Ritchy Valmé,24/25,2025,0,0.5726469155647119,1,false_positive
851220,Amine Sbaï,24/25,2025,0,0.5726372613007811,1,false_positive
120347,Andrea Sala,24/25,2025,0,0.5726367485449732,1,false_positive
1256478,Lorougnon Gohi,24/25,2025,1,0.5726250077667416,1,correct
466799,Antonio Sola,24/25,2025,1,0.572610639105436,1,correct
395236,Yacine Adli,24/25,2025,1,0.5726078416471424,1,correct
794349,Julien Le Cardinal,24/25,2025,0,0.5725711385521056,1,false_positive
60541,Guillaume Gigliotti,24/25,2025,1,0.5725476082363573,1,correct
141654,Michele Fornasier,24/25,2025,0,0.5725312780187998,1,false_positive
936509,Daniel Tarko,24/25,2025,0,0.5725287256525059,1,false_positive
459009,Patrick Pasha,24/25,2025,1,0.5725129008562092,1,correct
401064,Alessandro Rossi,24/25,2025,1,0.572478789405192,1,correct
713907,Iván Rubio,24/25,2025,0,0.5724626738108851,1,false_positive
571601,Federico Moraschi,24/25,2025,1,0.5724472332541279,1,correct
266203,Makis Giannikoglou,24/25,2025,1,0.5723934852537667,1,correct
1048081,Massimo Zappa,24/25,2025,1,0.5723929705436419,1,correct
863522,Diego Negro,24/25,2025,1,0.5723849106501656,1,correct
334952,Luca Gelonese,24/25,2025,1,0.5723687373430821,1,correct
714612,Dilhan Demir,24/25,2025,1,0.5723550848720078,1,correct
65302,Pau Torres,24/25,2025,0,0.5723238617484219,1,false_positive
998104,Gergely Kocsis,24/25,2025,1,0.5723190927992692,1,correct
1057054,Riccardo Barbana,24/25,2025,1,0.5723115578143504,1,correct
253238,Toni Arranz,24/25,2025,1,0.5723039546229466,1,correct
1094885,Otávio,24/25,2025,1,0.5721951599596605,1,correct
1174733,Emiliano Bugari,24/25,2025,1,0.572192788214002,1,correct
1053207,Curro Domínguez,24/25,2025,1,0.5721375435125218,1,correct
858886,Georgios Charalampoglou,24/25,2025,1,0.5721138238566555,1,correct
832977,Juan Cruz Guasone,24/25,2025,0,0.5720548133832954,1,false_positive
942415,Niccolò Stacchiotti,24/25,2025,1,0.5720489013669177,1,correct
526026,Felix Holzhacker,24/25,2025,0,0.5720411804654549,1,false_positive
396115,Eliseo Falcón,24/25,2025,1,0.5720249736288907,1,correct
877594,Luca Maini,24/25,2025,1,0.5720205853669791,1,correct
1050787,Lorenzo Lischetti,24/25,2025,1,0.5720016505219012,1,correct
584452,Nikolaos Michelis,24/25,2025,0,0.5719965508335842,1,false_positive
654415,Alan Virginius,24/25,2025,1,0.5719921053397059,1,correct
440737,Nemanja Tosic,24/25,2025,0,0.5719829605294319,1,false_positive
731467,Simone Giorgeschi,24/25,2025,1,0.5719788928889323,1,correct
1162378,Ousmane Gueye,24/25,2025,1,0.5719720968049165,1,correct
636414,Jorge Sarmiento,24/25,2025,1,0.5719635381703749,1,correct
93557,Ulrich Taffertshofer,24/25,2025,0,0.5719505688193292,1,false_positive
1233176,Cedric Gnazale,24/25,2025,0,0.5719314166973805,1,false_positive
125614,Sargis Adamyan,24/25,2025,0,0.5719214056385649,1,false_positive
877759,Kian Corbally,24/25,2025,0,0.5719184524673094,1,false_positive
817275,Filippo Mozzo,24/25,2025,0,0.5718754918890623,1,false_positive
346855,Matteo Meisl,24/25,2025,1,0.5718551008661744,1,correct
412959,Marouan Azarkan,24/25,2025,0,0.571822289550234,1,false_positive
158118,Tarkan Serbest,24/25,2025,0,0.5718199654760822,1,false_positive
818538,Francesco Sena,24/25,2025,0,0.5718151642618311,1,false_positive
75327,Marco Calderoni,24/25,2025,0,0.5717968505050582,1,false_positive
558727,Muhammed Gümüşkaya,24/25,2025,1,0.5717664719955561,1,correct
687560,Tom Hendriks,24/25,2025,1,0.5717611636722018,1,correct
706017,Riccardo Sganzerla,24/25,2025,0,0.5717166849619019,1,false_positive
379224,Kevin Presa,24/25,2025,1,0.5717063467132766,1,correct
459988,Gennaro Borrelli,24/25,2025,1,0.5716830077502382,1,correct
847436,Igor Strzałek,24/25,2025,0,0.5716483600307417,1,false_positive
575693,Ibrahim Cissoko,24/25,2025,1,0.5716430069907142,1,correct
282076,Ianis Hagi,24/25,2025,1,0.5716273914347955,1,correct
1015624,Óscar Perea,24/25,2025,1,0.571593334319858,1,correct
983196,Gaston Semenzin,24/25,2025,1,0.5715645534627843,1,correct
71570,Iago Herrerín,24/25,2025,1,0.5715555881236648,1,correct
355397,Víctor Pastrana,24/25,2025,1,0.5715123203124749,1,correct
245157,Borja Martínez,24/25,2025,1,0.5714923664983549,1,correct
628052,Martin Petkov,24/25,2025,1,0.5714739438346834,1,correct
1062862,Ephraim Yeboah,24/25,2025,1,0.5714578219782229,1,correct
672881,Paolo Coly,24/25,2025,1,0.5714077324834915,1,correct
668177,Javi Serrano,24/25,2025,0,0.5714051024223157,1,false_positive
386104,Emir Terzi,24/25,2025,1,0.571397414972605,1,correct
540876,Promise Omochere,24/25,2025,0,0.571389573983878,1,false_positive
260543,Nemanja Nikolic,24/25,2025,1,0.5713839554882075,1,correct
1209287,Jano Monserrate,24/25,2025,0,0.5713803137083368,1,false_positive
905949,Massil Adjaoudi,24/25,2025,0,0.5713342547611395,1,false_positive
369908,Giuseppe Lauria,24/25,2025,1,0.5713299503316984,1,correct
89368,Borja García,24/25,2025,0,0.5712585393655158,1,false_positive
587688,Zdravko Dimitrov,24/25,2025,0,0.571252419795117,1,false_positive
875511,Paulo Victor,24/25,2025,1,0.5712296714275842,1,correct
708624,Andrea Quarena,24/25,2025,0,0.5712030417953217,1,false_positive
397677,Niko Bretschneider,24/25,2025,1,0.571165893206844,1,correct
320826,Ayodele Adetula,24/25,2025,1,0.5711155026728711,1,correct
742411,Eddy Lanzi,24/25,2025,1,0.5711042040973069,1,correct
195704,Alexandros Kartalis,24/25,2025,0,0.5710955581093343,1,false_positive
324819,Maxime Bernauer,24/25,2025,1,0.5710174743495584,1,correct
1000630,Pablo López,24/25,2025,1,0.5710053375930283,1,correct
659420,Mattia Motolese,24/25,2025,1,0.5710026673763755,1,correct
204180,Atabey Çiçek,24/25,2025,0,0.5709796494401861,1,false_positive
606552,Marco Rienhardt,24/25,2025,1,0.5708751411335484,1,correct
646735,Aitor Gismera,24/25,2025,1,0.5707730985999763,1,correct
555018,Lucas Araújo,24/25,2025,1,0.5707681375802565,1,correct
506855,Cyrill Akono,24/25,2025,0,0.5707452978119958,1,false_positive
336731,Nacho Gil,24/25,2025,1,0.5707371971737174,1,correct
321895,Youssouf Dao,24/25,2025,0,0.5707179270096425,1,false_positive
613765,Gianmarco Antonacci,24/25,2025,1,0.570713848630209,1,correct
785266,Joserra de Diego,24/25,2025,0,0.5706923132278474,1,false_positive
730265,Rodrigo Piloto,24/25,2025,0,0.5706652591361034,1,false_positive
876519,Sofyan Cola,24/25,2025,1,0.5705935966738417,1,correct
718032,Stephane Keller,24/25,2025,1,0.5705876334116269,1,correct
537458,Joan Rojas,24/25,2025,0,0.57057789887971,1,false_positive
280044,Luca Zanon,24/25,2025,1,0.5705243985183422,1,correct
535545,Jacopo Nelli,24/25,2025,1,0.5705243031148348,1,correct
331376,Werick Caetano,24/25,2025,1,0.5704860675069324,1,correct
818376,Federico Ruggeri,24/25,2025,0,0.5704841948014288,1,false_positive
616634,Andrea Mallamo,24/25,2025,1,0.5704652581859987,1,correct
592925,András Huszti,24/25,2025,1,0.5704520702720395,1,correct
638589,Ángel Algobia,24/25,2025,1,0.5704153774520786,1,correct
824082,Alessandro Contessi,24/25,2025,1,0.5704052615483257,1,correct
567492,Konstantinos Balomenos,24/25,2025,1,0.5703907909269041,1,correct
810066,Kaïs Najeh,24/25,2025,0,0.5703860629172509,1,false_positive
227081,Joaquín Correa,24/25,2025,1,0.5703690412607073,1,correct
160740,Ben Halloran,24/25,2025,0,0.5703510021952902,1,false_positive
981323,Antonello Serra,24/25,2025,0,0.5703462005015084,1,false_positive
847650,Tommaso Senzamici,24/25,2025,0,0.5703401756366687,1,false_positive
265970,Yusuf Cela,24/25,2025,1,0.5702985467474905,1,correct
284737,Törles Knöll,24/25,2025,0,0.5702912097783561,1,false_positive
1013106,Guillem Terma,24/25,2025,1,0.5702836893373802,1,correct
908295,Martín Cascajo,24/25,2025,1,0.5702836521289587,1,correct
930586,Simone Milo,24/25,2025,1,0.5702743853223684,1,correct
222013,Haritz Albisua,24/25,2025,1,0.5702640256135173,1,correct
695506,Francisco Varela,24/25,2025,1,0.5702606522015081,1,correct
1236200,Peter Kareem,24/25,2025,0,0.5702493834072606,1,false_positive
225824,Atanas Iliev,24/25,2025,1,0.5702425776810578,1,correct
585868,Vladislav Naydenov,24/25,2025,0,0.5701976607411782,1,false_positive
455830,Andrea Anselmo,24/25,2025,0,0.5701882253920694,1,false_positive
801886,Isak Jensen,24/25,2025,1,0.570172589965541,1,correct
1075193,Andrea Casagni,24/25,2025,0,0.5701692012252954,1,false_positive
922907,Marek Jaron,24/25,2025,1,0.5701499788989857,1,correct
719646,Bernardo,24/25,2025,0,0.5701485247019841,1,false_positive
891092,Pablo Rojo,24/25,2025,0,0.5701463491996679,1,false_positive
840760,Ignacio Schor,24/25,2025,0,0.5701234210112851,1,false_positive
818102,Leonardo Caferri,24/25,2025,0,0.570064294961526,1,false_positive
744186,Chico Lamba,24/25,2025,1,0.5700410568197788,1,correct
931172,Gabriel Tutu,24/25,2025,0,0.5700338535449683,1,false_positive
341088,Jacopo Pagnini,24/25,2025,1,0.5700171018983141,1,correct
924447,Tunde Akinsola,24/25,2025,0,0.5699940142059363,1,false_positive
671693,Alberto Cristiano,24/25,2025,1,0.5699844201052803,1,correct
371008,Roko Baturina,24/25,2025,1,0.5699791829758586,1,correct
1063856,Abdoulaye Traoré,24/25,2025,0,0.5699732457896356,1,false_positive
1179405,Antonio Guerriero,24/25,2025,0,0.5699680941795277,1,false_positive
481117,Othmane Boussaid,24/25,2025,0,0.5699659333285189,1,false_positive
601235,Viktor Haragos,24/25,2025,0,0.5699586740351889,1,false_positive
85380,Andrea Seculin,24/25,2025,1,0.5699565799980083,1,correct
1225762,Adnane Ghailan,24/25,2025,0,0.5699428387045041,1,false_positive
717952,Mario de Luis,24/25,2025,1,0.5699095171032864,1,correct
1057820,Jeremy Agbonifo,24/25,2025,1,0.5699054962154448,1,correct
234189,Trezeguet,24/25,2025,1,0.5698478190243111,1,correct
933253,Bernie Lennemann,24/25,2025,0,0.569825916351089,1,false_positive
1161617,Boubacar Diallo,24/25,2025,1,0.5698169913340871,1,correct
240955,Mattia Lombardo,24/25,2025,0,0.5697351030207878,1,false_positive
351894,Léo Santos,24/25,2025,0,0.5697256348813606,1,false_positive
1174327,Domiziano Tirelli,24/25,2025,1,0.569705701929822,1,correct
1061277,Germán García,24/25,2025,0,0.5696781912542047,1,false_positive
1182972,Andrea Santarelli,24/25,2025,1,0.5696442269858232,1,correct
1154876,Kasey Bos,24/25,2025,1,0.5696302513739961,1,correct
196831,Charmaine Häusl,24/25,2025,1,0.5696011726597374,1,correct
689632,Guillem Rodríguez,24/25,2025,0,0.5696006808974455,1,false_positive
1141560,Kader Meïté,24/25,2025,0,0.5695444665383695,1,false_positive
642591,Maranhão,24/25,2025,0,0.5694868757232546,1,false_positive
284454,Iván Rodríguez,24/25,2025,0,0.5694839644169938,1,false_positive
216401,Marvin Ajani,24/25,2025,1,0.5694539154845562,1,correct
659650,Demis Maugeri,24/25,2025,0,0.5694527393035361,1,false_positive
399399,Jacopo Succi,24/25,2025,1,0.5694526539896344,1,correct
452192,Paul Grave,24/25,2025,1,0.5694275185353171,1,correct
412041,Álex Millán,24/25,2025,1,0.5694111325125113,1,correct
710675,Nowend Lorenzo,24/25,2025,1,0.5693769524395548,1,correct
688495,Thomas Scapin,24/25,2025,1,0.5693646555166159,1,correct
486031,Nico González,24/25,2025,1,0.5693484492160511,1,correct
796865,Lamine Sy,24/25,2025,1,0.5693266181208066,1,correct
277560,Armando Ortiz,24/25,2025,1,0.5693099551456985,1,correct
636096,Raúl Blanco,24/25,2025,1,0.5692944839739587,1,correct
867042,Antoan Stoyanov,24/25,2025,1,0.5692904822099579,1,correct
459231,Francesco Cerretelli,24/25,2025,0,0.5692811037851775,1,false_positive
1027170,Adam Horvat,24/25,2025,0,0.5692749628382578,1,false_positive
343475,Ben Godfrey,24/25,2025,1,0.5692070841867026,1,correct
834491,Alejandro Rego,24/25,2025,1,0.5691850512615391,1,correct
91059,Joshua King,24/25,2025,1,0.5691845374799506,1,correct
354246,Fareed Sadat,24/25,2025,0,0.5691761680310643,1,false_positive
250777,Fabrizio Ferrante,24/25,2025,0,0.5691759357855447,1,false_positive
709214,Beñat Gerenabarrena,24/25,2025,1,0.5691755690475123,1,correct
167810,Riccardo Chiarello,24/25,2025,1,0.5691322117252265,1,correct
331389,Andrés Tello,24/25,2025,1,0.5691247496222874,1,correct
373374,Brian Mansilla,24/25,2025,1,0.5691110407023778,1,correct
749942,Felix Hagmann,24/25,2025,0,0.5691065043710786,1,false_positive
372468,David Grilo,24/25,2025,1,0.5690574023559362,1,correct
199763,Sergio Garufi,24/25,2025,1,0.5690464298368219,1,correct
146761,Roberto Guitto,24/25,2025,0,0.5690348535929646,1,false_positive
1183952,Tommaso Serioli,24/25,2025,1,0.5690339556634051,1,correct
734426,Lewis Shipley,24/25,2025,1,0.5689850899634286,1,correct
562421,Onni Tiihonen,24/25,2025,0,0.5688966485359006,1,false_positive
1110406,Ibrahim Osman,24/25,2025,1,0.5688807697120855,1,correct
476149,George Lapslie,24/25,2025,0,0.5688799280576452,1,false_positive
639691,Ricky Maset,24/25,2025,0,0.5688683229247573,1,false_positive
960458,Konstantin Aleksa,24/25,2025,0,0.5688510954588385,1,false_positive
1042315,Kevin Kántor,24/25,2025,0,0.5688395181892236,1,false_positive
340394,Abdelhamid Sabiri,24/25,2025,0,0.5688315662230173,1,false_positive
167727,Andrea Belotti,24/25,2025,1,0.5688021727296759,1,correct
426426,Josh Gordon,24/25,2025,1,0.5687819166472802,1,correct
1071651,Ousmane Sow,24/25,2025,0,0.5687578876348373,1,false_positive
918974,Ibuki Nemoto,24/25,2025,0,0.5687573618305464,1,false_positive
311435,Ferni,24/25,2025,1,0.5687470539401789,1,correct
834463,Iker Córdoba,24/25,2025,1,0.5687321121575113,1,correct
839973,Dino Grozdanic,24/25,2025,0,0.5687237159324058,1,false_positive
430798,Don Bolsius,24/25,2025,0,0.5687074620817626,1,false_positive
199717,Giancarlo Malcore,24/25,2025,0,0.5686899273074159,1,false_positive
1061810,Karol Di Mauro,24/25,2025,0,0.5686877903330877,1,false_positive
675612,Babis Drakas,24/25,2025,0,0.568685387362866,1,false_positive
581113,Bryan Fiabema,24/25,2025,0,0.5686652112177464,1,false_positive
1140529,Mattia Ferrari,24/25,2025,1,0.5686635605642077,1,correct
898885,Manolis Faitakis,24/25,2025,0,0.5686518128445638,1,false_positive
192736,Sabin Merino,24/25,2025,1,0.5686370877299868,1,correct
933555,Alessio Pozzoli,24/25,2025,0,0.5686172019609786,1,false_positive
280039,Marco Soprano,24/25,2025,0,0.5685871475881987,1,false_positive
633093,Eneko Aguilar,24/25,2025,1,0.5685741212754181,1,correct
906442,Javi Garrido,24/25,2025,0,0.5685630447719868,1,false_positive
520068,Petr Kudakovskiy,24/25,2025,1,0.5685615718081727,1,correct
688881,Vinícius Lopes,24/25,2025,0,0.5685430100593799,1,false_positive
719680,Kristi Montgomery,24/25,2025,0,0.5685404064417826,1,false_positive
479718,Guillermo May,24/25,2025,0,0.5685312546956514,1,false_positive
230902,Javi Barrio,24/25,2025,0,0.568529535803366,1,false_positive
818130,Filippo Cinel,24/25,2025,0,0.5685226682744816,1,false_positive
754435,Rodrigo Callegari,24/25,2025,1,0.5685210070512586,1,correct
185109,Ellis Harrison,24/25,2025,1,0.5685042429335885,1,correct
975689,Óscar Cortés,24/25,2025,1,0.568395472066333,1,correct
815541,Guglielmo Floridia,24/25,2025,1,0.5683755352612336,1,correct
519748,Zé Ricardo,24/25,2025,0,0.5683710634300052,1,false_positive
726670,Simon Micuda,24/25,2025,1,0.5683597174871897,1,correct
620892,Arad Bar,24/25,2025,1,0.5683046612758383,1,correct
217285,Filip Kusic,24/25,2025,1,0.568274016984832,1,correct
718037,Marcel Sgrò,24/25,2025,0,0.5682556352011642,1,false_positive
262521,Enrico Baldini,24/25,2025,1,0.5682541666789828,1,correct
816515,Tom Bloxham,24/25,2025,0,0.5682472215265597,1,false_positive
1086493,Alessio Manetti,24/25,2025,0,0.568241454016058,1,false_positive
469018,Antonio Metlika,24/25,2025,1,0.5682156339729952,1,correct
247355,Borja Díaz,24/25,2025,0,0.5681509426896421,1,false_positive
740498,Pastor,24/25,2025,1,0.5681367017321722,1,correct
386294,Stefano Chiariello,24/25,2025,1,0.5681209144419179,1,correct
1028509,Néstor García Martinoli,24/25,2025,1,0.5680947645772003,1,correct
711352,Francesco Zallu,24/25,2025,0,0.5680813377226892,1,false_positive
564792,Giovanni Garofani,24/25,2025,1,0.568072565528414,1,correct
605466,Iker Unzueta,24/25,2025,1,0.5680704240879758,1,correct
800179,Maxime Langner,24/25,2025,1,0.5680607193260069,1,correct
741252,Aarón Alonso,24/25,2025,1,0.5680602609303073,1,correct
712181,James Wright,24/25,2025,0,0.5680511439927945,1,false_positive
396276,Francesco Rizzo,24/25,2025,1,0.568041460001722,1,correct
634452,Pablo García,24/25,2025,1,0.5680372128465274,1,correct
698540,Matija Gluscevic,24/25,2025,1,0.568024880242261,1,correct
401736,Yaya Sithole,24/25,2025,0,0.5680152980589749,1,false_positive
432092,Roberto Piccoli,24/25,2025,1,0.5679990781176294,1,correct
405885,Giacomo Raspadori,24/25,2025,1,0.5679893797785144,1,correct
271622,Óttar Magnús Karlsson,24/25,2025,1,0.5679637701873834,1,correct
682814,Nassim L'Ghoul,24/25,2025,1,0.5679350036368267,1,correct
831699,Tiago Santos,24/25,2025,1,0.5679298982236205,1,correct
707785,Guglielmo Mignani,24/25,2025,1,0.5679254671468065,1,correct
194549,Simy,24/25,2025,1,0.5679157884654139,1,correct
728331,Roland Lehoczky,24/25,2025,0,0.5678370485330876,1,false_positive
651003,Tommaso Maressa,24/25,2025,1,0.5678339449600222,1,correct
740617,Damiano Basili,24/25,2025,1,0.5678057698574268,1,correct
161251,Jorge Casado,24/25,2025,0,0.5677933643143428,1,false_positive
594277,Jonathan Mulder,24/25,2025,1,0.5677716678791719,1,correct
504825,Gian Marco Crespi,24/25,2025,1,0.5677645917404848,1,correct
602223,Kay Seidemann,24/25,2025,0,0.5677040148877365,1,false_positive
1039738,Thiago Menna,24/25,2025,1,0.5676934110000285,1,correct
397797,Giovanni Pinto,24/25,2025,0,0.5676850642950492,1,false_positive
634848,Jubril Adedeji,24/25,2025,0,0.5676685283087402,1,false_positive
878416,Michalis Voriazidis,24/25,2025,1,0.5676646025293263,1,correct
883283,Soule Sidibe,24/25,2025,0,0.567661972391354,1,false_positive
343289,André Bukia,24/25,2025,1,0.5676611468516736,1,correct
428746,Eric Ramírez,24/25,2025,1,0.5676552557856673,1,correct
935457,Salim El Jebari,24/25,2025,1,0.5675323319375045,1,correct
158793,Fran Sota,24/25,2025,0,0.5675253903029462,1,false_positive
441622,Roger Escoruela,24/25,2025,0,0.5675110017744076,1,false_positive
1083607,Dudu,24/25,2025,0,0.567509829533805,1,false_positive
947447,David Conejero,24/25,2025,1,0.5675039009723707,1,correct
74559,Moritz Göttel,24/25,2025,1,0.5674799283826243,1,correct
704594,Danil Ankudinov,24/25,2025,1,0.5674728208042523,1,correct
1180370,Pietro Reggiori,24/25,2025,0,0.5674668514782499,1,false_positive
456080,Karim Aribi,24/25,2025,1,0.5674632725307308,1,correct
391408,Antonio D'Alena,24/25,2025,0,0.5674617422849363,1,false_positive
1064538,Ali Houary,24/25,2025,1,0.5674188229113036,1,correct
284855,Yael Ballesteros,24/25,2025,0,0.5673940177356196,1,false_positive
708388,Adrián Corral,24/25,2025,1,0.5673890236287905,1,correct
1058858,Andrea Di Siena,24/25,2025,0,0.5673585676745478,1,false_positive
311130,Lorenzo Melchiori,24/25,2025,0,0.5673411044509051,1,false_positive
1168427,Alberto Locati,24/25,2025,1,0.5673381485570567,1,correct
1307419,Cristiano Novelli,24/25,2025,0,0.5673347197165225,1,false_positive
1078990,Markel Arana,24/25,2025,1,0.5673224750096859,1,correct
388326,Atanas Kabov,24/25,2025,1,0.5672883751282849,1,correct
967948,Garang Kuol,24/25,2025,1,0.5672815812089779,1,correct
498234,Tomás Domingos,24/25,2025,1,0.5672664854991525,1,correct
895947,Manuel Cesari,24/25,2025,0,0.5672583341229014,1,false_positive
1129805,Luigi Oriano,24/25,2025,1,0.5672421268661068,1,correct
661467,Gerónimo Bortagaray,24/25,2025,0,0.567231861874715,1,false_positive
508153,Emmanuel Toku,24/25,2025,1,0.5671628465665174,1,correct
638588,Martín Pascual,24/25,2025,1,0.5671010520153662,1,correct
579287,Daniel Svensson,24/25,2025,1,0.5670918982446087,1,correct
888493,Alejo Veliz,24/25,2025,1,0.5670668811433495,1,correct
810355,Jannik Zahmel,24/25,2025,1,0.5670413579375314,1,correct
559805,Matthew Turner,24/25,2025,0,0.567033080352433,1,false_positive
1306762,Miguel Ángel Álvarez Ortiz,24/25,2025,1,0.567005050627766,1,correct
1174331,Paolo Pisano,24/25,2025,1,0.5669901655764215,1,correct
1056760,Michael Manuzzi,24/25,2025,1,0.5669871497585658,1,correct
162036,Diego Caballo,24/25,2025,1,0.5669722425457099,1,correct
462250,João Félix,24/25,2025,1,0.5669531908391767,1,correct
1290030,Niccolò Cavallotti,24/25,2025,1,0.5669523025805618,1,correct
577486,Gastón Álvarez,24/25,2025,0,0.5669279214691862,1,false_positive
283528,Ignacio Pussetto,24/25,2025,1,0.5669225338766343,1,correct
589374,Milson,24/25,2025,0,0.5669166980101045,1,false_positive
964590,Kaique Pereira,24/25,2025,1,0.5669144532715243,1,correct
1053228,Matteo Fravola,24/25,2025,1,0.5669096759431334,1,correct
305947,Albert Gudmundsson,24/25,2025,1,0.5669069129904191,1,correct
128676,Gonzalo Llerena,24/25,2025,0,0.5668983783083316,1,false_positive
153754,Hasan Kılıç,24/25,2025,1,0.5668841564409595,1,correct
829392,Jashar Beluli,24/25,2025,0,0.5668640702894202,1,false_positive
537944,Ilias Karargyris,24/25,2025,1,0.566840519653191,1,correct
373381,Pasquale Giannotti,24/25,2025,0,0.5668185662326473,1,false_positive
900199,Gustav Lindgren,24/25,2025,0,0.5668180582427972,1,false_positive
729178,Emmanuel Appiah,24/25,2025,1,0.5667675441196408,1,correct
523978,Luis Vacas,24/25,2025,1,0.5667537550155193,1,correct
667050,Dino Mehić,24/25,2025,1,0.5667488493955012,1,correct
315209,Çekdar Orhan,24/25,2025,0,0.5667317607836422,1,false_positive
390944,Mickaël Panos,24/25,2025,0,0.5667218012008687,1,false_positive
821501,Javi Antón,24/25,2025,1,0.5667061220295235,1,correct
1288196,Gabriel Cantonati,24/25,2025,1,0.5666616904505457,1,correct
386577,Federico Mastropietro,24/25,2025,1,0.5666524024283103,1,correct
627624,Lorenzo Peschetola,24/25,2025,0,0.5666448426960914,1,false_positive
244927,Accursio Bentivegna,24/25,2025,1,0.5666323209607865,1,correct
177596,Javi Bonilla,24/25,2025,0,0.5666302874989599,1,false_positive
953036,Daithí McCallion,24/25,2025,0,0.5666131725078986,1,false_positive
366278,Rodrigo Pinho,24/25,2025,0,0.5665982779712883,1,false_positive
1149706,Andrea Lombari,24/25,2025,0,0.5665971666475166,1,false_positive
536943,Daniele Olivieri,24/25,2025,1,0.5665912220153495,1,correct
340325,Reiss Nelson,24/25,2025,1,0.5665739860066108,1,correct
805065,Iyad Mohamed,24/25,2025,0,0.5665650342074362,1,false_positive
789389,Ben Summers,24/25,2025,0,0.5665322706947407,1,false_positive
420921,Vasilios Chatziemmanouil,24/25,2025,1,0.5665148408069282,1,correct
721731,Antonio Prisco,24/25,2025,0,0.5664784462583572,1,false_positive
445971,Manolis Aliatidis,24/25,2025,1,0.5664614687505436,1,correct
815477,Michele Tommasi,24/25,2025,0,0.5664155752671559,1,false_positive
940750,Hugo Buyla,24/25,2025,0,0.56636644674512,1,false_positive
237732,Leandro Putaro,24/25,2025,1,0.5663658251435922,1,correct
607226,Loum Tchaouna,24/25,2025,1,0.5663601540521133,1,correct
396160,Gonzalo Almenara,24/25,2025,0,0.566359114938889,1,false_positive
513175,Adrián Crespo,24/25,2025,0,0.5663586385830176,1,false_positive
244285,Sinan Kurt,24/25,2025,0,0.5663381986107948,1,false_positive
472246,Mika Schroers,24/25,2025,1,0.5662852912796817,1,correct
682103,Adrián Lledó,24/25,2025,1,0.5662774995824277,1,correct
362744,Elyaz Zidane,24/25,2025,0,0.5662584791324949,1,false_positive
1164510,Gabriel Graziani,24/25,2025,1,0.5662164850306569,1,correct
933720,Telmo Neves,24/25,2025,1,0.5662136191639152,1,correct
567497,Filipe Relvas,24/25,2025,1,0.5661882961832473,1,correct
390460,Richmond Tachie,24/25,2025,0,0.5661875191346613,1,false_positive
1063198,Andor Lapu,24/25,2025,1,0.5661791905518133,1,correct
724107,Luca Di Maggio,24/25,2025,1,0.5661774385239703,1,correct
824200,Franco de Jesús,24/25,2025,1,0.5661402900849508,1,correct
345740,Gaetano Logoluso,24/25,2025,0,0.5661017832084752,1,false_positive
836547,Serginho,24/25,2025,0,0.5660985359383539,1,false_positive
457031,Ibrahima Ndiaye,24/25,2025,1,0.5660810945458717,1,correct
526011,Etxebe Pamies,24/25,2025,1,0.5660767069021085,1,correct
146642,Ferdinando Mastroianni,24/25,2025,1,0.5660078846991796,1,correct
577590,Pedro Brazão,24/25,2025,0,0.5659581368806671,1,false_positive
336747,Jorge Pombo,24/25,2025,0,0.5659579362856029,1,false_positive
184491,Naïm Sliti,24/25,2025,0,0.5659270836298337,1,false_positive
426142,Jan de Boer,24/25,2025,0,0.5659177240523845,1,false_positive
209063,Marius Briceag,24/25,2025,0,0.5659103571608858,1,false_positive
1052859,Vladyslav Kopotun,24/25,2025,0,0.5658780839409215,1,false_positive
531909,Jordan Gele,24/25,2025,1,0.5658749188833648,1,correct
421927,Adrian Rus,24/25,2025,1,0.5658470296192202,1,correct
820240,Dominik Șoptirean,24/25,2025,1,0.5658451474389175,1,correct
928233,Younous Tassembedo,24/25,2025,1,0.5658357747098497,1,correct
815556,Antonio Gala,24/25,2025,1,0.5658187481737945,1,correct
672202,Camilo,24/25,2025,0,0.5657661814321554,1,false_positive
469892,Yair Castro,24/25,2025,1,0.5657432064401002,1,correct
732117,Dylan Williams,24/25,2025,1,0.5657135020603105,1,correct
485591,Mohamed Taabouni,24/25,2025,1,0.5657033822419064,1,correct
375857,Kristijan Bistrovic,24/25,2025,1,0.5657010791335346,1,correct
1185900,Aaron Croce,24/25,2025,1,0.5656975065799147,1,correct
1060418,Thomas Renda,24/25,2025,0,0.5656837263552685,1,false_positive
924304,Adrián Dénes,24/25,2025,1,0.5656820463007782,1,correct
400549,Magnus Kaastrup,24/25,2025,1,0.5656678552388096,1,correct
293602,Dor Hugi,24/25,2025,1,0.5656643849047501,1,correct
116094,Philip Fontein,24/25,2025,1,0.565622745185778,1,correct
387991,Steffen Westphal,24/25,2025,1,0.565621683610037,1,correct
505999,Monday Etim,24/25,2025,1,0.565612994086941,1,correct
961821,Elián Sosa,24/25,2025,1,0.5655561402811429,1,correct
822100,Federico Romeo,24/25,2025,0,0.5655316095610413,1,false_positive
463455,Federico Zazzi,24/25,2025,1,0.5655003107060969,1,correct
342978,Apostolos Stikas,24/25,2025,1,0.5654917927066011,1,correct
158770,Mauro Quiroga,24/25,2025,0,0.5654088161696118,1,false_positive
930390,Nikolas Brandis,24/25,2025,0,0.5654020215233868,1,false_positive
1051778,Simone Fiore,24/25,2025,1,0.5653904339889421,1,correct
696599,Cyril Khetir,24/25,2025,1,0.5653822367159635,1,correct
550108,Nicola Zalewski,24/25,2025,1,0.5653736039711975,1,correct
467994,Luca Belardinelli,24/25,2025,0,0.5653612705788466,1,false_positive
226181,Amir Bilali,24/25,2025,1,0.565349263950196,1,correct
564890,André Clóvis,24/25,2025,0,0.565322751602761,1,false_positive
935173,Manuel Rosetti,24/25,2025,1,0.5653079001922985,1,correct
1284085,Tomas Castillo,24/25,2025,0,0.5653008518508372,1,false_positive
1037758,Alexander Dikarev,24/25,2025,1,0.565292010472152,1,correct
894414,Byani Mpata Lama,24/25,2025,1,0.5652895044073079,1,correct
390159,Vincenzo Millico,24/25,2025,1,0.5652772550831758,1,correct
448466,Jovane Cabral,24/25,2025,0,0.5652726537889681,1,false_positive
198084,Marco Frediani,24/25,2025,0,0.5652278520730614,1,false_positive
741098,César Yanis,24/25,2025,0,0.5652247817512509,1,false_positive
1075584,Luan Gadegbeku,24/25,2025,0,0.5651983555890148,1,false_positive
613129,Christian Aucelli,24/25,2025,0,0.5651944745241194,1,false_positive
260166,Ui-jo Hwang,24/25,2025,0,0.5651890848429783,1,false_positive
1310864,Riccardo Iacoponi,24/25,2025,1,0.5651876500476279,1,correct
637788,Gustavo Mendonça,24/25,2025,0,0.5651683825118928,1,false_positive
387601,Giuseppe Stancampiano,24/25,2025,1,0.5651531345524068,1,correct
688638,Lorenz Hollenbach,24/25,2025,1,0.5650909916562228,1,correct
271495,Abdülkadir Ömür,24/25,2025,1,0.5650718171334677,1,correct
244192,Pierluigi Gollini,24/25,2025,0,0.5650687679685908,1,false_positive
400941,Michele Vano,24/25,2025,0,0.5650642378284532,1,false_positive
431470,Alessandro Minelli,24/25,2025,1,0.5650406536802115,1,correct
498000,Gavin Didzilatis,24/25,2025,1,0.5650040770957149,1,correct
615180,Gaetano Vitale,24/25,2025,1,0.5649899545281868,1,correct
646208,Will Swan,24/25,2025,1,0.5649772799873695,1,correct
391344,Luis Lara,24/25,2025,1,0.5649587323958082,1,correct
802713,Adam Ahmad,24/25,2025,1,0.564936388541273,1,correct
815219,Ivan Mandić,24/25,2025,1,0.5649187037223916,1,correct
267093,Milos Milovic,24/25,2025,1,0.5649023340588541,1,correct
614546,Sergio León,24/25,2025,1,0.5648871711342331,1,correct
361540,Nazzareno Ciccarelli,24/25,2025,1,0.5648676163636768,1,correct
1054209,Mahamadou Baldé,24/25,2025,1,0.5648495398104725,1,correct
596067,Felippe Cardoso,24/25,2025,0,0.5648178546085978,1,false_positive
408307,Francesco Delcarro,24/25,2025,1,0.5648150309546541,1,correct
401581,Gianluca Mancuso,24/25,2025,1,0.5648047154013289,1,correct
462251,Jorge Silva,24/25,2025,1,0.5647821402561035,1,correct
1065266,Ander Ibáñez,24/25,2025,1,0.5647819481080097,1,correct
1095428,Hugo Riccobene,24/25,2025,0,0.5647658369281229,1,false_positive
900460,Mattia Parlato,24/25,2025,1,0.5647238723261203,1,correct
964241,Luca Nocerino,24/25,2025,1,0.5647185545604194,1,correct
816576,Edson Silva,24/25,2025,0,0.564713239905026,1,false_positive
527788,Alex Hartridge,24/25,2025,1,0.5647090831197374,1,correct
999745,Damola Ajayi,24/25,2025,1,0.5646782339723325,1,correct
388888,Samu Casado,24/25,2025,1,0.5646093694485834,1,correct
769063,Luka Romero,24/25,2025,0,0.5646026083545327,1,false_positive
934494,Tommaso Plini,24/25,2025,1,0.5645936857515544,1,correct
907619,Melvin Rémy,24/25,2025,1,0.5645890865725461,1,correct
621910,Apostolos Tsilingiris,24/25,2025,1,0.5645720884281309,1,correct
435022,Ramón Miérez,24/25,2025,1,0.5645464729797366,1,correct
801427,Marlee Francois,24/25,2025,0,0.5645387682361618,1,false_positive
392139,Sebastian Müller,24/25,2025,0,0.5645096031562504,1,false_positive
853948,Alejandro Piedrahita,24/25,2025,0,0.5645039665606236,1,false_positive
290806,Mattia Poletto,24/25,2025,1,0.5644969288094227,1,correct
582717,David Ramos,24/25,2025,1,0.564492246367632,1,correct
547818,Raul Steau,24/25,2025,0,0.5644914025763574,1,false_positive
704720,Cosimo Severi,24/25,2025,0,0.5644771584125636,1,false_positive
268175,Jordi Ortega,24/25,2025,0,0.564468393310616,1,false_positive
183614,Ahmet Dereli,24/25,2025,1,0.5644665561944594,1,correct
796212,Philipp Schulz,24/25,2025,0,0.5644570960382792,1,false_positive
404383,Pedro Marques,24/25,2025,0,0.564439012037102,1,false_positive
745246,Levin Mattmüller,24/25,2025,1,0.5644147530559057,1,correct
710089,Eduard Rusu,24/25,2025,0,0.5644123351268082,1,false_positive
574199,David Lelle,24/25,2025,0,0.5644098913535599,1,false_positive
930790,Jean Castegnaro,24/25,2025,1,0.5643936001881933,1,correct
291653,Josef Weberbauer,24/25,2025,0,0.564393426045387,1,false_positive
612826,Silas,24/25,2025,0,0.5643785273085595,1,false_positive
820381,Mohamed Brahimi,24/25,2025,1,0.5643495143007332,1,correct
421873,Elia Caprile,24/25,2025,1,0.564311959837853,1,correct
855615,Abdoulaye Bakayoko,24/25,2025,0,0.5642866238560521,1,false_positive
1126756,Kelve Semedo,24/25,2025,1,0.5642596004653804,1,correct
385413,Marco Sfanò,24/25,2025,1,0.5642476794002369,1,correct
324111,Teun Bijleveld,24/25,2025,1,0.5642447058563976,1,correct
149209,Maximilian Jansen,24/25,2025,1,0.56422489047902,1,correct
1045438,Safyan Toure,24/25,2025,1,0.5642203185756195,1,correct
1278511,Emanuele Lo Zito,24/25,2025,0,0.56421380093615,1,false_positive
1319849,Abdullah Mansour Al-Rashidi,24/25,2025,0,0.5642006108696758,1,false_positive
1164509,Thomas Graziani,24/25,2025,1,0.5641982762528962,1,correct
494827,Lucas Zeller,24/25,2025,0,0.5641687618530669,1,false_positive
139393,Tomané,24/25,2025,1,0.5641643517872035,1,correct
861221,Ebenezer Annan,24/25,2025,1,0.564154984366802,1,correct
61360,Ciro Sirignano,24/25,2025,0,0.5641370047466843,1,false_positive
89650,Johannes Geis,24/25,2025,1,0.564115609630695,1,correct
981742,Adilson,24/25,2025,1,0.564099951413577,1,correct
696883,Juan Brunet,24/25,2025,1,0.5640947144970884,1,correct
459704,Mattia Fiorini,24/25,2025,0,0.5640240586017239,1,false_positive
937477,Giulio Antonini,24/25,2025,1,0.5639743611755761,1,correct
217155,Borja Sánchez,24/25,2025,1,0.5639617911098685,1,correct
553303,Mathias Kubel,24/25,2025,0,0.5639290230034053,1,false_positive
837085,Azeez Oseni,24/25,2025,1,0.5639190920713073,1,correct
715083,Andrej Stojcevski,24/25,2025,1,0.5638574957888783,1,correct
617596,Mattia Cretti,24/25,2025,1,0.5638292172970893,1,correct
989819,Ivane Chegra,24/25,2025,1,0.5637536641110856,1,correct
896234,Guillermo Balzi,24/25,2025,0,0.5637316315243773,1,false_positive
807836,Sandji Baradji,24/25,2025,1,0.5637254178586022,1,correct
289065,Simone Palombi,24/25,2025,0,0.5637136666883216,1,false_positive
833372,Amine Naïfi,24/25,2025,0,0.5636870870557819,1,false_positive
131505,Rodrigo,24/25,2025,0,0.5636861109382361,1,false_positive
611198,Álex Blesa,24/25,2025,1,0.5636516167691736,1,correct
878114,Zak Bradshaw,24/25,2025,1,0.5636458553657517,1,correct
811200,Nikolaos Kanellopoulos,24/25,2025,1,0.5636090241965787,1,correct
720139,Roland Hajdú,24/25,2025,1,0.5635930885942457,1,correct
348520,Vincenzo Plescia,24/25,2025,1,0.5635743157185327,1,correct
801069,Jimmy Evans,24/25,2025,0,0.5635622933238563,1,false_positive
1040836,Yeray Carpio,24/25,2025,0,0.5635081504746352,1,false_positive
567309,Naatan Skyttä,24/25,2025,1,0.5634949499495294,1,correct
1188586,Alessandro Rossi,24/25,2025,1,0.5634807443056189,1,correct
685506,Christian Travaglini,24/25,2025,0,0.5634667692102021,1,false_positive
704469,Vincenzo Galletta,24/25,2025,1,0.563442082983352,1,correct
662701,Joao Grimaldo,24/25,2025,0,0.5634053099965487,1,false_positive
1243090,Ilya Vasin,24/25,2025,0,0.563382250273139,1,false_positive
323589,Dálcio,24/25,2025,1,0.5633608148273107,1,correct
237226,Marvin Mehlem,24/25,2025,1,0.5633334789070633,1,correct
81173,Janis Blaswich,24/25,2025,1,0.5633161133419893,1,correct
479709,Paolo Cannistrà,24/25,2025,1,0.563240325884451,1,correct
888392,Iñaki León,24/25,2025,0,0.5632282867138744,1,false_positive
423289,Álvaro Salinas,24/25,2025,1,0.5632243277368433,1,correct
621770,Matías Vesprini,24/25,2025,1,0.5631771285432811,1,correct
369258,Dudu,24/25,2025,0,0.5631721914740475,1,false_positive
433976,Tudor Băluță,24/25,2025,1,0.5631709660696163,1,correct
45567,Jonathan Biabiany,24/25,2025,0,0.563101182087022,1,false_positive
187908,Hugo Sousa,24/25,2025,0,0.5630857394269587,1,false_positive
613388,Zakaria Daqoune,24/25,2025,1,0.5630715795001477,1,correct
1306528,Filippo Vignaroli,24/25,2025,0,0.5630628066174534,1,false_positive
164534,Francesco Forte,24/25,2025,1,0.5630381652962653,1,correct
254477,Joan Campins,24/25,2025,1,0.5630323719229544,1,correct
1132600,Zalán Maronyay,24/25,2025,0,0.5630240448091592,1,false_positive
586982,Levi Laing,24/25,2025,0,0.5630221997978319,1,false_positive
936183,Christian Corradi,24/25,2025,1,0.5630102061319873,1,correct
462738,Naoufel Khacef,24/25,2025,0,0.5630038307181525,1,false_positive
677509,Jesse Randall,24/25,2025,0,0.5629962277968042,1,false_positive
673830,Luis Phelipe,24/25,2025,0,0.5629846764844553,1,false_positive
694141,Fynn Seidel,24/25,2025,1,0.562981040233215,1,correct
610572,Ronald Gbizie,24/25,2025,1,0.5629699079130971,1,correct
337282,Jake Brimmer,24/25,2025,0,0.5629461528357951,1,false_positive
192073,Rubén Bover,24/25,2025,0,0.5629199968531418,1,false_positive
459953,Giacomo Manzari,24/25,2025,1,0.5629185411727146,1,correct
797572,Stefan Lekovic,24/25,2025,0,0.5628789908231275,1,false_positive
379877,Luis Henrique,24/25,2025,1,0.5628436138651222,1,correct
407398,Carl Björk,24/25,2025,0,0.562746295216532,1,false_positive
119292,Danilo Wiebe,24/25,2025,0,0.5627344113527057,1,false_positive
1058990,Edoardo Salvador,24/25,2025,1,0.5627341778296421,1,correct
387378,Luther Singh,24/25,2025,0,0.5627252146529806,1,false_positive
563137,Robert Navarro,24/25,2025,1,0.5627087509794919,1,correct
451282,Tamás Kiss,24/25,2025,1,0.5626980559045972,1,correct
820633,Coli Saco,24/25,2025,1,0.5626969472821147,1,correct
708070,Pietro Saio,24/25,2025,1,0.562666441315056,1,correct
197880,Raphael Guzzo,24/25,2025,1,0.5626586439531444,1,correct
1107991,Ognjen Teofilovic,24/25,2025,1,0.5626304838419147,1,correct
501196,Csaba Bukta,24/25,2025,1,0.5626214320676417,1,correct
888639,Ethan Wheatley,24/25,2025,1,0.5626005138061043,1,correct
718178,Miguel Peña,24/25,2025,1,0.562591447830867,1,correct
343945,Niccolò Zanellato,24/25,2025,0,0.5625328235078478,1,false_positive
472909,Ivan Bulatovic,24/25,2025,0,0.5625304686624487,1,false_positive
415273,Trent Buhagiar,24/25,2025,1,0.5624594869212426,1,correct
385412,Jordan Amissah,24/25,2025,1,0.5624524973318767,1,correct
61464,Karim Yoda,24/25,2025,1,0.5624503329271113,1,correct
1135091,Victor Rodriguez,24/25,2025,1,0.5624193464682331,1,correct
817523,André Lopes,24/25,2025,1,0.5624152501202908,1,correct
486537,Sekou Camara,24/25,2025,0,0.5623987154104997,1,false_positive
903563,Matteo Rizzo,24/25,2025,1,0.5623875740891581,1,correct
719673,Ben Gannon-Doak,24/25,2025,1,0.5623683795195082,1,correct
855890,Jenson Metcalfe,24/25,2025,1,0.5623301572946329,1,correct
464217,Szilárd Magyari,24/25,2025,1,0.5622866454819938,1,correct
925844,Umberto Morleo,24/25,2025,1,0.562265024450431,1,correct
1113888,Andrew Wogan,24/25,2025,1,0.5622640330511202,1,correct
192875,William Troost-Ekong,24/25,2025,0,0.5622411416826784,1,false_positive
690147,Felix Paschke,24/25,2025,0,0.5622357329195071,1,false_positive
1031510,Eric Topór,24/25,2025,0,0.5622216916845117,1,false_positive
1008348,Jan Feit,24/25,2025,0,0.5622023632554444,1,false_positive
62358,Luca Castiglia,24/25,2025,0,0.5621951464605419,1,false_positive
942889,Jawad El Jemili,24/25,2025,1,0.5621950362657164,1,correct
784741,Julius Hoffmann,24/25,2025,1,0.5621711057231319,1,correct
1176398,Edoardo Bettinelli,24/25,2025,1,0.562138978051124,1,correct
311266,Rubén Díez,24/25,2025,0,0.5621017094918992,1,false_positive
900938,Junior Olaitan,24/25,2025,1,0.5620988354612877,1,correct
394778,Manuel Pavesi,24/25,2025,0,0.5620872641953885,1,false_positive
681829,Nilton,24/25,2025,0,0.5620710406383999,1,false_positive
608977,Nana Antwi,24/25,2025,0,0.5620402456183811,1,false_positive
340447,Emanuele Spinozzi,24/25,2025,0,0.5620184020046314,1,false_positive
271271,Pablo Carbonell,24/25,2025,1,0.5620013762610391,1,correct
503327,Teddy Okou,24/25,2025,1,0.5619995328407085,1,correct
536346,Alessandro Miola,24/25,2025,1,0.5619904740852526,1,correct
149729,João Mário,24/25,2025,1,0.5619812634478235,1,correct
1027216,François Mughe,24/25,2025,0,0.5619769161330787,1,false_positive
537764,Carlos Algarra,24/25,2025,0,0.5619730236759017,1,false_positive
441422,Maximiliano Lovera,24/25,2025,0,0.5619719550876443,1,false_positive
349905,Cesare Pogliano,24/25,2025,0,0.5619241077329923,1,false_positive
604486,Mihailo Trkulja,24/25,2025,1,0.5618796679814053,1,correct
203167,Dimitrios Popovic,24/25,2025,0,0.5618726985333952,1,false_positive
668278,Ibon Ispizua,24/25,2025,1,0.561818474480593,1,correct
1270735,Alessandro Bartelloni,24/25,2025,1,0.5618130029439756,1,correct
636331,André Shinyashiki,24/25,2025,0,0.5618045946884448,1,false_positive
522731,Pablo Bolado,24/25,2025,1,0.5617903234120358,1,correct
240889,Anas Ouahim,24/25,2025,1,0.5617781388226213,1,correct
873981,Diego González,24/25,2025,0,0.5617672378428951,1,false_positive
506470,Josh Bowler,24/25,2025,1,0.5617560843992772,1,correct
358425,Gonzalo Di Renzo,24/25,2025,1,0.5617201808878268,1,correct
921955,Joaquin Domingo Dalmasso,24/25,2025,0,0.5617049735258871,1,false_positive
513972,Juan Flere,24/25,2025,0,0.5617022530361064,1,false_positive
1066213,Asier Bonel,24/25,2025,1,0.5616982448847824,1,correct
409550,Andrea Giusti,24/25,2025,1,0.5616830681494213,1,correct
57299,Michele Marconi,24/25,2025,0,0.5616648111907584,1,false_positive
624267,Dale Taylor,24/25,2025,1,0.5616535401262758,1,correct
789722,Feritali Erdem,24/25,2025,1,0.5615873127466603,1,correct
589456,Rafa Núñez,24/25,2025,1,0.5615873110707179,1,correct
465988,Elia Giani,24/25,2025,1,0.5615796684896336,1,correct
929871,Matteo Plaia,24/25,2025,1,0.5615376847279031,1,correct
726667,Hugo Pavek,24/25,2025,0,0.5614968421297182,1,false_positive
111417,Charyl Chappuis,24/25,2025,0,0.5614573202380474,1,false_positive
729167,Emmanuel Ntsiakoh,24/25,2025,1,0.5614267570327882,1,correct
567454,Lorenzo Lucchesi,24/25,2025,1,0.5613947221488779,1,correct
291399,Nanu,24/25,2025,1,0.5613918711968383,1,correct
787256,Jesús Hernández,24/25,2025,1,0.5613527813205033,1,correct
311146,Nikola Sipcic,24/25,2025,1,0.5613431067196023,1,correct
799138,Oliver Maric,24/25,2025,0,0.5613309624817834,1,false_positive
737892,Renzo Orihuela,24/25,2025,0,0.5613114032993971,1,false_positive
441626,Alex Pla,24/25,2025,0,0.5613108128312629,1,false_positive
635581,Ander Yoldi,24/25,2025,0,0.5612933356623381,1,false_positive
639246,Hyeon-gyu Oh,24/25,2025,0,0.5612841798426246,1,false_positive
616903,Moustapha Yabre,24/25,2025,0,0.5612737514119004,1,false_positive
274828,Milan Kocic,24/25,2025,0,0.5612607392897389,1,false_positive
351750,Léo Natel,24/25,2025,1,0.5612212427825167,1,correct
825024,Ronnie Stutter,24/25,2025,1,0.5611766179784481,1,correct
279909,Faisal Bangal,24/25,2025,0,0.5611736220123225,1,false_positive
730821,Julian Markvoort,24/25,2025,1,0.5611654861541139,1,correct
762611,Carlos Inglada,24/25,2025,1,0.5611556648446355,1,correct
1053933,Ruan,24/25,2025,1,0.5611465306770841,1,correct
833369,Amine Groune,24/25,2025,1,0.5611303369889498,1,correct
689090,Davide Lamesta,24/25,2025,0,0.5611010223024958,1,false_positive
392777,Jonathan Panzo,24/25,2025,1,0.5611008030438629,1,correct
337333,Alex Král,24/25,2025,0,0.5610838969635895,1,false_positive
170895,Garry Rodrigues,24/25,2025,1,0.561076180364887,1,correct
804028,Kevin Lebersorger,24/25,2025,1,0.5610692046151169,1,correct
424371,Iván Martínez,24/25,2025,1,0.5610582707072107,1,correct
530157,Cem Türkmen,24/25,2025,1,0.5610542701905796,1,correct
644771,Odilon Kossounou,24/25,2025,1,0.5610402871090403,1,correct
618019,Andrej Pupovic,24/25,2025,0,0.5610358096526539,1,false_positive
812991,Arne Rühlemann,24/25,2025,1,0.5610337754643234,1,correct
476355,Cícero,24/25,2025,0,0.5610020738964558,1,false_positive
507494,Guillaume Furrer,24/25,2025,1,0.5609805340744832,1,correct
819083,Gabriele Costa,24/25,2025,1,0.5609687831881447,1,correct
289149,Nicolás Orsini,24/25,2025,0,0.5609330043681733,1,false_positive
461511,Yac Diori,24/25,2025,1,0.5608886282688781,1,correct
267152,Sebastian Musiolik,24/25,2025,1,0.5608783693017855,1,correct
476237,Steven Alzate,24/25,2025,1,0.5608749627668951,1,correct
1159175,Mathew Gbomadu,24/25,2025,0,0.560858657573603,1,false_positive
340437,Andrea Paolelli,24/25,2025,0,0.5608323378873004,1,false_positive
504855,John McAtee,24/25,2025,0,0.5608188964413588,1,false_positive
432959,Perotti,24/25,2025,1,0.5608068646597882,1,correct
418567,Markus Solbakken,24/25,2025,1,0.5608061677536633,1,correct
282921,Daniele Casella,24/25,2025,1,0.5608061408421356,1,correct
433091,Jalen Hawkins,24/25,2025,0,0.5607762854034842,1,false_positive
1030153,Justin Bourgault,24/25,2025,0,0.5607479785055882,1,false_positive
567456,Andrea Bonetti,24/25,2025,0,0.5607441895495809,1,false_positive
817302,Sergio Barlocco,24/25,2025,0,0.5607209130964932,1,false_positive
866916,Tom Negrel,24/25,2025,0,0.5606978548745112,1,false_positive
544895,Paulinho Bóia,24/25,2025,0,0.5606609946113054,1,false_positive
911487,Samba Koné,24/25,2025,0,0.5606550008363446,1,false_positive
341647,Cengiz Ünder,24/25,2025,1,0.5606494083940157,1,correct
728256,Luca Andrada,24/25,2025,0,0.5605977801451408,1,false_positive
396328,Luis Perea,24/25,2025,1,0.5605948110622481,1,correct
814528,Georgios Kosteas,24/25,2025,1,0.5605785522926712,1,correct
511813,Sidnei Tavares,24/25,2025,1,0.5605707999632384,1,correct
394332,Alberto Marini,24/25,2025,0,0.5605621329619263,1,false_positive
199921,Davide Petermann,24/25,2025,1,0.5605438036152995,1,correct
1169857,Freddie Anderson,24/25,2025,0,0.5605437342700377,1,false_positive
353967,Şiyar Kepir,24/25,2025,1,0.5605407035838885,1,correct
584809,Ivan Durdov,24/25,2025,0,0.5604886821286215,1,false_positive
583641,Antonee Burke-Gilroy,24/25,2025,0,0.5604601512285314,1,false_positive
883084,Alessio Sarpa,24/25,2025,1,0.560445743142641,1,correct
311696,Kuki Zalazar,24/25,2025,0,0.5604315904382893,1,false_positive
649016,El Bilal Touré,24/25,2025,1,0.5603936507335244,1,correct
697278,Charlie Webster,24/25,2025,0,0.5603898351837208,1,false_positive
240206,Jacopo Manconi,24/25,2025,0,0.5603790621216408,1,false_positive
747810,Tiago Hernández,24/25,2025,0,0.5603627262417864,1,false_positive
554251,Yasser Larouci,24/25,2025,1,0.5603525417857264,1,correct
723733,Bernardo Folha,24/25,2025,0,0.5603196344136646,1,false_positive
455425,Nando Pijnaker,24/25,2025,0,0.5603162221094009,1,false_positive
1333057,Ettore Sani,24/25,2025,1,0.5603121586792412,1,correct
895331,Dani Pérez,24/25,2025,0,0.5602966103418423,1,false_positive
796242,Kevin Kállai,24/25,2025,1,0.5602521407114809,1,correct
1131161,Robinio Vaz,24/25,2025,0,0.5602208783554242,1,false_positive
422573,Sergiu Jurj,24/25,2025,0,0.5602187529961871,1,false_positive
623173,Anestis Vlachomitros,24/25,2025,1,0.5601840658198202,1,correct
490384,Koni De Winter,24/25,2025,1,0.5601794780142662,1,correct
518451,Assad Al-Hamlawi,24/25,2025,1,0.5601186069083521,1,correct
912509,Jamal Rogero,24/25,2025,1,0.560110648647106,1,correct
813152,Makan Aïko,24/25,2025,0,0.5601060815598743,1,false_positive
905719,Nikola Vukic,24/25,2025,0,0.560098603560537,1,false_positive
14881,Marcelo Carné,24/25,2025,1,0.5600972091631724,1,correct
395516,Moussa Diaby,24/25,2025,0,0.5600822796669472,1,false_positive
491648,Diego Valencia,24/25,2025,0,0.5600265731535307,1,false_positive
1112392,David Hoxha,24/25,2025,0,0.5599925756063567,1,false_positive
392179,Hjalmar Ekdal,24/25,2025,0,0.5599824416785965,1,false_positive
400532,Joel Felix,24/25,2025,0,0.5599094561433593,1,false_positive
937672,Joel Aubin Vidékon,24/25,2025,1,0.5599077941208196,1,correct
422287,Konstantinos Panagou,24/25,2025,1,0.5599018559958526,1,correct
549791,Augustus Kargbo,24/25,2025,0,0.5598964861693202,1,false_positive
410305,Erik Gerbi,24/25,2025,0,0.559869483235608,1,false_positive
864769,Brandon Bokangu,24/25,2025,0,0.5598657516585519,1,false_positive
263860,Jason Remeseiro,24/25,2025,1,0.5598642566970072,1,correct
271646,Karim Loukili,24/25,2025,0,0.5598458054894367,1,false_positive
705288,Angelo Talia,24/25,2025,0,0.5598216715776496,1,false_positive
395612,Nicolò Clerici,24/25,2025,1,0.5598159351323075,1,correct
1021391,Emmanuel Poku,24/25,2025,0,0.5598068084396809,1,false_positive
977382,Yeiner Londoño,24/25,2025,1,0.559799695724786,1,correct
670683,Hugo Félix,24/25,2025,1,0.5597973540541187,1,correct
878340,Aleksa Maras,24/25,2025,1,0.5597911693577831,1,correct
447469,Hugo Alves,24/25,2025,1,0.5597314914539425,1,correct
342240,Thijmen Goppel,24/25,2025,1,0.5597174267088921,1,correct
938349,Rober,24/25,2025,0,0.5597161290654579,1,false_positive
391780,Derrick Köhn,24/25,2025,1,0.5597146552244127,1,correct
590204,Athanasios Leonidopoulos,24/25,2025,1,0.5597125552118623,1,correct
607228,Félix Nzouango,24/25,2025,1,0.5597000445015529,1,correct
1065440,Mauro Echegoyen,24/25,2025,0,0.5596510940097043,1,false_positive
704156,Nicholas Gioacchini,24/25,2025,0,0.5596488856986921,1,false_positive
146844,Kerim Frei,24/25,2025,1,0.5596476681890485,1,correct
647955,Quadri Liameed,24/25,2025,1,0.5596010903639886,1,correct
363541,Samu Pérez,24/25,2025,1,0.5595974719648925,1,correct
717296,Lucas Areco,24/25,2025,0,0.5595943328996702,1,false_positive
651005,Cher Ndour,24/25,2025,0,0.5595832834793731,1,false_positive
528833,Lazar Samardžić,24/25,2025,1,0.5594979913294027,1,correct
581018,Andrija Katic,24/25,2025,0,0.5594796017749124,1,false_positive
625653,Iker Kortajarena,24/25,2025,0,0.5594786729901167,1,false_positive
1031607,Nico Petras,24/25,2025,1,0.5594115636205067,1,correct
1048043,Alessandro Piseddu,24/25,2025,1,0.5594100147952659,1,correct
358903,Leroy Kwadwo,24/25,2025,1,0.5593824299384579,1,correct
806930,Kasper Kiilerich,24/25,2025,0,0.5593596564678347,1,false_positive
395070,Damiano Lia,24/25,2025,1,0.5593481707783967,1,correct
495602,Moha Ramos,24/25,2025,1,0.5593471250319589,1,correct
291266,Godfred Donsah,24/25,2025,0,0.5593240380366288,1,false_positive
146519,Haythem Jouini,24/25,2025,1,0.5593114371609178,1,correct
345742,Alessandro Quaini,24/25,2025,0,0.5592844795647659,1,false_positive
182446,Zinho Gano,24/25,2025,1,0.5592811382137551,1,correct
167854,Matteo Meucci,24/25,2025,0,0.5592785007507677,1,false_positive
924497,Lorenzo Orellano,24/25,2025,1,0.5592420825345743,1,correct
280278,Petar Vitanov,24/25,2025,0,0.5592344663260662,1,false_positive
389837,Nicolò Casale,24/25,2025,1,0.5592248312327587,1,correct
1185116,Zalán Gregor,24/25,2025,1,0.5592116178817244,1,correct
280832,Carlo Crialese,24/25,2025,1,0.5591884449971941,1,correct
388042,Karlo Muhar,24/25,2025,1,0.5591842424647718,1,correct
557264,Lorenzo Fino,24/25,2025,0,0.5591586141058608,1,false_positive
189157,Vasilios Papadopoulos,24/25,2025,0,0.5591439087232969,1,false_positive
598136,Christoph Maier,24/25,2025,1,0.5591413608689983,1,correct
59558,Emilio Nsue,24/25,2025,0,0.559137192134428,1,false_positive
684307,Youssef Amyn,24/25,2025,1,0.5591214923707034,1,correct
634432,Iván Muñoz,24/25,2025,0,0.5591128301276314,1,false_positive
489343,Leo Oppermann,24/25,2025,0,0.5591060622797362,1,false_positive
874062,Nathan Asiimwe,24/25,2025,1,0.5590867879601289,1,correct
370833,Doğukan Sinik,24/25,2025,1,0.5590687852639548,1,correct
924031,Leo Eberle,24/25,2025,1,0.5590450028776119,1,correct
711034,Gianmarco Todisco,24/25,2025,1,0.5590375217675794,1,correct
466809,Konrad de la Fuente,24/25,2025,1,0.5589977872712862,1,correct
831162,Gino Infantino,24/25,2025,0,0.5589572990898505,1,false_positive
435712,Andrei Cordea,24/25,2025,1,0.5589567286599632,1,correct
430310,Andrew Irving,24/25,2025,0,0.5589421447151609,1,false_positive
647392,Scott Smith,24/25,2025,1,0.5588943920236878,1,correct
361925,Achraf Bencharki,24/25,2025,0,0.5588857404332626,1,false_positive
456877,Rekeem Harper,24/25,2025,1,0.5588685417256262,1,correct
534377,Kialy Abdoul Kone,24/25,2025,0,0.5588387356345118,1,false_positive
162819,Rafa Lopes,24/25,2025,0,0.558833063572488,1,false_positive
602987,Mario Subaric,24/25,2025,1,0.5587610625616065,1,correct
708315,Jakub Hrustinec,24/25,2025,1,0.5587443329965531,1,correct
907634,Jacopo Cerasani,24/25,2025,1,0.5587388160453842,1,correct
1153675,Pedro Ramos,24/25,2025,0,0.5587116932076928,1,false_positive
365202,Daire O'Connor,24/25,2025,1,0.5586633361594768,1,correct
418208,Ionuț Rus,24/25,2025,0,0.55865367043361,1,false_positive
721669,Dominik Földi,24/25,2025,0,0.558610193844909,1,false_positive
557612,Sékou Mara,24/25,2025,1,0.5586066303515212,1,correct
284165,Steven Bergwijn,24/25,2025,0,0.5585722450521812,1,false_positive
937278,Filippo Turone,24/25,2025,0,0.558569509715533,1,false_positive
527791,Jack Sparkes,24/25,2025,1,0.5585509707429523,1,correct
760019,Matteo Casarotto,24/25,2025,1,0.5585292301461281,1,correct
211107,João Afonso,24/25,2025,0,0.5585281384135141,1,false_positive
696146,Tim Giesen,24/25,2025,1,0.5585142361217819,1,correct
230210,Lolo Plá,24/25,2025,1,0.5584678972187389,1,correct
444445,Tommaso Degl'Innocenti,24/25,2025,0,0.5584670844802728,1,false_positive
254997,Francesco Salvemini,24/25,2025,1,0.5584566788001117,1,correct
435406,Demba Thiam,24/25,2025,1,0.5584521313673175,1,correct
907688,Riccardo Spaggiari,24/25,2025,1,0.5584503703431208,1,correct
690488,Aleksandar Vasiljevic,24/25,2025,0,0.5584378847394382,1,false_positive
907087,Berkay Yilmaz,24/25,2025,0,0.5583824642381239,1,false_positive
156764,Gavin Reilly,24/25,2025,0,0.5583822432000792,1,false_positive
234787,Lucas João,24/25,2025,1,0.5583768826384559,1,correct
706933,Manuel Alagna,24/25,2025,0,0.558352730459685,1,false_positive
670841,Junior Robinson,24/25,2025,1,0.5583481759672617,1,correct
1216569,Osama El Bazar,24/25,2025,0,0.5583385287892244,1,false_positive
198410,Adrian Dabasse,24/25,2025,0,0.558312203428502,1,false_positive
1043471,Augusto Dabó,24/25,2025,1,0.5582697063488786,1,correct
363514,Tim Kips,24/25,2025,1,0.5582409670759723,1,correct
678991,Ulisses,24/25,2025,0,0.5582152068679165,1,false_positive
630106,Stefan Obradović,24/25,2025,1,0.5581751288805246,1,correct
251079,Ertuğrul Ersoy,24/25,2025,1,0.5581550143507911,1,correct
198298,Carmine De Sena,24/25,2025,1,0.558138829316603,1,correct
424709,Cheick Timite,24/25,2025,1,0.5581239516524822,1,correct
575620,Mauricio Villalobos,24/25,2025,1,0.5580685038213785,1,correct
624870,Ed Carlos,24/25,2025,1,0.5580507595935605,1,correct
263267,Riad Bajic,24/25,2025,1,0.55802260658195,1,correct
410735,Jamie Jacobs,24/25,2025,1,0.5579922776450551,1,correct
511878,Agapios Vrikkis,24/25,2025,1,0.5579848386987607,1,correct
337725,Christian Kouamé,24/25,2025,0,0.5579550004575949,1,false_positive
425031,Michalis Bousis,24/25,2025,1,0.5579511871787471,1,correct
340521,Gui Ramos,24/25,2025,0,0.5579483278534989,1,false_positive
278467,Iván Pérez,24/25,2025,1,0.5579133474029644,1,correct
390084,Aleksa Marusic,24/25,2025,0,0.5578770365475122,1,false_positive
934202,Raffaele Romano,24/25,2025,1,0.5578245940174541,1,correct
965715,Lassina Kone Junior,24/25,2025,0,0.557806884260291,1,false_positive
741253,Javier Boñar,24/25,2025,0,0.5577739284594023,1,false_positive
743495,Nehemiah Fernandez,24/25,2025,1,0.5577688615116088,1,correct
733496,JJ McKiernan,24/25,2025,1,0.5577577259719273,1,correct
606222,Juanca Pineda,24/25,2025,0,0.5577434281571402,1,false_positive
341317,Oliver Burke,24/25,2025,1,0.5577396174091628,1,correct
1056655,Rubén Quintanilla,24/25,2025,1,0.5576626037774791,1,correct
674921,Nikola Soldo,24/25,2025,1,0.5576508169358317,1,correct
935757,Daniel Holasek,24/25,2025,0,0.5575940947819453,1,false_positive
307924,Mergim Berisha,24/25,2025,0,0.5575891255793487,1,false_positive
663703,Nicola Dipinto,24/25,2025,0,0.557575779240127,1,false_positive
95424,Kyle Walker,24/25,2025,1,0.5575543186337398,1,correct
195601,Janik Mäder,24/25,2025,0,0.5575274885153432,1,false_positive
927267,Nicolò Amadori,24/25,2025,1,0.557496298370546,1,correct
190687,Joshua Smits,24/25,2025,1,0.5574808729994393,1,correct
467435,Yannik Schlößer,24/25,2025,1,0.5574409411228451,1,correct
267674,Gabriel Colombatti,24/25,2025,0,0.5574356090104412,1,false_positive
709671,Răzvan Pașcalău,24/25,2025,1,0.5573998734920692,1,correct
388537,Nikolay Prudnikov,24/25,2025,0,0.5573867172895057,1,false_positive
402089,Ben Whitfield,24/25,2025,1,0.5573859382171682,1,correct
604105,Ole Hoch,24/25,2025,1,0.5573779124326463,1,correct
904335,Leander Fritzsche,24/25,2025,1,0.5573773136922778,1,correct
237430,Deyvison Fernandes,24/25,2025,1,0.5573689215102425,1,correct
267035,Jannes Vollert,24/25,2025,0,0.5573626638601107,1,false_positive
106641,Kane Hemmings,24/25,2025,1,0.5573596793457817,1,correct
267014,Matteo Battistini,24/25,2025,0,0.5573581173391309,1,false_positive
512127,Fabrício Isidoro,24/25,2025,1,0.5573556358428555,1,correct
155036,Simone Corazza,24/25,2025,0,0.5573533535229742,1,false_positive
744941,Sekou Lega,24/25,2025,1,0.5573368545172463,1,correct
1176418,Owen Stirton,24/25,2025,1,0.5572817222906709,1,correct
432224,Mateo Karamatic,24/25,2025,1,0.55727786405564,1,correct
274694,Ionuț Nedelcearu,24/25,2025,0,0.5572526171804547,1,false_positive
669793,Andrea Bozzolan,24/25,2025,1,0.5572170815299566,1,correct
745114,Adrián Flaqué,24/25,2025,0,0.5572095631468863,1,false_positive
500191,Pepe Sánchez,24/25,2025,0,0.5572041125865475,1,false_positive
16043,Alessandro Albertini,24/25,2025,1,0.5571924981767037,1,correct
879236,Zé Vítor,24/25,2025,0,0.5571816750444356,1,false_positive
441385,Gonzalo Maroni,24/25,2025,0,0.5571762728666979,1,false_positive
258475,Nikola Maras,24/25,2025,0,0.5571573178364477,1,false_positive
1288949,Abdoulaye Kanté,24/25,2025,1,0.5571500321876398,1,correct
139278,Luca Zander,24/25,2025,1,0.5571329314180019,1,correct
531411,Esteban Orozco,24/25,2025,0,0.5570876685300381,1,false_positive
221421,Kleis Bozhanaj,24/25,2025,1,0.5570780023131016,1,correct
664420,Albert Caparrós,24/25,2025,0,0.5570601622609792,1,false_positive
375392,Paulo Moreira,24/25,2025,0,0.5570563376567123,1,false_positive
902702,Jayson Videira,24/25,2025,1,0.5570234073825071,1,correct
284724,Nehuén Paz,24/25,2025,1,0.5569999529065874,1,correct
247813,Anthony Okpotu,24/25,2025,1,0.5569844191764907,1,correct
703655,Noah Botic,24/25,2025,1,0.5569783522656107,1,correct
337798,Abdu Conté,24/25,2025,1,0.5569783038451105,1,correct
1062258,Gabriel Fernandes,24/25,2025,1,0.5569477707934744,1,correct
657742,Joaquín Sosa,24/25,2025,1,0.556939216670569,1,correct
684178,Jason Sraha,24/25,2025,0,0.5568965948231615,1,false_positive
1082519,Charlys,24/25,2025,1,0.5568890904402538,1,correct
340323,Savvas Mourgos,24/25,2025,0,0.5568812986210603,1,false_positive
203662,Giannis Sotirakos,24/25,2025,1,0.5568533142166759,1,correct
381209,Rober Sierra,24/25,2025,1,0.5568392474795519,1,correct
745596,Batuhan Yavuz,24/25,2025,0,0.55682755425336,1,false_positive
735349,Rafail Sgouros,24/25,2025,1,0.556786857783018,1,correct
347958,Gaétan Weissbeck,24/25,2025,0,0.556785975847521,1,false_positive
1158985,Gerónimo Spina,24/25,2025,0,0.556782790287802,1,false_positive
225459,Carlos Hernández,24/25,2025,0,0.5567707014646384,1,false_positive
600041,Mattia Felici,24/25,2025,0,0.5567487834749625,1,false_positive
400044,Balázs Tóth,24/25,2025,0,0.5567454592141002,1,false_positive
807034,Marco Schabauer,24/25,2025,1,0.5567411731905862,1,correct
704347,Antonio Pio Iervolino,24/25,2025,0,0.5566960059808406,1,false_positive
864733,Léo Alaba,24/25,2025,0,0.5566654412981034,1,false_positive
566630,Romeo Vucic,24/25,2025,0,0.556662669032158,1,false_positive
697515,Mario Mustapic,24/25,2025,1,0.5566505626812942,1,correct
335100,Sam Schreck,24/25,2025,0,0.5566448532164103,1,false_positive
394875,Federico Chiossi,24/25,2025,0,0.5566286839811858,1,false_positive
595240,Milan Hokke,24/25,2025,1,0.5566063822181445,1,correct
526992,Alessandro Galeandro,24/25,2025,0,0.556551199273799,1,false_positive
605015,Raffaele Cartano,24/25,2025,1,0.5565220155798901,1,correct
790473,Elia Summa,24/25,2025,0,0.5565090718975495,1,false_positive
333856,Felix Schmiederer,24/25,2025,0,0.5565047423882927,1,false_positive
511023,Dani Gallardo,24/25,2025,0,0.5564649164733064,1,false_positive
682625,David Valero,24/25,2025,0,0.5564623145286501,1,false_positive
521996,Yevgeniy Terzi,24/25,2025,1,0.5564418712475893,1,correct
445548,Charlie Brown,24/25,2025,0,0.5564320877146032,1,false_positive
503004,Alessio Rizzo,24/25,2025,1,0.5564233282042031,1,correct
406556,Tom McGill,24/25,2025,0,0.55638482772694,1,false_positive
222225,Pius Krätschmer,24/25,2025,1,0.5563696861577181,1,correct
182713,Carlos Daniel,24/25,2025,0,0.5563511688640135,1,false_positive
435665,Vladyslav Khomutov,24/25,2025,1,0.5563451891157395,1,correct
282427,Fran Ganfornina,24/25,2025,0,0.5563381210826851,1,false_positive
371370,Ismet Sinani,24/25,2025,1,0.5562972146529626,1,correct
557610,Isaac Lihadji,24/25,2025,0,0.5562785180281813,1,false_positive
695646,Charles Boli,24/25,2025,1,0.5562620078219287,1,correct
591353,Robinho,24/25,2025,1,0.5562613630211104,1,correct
197613,Alexandre Guedes,24/25,2025,0,0.5562256965802285,1,false_positive
1042811,Lorenzo De Leo,24/25,2025,0,0.5562225318071071,1,false_positive
708300,Vladimir Zeman,24/25,2025,0,0.5562187464533889,1,false_positive
397812,Daniele Rocco,24/25,2025,1,0.5562118495507875,1,correct
441079,Mauro Cerutti,24/25,2025,1,0.5561739635873091,1,correct
96133,Fabio Scarsella,24/25,2025,0,0.5561578358562245,1,false_positive
993687,Lorenzo Biliboc,24/25,2025,1,0.556130408883514,1,correct
678441,Daniele Montevago,24/25,2025,0,0.5561279895751219,1,false_positive
672868,Pietro Giordani,24/25,2025,1,0.5561013805305728,1,correct
627224,Gabriel Silva,24/25,2025,0,0.5561009414179988,1,false_positive
288487,Cristian Cruz,24/25,2025,0,0.5560691980267224,1,false_positive
341717,Miguel Acosta,24/25,2025,1,0.5560571720542362,1,correct
504198,Connor Parsons,24/25,2025,0,0.556054776652576,1,false_positive
468549,Tamir Glazer,24/25,2025,1,0.5560455074274882,1,correct
89756,Yashir Islame,24/25,2025,0,0.5559474157059612,1,false_positive
241889,Antonio Barreca,24/25,2025,1,0.5558873610328793,1,correct
561027,Youssef Ayman,24/25,2025,0,0.5558833435679851,1,false_positive
908764,Matteo Galassi,24/25,2025,1,0.5558792413846133,1,correct
604458,Aaron Sky Schwarz,24/25,2025,1,0.5558700482291479,1,correct
745608,Noel Werner,24/25,2025,1,0.5558231657014917,1,correct
973575,Guilherme Zimovski,24/25,2025,0,0.5558144978187309,1,false_positive
692771,Byron Burgering,24/25,2025,1,0.5557603358399874,1,correct
296234,Deco,24/25,2025,0,0.5557598230742404,1,false_positive
1025974,Findlay Marshall,24/25,2025,1,0.5557128272421585,1,correct
941458,Jere Vrcic,24/25,2025,0,0.5556880981390377,1,false_positive
776737,Joselito,24/25,2025,0,0.5556591059501603,1,false_positive
634125,Xabi Huarte,24/25,2025,1,0.5556361956342687,1,correct
593480,Aymane Mourid,24/25,2025,1,0.5555942567508543,1,correct
791694,Luís Ribeiro,24/25,2025,1,0.5555689551517861,1,correct
463798,Alessandro Coppola,24/25,2025,1,0.5555421531833497,1,correct
242267,Saleh Al-Shehri,24/25,2025,0,0.5555200202702717,1,false_positive
191359,Florian Pick,24/25,2025,1,0.5554936329418776,1,correct
654173,Brad Young,24/25,2025,1,0.5554797835337582,1,correct
199258,Andrea Petagna,24/25,2025,0,0.5554676598345619,1,false_positive
395714,Alex Rolfini,24/25,2025,1,0.5554653919151591,1,correct
228940,João Novais,24/25,2025,1,0.5554277763161872,1,correct
766580,Jacobo Guzmán,24/25,2025,1,0.5554256274958923,1,correct
628303,Julian Weigel,24/25,2025,0,0.5553969970923069,1,false_positive
313830,Pablo Galdames,24/25,2025,0,0.5553951565547707,1,false_positive
490967,Andri Gudjohnsen,24/25,2025,1,0.5553816414821953,1,correct
461895,Diogo Sousa,24/25,2025,0,0.5553405058408484,1,false_positive
496270,Gianmarco Cangiano,24/25,2025,1,0.5553290845675226,1,correct
301037,Aleksandr Filin,24/25,2025,1,0.5553233304796846,1,correct
662808,Rodney Elongo-Yombo,24/25,2025,1,0.5553077555341804,1,correct
854085,Ivan Mensah,24/25,2025,1,0.5553027609317802,1,correct
704709,Mattia Damiani,24/25,2025,1,0.5552869801382945,1,correct
915899,Dominik Nisandzic,24/25,2025,0,0.5552814771445382,1,false_positive
468283,Shaocong Wu,24/25,2025,0,0.5552788787902176,1,false_positive
203628,Tim Bunge,24/25,2025,0,0.5552733073117213,1,false_positive
387078,Andrea Boscolo Papo,24/25,2025,0,0.5552681774160758,1,false_positive
167254,Dominic Ball,24/25,2025,1,0.5552310643997223,1,correct
911479,Imran Ali,24/25,2025,1,0.5552307476373335,1,correct
254685,Zdravko Manasiev,24/25,2025,1,0.5551844232667049,1,correct
1048618,Philipp Maybach,24/25,2025,0,0.555164935459688,1,false_positive
928612,Hamza el Dahri,24/25,2025,1,0.5551573507914199,1,correct
723667,Brahima Diarra,24/25,2025,0,0.555150629627554,1,false_positive
583699,Andrej Ilic,24/25,2025,1,0.5551379699153629,1,correct
1267574,Cristian Audisio,24/25,2025,0,0.5551376654106652,1,false_positive
877118,Martin Georgiev,24/25,2025,0,0.5551350008719337,1,false_positive
689639,Javi Villar,24/25,2025,0,0.5551346918858643,1,false_positive
704846,Mattia La Marca,24/25,2025,1,0.5551309253663844,1,correct
726114,Mario Mitaj,24/25,2025,0,0.5551227625538078,1,false_positive
412046,Iván Chapela,24/25,2025,1,0.5550911552701409,1,correct
1182084,Giulio Leo,24/25,2025,1,0.5550697065598875,1,correct
840794,Dylan Perera,24/25,2025,0,0.5550644495740479,1,false_positive
740159,David Sousa,24/25,2025,1,0.5550533355523953,1,correct
110931,Marco Fossati,24/25,2025,1,0.5550327279841278,1,correct
718314,Peter Olawale,24/25,2025,1,0.5550230150956926,1,correct
543390,Mamadou Traoré,24/25,2025,1,0.555006656632375,1,correct
298635,Grigoris Kastanos,24/25,2025,1,0.5549925777574282,1,correct
710860,Leandro Alves,24/25,2025,0,0.5549760795890197,1,false_positive
810673,Ilhan Altuntas,24/25,2025,1,0.554964217373502,1,correct
531121,Juan Gutiérrez,24/25,2025,0,0.5549593783721091,1,false_positive
583767,Semir Telalovic,24/25,2025,1,0.5549288909299303,1,correct
814007,Corrado Riviera,24/25,2025,0,0.5549260245437801,1,false_positive
458800,Andrea Mattioli,24/25,2025,0,0.554917193761237,1,false_positive
304319,Milos Zukanovic,24/25,2025,1,0.5549138084063133,1,correct
658534,Lasso Coulibaly,24/25,2025,0,0.5549128753917678,1,false_positive
1270449,Aarón Martin,24/25,2025,1,0.5548828667758371,1,correct
504091,Pedrinho,24/25,2025,0,0.5548802014847036,1,false_positive
110316,Gerardo Strumbo,24/25,2025,0,0.5548702435141489,1,false_positive
874080,Mason Burstow,24/25,2025,1,0.5548686514020269,1,correct
637469,Zean Dalügge,24/25,2025,1,0.5548625944853048,1,correct
390725,Andrea Masetti,24/25,2025,0,0.5548597663892604,1,false_positive
249963,Adriano Schmidt,24/25,2025,1,0.5548341123049501,1,correct
765468,Milan de Haan,24/25,2025,1,0.5548296831353885,1,correct
938678,Leonardo Mendicino,24/25,2025,1,0.554785209734659,1,correct
117549,Rodri Ríos,24/25,2025,1,0.554758543095881,1,correct
705517,Ilhan Fandi,24/25,2025,1,0.5547568279344801,1,correct
405687,Tom Krauß,24/25,2025,1,0.554729650272299,1,correct
491960,Benito,24/25,2025,1,0.5546913891343174,1,correct
130149,Giannis Pasas,24/25,2025,0,0.5546666792099028,1,false_positive
284301,Philipp Wendt,24/25,2025,1,0.5546611323385284,1,correct
242532,Rober Ibáñez,24/25,2025,1,0.5546516576234787,1,correct
935779,Mario Crasta,24/25,2025,1,0.5546188252243827,1,correct
398030,Giuseppe Caso,24/25,2025,0,0.5546124833097166,1,false_positive
1074629,Ivan Djantou,24/25,2025,1,0.5546052047248804,1,correct
228584,David Simón,24/25,2025,0,0.5545874749261411,1,false_positive
666234,Mohamed Simakan,24/25,2025,1,0.5545831067929103,1,correct
661711,Jonas Oehmichen,24/25,2025,0,0.5545807132536942,1,false_positive
71662,Marco Paixão,24/25,2025,1,0.5545805403699962,1,correct
331503,Alejandro Viedma,24/25,2025,1,0.5545581755059721,1,correct
197744,Nicolò Fazzi,24/25,2025,1,0.5545427234065106,1,correct
620764,Elvir Zukaj,24/25,2025,1,0.5545306723836443,1,correct
258911,Mukhtar Ali,24/25,2025,0,0.5545255708495235,1,false_positive
669914,Malik Djibril,24/25,2025,0,0.5544721105525499,1,false_positive
517422,Simon Baekgaard,24/25,2025,0,0.554463624609368,1,false_positive
604455,Adar Ratner,24/25,2025,0,0.5544455557079163,1,false_positive
670682,Marco Cruz,24/25,2025,1,0.5543968644148616,1,correct
110934,Simone Sini,24/25,2025,0,0.5543609811181385,1,false_positive
815180,Robert Kwasigroch,24/25,2025,1,0.554357247627668,1,correct
292365,Paulo Henrique,24/25,2025,1,0.5543549016471765,1,correct
361504,Rafa Mujica,24/25,2025,0,0.5543387752574862,1,false_positive
1295593,Nicholas Dmitrovic,24/25,2025,0,0.554332112109827,1,false_positive
712042,Jacopo Ricco,24/25,2025,1,0.5542996410897503,1,correct
815028,Panagiotis Anastasopoulos,24/25,2025,1,0.5542941787014097,1,correct
1159022,Mateus Lusuardi,24/25,2025,1,0.5542750418749428,1,correct
908621,Nabil Aberdin,24/25,2025,0,0.554274580236373,1,false_positive
699018,Zac Ashworth,24/25,2025,0,0.554264638946103,1,false_positive
842802,Javier Akapo,24/25,2025,1,0.5542199128007986,1,correct
128036,Bright Addae,24/25,2025,0,0.5542197182602648,1,false_positive
411544,Sherwin Seedorf,24/25,2025,1,0.5541902482432469,1,correct
354567,Stephen Humphrys,24/25,2025,1,0.5541552474450019,1,correct
907318,Charlie McArthur,24/25,2025,0,0.5541402480296906,1,false_positive
701036,Gianluca Parodi,24/25,2025,1,0.5541308691219543,1,correct
451942,Sam Todd,24/25,2025,0,0.5540703939388182,1,false_positive
485798,Davide Munari,24/25,2025,1,0.5540392445135992,1,correct
1055082,Andrea Oliviero,24/25,2025,0,0.5540374758103898,1,false_positive
420886,Elisha Sam,24/25,2025,1,0.5540285413256903,1,correct
852727,Diego García,24/25,2025,0,0.5540153751155708,1,false_positive
321551,Abdullah Celik,24/25,2025,1,0.5539768116594997,1,correct
352832,Pepo,24/25,2025,0,0.5539384708744635,1,false_positive
1146943,Adam Knaze,24/25,2025,0,0.5539341226034499,1,false_positive
518348,Kelechi John,24/25,2025,1,0.5539206279502066,1,correct
847217,Alberto Spina,24/25,2025,0,0.5538879193690087,1,false_positive
635318,Juanpa Palomares,24/25,2025,1,0.5538856508753293,1,correct
927870,Niccolò Bianchi,24/25,2025,0,0.5538843592907735,1,false_positive
286389,Joshua Endres,24/25,2025,0,0.5538368831328083,1,false_positive
492489,Christian Vestergaard,24/25,2025,1,0.5538336491023066,1,correct
425781,Leon Sipos,24/25,2025,0,0.5538215939373119,1,false_positive
199947,Davide Voltan,24/25,2025,1,0.5538060458538522,1,correct
391498,Mert Çetin,24/25,2025,1,0.5538008624541495,1,correct
706822,Roshaun Mathurin,24/25,2025,1,0.5537835300570833,1,correct
738119,Antonino Viola,24/25,2025,0,0.5537545429244802,1,false_positive
568719,Leonardo Agius,24/25,2025,1,0.5537474085670472,1,correct
421984,Vaclav Drchal,24/25,2025,0,0.5537438966243509,1,false_positive
580484,Leonardo Petrovic,24/25,2025,1,0.5537267660097972,1,correct
1063333,Jorge Cabello,24/25,2025,0,0.5537176281606292,1,false_positive
756811,Manuel Llano,24/25,2025,0,0.5537027561938691,1,false_positive
648520,Alex Vigo,24/25,2025,0,0.5536976887547168,1,false_positive
164771,Jordan Veretout,24/25,2025,1,0.5536964941358716,1,correct
461582,Issiar Dramé,24/25,2025,0,0.553689945211426,1,false_positive
634374,Macula,24/25,2025,1,0.5536231844785074,1,correct
220686,Antonio Vutov,24/25,2025,1,0.5536204709451976,1,correct
226025,Luca Mazzitelli,24/25,2025,1,0.5536193846073408,1,correct
651735,Magnus Knudsen,24/25,2025,0,0.5536096438483937,1,false_positive
585761,Jonas Arcalean,24/25,2025,1,0.5536072728065712,1,correct
938177,Tommaso Cecotti,24/25,2025,0,0.5535852138983097,1,false_positive
1076073,Américo Neves,24/25,2025,1,0.553565946941052,1,correct
234286,Mihai Leca,24/25,2025,1,0.5535624222462842,1,correct
896526,Patrick Kelly,24/25,2025,1,0.553538471568525,1,correct
706860,Mitchy Ntelo,24/25,2025,0,0.5535344708133274,1,false_positive
439292,Sydney van Hooijdonk,24/25,2025,0,0.5535177990540332,1,false_positive
653707,Martin Smolenski,24/25,2025,0,0.5534989591625659,1,false_positive
290733,Gian Filippo Felicioli,24/25,2025,0,0.5534971486872778,1,false_positive
503291,Rayan Ghrieb,24/25,2025,1,0.5534962109191908,1,correct
748316,Juan Manuel Cruz,24/25,2025,1,0.5534517613121813,1,correct
344415,Dominik Steczyk,24/25,2025,0,0.5534424953315268,1,false_positive
398063,Luke Southwood,24/25,2025,1,0.5534194838588468,1,correct
821113,Paolo Gardoni,24/25,2025,0,0.5534003698603968,1,false_positive
542572,Sergio Maselli,24/25,2025,0,0.5533845771073094,1,false_positive
949118,Ibrahima Diallo,24/25,2025,0,0.553353996521928,1,false_positive
200736,Jorge Aparicio,24/25,2025,0,0.5533356045126896,1,false_positive
468256,Daniel Penha,24/25,2025,1,0.5533297715223184,1,correct
444208,Michael Obafemi,24/25,2025,1,0.5533150605821489,1,correct
662452,Juan Alegría,24/25,2025,1,0.5532734853835631,1,correct
86083,Richard Marcone,24/25,2025,1,0.5532476354489898,1,correct
1020642,Anton Ihde,24/25,2025,0,0.5532357735292396,1,false_positive
1245815,Siviwe Magidigidi,24/25,2025,1,0.5532223247445267,1,correct
207061,Francis de Vries,24/25,2025,0,0.5532220897218832,1,false_positive
1111776,Ibou Sané,24/25,2025,0,0.5531790571768784,1,false_positive
512754,Maxence Carlier,24/25,2025,0,0.5531748350168099,1,false_positive
90772,Cem Ekinci,24/25,2025,1,0.5531747024902487,1,correct
664808,August Priske,24/25,2025,0,0.5531672524878909,1,false_positive
490763,Kalvin Ketu,24/25,2025,0,0.5531430272487871,1,false_positive
816012,Gino Costanzo,24/25,2025,0,0.5530730851573065,1,false_positive
668996,Joaquín Blázquez,24/25,2025,0,0.5530322704995253,1,false_positive
331726,Tammy Abraham,24/25,2025,1,0.5530304230614462,1,correct
448920,Enea Mihaj,24/25,2025,1,0.553007468736478,1,correct
908967,Valon Aliji,24/25,2025,0,0.5529994514166309,1,false_positive
899271,Idumba Fasika,24/25,2025,1,0.5529594008598482,1,correct
392964,Emmanuel Latte Lath,24/25,2025,0,0.5529592967411645,1,false_positive
569033,Armindo Sieb,24/25,2025,0,0.5529191153773603,1,false_positive
227347,Valentin Antov,24/25,2025,0,0.5528740028466413,1,false_positive
243606,Anastasios Donis,24/25,2025,1,0.5528661726734907,1,correct
937999,Simone Cortese,24/25,2025,1,0.5528557970859986,1,correct
513441,Diego González,24/25,2025,1,0.5528288858848505,1,correct
186621,Vasilios Gavriilidis,24/25,2025,0,0.5528240731901541,1,false_positive
546944,Taylor Gardner-Hickman,24/25,2025,1,0.5527854545176157,1,correct
598486,Mário Balbúrdia,24/25,2025,0,0.5527748987240494,1,false_positive
650256,Paolo Vismara,24/25,2025,0,0.5527551222164254,1,false_positive
342984,Bertalan Kun,24/25,2025,0,0.5527547734114108,1,false_positive
726120,Simon Simoni,24/25,2025,0,0.5527367388017689,1,false_positive
345748,Andreas Bruus,24/25,2025,1,0.5527340712894326,1,correct
931961,Onur Kaplan,24/25,2025,0,0.5526859561618134,1,false_positive
554811,Riccardo Nessi,24/25,2025,1,0.5525796731761423,1,correct
298743,Stanisa Mandic,24/25,2025,0,0.5525506358106937,1,false_positive
1195327,Shayibu Abubakari,24/25,2025,1,0.5525447436903458,1,correct
415816,Diallang Jaiyesimi,24/25,2025,0,0.5524649766616762,1,false_positive
517379,Housseine Zakouani,24/25,2025,1,0.5524418510940097,1,correct
342876,Didier Desprez,24/25,2025,1,0.5524341932808122,1,correct
238752,Keita Baldé,24/25,2025,0,0.5524295710661952,1,false_positive
842910,Ayrton Costa,24/25,2025,0,0.5524160354307177,1,false_positive
1039621,Marvin Pohl,24/25,2025,1,0.5524130789712188,1,correct
291124,Gaëtan Laura,24/25,2025,1,0.5524093519970141,1,correct
481367,Miguel Merentiel,24/25,2025,0,0.5523852707726047,1,false_positive
315862,Filippo Melegoni,24/25,2025,0,0.552332025970855,1,false_positive
255933,Michael Seaton,24/25,2025,1,0.5523230839258573,1,correct
945753,Julio Díaz,24/25,2025,0,0.5523199755878433,1,false_positive
708193,Rok Bržan,24/25,2025,1,0.5523012371994998,1,correct
960274,Michele Grande,24/25,2025,0,0.5522915338150509,1,false_positive
295761,Stefano Aiolfi,24/25,2025,0,0.5522588260260528,1,false_positive
1053571,Christian Cugnata,24/25,2025,1,0.5522418037175402,1,correct
221312,Jordan Sánchez,24/25,2025,0,0.5522296111130476,1,false_positive
92693,Darío Benedetto,24/25,2025,1,0.5522283128337738,1,correct
500687,Tyrese Shade,24/25,2025,1,0.5521982863763869,1,correct
244915,Oleksiy Zinkevych,24/25,2025,0,0.5521577169389725,1,false_positive
902125,Ziad Ouled-Haj-M'hand,24/25,2025,1,0.5521510860348277,1,correct
1175370,Federico Renda,24/25,2025,0,0.5521457115713958,1,false_positive
1056043,Matteo Donatiello,24/25,2025,0,0.5521407930969198,1,false_positive
68033,Steven Zuber,24/25,2025,0,0.5521204689430997,1,false_positive
339122,Domi Berlanga,24/25,2025,1,0.552113852959387,1,correct
1175307,Marcello Carollo,24/25,2025,0,0.5521035164588882,1,false_positive
669310,Danylo Goncharuk,24/25,2025,0,0.5521010541168478,1,false_positive
316750,Tosin Kehinde,24/25,2025,1,0.5520783488741979,1,correct
163374,Aboubakar Bakayoko,24/25,2025,1,0.552075917205933,1,correct
601894,Florian Horenburg,24/25,2025,1,0.5520653438194445,1,correct
641665,Robert Starecek,24/25,2025,1,0.5520352568627799,1,correct
364635,Francesco Mele,24/25,2025,1,0.552025227599182,1,correct
732206,Georgie Gent,24/25,2025,0,0.5520078519593468,1,false_positive
601893,Karl Albers,24/25,2025,1,0.5519992644453432,1,correct
496357,Mehdi Boudjemaa,24/25,2025,0,0.5519853549236002,1,false_positive
509116,Babacar Dione,24/25,2025,1,0.5519776790044159,1,correct
397248,Giorgio Galli,24/25,2025,1,0.5519614725293356,1,correct
1208731,Edoardo Cavaliere,24/25,2025,0,0.5519220479797119,1,false_positive
1049803,Domenico Anzelmo,24/25,2025,1,0.5519066578272542,1,correct
1183220,Andrea Collaro,24/25,2025,1,0.5518937867716838,1,correct
1148697,Michal Kovacik,24/25,2025,0,0.5518841715334449,1,false_positive
549021,João Sérgio,24/25,2025,0,0.551883897602562,1,false_positive
391271,Javier Ablanque,24/25,2025,0,0.551863021494356,1,false_positive
195051,Gianluca Gaudino,24/25,2025,0,0.5518536708923729,1,false_positive
632829,Niccolò Pietra,24/25,2025,1,0.5518429026813017,1,correct
818227,Alberto Leone,24/25,2025,1,0.5518376149252294,1,correct
226058,Luka Bogdan,24/25,2025,1,0.5518273516070502,1,correct
395693,Houssem Aouar,24/25,2025,0,0.5517835580376773,1,false_positive
341295,Tyler Walker,24/25,2025,1,0.5517711428859982,1,correct
405211,Andrea Giacomazzi,24/25,2025,0,0.5517657283756391,1,false_positive
929321,Karim L'Koucha,24/25,2025,1,0.5517640499602811,1,correct
371148,Lenny Vallier,24/25,2025,1,0.5517633966351092,1,correct
914853,Spyros Angelidis,24/25,2025,1,0.5517561067477031,1,correct
440323,Ismael Benktib,24/25,2025,1,0.5517495354337187,1,correct
948933,Jacob MacIntyre,24/25,2025,1,0.5517254199218298,1,correct
693412,Chinonso Offor,24/25,2025,1,0.5517199294497224,1,correct
494282,Mees Kreekels,24/25,2025,1,0.5517065056729713,1,correct
214770,Borja López,24/25,2025,1,0.5517044104028843,1,correct
256023,Serkan Yusein,24/25,2025,0,0.551691163409813,1,false_positive
279923,Roberto Dias,24/25,2025,0,0.5516725311866116,1,false_positive
724023,Ondrej Kukucka,24/25,2025,1,0.5516296665730996,1,correct
422203,Umut Güneş,24/25,2025,0,0.5515765168435921,1,false_positive
997827,Thiago Helguera,24/25,2025,1,0.5515692980687028,1,correct
601117,Marco Wagner,24/25,2025,1,0.5515459579756284,1,correct
240157,Gianmarco Vannucchi,24/25,2025,1,0.5515456302664633,1,correct
625647,Yago Cantero,24/25,2025,0,0.5515333070383648,1,false_positive
387371,Riccardo Stronati,24/25,2025,0,0.5514829431211761,1,false_positive
281319,Alberth Elis,24/25,2025,1,0.5514613240098566,1,correct
624059,Emir Karalic,24/25,2025,1,0.5514423220080622,1,correct
178459,Davie Selke,24/25,2025,1,0.5514255158749901,1,correct
352599,Stefan Loncar,24/25,2025,0,0.5513940534813823,1,false_positive
948606,Téo James Michel,24/25,2025,1,0.5513615433600013,1,correct
798576,Lorenzo Monteleone,24/25,2025,0,0.5513542740658355,1,false_positive
561647,Kaan Caliskaner,24/25,2025,1,0.5513502820546837,1,correct
379092,Maxime Giron,24/25,2025,1,0.5513359775470976,1,correct
171078,Kevin Holt,24/25,2025,1,0.5513308089362766,1,correct
1059344,Lukas Mikulaj,24/25,2025,0,0.5513258902491751,1,false_positive
246204,Salvi Sánchez,24/25,2025,1,0.551292551461878,1,correct
94304,Goran Causic,24/25,2025,0,0.5512873283609708,1,false_positive
459128,Marco Brescianini,24/25,2025,1,0.5512823017450362,1,correct
634267,David González,24/25,2025,0,0.5512730872084126,1,false_positive
495722,Devis Vásquez,24/25,2025,1,0.551227431745526,1,correct
614500,Mattia Sangalli,24/25,2025,0,0.5512210114097323,1,false_positive
452068,Ayman Azhil,24/25,2025,0,0.5511919491791639,1,false_positive
1234011,Gabriele Casazza,24/25,2025,1,0.5511827902051263,1,correct
914539,Yoan Koré,24/25,2025,1,0.5511753681272066,1,correct
126516,Antonio Luna,24/25,2025,1,0.5510451072089673,1,correct
989453,Oussama El Goumiri,24/25,2025,1,0.5510426597893721,1,correct
1055871,Paolo De Lucci,24/25,2025,1,0.5510376089716685,1,correct
417346,Jack Harrison,24/25,2025,0,0.55101135125207,1,false_positive
545332,Mikkel Kaufmann,24/25,2025,0,0.55097559237709,1,false_positive
423678,Meschack Elia,24/25,2025,1,0.5509717978801102,1,correct
315063,Nahitan Nández,24/25,2025,0,0.5509637914295487,1,false_positive
73951,Kehinde Fatai,24/25,2025,1,0.5509465671413079,1,correct
1274871,Gabriele Petrucci,24/25,2025,1,0.5509396477005091,1,correct
400671,Daan Klomp,24/25,2025,1,0.5509380139005376,1,correct
1016280,Lukas Sinn,24/25,2025,1,0.5509061441816312,1,correct
312760,Andrija Filipovic,24/25,2025,1,0.5508901482075206,1,correct
518676,Patrick Luan,24/25,2025,0,0.5508440517963398,1,false_positive
666614,Clement Ikenna,24/25,2025,0,0.5508367967904791,1,false_positive
967823,Adrián Bobi,24/25,2025,1,0.5508366873808513,1,correct
958487,Walid Bouabdeli,24/25,2025,0,0.5507581661798898,1,false_positive
319171,Andrea Danzi,24/25,2025,1,0.5507107866849528,1,correct
542511,Paul Ngongo,24/25,2025,0,0.550691592435545,1,false_positive
591785,Milen Stoev,24/25,2025,1,0.550690911277555,1,correct
457961,Theodoros Venetikidis,24/25,2025,0,0.5506782970042804,1,false_positive
424021,Dapo Mebude,24/25,2025,1,0.5506654432653819,1,correct
470594,Clinton Mola,24/25,2025,0,0.5506191020806083,1,false_positive
76569,Kerim Avcı,24/25,2025,1,0.5506057430039683,1,correct
696693,Loide Augusto,24/25,2025,1,0.5505953970595401,1,correct
166557,Luca Baldassin,24/25,2025,1,0.5505715766079576,1,correct
386825,Emanuele Presello,24/25,2025,0,0.5505492289965889,1,false_positive
884065,Simone D'Uffizi,24/25,2025,0,0.5505343294404433,1,false_positive
669174,Martin Paskalev,24/25,2025,0,0.5505181192039886,1,false_positive
85148,Julian Draxler,24/25,2025,0,0.5504935859352157,1,false_positive
457743,Mohamed Konaté,24/25,2025,1,0.5504703101709594,1,correct
450427,Vasilios Xenopoulos,24/25,2025,0,0.5503967666174301,1,false_positive
732507,Agustín Martegani,24/25,2025,0,0.550388057205093,1,false_positive
877672,Ali Jasim,24/25,2025,1,0.5503803396407603,1,correct
554398,Vasilios Sourlis,24/25,2025,1,0.5503734157820271,1,correct
836223,Norbert Dencinger,24/25,2025,0,0.5503628023371613,1,false_positive
953514,Jeremy Rebibo,24/25,2025,0,0.5503266304175152,1,false_positive
602767,Justin Forst,24/25,2025,1,0.550314006472244,1,correct
211251,Darwin Machís,24/25,2025,1,0.5503116246085059,1,correct
1059172,Ahmed Ouattara Kossonou,24/25,2025,0,0.5502869665829083,1,false_positive
661157,Marcel Ruszel,24/25,2025,1,0.5502737701180219,1,correct
713644,Bryan Zaragoza,24/25,2025,1,0.5502468502058414,1,correct
894688,Joshua Dudock,24/25,2025,1,0.5502365250127478,1,correct
664708,Equi Fernández,24/25,2025,1,0.5502023188672692,1,correct
829771,Tim Hoops,24/25,2025,1,0.5501555626489711,1,correct
1033919,Mahamadou Doumbia,24/25,2025,1,0.5500892719073872,1,correct
797754,Ilario Porzi,24/25,2025,1,0.5500860211049233,1,correct
306166,Nuno Da Costa,24/25,2025,1,0.5500790331045147,1,correct
448854,Emmanuel Dennis,24/25,2025,1,0.550057458881558,1,correct
1180712,Niccolò Bigi,24/25,2025,1,0.5500075155832195,1,correct
143358,Ádám Gyurcsó,24/25,2025,1,0.5499736947803432,1,correct
988243,Noah Maboulou,24/25,2025,1,0.5499718601444346,1,correct
736340,Mattia Pretato,24/25,2025,0,0.5499702223065912,1,false_positive
820723,Jan Urbich,24/25,2025,1,0.5499473901498019,1,correct
684210,Jaidon Anthony,24/25,2025,1,0.5499331189707153,1,correct
917996,Patrik Pelles,24/25,2025,0,0.5499263597615067,1,false_positive
278586,Francesco Forte,24/25,2025,0,0.5499167115614734,1,false_positive
1047043,Tjark Reinert,24/25,2025,0,0.5499043881432409,1,false_positive
455824,Tommaso Scarrone,24/25,2025,1,0.5498659721299287,1,correct
562601,Souleymane Anne,24/25,2025,0,0.5498614617436539,1,false_positive
433447,Zak Ruggiero,24/25,2025,1,0.5498540327280446,1,correct
959294,Eryk Grzywacz,24/25,2025,0,0.5498355953379358,1,false_positive
1075582,Jules Stawiecki,24/25,2025,0,0.5498283609398614,1,false_positive
18922,Karim Benzema,24/25,2025,0,0.5498207012286845,1,false_positive
256118,Saber Hraiech,24/25,2025,1,0.5498191577049444,1,correct
904707,Yannis Nahounou,24/25,2025,1,0.5498030002480767,1,correct
416088,Romain Correia,24/25,2025,0,0.5497925676813793,1,false_positive
595126,Davino Knappe,24/25,2025,0,0.5497885988448564,1,false_positive
567114,Liam Morrison,24/25,2025,0,0.549775601070212,1,false_positive
1165333,Yanis Senhadji,24/25,2025,0,0.5497455296750775,1,false_positive
290701,Georges Douglas Petdji Tsila,24/25,2025,1,0.5497373517318537,1,correct
89708,Junior Fernandes,24/25,2025,1,0.5496927417203228,1,correct
624942,Raúl Moro,24/25,2025,1,0.5496721944353713,1,correct
630995,Rodri Sánchez,24/25,2025,0,0.5496602427335611,1,false_positive
935828,Mohamed Alì Zoma,24/25,2025,1,0.5496579225068629,1,correct
808475,MT,24/25,2025,0,0.5496495318903069,1,false_positive
190941,Ángelo Sagal,24/25,2025,1,0.5496217462718009,1,correct
213854,Cedric Gondo,24/25,2025,0,0.5496160697075888,1,false_positive
277646,Stanley Ratifo,24/25,2025,0,0.5495868687010353,1,false_positive
434981,Toyosi Olusanya,24/25,2025,1,0.5495815859732799,1,correct
433652,Benjamin Kimpioka,24/25,2025,1,0.5495809267109636,1,correct
613040,Youness Lachhab,24/25,2025,0,0.5495596072466319,1,false_positive
419936,Jesús Ramírez,24/25,2025,1,0.5495593444504551,1,correct
711628,Pablo Pérez,24/25,2025,1,0.5495590913487725,1,correct
477556,Emanuele Zuelli,24/25,2025,0,0.549543039365969,1,false_positive
705090,Luc Elsner,24/25,2025,0,0.549536730510498,1,false_positive
710881,David Ovsonka,24/25,2025,1,0.5494859813209129,1,correct
686339,Daniil Polyanskiy,24/25,2025,1,0.54948479188618,1,correct
539665,Fredrik Oppegård,24/25,2025,0,0.5494834385405114,1,false_positive
163652,Jacopo Furlan,24/25,2025,0,0.5494499045018592,1,false_positive
638875,Varo Álvarez,24/25,2025,0,0.5493815241286097,1,false_positive
272999,Miguel Almirón,24/25,2025,0,0.5493750910039537,1,false_positive
837205,Franco Ravizzoli,24/25,2025,1,0.549368064376964,1,correct
692020,Lasse Wilhelm,24/25,2025,0,0.5493548847453661,1,false_positive
873978,Musa Isah,24/25,2025,0,0.5493399614845825,1,false_positive
679217,Dion Dërmaku,24/25,2025,1,0.5493326630185279,1,correct
216464,Carlos Fernández,24/25,2025,1,0.5492987808732621,1,correct
413032,Ibrahima Diallo,24/25,2025,1,0.5492908272145938,1,correct
456292,Ellery Balcombe,24/25,2025,0,0.5492724949081933,1,false_positive
501489,Zakaria Sawo,24/25,2025,0,0.5492515922338604,1,false_positive
74642,Mattia Minesso,24/25,2025,0,0.549218239105476,1,false_positive
371927,Caíque Lemes,24/25,2025,0,0.5491814521050159,1,false_positive
829736,Rico Wuttke,24/25,2025,1,0.5491743013900516,1,correct
276030,Artur Jorge,24/25,2025,1,0.5491291042140614,1,correct
140803,Anthony Limbombe,24/25,2025,1,0.549118610134388,1,correct
919863,Hristo Petrov,24/25,2025,1,0.5491141364461911,1,correct
240342,Lorenzo Filippini,24/25,2025,1,0.5491129893620486,1,correct
937956,Pau Prim,24/25,2025,1,0.5490936770445045,1,correct
429873,Lloyd-Addo Kuffour,24/25,2025,1,0.5490907318151397,1,correct
415550,Joaquín Ardaiz,24/25,2025,1,0.5490842465222531,1,correct
836336,Nuno Lima,24/25,2025,0,0.5490739130546638,1,false_positive
485545,As Ibrahima Diakité,24/25,2025,0,0.5490466068764401,1,false_positive
189441,Lucas Ocampos,24/25,2025,0,0.5490384557436536,1,false_positive
564968,Francisco Meixedo,24/25,2025,1,0.5490269976996117,1,correct
803421,Max Conway,24/25,2025,0,0.5490189978625564,1,false_positive
459452,Riccardo Ladinetti,24/25,2025,0,0.5489907474377841,1,false_positive
523977,Miguel Baeza,24/25,2025,0,0.5489620308525934,1,false_positive
462977,Benjamín Garré,24/25,2025,0,0.5489596290093509,1,false_positive
496995,Gergő Major,24/25,2025,1,0.5489529665161055,1,correct
1047861,Watts,24/25,2025,1,0.548936575173626,1,correct
636601,Aleksa Djurasovic,24/25,2025,0,0.5489154648750463,1,false_positive
798040,Niklas Tepe,24/25,2025,0,0.5489102043578736,1,false_positive
1015405,Patrick Slanina,24/25,2025,0,0.5489061679019365,1,false_positive
483461,Erik Expósito,24/25,2025,0,0.5488946220073345,1,false_positive
153897,Arnold Budimbu,24/25,2025,1,0.5488934548571632,1,correct
1182220,Tommaso Scartabelli,24/25,2025,1,0.5488836843881344,1,correct
396646,Guy Dahan,24/25,2025,0,0.5488738191122899,1,false_positive
170914,Thibaut Peyre,24/25,2025,1,0.5488489733612101,1,correct
855134,Skelly Alvero,24/25,2025,0,0.5488276464575347,1,false_positive
397099,Jordi Osei-Tutu,24/25,2025,0,0.5488242927916201,1,false_positive
262365,Antonio Puertas,24/25,2025,1,0.54882395035705,1,correct
354664,Junior Flemmings,24/25,2025,0,0.5488083928897445,1,false_positive
223974,Stefan Posch,24/25,2025,1,0.5487935195107163,1,correct
588747,Tim Civeja,24/25,2025,0,0.5487829523191379,1,false_positive
613968,Evagoras Antoniou,24/25,2025,0,0.5487761013739012,1,false_positive
261611,Ali Adnan,24/25,2025,1,0.5487747607349571,1,correct
184816,Ahmed Hassan,24/25,2025,1,0.5487600344285866,1,correct
504530,Pier Luigi Simonetti,24/25,2025,0,0.5487545052338231,1,false_positive
743705,Douglas Sequeira,24/25,2025,1,0.5487092524206422,1,correct
289228,Eduart Rroca,24/25,2025,0,0.5487051493154718,1,false_positive
258246,Harun Alpsoy,24/25,2025,1,0.5486990003874417,1,correct
543539,Aly Soumah,24/25,2025,1,0.548697409478096,1,correct
683320,Jordi Ferrer,24/25,2025,0,0.5486728470249214,1,false_positive
197602,Rúben Semedo,24/25,2025,1,0.5486630120584809,1,correct
435605,Cristopher Núñez,24/25,2025,0,0.5486548865113414,1,false_positive
342209,Kévin N'Doram,24/25,2025,0,0.5486301344546987,1,false_positive
62049,Mame Diouf,24/25,2025,0,0.5485962872578688,1,false_positive
707329,Tomas Schanelec,24/25,2025,0,0.5485680460155723,1,false_positive
940806,Isaac Mendes,24/25,2025,1,0.5485615124825999,1,correct
572874,Dimitrios Tatsis,24/25,2025,0,0.5485387895376463,1,false_positive
262608,Adama Traoré,24/25,2025,0,0.5484897438151292,1,false_positive
345586,Kasper Lunding,24/25,2025,0,0.548484231210981,1,false_positive
568662,Min-gi Kang,24/25,2025,0,0.5484687345810689,1,false_positive
806392,Cheikh Touré,24/25,2025,1,0.5484332904680495,1,correct
573968,Krzysztof Kubica,24/25,2025,0,0.5483977060510195,1,false_positive
614797,Abdoulaye Sall,24/25,2025,0,0.5483941327116089,1,false_positive
993353,Kaloyan Pehlivanov,24/25,2025,0,0.5483678857736116,1,false_positive
808224,Andres Sfait,24/25,2025,0,0.5483602943537195,1,false_positive
1038512,Asier Osambela,24/25,2025,1,0.5483591404860019,1,correct
355273,Ben Kennedy,24/25,2025,0,0.5483551629557901,1,false_positive
825731,Jean-Calvin Mbanga,24/25,2025,1,0.5483549324527199,1,correct
975211,Nicolò Allasina,24/25,2025,0,0.5483422652475097,1,false_positive
535031,Federico Papini,24/25,2025,1,0.5483297520119991,1,correct
817028,Angelo Rechichi,24/25,2025,1,0.5483229645601081,1,correct
636254,Rakip Bregu,24/25,2025,1,0.5483151520293147,1,correct
293281,Jacob Bruun Larsen,24/25,2025,1,0.5482869102726359,1,correct
379875,Leandro Antunes,24/25,2025,0,0.5482254993082438,1,false_positive
148396,Abdoulay Diaby,24/25,2025,1,0.5482110527418778,1,correct
287327,Matteo Pautassi,24/25,2025,0,0.5481783615267201,1,false_positive
616638,Alassane Sidibe,24/25,2025,0,0.5481752362607062,1,false_positive
255729,Awer Mabil,24/25,2025,0,0.5481724581968331,1,false_positive
724178,Luis Hasa,24/25,2025,1,0.5481467837616736,1,correct
642757,Francesco Lo Celso,24/25,2025,0,0.5481460552931371,1,false_positive
466810,Ansu Fati,24/25,2025,1,0.5481185513381016,1,correct
136114,Simone Magnaghi,24/25,2025,1,0.5480998814122771,1,correct
877257,Mattia Leoncini,24/25,2025,1,0.5480934385799837,1,correct
467437,Malik Tillman,24/25,2025,1,0.5480880418340335,1,correct
413033,Lamine Ghezali,24/25,2025,1,0.548077695421711,1,correct
241391,Oussama Idrissi,24/25,2025,0,0.5480191731258339,1,false_positive
50962,András Simon,24/25,2025,0,0.5479797824191709,1,false_positive
96140,Jorge Correa,24/25,2025,0,0.5479327545080285,1,false_positive
182913,Adrien Rabiot,24/25,2025,1,0.5478989979153611,1,correct
880533,Spyros Kostopoulos,24/25,2025,0,0.5478891991365558,1,false_positive
928591,Tiziano Vianello,24/25,2025,1,0.5478879854675374,1,correct
355033,Enrico Silletti,24/25,2025,0,0.5478705622225086,1,false_positive
1049590,Meshak Babanzila,24/25,2025,0,0.5478654885611822,1,false_positive
324512,Giannis Varkas,24/25,2025,0,0.5478586904853404,1,false_positive
140712,Lukas Scepanik,24/25,2025,0,0.5478560735964519,1,false_positive
1075574,Amidou Doumbouya,24/25,2025,1,0.5478410556195595,1,correct
431597,Johannes Sabah,24/25,2025,1,0.5478349995155173,1,correct
621370,Matías Palacios,24/25,2025,0,0.5478335712319504,1,false_positive
45529,Said Ahmed Said,24/25,2025,1,0.547817687015276,1,correct
351751,Rodrigo Borges,24/25,2025,0,0.5478142152366607,1,false_positive
337946,Jairo Izquierdo,24/25,2025,1,0.5478133744587443,1,correct
336736,Daniel Lasure,24/25,2025,1,0.5478075384570836,1,correct
155054,Luis Felipe Gallegos,24/25,2025,0,0.547802628451355,1,false_positive
922892,Baran Moğultay,24/25,2025,1,0.5477617368759062,1,correct
831161,Lautaro Blanco,24/25,2025,0,0.547732068332744,1,false_positive
334570,Stefano Selvatico,24/25,2025,0,0.5477289501550667,1,false_positive
397435,Marco Di Lernia,24/25,2025,1,0.5477089443434073,1,correct
1187297,Nelson Zaba,24/25,2025,1,0.5476988068199884,1,correct
160222,Uros Spajic,24/25,2025,0,0.5476953782666161,1,false_positive
1056392,Jakub Greliak,24/25,2025,1,0.5476900810609814,1,correct
914195,Yutaka Michiwaki,24/25,2025,0,0.547676758044292,1,false_positive
328455,Juriën Gaari,24/25,2025,1,0.5476718419545025,1,correct
1185914,Roberto Sandu,24/25,2025,0,0.5476648802543923,1,false_positive
374281,Christian Bassogog,24/25,2025,0,0.5476620301271102,1,false_positive
333666,Dominik Lanius,24/25,2025,0,0.5476136617156169,1,false_positive
586756,Festy Ebosele,24/25,2025,0,0.547602190000464,1,false_positive
386752,Ryan Wintle,24/25,2025,0,0.5475952684255776,1,false_positive
1307148,Amedeo Vendramini,24/25,2025,1,0.5475815605959651,1,correct
502475,Samuele Vitale,24/25,2025,1,0.5475005053111347,1,correct
904662,Louis Mouton,24/25,2025,1,0.5474950029130187,1,correct
1012421,Matija Popović,24/25,2025,1,0.5474929899625501,1,correct
99345,Ante Vukusic,24/25,2025,0,0.5474710501688276,1,false_positive
401386,David Tomassini,24/25,2025,0,0.5474211800364365,1,false_positive
579565,Ísak Jóhannesson,24/25,2025,1,0.5473720757479031,1,correct
711631,Marcelo Expósito,24/25,2025,0,0.547335940294109,1,false_positive
563340,Felipe Santos,24/25,2025,0,0.5473183269755796,1,false_positive
156715,Marco Thiede,24/25,2025,1,0.5473017953494063,1,correct
295073,Kleton Perntreou,24/25,2025,1,0.5472927177906355,1,correct
393739,Tin Matic,24/25,2025,1,0.5472816975566175,1,correct
700503,Santiago Naveda,24/25,2025,0,0.5472807531480854,1,false_positive
687309,Aleks Radzhabov,24/25,2025,1,0.5472736818082375,1,correct
203496,Nabil Fekir,24/25,2025,0,0.5472462325138849,1,false_positive
335593,Ben Barclay,24/25,2025,1,0.5472409246220507,1,correct
154319,André Geraldes,24/25,2025,0,0.5472302438388742,1,false_positive
644244,Enis Cokaj,24/25,2025,0,0.5472201390706612,1,false_positive
936536,João Costa,24/25,2025,0,0.5472182172401966,1,false_positive
503727,Cody David,24/25,2025,0,0.5472095212932029,1,false_positive
501165,Sámuel Major,24/25,2025,1,0.5472021395055061,1,correct
700405,Ollie Tanner,24/25,2025,0,0.5471928789782708,1,false_positive
53077,Alberto Botía,24/25,2025,0,0.5471880273959544,1,false_positive
282799,Kaloudis Lemonis,24/25,2025,1,0.5471633537596545,1,correct
42004,Deni Alar,24/25,2025,0,0.5471625477392237,1,false_positive
1308600,Alessandro Bonora,24/25,2025,1,0.5471460884006889,1,correct
240310,Matteo Gaiani,24/25,2025,1,0.5471100521061006,1,correct
635944,Nico Conesa,24/25,2025,1,0.5470806916397142,1,correct
141050,Danilo Pereira,24/25,2025,0,0.547050744003254,1,false_positive
673511,Chiheb Labidi,24/25,2025,0,0.5470282544773155,1,false_positive
848089,Illaijh de Ruijter,24/25,2025,0,0.5470114930546621,1,false_positive
500624,Filippo Vandelli,24/25,2025,1,0.5469966729648464,1,correct
35416,David McGoldrick,24/25,2025,1,0.5469950542616115,1,correct
267330,Joel Abu Hanna,24/25,2025,0,0.5469834284260566,1,false_positive
411410,Kaloyan Krastev,24/25,2025,1,0.5469772369670169,1,correct
975440,Jacob Aboosah,24/25,2025,0,0.5469369494985218,1,false_positive
1025744,Rafael Vlăsceanu,24/25,2025,1,0.546912964119848,1,correct
463776,Antonio Granata,24/25,2025,1,0.546850971091091,1,correct
1178033,Lauris Bausenwein,24/25,2025,0,0.5468466562007684,1,false_positive
567196,Cristian Măgerușan,24/25,2025,1,0.5468139507494899,1,correct
524564,Can Degirmenci,24/25,2025,1,0.5467377113951958,1,correct
1147210,Francis Castillo,24/25,2025,1,0.5466459692921224,1,correct
1280693,Riccardo Bisetto,24/25,2025,1,0.5466266435818317,1,correct
640893,Ethan Walker,24/25,2025,0,0.5466133649032979,1,false_positive
130357,Andrea Schenetti,24/25,2025,1,0.5466130897001952,1,correct
630108,David Petrovic,24/25,2025,0,0.5465872471901623,1,false_positive
134608,Hélder Tavares,24/25,2025,0,0.5465581040813293,1,false_positive
961944,Ginés Sorroche,24/25,2025,0,0.5465513273378652,1,false_positive
294568,Omer Atzili,24/25,2025,0,0.5465268366440407,1,false_positive
576033,Doğan Alemdar,24/25,2025,1,0.5465118184998746,1,correct
1045997,Devon Matthews,24/25,2025,0,0.5465116548688005,1,false_positive
188180,Benjamin Verbic,24/25,2025,0,0.5465086297792255,1,false_positive
460629,Colin Dagba,24/25,2025,0,0.5465064275191656,1,false_positive
333092,Josiel Núñez,24/25,2025,1,0.5465054032603686,1,correct
538527,Enzo Cabrera,24/25,2025,0,0.546495003374765,1,false_positive
680322,Samuel Nnoshiri,24/25,2025,1,0.5464902932315885,1,correct
226026,Xandro Schenk,24/25,2025,1,0.5464814008498755,1,correct
668328,Lukas Hrdlicka,24/25,2025,0,0.5464743189299501,1,false_positive
638631,Elijah Krahn,24/25,2025,0,0.5464458297516661,1,false_positive
875208,Johnny Kenny,24/25,2025,0,0.5464234398838181,1,false_positive
614811,Joe White,24/25,2025,1,0.5464202461987004,1,correct
187860,André Sousa,24/25,2025,0,0.5463764516529488,1,false_positive
882980,Mattia Benvenuto,24/25,2025,1,0.546353514604159,1,correct
406094,Damiano Menna,24/25,2025,0,0.5462914298342554,1,false_positive
92870,Emanuele Gatto,24/25,2025,1,0.5462888625461774,1,correct
543771,Kristjan Asllani,24/25,2025,1,0.546287194456715,1,correct
254683,Giorgio Conrotto,24/25,2025,1,0.5462755862800385,1,correct
383153,Kelechi Nwakali,24/25,2025,0,0.5462697400370153,1,false_positive
256636,Bence Daru,24/25,2025,1,0.5462627151985848,1,correct
951296,Christos Almyras,24/25,2025,1,0.5462593556454691,1,correct
911990,Ilyes Hamache,24/25,2025,1,0.5462278747007235,1,correct
1056273,Edoardo Negri,24/25,2025,1,0.5461976548978636,1,correct
848657,Luka Lecic,24/25,2025,0,0.5461881691834258,1,false_positive
938677,Tommaso Mancioppi,24/25,2025,0,0.5461869244057935,1,false_positive
983491,Matteo Corsa,24/25,2025,1,0.5461868555903483,1,correct
384524,Serafin Szota,24/25,2025,0,0.5461641819922192,1,false_positive
214316,Luciano Vietto,24/25,2025,0,0.5461493827326315,1,false_positive
820375,David Rodríguez,24/25,2025,0,0.5461177157455992,1,false_positive
314280,Taylor Moore,24/25,2025,0,0.546110849922782,1,false_positive
319202,Radu Boboc,24/25,2025,1,0.5461097761686846,1,correct
284058,Kai Brünker,24/25,2025,0,0.5461014390396266,1,false_positive
424736,Can Karatas,24/25,2025,1,0.5460918952508226,1,correct
238950,Francesco Di Mariano,24/25,2025,1,0.5460910143290921,1,correct
854697,Georgi Karakashev,24/25,2025,1,0.5460723331077236,1,correct
457620,Vasilios Athanasiou,24/25,2025,1,0.5460716961533704,1,correct
1103456,Marcell Nemes,24/25,2025,0,0.5460492581509937,1,false_positive
1170812,Riccardo Ornaghi,24/25,2025,1,0.5460476349495634,1,correct
195057,Raffaele Celia,24/25,2025,0,0.5459249787636561,1,false_positive
382550,Joe Hilton,24/25,2025,0,0.5459144574741238,1,false_positive
1056753,Davide Finizio,24/25,2025,1,0.5458950141550097,1,correct
486597,Matías Nani,24/25,2025,1,0.5458862728955254,1,correct
589481,Matías Basterrechea,24/25,2025,1,0.5458043938668986,1,correct
337799,Pedro Ferreira,24/25,2025,0,0.545760967518985,1,false_positive
342911,Dimitrios Oungialidis,24/25,2025,0,0.5457438604562926,1,false_positive
192279,Kepa Arrizabalaga,24/25,2025,1,0.5456759870592348,1,correct
1022491,Stephan Wemakor,24/25,2025,1,0.5456617784425416,1,correct
804711,Ousmane Camara,24/25,2025,0,0.5456525459771082,1,false_positive
335821,George Ganea,24/25,2025,0,0.545617967961978,1,false_positive
898020,Athanasios Dabizas,24/25,2025,1,0.5456114855414236,1,correct
390079,Milos Drincic,24/25,2025,1,0.5456106995365108,1,correct
146680,Andrea Barberis,24/25,2025,1,0.5455992054410982,1,correct
623568,Tilemachos Karampas,24/25,2025,0,0.5455351476201238,1,false_positive
172323,Cameron Howieson,24/25,2025,0,0.545512447225043,1,false_positive
1069756,Mitchell Bates,24/25,2025,1,0.5454916335567216,1,correct
718668,Tala,24/25,2025,0,0.5454355781537921,1,false_positive
486132,Júnior Mendieta,24/25,2025,1,0.5454326186241993,1,correct
878507,Desmond Nketia,24/25,2025,1,0.5454261402907463,1,correct
599552,Williams Alarcón,24/25,2025,0,0.5453613033041942,1,false_positive
371150,Loïc Bessilé,24/25,2025,0,0.5453601432534451,1,false_positive
635445,Jayden Nelson,24/25,2025,0,0.5453162398713409,1,false_positive
993228,Josh Lock,24/25,2025,1,0.5453016369769575,1,correct
504075,Rafael Brito,24/25,2025,0,0.5452810616308981,1,false_positive
309398,David Grözinger,24/25,2025,1,0.545274544036601,1,correct
450196,Ugochukwu Oduenyi,24/25,2025,1,0.5452665863519088,1,correct
388363,Maximilian Bauer,24/25,2025,0,0.5452632936787865,1,false_positive
386148,Joe Quigley,24/25,2025,1,0.5452545213690547,1,correct
481692,Georgios Vrakas,24/25,2025,1,0.5452221262341421,1,correct
597106,Luiz Gustavo,24/25,2025,1,0.5452043249753962,1,correct
226300,Michael Dellinger,24/25,2025,0,0.5451952720863642,1,false_positive
729872,Igor Miladinovic,24/25,2025,0,0.5451842906628466,1,false_positive
704337,William Rovida,24/25,2025,0,0.5451790443464273,1,false_positive
627228,Yan Couto,24/25,2025,1,0.545172774235344,1,correct
366047,Yankuba Jarju,24/25,2025,1,0.5451396077561795,1,correct
1304196,Eduard Ihnatov,24/25,2025,0,0.5451013720135668,1,false_positive
1055864,Simone Verdosci,24/25,2025,1,0.5450687185613469,1,correct
391470,Marcus Browne,24/25,2025,0,0.5450592150716257,1,false_positive
124187,Philipp Kühn,24/25,2025,0,0.5450214222377613,1,false_positive
401173,Jadon Sancho,24/25,2025,1,0.5450156427797302,1,correct
945496,Simo Keddari,24/25,2025,0,0.545010525551423,1,false_positive
659649,Federico Casolari,24/25,2025,0,0.5450023692266212,1,false_positive
495033,Nathan Bishop,24/25,2025,1,0.5449850882817252,1,correct
99003,Odise Roshi,24/25,2025,1,0.5449673625338605,1,correct
1182170,Lorenzo Tavernini,24/25,2025,1,0.5448845399220731,1,correct
440880,Simone Menabò,24/25,2025,1,0.5448033158376433,1,correct
468688,Maximilian Weisbäcker,24/25,2025,1,0.5446981513407227,1,correct
519869,Mehdi Loune,24/25,2025,1,0.544694202082604,1,correct
342148,Zé Gomes,24/25,2025,0,0.5446281906502144,1,false_positive
931938,Dimitrios Grammenos,24/25,2025,1,0.5446257992072399,1,correct
557642,Larry-Nana Oellers,24/25,2025,1,0.5446027760292105,1,correct
907588,Khalid Abu El Haija,24/25,2025,1,0.5445944876728822,1,correct
83256,Özkan Yıldırım,24/25,2025,1,0.5445897369866278,1,correct
283286,Robin Bormuth,24/25,2025,1,0.544564917153725,1,correct
183538,Ivan Goranov,24/25,2025,1,0.5444888285739509,1,correct
448705,Diant Ramaj,24/25,2025,1,0.5444828708584771,1,correct
821542,Moussa Baradji,24/25,2025,1,0.5444704121961154,1,correct
542654,Sebastian Jørgensen,24/25,2025,1,0.5444532199446606,1,correct
923536,Andreas Myklebust,24/25,2025,0,0.5444416016153415,1,false_positive
572910,Benjamin Luis,24/25,2025,1,0.5444354185439922,1,correct
634118,Ibaider Garriz,24/25,2025,1,0.5444139444061054,1,correct
1151753,Ádám Szamosi,24/25,2025,0,0.5444079585134713,1,false_positive
743598,Ângelo,24/25,2025,0,0.5443963613473026,1,false_positive
381963,Mike Tresor,24/25,2025,0,0.5443949885487824,1,false_positive
169460,Turgay Gemicibaşı,24/25,2025,1,0.5443866988352102,1,correct
595943,Jaden Montnor,24/25,2025,0,0.5443838245461597,1,false_positive
535959,Duk,24/25,2025,0,0.5443804175028506,1,false_positive
569288,Elias Bördner,24/25,2025,1,0.5443508531554464,1,correct
634429,Iker Piedra,24/25,2025,1,0.5443380375119986,1,correct
326030,Ché Nunnely,24/25,2025,1,0.5443198196644125,1,correct
269558,Kwame Bonsu,24/25,2025,1,0.5443190639457868,1,correct
979766,Mathis Lambourde,24/25,2025,1,0.5442947351831395,1,correct
1250836,Riccardo Ori,24/25,2025,1,0.5442768788783418,1,correct
772354,Christopher Olsa,24/25,2025,1,0.5442630904540724,1,correct
214798,Craig Goodwin,24/25,2025,1,0.5442475719683092,1,correct
614988,Ilias Kostis,24/25,2025,0,0.5442468328232621,1,false_positive
291120,Adrien Julloux,24/25,2025,0,0.5442400136801292,1,false_positive
309923,Jaime Moreno,24/25,2025,0,0.544236642001929,1,false_positive
283001,Noah Sarenren Bazee,24/25,2025,0,0.5442351574699106,1,false_positive
402963,Georgios Daviotis,24/25,2025,0,0.5442349909578451,1,false_positive
679680,Julian Bell,24/25,2025,1,0.5442349565846305,1,correct
162038,Raúl de Tomás,24/25,2025,1,0.5442107216065022,1,correct
926193,Luiz Labenz,24/25,2025,1,0.5442046091169552,1,correct
341516,Ponck,24/25,2025,1,0.5441619313059619,1,correct
504518,Kofi Balmer,24/25,2025,0,0.544155513800911,1,false_positive
287717,Emanuele Ndoj,24/25,2025,1,0.5441547318455606,1,correct
376127,Stefan Kovac,24/25,2025,1,0.5441525080632575,1,correct
244130,Sullay Kaikai,24/25,2025,0,0.544146931201814,1,false_positive
253839,Álvaro Medrán,24/25,2025,0,0.5441265211427893,1,false_positive
895330,Salvi Esquivel,24/25,2025,0,0.5441055837233801,1,false_positive
891379,Nordine Kandil,24/25,2025,0,0.5441054984884426,1,false_positive
377851,Mitar Cukovic,24/25,2025,1,0.544086198712062,1,correct
193319,Luís Silva,24/25,2025,0,0.5440770238279388,1,false_positive
297731,Enrico Bearzotti,24/25,2025,0,0.544076397162574,1,false_positive
1276321,Ivaylo Nedelchev,24/25,2025,0,0.5440696743087903,1,false_positive
285096,Gabriele Rocchi,24/25,2025,1,0.5440644517522149,1,correct
810073,Younes El Hannach,24/25,2025,0,0.5440614860089187,1,false_positive
190756,Juan Ramírez,24/25,2025,0,0.544054815500469,1,false_positive
659804,John Mercado,24/25,2025,1,0.5440393720454981,1,correct
492104,Abdelrahman Boudah,24/25,2025,1,0.5440280513905356,1,correct
995010,Santiago Frasson,24/25,2025,0,0.5440184901727653,1,false_positive
262613,Pelle van Amersfoort,24/25,2025,0,0.5439059134853165,1,false_positive
433993,Andy Scott,24/25,2025,0,0.5439049195484261,1,false_positive
525140,Goduine Koyalipou,24/25,2025,1,0.5438898455460329,1,correct
603564,Bakari Camara,24/25,2025,0,0.5438718258734744,1,false_positive
927715,Xiko Gomes,24/25,2025,0,0.543852497806156,1,false_positive
237144,Stefan Maderer,24/25,2025,0,0.543839871209247,1,false_positive
1200419,Djylian N'Guessan,24/25,2025,0,0.5438247166819195,1,false_positive
89297,Rodrigo Battaglia,24/25,2025,0,0.5438023676782094,1,false_positive
119120,Robert Leipertz,24/25,2025,0,0.5437948159992794,1,false_positive
204642,Mite Cikarski,24/25,2025,0,0.5437914180371731,1,false_positive
696246,Patrik Mijic,24/25,2025,0,0.5437901524079539,1,false_positive
395833,Harry Paton,24/25,2025,1,0.5437813186862761,1,correct
1061660,Selvi Clua,24/25,2025,0,0.5437783394777973,1,false_positive
339584,Robert Mudrazija,24/25,2025,1,0.5437390132600751,1,correct
336644,Cedric Euschen,24/25,2025,0,0.5437304280770164,1,false_positive
547754,Ianis Stoica,24/25,2025,1,0.5437205974248038,1,correct
264992,Andreas Makris,24/25,2025,0,0.5437165251607493,1,false_positive
147540,Ales Cermak,24/25,2025,0,0.5436111760374183,1,false_positive
570553,Erik Shuranov,24/25,2025,1,0.54361007325674,1,correct
119115,Diego Falcinelli,24/25,2025,1,0.5436038878028436,1,correct
291739,Milot Rashica,24/25,2025,0,0.5435774043890093,1,false_positive
460103,Matteo Magliocchetti,24/25,2025,0,0.5435421977980852,1,false_positive
452165,Manoubi Haddad,24/25,2025,0,0.5435298528725796,1,false_positive
1226717,Andrea Ratti,24/25,2025,0,0.5435227349039777,1,false_positive
256866,Carlos Salcedo,24/25,2025,0,0.5434951475772083,1,false_positive
426213,Rodrigo Conceição,24/25,2025,1,0.5434891197097255,1,correct
1080421,Ieuan Owen,24/25,2025,0,0.5434781102903199,1,false_positive
459643,Precious Amayah,24/25,2025,0,0.5434770206547398,1,false_positive
596821,Scott Banks,24/25,2025,1,0.5434509940055982,1,correct
704453,Kevin Bright,24/25,2025,0,0.543422809356513,1,false_positive
517376,Yusuf Sarı,24/25,2025,0,0.5433891975555067,1,false_positive
1124243,Lorenzo Ceppi,24/25,2025,1,0.5432921112880911,1,correct
81999,Joselu,24/25,2025,0,0.5432872432316003,1,false_positive
471582,Zaydou Youssouf,24/25,2025,0,0.5432136335203727,1,false_positive
397257,Luca Giudici,24/25,2025,1,0.5431818957611887,1,correct
393284,Emmanuel Osadebe,24/25,2025,1,0.5431802036564142,1,correct
396841,Louis Verstraete,24/25,2025,0,0.5431596397591077,1,false_positive
736202,Brayan Gil,24/25,2025,0,0.5431380518403746,1,false_positive
396307,Danilo Quaranta,24/25,2025,1,0.5431093871768459,1,correct
832656,Elias Egerton,24/25,2025,0,0.5431088180517704,1,false_positive
810067,Louis Mouquet,24/25,2025,1,0.5431005107572925,1,correct
339235,Tom McIntyre,24/25,2025,1,0.5430998447644869,1,correct
1059439,Paweł Depka,24/25,2025,1,0.5430905684494359,1,correct
439488,Diego Díaz,24/25,2025,0,0.5430801472925763,1,false_positive
357176,Alessandro Tripaldelli,24/25,2025,1,0.5430480981469885,1,correct
659459,Carney Chukwuemeka,24/25,2025,1,0.5430436777592451,1,correct
312341,Luca Ravanelli,24/25,2025,1,0.5430428086234559,1,correct
164489,Szymon Sobczak,24/25,2025,0,0.543019072057502,1,false_positive
720037,Dani González,24/25,2025,1,0.5429739726487045,1,correct
977753,Giuseppe Balzano,24/25,2025,0,0.5429737599899466,1,false_positive
266809,Nicolás Freire,24/25,2025,0,0.5429687848260148,1,false_positive
253905,Grego Sierra,24/25,2025,0,0.5429452556729534,1,false_positive
1229846,Daniel Michel,24/25,2025,1,0.5429445545955887,1,correct
599060,Haik Moussakhanian,24/25,2025,1,0.5429432252470812,1,correct
405833,Bruno Silva,24/25,2025,0,0.5429342442572757,1,false_positive
1268443,Miroslav Georgiev,24/25,2025,0,0.5429070703483907,1,false_positive
419999,Guessouma Fofana,24/25,2025,0,0.5428970590860266,1,false_positive
430192,Aarón Rey,24/25,2025,1,0.5428816521008539,1,correct
94192,Patrick Drewes,24/25,2025,1,0.5428702356354083,1,correct
166959,Mustafa Saymak,24/25,2025,0,0.5428677871738267,1,false_positive
187496,Maurice Multhaup,24/25,2025,0,0.5428592914845501,1,false_positive
805287,Blaise Tsague,24/25,2025,0,0.5428399048801705,1,false_positive
507115,Lachlan Brook,24/25,2025,1,0.5428365858247017,1,correct
108880,Koen Casteels,24/25,2025,0,0.5428335846803608,1,false_positive
203532,Naby Sarr,24/25,2025,0,0.5428315710452514,1,false_positive
666551,Maestro,24/25,2025,1,0.5428254431432493,1,correct
979625,Paulo Vitor,24/25,2025,1,0.5428225781974518,1,correct
995105,Giulio Patrignani,24/25,2025,1,0.5427881464494578,1,correct
158791,Sergio Postigo,24/25,2025,0,0.5427680591774386,1,false_positive
536520,Ruben Providence,24/25,2025,0,0.5427563710256842,1,false_positive
623412,Mihai Popa,24/25,2025,0,0.5427258842158096,1,false_positive
221984,David Forniés,24/25,2025,0,0.5427224811376485,1,false_positive
59349,Diego Mariño,24/25,2025,1,0.5426964886114167,1,correct
524216,Ibrahim Tomiwa,24/25,2025,0,0.5426795055371206,1,false_positive
349796,Evren Korkmaz,24/25,2025,0,0.5426759603446213,1,false_positive
1059814,Kelliano,24/25,2025,1,0.5426727626165011,1,correct
1231367,Filippo Pedone,24/25,2025,1,0.5426724434746101,1,correct
687983,Adrian Kireski,24/25,2025,1,0.5426724407685494,1,correct
395522,Samuel Essende,24/25,2025,0,0.5426680155444369,1,false_positive
375770,Gabriel Souza,24/25,2025,0,0.542659912045897,1,false_positive
497825,Guillaume Yenoussi,24/25,2025,0,0.5426589945675517,1,false_positive
459778,Andrea Ghiggini,24/25,2025,1,0.5426589272006666,1,correct
932479,Jakob Sieve,24/25,2025,0,0.5426522184333881,1,false_positive
391672,Elias Kratzer,24/25,2025,1,0.5426048932071015,1,correct
406151,Zé Pedro,24/25,2025,1,0.5425836695036336,1,correct
151620,Gergő Nagy,24/25,2025,1,0.5425773539583066,1,correct
329924,Jacob Karlstrøm,24/25,2025,0,0.5425753623080021,1,false_positive
77001,Rajiv van La Parra,24/25,2025,0,0.542560535662833,1,false_positive
826528,Federico Gomes Gerth,24/25,2025,1,0.5425512263507427,1,correct
392959,Andrea Colpani,24/25,2025,0,0.5425427378437939,1,false_positive
135217,Patrick Olsen,24/25,2025,1,0.5425330681789213,1,correct
322683,Markus Poom,24/25,2025,0,0.542525148733244,1,false_positive
295183,Răzvan Marin,24/25,2025,1,0.5425054360877775,1,correct
844637,Marc Pubill,24/25,2025,1,0.542496707542216,1,correct
280088,Juan Gargiulo,24/25,2025,0,0.5424898714691955,1,false_positive
452078,Maxwell Gyamfi,24/25,2025,1,0.5424784154124522,1,correct
702911,Luis Asué,24/25,2025,1,0.5424152548499184,1,correct
911465,Joshua Krüger,24/25,2025,0,0.5424097098273646,1,false_positive
923915,Antal Yaakobishvili,24/25,2025,1,0.5424035117719073,1,correct
390724,Manuel Ferrini,24/25,2025,0,0.5423805479564703,1,false_positive
518152,Tobias Peitz,24/25,2025,1,0.5423719228706515,1,correct
949343,Davide Avdullari,24/25,2025,1,0.5423608235019305,1,correct
710292,Ibrahima,24/25,2025,0,0.5423516450836031,1,false_positive
696687,Hugo Neves,24/25,2025,1,0.5423415190509869,1,correct
859134,Amine Zouhzouh,24/25,2025,1,0.5423309198606314,1,correct
416587,Vladan Djekic,24/25,2025,1,0.542316499927389,1,correct
493000,Sebastián Villa,24/25,2025,0,0.5423153456252892,1,false_positive
297649,Leonardo Rivoira,24/25,2025,0,0.5422936945014057,1,false_positive
259183,Serhat Koruk,24/25,2025,0,0.5422835477121051,1,false_positive
281769,Mario Hermoso,24/25,2025,0,0.5422614964554087,1,false_positive
496062,Víctor Griffith,24/25,2025,0,0.5422579512939604,1,false_positive
353396,Dylan Mboumbouni,24/25,2025,1,0.542248436802148,1,correct
491705,Facundo Colidio,24/25,2025,0,0.5422457232112956,1,false_positive
231792,Christos Gromitsaris,24/25,2025,0,0.5422407054453519,1,false_positive
121337,Patrick McEleney,24/25,2025,0,0.5422165974620121,1,false_positive
287528,Connor Mahoney,24/25,2025,0,0.5421944751945628,1,false_positive
153664,Khaled Narey,24/25,2025,1,0.542181897505218,1,correct
655525,Yeferson Paz,24/25,2025,0,0.5421653029931582,1,false_positive
341570,Guillermo Vallejo,24/25,2025,0,0.5421441842942878,1,false_positive
244930,Hikmet Çiftçi,24/25,2025,0,0.5421000844324569,1,false_positive
820013,Péter Szalai,24/25,2025,0,0.5420964054354872,1,false_positive
704260,Eugenio Fusco,24/25,2025,1,0.5420796020327253,1,correct
1045446,Dmytro Bogdanov,24/25,2025,1,0.5420263396037066,1,correct
1241219,Kaly,24/25,2025,0,0.5419828568822729,1,false_positive
707397,Filippo Manfrin,24/25,2025,0,0.5419521149300063,1,false_positive
531824,Kike Hermoso,24/25,2025,0,0.5419391198164778,1,false_positive
289843,Sean Goss,24/25,2025,0,0.541937304088496,1,false_positive
906329,Roger Fernandes,24/25,2025,1,0.541936347522086,1,correct
663128,Luka Damjanovic,24/25,2025,1,0.5419158803628974,1,correct
1020852,Abdulmalik Al-Jaber,24/25,2025,1,0.5418794079111916,1,correct
369162,Lamar Yarbrough,24/25,2025,0,0.5418532992858858,1,false_positive
390638,Arthur Cabral,24/25,2025,1,0.5418427531822777,1,correct
343022,Terell Thomas,24/25,2025,0,0.5418375522367632,1,false_positive
181768,Hernani,24/25,2025,0,0.5418354473489548,1,false_positive
622258,Lukas Raab,24/25,2025,1,0.5418241310760372,1,correct
516038,Kai Merk,24/25,2025,1,0.541821961793332,1,correct
402733,Gonzalo Montiel,24/25,2025,0,0.5417762246852728,1,false_positive
610878,Jacopo Desogus,24/25,2025,0,0.5417679267416725,1,false_positive
606570,Sergio Guerrero,24/25,2025,1,0.5417548120551656,1,correct
448883,Kristers Tobers,24/25,2025,0,0.5417525970499532,1,false_positive
943161,Fatjon Bunjaku,24/25,2025,1,0.5417494542751178,1,correct
501087,Soufiane Messeguem,24/25,2025,0,0.5417455790321394,1,false_positive
1264191,Sicu Camara,24/25,2025,0,0.5417397173128733,1,false_positive
182392,Pieros Sotiriou,24/25,2025,0,0.5417280603570812,1,false_positive
913019,Vladislav Vasiljev,24/25,2025,1,0.541703872318497,1,correct
1196125,Stilyan Rusenov,24/25,2025,0,0.541696593885765,1,false_positive
815237,Tony Reitz,24/25,2025,0,0.5416781593382098,1,false_positive
668552,Darío Sarmiento,24/25,2025,1,0.5416677012474328,1,correct
845581,Nedjeljko Kovinic,24/25,2025,1,0.5416028762981503,1,correct
284055,Tim Kießling,24/25,2025,1,0.5415843225511408,1,correct
1061527,Bobby Pointon,24/25,2025,0,0.5415681939537484,1,false_positive
549582,Chris Conn-Clarke,24/25,2025,0,0.5415627685777384,1,false_positive
1073397,Kenan Bilalovic,24/25,2025,1,0.5415488288014558,1,correct
503854,Joel Grodowski,24/25,2025,0,0.5415141486481685,1,false_positive
1024171,Taiyu Yamasaki,24/25,2025,0,0.5415126093986594,1,false_positive
353609,Titas Krapikas,24/25,2025,1,0.5415121547243104,1,correct
539807,Christian Marques,24/25,2025,1,0.5415107411977939,1,correct
924901,Halid Djankpata,24/25,2025,1,0.5414932912389013,1,correct
609651,Alexandros Tereziou,24/25,2025,1,0.541460678625145,1,correct
505657,Tyreik Wright,24/25,2025,0,0.541456958555108,1,false_positive
1077242,Aodhan Doherty,24/25,2025,0,0.5414561864270065,1,false_positive
721468,Víctor Morales,24/25,2025,1,0.5414078171004874,1,correct
199564,Michele Calì,24/25,2025,0,0.5413784686283489,1,false_positive
1066142,Dominik Pech,24/25,2025,1,0.5413770091032145,1,correct
585700,Juan Cruz,24/25,2025,0,0.5413677758207845,1,false_positive
426986,Filip Mihailov,24/25,2025,0,0.5413476779543566,1,false_positive
531783,Rob Atkinson,24/25,2025,0,0.5413470554666373,1,false_positive
537477,João Goulart,24/25,2025,0,0.5413382815327784,1,false_positive
461629,Gustavo Assunção,24/25,2025,1,0.5413363461852144,1,correct
692121,Robert Filip,24/25,2025,1,0.5413330540312595,1,correct
491026,Alexander Satariano,24/25,2025,1,0.5413093076064609,1,correct
685657,Silas Andersen,24/25,2025,0,0.5413090527250438,1,false_positive
460619,Pascal Mulder,24/25,2025,0,0.5413016223542481,1,false_positive
1108127,Luciano Maidana,24/25,2025,0,0.5412834992867045,1,false_positive
357987,Leonardo Stanzani,24/25,2025,0,0.5412736969709142,1,false_positive
334802,Jan Kuchta,24/25,2025,1,0.541268146066539,1,correct
1075876,Alessandro Sassaro,24/25,2025,1,0.5412637347543928,1,correct
724041,Enock Agyei,24/25,2025,0,0.5412364730375646,1,false_positive
130765,Stuart Armstrong,24/25,2025,1,0.5412217680845021,1,correct
528618,Leon Gino Schmidt,24/25,2025,0,0.5412157873345559,1,false_positive
374326,Oliver Edvardsen,24/25,2025,0,0.5412090785226247,1,false_positive
1202299,Nadir El Jamali,24/25,2025,0,0.541208051365435,1,false_positive
396429,Diogo Calila,24/25,2025,0,0.5412030793797249,1,false_positive
255957,Mahir Emreli,24/25,2025,1,0.5411909076770002,1,correct
415970,Joe Worrall,24/25,2025,0,0.5411413786838385,1,false_positive
390726,Matteo Rossini,24/25,2025,0,0.5411083811174396,1,false_positive
408505,Tommaso Panelli,24/25,2025,0,0.5410727794523708,1,false_positive
73932,Alessio Luciani,24/25,2025,1,0.5410610359785076,1,correct
836804,Tarek Aggoun,24/25,2025,0,0.5410521723028914,1,false_positive
356474,Leon Augusto,24/25,2025,0,0.5409927533175062,1,false_positive
267431,Fabián Noguera,24/25,2025,1,0.5409735731901455,1,correct
554859,Unai Marino,24/25,2025,1,0.5409540848422155,1,correct
303248,Pedro López,24/25,2025,0,0.5409463362006522,1,false_positive
253734,Ismael Silva,24/25,2025,0,0.5409155520741822,1,false_positive
596998,Felix Meyer,24/25,2025,0,0.54091404255294,1,false_positive
519872,Livan Burcu,24/25,2025,0,0.5409122403114038,1,false_positive
924759,Luca Lechner,24/25,2025,1,0.540908573384224,1,correct
85928,Danny Lafferty,24/25,2025,0,0.5409032479739867,1,false_positive
1001686,Arthur,24/25,2025,0,0.5408774158118529,1,false_positive
628463,Adrián Gómez,24/25,2025,1,0.5408766998890603,1,correct
1182169,Roberto Berizzi,24/25,2025,1,0.5408673828533168,1,correct
723823,Vlad Rafailă,24/25,2025,1,0.5408399625257512,1,correct
461505,Ricardo Silva,24/25,2025,1,0.5408226700197953,1,correct
236734,Axel Werner,24/25,2025,1,0.5408166431302102,1,correct
162961,Valerio Verre,24/25,2025,0,0.5407872603521212,1,false_positive
645774,Eren Dinkçi,24/25,2025,0,0.5407808791502394,1,false_positive
94964,Bentley Baxter Bahn,24/25,2025,0,0.5407671107169477,1,false_positive
266359,Benjamin Bourigeaud,24/25,2025,0,0.5407458851571185,1,false_positive
181579,James Ward-Prowse,24/25,2025,0,0.540745731247927,1,false_positive
916332,Adolfo González,24/25,2025,1,0.5407404831929429,1,correct
149526,Marco Crimi,24/25,2025,1,0.5407373515900868,1,correct
1157429,Gu Costa,24/25,2025,1,0.5406617737591781,1,correct
199633,Raman Chibsah,24/25,2025,1,0.5406049813476383,1,correct
1201233,Cade Melrose,24/25,2025,0,0.5405904365890549,1,false_positive
153678,Kingsley Schindler,24/25,2025,1,0.5405840700170728,1,correct
187778,Ádám Viczián,24/25,2025,0,0.5405257017692289,1,false_positive
800028,Alexandros Kedikoglou,24/25,2025,0,0.5405034889054419,1,false_positive
357868,Benjamin Kabeya,24/25,2025,0,0.5404789598443762,1,false_positive
510310,Sivert Mannsverk,24/25,2025,1,0.5404644440329933,1,correct
817001,Filippo Bertolotti,24/25,2025,0,0.5404609365885892,1,false_positive
124517,Sebastian Kerk,24/25,2025,1,0.5404605775139217,1,correct
349944,Sérgio Conceição,24/25,2025,1,0.5404566935878548,1,correct
966681,Alex Henderson,24/25,2025,0,0.5404278495067414,1,false_positive
384060,Tino Kadewere,24/25,2025,1,0.5404267874633426,1,correct
118317,Afonso Taira,24/25,2025,1,0.5404097398698876,1,correct
528040,Milan Obradovic,24/25,2025,1,0.5403595926253336,1,correct
333516,Sebastian Vasiliadis,24/25,2025,0,0.5403394749669478,1,false_positive
168189,Luca Calapai,24/25,2025,1,0.5403362450215285,1,correct
270988,Ben Purrington,24/25,2025,1,0.5403132869791086,1,correct
643725,Stefano Molinari,24/25,2025,1,0.5402993827584109,1,correct
664875,Rilind Kabashi,24/25,2025,1,0.5402847896892262,1,correct
282821,Corey Blackett-Taylor,24/25,2025,0,0.5402653200029316,1,false_positive
192239,Ryan Williams,24/25,2025,0,0.5402546204418303,1,false_positive
216661,Alexandru Crețu,24/25,2025,1,0.5402435187562434,1,correct
373433,Adryelson,24/25,2025,1,0.5402422767135424,1,correct
196226,Mehmet Kurt,24/25,2025,0,0.5402360218661023,1,false_positive
162056,Gonzalo Melero,24/25,2025,1,0.5402288323344506,1,correct
279454,MJ Williams,24/25,2025,0,0.5402084944953196,1,false_positive
232296,Ramon Machado,24/25,2025,0,0.5402074488006957,1,false_positive
734736,Hassimi Fadiga,24/25,2025,1,0.5402059211519595,1,correct
293202,Jordi Aláez,24/25,2025,1,0.540197030461637,1,correct
181378,Gaëtan Laborde,24/25,2025,1,0.5401922788444312,1,correct
729174,Julius Kliti,24/25,2025,0,0.5401832011006541,1,false_positive
1165327,Lorenzo Bosia,24/25,2025,1,0.5401591490026227,1,correct
251680,Brandon Thomas,24/25,2025,1,0.540148382608377,1,correct
1015829,Tugra Turhan,24/25,2025,1,0.5401455360318348,1,correct
810888,Ken Tchouangue,24/25,2025,1,0.5401368150161083,1,correct
417669,Christos Kountouriotis,24/25,2025,1,0.5401280836030313,1,correct
345098,Tameem Al-Muhaza,24/25,2025,0,0.5401216996503242,1,false_positive
909737,Matías Galarza,24/25,2025,0,0.5400837238619843,1,false_positive
238367,Cassiano,24/25,2025,0,0.5400807209931833,1,false_positive
237607,Fabio Maiolo,24/25,2025,0,0.5400730079569142,1,false_positive
948047,Francesco Plaia,24/25,2025,1,0.5400715298459254,1,correct
167826,Luca Verna,24/25,2025,1,0.5400591773012781,1,correct
591375,Stiven Plaza,24/25,2025,1,0.5400265292349734,1,correct
1218115,Oumar Conté,24/25,2025,1,0.5399684537811494,1,correct
696164,Tim Oermann,24/25,2025,1,0.5399454218997288,1,correct
692338,Devin Angleberger,24/25,2025,0,0.5399297948377327,1,false_positive
254487,Jean Luc Assoubre,24/25,2025,1,0.5399230167472427,1,correct
548032,Sandali Condé,24/25,2025,0,0.5399163058773027,1,false_positive
183836,Dino Hotic,24/25,2025,1,0.5398970112998798,1,correct
423436,Santiago Ascacíbar,24/25,2025,0,0.539893763193448,1,false_positive
647323,Hiran Ahmed,24/25,2025,1,0.5398921844851579,1,correct
458165,Giacomo Benedetti,24/25,2025,1,0.5398913785486459,1,correct
827950,Ousmane Camara,24/25,2025,0,0.5397997617976972,1,false_positive
994017,Mirco Moretti,24/25,2025,1,0.5397754094996393,1,correct
567217,Ebrima Colley,24/25,2025,0,0.5397613775663006,1,false_positive
1139455,Favour Inyeka Ogbu,24/25,2025,0,0.5397389673459653,1,false_positive
462087,Arjen van der Heide,24/25,2025,0,0.5397178217670554,1,false_positive
1057995,Yao Jean Charles,24/25,2025,0,0.5397038821996324,1,false_positive
929715,Connor O'Riordan,24/25,2025,1,0.5396837429121251,1,correct
402114,Alessio Di Massimo,24/25,2025,0,0.5396717844430231,1,false_positive
357148,Diogo Queirós,24/25,2025,1,0.5396362418108733,1,correct
264848,Rúben Lameiras,24/25,2025,0,0.5395999660377429,1,false_positive
184260,Anders Holvad,24/25,2025,0,0.53959179666701,1,false_positive
1052420,Aboubaka Soumahoro,24/25,2025,0,0.5395882698440253,1,false_positive
1241188,Laurenz Pölking,24/25,2025,0,0.5395680788448611,1,false_positive
392719,Ben Meyer,24/25,2025,1,0.5395600630742733,1,correct
339919,Iliya Yurukov,24/25,2025,1,0.5395592191648114,1,correct
80197,Salomón Rondón,24/25,2025,1,0.539554607422284,1,correct
573133,Charlie McCann,24/25,2025,1,0.5395459649897151,1,correct
470815,Niklas Tauer,24/25,2025,0,0.5395363217394394,1,false_positive
337670,Alessio Da Cruz,24/25,2025,1,0.5395340099021952,1,correct
435208,Béni Nkololo,24/25,2025,1,0.5395304918322434,1,correct
724031,Angelos Angelopoulos,24/25,2025,0,0.539512801904071,1,false_positive
1188665,Tommaso Piacenza,24/25,2025,1,0.5394998335354493,1,correct
262097,Birsent Karagaren,24/25,2025,1,0.5394768609257682,1,correct
501794,Jannik Rochelt,24/25,2025,0,0.5394554953402085,1,false_positive
410436,Bailey Peacock-Farrell,24/25,2025,1,0.5394417227111412,1,correct
935019,Danylo Krevsun,24/25,2025,0,0.5394417007905867,1,false_positive
296577,Macauley Bonne,24/25,2025,1,0.5394265678068528,1,correct
923667,Joeri Heerkens,24/25,2025,1,0.5394165379499793,1,correct
631278,Abbas Ibrahim,24/25,2025,0,0.5394146565317298,1,false_positive
310527,Paulo Azzi,24/25,2025,1,0.5394100962593723,1,correct
376211,Matías Vargas,24/25,2025,0,0.5393655893734319,1,false_positive
242638,Efthymios Koulouris,24/25,2025,1,0.5393446212663522,1,correct
796739,Júnior Almeida,24/25,2025,0,0.5393130388176349,1,false_positive
487830,Christian Dimarco,24/25,2025,1,0.5392963622433097,1,correct
472176,Salvatore Boccia,24/25,2025,0,0.5392855759289517,1,false_positive
351216,Manel Royo,24/25,2025,1,0.5392745527167042,1,correct
214247,Sebastián Gorga,24/25,2025,1,0.5392542280066096,1,correct
1292591,Jack Nunn,24/25,2025,0,0.539221699109128,1,false_positive
488784,Magnus Kofod Andersen,24/25,2025,0,0.5392117271412022,1,false_positive
457420,Matteo Figoli,24/25,2025,0,0.5391900207018411,1,false_positive
471890,Max Geschwill,24/25,2025,1,0.5391823456678196,1,correct
158569,Marco Spinosa,24/25,2025,1,0.539168344798733,1,correct
947689,Aseel Al-Harbi,24/25,2025,1,0.5391656258426042,1,correct
332823,Adrian Justinussen,24/25,2025,0,0.5391490358078364,1,false_positive
690479,Stefan Vukic,24/25,2025,1,0.5391376416496363,1,correct
250013,Angelo Fulgini,24/25,2025,1,0.5391363023020888,1,correct
728580,Daniel Villaseca,24/25,2025,0,0.5391142370752914,1,false_positive
808901,Leandro Frroku,24/25,2025,0,0.5391053231908568,1,false_positive
486098,Louis Hall,24/25,2025,1,0.5390900157538692,1,correct
117518,Aykut Özer,24/25,2025,1,0.5390865861075366,1,correct
567475,Andrea Ceresoli,24/25,2025,1,0.5390599309099212,1,correct
628624,Adam Ratajczyk,24/25,2025,0,0.5390340846997559,1,false_positive
1020652,Chico Gonçalves,24/25,2025,0,0.5389451199125604,1,false_positive
318426,Ivan Ignatjev,24/25,2025,1,0.538904978398797,1,correct
187097,Budu Zivzivadze,24/25,2025,0,0.5388867627341816,1,false_positive
166275,Grigoriy Morozov,24/25,2025,0,0.5388796743480834,1,false_positive
867909,Harry Vaughan,24/25,2025,0,0.5388629793418188,1,false_positive
1159662,Ellis Williams,24/25,2025,0,0.5388379037001215,1,false_positive
697144,Burak İnce,24/25,2025,1,0.5388355366964392,1,correct
1163461,Jack Shepherd,24/25,2025,0,0.5388327192773624,1,false_positive
196763,Korbinian Burger,24/25,2025,0,0.5388156779984574,1,false_positive
242359,Juan Musso,24/25,2025,1,0.5388078060817906,1,correct
329135,Petar Lela,24/25,2025,1,0.5387972777785854,1,correct
120980,Aaron Muirhead,24/25,2025,1,0.538788217249309,1,correct
502062,D'Margio Wright-Phillips,24/25,2025,0,0.5387606572490018,1,false_positive
906731,Răzvan Morariu,24/25,2025,0,0.5387592733242053,1,false_positive
926995,Amar Diagne,24/25,2025,0,0.5387338695755345,1,false_positive
744960,Mohamed Souboul,24/25,2025,0,0.5387014457499788,1,false_positive
465848,Preslav Borukov,24/25,2025,0,0.5386911127323549,1,false_positive
1145455,Nils Ramming,24/25,2025,1,0.5386677399175439,1,correct
173589,Viktor Klonaridis,24/25,2025,1,0.5386672900258646,1,correct
836493,Gonzalo Abrego,24/25,2025,0,0.5386656392699248,1,false_positive
703577,Kegs Chauke,24/25,2025,0,0.538659306385292,1,false_positive
638138,Brais Martínez,24/25,2025,1,0.538657751348707,1,correct
336667,Assim Madibo,24/25,2025,1,0.5386508643283513,1,correct
357996,Davide Grassini,24/25,2025,0,0.5386464808251886,1,false_positive
128876,Dávid Kelemen,24/25,2025,0,0.5386309697083157,1,false_positive
1182192,Simone Cat Berro,24/25,2025,1,0.5386305118159306,1,correct
765232,Roman Yalovenko,24/25,2025,0,0.5386212221295116,1,false_positive
501131,Ali Youssef,24/25,2025,0,0.5386117923431584,1,false_positive
906902,Elliott Nevitt,24/25,2025,0,0.5385810289416927,1,false_positive
487428,Nikola Tavares,24/25,2025,0,0.5385803538416408,1,false_positive
701819,Daniele Ghilardi,24/25,2025,1,0.5385510400741561,1,correct
190442,Alan Ruiz,24/25,2025,1,0.538522601474965,1,correct
220978,Andrea Gasbarro,24/25,2025,1,0.538521678435788,1,correct
461903,João Silva,24/25,2025,0,0.5385103174186809,1,false_positive
178107,Michael Santos,24/25,2025,0,0.5385065946904871,1,false_positive
621933,Clemens Steinbauer,24/25,2025,1,0.538503831285501,1,correct
182904,Clément Lenglet,24/25,2025,1,0.5384523999962281,1,correct
658674,Luan Patrick,24/25,2025,1,0.538448240909055,1,correct
255468,Adam Andersson,24/25,2025,1,0.5384460372539474,1,correct
181547,Gonçalo Paciência,24/25,2025,0,0.5384445702644467,1,false_positive
1127727,Simone Pirani,24/25,2025,1,0.5383965632449994,1,correct
324861,Julian Justvan,24/25,2025,0,0.538391401344,1,false_positive
707550,Fabrizio Cavegn,24/25,2025,1,0.5383900962895964,1,correct
394920,Filippo Sgarbi,24/25,2025,1,0.5383620716769387,1,correct
645880,Ifet Djakovac,24/25,2025,0,0.5383417376775911,1,false_positive
816897,Lorenzo Podda,24/25,2025,1,0.5383409878234148,1,correct
235923,Mattia Muroni,24/25,2025,1,0.5383335120719053,1,correct
56898,Salvatore Caturano,24/25,2025,1,0.5383226764851288,1,correct
1004759,Moritz Wiezorrek,24/25,2025,0,0.538311764850639,1,false_positive
703225,Matteo Falasca,24/25,2025,0,0.5383060825627214,1,false_positive
450173,Gaius Makouta,24/25,2025,0,0.5382896120046354,1,false_positive
418215,Ricardo Farcaș,24/25,2025,1,0.538287830176214,1,correct
742023,Romildo Del Piage,24/25,2025,1,0.5382757450791211,1,correct
815346,Nathan Gassama,24/25,2025,0,0.5382733332789655,1,false_positive
729536,Federico Agazzi,24/25,2025,0,0.5382573020329289,1,false_positive
1022312,Jure Marinovich,24/25,2025,0,0.5382365814547825,1,false_positive
313477,Paolo Ghiglione,24/25,2025,1,0.5382302588266393,1,correct
421764,Matteo Cardinali,24/25,2025,0,0.5382142816693466,1,false_positive
536837,Federico Bergonzi,24/25,2025,0,0.5381769387215998,1,false_positive
1099350,Dan Barton,24/25,2025,1,0.5381405807610032,1,correct
934386,Pietro Candelari,24/25,2025,0,0.5380937371916161,1,false_positive
287640,Andrea Gemignani,24/25,2025,1,0.5380902762305667,1,correct
1126573,Richard Benko,24/25,2025,1,0.5380558481082611,1,correct
667060,Tommaso Bertini,24/25,2025,1,0.5380333243088375,1,correct
337812,Julijan Popović,24/25,2025,1,0.538025770903037,1,correct
590630,Jaber Issa,24/25,2025,0,0.5380053276478127,1,false_positive
136641,Dimitrios Diamantakos,24/25,2025,1,0.5380010328991438,1,correct
296281,Milan Vusurovic,24/25,2025,1,0.5379593543042945,1,correct
922977,Petr Mirvald,24/25,2025,1,0.5379583270097784,1,correct
84535,Eduardo Salvio,24/25,2025,0,0.5379302169826848,1,false_positive
395685,Gédéon Kalulu,24/25,2025,1,0.5379189469434787,1,correct
270055,Kiki,24/25,2025,0,0.537918768356276,1,false_positive
1064546,Andres Labie,24/25,2025,1,0.5379041927326234,1,correct
718123,Samuel Nongoh,24/25,2025,0,0.5378977640671387,1,false_positive
215679,Georges-Kevin N'Koudou,24/25,2025,1,0.537888424651965,1,correct
335920,Nils Piwernetz,24/25,2025,0,0.5378629724973772,1,false_positive
441383,Alex Petkov,24/25,2025,1,0.5378610708771765,1,correct
730581,Loïc Badé,24/25,2025,1,0.5378503760496319,1,correct
1182468,Darius Băncilă,24/25,2025,1,0.5378331285945244,1,correct
955263,Kévin Pedro,24/25,2025,0,0.5378319108048872,1,false_positive
187384,Cristian Buonaiuto,24/25,2025,0,0.5378154635449464,1,false_positive
406935,Terence Vancooten,24/25,2025,0,0.5377997719066326,1,false_positive
111819,Neto,24/25,2025,1,0.5377933251931275,1,correct
418173,Djihad Bizimana,24/25,2025,0,0.5377565792462549,1,false_positive
830841,Leonel Bucca,24/25,2025,1,0.5377396170752156,1,correct
225929,György Hursán,24/25,2025,0,0.5376894133629051,1,false_positive
528834,Jan Shcherbakovski,24/25,2025,1,0.537681986644313,1,correct
372711,Amine Harit,24/25,2025,1,0.5376644748499115,1,correct
279927,Doru Popadiuc,24/25,2025,1,0.5376591483189326,1,correct
157478,Rufat Dadashov,24/25,2025,0,0.537656649199223,1,false_positive
727495,Nikola Iliev,24/25,2025,0,0.537648146140163,1,false_positive
1111660,Joseph Sabobo,24/25,2025,1,0.537647437713393,1,correct
653274,Martin Cocorocchio,24/25,2025,1,0.5376404723632553,1,correct
576094,Kevin Toppenberg,24/25,2025,0,0.5376294050641314,1,false_positive
169362,Luka Zahovic,24/25,2025,0,0.5376054232185474,1,false_positive
570651,Amiro Amadou,24/25,2025,0,0.5375544411181968,1,false_positive
1279326,Othman Faridi,24/25,2025,0,0.5375387940354382,1,false_positive
225963,Lautaro Giannetti,24/25,2025,1,0.5375318491519222,1,correct
598611,Jesús de Miguel,24/25,2025,1,0.5374573595357165,1,correct
931783,David Sellés,24/25,2025,1,0.537453814799869,1,correct
802518,Julius Voldby,24/25,2025,1,0.5374228658770861,1,correct
408494,Lorenzo Zerbato,24/25,2025,0,0.5374203381735138,1,false_positive
726668,Tadeas Hajovsky,24/25,2025,0,0.5374083016553454,1,false_positive
1210422,Aboubacar Bassinga,24/25,2025,1,0.5374068741013112,1,correct
487846,Guillaume Renault,24/25,2025,0,0.537296372584114,1,false_positive
486604,Vitezslav Jaros,24/25,2025,1,0.5372960529546542,1,correct
1082269,Josh Gentles,24/25,2025,1,0.5372396957139475,1,correct
530032,Quaresma,24/25,2025,0,0.5372038151113786,1,false_positive
1061742,Rodrigo Mendes,24/25,2025,1,0.5371935917742963,1,correct
229004,Moussa Dembélé,24/25,2025,0,0.5371748047165562,1,false_positive
436585,Delano Burgzorg,24/25,2025,0,0.5371606959952041,1,false_positive
715140,Emerson Rodríguez,24/25,2025,0,0.5371267089567847,1,false_positive
988300,Marwan Chafaa,24/25,2025,1,0.5370947344203175,1,correct
195192,Marco Manetta,24/25,2025,1,0.5370873833661727,1,correct
245993,Fabio Ramon Tomassini,24/25,2025,0,0.5370352446519189,1,false_positive
241378,Jordy Bruijn,24/25,2025,1,0.5370238294636765,1,correct
597165,Samuel Teles,24/25,2025,1,0.5370065724326792,1,correct
678546,Mexx Meerdink,24/25,2025,0,0.5369995296368966,1,false_positive
980464,Pedro Igor,24/25,2025,0,0.5369789856599739,1,false_positive
70245,Ignasi Miquel,24/25,2025,1,0.5369774807699411,1,correct
654511,Yuya Yoshimura,24/25,2025,1,0.5369571889607423,1,correct
741090,Jonas Rouhi,24/25,2025,0,0.5369423405395887,1,false_positive
434711,Jakov Blagaic,24/25,2025,1,0.5369414407860417,1,correct
553772,Oleksandr Romanchuk,24/25,2025,1,0.536932082003633,1,correct
1111051,Mamadou Gning,24/25,2025,0,0.5369193052762985,1,false_positive
469762,Agustín Cardozo,24/25,2025,0,0.536912430280604,1,false_positive
335733,Daniel Naumov,24/25,2025,1,0.536911381089776,1,correct
1079591,Lorenzo Ciarmoli,24/25,2025,1,0.5369110726123382,1,correct
343157,Angelos Zioulis,24/25,2025,0,0.5368744194844405,1,false_positive
213351,Christian Irobiso,24/25,2025,1,0.5368541434065385,1,correct
326921,Christopher Lannert,24/25,2025,0,0.536837401109818,1,false_positive
863831,Lamarana Jallow,24/25,2025,0,0.5368369361592313,1,false_positive
833268,Alonso Aceves,24/25,2025,0,0.5368146676457489,1,false_positive
315312,Juanma García,24/25,2025,1,0.5368120156902314,1,correct
481344,Alessandro Russo,24/25,2025,1,0.5367851673343498,1,correct
74230,Pablo Sarabia,24/25,2025,1,0.53672681125462,1,correct
329324,Johannes Dörfler,24/25,2025,0,0.5367228477106859,1,false_positive
495963,Richie Musaba,24/25,2025,0,0.5367148887168288,1,false_positive
1297382,Valerio Conti,24/25,2025,0,0.5367092747088165,1,false_positive
568242,Lachezar Kotev,24/25,2025,0,0.5367069007826871,1,false_positive
467241,Oleksandr Safronov,24/25,2025,1,0.536694102644095,1,correct
621997,Cieran Slicker,24/25,2025,1,0.5366885899624453,1,correct
693125,Liam Higgins,24/25,2025,0,0.5366834762639019,1,false_positive
275020,Héber Pena,24/25,2025,1,0.536674298619757,1,correct
885858,Riccardo De Zen,24/25,2025,0,0.5366542670040972,1,false_positive
667640,Alexandru Borbei,24/25,2025,1,0.536644299462601,1,correct
102037,Jamal Bhuyan,24/25,2025,0,0.5366359007910918,1,false_positive
354741,Loren Morón,24/25,2025,0,0.53662776311082,1,false_positive
257805,Mathias Normann,24/25,2025,1,0.536623803012687,1,correct
526873,Jake Eastwood,24/25,2025,1,0.5366092483236677,1,correct
744278,Benjamín Rojas,24/25,2025,1,0.5365929113910362,1,correct
295024,Samet Akaydin,24/25,2025,0,0.5365854913712227,1,false_positive
291423,Giorgio Piacentini,24/25,2025,0,0.5365663785002273,1,false_positive
62750,Giacomo Rosaia,24/25,2025,0,0.5365517366990954,1,false_positive
620834,Joel Bichsel,24/25,2025,0,0.5365013264064095,1,false_positive
728262,Julián Palacios,24/25,2025,0,0.5364876179430951,1,false_positive
177031,Emrah Başsan,24/25,2025,1,0.5364628814811992,1,correct
164893,Márk Jagodics,24/25,2025,1,0.5364297129705697,1,correct
167505,Danu Spataru,24/25,2025,1,0.5364275332904359,1,correct
442493,Kornél Csernik,24/25,2025,1,0.5364240340609389,1,correct
947115,Xavi Grande,24/25,2025,1,0.536416603825979,1,correct
709407,Dwann Oliveira,24/25,2025,1,0.536411608116395,1,correct
537367,Alfonso Pastor,24/25,2025,1,0.5363990782229806,1,correct
560988,Azzan Al-Tamtami,24/25,2025,1,0.5363963711363182,1,correct
529315,Alexander Muci,24/25,2025,1,0.5363790703622561,1,correct
345604,Toni Tasev,24/25,2025,1,0.5363605385801555,1,correct
875328,Biel,24/25,2025,1,0.536342976297021,1,correct
324321,Bernard Mensah,24/25,2025,1,0.5362889818212282,1,correct
314362,Hayden Coulson,24/25,2025,0,0.536259054840271,1,false_positive
317742,Nils Lihsek,24/25,2025,1,0.5362587761991874,1,correct
872170,Gregorio Tanco,24/25,2025,1,0.5362462835598375,1,correct
89086,Aleksandr Kokorin,24/25,2025,0,0.5362377584389787,1,false_positive
528515,Maximilian Großer,24/25,2025,0,0.5362147842297234,1,false_positive
74297,Gaël Kakuta,24/25,2025,0,0.5362097551675395,1,false_positive
592358,Victor Lobry,24/25,2025,0,0.5361820701246635,1,false_positive
292032,Pelle Hoppe,24/25,2025,1,0.536171831378368,1,correct
459151,Nicolò Cambiaghi,24/25,2025,0,0.536169077056869,1,false_positive
700992,Giacomo Ruggeri,24/25,2025,1,0.5361665076766304,1,correct
280387,Vincent Sierro,24/25,2025,1,0.53614685321615,1,correct
293241,Miomir Djurickovic,24/25,2025,1,0.5361161705681332,1,correct
354145,Jorge Carrascal,24/25,2025,1,0.5360937935415876,1,correct
593934,Nuno Rodrigues,24/25,2025,0,0.5360717483347768,1,false_positive
655629,Fotis Pseftis,24/25,2025,0,0.5360705401796446,1,false_positive
684061,Lucas Soares,24/25,2025,0,0.5360518773264863,1,false_positive
718232,Abdoulaye Kamara,24/25,2025,1,0.5360513353536793,1,correct
589096,Khalid Mohammed,24/25,2025,1,0.5360496183925033,1,correct
394304,Manolo Portanova,24/25,2025,1,0.5360298661341835,1,correct
1059678,Luca Horst,24/25,2025,1,0.5359997162417067,1,correct
668684,Konstantinos Lampsias,24/25,2025,1,0.5359775170134857,1,correct
377042,Michael Folorunsho,24/25,2025,1,0.5359570493451264,1,correct
548511,Federico Botti,24/25,2025,0,0.5359348543516398,1,false_positive
411179,Mika Schneider,24/25,2025,0,0.5359337464151556,1,false_positive
996478,Samuel Hodur,24/25,2025,0,0.535925950246589,1,false_positive
72505,Thomas Meißner,24/25,2025,0,0.5359152345903653,1,false_positive
637782,André Amaro,24/25,2025,0,0.5359037977466675,1,false_positive
692036,Marcel Bergmann,24/25,2025,1,0.5358832916150089,1,correct
124932,Francesco De Rose,24/25,2025,0,0.5358827975004608,1,false_positive
354772,Michaell Chirinos,24/25,2025,0,0.535882411641977,1,false_positive
1054933,Daouda Doumbia,24/25,2025,1,0.5358343761074037,1,correct
1035864,Leon Mergner,24/25,2025,0,0.5357949177269913,1,false_positive
589753,Ilija Masic,24/25,2025,0,0.5357864929166472,1,false_positive
1175463,Cassiano Bouzon,24/25,2025,1,0.5357852268735127,1,correct
572299,Iago López,24/25,2025,1,0.5357638741326789,1,correct
1035504,Nikolas Penev,24/25,2025,1,0.535749397560041,1,correct
910867,Wiktor Matyjewicz,24/25,2025,0,0.5357422993892468,1,false_positive
839789,Bálint Szabó,24/25,2025,0,0.5357391884493645,1,false_positive
380191,Ioannis Pittas,24/25,2025,0,0.5357170662499104,1,false_positive
934148,Gabriele Perricci,24/25,2025,1,0.535668363295022,1,correct
339982,Bright Gyamfi,24/25,2025,1,0.535664071125488,1,correct
131357,Pedro Capó,24/25,2025,1,0.5356596977999463,1,correct
129592,Julien De Sart,24/25,2025,0,0.5356439274143205,1,false_positive
548109,Iván Morante,24/25,2025,0,0.5356166924754545,1,false_positive
941120,Yazid Joshan,24/25,2025,0,0.5355853123299453,1,false_positive
330560,Alessandro Celli,24/25,2025,0,0.5355539988172654,1,false_positive
723614,Francesco D'Alessio,24/25,2025,0,0.5355516956913661,1,false_positive
251896,Jesús Vallejo,24/25,2025,1,0.5355451289936644,1,correct
393217,Mert Yılmaz,24/25,2025,1,0.5355392045033575,1,correct
520787,Ruan Teles,24/25,2025,1,0.535475370544237,1,correct
415525,Kanya Fujimoto,24/25,2025,1,0.5354745017678979,1,correct
526164,Kristian Kirkegaard,24/25,2025,1,0.5354589275256586,1,correct
464402,Dániel Karacs,24/25,2025,0,0.5354244234917381,1,false_positive
740322,Hassan Aladin,24/25,2025,0,0.5353990980887199,1,false_positive
282365,Juan Cruz Kaprof,24/25,2025,1,0.535383665782879,1,correct
281633,Alberto Tentardini,24/25,2025,0,0.5353162405365641,1,false_positive
956590,Bence Somfalvi,24/25,2025,1,0.5352886881362658,1,correct
390631,Tobias Gunte,24/25,2025,1,0.535280818356618,1,correct
521329,Carlos Redru,24/25,2025,0,0.535280149300506,1,false_positive
717885,Marwane Kritta,24/25,2025,0,0.5352589945230282,1,false_positive
470375,Mateusz Zukowski,24/25,2025,1,0.5352093995889904,1,correct
910777,Aseel Abed,24/25,2025,1,0.5352068358253631,1,correct
324946,Emanuel Cecchini,24/25,2025,0,0.5352028447688206,1,false_positive
743387,Stanis Idumbo,24/25,2025,1,0.5351905528379923,1,correct
615350,Cenk Özkacar,24/25,2025,1,0.5351778697035953,1,correct
1180000,Jac Norris,24/25,2025,1,0.5351753243582003,1,correct
128220,Luis Alberto,24/25,2025,0,0.5351740920563576,1,false_positive
195215,Thomas Gösweiner,24/25,2025,0,0.5351620133027156,1,false_positive
910540,Ben Jablonski,24/25,2025,0,0.535083654076879,1,false_positive
61694,Neil Etheridge,24/25,2025,0,0.5350694101258806,1,false_positive
392966,Nadir Zortea,24/25,2025,1,0.5350566718572806,1,correct
210178,Pablo Marí,24/25,2025,0,0.5350470167955325,1,false_positive
131257,Jonathan Moya,24/25,2025,1,0.5350429119699988,1,correct
587700,Pascal Kokott,24/25,2025,1,0.5350383912822055,1,correct
913461,Alessandro Seghetti,24/25,2025,1,0.5350343049635078,1,correct
1164260,Edin Etoski,24/25,2025,0,0.5349985175087455,1,false_positive
632872,Francisco Mwepu,24/25,2025,1,0.5349560329041614,1,correct
603691,Ernestas Juškevičius,24/25,2025,1,0.5349369945900958,1,correct
420807,Simranjit Thandi,24/25,2025,1,0.534930173854066,1,correct
734543,Tommaso Lombardi,24/25,2025,0,0.5349286057861378,1,false_positive
1066953,Mateo Chávez,24/25,2025,1,0.5349236852145779,1,correct
934496,Gioele Cardoni,24/25,2025,0,0.5349162391654259,1,false_positive
720524,Alexis Chamorro,24/25,2025,0,0.5349069047042949,1,false_positive
667066,Alessio Guerini,24/25,2025,0,0.534893251954522,1,false_positive
192731,Jakub Holubek,24/25,2025,0,0.5348855046710291,1,false_positive
379168,Noah Fadiga,24/25,2025,1,0.5348316393354994,1,correct
292417,Demarai Gray,24/25,2025,1,0.5347984065064427,1,correct
83370,Stefano Scappini,24/25,2025,1,0.534785426730922,1,correct
574448,Harry Tyrer,24/25,2025,0,0.5347686495279812,1,false_positive
159288,Arlind Ajeti,24/25,2025,0,0.5347111965098061,1,false_positive
536619,Raúl Sánchez,24/25,2025,1,0.5347104399771573,1,correct
1009618,Aljaz Strajnar,24/25,2025,1,0.5347042898965995,1,correct
1146759,Nick Doktorczyk,24/25,2025,0,0.5346692275488081,1,false_positive
185817,Jizz Hornkamp,24/25,2025,0,0.5346678308898253,1,false_positive
395740,Samuele Rosano,24/25,2025,0,0.5346630454001496,1,false_positive
201654,Barna Kesztyűs,24/25,2025,0,0.5346520151711246,1,false_positive
440879,Stefano Tuzza,24/25,2025,0,0.5346005247587868,1,false_positive
265072,Simone Auriletto,24/25,2025,0,0.5345991408990863,1,false_positive
283196,Kasper Dolberg,24/25,2025,1,0.5345844987419104,1,correct
684116,Silas Ostrzinski,24/25,2025,0,0.5345654287105489,1,false_positive
623119,Styopa Mkrtchyan,24/25,2025,0,0.5345452857411571,1,false_positive
746892,Giuseppe Simone,24/25,2025,0,0.5345281279874791,1,false_positive
531674,Rúben Rodrigues,24/25,2025,1,0.5345113096794704,1,correct
784551,Petar Malisic,24/25,2025,1,0.5345072312889888,1,correct
343332,Stefano Russo,24/25,2025,0,0.5344792780409894,1,false_positive
120300,Ivan Knezevic,24/25,2025,0,0.5344223462974825,1,false_positive
894162,Aron Gjergji,24/25,2025,0,0.5344185593119509,1,false_positive
335221,Dani Martín,24/25,2025,1,0.5344085490243315,1,correct
668267,Marcos Leonardo,24/25,2025,0,0.534305987997117,1,false_positive
242469,Mario Gargiulo,24/25,2025,1,0.5342766724888952,1,correct
1170416,Scott Constable,24/25,2025,0,0.5342534175250047,1,false_positive
502245,Dion De Neve,24/25,2025,1,0.5342527366756863,1,correct
94116,Patrick Göbel,24/25,2025,0,0.5342448159465827,1,false_positive
342966,Dennis Smarsch,24/25,2025,1,0.5342398819644838,1,correct
570417,Nathan Broome,24/25,2025,1,0.5342263394493229,1,correct
895906,Dimitrios Laskaris,24/25,2025,0,0.5342255451051483,1,false_positive
334297,Kostandin Kariqi,24/25,2025,0,0.5341330933808679,1,false_positive
290273,Álvaro Tejero,24/25,2025,1,0.5341253396046622,1,correct
245070,Alen Ozbolt,24/25,2025,0,0.5341202621322254,1,false_positive
197860,Pedro Rebocho,24/25,2025,0,0.5341039670946961,1,false_positive
928630,Finn de Bruin,24/25,2025,0,0.5340495626315894,1,false_positive
281791,Damian Węglarz,24/25,2025,0,0.5340452512363867,1,false_positive
1348532,Juanma Cordero,24/25,2025,0,0.5340367103557465,1,false_positive
216179,Stefano Sensi,24/25,2025,1,0.5340270171015461,1,correct
816590,Uche Obiogumu,24/25,2025,1,0.5340075739957305,1,correct
967523,Aaron Reid,24/25,2025,0,0.5339975763251316,1,false_positive
58884,Nacho Fernández,24/25,2025,0,0.5339921153316582,1,false_positive
1231401,Victor Orakpo,24/25,2025,1,0.533990125691071,1,correct
131821,Thomas Lam,24/25,2025,0,0.5339873352497048,1,false_positive
1078416,Bradel Kiwa,24/25,2025,0,0.5339785306748822,1,false_positive
906254,Chris Forino,24/25,2025,0,0.5339514918461361,1,false_positive
395164,José Angulo,24/25,2025,1,0.5339341924481938,1,correct
668571,Daniel Kerl,24/25,2025,1,0.5339316068615877,1,correct
297034,Ilya Petrov,24/25,2025,0,0.533924429539902,1,false_positive
396337,Miguel San Román,24/25,2025,1,0.5338950713541457,1,correct
346309,Morgan Faßbender,24/25,2025,0,0.533811424995267,1,false_positive
627213,Gabriel Pereira,24/25,2025,0,0.5338039330222599,1,false_positive
991486,Iván Quivira,24/25,2025,1,0.5337802533776662,1,correct
1153574,Viktorio Valkov,24/25,2025,0,0.533775622863314,1,false_positive
315110,Karl Toko Ekambi,24/25,2025,1,0.5337753555170902,1,correct
417515,Mbaye Seck,24/25,2025,0,0.5337548407707745,1,false_positive
970266,Steven Hall,24/25,2025,0,0.5336942791941971,1,false_positive
282410,José Carlos Lazo,24/25,2025,0,0.5336918908109627,1,false_positive
116772,Niklas Brandt,24/25,2025,1,0.5336796302030363,1,correct
284876,Paolo Fernandes,24/25,2025,1,0.5336396199525844,1,correct
255359,Valeriy Gorbachik,24/25,2025,1,0.5336389733043083,1,correct
621122,Matteo Angeli,24/25,2025,0,0.5336340357640349,1,false_positive
700182,Facundo Pérez,24/25,2025,1,0.5336180376649605,1,correct
173750,Nouha Dicko,24/25,2025,0,0.5336129076306365,1,false_positive
203645,Manuel Martic,24/25,2025,1,0.5336032165600741,1,correct
328573,Barnabás Varga,24/25,2025,0,0.5335619995663272,1,false_positive
318058,Manuel Nicoletti,24/25,2025,1,0.5335495540965552,1,correct
568156,Antonio Pacheco,24/25,2025,0,0.5335349961688169,1,false_positive
1051467,Tommaso Vinzioli,24/25,2025,1,0.5335113287099947,1,correct
902200,Jesse Khan,24/25,2025,0,0.5334718049861206,1,false_positive
1163866,Samad Popoola,24/25,2025,0,0.5334625371957417,1,false_positive
61697,Wes Foderingham,24/25,2025,1,0.5334505561734708,1,correct
794115,Che Krabbendam,24/25,2025,1,0.5334466099101574,1,correct
237029,Marcell Sobotta,24/25,2025,1,0.5334413743382207,1,correct
626854,Kevin Höög Jansson,24/25,2025,0,0.5334401019012973,1,false_positive
124416,Patrick Schmidt,24/25,2025,0,0.5334247212758443,1,false_positive
333498,Dino Halilovic,24/25,2025,1,0.5333558852795004,1,correct
278190,Ivan Konovalov,24/25,2025,1,0.5333558458421317,1,correct
289553,Xavier Gies,24/25,2025,1,0.5333512951516322,1,correct
229265,Luca Ferri,24/25,2025,0,0.5333281157656109,1,false_positive
1091219,Abdoulaye Kanté,24/25,2025,1,0.5333240893348962,1,correct
577881,Mohamed Ali Ben Romdhane,24/25,2025,1,0.5333226073004078,1,correct
802214,Melsi Cereni,24/25,2025,1,0.5333092477458851,1,correct
1129797,Giovanni Di Lelio,24/25,2025,0,0.5332904561389459,1,false_positive
804885,Martin Expérience,24/25,2025,0,0.5332867030717513,1,false_positive
391797,Matteo Della Morte,24/25,2025,1,0.5332611597018202,1,correct
567476,Gabriele Berto,24/25,2025,0,0.5332307949494829,1,false_positive
526784,Amadou Ciss,24/25,2025,1,0.5332028057941507,1,correct
228405,Serhat Kot,24/25,2025,1,0.5331874594744845,1,correct
222007,Bernard Kyere,24/25,2025,1,0.5331797243527145,1,correct
163654,Kevin García,24/25,2025,0,0.5331610743483404,1,false_positive
456898,Vladan Danilović,24/25,2025,0,0.5331277107394115,1,false_positive
178469,Michael Krmencik,24/25,2025,0,0.5331132924390525,1,false_positive
740102,Mateja Djordjević,24/25,2025,1,0.5331041186968257,1,correct
264011,Gergő Rácz,24/25,2025,0,0.5330894916913846,1,false_positive
199257,László Pekár,24/25,2025,0,0.5330627557212764,1,false_positive
210631,Davide Zagnoni,24/25,2025,0,0.5330404398705805,1,false_positive
645962,Joep Munsters,24/25,2025,1,0.5330403090378826,1,correct
496606,Dominick Zator,24/25,2025,1,0.5330248203079645,1,correct
412607,Eoin Toal,24/25,2025,0,0.5330154772139662,1,false_positive
253765,Wesley Hoedt,24/25,2025,0,0.5330105049449531,1,false_positive
411371,Tommaso Nobile,24/25,2025,0,0.5329909946717909,1,false_positive
1177190,Ye-chan Lee,24/25,2025,0,0.5329530771307948,1,false_positive
724062,Mario Pejazic,24/25,2025,1,0.5329353396011477,1,correct
344178,Bence Szabó,24/25,2025,0,0.532925854341072,1,false_positive
193724,Vito Hammershöy-Mistrati,24/25,2025,0,0.5329056875225126,1,false_positive
1157538,Jan Petek,24/25,2025,1,0.5329026294760891,1,correct
158623,Cyrus Christie,24/25,2025,1,0.5328966600016434,1,correct
594731,Fabio Gruber,24/25,2025,0,0.5328893819568089,1,false_positive
172015,Fernando Pacheco,24/25,2025,1,0.5328882493028022,1,correct
597256,Houssen Abderrahmane,24/25,2025,0,0.5328869508376007,1,false_positive
550580,Shuto Machino,24/25,2025,1,0.5328662173903995,1,correct
100722,Lago Júnior,24/25,2025,1,0.5328264377907312,1,correct
900172,Stefano Mazzaroppi,24/25,2025,0,0.5328219789590363,1,false_positive
950091,Stefanos Tzimas,24/25,2025,0,0.5328158087100158,1,false_positive
530166,Stylianos Kokovas,24/25,2025,0,0.5328119613397058,1,false_positive
315138,Mats Knoester,24/25,2025,0,0.5328103964406107,1,false_positive
1121304,Emmanuel Gono,24/25,2025,0,0.5328079592351836,1,false_positive
215213,Aleksandr Vasyutin,24/25,2025,0,0.5327761509451109,1,false_positive
1027421,Ahmed Khatir,24/25,2025,1,0.5327605546208936,1,correct
416380,Ragnar Ache,24/25,2025,1,0.5327569430809618,1,correct
120029,Džiugas Bartkus,24/25,2025,1,0.5327478525362005,1,correct
281246,Kamil Zapolnik,24/25,2025,0,0.5327262889928427,1,false_positive
273132,Robin Gosens,24/25,2025,1,0.5327166447530718,1,correct
158120,Ismael Tajouri-Shradi,24/25,2025,1,0.5327096238701261,1,correct
981485,Luis Córdova,24/25,2025,0,0.5327037177399245,1,false_positive
612517,Bashir Humphreys,24/25,2025,1,0.5327024720548124,1,correct
408311,Andrea Delcarro,24/25,2025,0,0.5326907580948426,1,false_positive
188470,Francisco Calvo,24/25,2025,1,0.5326624937809332,1,correct
911373,Dominik Kovács,24/25,2025,1,0.5326419435003519,1,correct
929467,Kamil Jakubczyk,24/25,2025,0,0.5326227040072081,1,false_positive
142947,Patrik Bacsa,24/25,2025,0,0.5326183248436435,1,false_positive
486204,Klisman Cake,24/25,2025,0,0.532611496253091,1,false_positive
21286,Ousmane Pato,24/25,2025,1,0.5325959328860385,1,correct
1064402,Ander Sánchez,24/25,2025,0,0.5325878817546146,1,false_positive
196095,Luca Waldschmidt,24/25,2025,0,0.5325448283990676,1,false_positive
744903,Ieltsin Camões,24/25,2025,0,0.5325401887936386,1,false_positive
434433,Nikola Krstović,24/25,2025,1,0.532539801819728,1,correct
402911,Stefano Rossoni,24/25,2025,0,0.5325356990767022,1,false_positive
607914,Johan Kury,24/25,2025,1,0.5325336775900585,1,correct
653401,Isaak Akritidis,24/25,2025,0,0.532531898687997,1,false_positive
836196,Matyas Vojta,24/25,2025,0,0.5325246257175575,1,false_positive
540059,Andreas Athanasakopoulos,24/25,2025,1,0.5324989350721908,1,correct
412539,Dimitar Iliev,24/25,2025,0,0.5324939401224755,1,false_positive
238809,Florent Hadergjonaj,24/25,2025,0,0.5324908012511587,1,false_positive
393240,Boyd Reith,24/25,2025,1,0.5324716623698362,1,correct
156721,Luka Milunovic,24/25,2025,1,0.5324708556094344,1,correct
627294,Fer Niño,24/25,2025,0,0.5324202036595475,1,false_positive
101345,Pasquale Maiorino,24/25,2025,0,0.5324130332329583,1,false_positive
726697,Cristian Devenish,24/25,2025,0,0.5324081505247218,1,false_positive
703007,Andreas Karamanolis,24/25,2025,1,0.5324076127307145,1,correct
124769,Luca Marrone,24/25,2025,0,0.5324008068683809,1,false_positive
810312,Juri Schüchter,24/25,2025,1,0.5324002178305712,1,correct
569866,Roberto López,24/25,2025,0,0.5323887015915231,1,false_positive
418557,Johan Hove,24/25,2025,0,0.5323815826081633,1,false_positive
355791,Fabrizio Brignani,24/25,2025,1,0.5323647418945762,1,correct
983843,Neneca,24/25,2025,1,0.5323603722885578,1,correct
528245,Dorian Cevis,24/25,2025,0,0.5323070742829913,1,false_positive
824737,Mattia Aprea,24/25,2025,1,0.5323026329599743,1,correct
633111,Álex Calatrava,24/25,2025,0,0.532259500307886,1,false_positive
1309985,Gonzalo Casas,24/25,2025,1,0.532257264833489,1,correct
467992,Samuele Ricci,24/25,2025,1,0.5322567268879846,1,correct
353403,Samuel Moutoussamy,24/25,2025,1,0.5322477900053381,1,correct
885310,Ardit Nuredini,24/25,2025,1,0.5322459835395027,1,correct
798419,Ferdinand Scholl,24/25,2025,1,0.5321667751137623,1,correct
262861,Sebastián Palacios,24/25,2025,1,0.5321520195947689,1,correct
646701,Prince Aning,24/25,2025,0,0.5321256257303056,1,false_positive
572441,Maximilian Adamski,24/25,2025,0,0.5321229552548419,1,false_positive
649765,Ákos Király,24/25,2025,0,0.5321158325917178,1,false_positive
240197,Isaac Donkor,24/25,2025,1,0.5320974440780032,1,correct
1063448,Ilias Elyazidi,24/25,2025,1,0.5320518100916086,1,correct
1321718,João Gastão,24/25,2025,1,0.5320398127488531,1,correct
917931,Aaron Bayakala,24/25,2025,0,0.5320234913103971,1,false_positive
228917,Jorge Miramón,24/25,2025,0,0.5320206104286433,1,false_positive
937952,Javier Fernández,24/25,2025,0,0.5320118228087529,1,false_positive
381706,Arvid Brorsson,24/25,2025,0,0.5319994946801708,1,false_positive
503161,Denzel Tawiah,24/25,2025,1,0.5319856187500204,1,correct
584087,Roni Arabaci,24/25,2025,1,0.5319790616535695,1,correct
484703,Michael Liguori,24/25,2025,1,0.5319758057953952,1,correct
233782,Aïssa Laïdouni,24/25,2025,0,0.5319754231859203,1,false_positive
334371,Marcos Curado,24/25,2025,0,0.5319653707005526,1,false_positive
147697,Vinícius,24/25,2025,0,0.5319652801599893,1,false_positive
56853,Federico Casarini,24/25,2025,0,0.5319603563556371,1,false_positive
624905,Ramón Vila,24/25,2025,1,0.5319272125887838,1,correct
235052,Abderrazak Hamdallah,24/25,2025,1,0.5319235398777442,1,correct
433183,Tommy Doyle,24/25,2025,1,0.5319220454693234,1,correct
531413,Ale Meléndez,24/25,2025,0,0.5318944627628316,1,false_positive
284701,Samuel Portugal,24/25,2025,1,0.5318941506711168,1,correct
421118,Cris Montes,24/25,2025,1,0.5318793813114294,1,correct
602792,Florian Wustinger,24/25,2025,0,0.5318386390234093,1,false_positive
645955,Rick,24/25,2025,0,0.5318336331836611,1,false_positive
221907,Romell Quioto,24/25,2025,1,0.5318314972846008,1,correct
308822,José Romo,24/25,2025,1,0.5318314511037321,1,correct
618805,Iker Bachiller,24/25,2025,1,0.5317794401713323,1,correct
547039,Isaak Davies,24/25,2025,0,0.5317771090155647,1,false_positive
531679,Ethan Laird,24/25,2025,0,0.5317719103718416,1,false_positive
324803,Nicolas Janvier,24/25,2025,0,0.5317675857044709,1,false_positive
351181,Yusuf,24/25,2025,0,0.5317668083570753,1,false_positive
690425,Philip Fahrner,24/25,2025,0,0.5317620397836583,1,false_positive
624542,Damiano Lazzeri,24/25,2025,0,0.5317490904644596,1,false_positive
707530,Ardian Bajrami,24/25,2025,1,0.5317472334140991,1,correct
226005,Franco Fragapane,24/25,2025,0,0.5317197277868666,1,false_positive
379820,Francesco Mazzavillani,24/25,2025,0,0.5317109454716906,1,false_positive
515624,Henri Koudossou,24/25,2025,1,0.5316728860717571,1,correct
183720,Anwar El Ghazi,24/25,2025,1,0.5316311664993408,1,correct
947696,Miroslav Kolev,24/25,2025,0,0.5316206912032941,1,false_positive
534410,Sikiru Olatunbosun,24/25,2025,1,0.5316127575926018,1,correct
190263,Predrag Rajković,24/25,2025,0,0.5316099517415835,1,false_positive
520815,Ousseynou Ba,24/25,2025,0,0.5316082274806501,1,false_positive
1056213,Orazio Pazienza,24/25,2025,0,0.5315972970706733,1,false_positive
1044735,Filip Mikes,24/25,2025,1,0.5315926295752275,1,correct
160137,Tom Barkhuizen,24/25,2025,1,0.5315881203139057,1,correct
539800,Momodou Jaiteh,24/25,2025,1,0.5315804093808445,1,correct
1304447,Malik Odeyinka,24/25,2025,1,0.5315769380573834,1,correct
283214,Mathias Kristensen,24/25,2025,0,0.5315487765683651,1,false_positive
487850,Oladapo Afolayan,24/25,2025,0,0.5315463020538063,1,false_positive
295822,Robert Geantă,24/25,2025,1,0.5315438699898372,1,correct
337043,Leonard Langhans,24/25,2025,0,0.531536258307677,1,false_positive
312932,Eraldo Cinari,24/25,2025,1,0.5315333438776488,1,correct
537375,Simo Bouzaidi,24/25,2025,1,0.5314734635238624,1,correct
196146,Kasim Rabihic,24/25,2025,0,0.5314619119789167,1,false_positive
1073078,Fernando Mimbacas,24/25,2025,1,0.5314455956855753,1,correct
710865,Dominik Csontos,24/25,2025,0,0.5314273843108749,1,false_positive
1226008,Yanis Fetheddine,24/25,2025,1,0.5314063023501201,1,correct
570059,Nikola Gluscevic,24/25,2025,0,0.5313743091382117,1,false_positive
564049,Steve Seddon,24/25,2025,1,0.5313579178187748,1,correct
951325,Antonio Del Gesso,24/25,2025,1,0.5313381836134707,1,correct
610690,Oliver Wright,24/25,2025,1,0.5313233988933171,1,correct
282694,Augusto Solari,24/25,2025,1,0.5313121061026235,1,correct
381133,Pasqual Verkamp,24/25,2025,0,0.5313022366212373,1,false_positive
672449,Zé Pedro,24/25,2025,1,0.5312996399734499,1,correct
60916,Ryan Dow,24/25,2025,0,0.5312466464052922,1,false_positive
369078,Rahil Mammadov,24/25,2025,1,0.5312449956883275,1,correct
298589,David García,24/25,2025,0,0.5312440051255836,1,false_positive
146752,Gianluca Caprari,24/25,2025,0,0.5312088413238865,1,false_positive
157543,Dimitrios Kourbelis,24/25,2025,0,0.5311939917524565,1,false_positive
484389,Kell Watts,24/25,2025,0,0.5311927285581923,1,false_positive
33829,José Fonte,24/25,2025,0,0.531178284244731,1,false_positive
65841,Josep Antoni,24/25,2025,1,0.531169563155864,1,correct
441170,Valentin Rosier,24/25,2025,1,0.5311609036529341,1,correct
462328,Alessandro Fabbri,24/25,2025,1,0.5311402715737062,1,correct
1069869,Bruno Franco,24/25,2025,1,0.5311244260906023,1,correct
461843,Juan Berrocal,24/25,2025,1,0.5311218714330082,1,correct
963674,Vladimir Ivanov,24/25,2025,0,0.5311146189517358,1,false_positive
425764,Kelsey Mooney,24/25,2025,0,0.5311041337115037,1,false_positive
91949,Trigueira,24/25,2025,0,0.5310982392941409,1,false_positive
927608,Diogo Amaro,24/25,2025,0,0.531024474369003,1,false_positive
458780,Gianluca Mastromonaco,24/25,2025,0,0.5310073914877245,1,false_positive
572689,Ivan Milosavljevic,24/25,2025,1,0.5309901505292186,1,correct
373301,Silva,24/25,2025,1,0.5309409735661481,1,correct
872090,Mouhcine Bouriga,24/25,2025,1,0.5309150658764071,1,correct
697716,Serginho,24/25,2025,1,0.5308925415470771,1,correct
49499,Georginio Wijnaldum,24/25,2025,0,0.5308880884722798,1,false_positive
205054,Norbert Gyömbér,24/25,2025,0,0.5308786973228281,1,false_positive
673971,Franklin Sasere,24/25,2025,1,0.530867291099593,1,correct
1121945,Martin Georgiev,24/25,2025,0,0.5307977822084134,1,false_positive
83002,Hiroki Sakai,24/25,2025,0,0.5307930448059253,1,false_positive
365449,Xian Emmers,24/25,2025,1,0.5307700453646026,1,correct
815550,Andrea Bartoccioni,24/25,2025,0,0.5307601384491643,1,false_positive
937042,Darius Fălcușan,24/25,2025,1,0.530752096300705,1,correct
234499,Frédéric Maciel,24/25,2025,1,0.5307473907583327,1,correct
128905,Josh McEachran,24/25,2025,1,0.5307362178696434,1,correct
465818,Brian Rodríguez,24/25,2025,0,0.5307257653911577,1,false_positive
510329,Hugo Rama,24/25,2025,1,0.530711879680665,1,correct
286037,Dusan Stevanovic,24/25,2025,1,0.5307071736786702,1,correct
696346,Jay Stansfield,24/25,2025,0,0.530691997061508,1,false_positive
895946,Giovanni Perini,24/25,2025,1,0.5306656883154868,1,correct
272786,Gábor Megyeri,24/25,2025,0,0.5306579435299834,1,false_positive
1110073,Nilas Yacobi,24/25,2025,1,0.5306558705858783,1,correct
363223,Jack Hendry,24/25,2025,0,0.5306499107956448,1,false_positive
961297,Rodrigo Mendoza,24/25,2025,0,0.5306254061505862,1,false_positive
728688,Denis Kramar,24/25,2025,0,0.5305989477050826,1,false_positive
818252,Pedro Malheiro,24/25,2025,1,0.5305695858535484,1,correct
481834,Andrea Carboni,24/25,2025,0,0.53056347301147,1,false_positive
710653,Iker Alday,24/25,2025,1,0.5305014738654559,1,correct
704682,Marco Forapani,24/25,2025,0,0.5304947208227795,1,false_positive
535740,Giuseppe Ciocci,24/25,2025,0,0.5304915973648738,1,false_positive
44948,Fernando Forestieri,24/25,2025,1,0.5304799574357862,1,correct
1066821,Vasilios Archontakakis,24/25,2025,0,0.5304161524227211,1,false_positive
207376,Konstantinos Bouloulis,24/25,2025,0,0.5303986423680487,1,false_positive
578461,Nikola Borisov,24/25,2025,1,0.5303749276569675,1,correct
212216,Jhonatan,24/25,2025,0,0.530363230821472,1,false_positive
1048337,Foster Gyamfi,24/25,2025,0,0.5303554522134104,1,false_positive
1285972,Lorenzo Costa,24/25,2025,0,0.5303429170562253,1,false_positive
813856,Bence Ominger,24/25,2025,0,0.5303403505559305,1,false_positive
648509,Fourat Soltani,24/25,2025,1,0.5303064019362996,1,correct
152733,Onur Bulut,24/25,2025,1,0.5302772422685876,1,correct
738046,Ismael Mansaray,24/25,2025,1,0.5302608313152611,1,correct
305946,José Gomes,24/25,2025,0,0.5302599356917446,1,false_positive
720984,Márk Helembai,24/25,2025,1,0.5302427495467636,1,correct
605780,Dawid Kocyla,24/25,2025,0,0.5302359856063296,1,false_positive
650472,Blnd Hassan,24/25,2025,1,0.5302157455668244,1,correct
1056287,Pietro Pinelli,24/25,2025,0,0.5302133422903349,1,false_positive
901019,Neil El Aynaoui,24/25,2025,1,0.5302095568874876,1,correct
666563,Kelvin John,24/25,2025,0,0.5302076223435506,1,false_positive
139781,Tom Bradshaw,24/25,2025,0,0.5302060712883275,1,false_positive
307341,Andrea Trainotti,24/25,2025,0,0.5302022188232965,1,false_positive
1172382,Francesco Limberti,24/25,2025,0,0.530195487627907,1,false_positive
501007,Marko Bugarin,24/25,2025,0,0.5301512373479419,1,false_positive
634460,Álex Balboa,24/25,2025,1,0.5301472412437283,1,correct
296704,Jaume Valens,24/25,2025,1,0.5301392453778144,1,correct
495124,Brian Orosco,24/25,2025,0,0.5301165889657536,1,false_positive
851725,Ivan Tasev,24/25,2025,0,0.5300933412550041,1,false_positive
432090,Nicolò Fagioli,24/25,2025,1,0.5300930886923567,1,correct
621195,Bas Van den Eynden,24/25,2025,1,0.5300868694954041,1,correct
440163,Miguel Mellado,24/25,2025,1,0.5300849572662395,1,correct
924110,Efe Korkut,24/25,2025,0,0.5300779340311509,1,false_positive
282897,Kristiyan Malinov,24/25,2025,1,0.5300508960191557,1,correct
388139,Mateo Topic,24/25,2025,0,0.5300429485650034,1,false_positive
343094,Martin Palincsár,24/25,2025,1,0.5300287040073436,1,correct
500274,Lorenzo Milani,24/25,2025,0,0.5300120627743782,1,false_positive
272698,Mohamed Hamdaoui,24/25,2025,0,0.5299834001966598,1,false_positive
460347,Giovani Bamba,24/25,2025,1,0.5299809987830697,1,correct
655899,Serdar Saatçı,24/25,2025,0,0.5299498619416391,1,false_positive
343536,Ikhsan Fandi,24/25,2025,1,0.5299433971790635,1,correct
164402,Dioni,24/25,2025,1,0.5299411546926384,1,correct
232390,Lukas Skovajsa,24/25,2025,0,0.5299359826778253,1,false_positive
987505,Alessandro Elia,24/25,2025,1,0.529910176940469,1,correct
511883,Andronikos Kakoullis,24/25,2025,1,0.5299091273840805,1,correct
66736,Lisandro Magallán,24/25,2025,1,0.5298955058017186,1,correct
689891,Romoney Crichlow,24/25,2025,1,0.5298875770578771,1,correct
494283,Enrico Dueñas,24/25,2025,1,0.5298846360386251,1,correct
316934,Nikola Moro,24/25,2025,0,0.529861186189317,1,false_positive
373876,Robert Ivanov,24/25,2025,1,0.5298497103600137,1,correct
221309,Óscar Plano,24/25,2025,1,0.5298104229022375,1,correct
263627,Carlos Vigaray,24/25,2025,1,0.529804111739935,1,correct
916429,Kelvin Patrick,24/25,2025,1,0.5297909241500808,1,correct
200177,Giuseppe Nicolao,24/25,2025,1,0.5297834352001252,1,correct
955276,Timi Atiki Egbe,24/25,2025,1,0.5297701021325937,1,correct
569579,Alessandro Tozzuolo,24/25,2025,1,0.5297436332678614,1,correct
483385,Nicke Kabamba,24/25,2025,0,0.5297174421577631,1,false_positive
417238,Andrey Yordanov,24/25,2025,0,0.5297095712652944,1,false_positive
97241,Victor Pálsson,24/25,2025,1,0.529697022925964,1,correct
893997,Cameron Ferguson,24/25,2025,1,0.5296942832540352,1,correct
261056,Giacomo Ricci,24/25,2025,1,0.529664928994263,1,correct
204654,Bashkim Velija,24/25,2025,1,0.5296590628824319,1,correct
1234292,Vincenzo Arzillo,24/25,2025,1,0.5296544256780688,1,correct
1192959,Federico Ottini,24/25,2025,1,0.5296445284908141,1,correct
1050912,Riccardo Rossi,24/25,2025,0,0.5296208175471795,1,false_positive
404995,Davide Diaw,24/25,2025,0,0.5296103755282434,1,false_positive
471135,Richard Krizan,24/25,2025,1,0.529606147255197,1,correct
1185755,Samuele Sina,24/25,2025,1,0.5295519053840739,1,correct
197476,Alex Redolfi,24/25,2025,1,0.5295447186202106,1,correct
340435,Eros De Santis,24/25,2025,1,0.5295296817807135,1,correct
411465,Andrea Rizzo Pinna,24/25,2025,1,0.5295273981919874,1,correct
605242,Monju Momuluh,24/25,2025,1,0.5294783921098712,1,correct
259930,Gabriel Fernández,24/25,2025,0,0.529475877861548,1,false_positive
236467,Till Schumacher,24/25,2025,0,0.5294692036244095,1,false_positive
1309281,Filippo Pedini,24/25,2025,0,0.5294675214031043,1,false_positive
303308,Cihan Kahraman,24/25,2025,0,0.5294663675743536,1,false_positive
272618,Teddy Bouriaud,24/25,2025,0,0.5294570290779059,1,false_positive
537171,Semuel Pizzignacco,24/25,2025,0,0.5294485330590112,1,false_positive
908210,Alex King,24/25,2025,1,0.5293870810806509,1,correct
185702,Danny Rose,24/25,2025,0,0.5293672524111761,1,false_positive
530927,Silvian Matei,24/25,2025,1,0.5293193051772687,1,correct
226219,Sean Raggett,24/25,2025,0,0.5293094101446928,1,false_positive
465082,Georgi Nikolov,24/25,2025,1,0.5292874958977313,1,correct
458499,Vasilios Tsimopoulos,24/25,2025,0,0.5292864905674634,1,false_positive
987811,Ifeanyi David Nduka,24/25,2025,1,0.5292347712996792,1,correct
229657,Jamal Arago,24/25,2025,0,0.5292293003041681,1,false_positive
1003451,Breno,24/25,2025,1,0.5292141257975979,1,correct
728311,Edmilson Correia,24/25,2025,0,0.5292068147268134,1,false_positive
359212,Richárd Zsolnai,24/25,2025,1,0.5292019939685226,1,correct
1119447,Christopher Bonsu Baah,24/25,2025,1,0.529192952304421,1,correct
348546,Konstantinos Tampas,24/25,2025,0,0.5291800146116055,1,false_positive
84711,João Aurélio,24/25,2025,0,0.5291705979439669,1,false_positive
897853,Petar Marinov,24/25,2025,0,0.5291576057258892,1,false_positive
404604,Patrik Blahut,24/25,2025,0,0.5291545220992947,1,false_positive
1164001,Andrea Di Vincenzo,24/25,2025,1,0.5291436563797615,1,correct
565821,Mika Biereth,24/25,2025,0,0.5291258027895164,1,false_positive
140776,Yannick Carrasco,24/25,2025,0,0.5291052987345201,1,false_positive
174733,Omar Colley,24/25,2025,1,0.5290935670747945,1,correct
492786,Andrea Allegretto,24/25,2025,0,0.5290730156318866,1,false_positive
55605,Hasan Ali Kaldırım,24/25,2025,1,0.5290725694971554,1,correct
648046,Evan Ferguson,24/25,2025,1,0.529062692397086,1,correct
641553,Alessio Rizza,24/25,2025,0,0.5290581734240531,1,false_positive
922783,Marios Dervishi,24/25,2025,0,0.5290440152218548,1,false_positive
167890,Alberto Masi,24/25,2025,1,0.5290423423369123,1,correct
125918,Lucas Villafañez,24/25,2025,0,0.5290405866486271,1,false_positive
1046867,Jan Ziolkowski,24/25,2025,1,0.5290188581145591,1,correct
548937,Evan Rottier,24/25,2025,0,0.5290152744217576,1,false_positive
1057584,Jason Anastasini,24/25,2025,0,0.5290059994212657,1,false_positive
565523,Edu Espiau,24/25,2025,1,0.5289960256870149,1,correct
87650,Julian Derstroff,24/25,2025,0,0.5289424048912511,1,false_positive
335310,Áron Fejős,24/25,2025,1,0.52890938147145,1,correct
448395,Giulio Favale,24/25,2025,0,0.5288285131105186,1,false_positive
471641,Ángelo Martino,24/25,2025,1,0.5288165435864756,1,correct
356236,Tomoki Iwata,24/25,2025,0,0.5288100392760341,1,false_positive
380478,Victor Braga,24/25,2025,1,0.5288053112844486,1,correct
969346,Alex Hudok,24/25,2025,0,0.5288035787747443,1,false_positive
736048,Arsen Lleshi,24/25,2025,0,0.5287735522038107,1,false_positive
269171,Gökhan Gül,24/25,2025,1,0.5287236125176618,1,correct
832326,Romualdas Jansonas,24/25,2025,1,0.5287156974949584,1,correct
673976,Anders Hoff,24/25,2025,0,0.5287143135140565,1,false_positive
666467,Marco Rus,24/25,2025,0,0.5287118175781699,1,false_positive
1004385,Owen Martinez-Jullien,24/25,2025,1,0.5286998402817762,1,correct
390304,Federico Ravaglia,24/25,2025,0,0.5286524157559594,1,false_positive
930021,Justin Faltyn,24/25,2025,0,0.5286457078966506,1,false_positive
422400,Ezequiel Montagna,24/25,2025,1,0.5285792785727318,1,correct
946394,Mark Mokin,24/25,2025,1,0.5285788160279132,1,correct
246836,Momcilo Raspopovic,24/25,2025,1,0.5285769006700578,1,correct
556982,Marcus Dinanga,24/25,2025,0,0.5285728109705164,1,false_positive
378532,Jonathan Stöver,24/25,2025,0,0.5285719457762642,1,false_positive
607224,Hannibal,24/25,2025,0,0.5285594420188833,1,false_positive
863829,Alagie Saine,24/25,2025,0,0.5285534852775992,1,false_positive
448557,Lorenzo Meledandri,24/25,2025,1,0.5285334285008922,1,correct
598893,Dumitru Rogac,24/25,2025,0,0.5285086108167506,1,false_positive
1011280,Donart Ibraimi,24/25,2025,1,0.528503201799272,1,correct
431185,Giannis Gerolemou,24/25,2025,1,0.5285013910526128,1,correct
1287735,Oscar Vargas,24/25,2025,0,0.5284999955484376,1,false_positive
675946,Marin Petkov,24/25,2025,0,0.5284443100050715,1,false_positive
1031551,Lorenzo Maasland,24/25,2025,0,0.5284288219344101,1,false_positive
187329,Sandy Walsh,24/25,2025,1,0.5284198649997942,1,correct
269870,Mattia Bortolussi,24/25,2025,0,0.5284111037766824,1,false_positive
338855,Matija Horvat,24/25,2025,0,0.5284050364219107,1,false_positive
337922,Esteban Burgos,24/25,2025,0,0.5283988484186113,1,false_positive
668951,Matías Soulé,24/25,2025,0,0.5283650660785657,1,false_positive
877131,Rosen Marinov,24/25,2025,1,0.5283521262264415,1,correct
402581,Thomas Rodríguez,24/25,2025,0,0.5283386463114471,1,false_positive
232418,Ondrej Duda,24/25,2025,1,0.5283279074968296,1,correct
125342,Ohad Levita,24/25,2025,1,0.5283232005185348,1,correct
458715,Robson Bambu,24/25,2025,1,0.5283106569801952,1,correct
392375,Jake Hastie,24/25,2025,0,0.5282944847835781,1,false_positive
581000,Eynel Soares,24/25,2025,0,0.5282906524770269,1,false_positive
262391,Lluís López,24/25,2025,1,0.5282685901594978,1,correct
279829,Alexandros Anagnostopoulos,24/25,2025,1,0.5282644405592593,1,correct
845277,Dominik Biniek,24/25,2025,0,0.5282471036204462,1,false_positive
309414,Frederik Børsting,24/25,2025,1,0.528239343875671,1,correct
679903,Ryoya Morishita,24/25,2025,1,0.5281794340790549,1,correct
160671,Manu Molina,24/25,2025,1,0.5281358520683648,1,correct
603864,Lewis Miller,24/25,2025,1,0.5281298799603008,1,correct
297198,Christian Ilic,24/25,2025,1,0.5280001512607682,1,correct
521475,Bryan Hein,24/25,2025,1,0.5279486343189438,1,correct
1001554,Berkay Aslan,24/25,2025,1,0.527942465425816,1,correct
1299058,Joey Zwaan,24/25,2025,0,0.5279204534153857,1,false_positive
117720,Nils Winter,24/25,2025,0,0.5278858747930619,1,false_positive
182870,Fidan Aliti,24/25,2025,0,0.5278849911312175,1,false_positive
334225,Mika Hanraths,24/25,2025,0,0.5278589550213822,1,false_positive
131789,Roberto Firmino,24/25,2025,1,0.5278301981894945,1,correct
669933,Jonata Machado,24/25,2025,1,0.5278261179270519,1,correct
339023,Matty Stevens,24/25,2025,0,0.5277991730983026,1,false_positive
148941,Domenico Franco,24/25,2025,1,0.5277781808135013,1,correct
1050212,Nayrobi Vargas,24/25,2025,0,0.5277647643132338,1,false_positive
401533,Matheusinho,24/25,2025,1,0.5277368766359921,1,correct
520908,Ekin Celebi,24/25,2025,1,0.5277316281138943,1,correct
663244,Jota Silva,24/25,2025,1,0.5277269016715709,1,correct
136643,Giannis Gianniotas,24/25,2025,1,0.5277253160034848,1,correct
487603,Domen Gril,24/25,2025,0,0.5276799862787371,1,false_positive
1295909,Abdul Moro,24/25,2025,0,0.5276602871776073,1,false_positive
265289,Alberto Jiménez,24/25,2025,0,0.5275817858789493,1,false_positive
908061,Vojtech Hranos,24/25,2025,1,0.5275549992635372,1,correct
62270,Danilo Russo,24/25,2025,1,0.5275546947070587,1,correct
463760,Ethan Erhahon,24/25,2025,1,0.5275303330040678,1,correct
548590,Najm Shwan,24/25,2025,1,0.5275210315839679,1,correct
382204,Martin Koscelník,24/25,2025,0,0.5275200885183258,1,false_positive
524428,Nicolas Galazzi,24/25,2025,1,0.527519573695821,1,correct
187353,Milos Degenek,24/25,2025,0,0.5275182155929872,1,false_positive
667925,Sebastian Revan,24/25,2025,1,0.5274799550917963,1,correct
189650,Tim Receveur,24/25,2025,1,0.5274770432774388,1,correct
938509,Igor Nikic,24/25,2025,1,0.5274607429440251,1,correct
1049322,Rodrick Tcheuna,24/25,2025,0,0.5274575829719962,1,false_positive
823486,Michael Kayode,24/25,2025,1,0.527445558207466,1,correct
357225,Mark Shelton,24/25,2025,0,0.5274209957927898,1,false_positive
875253,Duccio Nannini,24/25,2025,1,0.5274127913444105,1,correct
616142,Jonathan Spedalieri,24/25,2025,0,0.5273872637622659,1,false_positive
750877,Milan Silva Rasmussen,24/25,2025,1,0.527346367603851,1,correct
196435,Saidy Janko,24/25,2025,0,0.5273361491753487,1,false_positive
159838,Yoann Barbet,24/25,2025,0,0.5273234122306846,1,false_positive
227314,Nelson Bonilla,24/25,2025,1,0.5272951422506402,1,correct
407907,Gelson Dala,24/25,2025,0,0.5272913263160368,1,false_positive
346237,Kabongo Tshimanga,24/25,2025,1,0.5272865077580691,1,correct
691905,Karim El Abed,24/25,2025,1,0.5272841927562045,1,correct
930165,Andrea Piazza,24/25,2025,0,0.527281723455804,1,false_positive
288237,Jérémy Gélin,24/25,2025,1,0.5272775407819242,1,correct
54534,Agustín Marchesín,24/25,2025,0,0.527261129843971,1,false_positive
631410,Vasilios Spinos,24/25,2025,0,0.5272472291081732,1,false_positive
631349,Shakhboz Umarov,24/25,2025,1,0.5272149926570417,1,correct
272845,Laurin von Piechowski,24/25,2025,0,0.5272137015045789,1,false_positive
315568,Lorenzo Di Livio,24/25,2025,1,0.5272030997369218,1,correct
936223,Nicolò Verza,24/25,2025,0,0.5271664861773984,1,false_positive
218431,Amir Abedzadeh,24/25,2025,0,0.5271595971338584,1,false_positive
64804,Thierry Moutinho,24/25,2025,0,0.5271232565056888,1,false_positive
505307,Ryan De Havilland,24/25,2025,0,0.5271190349838988,1,false_positive
352607,Darío García,24/25,2025,1,0.5270753134312417,1,correct
139576,Édson Rivera,24/25,2025,0,0.5270702670190032,1,false_positive
1022388,Levente Babós,24/25,2025,1,0.5270691415132085,1,correct
592927,Péter Törőcsik,24/25,2025,1,0.5270584847305696,1,correct
447823,Oier Luengo,24/25,2025,0,0.5270462662566108,1,false_positive
116968,Carlos Izquierdoz,24/25,2025,0,0.5270435755000523,1,false_positive
223977,Igor Julião,24/25,2025,0,0.5270406439852887,1,false_positive
878150,Amario Cozier-Duberry,24/25,2025,1,0.5270231668753654,1,correct
235413,Jaromir Zmrhal,24/25,2025,0,0.5270203893628418,1,false_positive
931916,Dimitrios Retsos,24/25,2025,1,0.5270115864599332,1,correct
216263,Aymen Souda,24/25,2025,1,0.5269951599637038,1,correct
186239,Fabricio Pedrozo,24/25,2025,0,0.5269899987287577,1,false_positive
318507,Paul Bernardoni,24/25,2025,1,0.526989000526763,1,correct
307939,Alexander Schmidt,24/25,2025,1,0.5269882189995547,1,correct
926135,Omari Kellyman,24/25,2025,1,0.5269825313659203,1,correct
390719,Oliver Urso,24/25,2025,0,0.5269762607158455,1,false_positive
1000675,Alejo Sarco,24/25,2025,0,0.5269554647983408,1,false_positive
156681,Stefan Haudum,24/25,2025,0,0.5269112399231677,1,false_positive
29559,Guillermo Ochoa,24/25,2025,1,0.5268884331166223,1,correct
1283297,Liam Russell,24/25,2025,0,0.5268840023903173,1,false_positive
466820,Xhonatan Lajthia,24/25,2025,0,0.5268715425183625,1,false_positive
607494,Elario Ghassan,24/25,2025,0,0.5268707596836993,1,false_positive
630752,Óli Valur Ómarsson,24/25,2025,0,0.52685025891194,1,false_positive
699418,Jakub Kaluzinski,24/25,2025,1,0.5268487357463277,1,correct
75489,Niclas Füllkrug,24/25,2025,0,0.5268284206545368,1,false_positive
345890,Ruben Hoogenhout,24/25,2025,1,0.5268244970195728,1,correct
25808,Oto John,24/25,2025,0,0.5268150127050242,1,false_positive
197468,Davide Agazzi,24/25,2025,0,0.5268080095023927,1,false_positive
631002,Raúl García,24/25,2025,0,0.5268036820921069,1,false_positive
234006,Keagan Dolly,24/25,2025,1,0.5267885190927386,1,correct
198617,Jan Vondra,24/25,2025,0,0.5267872497654522,1,false_positive
74345,Dénes Szakály,24/25,2025,0,0.5267801942731548,1,false_positive
710678,Christian Mutilva,24/25,2025,1,0.5267652421951374,1,correct
166326,Peter Leeuwenburgh,24/25,2025,0,0.5267480429853877,1,false_positive
312682,Dudu Nardini,24/25,2025,1,0.5267463484400947,1,correct
342787,Ilias Evangelou,24/25,2025,0,0.5266921093186965,1,false_positive
286259,Davide Riccardi,24/25,2025,0,0.5266797849696047,1,false_positive
160438,Mohamed Elneny,24/25,2025,0,0.5266746325740145,1,false_positive
1025415,Martin Todorski,24/25,2025,0,0.5266567147520589,1,false_positive
469828,Mihajlo Neskovic,24/25,2025,0,0.5266409716668627,1,false_positive
856532,Kai McLean,24/25,2025,0,0.5265988934565942,1,false_positive
622745,William Mackleyther,24/25,2025,1,0.5265672050716437,1,correct
336070,Álvaro Casas,24/25,2025,1,0.5265272819401239,1,correct
707982,Dimitri Jepihhin,24/25,2025,0,0.5265060812823309,1,false_positive
122493,Amir Sayoud,24/25,2025,1,0.5264734499990594,1,correct
237669,Dereck Kutesa,24/25,2025,1,0.526467290000987,1,correct
277033,David Brooks,24/25,2025,0,0.5264272168256097,1,false_positive
167228,Raúl Lizoain,24/25,2025,0,0.5264269015620419,1,false_positive
1049726,Matteo Colombara,24/25,2025,0,0.526363693518279,1,false_positive
999417,Francesco Pinto,24/25,2025,1,0.5263405642251177,1,correct
692128,Davide Ferri,24/25,2025,0,0.5263246752796803,1,false_positive
909270,Denis Dinev,24/25,2025,1,0.5263161596232262,1,correct
1063329,Andrés García,24/25,2025,0,0.5263115241186924,1,false_positive
461959,Douglas Aurélio,24/25,2025,0,0.5262534142204545,1,false_positive
411662,Lucas Veríssimo,24/25,2025,1,0.5262381198373531,1,correct
128105,Peter Zulj,24/25,2025,0,0.526225609308859,1,false_positive
804906,Sebastiaan Hagedoorn,24/25,2025,0,0.5262172280517637,1,false_positive
1193782,Francesco Bochicchio,24/25,2025,1,0.5262048766628415,1,correct
383008,Daniel Azevedo,24/25,2025,0,0.526194082782894,1,false_positive
375791,Bence Pintér,24/25,2025,1,0.5261781960322106,1,correct
585818,Frantz Pierrot,24/25,2025,1,0.5261587392043169,1,correct
44118,Marc Pujol,24/25,2025,0,0.5261341102446108,1,false_positive
917158,Davide Ziu,24/25,2025,0,0.5261217121012149,1,false_positive
728321,Petar Karaangelov,24/25,2025,0,0.5261122945685394,1,false_positive
518472,Willyan Rocha,24/25,2025,1,0.5261105865122231,1,correct
242882,Higinio Marín,24/25,2025,0,0.5261079201267522,1,false_positive
84911,Daniel Genov,24/25,2025,0,0.5261014512742621,1,false_positive
192088,Enis Bytyqi,24/25,2025,0,0.5260907944521661,1,false_positive
59009,Jörg Siebenhandl,24/25,2025,0,0.5260863110295895,1,false_positive
954687,Francesco Macchi,24/25,2025,1,0.5260800966247036,1,correct
690146,Amoro Diedhiou,24/25,2025,0,0.5260761067662814,1,false_positive
168427,Dawid Abramowicz,24/25,2025,1,0.5260602638577897,1,correct
118375,Dardo Miloc,24/25,2025,0,0.5260213733899484,1,false_positive
911531,Alexis Golfinos,24/25,2025,1,0.5260063074234047,1,correct
287564,Giorgio Tumbarello,24/25,2025,1,0.5259985482097963,1,correct
396085,Marco Ballabio,24/25,2025,0,0.5259977222931272,1,false_positive
223890,Rober Correa,24/25,2025,1,0.5259968315074943,1,correct
476057,Guytho Mijland,24/25,2025,1,0.5259932710532289,1,correct
654723,Bogdan Shubin,24/25,2025,0,0.5259821032874601,1,false_positive
548802,John Liebelt,24/25,2025,0,0.5259803947785857,1,false_positive
385923,Brandon Wilson,24/25,2025,0,0.525977823193495,1,false_positive
939751,Matej Kadlec,24/25,2025,0,0.5259613758354329,1,false_positive
1168861,Faton Ademi,24/25,2025,0,0.5259551484309701,1,false_positive
321976,Matko Kramer,24/25,2025,1,0.5259441005737706,1,correct
608534,Edward Bolaños,24/25,2025,0,0.5259357896390249,1,false_positive
618021,Djordje Jovicic,24/25,2025,1,0.5259318883644429,1,correct
195611,Alexander Siebeck,24/25,2025,0,0.5259195243192957,1,false_positive
352223,Israel Suero,24/25,2025,0,0.525860372969979,1,false_positive
131102,Jeison Murillo,24/25,2025,0,0.5258538111125903,1,false_positive
128509,Dany Carvajal,24/25,2025,0,0.5258462529264633,1,false_positive
961022,Benja Domínguez,24/25,2025,0,0.5258458968373703,1,false_positive
1075192,Sergio Carmona,24/25,2025,1,0.5258400508524805,1,correct
356024,Rubilio Castillo,24/25,2025,1,0.5258244476150237,1,correct
846543,Noa Zuliani,24/25,2025,1,0.5257988021736077,1,correct
48280,Edinson Cavani,24/25,2025,0,0.525790067822805,1,false_positive
809167,Ciaran Gilligan,24/25,2025,0,0.5257708594147767,1,false_positive
682719,Simão Rocha,24/25,2025,0,0.525755738650552,1,false_positive
196445,Dustin Corea,24/25,2025,1,0.5257449259799516,1,correct
1195771,Justin Adozi,24/25,2025,1,0.5257248570452159,1,correct
702354,Idrissa Thiam,24/25,2025,1,0.5256856994516401,1,correct
258951,Tamás Csilus,24/25,2025,0,0.5256474204917563,1,false_positive
710497,Stojan Lekovic,24/25,2025,0,0.5256040962974047,1,false_positive
267753,Nicolás Ibáñez,24/25,2025,0,0.5255555443976297,1,false_positive
999402,Diego Sia,24/25,2025,0,0.5255392388686168,1,false_positive
700103,Óscar Siafa,24/25,2025,1,0.5255300228817563,1,correct
1162160,Maher Carrizo,24/25,2025,0,0.5255183650703766,1,false_positive
112632,Raphael Augusto,24/25,2025,1,0.5255125648075377,1,correct
401913,Ramiro Macagno,24/25,2025,0,0.5254937165940842,1,false_positive
199179,Nikolaos Melissas,24/25,2025,1,0.5254933660481389,1,correct
453678,James Gibbons,24/25,2025,0,0.5254923987350683,1,false_positive
221876,Mikkel Wohlgemuth,24/25,2025,0,0.52548481291536,1,false_positive
45717,Nenê,24/25,2025,0,0.5254774263337935,1,false_positive
1036636,Ivan Marchev,24/25,2025,0,0.5254740699461691,1,false_positive
169681,Frederico Venâncio,24/25,2025,0,0.5254668180733664,1,false_positive
350322,Emanuele Anastasia,24/25,2025,1,0.5254503365711491,1,correct
934034,Dimitrios Metaxas,24/25,2025,0,0.5254324209564452,1,false_positive
671549,Enes Osmani,24/25,2025,0,0.5254082802808934,1,false_positive
949961,Bas Huisman,24/25,2025,1,0.525392137222278,1,correct
258881,Kyle Cameron,24/25,2025,1,0.5253857860730962,1,correct
633650,Leon King,24/25,2025,1,0.5253818262772773,1,correct
536826,Nacho Quintana,24/25,2025,0,0.5253788656496359,1,false_positive
717900,Tommaso Guercio,24/25,2025,0,0.52537431836395,1,false_positive
579288,Robin Tihi,24/25,2025,0,0.5253550802608749,1,false_positive
1035765,Ilyas Ansah,24/25,2025,1,0.5253483188461862,1,correct
1050650,Adam Mayor,24/25,2025,1,0.5253452627292728,1,correct
186901,Marek Rodák,24/25,2025,0,0.5253355547388051,1,false_positive
93633,Stipe Batarilo,24/25,2025,1,0.5252975271750965,1,correct
394123,Manuel Peretti,24/25,2025,0,0.5252743199339097,1,false_positive
400653,Jan Matousek,24/25,2025,0,0.5252515062330857,1,false_positive
93753,Calogero Rizzuto,24/25,2025,0,0.5251937855547562,1,false_positive
929130,Mathijs Menu,24/25,2025,0,0.5251758726562579,1,false_positive
1108584,Adam Rasheed,24/25,2025,0,0.5251667071997912,1,false_positive
817521,Maximilian Kinzig,24/25,2025,0,0.5251537591068306,1,false_positive
525867,Fraser Horsfall,24/25,2025,1,0.5251400638269008,1,correct
276080,Iván Turrillo,24/25,2025,0,0.5251382987159218,1,false_positive
88701,Filippo Perucchini,24/25,2025,1,0.5251073768241751,1,correct
907464,Tommy Leigh,24/25,2025,0,0.5250988234456017,1,false_positive
61887,Federico Macheda,24/25,2025,0,0.5250792398565745,1,false_positive
543382,Mohamed Camara,24/25,2025,0,0.5250663304548616,1,false_positive
924114,Dustin Forkel,24/25,2025,1,0.5250244866773073,1,correct
939870,Jef Tchouangue,24/25,2025,0,0.5250240903152492,1,false_positive
251664,Ivan Toney,24/25,2025,0,0.5250181424312459,1,false_positive
322077,Besard Šabović,24/25,2025,0,0.5249682176435435,1,false_positive
1191122,Meson Becchio,24/25,2025,1,0.5249597032384583,1,correct
339151,Sven Sonnenberg,24/25,2025,0,0.5249587540929262,1,false_positive
425733,Nikola Stevanovic,24/25,2025,1,0.5249345224633278,1,correct
696022,Maximilian Neutgens,24/25,2025,0,0.5249080550122541,1,false_positive
312819,Silvere Ganvoula,24/25,2025,1,0.5248919775375313,1,correct
595653,Anton Dowds,24/25,2025,0,0.5248335511211236,1,false_positive
195049,Michael Eberwein,24/25,2025,0,0.5247968089837447,1,false_positive
765068,Pedro Antonio Rodriguez,24/25,2025,0,0.5247755213230154,1,false_positive
713787,Jhoanner Chávez,24/25,2025,0,0.5247347326145005,1,false_positive
510388,Lucas Anacker,24/25,2025,0,0.524715789552448,1,false_positive
333494,Jakub Pokorny,24/25,2025,1,0.5247143699567521,1,correct
657155,Sidney Lima,24/25,2025,0,0.5246949131036466,1,false_positive
883346,Tommaso Ricordi,24/25,2025,1,0.5246868760154234,1,correct
814982,Marc Enke,24/25,2025,1,0.5246749568810278,1,correct
85908,Luca Dürholtz,24/25,2025,1,0.5246471158533507,1,correct
674136,Joel Senior,24/25,2025,0,0.5246357461522059,1,false_positive
190222,Sander van de Streek,24/25,2025,0,0.5245914588878354,1,false_positive
1123259,Emanuele Tesauro,24/25,2025,1,0.5245434033680144,1,correct
189483,Issouf Paro,24/25,2025,0,0.5245355076642508,1,false_positive
1130174,Bennedikt Wüstenhagen,24/25,2025,1,0.5245148664356158,1,correct
806168,Paul Joly,24/25,2025,1,0.5245105573102966,1,correct
460800,Ilian Iliev,24/25,2025,0,0.5244787244107312,1,false_positive
485729,Fashion Sakala,24/25,2025,0,0.5244708835537844,1,false_positive
456844,Adam Roscrow,24/25,2025,0,0.5244700518057963,1,false_positive
611906,Nnamdi Ofoborh,24/25,2025,1,0.5244493404558215,1,correct
695279,Michal Matus,24/25,2025,1,0.524434755860397,1,correct
493983,Pavel Sokol,24/25,2025,1,0.5244174007674594,1,correct
285771,Roger Martínez,24/25,2025,0,0.5243974612689222,1,false_positive
671057,Rio Dyer,24/25,2025,0,0.5243812725482189,1,false_positive
1046875,Wojciech Jakubik,24/25,2025,0,0.5243763459907148,1,false_positive
386447,Alessandro Fiordaliso,24/25,2025,1,0.5243729387792332,1,correct
396955,Emmanuele Esposito,24/25,2025,0,0.5243642561494614,1,false_positive
525385,Tobias Dombrowa,24/25,2025,0,0.5243400476818292,1,false_positive
203123,Haris Tabakovic,24/25,2025,1,0.5243385924665322,1,correct
332250,Nicolás Oroz,24/25,2025,0,0.5243322025013899,1,false_positive
1051905,Kira Yamamoto,24/25,2025,1,0.5243020723112857,1,correct
1185019,Benedikt Rottensteiner,24/25,2025,1,0.5242823280664104,1,correct
892165,Sergej Levak,24/25,2025,1,0.5242604307917276,1,correct
789738,Yannick Michaelis,24/25,2025,0,0.5242525337869519,1,false_positive
190804,Uros Djurdjevic,24/25,2025,0,0.524245494382904,1,false_positive
464186,Noah Lovisa,24/25,2025,1,0.5242019508749048,1,correct
207005,Mohamed Bettamer,24/25,2025,1,0.5241525497464755,1,correct
962174,Jacopo Lanzi,24/25,2025,0,0.5241467480048246,1,false_positive
864485,Alexandru Gutium,24/25,2025,1,0.5241207862134976,1,correct
315289,Myrto Uzuni,24/25,2025,0,0.5240877896020036,1,false_positive
493038,Maximilian Schütt,24/25,2025,0,0.5240499105721103,1,false_positive
700565,Brian Cipenga,24/25,2025,0,0.5240482712377563,1,false_positive
1008564,Billy van Duijl,24/25,2025,0,0.5240231693613925,1,false_positive
459127,Andrea Invernizzi,24/25,2025,0,0.5240202518162218,1,false_positive
287764,Luca Procacci,24/25,2025,0,0.5240112995020271,1,false_positive
371345,Dimitar Sheytanov,24/25,2025,1,0.5239903990798144,1,correct
289846,Ashley Fletcher,24/25,2025,0,0.523945167450302,1,false_positive
979858,Manuel Conti,24/25,2025,0,0.5238965233087995,1,false_positive
178942,Bruno Brígido,24/25,2025,0,0.5238642238322619,1,false_positive
533506,Lazar Vujanic,24/25,2025,1,0.523852996271843,1,correct
620156,Denis Vala,24/25,2025,0,0.5238496640261144,1,false_positive
964633,Tebo Gabriel,24/25,2025,1,0.5238456731945734,1,correct
1193047,Zsombor Szilágyi,24/25,2025,1,0.5238008693122598,1,correct
696822,Emir Kuhinja,24/25,2025,0,0.5237948874550677,1,false_positive
334804,Kenny Dougall,24/25,2025,0,0.5237079047407219,1,false_positive
126705,Martin Sourzac,24/25,2025,0,0.5237077015005174,1,false_positive
699233,Aleksa Puric,24/25,2025,1,0.5236975004422334,1,correct
975139,Wilmer Olofsson,24/25,2025,1,0.5236924907472915,1,correct
746145,Tomoyuki Doi,24/25,2025,1,0.5236601913248237,1,correct
614228,Jaume Villar,24/25,2025,0,0.523657674752913,1,false_positive
607164,Enzo Cornelisse,24/25,2025,1,0.5236313557947764,1,correct
820807,Francesco Toniolo,24/25,2025,0,0.5236200233495829,1,false_positive
550468,Radoslav Zhivkov,24/25,2025,0,0.5236178169103923,1,false_positive
633649,Adam Devine,24/25,2025,1,0.5235869850116246,1,correct
419597,Iyayi Atiemwen,24/25,2025,1,0.5235841365261127,1,correct
123258,Ivan Varone,24/25,2025,1,0.5235747623463239,1,correct
862363,Abdellah Haimoud,24/25,2025,1,0.5235606633428105,1,correct
391401,Fisnik Zuka,24/25,2025,1,0.5235494249020335,1,correct
841353,Gojko Petovic,24/25,2025,0,0.5235369693274233,1,false_positive
717241,Aleksandar Buchkov,24/25,2025,0,0.5235125742768743,1,false_positive
374081,Aitor Buñuel,24/25,2025,1,0.5234740832523905,1,correct
99348,Antonio Amaro,24/25,2025,1,0.523469214854676,1,correct
21101,Milan Petrzela,24/25,2025,1,0.5234340778567904,1,correct
632495,Josep Gayá,24/25,2025,1,0.5234204126155283,1,correct
1004834,George Ilenikhena,24/25,2025,0,0.5233801123890316,1,false_positive
920968,Ronaldo Nájera,24/25,2025,0,0.523369782861711,1,false_positive
400485,Adam Ounas,24/25,2025,1,0.5233594660803336,1,correct
658874,Seung-bin Kim,24/25,2025,0,0.5233352254588582,1,false_positive
1183411,Karel Pérez,24/25,2025,1,0.5233267805982857,1,correct
705099,Cornelius Staver,24/25,2025,1,0.5232920497694594,1,correct
884809,Luke Rahmann,24/25,2025,1,0.5232602257768116,1,correct
348431,Cazim Suljic,24/25,2025,0,0.523248232228161,1,false_positive
113358,Sofiane Hanni,24/25,2025,0,0.5232414455805272,1,false_positive
345590,Jens Odgaard,24/25,2025,0,0.5232336580550159,1,false_positive
590203,Efthymios Pavlakis,24/25,2025,1,0.5232218380340377,1,correct
802205,Danilo Bajraktari,24/25,2025,0,0.5232061777800031,1,false_positive
260416,Lorenzo Paolucci,24/25,2025,0,0.5232016342573628,1,false_positive
189640,Michal Travnik,24/25,2025,0,0.5232002099977494,1,false_positive
192467,Lukas Wilton,24/25,2025,0,0.5231972980105981,1,false_positive
936739,Dominic Vavassori,24/25,2025,0,0.523190996919389,1,false_positive
222332,Lasha Dvali,24/25,2025,1,0.5231861535205518,1,correct
1177641,Samuel Bockay,24/25,2025,1,0.5231842246489631,1,correct
327757,Krzysztof Piatek,24/25,2025,1,0.5231826742941911,1,correct
1099924,Yael Trepy,24/25,2025,0,0.5231581674559547,1,false_positive
693342,Martin Achkov,24/25,2025,0,0.5231464689026052,1,false_positive
702890,Armando Miculi,24/25,2025,0,0.5231344070818363,1,false_positive
261406,Seung-woo Ryu,24/25,2025,1,0.5231011970097094,1,correct
258032,Yuri Ribeiro,24/25,2025,0,0.5230949878660379,1,false_positive
293360,Jakub Martinec,24/25,2025,1,0.5230837010308513,1,correct
103284,Dieumerci Ndongala,24/25,2025,0,0.5230646151106708,1,false_positive
808452,Jack Milne,24/25,2025,0,0.5230640864560765,1,false_positive
676922,Moussa Sidibé,24/25,2025,1,0.5230530003673782,1,correct
1073217,Vincenzo Lettieri,24/25,2025,0,0.5230412973450983,1,false_positive
199169,Umberto Germano,24/25,2025,1,0.5230316913505749,1,correct
288340,Phillip Tietz,24/25,2025,0,0.5229942034867473,1,false_positive
888290,Iker Pedernales,24/25,2025,0,0.5229829410788596,1,false_positive
257468,Nemanja Glavcic,24/25,2025,0,0.5229693056242183,1,false_positive
74228,Marc Muniesa,24/25,2025,0,0.5229680101150173,1,false_positive
198067,Filip Helander,24/25,2025,1,0.5229638703664282,1,correct
165852,Cosimo Chiricò,24/25,2025,1,0.5229600724717803,1,correct
612756,Amoah Sam,24/25,2025,0,0.5229395979057844,1,false_positive
507345,Leonidas Stergiou,24/25,2025,0,0.5229266512030506,1,false_positive
335245,Marc Navarro,24/25,2025,0,0.5229127904703385,1,false_positive
336928,Alessio Milillo,24/25,2025,0,0.5229042928904206,1,false_positive
1052377,Juraj Badelj,24/25,2025,0,0.5228950145912357,1,false_positive
896424,Samuel John Nwachukwu,24/25,2025,1,0.5228746494417563,1,correct
315125,Javairô Dilrosun,24/25,2025,1,0.5228411688471003,1,correct
381348,Daniel Mancini,24/25,2025,0,0.522840417102515,1,false_positive
170927,Simon Falette,24/25,2025,1,0.5228193390344276,1,correct
223029,Fábio Martins,24/25,2025,1,0.5228161863831287,1,correct
427572,Zuriko Davitashvili,24/25,2025,0,0.5228128103532809,1,false_positive
552955,Santiago Gimenez,24/25,2025,0,0.5227675927769191,1,false_positive
336974,Makana Baku,24/25,2025,0,0.5227150121967213,1,false_positive
488868,Nándor Kóródi,24/25,2025,0,0.5226804247917239,1,false_positive
693413,David Idowu,24/25,2025,0,0.5226787669057452,1,false_positive
121402,Ahmad Benali,24/25,2025,1,0.522677372251994,1,correct
617762,Habib Oueslati,24/25,2025,0,0.5226574118613567,1,false_positive
433168,Nathanael Ogbeta,24/25,2025,1,0.5226534779072473,1,correct
594997,Yohann Magnin,24/25,2025,1,0.522600624553802,1,correct
245030,Milan Gajic,24/25,2025,0,0.5225704955856938,1,false_positive
708267,Nassim Benaissa,24/25,2025,1,0.5224874886114427,1,correct
908929,Facundo Costantini,24/25,2025,1,0.5224828063563458,1,correct
672535,Carmine Cretella,24/25,2025,1,0.5224396554073191,1,correct
639237,Vedat Tunc,24/25,2025,0,0.5223937518025165,1,false_positive
268250,Bonifác Csonka,24/25,2025,0,0.5223786904506118,1,false_positive
355369,Jordan,24/25,2025,1,0.522326264320503,1,correct
796298,Calum Scanlon,24/25,2025,0,0.5222738111669388,1,false_positive
1279569,Ivan Tolkachev,24/25,2025,0,0.5222513235564263,1,false_positive
646189,Topi Keskinen,24/25,2025,0,0.5222382211910379,1,false_positive
990637,Zachary Athekame,24/25,2025,1,0.5222246580795422,1,correct
378872,Kayden Jackson,24/25,2025,0,0.5222096935518464,1,false_positive
503160,Paul Nebel,24/25,2025,0,0.5221859830726648,1,false_positive
129314,Kristian Álvarez,24/25,2025,1,0.5221788769830795,1,correct
140757,Daniel Bessa,24/25,2025,1,0.5221736614849791,1,correct
610607,Jakub Surovcik,24/25,2025,0,0.5221476322473149,1,false_positive
309841,Andre Green,24/25,2025,1,0.5221468399276129,1,correct
928573,Joël van der Wilt,24/25,2025,0,0.5221415527850289,1,false_positive
945498,Elías Benali,24/25,2025,0,0.5221216334921993,1,false_positive
162959,Daniele Rugani,24/25,2025,0,0.5220849969139202,1,false_positive
243106,Husam Kamal,24/25,2025,0,0.5220730136579546,1,false_positive
524925,Modibo Sagnan,24/25,2025,1,0.5220383779085147,1,correct
300156,Linas Megelaitis,24/25,2025,1,0.5220314435672777,1,correct
568503,Manuel Holzmann,24/25,2025,0,0.5220054937064444,1,false_positive
82112,Julian Riedel,24/25,2025,0,0.5220047930335054,1,false_positive
714144,Radek Lehovec,24/25,2025,0,0.5219319445628791,1,false_positive
1089326,Yuriy Bakalyar,24/25,2025,0,0.5219288465410924,1,false_positive
814848,Owen Goodman,24/25,2025,1,0.521889192253368,1,correct
238639,Steve Mounié,24/25,2025,1,0.5218890095327512,1,correct
744956,Luke Pearce,24/25,2025,0,0.5218848520732333,1,false_positive
395291,Patrick Kurzen,24/25,2025,1,0.5218445841113729,1,correct
959193,Dagoberto Espinoza,24/25,2025,0,0.5218319849567282,1,false_positive
167472,Youssouf M'Changama,24/25,2025,1,0.5218310117249915,1,correct
474838,Brian Plat,24/25,2025,0,0.5218136746396526,1,false_positive
1066823,Konstantinos Roumeliotis,24/25,2025,0,0.521787969260533,1,false_positive
319723,Tornike Gaprindashvili,24/25,2025,0,0.521759254767712,1,false_positive
392633,Pietro Gecchele,24/25,2025,0,0.5217053868159595,1,false_positive
184310,Inters Gui,24/25,2025,1,0.521704324924973,1,correct
1269895,Andrea Giardino,24/25,2025,1,0.521683005893185,1,correct
123579,Torben Rehfeldt,24/25,2025,1,0.5216802916024201,1,correct
78956,Driss Fettouhi,24/25,2025,0,0.5216207642050426,1,false_positive
541914,Anton Kovalev,24/25,2025,0,0.5215880771595701,1,false_positive
1069532,Owen Cuddihy,24/25,2025,0,0.521583396763704,1,false_positive
930152,Enrico Casarotti,24/25,2025,1,0.5215344246535036,1,correct
808651,Emirhan Acar,24/25,2025,1,0.5215217243764099,1,correct
667515,Ruben Davies,24/25,2025,0,0.5214815615190541,1,false_positive
1033045,Michal Willmann,24/25,2025,1,0.5214637785054052,1,correct
343388,Norbert Benkő-Bíró,24/25,2025,0,0.5214604444660623,1,false_positive
455932,Lars Gindorf,24/25,2025,1,0.5214181424235675,1,correct
929133,Rio Robbemond,24/25,2025,0,0.521396721776775,1,false_positive
1070312,Nathan Tronchet,24/25,2025,1,0.5213384546250271,1,correct
181661,Rolando Blackburn,24/25,2025,0,0.5212763126736136,1,false_positive
814966,Agustín Sienra,24/25,2025,1,0.5212695248854968,1,correct
369082,Robert Ergas,24/25,2025,1,0.5212049451452883,1,correct
237356,Michal Rzuchowski,24/25,2025,0,0.5211771629105293,1,false_positive
59082,Heinz Lindner,24/25,2025,1,0.521157462245715,1,correct
214775,Óliver Torres,24/25,2025,0,0.5210819060666044,1,false_positive
741871,Justin Gröger,24/25,2025,0,0.5210802347701218,1,false_positive
114341,Anselmo,24/25,2025,1,0.5210263366581556,1,correct
159142,Aderllan Santos,24/25,2025,0,0.5210251528397825,1,false_positive
503865,Alexander Jensen,24/25,2025,0,0.5210125632398666,1,false_positive
625405,Noah Godwin,24/25,2025,1,0.520983517107027,1,correct
739076,Aboubacar Lô,24/25,2025,1,0.5209480535727008,1,correct
675878,Cristian,24/25,2025,0,0.5209459090546121,1,false_positive
217139,Santi Canedo,24/25,2025,0,0.5209342118382264,1,false_positive
407098,Jakub Kaminski,24/25,2025,1,0.5209002981061144,1,correct
419120,Paulo Vítor,24/25,2025,1,0.5208868431601152,1,correct
990009,Jasper Hartog,24/25,2025,0,0.5208859009693515,1,false_positive
736041,Haris Mesic,24/25,2025,1,0.5208503085350351,1,correct
213035,Amadou Moutari,24/25,2025,1,0.5208413476926893,1,correct
410061,Loïc Kouagba,24/25,2025,1,0.5208207681768994,1,correct
63200,Ashley Barnes,24/25,2025,0,0.5208070119898788,1,false_positive
223035,Gigli Ndefe,24/25,2025,0,0.5207966036442283,1,false_positive
657962,Leonard Bredol,24/25,2025,0,0.5207743020045738,1,false_positive
540329,Tomas Frühwald,24/25,2025,0,0.520770001764676,1,false_positive
113400,Aubrey David,24/25,2025,0,0.52076366963555,1,false_positive
275937,Emil Viyachki,24/25,2025,0,0.5207583734335186,1,false_positive
1085886,Joe Thomas,24/25,2025,1,0.5207521174348713,1,correct
623773,Kristoffer Lund,24/25,2025,1,0.5207074777910495,1,correct
980939,Wyll Stanway,24/25,2025,0,0.5206786553179445,1,false_positive
909482,Luke Kenny,24/25,2025,1,0.5206571837856534,1,correct
691482,Jacopo Fazzini,24/25,2025,1,0.5206239306786031,1,correct
275956,Nader Ghandri,24/25,2025,0,0.520622972818565,1,false_positive
572798,Jakub Matousek,24/25,2025,0,0.5206040313918798,1,false_positive
176553,Aymeric Laporte,24/25,2025,1,0.520591249507598,1,correct
946730,Klahos Zani,24/25,2025,1,0.5205844654281958,1,correct
124260,Julián Velázquez,24/25,2025,1,0.5205548812281159,1,correct
566823,Achraf Dari,24/25,2025,0,0.5205508608369079,1,false_positive
802997,Norman Bassette,24/25,2025,1,0.5205172960064294,1,correct
214538,Matheus Uribe,24/25,2025,0,0.5205163945694135,1,false_positive
558890,Sergio Gómez,24/25,2025,0,0.5204806800116109,1,false_positive
440730,Bence Varga,24/25,2025,1,0.5204540572325765,1,correct
682351,Arthur Györgyi,24/25,2025,1,0.5204535372199651,1,correct
146603,Roland Baracskai,24/25,2025,0,0.5204512301957996,1,false_positive
109816,Roland Vólent,24/25,2025,0,0.520442375382184,1,false_positive
349570,Diney Borges,24/25,2025,0,0.5204381237346409,1,false_positive
355663,Anass Najah,24/25,2025,1,0.5204379428040788,1,correct
529885,Christian Kouan,24/25,2025,0,0.5204316142326194,1,false_positive
877872,Ben Hughes,24/25,2025,1,0.520420017636849,1,correct
477930,Rıdvan Yılmaz,24/25,2025,1,0.5204172432150803,1,correct
40792,Manuel Riemann,24/25,2025,1,0.520378118139192,1,correct
1082485,Dylan Watret,24/25,2025,0,0.5203708134775056,1,false_positive
170962,Nicolas Saint-Ruf,24/25,2025,0,0.5203620491643427,1,false_positive
498048,Julián Guevara,24/25,2025,0,0.5203536360778348,1,false_positive
255755,Alex Telles,24/25,2025,0,0.5202933343182733,1,false_positive
127182,Thomas Monconduit,24/25,2025,0,0.5202145518680118,1,false_positive
614064,Jasper Moon,24/25,2025,0,0.5202053314486232,1,false_positive
322765,Nathan Gartside,24/25,2025,1,0.520200061193226,1,correct
1066822,Georgios Botopoulos,24/25,2025,0,0.5201990668679638,1,false_positive
519561,Ole Martin Kolskogen,24/25,2025,0,0.5201929244338175,1,false_positive
920309,Fredrik Nissen,24/25,2025,1,0.5201819636148586,1,correct
56100,Leon Balogun,24/25,2025,1,0.5201669096288927,1,correct
554463,Gustavo Souza,24/25,2025,1,0.5201406051812408,1,correct
614498,Fabio Cortinovis,24/25,2025,1,0.5201343383896002,1,correct
927269,Teodor Ivanov,24/25,2025,1,0.5201283272972632,1,correct
605454,Valdemar Sadrifar,24/25,2025,1,0.5201240305037359,1,correct
829249,Justus Götze,24/25,2025,0,0.5201038701896893,1,false_positive
182877,Anthony Martial,24/25,2025,1,0.5200923037318241,1,correct
605779,Kewin Komar,24/25,2025,1,0.5200852087578834,1,correct
1076170,Denis Kala,24/25,2025,0,0.5200832350811925,1,false_positive
520716,Malte Wengerowski,24/25,2025,0,0.5200558813323675,1,false_positive
347253,Dany Mota,24/25,2025,0,0.520036905776494,1,false_positive
612143,Kylian Kaïboue,24/25,2025,0,0.5200242555603467,1,false_positive
928056,Jacopo Tarantino,24/25,2025,1,0.5200216080460084,1,correct
322517,Joël Schmied,24/25,2025,0,0.5200205021232266,1,false_positive
182108,Seba Pérez,24/25,2025,1,0.5200012790186606,1,correct
867700,Joshua Duffus,24/25,2025,1,0.5199928521650236,1,correct
955299,Carlo Soldati,24/25,2025,1,0.5199921300479308,1,correct
292357,Georgios Manthatis,24/25,2025,1,0.5199915252381294,1,correct
90478,Lukas Van Eenoo,24/25,2025,1,0.519934072974635,1,correct
1133052,Enzo Tacafred,24/25,2025,0,0.5199262654485968,1,false_positive
746695,Kamaldeen Sulemana,24/25,2025,1,0.519884772023934,1,correct
665552,Denis Dziuba,24/25,2025,1,0.5198754449472468,1,correct
313888,Davíd Kristján Ólafsson,24/25,2025,0,0.5198624240886454,1,false_positive
251303,Johannes Eggestein,24/25,2025,1,0.5198622825475516,1,correct
376252,Shane McLoughlin,24/25,2025,1,0.5198103269347134,1,correct
954090,Rayan Lutin,24/25,2025,0,0.5198097937015975,1,false_positive
559263,Fábio Carvalho,24/25,2025,0,0.5198094353272764,1,false_positive
733422,Jake Rooney,24/25,2025,1,0.5197980720102172,1,correct
724025,Matej Sin,24/25,2025,1,0.5197605627998421,1,correct
814002,Luca Sonzogni,24/25,2025,1,0.5197503210408617,1,correct
149231,Fidel,24/25,2025,1,0.5197411600701621,1,correct
1230807,Máté Ecseri,24/25,2025,0,0.5197193246477892,1,false_positive
963139,Francisco Perruzzi,24/25,2025,0,0.5196771091963767,1,false_positive
482792,Simone Rabbi,24/25,2025,0,0.5196237657864017,1,false_positive
610484,Adel Bettaieb,24/25,2025,1,0.519606006721697,1,correct
268957,José Matos,24/25,2025,1,0.5195543405785289,1,correct
489463,Kyogo Furuhashi,24/25,2025,1,0.5195516979566844,1,correct
716104,Lassana Mendes,24/25,2025,0,0.5195437190698803,1,false_positive
477547,Daniil Paroutis,24/25,2025,0,0.519502100301699,1,false_positive
748541,Joeri Oud,24/25,2025,0,0.5194991281527016,1,false_positive
878885,Rhys Schwank,24/25,2025,0,0.5194956976354528,1,false_positive
1015401,Paul Reverson,24/25,2025,0,0.5194949262660891,1,false_positive
720517,Matías Barboza,24/25,2025,1,0.5194926349567709,1,correct
209291,Jack Bonham,24/25,2025,0,0.519489779463507,1,false_positive
593410,Yahya Kalley,24/25,2025,0,0.5194801215689631,1,false_positive
216375,Felipe Avenatti,24/25,2025,1,0.5194354471550335,1,correct
448058,Giannis Papanikolaou,24/25,2025,0,0.5194161248566309,1,false_positive
355468,Primi Férriz,24/25,2025,1,0.5193689704985455,1,correct
625838,David Harrington,24/25,2025,0,0.5193380114536821,1,false_positive
857297,Ignacio Guerrico,24/25,2025,0,0.5193325814454124,1,false_positive
640245,Will Fish,24/25,2025,0,0.5193286064259968,1,false_positive
829838,Hennes Behrens,24/25,2025,0,0.5193199868560561,1,false_positive
195911,João Oliveira,24/25,2025,0,0.5192687950534275,1,false_positive
930772,Corey Hurford,24/25,2025,0,0.519222746458834,1,false_positive
929887,Adam Sevinsky,24/25,2025,0,0.5192190230306852,1,false_positive
321247,Emiliano Buendía,24/25,2025,0,0.5192179098632849,1,false_positive
367443,Jonas Wendlinger,24/25,2025,0,0.5191910564190969,1,false_positive
1073565,Nikola Medojevic,24/25,2025,0,0.5191574286492256,1,false_positive
278651,Gerard Valentín,24/25,2025,1,0.5191191489670036,1,correct
248393,Peter Olayinka,24/25,2025,0,0.5191110754601755,1,false_positive
330210,Dawid Gojny,24/25,2025,0,0.5190916036674833,1,false_positive
467623,Lyle Foster,24/25,2025,0,0.5190841628006487,1,false_positive
288251,Sébastien Salles-Lamonge,24/25,2025,0,0.5190783547165457,1,false_positive
498171,Alexander Ahl-Holmström,24/25,2025,0,0.5190576747789922,1,false_positive
392563,Alessandro Di Munno,24/25,2025,1,0.5190508576223013,1,correct
745299,Tom Kerssens,24/25,2025,1,0.5190259870881492,1,correct
563614,Tidiane Keita,24/25,2025,1,0.5190147577324001,1,correct
464469,Torbjørn Heggem,24/25,2025,1,0.5189904647685808,1,correct
978438,Patrik Kristal,24/25,2025,0,0.5189831143132645,1,false_positive
56066,Enzo Pérez,24/25,2025,0,0.5189754124399057,1,false_positive
69392,Adriano Grimaldi,24/25,2025,1,0.5189605322746502,1,correct
272706,James Lawrence,24/25,2025,0,0.5189508097642338,1,false_positive
687640,Matteo Sorzi,24/25,2025,0,0.5188926578104223,1,false_positive
67797,Milan Borjan,24/25,2025,0,0.5188565826519619,1,false_positive
632349,Jarell Quansah,24/25,2025,1,0.5188560080823407,1,correct
894668,Stefan Bukinac,24/25,2025,0,0.5188108364911488,1,false_positive
509234,Mattéo Ahlinvi,24/25,2025,0,0.5188006640633173,1,false_positive
63491,Andreas Vasilogiannis,24/25,2025,0,0.5187962380377207,1,false_positive
433818,Scott Twine,24/25,2025,0,0.5187889137455302,1,false_positive
61297,Milan Mijatovic,24/25,2025,0,0.5187876129712027,1,false_positive
243616,Paschalis Kassos,24/25,2025,1,0.518782573640354,1,correct
538964,Thijs Dallinga,24/25,2025,0,0.518779079602852,1,false_positive
654539,Adrien Truffert,24/25,2025,1,0.5187754422119488,1,correct
534244,Adama Diarrassouba,24/25,2025,0,0.518754254331347,1,false_positive
95737,Bassel Jradi,24/25,2025,1,0.5186811087451485,1,correct
305521,Mohammadmehdi Mehdikhani,24/25,2025,0,0.51864233981143,1,false_positive
670860,James Beadle,24/25,2025,1,0.5186366342229242,1,correct
196785,Emanuel Taffertshofer,24/25,2025,1,0.5186122745591567,1,correct
611793,James Hill,24/25,2025,0,0.5185819176411166,1,false_positive
413859,Mael Corboz,24/25,2025,0,0.5185706398725678,1,false_positive
204198,Romain Saïss,24/25,2025,0,0.5185013595398444,1,false_positive
733904,Michalis Patiras,24/25,2025,1,0.5184776876178391,1,correct
120095,José Campaña,24/25,2025,1,0.518471678739652,1,correct
345654,Marlos Moreno,24/25,2025,1,0.5184580580334094,1,correct
1102496,Aleksandr Shvedchikov,24/25,2025,1,0.5184460487651386,1,correct
1110622,Francesco Nunziata,24/25,2025,1,0.5184341323605642,1,correct
935476,Nicholas Pluvio,24/25,2025,0,0.5183893739191558,1,false_positive
814468,Matteo Polizzi,24/25,2025,1,0.5183613635771841,1,correct
913085,Néné Gbamblé,24/25,2025,0,0.5183273644252558,1,false_positive
538073,Romain Matthys,24/25,2025,1,0.5182964779950661,1,correct
642521,Leonardo Marchi,24/25,2025,0,0.5182723596667456,1,false_positive
1046692,Ólafur Hjaltason,24/25,2025,0,0.5182625743254647,1,false_positive
660768,Max Thompson,24/25,2025,0,0.5182308491844769,1,false_positive
875219,Marselino Ferdinan,24/25,2025,1,0.5182211085631938,1,correct
129374,Marc Martínez,24/25,2025,1,0.5182157102569104,1,correct
95673,Tom van Weert,24/25,2025,0,0.5182039616717092,1,false_positive
199270,Zoltán Medgyes,24/25,2025,0,0.518154905235025,1,false_positive
705341,Silvio Brustolin,24/25,2025,0,0.5181458029660534,1,false_positive
491946,Paya Pichkah,24/25,2025,0,0.5180995950285588,1,false_positive
929257,Joonas Frenzel,24/25,2025,0,0.5180953386759533,1,false_positive
1153628,Yannik Wagner,24/25,2025,0,0.5180835757105733,1,false_positive
321685,Mirza Mustafic,24/25,2025,1,0.5179807568926427,1,correct
582406,Marian Smatlak,24/25,2025,0,0.5179627566251207,1,false_positive
634117,Pablo Valencia,24/25,2025,1,0.5179455077227707,1,correct
242716,Enzo Basilio,24/25,2025,1,0.5179397773717198,1,correct
212746,Alexandru Băluță,24/25,2025,1,0.517821505679699,1,correct
624569,Samuel Attah Kumi,24/25,2025,0,0.5178207192374751,1,false_positive
470393,Twan van der Zeeuw,24/25,2025,0,0.5177320405999811,1,false_positive
254968,Dario Marzino,24/25,2025,0,0.5177060162708721,1,false_positive
674501,Jonathan Gómez,24/25,2025,1,0.5176896841041917,1,correct
817753,Aisar Ahmed,24/25,2025,0,0.5176638918082036,1,false_positive
624462,Jan Reichert,24/25,2025,0,0.5175779024012231,1,false_positive
323611,Sigitas Olberkis,24/25,2025,0,0.5175330697192789,1,false_positive
270187,Tomás Sánchez,24/25,2025,0,0.5174920759010112,1,false_positive
922772,Charalampos Kallanxhi,24/25,2025,0,0.517445326916189,1,false_positive
275678,Masies Artien,24/25,2025,1,0.517432467839118,1,correct
388795,Oumar Gonzalez,24/25,2025,0,0.5173446241335923,1,false_positive
986258,Siaka Bakayoko,24/25,2025,0,0.5173411465436089,1,false_positive
277179,Angeliño,24/25,2025,0,0.5173294790866877,1,false_positive
378520,Fernán Faerron,24/25,2025,1,0.5172604117052778,1,correct
60410,Marcos Acuña,24/25,2025,0,0.5172379636034939,1,false_positive
256718,Sven van Beek,24/25,2025,0,0.5172341429622334,1,false_positive
148817,Szilveszter Hangya,24/25,2025,0,0.517221348720294,1,false_positive
404584,Marcus Forss,24/25,2025,1,0.5171782035508566,1,correct
457090,Stan van Dijck,24/25,2025,1,0.517157762111824,1,correct
1081530,Pharell Kegni,24/25,2025,0,0.517145459528218,1,false_positive
323403,Dimitar Velkovski,24/25,2025,0,0.5171343717364137,1,false_positive
94295,Jonas Thorsen,24/25,2025,0,0.517131157000114,1,false_positive
267497,Kristi Qose,24/25,2025,0,0.5171193132248761,1,false_positive
689892,Ben Jackson,24/25,2025,0,0.5171021152730708,1,false_positive
490760,Tchamba,24/25,2025,0,0.5170953389269625,1,false_positive
273872,Joey Breitfeld,24/25,2025,0,0.5170604647616932,1,false_positive
84377,Jonatan Gómez,24/25,2025,1,0.5170598842390023,1,correct
744729,Tarek Buchmann,24/25,2025,1,0.5170575448038912,1,correct
874081,Karoy Anderson,24/25,2025,0,0.5170350903108816,1,false_positive
511113,Álex Cano,24/25,2025,0,0.5169639474622024,1,false_positive
556314,András Pusztai,24/25,2025,0,0.5169138061070022,1,false_positive
191188,Alexis Sauvage,24/25,2025,0,0.5168974570076532,1,false_positive
692608,Ben Engdahl,24/25,2025,0,0.5168721439018096,1,false_positive
38998,Marquitos,24/25,2025,0,0.5168692928868036,1,false_positive
655012,Lucas Stassin,24/25,2025,0,0.5168605511112252,1,false_positive
648886,Samuel Loric,24/25,2025,0,0.5168407590940078,1,false_positive
976219,Lorenzo Carfora,24/25,2025,0,0.5168380085255326,1,false_positive
218355,Conor Grant,24/25,2025,0,0.5168333394321252,1,false_positive
917120,Tanguy Zoukrou,24/25,2025,0,0.5168304892275789,1,false_positive
517402,Bjarne Pudel,24/25,2025,0,0.5168116427614086,1,false_positive
432698,Kornelius Normann,24/25,2025,1,0.5168007808175136,1,correct
818819,Giuseppe Fares,24/25,2025,0,0.5167693867678669,1,false_positive
538678,Macauley Southam-Hales,24/25,2025,1,0.5167684118469495,1,correct
892127,Kayden Wolff,24/25,2025,0,0.5167568906218843,1,false_positive
250826,Saeed Al-Mowalad,24/25,2025,0,0.5167485518679094,1,false_positive
449860,Filippo Pirola,24/25,2025,0,0.5167148149917137,1,false_positive
205878,Charlie Telfer,24/25,2025,1,0.5167139901694937,1,correct
636888,Udoka Godwin-Malife,24/25,2025,0,0.51666623197985,1,false_positive
610400,William Bøving,24/25,2025,1,0.5166588845910942,1,correct
332593,Patrick Andrade,24/25,2025,1,0.5166440535479807,1,correct
936745,Ismaël Konaté,24/25,2025,0,0.516608221711348,1,false_positive
906570,Dennis Azakir,24/25,2025,0,0.5166074454120685,1,false_positive
286044,Marco Weymans,24/25,2025,0,0.51659829424786,1,false_positive
993989,Nikola Velichkovski,24/25,2025,1,0.5165627453615932,1,correct
324472,Diego Borghini,24/25,2025,1,0.5165555269900753,1,correct
787936,Ollie Hulbert,24/25,2025,0,0.5165430914797848,1,false_positive
400871,Kacper Krzepisz,24/25,2025,1,0.5165297755094574,1,correct
289583,Antoine Lejoly,24/25,2025,1,0.5165236673389232,1,correct
121265,Toto Nsiala,24/25,2025,0,0.5165048714305425,1,false_positive
363227,James Penrice,24/25,2025,1,0.5164579878620228,1,correct
444571,Curtis Tilt,24/25,2025,1,0.5164027250356155,1,correct
868327,Hristiyan Slavkov,24/25,2025,1,0.5163989283196638,1,correct
331637,Tom Baack,24/25,2025,1,0.5163894822016155,1,correct
654918,Matteo Dams,24/25,2025,0,0.5163442144899022,1,false_positive
620015,Tenton Yenne,24/25,2025,1,0.5163403997345588,1,correct
966649,Connor O'Brien,24/25,2025,0,0.5163372109949532,1,false_positive
395120,Stefano Bonaiti,24/25,2025,1,0.5163145218255601,1,correct
208116,Curro Sánchez,24/25,2025,0,0.516294074420988,1,false_positive
1318477,Farès Ben Rahem,24/25,2025,1,0.5162562178969982,1,correct
129579,Glenn Claes,24/25,2025,1,0.5162341406948381,1,correct
939745,Lorenzo Torriani,24/25,2025,0,0.5162184114293954,1,false_positive
485533,Máté Fekete,24/25,2025,0,0.5161719645046735,1,false_positive
1049599,Michele Scienza,24/25,2025,1,0.5161619717893011,1,correct
808027,Dorian Chiotti,24/25,2025,1,0.5161350341430965,1,correct
716685,Giannis Ioannidis,24/25,2025,0,0.5160835679213425,1,false_positive
990259,Christos Kosidis,24/25,2025,0,0.5160826477163883,1,false_positive
683895,Emmanuel Agbadou,24/25,2025,0,0.5160303043499168,1,false_positive
946971,Marin Prekodravac,24/25,2025,1,0.5160166881263383,1,correct
188888,Sheraldo Becker,24/25,2025,1,0.5160041582198317,1,correct
440755,Benny,24/25,2025,1,0.5159619561283492,1,correct
583058,Alvyn Sanches,24/25,2025,1,0.515960552912308,1,correct
339328,Owen Wijndal,24/25,2025,0,0.5159481856719751,1,false_positive
337383,Andrea Boffelli,24/25,2025,0,0.5159115768821384,1,false_positive
112457,Alessandro Bassoli,24/25,2025,1,0.5158835770968017,1,correct
848757,Rayan Atikallah,24/25,2025,0,0.5158712328575603,1,false_positive
127610,Mexer,24/25,2025,1,0.5158691382308842,1,correct
269677,Vladyslav Krayev,24/25,2025,0,0.515855556557834,1,false_positive
640492,Faissal Zangré,24/25,2025,1,0.5158399795793068,1,correct
447661,Douglas Luiz,24/25,2025,1,0.5158315633317935,1,correct
956694,Benedek Simon,24/25,2025,0,0.5158281434145484,1,false_positive
260657,Erik Wekesser,24/25,2025,0,0.5158276027894744,1,false_positive
1044395,Marten-Chris Paalberg,24/25,2025,0,0.515738481617733,1,false_positive
100001,Carlos Auzqui,24/25,2025,0,0.515736466372166,1,false_positive
400174,Kristófer Kristinsson,24/25,2025,0,0.5156961555832171,1,false_positive
742163,Joel Bagan,24/25,2025,0,0.5156744042568888,1,false_positive
984136,Callum Stead,24/25,2025,0,0.5156694864315928,1,false_positive
467486,Antoine Leautey,24/25,2025,1,0.5156514264902908,1,correct
1186500,Ricky-Lee Owen,24/25,2025,0,0.5156208685424386,1,false_positive
212713,Kiko,24/25,2025,0,0.5155793136817941,1,false_positive
1103652,Marius Louër,24/25,2025,0,0.5155722226674242,1,false_positive
906339,Antonio Jozanovic,24/25,2025,1,0.5155617457726054,1,correct
346849,Christoph Klarer,24/25,2025,0,0.5155091599153305,1,false_positive
690852,Kristóf Sármány,24/25,2025,0,0.5155043195781486,1,false_positive
234866,Rai Marchán,24/25,2025,1,0.5154818414639915,1,correct
528451,Tobias Bech,24/25,2025,0,0.5154754942070006,1,false_positive
333851,Ákos Sigér,24/25,2025,0,0.5154734577005233,1,false_positive
943828,Olivier de Nijs,24/25,2025,0,0.5154731090418928,1,false_positive
812783,Karlo Lusavec,24/25,2025,0,0.5154602280006271,1,false_positive
1052350,Nick Rothweiler,24/25,2025,0,0.5154490382495404,1,false_positive
817999,Dawyn-Paul Donner,24/25,2025,0,0.5154445131226518,1,false_positive
163656,Connor Goldson,24/25,2025,0,0.5154432574614053,1,false_positive
344605,Boubakary Soumaré,24/25,2025,0,0.5154337017943994,1,false_positive
138850,Stefan Drazic,24/25,2025,0,0.5154278936627841,1,false_positive
1168851,Omar Khedr,24/25,2025,0,0.5154049253053996,1,false_positive
351597,Shayne Lavery,24/25,2025,0,0.5153977691464915,1,false_positive
435772,Charles De Ketelaere,24/25,2025,0,0.5153868593624493,1,false_positive
484160,Alex Sposito,24/25,2025,1,0.515382967951702,1,correct
895458,Adrián Pica,24/25,2025,1,0.5153819532235485,1,correct
344395,Jorge Fernandes,24/25,2025,0,0.5153307027975298,1,false_positive
315984,Michael Kelly,24/25,2025,0,0.5153180971164353,1,false_positive
1065861,Ernesto Ballabile,24/25,2025,1,0.5153177318727296,1,correct
927768,Lucas Pires,24/25,2025,0,0.5153007211904989,1,false_positive
818906,Yoan Bornosuzov,24/25,2025,0,0.5152905976132517,1,false_positive
1015825,Elio Rufener,24/25,2025,0,0.5152811646843751,1,false_positive
163203,Francesco Vassallo,24/25,2025,0,0.5152557519968639,1,false_positive
838221,Dudu Hatamoto,24/25,2025,1,0.5152412566279712,1,correct
627408,Edwin Rodríguez,24/25,2025,0,0.5152342046448581,1,false_positive
1162365,Bandar Darwish,24/25,2025,0,0.5152081056019022,1,false_positive
223053,Quini,24/25,2025,0,0.5151958588858371,1,false_positive
404688,Waldo Rubio,24/25,2025,1,0.5151728356304142,1,correct
398808,Martin Hongla,24/25,2025,0,0.5151639218513375,1,false_positive
189100,Sasa Ivkovic,24/25,2025,0,0.5151603982205366,1,false_positive
567148,Harry Stone,24/25,2025,0,0.5151372016156041,1,false_positive
665971,Jonas Nickisch,24/25,2025,1,0.515135086435183,1,correct
279472,Nathan Burke,24/25,2025,0,0.5151270963788154,1,false_positive
401535,Gabriel Batista,24/25,2025,0,0.515115248371461,1,false_positive
529357,Aris Sörensen,24/25,2025,0,0.5150994485752126,1,false_positive
371003,Ante Palaversa,24/25,2025,0,0.5150920965947325,1,false_positive
439465,Gaizka Larrazabal,24/25,2025,0,0.5150801446869069,1,false_positive
932752,Thomas Zouaghi,24/25,2025,1,0.5150710656036526,1,correct
941420,Jack O'Reilly,24/25,2025,1,0.5150587012602812,1,correct
287871,Fabrizio Alastra,24/25,2025,0,0.5150469955910705,1,false_positive
249210,Rubén Gálvez,24/25,2025,1,0.5150005031588523,1,correct
268742,Márton Lorentz,24/25,2025,1,0.5149935362135836,1,correct
504215,Giovanni Reyna,24/25,2025,1,0.5149822153711542,1,correct
358166,Eldor Shomurodov,24/25,2025,1,0.514974877906632,1,correct
491702,Nacho Pais,24/25,2025,1,0.5149160901509598,1,correct
539226,Simone Benincasa,24/25,2025,0,0.5148852635094262,1,false_positive
867611,José de León,24/25,2025,1,0.5148806517010779,1,correct
1172908,Amine Chabane,24/25,2025,0,0.5148639602675361,1,false_positive
1025179,Gergő Kovács,24/25,2025,0,0.5148456040157382,1,false_positive
183298,Chris Long,24/25,2025,1,0.514824966091189,1,correct
696028,Noah Pesch,24/25,2025,1,0.5147773516383324,1,correct
191895,Rafał Kurzawa,24/25,2025,1,0.5147734955015085,1,correct
146164,Max Meyer,24/25,2025,0,0.5147550311641771,1,false_positive
92488,Paddy Madden,24/25,2025,1,0.5146748177884723,1,correct
1056226,Aristidis Andrikopoulos,24/25,2025,1,0.5146519518758911,1,correct
113133,Germán Pezzella,24/25,2025,0,0.5146442425504039,1,false_positive
121257,Adam Forshaw,24/25,2025,0,0.5146423032549955,1,false_positive
724104,Fabio Chiarodia,24/25,2025,0,0.5145990443381517,1,false_positive
500763,Marvin Keller,24/25,2025,0,0.5145775102766654,1,false_positive
205533,Damien Dussaut,24/25,2025,1,0.5145700048757585,1,correct
492313,Rodrigo Guth,24/25,2025,1,0.5145641794418995,1,correct
631472,Bruno Langa,24/25,2025,1,0.5145544749586541,1,correct
401855,Dylan Fox,24/25,2025,0,0.5145368353166847,1,false_positive
321579,Jake Beesley,24/25,2025,1,0.5145200587990924,1,correct
578916,Ognjen Gasevic,24/25,2025,1,0.5145022576252907,1,correct
88705,Michele Rigione,24/25,2025,0,0.5144902375015338,1,false_positive
51569,Sasa Strujic,24/25,2025,0,0.5144714054843863,1,false_positive
734348,Hernán Zazas,24/25,2025,1,0.514470446829372,1,correct
938388,Panagiotis Tsantilas,24/25,2025,0,0.5144666698529828,1,false_positive
336855,Elliot Newby,24/25,2025,0,0.5144406807020648,1,false_positive
680906,Mustapha Gbolahan Salami,24/25,2025,0,0.5144338781739012,1,false_positive
609887,Alex Robertson,24/25,2025,0,0.5144178066522972,1,false_positive
164830,Márió Németh,24/25,2025,0,0.5143803273673818,1,false_positive
494847,Lovro Majkic,24/25,2025,1,0.5143678732306705,1,correct
832896,Jack Wilkie,24/25,2025,0,0.5143256819622595,1,false_positive
1321713,Justin Raviele,24/25,2025,1,0.5143039692982947,1,correct
670119,Victor Loturi,24/25,2025,0,0.5143020080252453,1,false_positive
171696,Marco Perrotta,24/25,2025,0,0.5143016027817758,1,false_positive
659270,Lendrit Shala,24/25,2025,0,0.5143003575639816,1,false_positive
561899,Abdollah Ali Saei,24/25,2025,0,0.5142918084144544,1,false_positive
468272,Gustavo Cascardo,24/25,2025,0,0.5142900811998128,1,false_positive
892633,Aitor Pérez,24/25,2025,0,0.5142837130100585,1,false_positive
157539,Konstantinos Fortounis,24/25,2025,0,0.5142485075551713,1,false_positive
1023191,George Hemmings,24/25,2025,0,0.5142297838943993,1,false_positive
241402,Rewan Amin,24/25,2025,0,0.5142234083600462,1,false_positive
874429,Aron Sasu,24/25,2025,0,0.514212635889979,1,false_positive
126953,Bojan Zogovic,24/25,2025,0,0.5141600067869999,1,false_positive
950400,Ahmad Faqa,24/25,2025,0,0.5141513705937736,1,false_positive
336756,Miguel Silva,24/25,2025,0,0.5141501918414574,1,false_positive
78507,Derrick Tshimanga,24/25,2025,0,0.5141024019943015,1,false_positive
1113024,Vasilije Markovic,24/25,2025,0,0.5141011745491672,1,false_positive
1038310,Rody Junior Effaghe,24/25,2025,0,0.514052068083349,1,false_positive
629531,Artem Bilyi,24/25,2025,1,0.514051350909014,1,correct
787152,Veit Stange,24/25,2025,0,0.5140154977636912,1,false_positive
686977,Justin Seven,24/25,2025,0,0.5140149959999198,1,false_positive
224458,Pyry Soiri,24/25,2025,1,0.5139439461170728,1,correct
1009483,Antonio Bazdaric,24/25,2025,1,0.5139410798553777,1,correct
696613,Gabriele Pagliai,24/25,2025,1,0.5138624378514246,1,correct
920308,Elison Makolli,24/25,2025,0,0.5138563606486485,1,false_positive
592116,Yuki Ohashi,24/25,2025,0,0.5138258868940211,1,false_positive
908857,Ágúst Orri Thorsteinsson,24/25,2025,0,0.5138018497571307,1,false_positive
392577,Matteo Rover,24/25,2025,1,0.5137990526043698,1,correct
456331,Sion Bradley,24/25,2025,1,0.5137918216633844,1,correct
611861,Natan Girma,24/25,2025,0,0.5137770619235433,1,false_positive
228645,Wout Weghorst,24/25,2025,0,0.513771458974296,1,false_positive
1118150,Emmanuel Uchenna,24/25,2025,0,0.5137337635957181,1,false_positive
906969,Daniel Gleiber,24/25,2025,1,0.5137329394640989,1,correct
884820,Almugera Kabar,24/25,2025,0,0.5137077100969903,1,false_positive
134327,Fabio Benedetto,24/25,2025,0,0.5136956579721703,1,false_positive
467151,Mahmoud Jaber,24/25,2025,1,0.5136473787819029,1,correct
250490,Christian Fassnacht,24/25,2025,0,0.5136390985333623,1,false_positive
225693,Fabinho,24/25,2025,0,0.5135900828623904,1,false_positive
1011936,Kaye Furo,24/25,2025,1,0.5135900528337017,1,correct
1109887,Filip Kaczmarek,24/25,2025,0,0.5135810510955332,1,false_positive
510330,Diego García,24/25,2025,0,0.5135573859067252,1,false_positive
668276,Hugo Novoa,24/25,2025,1,0.5135268795980539,1,correct
548935,Steven van der Sloot,24/25,2025,0,0.5135167140746302,1,false_positive
695877,Denis Ciobanu,24/25,2025,0,0.5135141635480407,1,false_positive
751104,Milosz Matysik,24/25,2025,0,0.5135098665829909,1,false_positive
924030,Lucas Beetz,24/25,2025,0,0.5135027885951392,1,false_positive
337385,Riccardo Gatti,24/25,2025,1,0.513495953768954,1,correct
357858,Marc Tsoungui,24/25,2025,1,0.5134488145919306,1,correct
8198,Cristiano Ronaldo,24/25,2025,0,0.5134154216850972,1,false_positive
227073,Patrik Kelemen,24/25,2025,0,0.5134060649398219,1,false_positive
220848,Yannick Gomis,24/25,2025,0,0.5133746730420615,1,false_positive
421769,Davide Ghislandi,24/25,2025,0,0.5133675962529766,1,false_positive
468036,Dimitris Emmanouilidis,24/25,2025,1,0.5132946082114845,1,correct
77363,Jovan Nikolic,24/25,2025,0,0.513260503656073,1,false_positive
1106292,Yassin Hamdi,24/25,2025,0,0.513257458046667,1,false_positive
1166025,Vojtech Novak,24/25,2025,0,0.5132325988609389,1,false_positive
689022,Nadir Ajanovic,24/25,2025,0,0.5132263872781276,1,false_positive
627208,Andres Jasson,24/25,2025,0,0.5132253501980153,1,false_positive
405670,Yannik Engelhardt,24/25,2025,1,0.5132043197579972,1,correct
51152,Aleksandar Mitrović,24/25,2025,1,0.513176394996619,1,correct
949493,Ion Ciobanu,24/25,2025,1,0.5131318848695098,1,correct
1192068,Tommaso Nucifero,24/25,2025,1,0.5131178663396413,1,correct
267486,Bruno Lulaj,24/25,2025,0,0.5130647349787297,1,false_positive
696011,Pierre Nadjombe,24/25,2025,1,0.5130239582749169,1,correct
406008,Yan Valery,24/25,2025,0,0.5129983891431398,1,false_positive
391063,Filippo Chiti,24/25,2025,0,0.5129909231766028,1,false_positive
425239,Alessandro Capelli,24/25,2025,0,0.5129163438662174,1,false_positive
396167,Charlie Scott,24/25,2025,0,0.5128523200725096,1,false_positive
1059479,Stefen Tchamche,24/25,2025,0,0.5128476947841502,1,false_positive
587333,Sekou Sylla,24/25,2025,0,0.5128092549349149,1,false_positive
503864,Ludvig Henriksen,24/25,2025,0,0.5128053554960356,1,false_positive
256120,Wilfrid Kaptoum,24/25,2025,1,0.5128048829884985,1,correct
148812,Aurél Farkas,24/25,2025,0,0.5128008845619438,1,false_positive
263482,Michael Olunga,24/25,2025,1,0.5127921338205395,1,correct
940553,Relja Obric,24/25,2025,0,0.5127709900959702,1,false_positive
842341,Maxime Estève,24/25,2025,0,0.512719808286118,1,false_positive
658530,Jonas Jensen-Abbew,24/25,2025,0,0.512675090742775,1,false_positive
1031769,Tim Windsheimer,24/25,2025,1,0.5126746896356564,1,correct
846358,Kerr Smith,24/25,2025,1,0.5126677951185115,1,correct
188477,Borislav Tsonev,24/25,2025,1,0.512664997836434,1,correct
73269,Javier Matilla,24/25,2025,0,0.5126020542122063,1,false_positive
401583,Julián Chicco,24/25,2025,1,0.5125939319742129,1,correct
615618,Santiago Eneme,24/25,2025,1,0.5125644162709158,1,correct
116088,Marius Bülter,24/25,2025,1,0.5125610358833931,1,correct
940740,Ivan Grudko,24/25,2025,0,0.512551978596959,1,false_positive
1073023,Radoslaw Zelezny,24/25,2025,1,0.5125294226855001,1,correct
742201,Giuliano Simeone,24/25,2025,0,0.5125142337649254,1,false_positive
795523,Enes Yılmaz,24/25,2025,1,0.5125102105003636,1,correct
112663,Eliran Atar,24/25,2025,0,0.5124976585596706,1,false_positive
128886,András Horváth,24/25,2025,0,0.512482293892164,1,false_positive
193777,Charlie Raglan,24/25,2025,1,0.5124794149134969,1,correct
386442,Alessandro Zanellati,24/25,2025,1,0.5124637287248403,1,correct
77563,Samuel Sahin-Radlinger,24/25,2025,0,0.5124591979860806,1,false_positive
538253,Simão,24/25,2025,0,0.5124554144929638,1,false_positive
921065,Yannick Mausehund,24/25,2025,0,0.5124542310684523,1,false_positive
438311,Victor Stina,24/25,2025,1,0.5124455013846619,1,correct
487836,Simone Panada,24/25,2025,0,0.5124372678386574,1,false_positive
711323,Alejandro Parada,24/25,2025,1,0.512419991861797,1,correct
344576,Rayan Raveloson,24/25,2025,0,0.5123377994851903,1,false_positive
928621,Franco González,24/25,2025,1,0.5123301094578491,1,correct
469976,Christopher Operi,24/25,2025,0,0.5122952784158359,1,false_positive
390135,Abbas Yassin Mohamad,24/25,2025,1,0.5122927880821587,1,correct
167792,Nicolò Bianchi,24/25,2025,1,0.512278542868897,1,correct
683670,Darragh Power,24/25,2025,0,0.5122629959694476,1,false_positive
464530,Theocharis Tsingaras,24/25,2025,0,0.5122477205727606,1,false_positive
810833,Arda Süne,24/25,2025,0,0.5122130217114447,1,false_positive
538642,Juho Kilo,24/25,2025,0,0.5122112765426349,1,false_positive
503619,Andrea Papetti,24/25,2025,1,0.5122016828516448,1,correct
624266,Ross McCausland,24/25,2025,1,0.512190398011512,1,correct
434109,Fabian Windhager,24/25,2025,0,0.512179027046267,1,false_positive
346181,Oli Hawkins,24/25,2025,1,0.5121444200642267,1,correct
182185,Milan Rundic,24/25,2025,1,0.5121347295824935,1,correct
158534,Max Power,24/25,2025,1,0.5121336363134573,1,correct
1077670,Axel Tape,24/25,2025,1,0.5121073181939809,1,correct
832462,Krisztián Székely,24/25,2025,0,0.5121042896433079,1,false_positive
944095,Olle Samuelsson,24/25,2025,1,0.5120877176325754,1,correct
228953,Richard Neudecker,24/25,2025,0,0.5120863977617798,1,false_positive
704553,Eugenio Pizzuto,24/25,2025,0,0.5120644658227624,1,false_positive
682225,Ahmad Assaf,24/25,2025,1,0.512012153582985,1,correct
135853,Manuel Lanzini,24/25,2025,1,0.5119679912699653,1,correct
199325,Ander Cantero,24/25,2025,0,0.5119057724495767,1,false_positive
216683,Fafà Picault,24/25,2025,0,0.5119026560649994,1,false_positive
226006,Emanuel Insúa,24/25,2025,1,0.5118816158586871,1,correct
335587,Philipp Hanke,24/25,2025,0,0.5118737195084713,1,false_positive
262704,Michal Reichl,24/25,2025,0,0.51184476645463,1,false_positive
124173,Fabrizio Poli,24/25,2025,1,0.5118352593731743,1,correct
787907,Benjamin Tahirović,24/25,2025,0,0.5118005172919986,1,false_positive
454321,Jorge Benguché,24/25,2025,0,0.5117646918836517,1,false_positive
151568,Xhelil Abdulla,24/25,2025,0,0.5117508234909207,1,false_positive
646698,Gabriel Misehouy,24/25,2025,1,0.5117282798058417,1,correct
867678,Harun Ibrahim,24/25,2025,1,0.5117079858352934,1,correct
255119,Elias Dolah,24/25,2025,1,0.5116989349712766,1,correct
883007,Filippo Mane,24/25,2025,0,0.5116980072995344,1,false_positive
465844,Stefan Gavrilov,24/25,2025,0,0.5116226852217773,1,false_positive
1011139,Jaden Dixon,24/25,2025,0,0.5116203797874406,1,false_positive
939804,Keno-Miguel Meyer,24/25,2025,1,0.5116157455688503,1,correct
145707,Danilo,24/25,2025,0,0.5115451365062572,1,false_positive
400050,Keve Tóth,24/25,2025,0,0.5115177788091361,1,false_positive
421710,Patryk Szysz,24/25,2025,1,0.5115048502431802,1,correct
352598,Dragan Grivić,24/25,2025,1,0.5114836918508123,1,correct
820148,Emre Uzun,24/25,2025,1,0.5114717865974779,1,correct
158795,David Timor,24/25,2025,1,0.5114068846907672,1,correct
891833,Skye Vink,24/25,2025,0,0.5113905093690135,1,false_positive
1042216,Tibor Jager,24/25,2025,1,0.5113806013630925,1,correct
160630,Alessandro Ligi,24/25,2025,0,0.5113553476040184,1,false_positive
463030,Markus Kaasa,24/25,2025,1,0.511342904364641,1,correct
293367,Nicolás Schiavi,24/25,2025,0,0.5113415461194006,1,false_positive
251106,Enes Ünal,24/25,2025,0,0.5113222883816455,1,false_positive
936027,Alessandro Pavanati,24/25,2025,0,0.5113172672162469,1,false_positive
708635,Lorenzo Bernasconi,24/25,2025,0,0.5112758169903131,1,false_positive
441098,Lucas Masoero,24/25,2025,1,0.5112317704614413,1,correct
451164,Damian Hilbrycht,24/25,2025,0,0.511194780638613,1,false_positive
118071,Shane McEleney,24/25,2025,0,0.5111872692162974,1,false_positive
271763,Alibek Aliev,24/25,2025,0,0.511179537173989,1,false_positive
384264,Aden Baldwin,24/25,2025,0,0.5111793208040516,1,false_positive
67886,Paulo Victor,24/25,2025,1,0.5111741004424054,1,correct
392767,Danny Namaso,24/25,2025,1,0.511156631070436,1,correct
860658,Holger Bux,24/25,2025,0,0.511152731091297,1,false_positive
579263,Augustine Boakye,24/25,2025,0,0.5111282579116305,1,false_positive
651843,Nick Perc,24/25,2025,0,0.5111008727259678,1,false_positive
150788,Yahya Al-Shehri,24/25,2025,0,0.5110866410958085,1,false_positive
595781,Jimmy Suárez,24/25,2025,0,0.511082179961867,1,false_positive
435288,Giannis Kosti,24/25,2025,0,0.511060465263859,1,false_positive
408247,Daniele Ciappellano,24/25,2025,0,0.5110586821831985,1,false_positive
234761,Danny Bejarano,24/25,2025,1,0.5110558183814636,1,correct
1218877,Mustafa Owaid,24/25,2025,1,0.5110401898652621,1,correct
58382,Kristian Böhnlein,24/25,2025,0,0.5110236761360583,1,false_positive
244940,Salih Özcan,24/25,2025,0,0.5109952118135926,1,false_positive
213947,Farid Abderrahmane,24/25,2025,0,0.5109712914236497,1,false_positive
335440,Emil Christensen,24/25,2025,0,0.5109673573079513,1,false_positive
1002454,Ferdinand Riha,24/25,2025,0,0.5109380800499292,1,false_positive
704338,Paolo Chierichetti,24/25,2025,0,0.5108756768694284,1,false_positive
90800,Diego Rodríguez,24/25,2025,0,0.5108522028476928,1,false_positive
622031,Tommaso De Nipoti,24/25,2025,1,0.5108443552506964,1,correct
71019,Bartosz Salamon,24/25,2025,1,0.5108405062483741,1,correct
535670,Colm Whelan,24/25,2025,0,0.5108397744194837,1,false_positive
373191,Flávio,24/25,2025,0,0.5108135606069776,1,false_positive
208022,Giovanni Zarfino,24/25,2025,1,0.5108057687821017,1,correct
1250341,Diego Deisadze,24/25,2025,0,0.5107545398860237,1,false_positive
675623,Job Kalisvaart,24/25,2025,1,0.5107512584551035,1,correct
384664,Maciej Wolski,24/25,2025,0,0.5107338636081742,1,false_positive
740578,Arsen Vitarigov,24/25,2025,0,0.5107317023277244,1,false_positive
412629,Filip Vasko,24/25,2025,0,0.5107180554036481,1,false_positive
601507,Michele Voltan,24/25,2025,0,0.5107158962088271,1,false_positive
296359,Félix Eboa Eboa,24/25,2025,0,0.5106920339803431,1,false_positive
698741,Marcus Ifill,24/25,2025,0,0.5106919713188909,1,false_positive
866888,José Matos,24/25,2025,1,0.510671529969433,1,correct
551686,Khalid Muneer,24/25,2025,0,0.510669508569131,1,false_positive
559324,Youri Regeer,24/25,2025,0,0.5106446933114264,1,false_positive
284346,Phillip Menzel,24/25,2025,0,0.5106291936505133,1,false_positive
166591,Rodrigo Rey,24/25,2025,0,0.5105861094538728,1,false_positive
275512,Emanuel Mammana,24/25,2025,0,0.5105777147123558,1,false_positive
188478,Radoslav Tsonev,24/25,2025,1,0.5105518896862349,1,correct
278205,Viktor Ergin,24/25,2025,1,0.510548638807271,1,correct
800995,Ro-Zangelo Daal,24/25,2025,0,0.5105439424823632,1,false_positive
903414,Carlo Faedo,24/25,2025,0,0.5105318608262391,1,false_positive
344971,Nehar Sadiki,24/25,2025,1,0.5105138955433097,1,correct
366213,Miłosz Mleczko,24/25,2025,0,0.5105055731820408,1,false_positive
292740,Latyr Fall,24/25,2025,1,0.5104952568783022,1,correct
952715,Andrea Zilio,24/25,2025,0,0.5104929148725968,1,false_positive
132779,Branko Pauljevic,24/25,2025,0,0.5104922064852214,1,false_positive
357047,Gautier Larsonneur,24/25,2025,0,0.5104358381286045,1,false_positive
466587,Michal Zapletal,24/25,2025,0,0.510418788133428,1,false_positive
354133,Kevin Varas,24/25,2025,0,0.5103866243931785,1,false_positive
45228,Ryan Flynn,24/25,2025,0,0.5103540694583895,1,false_positive
714488,Daniel Monga,24/25,2025,0,0.5103312780930698,1,false_positive
463792,Luca Gemello,24/25,2025,0,0.510328481875223,1,false_positive
1056224,Dimitri Valkanis,24/25,2025,1,0.5103254211418492,1,correct
45320,Ángel Di María,24/25,2025,1,0.5102895242888728,1,correct
938412,Theofilos Kakadiaris,24/25,2025,0,0.5102481734553073,1,false_positive
347885,Fabio Morselli,24/25,2025,0,0.5102333669328412,1,false_positive
392773,Alex Cochrane,24/25,2025,0,0.5102067526954963,1,false_positive
392281,Matteo Di Giovanni,24/25,2025,0,0.510187842935358,1,false_positive
308371,Mikel Villanueva,24/25,2025,1,0.5101804368608779,1,correct
1123927,Tommaso Lagomarsino,24/25,2025,1,0.5101737670446966,1,correct
528632,Wanderson,24/25,2025,0,0.5101603167829467,1,false_positive
1318390,Niccolò Mennini,24/25,2025,1,0.5101280592560506,1,correct
84751,Luca Martinelli,24/25,2025,0,0.5100994641627055,1,false_positive
665582,David Seger,24/25,2025,1,0.5100856429667138,1,correct
800953,Elisio Widmann,24/25,2025,0,0.5100552042566562,1,false_positive
340166,Alessio Castro-Montes,24/25,2025,1,0.5100546131574804,1,correct
935822,Vladyslav Nagrudnyi,24/25,2025,1,0.5100540645769001,1,correct
51510,Ángel Rodríguez,24/25,2025,1,0.5100334350660292,1,correct
60517,Yacine Brahimi,24/25,2025,0,0.5099935051714087,1,false_positive
921431,Adam Kölle,24/25,2025,0,0.5099928647709074,1,false_positive
468249,Vitinho,24/25,2025,0,0.5099772233567713,1,false_positive
208880,Amor Layouni,24/25,2025,0,0.5099679107610334,1,false_positive
584254,Maximilian Breunig,24/25,2025,1,0.5099608042267644,1,correct
273945,Miroslav Bogosavac,24/25,2025,0,0.5099002608478777,1,false_positive
304144,Alen Sherri,24/25,2025,1,0.5098612687771599,1,correct
392761,Zech Medley,24/25,2025,0,0.5098358343328548,1,false_positive
806793,Clément Akpa,24/25,2025,0,0.5098168424792006,1,false_positive
468309,Lucas Rosa,24/25,2025,0,0.5098115120098815,1,false_positive
293785,Aidan McAdams,24/25,2025,0,0.5097686860833641,1,false_positive
818898,Federico Magro,24/25,2025,1,0.5097682447130121,1,correct
1073176,Oumar Pona,24/25,2025,0,0.5097566919940996,1,false_positive
229194,Aron Bjarnason,24/25,2025,0,0.509729826134718,1,false_positive
1045159,Daniel Barat,24/25,2025,0,0.509607677339461,1,false_positive
205809,Marcus Rohdén,24/25,2025,0,0.5096039569968064,1,false_positive
399473,Luke Thomas,24/25,2025,0,0.5095615202776502,1,false_positive
270609,Róbert Kővári,24/25,2025,0,0.5095608705218612,1,false_positive
179462,Emiljano Musta,24/25,2025,0,0.5095524623876448,1,false_positive
655300,Patrik Vydra,24/25,2025,0,0.5094941863914916,1,false_positive
766538,Ermek Kenzhebaev,24/25,2025,1,0.5094813744391558,1,correct
587310,Marc Nielsen,24/25,2025,0,0.5094608271339718,1,false_positive
454238,Tomás Alarcón,24/25,2025,0,0.5094596903407297,1,false_positive
252641,Pione Sisto,24/25,2025,0,0.509444126519942,1,false_positive
574772,Lázaro,24/25,2025,1,0.5094263384671178,1,correct
406699,Mosawer Ahadi,24/25,2025,1,0.5094247897858644,1,correct
396488,Giuseppe Coccia,24/25,2025,1,0.5093983730363992,1,correct
906315,Hugo Cuenca,24/25,2025,0,0.5093922671087687,1,false_positive
1004786,Mohammed Umar,24/25,2025,0,0.5093591332415247,1,false_positive
299561,Adrian Chovan,24/25,2025,0,0.5093579974963838,1,false_positive
341227,Juan Miranda,24/25,2025,0,0.5093195640300454,1,false_positive
983810,Senan Mullen,24/25,2025,1,0.5092964866736307,1,correct
1046151,Jusuf Ugljanin,24/25,2025,1,0.5092704838194996,1,correct
431422,Nathan Trott,24/25,2025,1,0.5092295611114269,1,correct
484215,Toby Sibbick,24/25,2025,1,0.5092262252956357,1,correct
471055,Marvin Pieringer,24/25,2025,0,0.5092217467945978,1,false_positive
444523,Lucas Paquetá,24/25,2025,0,0.5092163160569531,1,false_positive
1173845,Borna Ivanda,24/25,2025,1,0.5091963315539669,1,correct
713355,Samuel Calderoni,24/25,2025,1,0.5091698720159619,1,correct
80435,Korey Smith,24/25,2025,0,0.5091476286036374,1,false_positive
108468,Benjamin Tiedemann,24/25,2025,1,0.50911790173725,1,correct
696598,Ibrahim Cissé,24/25,2025,0,0.5090911995165681,1,false_positive
332069,Philip Rejnhold,24/25,2025,1,0.509079609233853,1,correct
471004,Luis Binks,24/25,2025,1,0.5090616544408847,1,correct
142990,Stefano Scognamillo,24/25,2025,1,0.5090593529886028,1,correct
344969,Davor Zdravkovski,24/25,2025,1,0.5090513510547348,1,correct
78047,Brice Maubleu,24/25,2025,0,0.5090463944631692,1,false_positive
727585,Joel Torrance,24/25,2025,0,0.509011994445584,1,false_positive
442329,Daniel Celea,24/25,2025,1,0.5089544903767302,1,correct
887638,Davide Bartesaghi,24/25,2025,1,0.5089436643945621,1,correct
291359,Tom Lang,24/25,2025,0,0.5089377529184781,1,false_positive
442816,Fran Gámez,24/25,2025,1,0.508910590482132,1,correct
902987,Mats Seiler,24/25,2025,0,0.5089079819333907,1,false_positive
807318,Ryan Finnigan,24/25,2025,1,0.5088939907606419,1,correct
1255577,Francesco Tumiatti,24/25,2025,0,0.5088903629386121,1,false_positive
724711,Matyas Jedlicka,24/25,2025,0,0.508852748404852,1,false_positive
276768,Nolan Mbemba,24/25,2025,1,0.5088388128414526,1,correct
284177,Tim Handwerker,24/25,2025,1,0.5088269145799126,1,correct
408563,Jerome Opoku,24/25,2025,0,0.5088148221509556,1,false_positive
763182,Josué Casimir,24/25,2025,1,0.5087996433365342,1,correct
451237,Laurin Tost,24/25,2025,0,0.5087672052402779,1,false_positive
528387,Dato Chertkoev,24/25,2025,0,0.5087151483335856,1,false_positive
929132,Jeremiah Esajas,24/25,2025,0,0.5086892657060516,1,false_positive
150462,Alessandro Salvi,24/25,2025,0,0.50863909487223,1,false_positive
557939,Neto Borges,24/25,2025,1,0.5086020058931333,1,correct
1048417,Lukas Novotny,24/25,2025,0,0.5085985477216832,1,false_positive
394352,Massimo Bertagnoli,24/25,2025,1,0.5085718520631336,1,correct
197745,Riccardo Fiamozzi,24/25,2025,1,0.5085473644203035,1,correct
356106,Diego Gregori,24/25,2025,0,0.5085300068019404,1,false_positive
735672,Maël de Gevigney,24/25,2025,0,0.5085134056542006,1,false_positive
1001156,Viktor Tatar,24/25,2025,0,0.5085117824310293,1,false_positive
255361,Nikita Kaplenko,24/25,2025,1,0.5084809651371972,1,correct
1211929,Iaia Manco Danfa,24/25,2025,1,0.5084528594055183,1,correct
903202,Jordi Jaku,24/25,2025,0,0.508419532635223,1,false_positive
738474,David Kalokoh,24/25,2025,0,0.5084161290239126,1,false_positive
934651,Leon Çalışkan,24/25,2025,1,0.5084150632116594,1,correct
340032,Christophe Nduwarugira,24/25,2025,0,0.5084111896359577,1,false_positive
1058399,Maximilian Ibrahimović,24/25,2025,1,0.5083958046372499,1,correct
883122,Anas Haj Mohamed,24/25,2025,1,0.50834096940637,1,correct
336051,Agus Medina,24/25,2025,0,0.5083094519704386,1,false_positive
192855,Mehdi Khalil,24/25,2025,0,0.5083031736154403,1,false_positive
1071956,Emmanuel Biumla,24/25,2025,0,0.5082945031856579,1,false_positive
160525,Antoni Sarcevic,24/25,2025,0,0.5082926097926815,1,false_positive
744478,Dominik Pestic,24/25,2025,1,0.5082884430471243,1,correct
312245,Ryan Moon,24/25,2025,1,0.5082815296653362,1,correct
297583,Woo-yeong Jeong,24/25,2025,1,0.5082755776187559,1,correct
213510,Jota,24/25,2025,0,0.5082640533354069,1,false_positive
154396,Danilo Soares,24/25,2025,0,0.508254402131514,1,false_positive
914370,Josh Woods,24/25,2025,0,0.5082221166707135,1,false_positive
530881,Oludare Olufunwa,24/25,2025,0,0.5082171547525374,1,false_positive
333942,Lion Schweers,24/25,2025,0,0.5082154515940006,1,false_positive
179471,Curtis Good,24/25,2025,0,0.5082026415366503,1,false_positive
541628,Oliver Sonne,24/25,2025,0,0.5081848390632866,1,false_positive
72638,Yohandry Orozco,24/25,2025,1,0.5081581887248152,1,correct
480955,Miguel Atienza,24/25,2025,0,0.5081532344637932,1,false_positive
85164,Andre Hoffmann,24/25,2025,1,0.508118511003314,1,correct
347594,Florian Miguel,24/25,2025,0,0.50811608045514,1,false_positive
307183,Sirlord Conteh,24/25,2025,0,0.5080712257460669,1,false_positive
906598,Jason Amann,24/25,2025,0,0.508061838181371,1,false_positive
260557,Slavko Damjanovic,24/25,2025,1,0.5080145687952541,1,correct
481675,Christos Mandas,24/25,2025,0,0.5079694722119344,1,false_positive
146799,Alberto Brignoli,24/25,2025,0,0.5079569711080913,1,false_positive
229007,Lyes Houri,24/25,2025,0,0.5079530600665381,1,false_positive
282700,Enric Franquesa,24/25,2025,0,0.5079334599071956,1,false_positive
364233,Sidy Sarr,24/25,2025,1,0.5079322666741708,1,correct
1012731,Luis Balbo,24/25,2025,0,0.5079096711983986,1,false_positive
425808,Sebastian Hausner,24/25,2025,0,0.5078823532263589,1,false_positive
65072,Juan Manuel Insaurralde,24/25,2025,0,0.5078789648360602,1,false_positive
241310,Neluț Roșu,24/25,2025,1,0.5078617050589769,1,correct
613192,Jens Castrop,24/25,2025,1,0.507853493674443,1,correct
152695,Martin Sindelar,24/25,2025,0,0.5078408673174981,1,false_positive
647548,Anthony Walker,24/25,2025,1,0.5078335427584683,1,correct
1058514,Montrell Culbreath,24/25,2025,0,0.5078209304975109,1,false_positive
1103543,Clarence Corallo,24/25,2025,1,0.5078098471351907,1,correct
296897,Patrick Sontheimer,24/25,2025,0,0.507800587076039,1,false_positive
705080,Mattia Codromaz,24/25,2025,0,0.5077847766481838,1,false_positive
461484,Frederik Ibsen,24/25,2025,0,0.5077662068373027,1,false_positive
1049728,Nicolas Previtali,24/25,2025,0,0.5077631763807476,1,false_positive
203654,Tozé,24/25,2025,0,0.5077403348555191,1,false_positive
379980,Meritan Shabani,24/25,2025,1,0.5077401048624572,1,correct
1171293,Joshua Vuillermoz,24/25,2025,1,0.5077169995437585,1,correct
470606,Leighton Clarkson,24/25,2025,0,0.5077135325460479,1,false_positive
218140,George Honeyman,24/25,2025,1,0.5076959888389182,1,correct
765105,Roman Mokrovics,24/25,2025,0,0.5076932495785762,1,false_positive
867033,Facundo Queiroz,24/25,2025,1,0.5076890821840899,1,correct
313691,Brayan Riascos,24/25,2025,0,0.5076835042164618,1,false_positive
772349,Fabian Feiner,24/25,2025,0,0.5076093004450608,1,false_positive
242497,Pere Pons,24/25,2025,0,0.5076087662057021,1,false_positive
84840,Bence Somodi,24/25,2025,0,0.5075394836150231,1,false_positive
1254223,Stanislav Yovkov,24/25,2025,0,0.5075281701113823,1,false_positive
402970,Dimitrios Stavropoulos,24/25,2025,0,0.5074899810609464,1,false_positive
125020,José Luis Palomino,24/25,2025,1,0.5074890245609749,1,correct
586855,Loreintz Rosier,24/25,2025,1,0.5074785509005998,1,correct
938946,Ayoub Chaikhoun,24/25,2025,1,0.5074757242941798,1,correct
985717,Taylan Harris,24/25,2025,1,0.5074194464606047,1,correct
179451,Donald Love,24/25,2025,0,0.5073900152763402,1,false_positive
223668,Kevin Fery,24/25,2025,0,0.5073879695635742,1,false_positive
1055084,Nicolò Tordiglione,24/25,2025,1,0.5073702236890781,1,correct
509247,Euan Henderson,24/25,2025,1,0.5073621947552542,1,correct
464535,Zisis Chatzistravos,24/25,2025,1,0.5073480476129711,1,correct
394435,Sheriff Sinyan,24/25,2025,0,0.5072897936379149,1,false_positive
383810,Arnau Campeny,24/25,2025,0,0.5072844007063229,1,false_positive
901026,Claudio Panzarino,24/25,2025,0,0.5072508625410784,1,false_positive
68327,Jay O'Shea,24/25,2025,0,0.5072402628851406,1,false_positive
160357,Mario Sampirisi,24/25,2025,0,0.5072344795723998,1,false_positive
397401,Emanuele Boveri,24/25,2025,0,0.5072054198196552,1,false_positive
205792,Jordanco Naumoski,24/25,2025,0,0.5071933029745953,1,false_positive
1146719,Yasin Belhadj,24/25,2025,0,0.5071801708980481,1,false_positive
103427,Chris Smalling,24/25,2025,0,0.5070750477169245,1,false_positive
121570,Konstantinos Laifis,24/25,2025,0,0.5070115382006926,1,false_positive
484572,Anass Nouader,24/25,2025,1,0.506937209448929,1,correct
576739,Valgeir Valgeirsson,24/25,2025,0,0.5069218080992423,1,false_positive
667251,Hugo Bolin,24/25,2025,0,0.5069207311471123,1,false_positive
344381,Christopher Nkunku,24/25,2025,1,0.5068715874708425,1,correct
593917,Ramin Alii,24/25,2025,1,0.5068460681837372,1,correct
810100,Taylan Bulut,24/25,2025,1,0.5067793472461467,1,correct
265078,Patrick Cutrone,24/25,2025,1,0.5067682716893924,1,correct
1049834,Stephen Nenè,24/25,2025,1,0.5067571908485535,1,correct
967658,Augusto Bando,24/25,2025,0,0.5067330391365098,1,false_positive
696656,Rodri Andrade,24/25,2025,0,0.5067070028139348,1,false_positive
281900,Paolo Bartolomei,24/25,2025,0,0.5067010960821238,1,false_positive
781971,Jean-Marie Nadjombe,24/25,2025,1,0.5066893861577859,1,correct
728478,Gavin Molloy,24/25,2025,0,0.5066548553231317,1,false_positive
765110,Jakub Tosnar,24/25,2025,0,0.5066354350545688,1,false_positive
670845,Omari Forson,24/25,2025,0,0.5066089082197138,1,false_positive
210711,Julián Montenegro,24/25,2025,0,0.5065987242322223,1,false_positive
1318491,Samuele Dimatteo,24/25,2025,1,0.5065848094375408,1,correct
601819,Stefano Pennati,24/25,2025,0,0.5065531737557204,1,false_positive
486665,Marek Polasek,24/25,2025,1,0.5065179627080323,1,correct
129558,Sam Walker,24/25,2025,0,0.5065148125819378,1,false_positive
354482,Amir Murillo,24/25,2025,0,0.506507814439401,1,false_positive
73700,Nikolaos Kaltsas,24/25,2025,0,0.5064824227105689,1,false_positive
419723,Elias Cobbaut,24/25,2025,0,0.5064689427350423,1,false_positive
358948,Bright Osayi-Samuel,24/25,2025,1,0.5064633423216058,1,correct
211397,Miguel Borja,24/25,2025,0,0.5064517832138176,1,false_positive
1017689,Kristiyan Valkov,24/25,2025,0,0.5064167878342289,1,false_positive
278309,Simone Russini,24/25,2025,0,0.5064052045419067,1,false_positive
623561,Triantafyllos Tsapras,24/25,2025,0,0.5063604263019414,1,false_positive
66501,Robbie Willmott,24/25,2025,0,0.5063420072288004,1,false_positive
560903,Patrick William,24/25,2025,0,0.5063376210434687,1,false_positive
577832,Jesper Ceesay,24/25,2025,1,0.5063337436328184,1,correct
929748,Marco Oliva,24/25,2025,1,0.5063268167408513,1,correct
332341,Todd Cantwell,24/25,2025,0,0.5062377466266317,1,false_positive
500782,Willy Vogt,24/25,2025,1,0.5062251950716523,1,correct
341126,Umberto De Lucia,24/25,2025,0,0.5062079976875489,1,false_positive
193151,Abdullah Al-Hafith,24/25,2025,1,0.5061808210927103,1,correct
934621,Roman Doulashi,24/25,2025,1,0.5061372279349665,1,correct
912743,Zhivko Dimitrov,24/25,2025,1,0.5061162361586754,1,correct
461477,Tyler Walton,24/25,2025,0,0.5061116228460878,1,false_positive
251836,Robert Taylor,24/25,2025,0,0.5060470920386476,1,false_positive
536697,Amel Mujanic,24/25,2025,0,0.506043823390246,1,false_positive
240892,Bongani Zungu,24/25,2025,0,0.5060342555710514,1,false_positive
649568,Pavel Juroska,24/25,2025,0,0.5060058684875941,1,false_positive
551147,Clench Loufilou,24/25,2025,0,0.5059975031063285,1,false_positive
74741,Dragan Mihajlovic,24/25,2025,0,0.5059838870723408,1,false_positive
559319,Kilian Nikièma,24/25,2025,0,0.5059659134471705,1,false_positive
960941,Jacopo Bacci,24/25,2025,0,0.5059587941831332,1,false_positive
385614,Andrzej Trubeha,24/25,2025,0,0.5059475254777047,1,false_positive
151213,Ross Callachan,24/25,2025,1,0.5059462896227398,1,correct
419571,Myer Bevan,24/25,2025,0,0.5059458907749709,1,false_positive
367620,Jacopo Cioce,24/25,2025,0,0.5059408100031607,1,false_positive
185195,Nikko Boxall,24/25,2025,0,0.5059402851426245,1,false_positive
186481,Matthew Clarke,24/25,2025,1,0.5059278231854314,1,correct
231289,Otávio,24/25,2025,1,0.5058885890289134,1,correct
1123382,Elio Trochen,24/25,2025,0,0.5058593110369206,1,false_positive
503770,Folarin Balogun,24/25,2025,0,0.5058457321191958,1,false_positive
523606,Cleylton,24/25,2025,0,0.5058303206389815,1,false_positive
340289,Alessandro Dalmasso,24/25,2025,0,0.5058228702261411,1,false_positive
453807,Vincent Müller,24/25,2025,0,0.5057733075561902,1,false_positive
77809,Julian Korb,24/25,2025,0,0.5057082045064901,1,false_positive
1098513,Seniko Doua,24/25,2025,0,0.5057039201612779,1,false_positive
405982,Idris Kanu,24/25,2025,0,0.5056523694531814,1,false_positive
669569,Nicolo Baldani,24/25,2025,0,0.5056432370760175,1,false_positive
681935,Jonas Kühl,24/25,2025,0,0.5056369228754197,1,false_positive
240237,Behar Ramadani,24/25,2025,0,0.5056366148771815,1,false_positive
515581,Aidan Steele,24/25,2025,1,0.5056313855297024,1,correct
658115,Abel Bretones,24/25,2025,0,0.5056002893921664,1,false_positive
1134119,Digne Kaelas Pounga,24/25,2025,0,0.505598386527961,1,false_positive
929878,Filip Sidklev,24/25,2025,1,0.5055842338132898,1,correct
724532,Sinclair Armstrong,24/25,2025,0,0.5055830829866582,1,false_positive
73846,Paul-José Mpoku,24/25,2025,1,0.5055464901803807,1,correct
64134,Néstor Araújo,24/25,2025,0,0.5055072714885464,1,false_positive
476353,Thalis,24/25,2025,0,0.5054927298989226,1,false_positive
742521,Jhon Solís,24/25,2025,0,0.5054802683840878,1,false_positive
666167,Nicolas Ortegel,24/25,2025,1,0.505466529828749,1,correct
282422,Mumo Muñoz,24/25,2025,0,0.5054645699520323,1,false_positive
832898,Simon Polasek,24/25,2025,1,0.505437394849883,1,correct
146660,Ronaldo,24/25,2025,1,0.5053897419331395,1,correct
1106982,Seydou Sano,24/25,2025,0,0.5053165605773011,1,false_positive
49637,Shaun Whalley,24/25,2025,0,0.5052920587144107,1,false_positive
903706,Albion Rrahmani,24/25,2025,0,0.5052902574387222,1,false_positive
830382,Klaidher Macedo,24/25,2025,1,0.5052321156829862,1,correct
395118,Pietro Fusi,24/25,2025,0,0.5052304414188769,1,false_positive
160624,Nils Brüning,24/25,2025,1,0.5052127048221872,1,correct
51730,Jamie Murphy,24/25,2025,0,0.5051691375994639,1,false_positive
1108145,Cheick Oumar Konaté,24/25,2025,0,0.5051682141495251,1,false_positive
415383,Hervé Koffi,24/25,2025,1,0.5051596391351304,1,correct
1314528,Ilan Daf,24/25,2025,0,0.5051077224737675,1,false_positive
212804,Florian Tardieu,24/25,2025,0,0.5050854119692215,1,false_positive
392048,Erald Lakti,24/25,2025,0,0.5050611877715733,1,false_positive
166237,Leandro Paredes,24/25,2025,1,0.5050508522006678,1,correct
897478,Etienne Borie,24/25,2025,0,0.5050434128352299,1,false_positive
251892,Juan Soriano,24/25,2025,0,0.5050222753635839,1,false_positive
74960,Martin Dúbravka,24/25,2025,1,0.5050155100136738,1,correct
432116,Noah Lewis,24/25,2025,0,0.505011073177007,1,false_positive
319306,Lewis Thomas,24/25,2025,0,0.5049943206142693,1,false_positive
158946,Erdoğan Yeşilyurt,24/25,2025,0,0.5049788739846128,1,false_positive
397444,Marco Mosca,24/25,2025,1,0.5049743934311927,1,correct
469669,Yvan Neyou,24/25,2025,1,0.5048127856417385,1,correct
1004062,Frederik Emmery,24/25,2025,0,0.5047904966571678,1,false_positive
829299,Max Weiß,24/25,2025,1,0.5047196617756086,1,correct
1185001,Simone Tarolli,24/25,2025,1,0.5047011792945953,1,correct
837050,Rob Apter,24/25,2025,1,0.5046939941001244,1,correct
1099543,Andrew Buah,24/25,2025,1,0.5046890219035426,1,correct
295868,Dragoș Nedelcu,24/25,2025,1,0.5046806704884668,1,correct
642967,Brayan Vera,24/25,2025,0,0.5046684185793306,1,false_positive
414799,Lewis Strapp,24/25,2025,0,0.5046601745933613,1,false_positive
872502,Mattia Alessio,24/25,2025,0,0.504630702010196,1,false_positive
126321,Carl Jenkinson,24/25,2025,0,0.5046237211476661,1,false_positive
436176,Takuto Yasuoka,24/25,2025,0,0.5046117479751061,1,false_positive
745601,Rafael Lubach,24/25,2025,0,0.5046055861808089,1,false_positive
613085,Tobías Reinhart,24/25,2025,0,0.5045848693427669,1,false_positive
153306,Bartosz Kopacz,24/25,2025,0,0.5045657357168765,1,false_positive
221611,Paulo Otávio,24/25,2025,0,0.5045633882668489,1,false_positive
603471,Danilo Spoljaric,24/25,2025,0,0.5045482288856737,1,false_positive
65001,Armend Alimi,24/25,2025,1,0.5045472829366197,1,correct
140444,Andrea Montanari,24/25,2025,0,0.5045304769441045,1,false_positive
244997,Arne Sicker,24/25,2025,1,0.5045219475779079,1,correct
511128,Kellian van der Kaap,24/25,2025,1,0.5044584821177028,1,correct
410222,Ousseynou Thioune,24/25,2025,1,0.5043806017223728,1,correct
331214,Brice Wembangomo,24/25,2025,0,0.5043598188298163,1,false_positive
387129,Róber Pier,24/25,2025,1,0.5043491749688029,1,correct
581330,Eiran Cashin,24/25,2025,1,0.5043490150506542,1,correct
197830,Josh Sheehan,24/25,2025,0,0.50434707343965,1,false_positive
152093,Anderson Correia,24/25,2025,0,0.504340327652139,1,false_positive
1061820,Lorenzo Venturino,24/25,2025,0,0.5043206341594969,1,false_positive
288067,Mats Köhlert,24/25,2025,1,0.504313831688294,1,correct
234249,Federico Andrada,24/25,2025,1,0.5042795844708209,1,correct
149516,Atınç Nukan,24/25,2025,0,0.5042162569919271,1,false_positive
295331,Isaac Success,24/25,2025,0,0.5042158248481282,1,false_positive
980036,Matheus Sampaio,24/25,2025,0,0.504201836937561,1,false_positive
340339,Jorge Sáenz,24/25,2025,0,0.5041989705301746,1,false_positive
915897,Petar Markovic,24/25,2025,0,0.5041459100756508,1,false_positive
955193,Petr Zika,24/25,2025,0,0.5041326929457509,1,false_positive
636417,Konstantinos Dionellis,24/25,2025,1,0.5041147927030398,1,correct
538977,Georginio Rutter,24/25,2025,0,0.5041096121482336,1,false_positive
631258,Alistair Smith,24/25,2025,1,0.5041046929899949,1,correct
459300,Axel Desjardins,24/25,2025,1,0.5040580844449484,1,correct
1070284,Emerick Lopes,24/25,2025,1,0.5040084526415894,1,correct
800988,Benjamin Boakye,24/25,2025,1,0.5040045807245138,1,correct
855299,Ben Krauhaus,24/25,2025,1,0.5039963215094793,1,correct
365175,Benson Sakala,24/25,2025,1,0.5039942806323316,1,correct
1009658,Julio Soler,24/25,2025,0,0.5039881327471377,1,false_positive
111073,Ryan Allsop,24/25,2025,0,0.5039865316185685,1,false_positive
353634,Robert Ljubicic,24/25,2025,0,0.5039792110942667,1,false_positive
875631,Sanders Ngabo,24/25,2025,1,0.5039734019803875,1,correct
931828,Tom Walters,24/25,2025,0,0.5039173367537763,1,false_positive
289446,Yerry Mina,24/25,2025,0,0.5039048953525496,1,false_positive
738514,Tristan Kuijsten,24/25,2025,1,0.5038821390554951,1,correct
569366,Enzo Millot,24/25,2025,1,0.5038616959683191,1,correct
343794,Gustavo Santos,24/25,2025,0,0.5038255099740044,1,false_positive
555194,Mathías Tomás,24/25,2025,1,0.5038196140847236,1,correct
878160,Reuell Walters,24/25,2025,0,0.5037844256707847,1,false_positive
538810,Chris Ramos,24/25,2025,1,0.5037382209602289,1,correct
314341,Chris Willock,24/25,2025,0,0.5036995166636961,1,false_positive
951643,Zakhar Gitselev,24/25,2025,0,0.5036523624311158,1,false_positive
393436,Aly Abeid,24/25,2025,0,0.503611563169596,1,false_positive
983248,Callan McKenna,24/25,2025,0,0.5036059480260358,1,false_positive
257462,Luka Jović,24/25,2025,1,0.5035694423633892,1,correct
456523,Eder González,24/25,2025,0,0.5035588315222685,1,false_positive
332179,Matteo Pessina,24/25,2025,0,0.5035582631018317,1,false_positive
355501,Amadou Diawara,24/25,2025,1,0.503518996770073,1,correct
954271,Bendegúz Lehoczki,24/25,2025,1,0.5034786008465758,1,correct
118022,Younès Belhanda,24/25,2025,0,0.5034762538753282,1,false_positive
146099,Remi Mulumba,24/25,2025,0,0.5034463045872837,1,false_positive
483742,Antonio Perera,24/25,2025,1,0.5034390685333776,1,correct
334822,David Lischka,24/25,2025,0,0.5034200097481184,1,false_positive
74463,Dániel Póser,24/25,2025,0,0.5033702693279534,1,false_positive
644158,Lucas Silva,24/25,2025,0,0.5033649588879554,1,false_positive
895905,Dimitrios Kaloskamis,24/25,2025,1,0.5033528800555774,1,correct
88917,Ian Mackay,24/25,2025,1,0.5033080431436373,1,correct
51227,Dame Traoré,24/25,2025,0,0.5033008988423655,1,false_positive
1020729,Teymur Charyyev,24/25,2025,0,0.5032603274135125,1,false_positive
1012534,Yankuba Minteh,24/25,2025,0,0.5032545656397827,1,false_positive
597804,Jonas Kersken,24/25,2025,0,0.50324085819997,1,false_positive
998101,Alex Tóth,24/25,2025,0,0.5032286914883769,1,false_positive
1058533,Adam Herdonsson,24/25,2025,0,0.5032004950946546,1,false_positive
345760,David Turnbull,24/25,2025,0,0.5031661138110237,1,false_positive
342018,Tennai Watson,24/25,2025,1,0.5031569141821933,1,correct
110036,Dominique Heintz,24/25,2025,0,0.503069342372001,1,false_positive
929128,Koen Schilder,24/25,2025,0,0.5030146091912451,1,false_positive
225161,Rúben Neves,24/25,2025,0,0.5030033049880454,1,false_positive
393904,Filippo Delli Carri,24/25,2025,1,0.5029662611399349,1,correct
420179,Gianluca Saro,24/25,2025,1,0.5029627125958089,1,correct
249046,Stefano Negro,24/25,2025,1,0.5029503256146164,1,correct
238407,Alexander Sørloth,24/25,2025,0,0.50294845038956,1,false_positive
540536,Carlos Vicente,24/25,2025,0,0.5029374244603955,1,false_positive
1005240,Christian Mawissa,24/25,2025,0,0.5028415769029249,1,false_positive
1306916,Luca Maffei,24/25,2025,1,0.5028407724467718,1,correct
1077175,Honest Ahanor,24/25,2025,1,0.5028363203842534,1,correct
422377,Aboubakary Koita,24/25,2025,0,0.5027984881418428,1,false_positive
158106,Peter Michorl,24/25,2025,0,0.50279815966761,1,false_positive
461619,Fernando Medrano,24/25,2025,1,0.5027384437035403,1,correct
912455,Simon Walde,24/25,2025,0,0.5027192302237932,1,false_positive
1054319,Davide Biz,24/25,2025,1,0.5027023058377253,1,correct
1162101,Egor Grivenev,24/25,2025,0,0.5026895067469372,1,false_positive
315867,Gianluca Scamacca,24/25,2025,0,0.5026728494606886,1,false_positive
1116267,Kristian Mandic,24/25,2025,1,0.50266832165677,1,correct
280982,Eoghan O'Connell,24/25,2025,1,0.5026593597838981,1,correct
265176,Phil Neumann,24/25,2025,1,0.5026551610750358,1,correct
182932,Davy Klaassen,24/25,2025,0,0.5026276983984465,1,false_positive
119472,Milan Heca,24/25,2025,0,0.5026038796743033,1,false_positive
44666,Michele Rinaldi,24/25,2025,0,0.5025922436413646,1,false_positive
429287,Olaus Skarsem,24/25,2025,0,0.5025606126935162,1,false_positive
107267,Djamal Ziane,24/25,2025,0,0.5025203134341327,1,false_positive
183299,Callum Robinson,24/25,2025,0,0.5025201779033435,1,false_positive
287920,Tim Skarke,24/25,2025,0,0.5024917654354069,1,false_positive
38232,Jonathan McDonald,24/25,2025,0,0.502490549180887,1,false_positive
581106,Kristian Arnstad,24/25,2025,0,0.5024896411525964,1,false_positive
426281,Josh Earl,24/25,2025,0,0.5024652978561924,1,false_positive
531214,Adis Jasic,24/25,2025,1,0.5024401528069792,1,correct
354702,Jassim Al-Jalabi,24/25,2025,1,0.5024209214101142,1,correct
1073748,Kacper Potulski,24/25,2025,1,0.502410028939943,1,correct
741352,Dmitriy Lutik,24/25,2025,0,0.5023737053377632,1,false_positive
531065,Oussama El Azzouzi,24/25,2025,1,0.5023563620404614,1,correct
418615,Lucas França,24/25,2025,0,0.5023360877608347,1,false_positive
95795,Václav Hladký,24/25,2025,0,0.5023297664820389,1,false_positive
427633,Chadrack Muzungu,24/25,2025,1,0.5023147408535804,1,correct
1049757,Lorenzo Viano,24/25,2025,1,0.5023124384779627,1,correct
121532,Kostakis Artymatas,24/25,2025,0,0.5022656809585019,1,false_positive
974564,Winners Osawe,24/25,2025,0,0.5022609973289999,1,false_positive
538168,Soumaila Ouattara,24/25,2025,1,0.5022597896413892,1,correct
614480,Luca Zanetti,24/25,2025,0,0.5022257542106299,1,false_positive
915283,Masrur Kiyomidinov,24/25,2025,1,0.5022192734206066,1,correct
720932,Egor Parkhomenko,24/25,2025,1,0.5022175726754662,1,correct
947360,Kassoum Ouattara,24/25,2025,0,0.5022136901975898,1,false_positive
289267,Adrián Lapeña,24/25,2025,0,0.5021877805307393,1,false_positive
134192,Will Richards,24/25,2025,0,0.5021668175350268,1,false_positive
409533,Nick Shinton,24/25,2025,0,0.5021622470467686,1,false_positive
1074574,Garabet Takesian,24/25,2025,1,0.5021365650522829,1,correct
1075575,Marius Courcoul,24/25,2025,0,0.5021318368092892,1,false_positive
315777,Matthew Olosunde,24/25,2025,1,0.5020926780759923,1,correct
930751,Iacopo Casani,24/25,2025,1,0.5020626858818769,1,correct
278761,Kürsad Sürmeli,24/25,2025,1,0.5020565323069021,1,correct
800948,Jan-Carlo Simić,24/25,2025,1,0.5020428401950745,1,correct
697280,George Earthy,24/25,2025,0,0.5019983146063645,1,false_positive
410696,Anthony Landázuri,24/25,2025,0,0.5019982981798784,1,false_positive
537706,Lucas Fox,24/25,2025,0,0.5019802719142235,1,false_positive
633655,Chris Mochrie,24/25,2025,0,0.5019703865894575,1,false_positive
912438,Tim Müller,24/25,2025,0,0.5019157545220683,1,false_positive
354507,Roberto Domínguez,24/25,2025,0,0.5019114464047714,1,false_positive
284884,Óscar Rodríguez,24/25,2025,1,0.5018754016346157,1,correct
192492,Jordan Lefort,24/25,2025,0,0.5018651208135316,1,false_positive
802629,Isaac Ogundere,24/25,2025,0,0.501861524363007,1,false_positive
1174855,Dominik Hegedus,24/25,2025,0,0.5018418579427217,1,false_positive
177821,Daryl van Mieghem,24/25,2025,0,0.501837034658201,1,false_positive
89034,Riccardo Brosco,24/25,2025,0,0.5018089894159807,1,false_positive
994604,Matai Akinmboni,24/25,2025,0,0.5017176675994839,1,false_positive
704147,Dean McMaster,24/25,2025,0,0.501704947587418,1,false_positive
874041,Kamarl Grant,24/25,2025,0,0.5016836043404538,1,false_positive
617754,Mylian Jiménez,24/25,2025,1,0.501654857867918,1,correct
1054332,Riccardo Bordoni,24/25,2025,1,0.5016536106216363,1,correct
403437,Ciaran Kelly,24/25,2025,0,0.5016516823864993,1,false_positive
531253,Luke Cooper,24/25,2025,0,0.5016399428218593,1,false_positive
881260,Jassem Koleilat,24/25,2025,0,0.501548339038341,1,false_positive
36139,Dušan Tadić,24/25,2025,1,0.5014885041919721,1,correct
724034,Athanasios Karamanis,24/25,2025,0,0.5014816078280627,1,false_positive
924087,Mika Haas,24/25,2025,0,0.5014764526297935,1,false_positive
1062513,Karlson Nwanege,24/25,2025,1,0.5014751773051321,1,correct
230457,Bruno Gaspar,24/25,2025,1,0.5014412072743092,1,correct
96539,Marc Mateu,24/25,2025,1,0.5013939926505632,1,correct
451889,Sho Yamamoto,24/25,2025,0,0.5013869807801141,1,false_positive
386833,Guido Variola,24/25,2025,0,0.5013702851016685,1,false_positive
499574,Petr Mikulec,24/25,2025,0,0.501345895724679,1,false_positive
379869,Arthur Desmas,24/25,2025,1,0.5013313542581437,1,correct
135747,Luca Lezzerini,24/25,2025,1,0.501318333419925,1,correct
921521,Dylan MacDonald,24/25,2025,0,0.5012953725412462,1,false_positive
740558,Roman Horak,24/25,2025,0,0.5012910575914935,1,false_positive
962149,Ousmane Diallo,24/25,2025,0,0.501284320473038,1,false_positive
624293,Ayman Abdelrahman,24/25,2025,0,0.5012557715413443,1,false_positive
607720,Jonas Urbig,24/25,2025,0,0.5012454118109994,1,false_positive
334526,Denis Zakaria,24/25,2025,0,0.5012212930719836,1,false_positive
330795,Caniggia Elva,24/25,2025,0,0.50121842115357,1,false_positive
206927,Jakub Habusta,24/25,2025,0,0.5011763004005187,1,false_positive
340322,Nathan Tella,24/25,2025,0,0.5011578493542905,1,false_positive
223727,Godswill Ekpolo,24/25,2025,0,0.5011529910452751,1,false_positive
628712,Simeon Chatov,24/25,2025,0,0.5010710460483199,1,false_positive
633668,Giovanni Fabbian,24/25,2025,0,0.5010261940235263,1,false_positive
1175942,Davide Chiandussi,24/25,2025,1,0.5010213475173134,1,correct
247596,Kenneth Paal,24/25,2025,1,0.500966797591897,1,correct
586744,Panagiotis Liagas,24/25,2025,0,0.5009627284087373,1,false_positive
580747,Yvann Maçon,24/25,2025,0,0.500962516492074,1,false_positive
681693,Pedro Henrique,24/25,2025,1,0.5009266617619204,1,correct
829279,Kimi Merk,24/25,2025,1,0.5008880466060689,1,correct
260041,Josef Kvida,24/25,2025,0,0.5008414902259979,1,false_positive
633624,Cole McKinnon,24/25,2025,1,0.50083395736808,1,correct
656159,Julius Madsen,24/25,2025,0,0.5007670022150321,1,false_positive
908128,Mark Krasnov,24/25,2025,1,0.5007646934335845,1,correct
48226,Sam Foley,24/25,2025,0,0.5007525718180004,1,false_positive
242668,Paschalis Staikos,24/25,2025,1,0.5007494776975333,1,correct
164729,Panagiotis Tsintotas,24/25,2025,0,0.5007471038537341,1,false_positive
610570,Julián Bartolo,24/25,2025,0,0.500715650970048,1,false_positive
789018,James Eto'o,24/25,2025,0,0.5006760667642743,1,false_positive
322754,Joe Crowe,24/25,2025,0,0.5006644635566375,1,false_positive
131664,Abdul Ajagun,24/25,2025,1,0.500632741867428,1,correct
1030201,Noel Kaiser,24/25,2025,1,0.5006319967157207,1,correct
1040792,Muhammad Huzaifa,24/25,2025,0,0.5006309004025595,1,false_positive
970279,Jacques Ekomié,24/25,2025,0,0.5006261279087519,1,false_positive
454567,Orkun Kökçü,24/25,2025,1,0.5006144131284835,1,correct
656179,Gustav Højbjerg,24/25,2025,0,0.5006094886898541,1,false_positive
293771,Evgeniy Yablonskiy,24/25,2025,0,0.50054893544905,1,false_positive
282144,Marin Pongracic,24/25,2025,0,0.5005404321688378,1,false_positive
1030192,Gil Ebner,24/25,2025,1,0.5005279887515051,1,correct
82657,Christopher Braun,24/25,2025,0,0.500519372067733,1,false_positive
346073,Justin Bretgeld,24/25,2025,0,0.5004955096277413,1,false_positive
598153,Dimitrios Tsakmakis,24/25,2025,0,0.5004901875357575,1,false_positive
981693,Don-Angelo Konadu,24/25,2025,0,0.500471107982388,1,false_positive
847579,Isaac Heath,24/25,2025,1,0.5004375087927848,1,correct
179863,Andreas Naumann,24/25,2025,0,0.5004125590908125,1,false_positive
815567,Andrea Mazza,24/25,2025,1,0.5003844875646577,1,correct
9273,Tobias Duffner,24/25,2025,0,0.5003131485656309,1,false_positive
974581,Cenny Neumann,24/25,2025,1,0.5003122366494586,1,correct
523363,Kaio,24/25,2025,1,0.5002833000409788,1,correct
385394,Alberto Dossena,24/25,2025,0,0.5002618542660817,1,false_positive
601143,Nikolas Veratschnig,24/25,2025,0,0.5002565179660352,1,false_positive
823075,Lewis Rees,24/25,2025,0,0.5002507855807964,1,false_positive
484367,Theocharis Iliadis,24/25,2025,0,0.5002191026776308,1,false_positive
488869,Martin Janacek,24/25,2025,1,0.5002119159268105,1,correct
1001788,Ibrahim Fofana,24/25,2025,0,0.5002113087369799,1,false_positive
577394,Denso Kasius,24/25,2025,0,0.5002059415172779,1,false_positive
738481,Emmanuel van de Blaak,24/25,2025,1,0.5001846374685697,1,correct
731899,Álvaro Zamora,24/25,2025,1,0.5001647984186381,1,correct
125165,Jesús Corona,24/25,2025,0,0.5001370955525208,1,false_positive
214666,Connor Roberts,24/25,2025,0,0.5001215823936307,1,false_positive
356099,Cristián Borja,24/25,2025,0,0.5000910542447116,1,false_positive
346629,Isi Manellari,24/25,2025,1,0.5000591548549715,1,correct
509423,Jack Armer,24/25,2025,0,0.5000548816525578,1,false_positive
278501,Paul Mullin,24/25,2025,1,0.5000414675740995,1,correct
874376,Brooklyn Ilunga,24/25,2025,0,0.5000399433914791,1,false_positive
1175271,Francesco Fazio,24/25,2025,1,0.5000251614504924,1,correct
1012513,Gracien Deseri,24/25,2025,1,0.4999801307015108,0,false_negative
240158,Francesco Vicari,24/25,2025,0,0.49997795605471046,0,correct
658536,Simon Adingra,24/25,2025,1,0.4999713934243719,0,false_negative
554234,Joel Randall,24/25,2025,0,0.4999233543615816,0,correct
113890,David Mitchell,24/25,2025,1,0.4999224672656712,0,false_negative
323754,Wilhelm Nilsson,24/25,2025,0,0.49986220933913567,0,correct
586746,Marios Vichos,24/25,2025,0,0.4998337743442713,0,correct
796726,Renato Júnior,24/25,2025,1,0.49981609720304715,0,false_negative
220755,Matthew Pennington,24/25,2025,1,0.49980927864856406,0,false_negative
619884,Emil Engqvist,24/25,2025,0,0.4997565471150425,0,correct
833093,Asparuh Smilkov,24/25,2025,0,0.49974757520316787,0,correct
431581,Edoardo Duca,24/25,2025,1,0.49970486324203844,0,false_negative
745075,David Preu,24/25,2025,0,0.49968079653716596,0,correct
1198833,Sergio Aragoneses,24/25,2025,1,0.49966706754440326,0,false_negative
397392,Riccardo Gemelli,24/25,2025,0,0.4996649348953782,0,correct
318508,Olivier Boscagli,24/25,2025,1,0.4996320355304648,0,false_negative
273438,Danilo Barbosa,24/25,2025,1,0.4996211865071558,0,false_negative
685145,Filip Bundgaard,24/25,2025,0,0.4996146063338657,0,correct
764543,Luka Lukovic,24/25,2025,1,0.49960974730815316,0,false_negative
926931,Emanuel Marincău,24/25,2025,1,0.49958309501427,0,false_negative
341882,Andy Cannon,24/25,2025,0,0.4995720155688402,0,correct
147131,Javier Cabrera,24/25,2025,0,0.4995602143862268,0,correct
732743,Sam Long,24/25,2025,0,0.4995574887328625,0,correct
445241,Roberto Iezzi,24/25,2025,1,0.4995349945636937,0,false_negative
768621,Oluwasegun Olalere,24/25,2025,0,0.49951802098753734,0,correct
371436,Francisco Sierralta,24/25,2025,1,0.49949608101495924,0,false_negative
826795,Dariusz Stalmach,24/25,2025,0,0.49943771502650397,0,correct
547006,Keenan Patten,24/25,2025,0,0.4994057323379794,0,correct
988986,Lorenzo Biagioni,24/25,2025,1,0.4993813156662975,0,false_negative
254280,Reuben Acquah,24/25,2025,1,0.49932824470253856,0,false_negative
707602,Edgar Piloyan,24/25,2025,1,0.4993053960139085,0,false_negative
56682,Andrea Signorini,24/25,2025,0,0.49926644236800893,0,correct
89654,Edisson Jordanov,24/25,2025,1,0.49925853556547445,0,false_negative
932737,Enea Pitti,24/25,2025,1,0.49917223948996914,0,false_negative
223972,Patrick Pentz,24/25,2025,0,0.49915824546021903,0,correct
174247,Luke McCullough,24/25,2025,0,0.49915376566089587,0,correct
297277,Aidan Wilson,24/25,2025,0,0.49914024944064855,0,correct
584065,Marc Richter,24/25,2025,1,0.49913923366566604,0,false_negative
947639,Olawale Farayola,24/25,2025,1,0.49912831016541076,0,false_negative
334042,Orbelín Pineda,24/25,2025,0,0.499116381458986,0,correct
247672,Rodrigo Gómez,24/25,2025,0,0.49904260685839175,0,correct
340415,Tomi Horvat,24/25,2025,0,0.49903832577005025,0,correct
820367,Pavel Georgiev,24/25,2025,0,0.49899845880060456,0,correct
171424,Riyad Mahrez,24/25,2025,0,0.4989822285856614,0,correct
323167,Matteo Gabbia,24/25,2025,0,0.49898042643403834,0,correct
354476,Diogo Tomas,24/25,2025,0,0.49889571365526003,0,correct
486624,Musa Barrow,24/25,2025,0,0.49884470035167255,0,correct
189521,Jorman Aguilar,24/25,2025,1,0.4988443131479994,0,false_negative
637273,Mohammed Kamara,24/25,2025,0,0.4988200305095129,0,correct
147462,Alexander Callens,24/25,2025,0,0.4987913071733799,0,correct
330659,Justin Kluivert,24/25,2025,0,0.498779862039063,0,correct
789045,Igor Milioransa,24/25,2025,0,0.49870568799960335,0,correct
1061825,Mattia Esposito,24/25,2025,1,0.4986938463823609,0,false_negative
125103,Marvin Ducksch,24/25,2025,1,0.49868432281703606,0,false_negative
289432,Dylan Batubinsika,24/25,2025,0,0.49865489701908206,0,correct
453870,Benedict Hollerbach,24/25,2025,1,0.4986548147104172,0,false_negative
580329,Elvis Baffour,24/25,2025,0,0.49864820894178025,0,correct
142208,Emil Bergström,24/25,2025,1,0.4986367226943176,0,false_negative
937207,Lennart Pohlmann,24/25,2025,1,0.4986345475757024,0,false_negative
1001546,Jerome Kortebusch,24/25,2025,1,0.4985069382237965,0,false_negative
460216,Jack Earing,24/25,2025,1,0.4984573602424421,0,false_negative
466806,Álvaro Sanz,24/25,2025,1,0.4984123445099815,0,false_negative
376232,Bassam Al-Rawi,24/25,2025,0,0.49840622802071655,0,correct
34296,Athanasios Papageorgiou,24/25,2025,0,0.4983481610304551,0,correct
928046,Giulio Misitano,24/25,2025,1,0.49833613798655,0,false_negative
371141,Stanley Nsoki,24/25,2025,1,0.4983300071096413,0,false_negative
264302,Dimitar Mitov,24/25,2025,0,0.4982599977154742,0,correct
211345,Mansur,24/25,2025,0,0.4982307249445297,0,correct
911757,Liam Bennett,24/25,2025,0,0.49817480373271894,0,correct
38340,Ivelin Popov,24/25,2025,1,0.4981699019036953,0,false_negative
510761,Bryan Barrios,24/25,2025,0,0.49814387914940833,0,correct
728722,Julius Lindberg,24/25,2025,0,0.49810321184648,0,correct
290533,Yann Bodiger,24/25,2025,1,0.49809234858990703,0,false_negative
863207,Martin Stoychev,24/25,2025,0,0.4980571753160637,0,correct
325443,Viktor Gyökeres,24/25,2025,1,0.4980132139013961,0,false_negative
1123842,Alexander Zenti,24/25,2025,1,0.4979825126039884,0,false_negative
805601,Ben Margetson,24/25,2025,0,0.4979753427074829,0,correct
407491,Luka Gugeshashvili,24/25,2025,1,0.49794435417463917,0,false_negative
111811,Florent Hanin,24/25,2025,0,0.4979411125428327,0,correct
118997,Aitor Fernández,24/25,2025,0,0.4978529836495187,0,correct
912541,Rhys Armstrong,24/25,2025,0,0.4978402571975489,0,correct
49501,Elias Kachunga,24/25,2025,0,0.4978332063703114,0,correct
502893,Denzel Jubitana,24/25,2025,0,0.4978298649364588,0,correct
85960,Manuel Zeitz,24/25,2025,0,0.497794143040765,0,correct
454121,Galeno,24/25,2025,0,0.49778378618673486,0,correct
353147,Dennis Adeniran,24/25,2025,1,0.4976881749922438,0,false_negative
525850,Kane Smith,24/25,2025,1,0.49766615567561595,0,false_negative
1182963,Matteo Enza,24/25,2025,1,0.49766504913902043,0,false_negative
703822,Ties Oostra,24/25,2025,1,0.4976472819167474,0,false_negative
473050,Kevin Schade,24/25,2025,0,0.4976294189469443,0,correct
78818,Dario Dumic,24/25,2025,0,0.4976188098114227,0,correct
102132,Nicklas Helenius,24/25,2025,0,0.4976184200511769,0,correct
533060,Anderson Cruz,24/25,2025,0,0.497580259023305,0,correct
470241,Andreas Chrysostomou,24/25,2025,0,0.4975154199963006,0,correct
710671,Adama Boiro,24/25,2025,0,0.49747371805033663,0,correct
140914,Thomas O'Brien,24/25,2025,0,0.4973859588369831,0,correct
226151,Sean Kelly,24/25,2025,1,0.4973701177599966,0,false_negative
569035,Fahad Bayo,24/25,2025,1,0.4973280967547715,0,false_negative
472249,Jan Thielmann,24/25,2025,0,0.4973068321405115,0,correct
905011,Ibrahim Maza,24/25,2025,1,0.49730389103074296,0,false_negative
1013797,Ondrej Penxa,24/25,2025,0,0.4972979896258903,0,correct
936665,Don O'Niel,24/25,2025,0,0.4972887133543663,0,correct
342012,Rody de Boer,24/25,2025,0,0.49726513192918903,0,correct
933658,Seb Osment,24/25,2025,1,0.4972627544673957,0,false_negative
220878,Issiaga Sylla,24/25,2025,1,0.4972154867896165,0,false_negative
315511,Arkadiusz Kasperkiewicz,24/25,2025,0,0.49719716079370574,0,correct
185691,Konstantinos Triantafyllopoulos,24/25,2025,0,0.4971558363232925,0,correct
643574,Kaishu Sano,24/25,2025,0,0.4970696972881743,0,correct
536460,Andrea Ghezzi,24/25,2025,0,0.4970352579135572,0,correct
384553,Luca Kilian,24/25,2025,0,0.4970153504462245,0,correct
929909,San-Luca Spitali,24/25,2025,0,0.49699541053955976,0,correct
257235,Ahmad Moein Doozandeh,24/25,2025,0,0.49696636528797633,0,correct
469718,Gerardo Arteaga,24/25,2025,0,0.4969624411810765,0,correct
531288,Mathew Jones,24/25,2025,0,0.49695442462000955,0,correct
72776,Hugo Marques,24/25,2025,0,0.49694513910553306,0,correct
1045312,Harri John,24/25,2025,1,0.49694213802462817,0,false_negative
866609,Luke Gauer,24/25,2025,0,0.4969276088283387,0,correct
801029,Enoch Mastoras,24/25,2025,0,0.49692454013595283,0,correct
386792,Stefan Korsch,24/25,2025,0,0.49692255432404303,0,correct
901801,Michalis Panagidis,24/25,2025,0,0.4969103454779315,0,correct
1129198,Eivind Helland,24/25,2025,0,0.4969013090876618,0,correct
408288,Jesús Ruiz,24/25,2025,1,0.49687115179685964,0,false_negative
482364,Leard Sadriu,24/25,2025,1,0.4968371454562482,0,false_negative
829874,Lilian Raolisoa,24/25,2025,0,0.4968294190894212,0,correct
835373,André Escobar,24/25,2025,0,0.49682295938263543,0,correct
898127,Fedor Lapoukhov,24/25,2025,0,0.4968211627108923,0,correct
183313,Michael Gonçalves,24/25,2025,1,0.49681597741919886,0,false_negative
413268,Kevin Yakob,24/25,2025,0,0.49680323466975645,0,correct
59377,David de Gea,24/25,2025,0,0.49678813017375545,0,correct
447221,Hamza Mendyl,24/25,2025,0,0.4967706873605499,0,correct
159977,Plamen Krachunov,24/25,2025,0,0.4967653982507885,0,correct
713404,Daniel Piscaglia,24/25,2025,0,0.4967467441917316,0,correct
293325,Emil Riis,24/25,2025,1,0.49673675691560587,0,false_negative
580070,Matheus Freitas,24/25,2025,1,0.4967266227291504,0,false_negative
542796,Mathias Jørgensen,24/25,2025,1,0.49669257082583435,0,false_negative
548111,Álex Baena,24/25,2025,1,0.49669070410083976,0,false_negative
207302,Sergio Rico,24/25,2025,0,0.4966183667596356,0,correct
944331,Youssoupha Niang,24/25,2025,0,0.4964878371500052,0,correct
322293,Felix Beijmo,24/25,2025,0,0.4964298073462177,0,correct
250686,Bjørn Johnsen,24/25,2025,0,0.4964104698049298,0,correct
586059,Will Hondermarck,24/25,2025,1,0.4962757138173605,0,false_negative
182682,Lefteris Choutesiotis,24/25,2025,0,0.49625812377535716,0,correct
599074,Kristiyan Peshov,24/25,2025,1,0.4962259968638648,0,false_negative
559333,Kian Fitz-Jim,24/25,2025,0,0.49619775034003,0,correct
666923,Momo Touré,24/25,2025,1,0.49618990218694087,0,false_negative
936750,Pietro Tornaghi,24/25,2025,0,0.4961622382279081,0,correct
946393,Nikolay Sotnikov,24/25,2025,0,0.4961330765194476,0,correct
230552,Diego Laxalt,24/25,2025,1,0.49611053145684963,0,false_negative
323704,Malcom,24/25,2025,0,0.4960770520475067,0,correct
897668,Giacomo Gabbiani,24/25,2025,1,0.49607423180442217,0,false_negative
205006,Rick Karsdorp,24/25,2025,1,0.49605543679682784,0,false_negative
1003925,Henrijs Auseklis,24/25,2025,0,0.496052626504773,0,correct
339751,Pavel Zabelin,24/25,2025,1,0.4960247290742677,0,false_negative
852739,Rei Zaimi,24/25,2025,1,0.49602051088255567,0,false_negative
610417,Andrew,24/25,2025,0,0.495989415914965,0,correct
694928,Samuel Lino,24/25,2025,1,0.4959389608039249,0,false_negative
1186267,Steliyan Stoyanov,24/25,2025,1,0.4959307927059599,0,false_negative
1018784,Adrian Svanbäck,24/25,2025,1,0.49590845203655837,0,false_negative
73090,Vid Belec,24/25,2025,0,0.4959020627150759,0,correct
483046,Josip Stanisic,24/25,2025,0,0.49583234518591335,0,correct
572879,Stavros Pilios,24/25,2025,0,0.4958309946165056,0,correct
222209,Thomas Strakosha,24/25,2025,0,0.4957665265328503,0,correct
340879,Merih Demiral,24/25,2025,0,0.49575758882781107,0,correct
182875,Jean-Charles Castelletto,24/25,2025,1,0.4957545480515692,0,false_negative
1134304,Joseph Liteta,24/25,2025,0,0.4957220879105687,0,correct
453016,Anthony Caci,24/25,2025,0,0.4957055129254941,0,correct
996327,Dmitriy Denisenko,24/25,2025,0,0.49566150472651666,0,correct
461019,Samuele Birindelli,24/25,2025,0,0.4956612065148222,0,correct
53200,Eli Sabiá,24/25,2025,1,0.4956307788811097,0,false_negative
695644,Jean Hugonet,24/25,2025,0,0.49562778650784517,0,correct
725352,Endri Muhameti,24/25,2025,1,0.4956037616122652,0,false_negative
1182739,Severin Nioule,24/25,2025,0,0.49557727115323796,0,correct
416108,Youcef Atal,24/25,2025,0,0.49555198253599325,0,correct
138055,Haris Belkebla,24/25,2025,0,0.49545328240549114,0,correct
203510,Yuriy Kovalev,24/25,2025,0,0.495446928872331,0,correct
179548,Stavros Petavrakis,24/25,2025,1,0.49544344336028084,0,false_negative
134424,Nick Powell,24/25,2025,1,0.4954412565299315,0,false_negative
404257,Veljko Nikolic,24/25,2025,0,0.4954271410377293,0,correct
342046,Axel Tuanzebe,24/25,2025,1,0.49539188319731875,0,false_negative
217593,Todor Nedelev,24/25,2025,1,0.4953454354186983,0,false_negative
529512,Kristo Hussar,24/25,2025,0,0.4953261736073648,0,correct
330179,Gianluca Esposito,24/25,2025,0,0.4952217895253967,0,correct
379315,Edgaras Utkus,24/25,2025,0,0.4951870400188503,0,correct
1109255,Skander Tahri,24/25,2025,0,0.4951778356980462,0,correct
1304289,Amin Ziblim,24/25,2025,1,0.4951586707988728,0,false_negative
1105532,Jorthy Mokio,24/25,2025,0,0.4951494445014008,0,correct
100980,Mads Fenger,24/25,2025,0,0.49514859826265784,0,correct
217273,Irfan Sahman,24/25,2025,0,0.4951386269604734,0,correct
392710,Lennard Maloney,24/25,2025,0,0.4951094064152365,0,correct
919831,Daniel Nikolov,24/25,2025,1,0.4950709358974652,0,false_negative
696893,Richard Taylor,24/25,2025,1,0.49505786174962185,0,false_negative
614992,Fotis Kotsonis,24/25,2025,1,0.4950339807210356,0,false_negative
655177,Zeno Ibsen Rossi,24/25,2025,0,0.4948875679462726,0,correct
467537,Callum Roberts,24/25,2025,1,0.4948866652710935,0,false_negative
446248,Shaquille Pinas,24/25,2025,1,0.494869979891351,0,false_negative
122676,Robert Zulj,24/25,2025,1,0.4947874554977588,0,false_negative
1059719,Filippo Galafassi,24/25,2025,0,0.49474138773495535,0,correct
982267,Ibrahim Sulemana,24/25,2025,1,0.49470376300565844,0,false_negative
490609,Lasse Rieß,24/25,2025,0,0.49469967771006906,0,correct
167470,Mattia Maita,24/25,2025,1,0.4946902805286724,0,false_negative
344968,Milan Ristovski,24/25,2025,0,0.4946836260414087,0,correct
1056315,Davide Lazzaro,24/25,2025,1,0.4946753439834103,0,false_negative
612810,Guus Beaumont,24/25,2025,0,0.49466276295580097,0,correct
77825,Etrit Berisha,24/25,2025,0,0.4946605234409037,0,correct
163295,Ali Fathi,24/25,2025,0,0.49465185522299826,0,correct
379892,Diego Campos,24/25,2025,0,0.4945902778052591,0,correct
443322,Erik Nissen,24/25,2025,0,0.49458558311446893,0,correct
1036552,Egor Kress,24/25,2025,0,0.494566830737284,0,correct
568333,Adam Obert,24/25,2025,0,0.49456215684067395,0,correct
1270432,Hunor Kuzma,24/25,2025,0,0.4945366159850474,0,correct
719382,Matteo Waem,24/25,2025,0,0.4945327047978275,0,correct
1049862,Samuele Capolupo,24/25,2025,0,0.4944713277150561,0,correct
1042715,Karse,24/25,2025,1,0.4944690674875307,0,false_negative
918149,Kassim Hadji,24/25,2025,0,0.4944461415438728,0,correct
993537,Johnbosco Samuel Kalu,24/25,2025,1,0.4943883127329621,0,false_negative
377605,Hamdou El Houni,24/25,2025,0,0.49438807346769825,0,correct
929743,Matteo Zazza,24/25,2025,1,0.4943711555928134,0,false_negative
916165,Jan Stein,24/25,2025,1,0.4943573199662232,0,false_negative
442531,Edouard Mendy,24/25,2025,0,0.49435625281754836,0,correct
451848,Geoffrey Acheampong,24/25,2025,1,0.49435457647529213,0,false_negative
849520,Santiago Castro,24/25,2025,0,0.49431765206993095,0,correct
187847,Yassine Benzia,24/25,2025,1,0.49430574683436307,0,false_negative
989112,Veljko Milosavljevic,24/25,2025,1,0.49425812535293934,0,false_negative
1131037,Samuel Konney,24/25,2025,1,0.494116706579011,0,false_negative
180167,Sivert Heltne Nilsen,24/25,2025,0,0.4940924785185437,0,correct
170903,Steeve Yago,24/25,2025,0,0.49406985064476344,0,correct
350532,Jakub Westendorf,24/25,2025,0,0.4940362595849374,0,correct
82361,Christian Mathenia,24/25,2025,0,0.4940190852312686,0,correct
918811,Mattia Fortin,24/25,2025,1,0.4940170499037119,0,false_negative
1111839,Sainey Sanyang,24/25,2025,0,0.4939620453571549,0,correct
808320,Andreas Maarup,24/25,2025,1,0.4939598480441013,0,false_negative
552655,Troy Parrott,24/25,2025,0,0.49393978860136184,0,correct
925505,Giovanni Giunti,24/25,2025,0,0.4939310740558927,0,correct
315968,James Jones,24/25,2025,0,0.49391308045906146,0,correct
357992,Raoul Bellanova,24/25,2025,0,0.4938807215261276,0,correct
351727,Dmitriy Bessmertnyi,24/25,2025,1,0.49387885277026866,0,false_negative
1184961,Filippo Piva,24/25,2025,1,0.49387260930444155,0,false_negative
373373,Lucas Martínez Quarta,24/25,2025,0,0.4938610796591888,0,correct
1009441,Felipe Chávez,24/25,2025,0,0.49383386668728263,0,correct
374421,Marvin Lorch,24/25,2025,0,0.4938310581459756,0,correct
717244,Dimitar Ivanov,24/25,2025,0,0.49378436759169186,0,correct
237141,Benedikt Kirsch,24/25,2025,0,0.4937186522850568,0,correct
808509,Danilo,24/25,2025,1,0.4937065550369517,0,false_negative
554903,Mateo Retegui,24/25,2025,1,0.49368227229530653,0,false_negative
173146,Gurpreet Singh Sandhu,24/25,2025,0,0.4936638271025934,0,correct
363720,Kai Westerhoff,24/25,2025,0,0.4936144027836129,0,correct
814349,Nicholas Fantoni,24/25,2025,0,0.4936064423884324,0,correct
112302,Roberto Pereyra,24/25,2025,0,0.4936036191301715,0,correct
188640,Augustine Okrah,24/25,2025,0,0.4936028652122319,0,correct
388058,Benjamin Goller,24/25,2025,1,0.49358935023259476,0,false_negative
297373,Mike Hauptmeijer,24/25,2025,1,0.4935729552142764,0,false_negative
524210,Sean McLoughlin,24/25,2025,1,0.49347373594091704,0,false_negative
270541,Serhou Guirassy,24/25,2025,0,0.493471899216905,0,correct
911955,Morgan Owen,24/25,2025,0,0.49346450693073735,0,correct
205586,Tokmac Chol Nguen,24/25,2025,0,0.4934584228290713,0,correct
1308605,Giovanni Severino,24/25,2025,1,0.49345500028644174,0,false_negative
739443,Igor Thiago,24/25,2025,0,0.4934304721002915,0,correct
448628,Javi Galán,24/25,2025,0,0.4934024779742911,0,correct
507479,Darian Males,24/25,2025,0,0.4933947009773511,0,correct
750903,Jaouen Hadjam,24/25,2025,0,0.49333155995145084,0,correct
357156,Diogo Leite,24/25,2025,0,0.49329105917916716,0,correct
604796,Carlitos,24/25,2025,0,0.4932854111675589,0,correct
64793,Leonardo Pavoletti,24/25,2025,0,0.4932740911874494,0,correct
547044,Ryan Bevan,24/25,2025,0,0.49325759791966883,0,correct
137745,Marçal,24/25,2025,0,0.49324902213790606,0,correct
124884,Marco Bizot,24/25,2025,1,0.4932322322724557,0,false_negative
221446,Lee Evans,24/25,2025,0,0.4931617028509174,0,correct
657723,Idris Odutayo,24/25,2025,0,0.4931513967507104,0,correct
524081,Nicolai Vallys,24/25,2025,0,0.49315058414190577,0,correct
429892,Davíd Ingvarsson,24/25,2025,0,0.49314945325267484,0,correct
289255,Andoni Gorosabel,24/25,2025,0,0.49313247686578393,0,correct
485585,Ian Maatsen,24/25,2025,0,0.4931287780155214,0,correct
856406,Noah Madsen,24/25,2025,0,0.4931142400588954,0,correct
1055878,Deacon van der Klaauw,24/25,2025,1,0.4931033197496946,0,false_negative
231471,Theofanis Tzandaris,24/25,2025,0,0.49308856555543995,0,correct
1329955,Osian Ellis,24/25,2025,0,0.4930030252768907,0,correct
287635,Assane Dioussé,24/25,2025,0,0.49296714444726386,0,correct
1124805,Noel Jakac,24/25,2025,1,0.4928957425217116,0,false_negative
580027,Luca Connell,24/25,2025,0,0.4928867370666934,0,correct
964204,Gavin Gallagher,24/25,2025,0,0.4928801061463693,0,correct
456807,Will Fuller,24/25,2025,0,0.4928463843799699,0,correct
684173,Ryan Glover,24/25,2025,0,0.4927902027423846,0,correct
543093,Josh Neufville,24/25,2025,1,0.4927854946751206,0,false_negative
1023784,Robert Kampa,24/25,2025,0,0.49276930679313913,0,correct
293134,Mikkel Kallesøe,24/25,2025,1,0.4927477999195345,0,false_negative
425795,Callum Maycock,24/25,2025,0,0.49272210562948904,0,correct
115333,Juanpe,24/25,2025,1,0.4926996333687669,0,false_negative
623100,Sam Snaith,24/25,2025,1,0.4926907795821608,0,false_negative
333859,Lubambo Musonda,24/25,2025,0,0.4926877854272286,0,correct
40617,Sam Hutchinson,24/25,2025,0,0.49266035402111724,0,correct
562409,Afeez Aremu,24/25,2025,0,0.4926087900449663,0,correct
919620,Joseph Nduquidi,24/25,2025,1,0.49260213908716877,0,false_negative
87422,Valentin Roberge,24/25,2025,0,0.4926006403005358,0,correct
289713,Mamadou Fall,24/25,2025,0,0.4925921446398264,0,correct
148252,Remo Freuler,24/25,2025,0,0.4923985612088979,0,correct
559800,Oliver Casey,24/25,2025,0,0.4923923402312742,0,correct
524481,Roger Ibañez,24/25,2025,0,0.4922308574172245,0,correct
181373,Antoine Conte,24/25,2025,0,0.4922020805610439,0,correct
887738,Zylyf Muça,24/25,2025,1,0.49218168158258296,0,false_negative
1048011,Samuel Ardau,24/25,2025,1,0.4921721321991905,0,false_negative
546543,Darwin Núñez,24/25,2025,1,0.49215972333019614,0,false_negative
604008,Emam Ashour,24/25,2025,0,0.4921216382668238,0,correct
314241,Josh Laurent,24/25,2025,0,0.4921140171664811,0,correct
1269524,Daniil Kulikov,24/25,2025,0,0.4920650638777332,0,correct
923759,Valentin Atangana,24/25,2025,1,0.49205738487770373,0,false_negative
467434,Rocco Reitz,24/25,2025,0,0.4920272818915529,0,correct
442891,Martin Terrier,24/25,2025,0,0.4920067351429293,0,correct
184573,Victor Lindelöf,24/25,2025,1,0.49193158360186723,0,false_negative
39161,Robert Garrett,24/25,2025,0,0.4919275547105058,0,correct
130353,Hördur Magnússon,24/25,2025,1,0.49190226788064306,0,false_negative
128909,Jack Robinson,24/25,2025,1,0.49190089200928316,0,false_negative
327126,Anuar,24/25,2025,1,0.4918908568214873,0,false_negative
962154,Albert Navarro,24/25,2025,0,0.4918414620324554,0,correct
537602,João Mário,24/25,2025,1,0.4918386226143993,0,false_negative
533632,Mads Frøkjær,24/25,2025,0,0.491822455481607,0,correct
367405,Andreas Heimer,24/25,2025,0,0.49182210958821915,0,correct
401383,Davide Colonna,24/25,2025,1,0.49177487003685977,0,false_negative
237679,Tobias Schättin,24/25,2025,1,0.4917589261754708,0,false_negative
335177,Farrend Rawson,24/25,2025,0,0.49175683345042437,0,correct
111038,Dennis Appiah,24/25,2025,0,0.4917171419190125,0,correct
246200,William Popp,24/25,2025,1,0.4917136955743241,0,false_negative
934998,Abdou M'bark El Id,24/25,2025,0,0.4916717832388602,0,correct
1046491,Alessandro Grano,24/25,2025,1,0.49159077451594235,0,false_negative
228948,Thilo Kehrer,24/25,2025,0,0.4915519547518102,0,correct
595936,Misha Engel,24/25,2025,1,0.4914938995523134,0,false_negative
452447,Maciej Ambrosiewicz,24/25,2025,0,0.4914857641338812,0,correct
235931,Alessandro Deiola,24/25,2025,0,0.49146478310673825,0,correct
167685,Alessandro Micai,24/25,2025,1,0.49140533001235137,0,false_negative
979578,Jonathan Flensborg,24/25,2025,0,0.49139278395282315,0,correct
485706,Amadou Onana,24/25,2025,0,0.4913622917312441,0,correct
956605,Zsombor Petroff,24/25,2025,0,0.4913495291515225,0,correct
1084760,Marto Boychev,24/25,2025,0,0.4912990548440908,0,correct
1061046,Keeto Thermoncy,24/25,2025,0,0.4912981100739481,0,correct
667521,Cian Ashford,24/25,2025,0,0.4912832971192743,0,correct
891869,Leonardo Colombo,24/25,2025,0,0.4912263570430222,0,correct
284342,Conan Ledesma,24/25,2025,0,0.4911381134069387,0,correct
776890,Nicolas Jackson,24/25,2025,1,0.4911213343322098,0,false_negative
124548,Bebeto,24/25,2025,0,0.49110241654118036,0,correct
143039,Damjan Djokovic,24/25,2025,0,0.49107906585598365,0,correct
166317,Milan Lutonsky,24/25,2025,0,0.49107885969460674,0,correct
1262393,Gabriel Rafele,24/25,2025,1,0.49105769049790676,0,false_negative
541231,Sepp van den Berg,24/25,2025,0,0.4910345678993982,0,correct
181612,Tomas Huk,24/25,2025,1,0.4910231011360093,0,false_negative
915269,Vladislav Drapeza,24/25,2025,1,0.49100107370012336,0,false_negative
191850,Kosmas Gezos,24/25,2025,1,0.4909820770117385,0,false_negative
171033,Anatoli Gospodinov,24/25,2025,0,0.4909700649624478,0,correct
925986,Vladislav Ignatjev,24/25,2025,0,0.49095416899820987,0,correct
310645,Taher Mohamed,24/25,2025,0,0.49090573837068585,0,correct
1025410,Zakaria Ouazane,24/25,2025,0,0.4909043086559436,0,correct
200512,Sadio Mané,24/25,2025,0,0.4908939220963698,0,correct
93128,Kalidou Koulibaly,24/25,2025,0,0.4908818563174812,0,correct
930571,Oscar Gloukh,24/25,2025,1,0.4908718000571767,0,false_negative
935509,Gianluca Rossi,24/25,2025,1,0.49085993910071485,0,false_negative
938672,Pietro Asiatico,24/25,2025,1,0.49084448229075167,0,false_negative
1013793,Lukas Moudry,24/25,2025,0,0.49079471097936334,0,correct
332866,Shaun Want,24/25,2025,1,0.4907841595210927,0,false_negative
822917,Adam Davies,24/25,2025,0,0.4907585764040853,0,correct
478347,Marian Huja,24/25,2025,1,0.4907324595352635,0,false_negative
391788,CJ Hamilton,24/25,2025,0,0.4907240928495415,0,correct
268113,Sean Klaiber,24/25,2025,0,0.4906564008813797,0,correct
796213,Nelson Weiper,24/25,2025,0,0.4906313779002057,0,correct
640556,Rav van den Berg,24/25,2025,1,0.490627349718903,0,false_negative
858491,Alexandru Capac,24/25,2025,1,0.4905888605896431,0,false_negative
221316,Lucas Vázquez,24/25,2025,1,0.4905642465666723,0,false_negative
565168,Aleksandr Mikhalenko,24/25,2025,0,0.49056243112436115,0,correct
281404,Kenedy,24/25,2025,1,0.49055684925121845,0,false_negative
569140,Lassine Sinayoko,24/25,2025,0,0.4905157846729397,0,correct
141224,Mohamed Ibrahim,24/25,2025,0,0.49038137967615636,0,correct
418561,Kristoffer Klaesson,24/25,2025,0,0.49036965052328213,0,correct
743496,Kévin Danois,24/25,2025,0,0.49035691944067517,0,correct
1152979,Levin Chiumento,24/25,2025,0,0.4903057960911041,0,correct
672607,Adam Senior,24/25,2025,1,0.49027906004157357,0,false_negative
291286,Liam Walsh,24/25,2025,1,0.4902590750198665,0,false_negative
877215,David Toure,24/25,2025,1,0.49024635132218575,0,false_negative
177779,Janik Haberer,24/25,2025,0,0.4902258997070117,0,correct
646750,Cristhian Mosquera,24/25,2025,1,0.49020977220330036,0,false_negative
1000698,Kirill Parmonov,24/25,2025,0,0.4901628633582982,0,correct
1035971,Antoni Franke,24/25,2025,0,0.4901436247975036,0,correct
933683,Simone Pieraccini,24/25,2025,1,0.49012645871155835,0,false_negative
741257,Álex Jiménez,24/25,2025,1,0.4901097004713611,0,false_negative
1200313,Clayton Diandy,24/25,2025,0,0.49003949771224903,0,correct
294808,Franck Kessié,24/25,2025,0,0.4900291522871846,0,correct
234888,Georgios Athanasiadis,24/25,2025,1,0.4900178136003149,0,false_negative
340700,Ivan Prtajin,24/25,2025,1,0.48999533445932497,0,false_negative
896732,Damian van der Vaart,24/25,2025,0,0.48999359339415094,0,correct
924115,Tim Janisch,24/25,2025,0,0.48989599521832145,0,correct
391903,Emir Azemovic,24/25,2025,0,0.489774353002649,0,correct
615930,Matei Ilie,24/25,2025,0,0.48976176313485326,0,correct
343537,Artem Dovbyk,24/25,2025,0,0.48964717210812986,0,correct
277137,Renato Tapia,24/25,2025,1,0.489637812894265,0,false_negative
182323,Lucas Lima,24/25,2025,1,0.48960969120715786,0,false_negative
862146,Artem Zimin,24/25,2025,0,0.48956034546920496,0,correct
918867,Zack Clarke,24/25,2025,1,0.4894877517468477,0,false_negative
1171668,Malthe Kjølby,24/25,2025,1,0.48944353212984376,0,false_negative
1251246,Moritz Busch,24/25,2025,0,0.48943378413802585,0,correct
535927,Luke McNally,24/25,2025,0,0.4894320320101508,0,correct
110928,Lorenzo Crisetig,24/25,2025,0,0.4894255448381139,0,correct
855256,Alex Scott,24/25,2025,0,0.4894039217720237,0,correct
262554,Clifford Aboagye,24/25,2025,1,0.4894028644813175,0,false_negative
859035,Kees Smit,24/25,2025,0,0.4893707134383113,0,correct
235783,Dom Thomas,24/25,2025,1,0.4893498767013623,0,false_negative
1009463,Niklas Swider,24/25,2025,0,0.4893250671940005,0,correct
542469,Lumbardh Dellova,24/25,2025,0,0.489309375393165,0,correct
102558,Marco Verratti,24/25,2025,1,0.4893071937267633,0,false_negative
396678,Alfie Kilgour,24/25,2025,1,0.4892170270689124,0,false_negative
175722,Eric Dier,24/25,2025,1,0.4891194232750615,0,false_negative
800874,Sino Absamadov,24/25,2025,1,0.48911827443852085,0,false_negative
660544,Marcel Ratnik,24/25,2025,1,0.4890494194754147,0,false_negative
368482,Riccardo Orsolini,24/25,2025,0,0.4890450182768438,0,correct
1067439,Fritz Fleck,24/25,2025,0,0.4890387843347897,0,correct
321482,Mikko Pitkänen,24/25,2025,0,0.48891952258571536,0,correct
649053,Ashley Charles,24/25,2025,0,0.4889026817406421,0,correct
412529,Lukas Giessing,24/25,2025,0,0.48885891307621565,0,correct
1299824,Stijn Middendorp,24/25,2025,0,0.4888023840392619,0,correct
695422,Théo De Percin,24/25,2025,0,0.48869348043361793,0,correct
106872,Kevin Stöger,24/25,2025,0,0.4886853430085236,0,correct
942065,Julian Oerip,24/25,2025,0,0.4886816602233551,0,correct
934317,Maxim Dal,24/25,2025,1,0.48864473848308315,0,false_negative
66106,Sergio Canales,24/25,2025,0,0.48855168457517134,0,correct
683101,Saverio Domanico,24/25,2025,0,0.48855149653841834,0,correct
584490,Giannis Tsivelekidis,24/25,2025,1,0.48853768588101965,0,false_negative
1136742,Nikita Ovsyanik,24/25,2025,0,0.48849850494388647,0,correct
136109,Alexei Koselev,24/25,2025,0,0.48844583651194284,0,correct
929742,Marco Nazzaro,24/25,2025,1,0.48836095229711596,0,false_negative
559327,Youri Baas,24/25,2025,0,0.4883378731497105,0,correct
324214,Vasile Mogoș,24/25,2025,0,0.4883032074423959,0,correct
898356,Alessandro Berretta,24/25,2025,1,0.4882879756334764,0,false_negative
199704,Yunis Abdelhamid,24/25,2025,1,0.48822431613984246,0,false_negative
754634,Axel Henriksson,24/25,2025,1,0.48814741240682735,0,false_negative
1030197,Joel Skowronek,24/25,2025,1,0.4880269756698757,0,false_negative
233656,Marek Havlík,24/25,2025,0,0.48800000808280325,0,correct
114060,Enric Gallego,24/25,2025,0,0.48798668268529594,0,correct
601113,Filip Ristanic,24/25,2025,0,0.48797974109127,0,correct
321239,Everton,24/25,2025,0,0.48797951539830564,0,correct
586712,Symeon Papadopoulos,24/25,2025,1,0.48791724143818027,0,false_negative
527270,Falko Michel,24/25,2025,0,0.48791592465281525,0,correct
124507,Fabian Menig,24/25,2025,0,0.4878669502203915,0,correct
748804,Mika Godts,24/25,2025,0,0.4878332271315988,0,correct
882721,Matteo Agrimi,24/25,2025,0,0.48783215335186897,0,correct
776880,Lev Lenssen,24/25,2025,1,0.487634293915276,0,false_negative
816578,Pascal Fuchs,24/25,2025,0,0.48763377370455524,0,correct
494350,Yaw Annor,24/25,2025,0,0.487566447297526,0,correct
696012,Mikail Özkan,24/25,2025,0,0.4875100484278508,0,correct
361074,Peer Koopmeiners,24/25,2025,0,0.4875046140850617,0,correct
197299,Francesco Belli,24/25,2025,0,0.4874888892230285,0,correct
355157,Arsen Kasa,24/25,2025,0,0.48746966492439525,0,correct
990008,Wassim Bouziane,24/25,2025,1,0.4874427389158516,0,false_negative
344569,Vladislav Kabachevskiy,24/25,2025,1,0.48739869146168874,0,false_negative
775048,Omar Mohamedhoesein,24/25,2025,0,0.48738158122561126,0,correct
606026,Albie Morgan,24/25,2025,0,0.4873802978677096,0,correct
148215,Nicky Devlin,24/25,2025,0,0.4873357929086461,0,correct
1075147,Lennart Karl,24/25,2025,1,0.4873357006030575,0,false_negative
459763,Marco Carnesecchi,24/25,2025,0,0.4873069070027334,0,correct
395230,Hakim Guenouche,24/25,2025,0,0.4872825625660505,0,correct
199976,Marco Sportiello,24/25,2025,1,0.4870109536716218,0,false_negative
344001,Kelland Absalom,24/25,2025,0,0.4870049277971368,0,correct
1035852,Magnus Baars,24/25,2025,1,0.4869470923292218,0,false_negative
182313,Badra Ali Sangaré,24/25,2025,1,0.4869332025161442,0,false_negative
1009332,Kemal Çırpan,24/25,2025,1,0.48692631371398987,0,false_negative
426428,Paulo Mendes,24/25,2025,0,0.4869253563749466,0,correct
720934,Ivan Mikhnyuk,24/25,2025,0,0.4868959540569716,0,correct
692737,Aljoscha Kemlein,24/25,2025,0,0.486860237334024,0,correct
1007809,Daniel Skaarud,24/25,2025,0,0.48685837174892194,0,correct
875334,Semih Kılıçsoy,24/25,2025,1,0.486848852983094,0,false_negative
552939,Alessio Buttaro,24/25,2025,1,0.4868389489626241,0,false_negative
1118293,Fynn Schenten,24/25,2025,0,0.48682010865613573,0,correct
671108,Kota Takai,24/25,2025,1,0.48679486193351046,0,false_negative
206050,Paulo Dybala,24/25,2025,0,0.4867894526981885,0,correct
428563,Lewis Ferguson,24/25,2025,0,0.48670710951181645,0,correct
99343,Ander Herrera,24/25,2025,0,0.48670234902606085,0,correct
980134,Maksim Samotoy,24/25,2025,0,0.48669416761121226,0,correct
311730,Tarek Salman,24/25,2025,0,0.48662940662022386,0,correct
1069538,Jake Morris,24/25,2025,0,0.4866247548077563,0,correct
83983,Lucas Mendes,24/25,2025,0,0.4866110120589186,0,correct
371686,Carlens Arcus,24/25,2025,0,0.48659091604553834,0,correct
558133,Kyle Harrison,24/25,2025,1,0.48652138048865057,0,false_negative
221687,Alex Gilliead,24/25,2025,1,0.486495815924973,0,false_negative
740550,Vladislav Davydov,24/25,2025,0,0.48649567343978495,0,correct
146710,Martin Frydek,24/25,2025,0,0.48645171347564703,0,correct
784862,Eryk Kobza,24/25,2025,0,0.48643490644483395,0,correct
494586,Mickaël Nadé,24/25,2025,0,0.48642946954806426,0,correct
314205,Danny Collinge,24/25,2025,0,0.4864010098803522,0,correct
908676,Amath Cissé,24/25,2025,1,0.4863633704077521,0,false_negative
955427,Henry Camara,24/25,2025,0,0.4863441237969063,0,correct
364245,Jordan Teze,24/25,2025,0,0.486333814169115,0,correct
181498,George Evans,24/25,2025,1,0.4863302609501127,0,false_negative
999387,Christian Roseti,24/25,2025,1,0.4863201101790374,0,false_negative
809498,Luca Kerber,24/25,2025,0,0.48630999684291565,0,correct
504616,Tom Price,24/25,2025,0,0.48629531930750547,0,correct
751701,Kian Jenkins,24/25,2025,0,0.48628025419245935,0,correct
711337,Evanilson,24/25,2025,0,0.4862773211439115,0,correct
234068,Maximilian Pommer,24/25,2025,0,0.4862509142980545,0,correct
191903,Ferjani Sassi,24/25,2025,0,0.4862462175140172,0,correct
803401,Ryan Andrews,24/25,2025,1,0.48623584947724896,0,false_negative
261504,Aleix García,24/25,2025,0,0.48621954537906426,0,correct
273937,Avdo Spahic,24/25,2025,0,0.48616830003571937,0,correct
135490,Lindsay Rose,24/25,2025,0,0.48615206142690104,0,correct
926839,Ivan Sulev,24/25,2025,0,0.48613369122555694,0,correct
525131,Yacine Bourhane,24/25,2025,1,0.4861207607302597,0,false_negative
918969,Lamine Camara,24/25,2025,0,0.48608860445958263,0,correct
249157,Fredrik Jensen,24/25,2025,1,0.4860621883090848,0,false_negative
424013,Lewis McGrattan,24/25,2025,0,0.48604421782764917,0,correct
503987,Noni Madueke,24/25,2025,1,0.48600039968981706,0,false_negative
533783,Maks Ebong,24/25,2025,0,0.4859976958861424,0,correct
702441,Sinaly Diomandé,24/25,2025,0,0.4859807217682418,0,correct
543501,Ibrahim Sadiq,24/25,2025,0,0.4859579602634878,0,correct
328985,Matteo Marotta,24/25,2025,0,0.4858763261536484,0,correct
1059771,Filippo Vertua,24/25,2025,1,0.4858684708489788,0,false_negative
625120,Pavel Prishivalko,24/25,2025,0,0.4858423338781812,0,correct
106987,Marcel Sabitzer,24/25,2025,0,0.4858070944255463,0,correct
952770,Strahinja Stojkovic,24/25,2025,1,0.48576020607359816,0,false_negative
979199,Yoël van den Ban,24/25,2025,1,0.48574480686581106,0,false_negative
283497,Mathias Honsak,24/25,2025,0,0.4857394799655361,0,correct
926935,Fritz Engel,24/25,2025,1,0.4856895713459814,0,false_negative
818131,Fabio Cariolato,24/25,2025,0,0.4856301432977843,0,correct
386685,Matheo Raab,24/25,2025,1,0.4856144543391156,0,false_negative
667287,Yasin Ayari,24/25,2025,0,0.48556261889972757,0,correct
432895,Pedro,24/25,2025,0,0.4855588482904716,0,correct
101213,Pedro Obiang,24/25,2025,1,0.4854458928889585,0,false_negative
176936,Julián Cuesta,24/25,2025,1,0.4854384214909485,0,false_negative
176422,Adrià Gallego,24/25,2025,1,0.4854208004450055,0,false_negative
214532,Pierrick Capelle,24/25,2025,0,0.4854052489625206,0,correct
170838,Salih Uçan,24/25,2025,0,0.4853869681325897,0,correct
745611,Joshua Uwakhonye,24/25,2025,0,0.4853680250730123,0,correct
90451,Iván Marcone,24/25,2025,0,0.4853609898268511,0,correct
313719,George Oakley,24/25,2025,0,0.4853318758904725,0,correct
64601,Sunil Chhetri,24/25,2025,0,0.48529738590166277,0,correct
225676,Adam Lundkvist,24/25,2025,0,0.48528114754661855,0,correct
448844,Carlos Neva,24/25,2025,1,0.4852466414576406,0,false_negative
566723,Michael Olise,24/25,2025,0,0.4852247180353033,0,correct
1047127,Luc Dabrowski,24/25,2025,1,0.48513121210720017,0,false_negative
308388,Kyle Dempsey,24/25,2025,0,0.48505354302852594,0,correct
897423,David Odogu,24/25,2025,1,0.4850493724766689,0,false_negative
185181,Michel Lieder,24/25,2025,0,0.48498059552545497,0,correct
374213,Jari Vlak,24/25,2025,0,0.4849752879424696,0,correct
229949,Ary Papel,24/25,2025,0,0.48493409262230347,0,correct
379249,Matheus Reis,24/25,2025,0,0.4848408895129928,0,correct
418219,Vladimir Screciu,24/25,2025,0,0.48481959347999426,0,correct
496094,Karim Adeyemi,24/25,2025,0,0.4847827727552778,0,correct
223197,Marius Lode,24/25,2025,0,0.48472133194673633,0,correct
124895,Bart Schenkeveld,24/25,2025,1,0.4847124182458752,0,false_negative
445623,Cem Üstündag,24/25,2025,1,0.4846872575450206,0,false_negative
83119,Reinhold Ranftl,24/25,2025,0,0.48467482830900804,0,correct
199248,Bryan Cristante,24/25,2025,0,0.48463582117871273,0,correct
966905,Marco Ladisa,24/25,2025,0,0.48461567774581077,0,correct
574191,Yassir Atty,24/25,2025,0,0.484598541118471,0,correct
292808,Wout Faes,24/25,2025,0,0.4845868777011816,0,correct
243725,Olivier Kemen,24/25,2025,0,0.4845841298228856,0,correct
342223,Kévin Appin,24/25,2025,0,0.4844972224751167,0,correct
1034079,Gabriel Zlatanov,24/25,2025,0,0.48446366590733797,0,correct
940411,Nóel Atli Arnórsson,24/25,2025,0,0.4844428624906715,0,correct
926301,Tiago Pereira Cardoso,24/25,2025,0,0.48439294573277664,0,correct
521928,Luca Sirch,24/25,2025,0,0.4843610068812834,0,correct
162063,Salva Ruiz,24/25,2025,0,0.4843219704176576,0,correct
745595,Marlon Ubani,24/25,2025,1,0.48427435100848576,0,false_negative
179757,Maximiliano Olivera,24/25,2025,0,0.48418570951490686,0,correct
383042,Gemelson Vieira,24/25,2025,0,0.48402955307654705,0,correct
1043003,Yasin Özcan,24/25,2025,1,0.48402125770255744,0,false_negative
990883,Nick Cherny,24/25,2025,0,0.4840134548327769,0,correct
1010466,Lucas Bretón,24/25,2025,1,0.48398947817263877,0,false_negative
266302,Sergej Milinković-Savić,24/25,2025,0,0.48394535184867604,0,correct
952216,Samuel Kuffour,24/25,2025,0,0.48394316942733523,0,correct
196304,John Owen,24/25,2025,1,0.4839091165668172,0,false_negative
395973,Nikita Golub,24/25,2025,0,0.4838951346301833,0,correct
433049,Youssef En-Nesyri,24/25,2025,0,0.48388470601749695,0,correct
548347,Melvin Zinga,24/25,2025,0,0.4838363598488709,0,correct
894159,Klevi Totoshi,24/25,2025,0,0.4838072428745729,0,correct
63821,Aron Gunnarsson,24/25,2025,0,0.48373015784931434,0,correct
731138,Aleksey Abramov,24/25,2025,0,0.48372596216358055,0,correct
657575,Abubakr Barry,24/25,2025,0,0.4837100753346895,0,correct
536342,Francesco Amatucci,24/25,2025,0,0.4836768884365286,0,correct
97567,Roman Bezus,24/25,2025,1,0.48356060855284205,0,false_negative
624690,Manu Koné,24/25,2025,0,0.48351967039924687,0,correct
238868,Rubén Peña,24/25,2025,1,0.4834499759224117,0,false_negative
326029,Donyell Malen,24/25,2025,0,0.48340739767285734,0,correct
479202,Ryan Sears,24/25,2025,0,0.4834015870472604,0,correct
525113,Jérémy Mellot,24/25,2025,1,0.4833558016440666,0,false_negative
357162,Florentino,24/25,2025,1,0.4833379215408253,0,false_negative
574671,Strahinja Pavlović,24/25,2025,0,0.4833318195831667,0,correct
74952,Tomas Tujvel,24/25,2025,0,0.4833182077257901,0,correct
1295724,Francesco Maiolo,24/25,2025,1,0.48330204497124224,0,false_negative
617021,Ben Old,24/25,2025,0,0.4832939319168146,0,correct
423440,Martín Zubimendi,24/25,2025,1,0.48326959386592383,0,false_negative
341466,Tobias Mölgaard,24/25,2025,0,0.48314594915568354,0,correct
798043,Tom Rothe,24/25,2025,0,0.48313263764726355,0,correct
334186,Fabian Kunze,24/25,2025,1,0.48306741627787725,0,false_negative
272636,Harold Moukoudi,24/25,2025,0,0.48306537700955604,0,correct
846848,Dixon Kabongo,24/25,2025,0,0.4829397015462422,0,correct
370683,Andreas Hanche-Olsen,24/25,2025,0,0.48288148282430504,0,correct
356325,Leon Schneider,24/25,2025,0,0.48285282149096126,0,correct
1290144,Gennaro Di Somma,24/25,2025,1,0.48278282330154326,0,false_negative
1015248,Ivaylo Videv,24/25,2025,1,0.4827681500784996,0,false_negative
136514,Charalampos Lykogiannis,24/25,2025,0,0.48276345008684635,0,correct
476344,Emerson Royal,24/25,2025,1,0.48274073019998487,0,false_negative
731174,Aleksandr Kuchinskiy,24/25,2025,0,0.4826569785995907,0,correct
282689,Seung-ho Paik,24/25,2025,0,0.4826161866020494,0,correct
356396,Joe Wright,24/25,2025,1,0.48260421045941,0,false_negative
979850,Andrea Cogoni,24/25,2025,0,0.48258843168237586,0,correct
135824,Ryan De Vries,24/25,2025,0,0.4825679456343882,0,correct
131745,Nikolai Alho,24/25,2025,0,0.4825160583554354,0,correct
246278,Ángel García,24/25,2025,0,0.48250938578998015,0,correct
938373,Kiyani Zeggen,24/25,2025,0,0.48250185917116845,0,correct
834752,Unai Gómez,24/25,2025,0,0.4824973512269172,0,correct
1285737,Nicolò Lazzaro,24/25,2025,1,0.48245797555855974,0,false_negative
95950,Graeme Shinnie,24/25,2025,0,0.48239014283104625,0,correct
423967,Michel Termanini,24/25,2025,1,0.4823827927187054,0,false_negative
597000,Eric Martel,24/25,2025,0,0.4823803684726586,0,correct
904790,Mark Verkuijl,24/25,2025,0,0.48234583606520887,0,correct
1009446,Tyler Meiser,24/25,2025,1,0.4822992710276813,0,false_negative
284270,Moritz Nicolas,24/25,2025,0,0.48223897378842634,0,correct
890532,Fayssal Harchaoui,24/25,2025,0,0.4822213078097684,0,correct
334207,Maxim Leitsch,24/25,2025,0,0.4822083967883298,0,correct
122842,Joel Edwards,24/25,2025,0,0.48220307596655715,0,correct
538389,Denis Sadovskiy,24/25,2025,1,0.48218840255999035,0,false_negative
1048013,Nicola Grandu,24/25,2025,0,0.4820777049340097,0,correct
823231,Dango Ouattara,24/25,2025,1,0.4820507885394856,0,false_negative
399668,Yuriy Lovets,24/25,2025,0,0.4820449274239236,0,correct
131978,Ross Barkley,24/25,2025,0,0.4819626667197934,0,correct
463605,Bafodé Diakité,24/25,2025,1,0.4819478532281507,0,false_negative
576040,Elvis Sakyi,24/25,2025,1,0.48192405380199793,0,false_negative
793243,Tim Hartzell,24/25,2025,0,0.48190306330192506,0,correct
515613,Marko Divković,24/25,2025,0,0.48190172812468396,0,correct
1061040,Devran Bozardiç,24/25,2025,1,0.4818601610369287,0,false_negative
139352,Gus Ledes,24/25,2025,0,0.4817998967054943,0,correct
415902,Niclas Müller,24/25,2025,0,0.4817783709779838,0,correct
986324,Bodin Tomasevic,24/25,2025,0,0.48176315602551756,0,correct
278690,Michał Marcjanik,24/25,2025,0,0.48176196261875653,0,correct
683620,Antoni Milambo,24/25,2025,1,0.4817504060787464,0,false_negative
443612,Yuri Matias,24/25,2025,1,0.48174155995522094,0,false_negative
289847,Aris Vaporakis,24/25,2025,0,0.481734033260258,0,correct
135492,Youssouf Sabaly,24/25,2025,1,0.48171540028418763,0,false_negative
710677,Iker Muñoz,24/25,2025,0,0.4816347737297403,0,correct
563963,Mohammed Salisu,24/25,2025,0,0.4816192144862609,0,correct
107219,Leart Paçarada,24/25,2025,1,0.4816053339303325,0,false_negative
295703,Ilya Rashchenya,24/25,2025,0,0.4815670216163884,0,correct
52570,Fraser Forster,24/25,2025,1,0.4814738961425392,0,false_negative
141099,Vlastimil Danicek,24/25,2025,0,0.4813826780405469,0,correct
332705,Tyler Adams,24/25,2025,0,0.4813560616833897,0,correct
1197188,Abdulatif Hammody,24/25,2025,0,0.4813064425537275,0,correct
1056171,Alessandro Bassino,24/25,2025,0,0.4812790398070633,0,correct
406040,Ademola Lookman,24/25,2025,0,0.481256953656253,0,correct
364135,Moise Kean,24/25,2025,0,0.48123147399310945,0,correct
251309,Dennis Geiger,24/25,2025,0,0.48116561768299143,0,correct
936502,Matteo Zamarian,24/25,2025,1,0.48115645922893424,0,false_negative
270393,Robert Skov,24/25,2025,0,0.48113786684102866,0,correct
1015874,Kjartan Már Kjartansson,24/25,2025,1,0.48111376400698275,0,false_negative
395695,Elisha Owusu,24/25,2025,0,0.48109982184511985,0,correct
212430,Diamantis Chouchoumis,24/25,2025,1,0.4810826645355524,0,false_negative
751033,Pierrick Moulin,24/25,2025,1,0.4810329380134624,0,false_negative
337062,Ben Thompson,24/25,2025,0,0.4809388678630599,0,correct
336663,Jassem Mohammed,24/25,2025,0,0.4809236088800291,0,correct
339510,Tihomir Kostadinov,24/25,2025,1,0.4809202527186431,0,false_negative
807688,Yassin Belkhdim,24/25,2025,0,0.48085944872432407,0,correct
687383,Iwan Lewis,24/25,2025,1,0.48084256059567737,0,false_negative
463753,Harry Cochrane,24/25,2025,1,0.4808070605067265,0,false_negative
470242,Michalis Ioannou,24/25,2025,0,0.4808011239366913,0,correct
795274,Mayckel Lahdo,24/25,2025,1,0.480791325565127,0,false_negative
251813,Niclas Eliasson,24/25,2025,0,0.4807756851193213,0,correct
1281876,Yulian Iliev,24/25,2025,0,0.4807163464623391,0,correct
344844,Mouhammed-Ali Dhaini,24/25,2025,0,0.48071572473490315,0,correct
735710,Bjarne Kasper,24/25,2025,1,0.4806901192544395,0,false_negative
364409,Gabriel Osho,24/25,2025,1,0.4806403223063826,0,false_negative
1069757,Jasper Payne,24/25,2025,1,0.4805878513328572,0,false_negative
264913,Adam Mitchell,24/25,2025,0,0.48058406068744014,0,correct
718303,Ernest Poku,24/25,2025,1,0.4805527845394292,0,false_negative
332826,Hannes Agnarsson,24/25,2025,0,0.4804806012173186,0,correct
285944,Tarek Chahed,24/25,2025,0,0.4804487357819496,0,correct
47594,Zlatan Alomerovic,24/25,2025,0,0.4804299987845165,0,correct
255838,Patrick Ciurria,24/25,2025,0,0.48042822281095066,0,correct
247661,Gideon Jung,24/25,2025,1,0.48034518229767864,0,false_negative
228727,Pedro Miguel,24/25,2025,0,0.4803330007994262,0,correct
328847,Daniele Pinto,24/25,2025,0,0.48030930684154205,0,correct
239941,Lukas Haraslin,24/25,2025,0,0.4802852668218004,0,correct
576430,Dmitriy Kaplunov,24/25,2025,0,0.4801681137618415,0,correct
388409,Philipp Sander,24/25,2025,0,0.48013579200004025,0,correct
625047,Beñat Prados,24/25,2025,0,0.4801262515808876,0,correct
865324,Lizandro Claros,24/25,2025,0,0.48012426826110394,0,correct
487847,Omar Bugiel,24/25,2025,0,0.48011697586687735,0,correct
94529,Stephan El Shaarawy,24/25,2025,0,0.4800892704757762,0,correct
138392,Ivan Buonocunto,24/25,2025,0,0.48008763991193,0,correct
934461,Federico Chinetti,24/25,2025,1,0.48002711393954806,0,false_negative
931376,Ondrej Lilling,24/25,2025,0,0.4800263624645666,0,correct
148355,Jens Jönsson,24/25,2025,0,0.4799699580056965,0,correct
175449,Moi Gómez,24/25,2025,0,0.4798267758208334,0,correct
366458,Kalle Joelsson,24/25,2025,0,0.47971930984743255,0,correct
578392,Maximilian Beier,24/25,2025,0,0.4796347111624859,0,correct
158863,Iñigo Martínez,24/25,2025,1,0.47957244972752106,0,false_negative
21327,Ron-Robert Zieler,24/25,2025,1,0.4795609556576063,0,false_negative
123551,Sam Morsy,24/25,2025,1,0.4795189039455239,0,false_negative
671649,Álvaro Djaló,24/25,2025,1,0.47938552733480294,0,false_negative
351441,Atanas Chernev,24/25,2025,1,0.4793731680087517,0,false_negative
514285,Quilindschy Hartman,24/25,2025,1,0.47936815234450714,0,false_negative
1005997,Nicolò Baldo,24/25,2025,0,0.47929462540687223,0,correct
1110070,Matthias Wamu Oyatambwe,24/25,2025,1,0.479262067596558,0,false_negative
290552,Qazim Laci,24/25,2025,1,0.4792269838285651,0,false_negative
987366,Aaron Bouwman,24/25,2025,0,0.47921575098350994,0,correct
944335,Justin von der Hitz,24/25,2025,1,0.4792131115679869,0,false_negative
934136,Francesco Minerva,24/25,2025,1,0.4792022539312965,0,false_negative
1270796,Christ Tapé,24/25,2025,0,0.47917594814841136,0,correct
457221,Lucas Robertone,24/25,2025,0,0.4791441681754095,0,correct
229006,Franck Honorat,24/25,2025,0,0.47913550364250457,0,correct
1307101,Andrea Cirillo,24/25,2025,1,0.4790576039886009,0,false_negative
146937,Francesco Lisi,24/25,2025,0,0.47902531386419267,0,correct
626474,Rubin Colwill,24/25,2025,0,0.47901003237500817,0,correct
670144,José Gallegos,24/25,2025,1,0.47898107265478984,0,false_negative
19483,Tobias Müller,24/25,2025,0,0.4789735062414479,0,correct
185164,Jacob Barrett Laursen,24/25,2025,0,0.4789650798407826,0,correct
1190206,Hari Thomas,24/25,2025,0,0.4789437594131138,0,correct
541555,Enzo Boyomo,24/25,2025,0,0.47891191243218256,0,correct
314381,Adam Phillips,24/25,2025,0,0.47884561749917415,0,correct
88680,Luca Caldirola,24/25,2025,1,0.47881965686574757,0,false_negative
503075,Isak Hien,24/25,2025,0,0.4788127469276938,0,correct
234033,Tobias Trautner,24/25,2025,0,0.4788031390674721,0,correct
369111,Georgios Tzovaras,24/25,2025,0,0.4787830261817654,0,correct
255163,Dominic Smith,24/25,2025,1,0.47877278403578827,0,false_negative
1268640,Petko Panayotov,24/25,2025,0,0.4787555923660017,0,correct
345778,Rilind Neziri,24/25,2025,0,0.47871573092595016,0,correct
425400,Farid El Melali,24/25,2025,1,0.4787154942351256,0,false_negative
793721,Louis Schmidt,24/25,2025,0,0.4786187243770712,0,correct
496650,George Ratcliffe,24/25,2025,1,0.47859853252526574,0,false_negative
928748,Áron Papp,24/25,2025,0,0.4785920742788964,0,correct
448468,Jefferson Encada,24/25,2025,1,0.4785904963429513,0,false_negative
228750,Alessandro Golinucci,24/25,2025,0,0.47857608539970226,0,correct
724099,Claudio Turi,24/25,2025,1,0.47857169004738476,0,false_negative
418651,Yahia Fofana,24/25,2025,1,0.4785585236365533,0,false_negative
931668,Elias Benkara,24/25,2025,0,0.47852113217644887,0,correct
358512,Ibrahima Conté,24/25,2025,1,0.47850924905662556,0,false_negative
547985,Fabiano Parisi,24/25,2025,0,0.47846915246623856,0,correct
177960,Hamza Barry,24/25,2025,1,0.4784666589722797,0,false_negative
974387,Jude Bonnar,24/25,2025,1,0.47845661511089316,0,false_negative
634131,Aimar Oroz,24/25,2025,0,0.47843532176775533,0,correct
94201,Robin Knoche,24/25,2025,0,0.47826745104396073,0,correct
86793,Gabriele Angella,24/25,2025,0,0.4782587566864247,0,correct
307664,Marko Raguz,24/25,2025,0,0.47812061477290985,0,correct
1189343,Giandomenico Panaro,24/25,2025,1,0.47811663033753043,0,false_negative
740753,Gleb Vershinin,24/25,2025,0,0.47810240363533163,0,correct
503781,John Buckley,24/25,2025,1,0.478064312384984,0,false_negative
404387,Joe Lewis,24/25,2025,0,0.47804805651433535,0,correct
243104,Mohamed Al-Bakri,24/25,2025,0,0.47803592134938677,0,correct
325994,Rasmus Lauritsen,24/25,2025,0,0.47801019065236383,0,correct
271773,Franz Brorsson,24/25,2025,1,0.47795161221452787,0,false_negative
897492,Nick Zimmermann,24/25,2025,0,0.4779507502984057,0,correct
341481,Lorenzo Libutti,24/25,2025,0,0.4778772061877966,0,correct
1083113,Gianni Vadacca,24/25,2025,1,0.47787172589021454,0,false_negative
930150,Tommaso Ebone,24/25,2025,1,0.4778646454660206,0,false_negative
76158,Alexander Meyer,24/25,2025,0,0.4778080055500402,0,correct
251322,Philipp Köhn,24/25,2025,0,0.47779708582229363,0,correct
1081951,Ilian Antonov,24/25,2025,0,0.4777841747286619,0,correct
61617,Paolo Rozzio,24/25,2025,0,0.47777199527666314,0,correct
214131,Artem Soroko,24/25,2025,0,0.4777432728650024,0,correct
1121944,Lachezar Ivanov,24/25,2025,0,0.4776733975466333,0,correct
342702,Michel Vlap,24/25,2025,1,0.47764433194290973,0,false_negative
1058353,Andrea Natali,24/25,2025,1,0.477632154038974,0,false_negative
1025800,Jonas Feddersen,24/25,2025,0,0.4776265253357322,0,correct
951099,Ron Schweizer,24/25,2025,0,0.477606098014973,0,correct
243714,Kingsley Coman,24/25,2025,1,0.4775752565259281,0,false_negative
689505,Johnny Cardoso,24/25,2025,1,0.477566397067626,0,false_negative
129554,Steven Berghuis,24/25,2025,0,0.47754153758959905,0,correct
216399,Philipp Hercher,24/25,2025,0,0.4775345194961728,0,correct
70639,Petr Reinberk,24/25,2025,0,0.47748640323424135,0,correct
399434,Marcus Tavernier,24/25,2025,0,0.4774756497929918,0,correct
94603,Patrick Bauer,24/25,2025,1,0.477437064106848,0,false_negative
988406,Kasper Boogaard,24/25,2025,0,0.4773915476328016,0,correct
162272,Rhys Wilson,24/25,2025,0,0.4773096814118413,0,correct
270051,Andrei Girotto,24/25,2025,0,0.47728479759342224,0,correct
232454,Nadiem Amiri,24/25,2025,0,0.4772372395877297,0,correct
93315,Henrik Dalsgaard,24/25,2025,0,0.4772243410121582,0,correct
312678,Léo Duarte,24/25,2025,0,0.47720788360218525,0,correct
1372149,Gibril Sosseh,24/25,2025,0,0.47716473222215844,0,correct
81800,Jan Kovarik,24/25,2025,0,0.47700341466950136,0,correct
281252,Mads Thychosen,24/25,2025,0,0.4769813733687563,0,correct
194218,Yeltsin Tejeda,24/25,2025,0,0.4769608950607175,0,correct
459577,Gabriele Perretta,24/25,2025,0,0.47695709735823866,0,correct
569598,Youssouf Fofana,24/25,2025,0,0.47689894256115245,0,correct
90317,Daniel Batz,24/25,2025,0,0.4768962472682176,0,correct
616631,Matteo Ruggeri,24/25,2025,1,0.47689199390961884,0,false_negative
59032,Aleksandar Dragovic,24/25,2025,0,0.4768691256354907,0,correct
635371,Daniël Deen,24/25,2025,0,0.4768622552101643,0,correct
694236,Craig Ross,24/25,2025,1,0.4768364150511162,0,false_negative
768911,Ivan Sanko,24/25,2025,0,0.4768068019516221,0,correct
897408,Luis Hauer,24/25,2025,0,0.4767965954123208,0,correct
182722,Bruno Varela,24/25,2025,1,0.4767333771262301,0,false_negative
315254,Mees de Wit,24/25,2025,0,0.47671912855845505,0,correct
240244,Cristian Dell'Orco,24/25,2025,0,0.47671801346191983,0,correct
454863,András Schäfer,24/25,2025,0,0.4766204380394288,0,correct
481091,Silas Gnaka,24/25,2025,0,0.4765648490719228,0,correct
836066,Bledar Lila,24/25,2025,0,0.47656053323610026,0,correct
1001936,Paul Walters,24/25,2025,0,0.4765437896148729,0,correct
701055,Anton Gaaei,24/25,2025,0,0.4764986949204616,0,correct
1056227,Leonard Muca,24/25,2025,1,0.4764719674483323,0,false_negative
652054,Martin Vitík,24/25,2025,1,0.47641833286977536,0,false_negative
632912,Salah Zakaria,24/25,2025,0,0.47638706980871365,0,correct
488626,Jesús Areso,24/25,2025,1,0.47637852062368724,0,false_negative
198709,Cédric Hountondji,24/25,2025,1,0.47636853733788664,0,false_negative
174344,Fayçal Fajr,24/25,2025,1,0.47636163823264854,0,false_negative
127076,Jérôme Roussillon,24/25,2025,1,0.47632406917644476,0,false_negative
90035,Kristinn Jónsson,24/25,2025,0,0.4762922412084965,0,correct
399776,Pau Torres,24/25,2025,0,0.4762268232765145,0,correct
1100752,Vasil Kaymakanov,24/25,2025,0,0.4762231147577676,0,correct
818892,Nicola Bagnolini,24/25,2025,1,0.47617668687438697,0,false_negative
164262,Dávid Kovács,24/25,2025,0,0.4761704126413928,0,correct
451241,Marco Bauer,24/25,2025,0,0.47609082972378625,0,correct
202886,Ruben Loftus-Cheek,24/25,2025,0,0.47606558884704453,0,correct
908314,Valentin Kostov,24/25,2025,0,0.4760315241404251,0,correct
977464,Arthur,24/25,2025,0,0.47601780690220863,0,correct
1187269,Alessio Pesoli,24/25,2025,1,0.47596520020042327,0,false_negative
185467,Jake Reeves,24/25,2025,0,0.4759373562369422,0,correct
507486,Simon Sohm,24/25,2025,1,0.47592279937698984,0,false_negative
479643,Alexandre Penetra,24/25,2025,0,0.47591207014026016,0,correct
203125,Gregory Wüthrich,24/25,2025,1,0.4758346278152614,0,false_negative
484992,Aïmen Moueffek,24/25,2025,0,0.4757257763815954,0,correct
339832,Atanas Karachorov,24/25,2025,0,0.4757178415139347,0,correct
285179,Vincent Atinga,24/25,2025,0,0.4757024750528109,0,correct
894517,Dren Terrnava,24/25,2025,1,0.4757003200573261,0,false_negative
530173,Julian Niehues,24/25,2025,0,0.47567361310524214,0,correct
207834,Yassine Bounou,24/25,2025,0,0.4756287935779987,0,correct
196792,Julian Weigl,24/25,2025,1,0.47561383133465074,0,false_negative
74300,Luka Milivojevic,24/25,2025,1,0.47560398808131926,0,false_negative
351809,Robin Le Normand,24/25,2025,0,0.4755670215118792,0,correct
33571,Lorenzo De Silvestri,24/25,2025,0,0.4754870353512621,0,correct
116471,Hobie Verhulst,24/25,2025,0,0.47548348793324235,0,correct
942497,Jahmai Simpson-Pusey,24/25,2025,1,0.4754821260503676,0,false_negative
486464,Max Bird,24/25,2025,0,0.4754740037658844,0,correct
313359,Alexis Pérez,24/25,2025,1,0.4754669682599757,0,false_negative
159139,Philipp Wiesinger,24/25,2025,0,0.4754346462784011,0,correct
59434,Artem Putivtsev,24/25,2025,0,0.4754284495777966,0,correct
957241,Elijah Dijkstra,24/25,2025,0,0.47538503427709133,0,correct
775605,Pablo Barrios,24/25,2025,0,0.4753502265091864,0,correct
274839,Wilfred Ndidi,24/25,2025,1,0.47528443141406324,0,false_negative
151636,Marlon Ritter,24/25,2025,0,0.4752321857467275,0,correct
329365,Luca Köbele,24/25,2025,0,0.47520778991683776,0,correct
249580,Marin Orlinov,24/25,2025,0,0.47514083789961725,0,correct
281773,José León,24/25,2025,0,0.4751060193088942,0,correct
1153630,Tobias Weigel,24/25,2025,0,0.4750270629412272,0,correct
79045,Jeroen Zoet,24/25,2025,0,0.47494685877069076,0,correct
274175,Solomon Udo,24/25,2025,1,0.4749349773520953,0,false_negative
938676,Filippo Scotti,24/25,2025,0,0.4749192399088532,0,correct
43300,Ciprian Deac,24/25,2025,0,0.4749127728377664,0,correct
1042816,Matteo Marini,24/25,2025,0,0.47490921118908574,0,correct
143798,Pavel Kaderabek,24/25,2025,1,0.4747590034742383,0,false_negative
361124,Joey Jacobs,24/25,2025,0,0.4747299822274425,0,correct
1005965,Paul Hainke,24/25,2025,0,0.47472933031714926,0,correct
166683,Mamadou Sylla,24/25,2025,1,0.4747172600725827,0,false_negative
1073208,Ştefan Senciuc,24/25,2025,1,0.4746413075756409,0,false_negative
935036,Bogdan Budko,24/25,2025,1,0.4745468811169431,0,false_negative
118847,Dominik Kohr,24/25,2025,0,0.47450849024092046,0,correct
763953,Egor Osipov,24/25,2025,0,0.4744844270192564,0,correct
251302,Niklas Dorsch,24/25,2025,0,0.47445878740344244,0,correct
806948,Frank Feller,24/25,2025,0,0.4744540015972168,0,correct
812987,Nick Meier,24/25,2025,1,0.4744347123884368,0,false_negative
215864,Mijat Gacinovic,24/25,2025,0,0.4744269988282785,0,correct
920310,Taha Ayari,24/25,2025,0,0.4743270525621014,0,correct
804936,Eskil Edh,24/25,2025,0,0.4742020440200448,0,correct
121032,Aaron Taylor-Sinclair,24/25,2025,0,0.4741973096147756,0,correct
1065043,Pontus Dahbo,24/25,2025,0,0.4741932296400383,0,correct
684519,Gerasimos Mitoglou,24/25,2025,0,0.4741836139270177,0,correct
1056025,Marco Fastiggi,24/25,2025,1,0.4741708929630916,0,false_negative
106270,Florian Kainz,24/25,2025,0,0.47415391986242916,0,correct
938729,Mikel Jauregizar,24/25,2025,0,0.47412872849406623,0,correct
709767,Ji-soo Kim,24/25,2025,1,0.4741239439261912,0,false_negative
156617,Marcelo Brozović,24/25,2025,0,0.4740786901365026,0,correct
571604,Giorgio Scalvini,24/25,2025,0,0.4740263614056964,0,correct
989508,Victor Gonçalves Andersson,24/25,2025,0,0.4739929456887711,0,correct
646669,Jamal Gonzaga,24/25,2025,1,0.473946295114969,0,false_negative
765972,Zepiqueno Redmond,24/25,2025,1,0.47382043099663057,0,false_negative
377607,Muaid Ellafi,24/25,2025,0,0.4737711956838448,0,correct
927347,Kiril Georgiev,24/25,2025,0,0.4737513428149738,0,correct
1025408,Tijn Peters,24/25,2025,0,0.4737384160156637,0,correct
75921,Christopher Trimmel,24/25,2025,0,0.47371552214856877,0,correct
284959,Marc Roberts,24/25,2025,0,0.47369870176126483,0,correct
592387,Sebastian Sebulonsen,24/25,2025,1,0.47367814655802826,0,false_negative
1370672,Modou Seye,24/25,2025,0,0.47359969913509514,0,correct
936689,Davide Collu,24/25,2025,1,0.4735965029270864,0,false_negative
353892,Hiroki Ito,24/25,2025,0,0.47359469771917473,0,correct
1070713,Kevin Lekaj,24/25,2025,1,0.4735563277633954,0,false_negative
508398,Jordan Brown,24/25,2025,1,0.4735525636652136,0,false_negative
1177810,Valdemar Møller,24/25,2025,0,0.47353055547364686,0,correct
503743,Morgan Rogers,24/25,2025,0,0.47352381685187206,0,correct
222813,Marko Grujić,24/25,2025,1,0.4734856992090596,0,false_negative
1115586,Vaclav Zahradnicek,24/25,2025,0,0.4734643123228589,0,correct
71834,Aitor Sanz,24/25,2025,0,0.4734443462273171,0,correct
1047410,Justin Lukas,24/25,2025,1,0.473399218325322,0,false_negative
337092,Tim Siersleben,24/25,2025,0,0.4733858436417311,0,correct
282954,Frederik Brandhof,24/25,2025,1,0.4732615066936706,0,false_negative
406640,Felix Nmecha,24/25,2025,0,0.4732292574580084,0,correct
139435,Dani Rodríguez,24/25,2025,0,0.4732126890493364,0,correct
116881,Andrey Zaleskiy,24/25,2025,0,0.473210176074344,0,correct
448027,Florian Kleinhansl,24/25,2025,0,0.4732049400705959,0,correct
460625,Konstantinos Balogiannis,24/25,2025,0,0.4731876796940067,0,correct
948936,Kyle Ure,24/25,2025,1,0.47315393422735685,0,false_negative
85906,Danny da Costa,24/25,2025,0,0.47314988619505555,0,correct
645686,Lamare Bogarde,24/25,2025,0,0.4731435847354098,0,correct
531229,Sam Jones,24/25,2025,0,0.47314190573121084,0,correct
435500,Sergio González,24/25,2025,1,0.4731311126347766,0,false_negative
334999,Finn Becker,24/25,2025,1,0.4730696106086794,0,false_negative
284010,Robin Hack,24/25,2025,0,0.47306277095928756,0,correct
235275,Jordi Vanlerberghe,24/25,2025,0,0.47304386379373436,0,correct
198607,Lukas Hulka,24/25,2025,0,0.4730369781716874,0,correct
420064,Caio Henrique,24/25,2025,0,0.47299210150155224,0,correct
1025412,Ryan van de Pavert,24/25,2025,0,0.4729668913661278,0,correct
934507,Thomas Savalli,24/25,2025,1,0.47287638396468346,0,false_negative
511876,Giorgos Naoum,24/25,2025,0,0.47285919939782284,0,correct
555500,Jorge Herrando,24/25,2025,0,0.47278124843498004,0,correct
796297,Jobe Bellingham,24/25,2025,1,0.4727732666816957,0,false_negative
215118,Calum Chambers,24/25,2025,0,0.4727393038611368,0,correct
152419,David Gold,24/25,2025,0,0.47267178956181843,0,correct
617141,Pavel Seleznev,24/25,2025,0,0.4726235636311365,0,correct
338424,Mikel Merino,24/25,2025,0,0.4726227254296594,0,correct
735984,Lucas Shlimon,24/25,2025,1,0.47260684778770173,0,false_negative
976203,Francesco Rucci,24/25,2025,1,0.4725280382935175,0,false_negative
798050,Gavin Beavers,24/25,2025,0,0.4724672797874778,0,correct
7161,Jonas Hofmann,24/25,2025,0,0.4724662377920929,0,correct
227089,Matthias Köbbing,24/25,2025,0,0.47244867664183715,0,correct
1170814,Mirko Personeni,24/25,2025,1,0.4724058585282654,0,false_negative
392569,Gabriele Zappa,24/25,2025,0,0.47239385164974684,0,correct
340205,Gorka Guruzeta,24/25,2025,0,0.47233446181073496,0,correct
234733,Panagiotis Deligiannidis,24/25,2025,1,0.4723278191197513,0,false_negative
109855,Tim Paterok,24/25,2025,0,0.47232214066505473,0,correct
361772,Dino Besirovic,24/25,2025,0,0.47228023462156443,0,correct
90044,Kristinn Steindórsson,24/25,2025,0,0.47226075732285533,0,correct
198768,Heini Vatnsdal,24/25,2025,0,0.47223740804249636,0,correct
614623,Alexandru Oroian,24/25,2025,0,0.47219992153602364,0,correct
250028,Ivan Ljubic,24/25,2025,1,0.4721875575570543,0,false_negative
1054346,Antonio Delaj,24/25,2025,1,0.47218302823555897,0,false_negative
139751,Filip Stojkovic,24/25,2025,1,0.4721687543363594,0,false_negative
145070,Ovays Azizi,24/25,2025,1,0.47214803822302004,0,false_negative
671438,Aristot Tambwe-Kasengele,24/25,2025,1,0.47210429233693085,0,false_negative
335103,Linton Maina,24/25,2025,0,0.47209513555507004,0,correct
340918,Caoimhín Kelleher,24/25,2025,1,0.47209160805638317,0,false_negative
813137,Niccolò Pisilli,24/25,2025,0,0.47208843032435815,0,correct
320403,Mark Sykes,24/25,2025,0,0.4720492922464008,0,correct
119085,Loris Benito,24/25,2025,0,0.472004644193696,0,correct
268216,Marcus Mathisen,24/25,2025,0,0.4719094643796121,0,correct
1124448,Ivan Oreshkevich,24/25,2025,0,0.4719036884735632,0,correct
1010150,Adam Bakoune,24/25,2025,1,0.47185698681322547,0,false_negative
410221,Pape Seydou,24/25,2025,0,0.4716906966943707,0,correct
978808,Georgi Chorbadzhiyski,24/25,2025,0,0.4716225059035871,0,correct
819211,Ethan Butera,24/25,2025,0,0.47150972802126156,0,correct
94005,Sead Kolasinac,24/25,2025,0,0.47143647933011273,0,correct
66497,Michael Morrison,24/25,2025,0,0.47142863579873745,0,correct
646704,Maxim Dekker,24/25,2025,0,0.4713723691247077,0,correct
396517,Fuseini Zackaria,24/25,2025,1,0.47136279211074256,0,false_negative
196446,Liam Dick,24/25,2025,1,0.47130434124411674,0,false_negative
1054169,Giulio Scuderi,24/25,2025,1,0.4712156899520761,0,false_negative
250768,Ross White,24/25,2025,0,0.47118918402663484,0,correct
565822,Harvey Elliott,24/25,2025,1,0.4711527454727902,0,false_negative
608172,Ardon Jashari,24/25,2025,1,0.47110001266716145,0,false_negative
70019,Seamus Conneely,24/25,2025,0,0.4710634961985776,0,correct
957822,Eddy Kouadio,24/25,2025,0,0.47091472036162174,0,correct
1086319,Lucio Bonofiglio,24/25,2025,1,0.47054836584775833,0,false_negative
320722,Zizo,24/25,2025,1,0.47053443437919895,0,false_negative
624751,Lyall Cameron,24/25,2025,1,0.47050866500323973,0,false_negative
563662,Jacopo Muggeo,24/25,2025,0,0.47048054893263763,0,correct
550466,Ivan Turitsov,24/25,2025,0,0.4704284560835166,0,correct
12778,David Hutton,24/25,2025,0,0.47040697800962683,0,correct
532776,Amine Adli,24/25,2025,1,0.4702629844157196,0,false_negative
425268,Liam Coyle,24/25,2025,0,0.4702392594990753,0,correct
242606,Josh Cullen,24/25,2025,0,0.4702336042858903,0,correct
912447,Florian Dimmer,24/25,2025,0,0.47012995890771025,0,correct
1143676,Luca Messori,24/25,2025,0,0.47012863031051483,0,correct
1115375,Sergey Kruzhilin,24/25,2025,0,0.47005331086989355,0,correct
404418,Dávid Hancko,24/25,2025,1,0.46996622412152683,0,false_negative
273669,Adrian Beck,24/25,2025,0,0.4698828871309329,0,correct
929966,Nico Vidic,24/25,2025,0,0.46986183461251596,0,correct
611305,Nicola Gori,24/25,2025,0,0.46981499743427035,0,correct
1207547,Pier Francesco Galiano,24/25,2025,1,0.46973738555910266,0,false_negative
357164,Rafael Leão,24/25,2025,0,0.4697282550721106,0,correct
262749,David Raya,24/25,2025,0,0.46971203868724054,0,correct
385185,Rico Wehrle,24/25,2025,0,0.46967237585404076,0,correct
826724,Danila Sokol,24/25,2025,0,0.46957447102021055,0,correct
567931,Jan-Luca Warm,24/25,2025,0,0.4695025801909899,0,correct
204960,Ibou Touray,24/25,2025,1,0.4694821107383402,0,false_negative
307658,Tin Plavotic,24/25,2025,0,0.4694326807614452,0,correct
892482,Alessandro Scacchetti,24/25,2025,1,0.46940136414633943,0,false_negative
446625,Alexander Nollenberger,24/25,2025,0,0.46940087223319127,0,correct
986892,Max Lippert,24/25,2025,1,0.4694001953623304,0,false_negative
503991,Yunus Musah,24/25,2025,1,0.46935989206978124,0,false_negative
354742,Pepe Castaño,24/25,2025,0,0.46930926359947117,0,correct
160929,Marvin Schwäbe,24/25,2025,0,0.4692977040816234,0,correct
514370,Jubril Okedina,24/25,2025,1,0.46929545055278454,0,false_negative
787151,Lukas Ullrich,24/25,2025,0,0.4692725371012473,0,correct
450945,Ivan Zhestkin,24/25,2025,0,0.4692658025907624,0,correct
1170825,Riccardo Finazzi,24/25,2025,1,0.469256919940339,0,false_negative
1115746,Kirill Malykh,24/25,2025,0,0.46925388078636937,0,correct
625124,Sergey Sazonchik,24/25,2025,0,0.4691849496524974,0,correct
60220,Matej Delac,24/25,2025,0,0.4691559867140097,0,correct
124415,Hasan Pepic,24/25,2025,0,0.4691376666078142,0,correct
44017,Javi Martínez,24/25,2025,1,0.4690821359163145,0,false_negative
422401,Milton Valenzuela,24/25,2025,1,0.46905808718177183,0,false_negative
125781,Antoine Griezmann,24/25,2025,0,0.46899870739498745,0,correct
1130619,Jónatan Gudni Arnarsson,24/25,2025,0,0.4689669164660677,0,correct
410787,Joël Monteiro,24/25,2025,0,0.4688920668415472,0,correct
199221,Andreas Linde,24/25,2025,0,0.46878231904190654,0,correct
170986,Raphaël Guerreiro,24/25,2025,0,0.4686936308789683,0,correct
1088420,Michele Sasso,24/25,2025,1,0.46868334727867383,0,false_negative
914505,Tommaso Duca,24/25,2025,1,0.46855824473374763,0,false_negative
685160,Mark McKenzie,24/25,2025,0,0.4684754055194768,0,correct
63463,Daniel Wass,24/25,2025,0,0.4684567867379652,0,correct
1104610,Nikita Neskoromnyi,24/25,2025,0,0.46835747713398035,0,correct
161057,Carl Klaus,24/25,2025,0,0.46832619698258354,0,correct
324633,Abdulmajeed Al-Sulayhim,24/25,2025,1,0.4683165601925906,0,false_negative
1002758,Giacomo Maucci,24/25,2025,1,0.4682896114879521,0,false_negative
470882,Fuad Sule,24/25,2025,1,0.46828098681609326,0,false_negative
338670,Mile Svilar,24/25,2025,0,0.46821410337729596,0,correct
1123649,Pavel Dubovskiy,24/25,2025,0,0.46810215490591567,0,correct
258914,Brad Collins,24/25,2025,1,0.4680345179410776,0,false_negative
203938,Branco van den Boomen,24/25,2025,0,0.4679921955820814,0,correct
741136,Maksim Vospukov,24/25,2025,0,0.467991914755011,0,correct
483916,Lazaros Rota,24/25,2025,0,0.4679646847948932,0,correct
629588,Nathan Ngoumou,24/25,2025,0,0.46794931640448245,0,correct
326230,Ryan Hedges,24/25,2025,0,0.4679201212394714,0,correct
193033,Tim Kleindienst,24/25,2025,0,0.4678796256355002,0,correct
397171,Gideon Mensah,24/25,2025,0,0.46786119821783,0,correct
948735,Mattia Rizzo,24/25,2025,1,0.46779006881709145,0,false_negative
1116190,Daniel Richter,24/25,2025,1,0.4677380664118574,0,false_negative
236981,Timo Hübers,24/25,2025,0,0.46773432705417195,0,correct
184534,Alexander Ludwig,24/25,2025,0,0.4677330016340699,0,correct
363205,Gabriel Jesus,24/25,2025,0,0.467656512665781,0,correct
897418,Yannik Dasbach,24/25,2025,0,0.4676079022923245,0,correct
822959,Tom Bischof,24/25,2025,1,0.4675306726052521,0,false_negative
213260,Rubén García,24/25,2025,0,0.4675136422946824,0,correct
417972,Kei Hirose,24/25,2025,0,0.46748655881326756,0,correct
371149,Evan Ndicka,24/25,2025,0,0.46718400725930065,0,correct
345758,Jamie Barjonas,24/25,2025,1,0.4671492835829121,0,false_negative
107205,Connor Krempicki,24/25,2025,0,0.4670642905899471,0,correct
282095,Viktor Karl Einarsson,24/25,2025,0,0.4670569687998692,0,correct
253210,Nicolai Poulsen,24/25,2025,0,0.4669760379466419,0,correct
889435,Obed Vargas,24/25,2025,0,0.4669663295000865,0,correct
46083,Domagoj Vida,24/25,2025,0,0.46692688981925995,0,correct
959620,Dillon Berko,24/25,2025,0,0.4669074121254199,0,correct
377606,Mohamed Al-Shebli,24/25,2025,0,0.46663173931948276,0,correct
1003307,Egor Bozhko,24/25,2025,0,0.46658174783059886,0,correct
562077,Yuriy Kozlov,24/25,2025,0,0.46643667904192054,0,correct
927933,Velizar-Iliya Iliev,24/25,2025,1,0.4663939922402908,0,false_negative
470267,Pavel Gorbach,24/25,2025,0,0.4663366726630439,0,correct
702447,Nick Twisk,24/25,2025,0,0.46628302399764343,0,correct
299471,Ryan Johnson,24/25,2025,0,0.46620196055946583,0,correct
820393,Hamza Alaa,24/25,2025,1,0.46610451043556284,0,false_negative
322989,Kaan Kairinen,24/25,2025,0,0.46607358571117874,0,correct
205938,Mario Pašalić,24/25,2025,0,0.46602326135536715,0,correct
168989,Silvan Widmer,24/25,2025,0,0.4659997369507128,0,correct
412474,Frankie Musonda,24/25,2025,1,0.46599958455846624,0,false_negative
140461,Artem Rakhmanov,24/25,2025,1,0.4658844332555671,0,false_negative
503780,Hayden Carter,24/25,2025,0,0.4658498379941119,0,correct
78570,Anthony Moris,24/25,2025,1,0.4655098288291882,0,false_negative
394033,Stefan Schimmer,24/25,2025,0,0.46550347256168106,0,correct
810895,Eliesse Ben Seghir,24/25,2025,1,0.4654209126231807,0,false_negative
476599,Alex Passaniti,24/25,2025,0,0.46537526132948187,0,correct
165793,Takumi Minamino,24/25,2025,0,0.4653682139219563,0,correct
183365,Höskuldur Gunnlaugsson,24/25,2025,0,0.4652810903159501,0,correct
1185190,Tino Kusanovic,24/25,2025,1,0.46527942068282074,0,false_negative
291397,Samba Camara,24/25,2025,1,0.46526186129125524,0,false_negative
882964,Claudio Parlato,24/25,2025,1,0.4650962651773178,0,false_negative
469781,Marcos Senesi,24/25,2025,0,0.4650877060142292,0,correct
502821,Riccardo Calafiori,24/25,2025,0,0.4649175138355551,0,correct
819798,Jacob Andersen,24/25,2025,0,0.46491462466862016,0,correct
157167,Hrvoje Milicevic,24/25,2025,0,0.4648641167772819,0,correct
474152,Valeriy Potorocha,24/25,2025,1,0.4648205292205749,0,false_negative
80894,Lukasz Skorupski,24/25,2025,0,0.4647949615129548,0,correct
359693,James Tilley,24/25,2025,1,0.46479054643306605,0,false_negative
300168,Mikel Vesga,24/25,2025,0,0.4647736868394821,0,correct
483640,Jan Koudelka,24/25,2025,0,0.46472835807056145,0,correct
225452,Patrick Roberts,24/25,2025,1,0.4646926536786205,0,false_negative
1175183,Peterson Paul,24/25,2025,0,0.4646696432674324,0,correct
229909,Tobias Kordick,24/25,2025,1,0.4646642120391553,0,false_negative
449796,Alejandro Catena,24/25,2025,0,0.46458352527469204,0,correct
897658,Daniele Triacca,24/25,2025,1,0.46448693205064784,0,false_negative
257437,Rob Dickie,24/25,2025,0,0.4644390825158243,0,correct
387047,Danilho Doekhi,24/25,2025,0,0.4644303536404473,0,correct
394327,Boubacar Kamara,24/25,2025,0,0.464417803158606,0,correct
22860,Jesper Hansen,24/25,2025,0,0.46434269841872133,0,correct
227084,Benedikt Gimber,24/25,2025,0,0.46430814316790003,0,correct
445616,Gift Links,24/25,2025,0,0.4642723909904191,0,correct
1108253,Dimitar Papazov,24/25,2025,0,0.4642680551922689,0,correct
597432,Leopold Querfeld,24/25,2025,0,0.4642019855821605,0,correct
126634,Francesco Rossi,24/25,2025,0,0.46416456322085226,0,correct
897921,Lorenzo Menegazzo,24/25,2025,1,0.46412477566590854,0,false_negative
1051736,Marco Taramelli,24/25,2025,1,0.4640434291224728,0,false_negative
578804,Sven Mijnans,24/25,2025,0,0.46399138833651754,0,correct
602854,Dmitriy Krivosheev,24/25,2025,0,0.46391254084063727,0,correct
293614,Nikolay Minkov,24/25,2025,0,0.4638831660486962,0,correct
1180811,Adam Baallal,24/25,2025,0,0.4638715131947346,0,correct
1249656,Amoako Minta,24/25,2025,1,0.4637498040346781,0,false_negative
894456,Dachi Lordkipanidze,24/25,2025,0,0.46357763600165,0,correct
286297,Lorenzo Pellegrini,24/25,2025,0,0.463359537250003,0,correct
688560,Nick McAllister,24/25,2025,0,0.463317996641305,0,correct
415381,Mats Wieffer,24/25,2025,0,0.4632837056569032,0,correct
576024,Julián Alvarez,24/25,2025,0,0.46327740821816815,0,correct
170911,Donovan Léon,24/25,2025,0,0.46322529783988964,0,correct
186477,Herbert Bockhorn,24/25,2025,0,0.46319511333462543,0,correct
314820,Keiran Williams,24/25,2025,0,0.463089611483697,0,correct
289683,Frederik Tingager,24/25,2025,0,0.46307391505671613,0,correct
429915,Maxim De Cuyper,24/25,2025,1,0.463036642821689,0,false_negative
557407,Devyne Rensch,24/25,2025,0,0.46302453687724493,0,correct
344354,Omar Sowunmi,24/25,2025,0,0.46297598762136044,0,correct
987355,Lucas Jetten,24/25,2025,0,0.4629179015154706,0,correct
271335,Fabiano,24/25,2025,0,0.46288448248511677,0,correct
462353,Yousef Hassan,24/25,2025,1,0.46288243851659916,0,false_negative
193004,Waldemar Anton,24/25,2025,0,0.4628592219387615,0,correct
1261750,Matteo Vitrotti,24/25,2025,1,0.4628175702020336,0,false_negative
387626,Leon Bailey,24/25,2025,1,0.46280709323310065,0,false_negative
413565,Jhon Lucumí,24/25,2025,0,0.4626809424787764,0,correct
733438,Seiya Maikuma,24/25,2025,0,0.4626602425556107,0,correct
335209,Kevin Diks,24/25,2025,1,0.46250307397008916,0,false_negative
82350,Stefan Bell,24/25,2025,0,0.46248694657655487,0,correct
354061,Lukas Malicsek,24/25,2025,0,0.4624335349450296,0,correct
209570,Alex Gammond,24/25,2025,0,0.46235218994573424,0,correct
51349,Mikkel Rygaard,24/25,2025,0,0.4623048270990342,0,correct
464220,Botond Nándori,24/25,2025,0,0.4622913404724642,0,correct
717411,Yegor Yarmolyuk,24/25,2025,0,0.46228758052189306,0,correct
480692,Luis Díaz,24/25,2025,1,0.46227800310403816,0,false_negative
52490,Kevin Sommer,24/25,2025,0,0.46227628484945643,0,correct
100131,William Carvalho,24/25,2025,1,0.46216936230805733,0,false_negative
61651,Jordan Henderson,24/25,2025,1,0.46209283997452766,0,false_negative
895937,Marco Palestra,24/25,2025,1,0.4620862664504337,0,false_negative
338070,Konstantinos Tsimikas,24/25,2025,1,0.4620280664691959,0,false_negative
1155804,Emre Ünüvar,24/25,2025,0,0.4619727055024425,0,correct
212912,Nader Matar,24/25,2025,0,0.4619563812230294,0,correct
73564,Jason Steele,24/25,2025,0,0.4618543329132354,0,correct
954265,Lorenzo Riccio,24/25,2025,0,0.4617353431728204,0,correct
929746,Leonardo Di Tommaso,24/25,2025,1,0.461718601816126,0,false_negative
932763,Alessandro Di Bitonto,24/25,2025,1,0.46169866787647107,0,false_negative
159471,Serge Gnabry,24/25,2025,0,0.4616254110847288,0,correct
97616,Sotirios Papagiannopoulos,24/25,2025,0,0.4615540499347557,0,correct
1111063,Sean Steur,24/25,2025,0,0.4613708658014004,0,correct
205849,Gjoko Zajkov,24/25,2025,1,0.4613417680063326,0,false_negative
122243,Niall Canavan,24/25,2025,0,0.4613301205678193,0,correct
278332,Florian Neuhaus,24/25,2025,0,0.461206650964359,0,correct
169687,Nikolaos Papadopoulos,24/25,2025,0,0.4610156380919175,0,correct
315779,Christian Pulisic,24/25,2025,0,0.4608272574254333,0,correct
61841,Adam Smith,24/25,2025,0,0.460696207444381,0,correct
293084,Johannes Handl,24/25,2025,0,0.4606865121872971,0,correct
283233,Jacob Rasmussen,24/25,2025,1,0.46066497628214836,0,false_negative
27992,Luka Modrić,24/25,2025,1,0.4604943106181433,0,false_negative
293569,Josh Brownhill,24/25,2025,1,0.4602740567414627,0,false_negative
69511,Patrick Mortensen,24/25,2025,0,0.46023666031549143,0,correct
748839,Phil Mooney,24/25,2025,0,0.4601808394280292,0,correct
689358,János Takács,24/25,2025,1,0.4601548494470195,0,false_negative
899542,Lorenzo Romani,24/25,2025,1,0.4601221509703646,0,false_negative
260846,Asger Sörensen,24/25,2025,0,0.46009053665364935,0,correct
1102070,Kiani Inge,24/25,2025,1,0.459841634778732,0,false_negative
192077,Scott McMann,24/25,2025,0,0.4597728291473327,0,correct
1118395,Pavel Kotlyarov,24/25,2025,0,0.4597130161876684,0,correct
344695,Dayot Upamecano,24/25,2025,0,0.45963887969407485,0,correct
172623,Ramy Rabia,24/25,2025,1,0.4596153850174906,0,false_negative
282411,Marcos Llorente,24/25,2025,0,0.4595989263090567,0,correct
401529,Dodô,24/25,2025,0,0.45958554491630765,0,correct
151583,Daniel Heber,24/25,2025,0,0.45950895594708924,0,correct
732241,Luis Bates,24/25,2025,0,0.45945910349539154,0,correct
965940,Zack Nelson,24/25,2025,0,0.4594057377787743,0,correct
927263,Riccardo Campedelli,24/25,2025,1,0.459309078265211,0,false_negative
303254,Fikayo Tomori,24/25,2025,0,0.45912176714138214,0,correct
308279,Rolando Mandragora,24/25,2025,0,0.4590994104115404,0,correct
1017396,Simeon Turlakov,24/25,2025,1,0.45903715034189463,0,false_negative
490426,Krépin Diatta,24/25,2025,0,0.45900860406680094,0,correct
254965,Sandro Lauper,24/25,2025,0,0.4589647859169644,0,correct
970683,Piotr Pardel,24/25,2025,0,0.4589646326249865,0,correct
996897,Diego Gómez,24/25,2025,0,0.4588273333323479,0,correct
607854,Éderson,24/25,2025,0,0.4588072809541733,0,correct
552425,Jon Moncayola,24/25,2025,0,0.458695964419606,0,correct
456838,Eliot Evans,24/25,2025,0,0.4586598742971814,0,correct
591916,Aitor Paredes,24/25,2025,0,0.45855032780694177,0,correct
792380,Aleksandar Pavlovic,24/25,2025,0,0.45846461159334306,0,correct
309400,Kai Havertz,24/25,2025,0,0.4583681386461043,0,correct
286328,Scott Stewart,24/25,2025,0,0.45816992286592806,0,correct
918957,Davide Renzetti,24/25,2025,1,0.4581144949508242,0,false_negative
644401,Keane Lewis-Potter,24/25,2025,0,0.45809299487843474,0,correct
128011,Petros Mantalos,24/25,2025,0,0.45800790464244573,0,correct
1088697,Jinairo Johnson,24/25,2025,0,0.4578901482002701,0,correct
335795,András Hársfalvi,24/25,2025,1,0.4578836613545,0,false_negative
1048147,Federico Cassa,24/25,2025,0,0.4578099006451942,0,correct
337082,Julian Krahl,24/25,2025,0,0.4577923101424691,0,correct
247915,Jonas Omlin,24/25,2025,0,0.4577398466388834,0,correct
160963,Robin Zentner,24/25,2025,0,0.4577139634347077,0,correct
635803,Oluwatobiloba Alagbe,24/25,2025,0,0.4575578362322785,0,correct
533877,Martin Vanak,24/25,2025,1,0.45753701670658653,0,false_negative
932733,Leonardo Baroncelli,24/25,2025,1,0.457398102877897,0,false_negative
339808,Theo Hernández,24/25,2025,1,0.4573464933310652,0,false_negative
106128,Aron Giacomoni,24/25,2025,0,0.45731509643422374,0,correct
1058791,Andreas Redkin,24/25,2025,0,0.4572440210690584,0,correct
801425,Sam Bell,24/25,2025,1,0.45721670902433376,0,false_negative
648893,István Pekár,24/25,2025,0,0.45717987858118353,0,correct
633463,Adam Randell,24/25,2025,1,0.4570663980828508,0,false_negative
193082,Alejandro Grimaldo,24/25,2025,0,0.45701583423339553,0,correct
675278,Eric Kahl,24/25,2025,0,0.4569618757706068,0,correct
940915,Alexéi Rojas,24/25,2025,0,0.4568560025466791,0,correct
420811,George Tanner,24/25,2025,0,0.45680966877445867,0,correct
469050,Nathan Collins,24/25,2025,0,0.4567814871027174,0,correct
102017,Jorginho,24/25,2025,1,0.4567706073759992,0,false_negative
257477,Milos Zlatkovic,24/25,2025,1,0.4567650680777609,0,false_negative
927251,Gianmarco Castorri,24/25,2025,1,0.4567451446185746,0,false_negative
284732,Ramy Bensebaini,24/25,2025,0,0.45668334003408745,0,correct
104223,Jordy Clasie,24/25,2025,0,0.45665434928493276,0,correct
242086,Patrik Schick,24/25,2025,0,0.45659951410907335,0,correct
171731,Semen Shestilovskiy,24/25,2025,0,0.45645707413611336,0,correct
704191,Andrea Cecchetto,24/25,2025,0,0.45644949906572424,0,correct
269093,Manfred Fischer,24/25,2025,0,0.4564241253288094,0,correct
933830,Chalpan Abdulnasir,24/25,2025,0,0.4563870235358431,0,correct
1043566,Josiah Uwakhonye,24/25,2025,0,0.45631049789344946,0,correct
210348,Sondre Tronstad,24/25,2025,0,0.4562501796979879,0,correct
746712,Pietro Comuzzo,24/25,2025,0,0.4561982765734705,0,correct
143559,Matija Nastasić,24/25,2025,1,0.45588470521213187,0,false_negative
542690,Frederik Alves,24/25,2025,0,0.45585854937124104,0,correct
591949,Aaron Hickey,24/25,2025,0,0.45585078665956397,0,correct
719230,Alex Szabó,24/25,2025,0,0.4558475394235778,0,correct
566857,Semih Sahin,24/25,2025,1,0.45574935848911546,0,false_negative
973085,Carlos Baleba,24/25,2025,0,0.4557397211635316,0,correct
894470,Davide Baroncioni,24/25,2025,0,0.4557202019078861,0,correct
1141179,Mussa Kaba,24/25,2025,0,0.45571300153288957,0,correct
124410,Rani Khedira,24/25,2025,0,0.4554822565117766,0,correct
328658,Kristoffer Ajer,24/25,2025,0,0.45544542890012574,0,correct
427868,Dan Jefferies,24/25,2025,1,0.4554028697445968,0,false_negative
236997,Tiago Silva,24/25,2025,1,0.45533481188786673,0,false_negative
416809,Daniel Hanslik,24/25,2025,0,0.45533051206068836,0,correct
1070408,Mylo van der Lans,24/25,2025,0,0.4551663246416798,0,correct
44698,Mário Camora,24/25,2025,0,0.4551601005889896,0,correct
196147,Kenny-Prince Redondo,24/25,2025,0,0.4551260484675248,0,correct
148367,Christian Nørgaard,24/25,2025,1,0.45502806826055214,0,false_negative
406634,Matt O'Riley,24/25,2025,1,0.45493653894446584,0,false_negative
166601,Niklas Süle,24/25,2025,0,0.45492645615359756,0,correct
126751,Iñigo Ruiz de Galarreta,24/25,2025,0,0.4548379191060953,0,correct
212198,Vaná Alves,24/25,2025,0,0.4548147348839498,0,correct
1055876,Jesper Zwart,24/25,2025,1,0.4547999989419018,0,false_negative
338425,Álex Berenguer,24/25,2025,0,0.45475755018711206,0,correct
547382,Cameron Pring,24/25,2025,0,0.4547276516781278,0,correct
925221,Elion Jashari,24/25,2025,1,0.45466523629609196,0,false_negative
156937,Johan Hammar,24/25,2025,0,0.45455699028119106,0,correct
196231,Marvin Friedrich,24/25,2025,0,0.45452246909350613,0,correct
392378,Darren Thomas,24/25,2025,0,0.45444706243857325,0,correct
375790,Dávid Mészáros,24/25,2025,0,0.4544373767777189,0,correct
433177,Bukayo Saka,24/25,2025,0,0.45439369201960406,0,correct
362977,Josip Juranovic,24/25,2025,0,0.4543798741943424,0,correct
1015875,Tómas Johannessen,24/25,2025,1,0.45436658739881114,0,false_negative
1078216,Dennis Krpalek,24/25,2025,0,0.45434626317809307,0,correct
425334,Matty Cash,24/25,2025,0,0.4543393120898774,0,correct
112583,Diego Michiels,24/25,2025,0,0.45433313227515737,0,correct
298575,Kike Barja,24/25,2025,0,0.4542462677281929,0,correct
927953,Bradley Mayo,24/25,2025,0,0.4541914751733923,0,correct
355816,Ko Itakura,24/25,2025,1,0.45406993789943556,0,false_negative
424042,Nahuel Molina,24/25,2025,0,0.453904258834806,0,correct
267328,Danny Gosset,24/25,2025,0,0.4538777825953939,0,correct
31653,Tobias Sippel,24/25,2025,0,0.4537948228210355,0,correct
392131,Simon Asta,24/25,2025,1,0.45377297243490905,0,false_negative
1183953,Luca Gobbo,24/25,2025,0,0.4537072342579762,0,correct
1170813,Javison Idele,24/25,2025,0,0.45370676234664375,0,correct
999365,Mattia Piermarini,24/25,2025,1,0.4536993868569806,0,false_negative
369316,Ferdi Kadıoğlu,24/25,2025,0,0.4536960465008014,0,correct
251075,Zeki Çelik,24/25,2025,0,0.4536701233095133,0,correct
192169,Jonas Föhrenbach,24/25,2025,0,0.45364403497901973,0,correct
127573,Phillipp Mwene,24/25,2025,0,0.45361181008689955,0,correct
67063,Danny Welbeck,24/25,2025,0,0.4536048256658917,0,correct
85543,Niklas Lomb,24/25,2025,0,0.45321466683473394,0,correct
786795,Mesut Yusuf,24/25,2025,0,0.4529991508383862,0,correct
167393,James Husband,24/25,2025,0,0.4529493543838821,0,correct
62351,Abdoulaye Bamba,24/25,2025,0,0.45285219771250457,0,correct
121137,Stuart Bannigan,24/25,2025,1,0.45272183144979145,0,false_negative
442248,Ethan Pinnock,24/25,2025,0,0.45268829573306213,0,correct
235840,Pedro Pinto,24/25,2025,1,0.4526255092148771,0,false_negative
23523,Thomas Mikkelsen,24/25,2025,0,0.4526073576640266,0,correct
531236,Callum Sainty,24/25,2025,0,0.45259407256856643,0,correct
256448,Gianluca Mancini,24/25,2025,0,0.4522095765304409,0,correct
741097,Irving Gudiño,24/25,2025,1,0.45216869726797865,0,false_negative
580195,Jamal Musiala,24/25,2025,0,0.45194270221234245,0,correct
144028,Leandro Trossard,24/25,2025,0,0.45183274180358685,0,correct
117478,Marnon Busch,24/25,2025,0,0.45179411716452933,0,correct
380350,Igor Julio,24/25,2025,1,0.45173558585421525,0,false_negative
319859,Mathias Jensen,24/25,2025,0,0.4516700333666945,0,correct
209212,Solly March,24/25,2025,0,0.4516006847429306,0,correct
479999,Eberechi Eze,24/25,2025,1,0.4514296022647786,0,false_negative
932740,Jonas Harder,24/25,2025,1,0.45124521659142774,0,false_negative
223967,Konrad Laimer,24/25,2025,0,0.4512317761214005,0,correct
1186932,Edoardo Zanchi,24/25,2025,0,0.4509559688404397,0,correct
213670,Lucas Torró,24/25,2025,0,0.45070972302031,0,correct
40680,Sven Ulreich,24/25,2025,0,0.45069532795012035,0,correct
255501,Iñigo Lekue,24/25,2025,0,0.45068805733310624,0,correct
192635,Nico Elvedi,24/25,2025,0,0.4506677889845243,0,correct
159088,Robert Andrich,24/25,2025,0,0.45061882987239715,0,correct
354456,Aynsley Pears,24/25,2025,0,0.45058121508084553,0,correct
1216188,Alessandro Panza,24/25,2025,1,0.45056295093478893,0,false_negative
173859,Davide Zappacosta,24/25,2025,0,0.450539708825216,0,correct
571020,Oihan Sancet,24/25,2025,0,0.4505322743766436,0,correct
182906,Mike Maignan,24/25,2025,0,0.45048829674092267,0,correct
608165,Ben Dempsey,24/25,2025,0,0.4504231333340608,0,correct
169497,Juan Cruz,24/25,2025,0,0.45017303870647774,0,correct
118244,Sean McGinty,24/25,2025,1,0.4501599342154587,0,false_negative
504153,Joe Scally,24/25,2025,0,0.45015582910662694,0,correct
932741,Mattia Ievoli,24/25,2025,1,0.4499370356415987,0,false_negative
126664,Lucas Digne,24/25,2025,0,0.4499100758827363,0,correct
161072,Baris Atik,24/25,2025,0,0.44989705970266364,0,correct
115382,Guilherme,24/25,2025,0,0.44959002802778164,0,correct
946385,Arseniy Skopets,24/25,2025,0,0.44953499365617006,0,correct
185869,Grant Smith,24/25,2025,0,0.4494927202925828,0,correct
565093,Bart Verbruggen,24/25,2025,0,0.4494428757806221,0,correct
933205,Tibor Szabó,24/25,2025,0,0.44943516629091296,0,correct
268185,Joe Williams,24/25,2025,0,0.4490361093849787,0,correct
1048080,Federico Simonetto,24/25,2025,0,0.4489913202350015,0,correct
52377,Adrian Cieslewicz,24/25,2025,0,0.44884717048771233,0,correct
335721,Ben White,24/25,2025,0,0.4485033107818302,0,correct
250845,José María Giménez,24/25,2025,0,0.44829218886900823,0,correct
188077,Ryan Christie,24/25,2025,0,0.4482296833213328,0,correct
646707,Wouter Goes,24/25,2025,0,0.44821138119464166,0,correct
132098,Harry Kane,24/25,2025,0,0.44816264010439216,0,correct
248738,Sergio Herrera,24/25,2025,0,0.4480953476708995,0,correct
1202361,Bradley Burrowes,24/25,2025,0,0.44805517726463817,0,correct
627658,Eldin Dzogovic,24/25,2025,0,0.4479005174632749,0,correct
1082133,Csongor Komáromi,24/25,2025,0,0.44783135480771563,0,correct
295764,Aschraf El Mahdioui,24/25,2025,0,0.4477476783132889,0,correct
741545,Daniel Armstrong,24/25,2025,0,0.447490033876111,0,correct
704772,Rome-Jayden Owusu-Oduro,24/25,2025,0,0.44745944861752407,0,correct
655488,Gabriel Martinelli,24/25,2025,0,0.4474198146847409,0,correct
576737,Firza Andika,24/25,2025,1,0.4473783874499673,0,false_negative
262396,Unai Simón,24/25,2025,0,0.44707867857976613,0,correct
74229,Koke,24/25,2025,0,0.44704562205419723,0,correct
709187,Nico Williams,24/25,2025,0,0.44690333777742564,0,correct
339556,Rico Henry,24/25,2025,0,0.4467867683627809,0,correct
862733,Freddy Bomo,24/25,2025,1,0.4462308352793141,0,false_negative
504849,Kaoru Mitoma,24/25,2025,0,0.44619243139891845,0,correct
270171,Vitaly Janelt,24/25,2025,0,0.4461318213284068,0,correct
723009,Jordy de Beer,24/25,2025,0,0.44599080563492627,0,correct
581357,Jan Schöppner,24/25,2025,0,0.44571276768326734,0,correct
796169,Márk Hodonicki,24/25,2025,0,0.44560478406914605,0,correct
125714,Mark Flekken,24/25,2025,1,0.4455649889151034,0,false_negative
1260549,Samuele Piro,24/25,2025,1,0.44536672225620083,0,false_negative
336665,Sultan Al-Brake,24/25,2025,0,0.44536334731973115,0,correct
123550,Jamie Grimes,24/25,2025,0,0.44527294116480076,0,correct
255488,Yeray Álvarez,24/25,2025,0,0.44484833135670043,0,correct
82873,Pascal Groß,24/25,2025,0,0.444812216754269,0,correct
662065,Stanislav Lomako,24/25,2025,1,0.4447829412374923,0,false_negative
165513,Berat Djimsiti,24/25,2025,0,0.4447308872620121,0,correct
866247,Tommaso Rubino,24/25,2025,1,0.4445144048899949,0,false_negative
388294,Omar Traoré,24/25,2025,0,0.44419634268510094,0,correct
940769,Artem Zhevnerenko,24/25,2025,0,0.4441932130142181,0,correct
401578,Exequiel Palacios,24/25,2025,0,0.44399379772887954,0,correct
3333,James Milner,24/25,2025,0,0.443971405227221,0,correct
530780,Jason Knight,24/25,2025,0,0.44377710084126876,0,correct
540941,Mikkel Damsgaard,24/25,2025,0,0.4437571552972171,0,correct
543537,Seydouba Cissé,24/25,2025,0,0.44368451978158435,0,correct
203853,Oleksandr Zinchenko,24/25,2025,1,0.443654780762099,0,false_negative
96254,Pietro Terracciano,24/25,2025,1,0.4433666481083209,0,false_negative
191792,Craig Watson,24/25,2025,1,0.44308613887407206,0,false_negative
62112,Byron Webster,24/25,2025,0,0.4426894537134401,0,correct
1058392,Lorenzo Grilli,24/25,2025,0,0.44260246390565994,0,correct
495666,William Saliba,24/25,2025,0,0.4424655062802241,0,correct
199453,Sebastian Osigwe,24/25,2025,1,0.4423978696812313,0,false_negative
504148,Tariq Lamptey,24/25,2025,1,0.4423019988055487,0,false_negative
742274,Christian Intsoen,24/25,2025,0,0.442191651746143,0,correct
249089,Lewis Cook,24/25,2025,0,0.44212842432030147,0,correct
375095,Michael Cheek,24/25,2025,0,0.4420431039992016,0,correct
884818,Robin Lisewski,24/25,2025,1,0.44202446564691805,0,false_negative
346561,Luca Ranieri,24/25,2025,0,0.4419318816435312,0,correct
371001,Josip Sutalo,24/25,2025,0,0.4417276756799013,0,correct
237846,Edmílson Junior,24/25,2025,0,0.4416888654767151,0,correct
153084,Leon Goretzka,24/25,2025,0,0.4416873183665439,0,correct
147993,Florin Bejan,24/25,2025,0,0.44165057678128544,0,correct
46413,Ante Budimir,24/25,2025,0,0.441602234637997,0,correct
1041292,Osian Evans,24/25,2025,1,0.44149712332768976,0,false_negative
322677,Perry Ng,24/25,2025,0,0.44137432869287957,0,correct
455600,Corey Whitely,24/25,2025,0,0.44133312569445804,0,correct
1100514,Yulian Gilov,24/25,2025,0,0.4407525808158775,0,correct
253677,Tyrone Mings,24/25,2025,0,0.44070774886254915,0,correct
324358,Ollie Watkins,24/25,2025,0,0.43996360731847195,0,correct
111195,Joël Veltman,24/25,2025,0,0.43989471970814614,0,correct
60445,Jonathan dos Santos,24/25,2025,0,0.4398714916182994,0,correct
133179,Marten de Roon,24/25,2025,0,0.4396167796277835,0,correct
148153,Lewis Dunk,24/25,2025,0,0.43912605629095225,0,correct
818246,Noah Kruth,24/25,2025,0,0.4390679611046335,0,correct
503482,Min-jae Kim,24/25,2025,0,0.43869687993603423,0,correct
75890,Kristoffer Nordfeldt,24/25,2025,0,0.43849206573252997,0,correct
388198,Nico Schlotterbeck,24/25,2025,0,0.4384404189808555,0,correct
370789,Julian Ryerson,24/25,2025,0,0.4384172628086598,0,correct
64303,Tomas Frystak,24/25,2025,0,0.4383235349741717,0,correct
992569,Massimo Pessina,24/25,2025,0,0.43805746292490144,0,correct
345095,Almoez Ali,24/25,2025,0,0.4379787701772921,0,correct
1100501,Bozhidar Petrov,24/25,2025,0,0.43789987316209267,0,correct
257814,Gregor Kobel,24/25,2025,0,0.4368185612981616,0,correct
349599,Pervis Estupiñán,24/25,2025,1,0.4367094099705391,0,false_negative
807418,Jude Arthurs,24/25,2025,0,0.4366279468369862,0,correct
212847,Adam Webster,24/25,2025,0,0.43658240012069266,0,correct
1287831,Giannis Spandonidis,24/25,2025,0,0.43528993467900545,0,correct
249565,Youri Tielemans,24/25,2025,0,0.43525107349228687,0,correct
17259,Manuel Neuer,24/25,2025,0,0.43524881008609534,0,correct
167480,Nicola Pavan,24/25,2025,0,0.4350292887570906,0,correct
331560,Takehiro Tomiyasu,24/25,2025,1,0.43494733118830803,0,false_negative
413403,Ezri Konsa,24/25,2025,0,0.43415547575536406,0,correct
176182,Luca Maniero,24/25,2025,0,0.4339989637365393,0,correct
193116,John McGinn,24/25,2025,0,0.43375225035923487,0,correct
890721,Myles Lewis-Skelly,24/25,2025,0,0.43336874646154483,0,correct
331963,Filip Panák,24/25,2025,0,0.432832142891772,0,correct
255508,Iñaki Williams,24/25,2025,0,0.4324727711231129,0,correct
875153,Klevis Kasa,24/25,2025,0,0.43238297322489205,0,correct
524000,Dani Vivian,24/25,2025,0,0.4323012714358459,0,correct
118050,Aleksandr Skshinetskiy,24/25,2025,0,0.4322736802554127,0,correct
48015,Lukas Hradecky,24/25,2025,1,0.4319002571196883,0,false_negative
797802,Nikita Sokolovskiy,24/25,2025,0,0.4318234277404383,0,correct
107775,Frederik Rönnow,24/25,2025,0,0.4317518157079117,0,correct
307511,Mirko Kos,24/25,2025,0,0.4314463564290859,0,correct
61812,Yuri Berchiche,24/25,2025,0,0.43137608703286684,0,correct
420243,Jurriën Timber,24/25,2025,0,0.4313159463665848,0,correct
726717,Konstantinos Pomonis,24/25,2025,1,0.4311750686358734,0,false_negative
336646,Akram Afif,24/25,2025,0,0.4306690626560203,0,correct
648458,Emmanuel Sarpong,24/25,2025,0,0.4305878388573017,0,correct
954016,Edoardo Scquizzato,24/25,2025,0,0.43056840296472443,0,correct
1268641,Alesandro Nikolov,24/25,2025,0,0.43018345857000034,0,correct
357662,Declan Rice,24/25,2025,0,0.4298885095447835,0,correct
1152976,Eric Porstner,24/25,2025,1,0.42977189202731947,0,false_negative
133731,Patrick Mainka,24/25,2025,0,0.429542528935542,0,correct
111873,Emiliano Martínez,24/25,2025,0,0.4293014246948879,0,correct
121483,Jan Oblak,24/25,2025,0,0.429039903305177,0,correct
424204,Alphonso Davies,24/25,2025,0,0.4287264925230963,0,correct
119296,Emre Can,24/25,2025,0,0.4284206146509257,0,correct
921662,Charlie Tasker,24/25,2025,0,0.42839674914873294,0,correct
222385,Karim Boudiaf,24/25,2025,0,0.4283123436774156,0,correct
576314,Jan Paul van Hecke,24/25,2025,0,0.42818381664734506,0,correct
997909,Tommaso Ravaglioli,24/25,2025,1,0.42782074213479443,0,false_negative
867688,Jack Hinshelwood,24/25,2025,0,0.4278036846402699,0,correct
964471,Andrea Torriani,24/25,2025,0,0.42731409217946265,0,correct
163606,Alessio Vita,24/25,2025,0,0.4265596111223843,0,correct
187492,Julian Brandt,24/25,2025,0,0.42620499195362627,0,correct
1172422,Filip Öhman,24/25,2025,0,0.42590320166373097,0,correct
386505,James Brophy,24/25,2025,0,0.42590029284229014,0,correct
1058394,Pietro Parmiggiani,24/25,2025,1,0.4258918404061764,0,false_negative
280283,Raphael Silva,24/25,2025,1,0.42504968199817916,0,false_negative
316264,Martin Ødegaard,24/25,2025,0,0.4250277525529921,0,correct
997908,Mattia Arrigoni,24/25,2025,0,0.4245417151867337,0,correct
196357,Jonathan Tah,24/25,2025,1,0.42431925744667703,0,false_negative
903218,Gabriel Ramaj,24/25,2025,0,0.424107838441407,0,correct
161056,Joshua Kimmich,24/25,2025,0,0.4240567428790522,0,correct
936755,Alberto Manzoni,24/25,2025,0,0.422030835503647,0,correct
564545,Edmond Tapsoba,24/25,2025,0,0.42201595581211715,0,correct
435338,Gabriel Magalhães,24/25,2025,0,0.4210008917504671,0,correct
265592,Mitch Pinnock,24/25,2025,1,0.4207483685514515,0,false_negative
659570,Vladislav Solanovich,24/25,2025,0,0.4203928160850991,0,correct
599331,Andrés Sánchez,24/25,2025,0,0.42035653912568227,0,correct
731130,Nikita Patsenko,24/25,2025,0,0.42006693435873643,0,correct
1048145,Andrea Bonanomi,24/25,2025,0,0.41959787466965565,0,correct
1226502,Evan Mooney,24/25,2025,0,0.4194000026641347,0,correct
1055079,Luca Lai,24/25,2025,0,0.41909029103208456,0,correct
1055070,Luca Nesi,24/25,2025,0,0.41747632692107484,0,correct
308989,Sergio González,24/25,2025,1,0.41717658355059484,0,false_negative
659813,Piero Hincapié,24/25,2025,1,0.41534984177496637,0,false_negative
686692,Gruff John,24/25,2025,1,0.4147566169828043,0,false_negative
238722,Dominik Reimann,24/25,2025,0,0.4144407783537814,0,correct
314398,Jae-sung Lee,24/25,2025,0,0.41441133254090784,0,correct
202764,Mohamed El-Munir,24/25,2025,0,0.41372771664181845,0,correct
936753,Pietro Comi,24/25,2025,0,0.4127524415941006,0,correct
942091,Filippo Mencaraglia,24/25,2025,0,0.4114839062075493,0,correct
288311,Ibrahim Blati Touré,24/25,2025,0,0.4101577601571245,0,correct
201731,Lukas Wedl,24/25,2025,0,0.41001647275397013,0,correct
246424,Elbis,24/25,2025,1,0.4092410469485959,0,false_negative
1067168,Harry Howell,24/25,2025,0,0.40745959493728995,0,correct
121267,Connor Roberts,24/25,2025,1,0.4070803292303066,0,false_negative
1070979,Wael Mohya,24/25,2025,1,0.40230616337915626,0,false_negative
55000,Unknown Player,24/25,2025,1,0.40163903086382047,0,false_negative
546213,Tuta,24/25,2025,1,0.40158986662325463,0,false_negative
748720,Unknown Player,24/25,2025,1,0.39843595163520634,0,false_negative
1259900,Eyyüb Yasar,24/25,2025,0,0.39391730071938064,0,correct
816502,Unknown Player,24/25,2025,1,0.3916466736889152,0,false_negative
1178213,Federico Steffanoni,24/25,2025,0,0.3777834968833817,0,correct
542458,Unknown Player,24/25,2025,1,0.3769864881807675,0,false_negative
457235,Unknown Player,24/25,2025,0,0.37353805104067284,0,correct
159883,Unknown Player,24/25,2025,0,0.371817829574446,0,correct
1131973,Jack Porter,24/25,2025,0,0.36958050982867074,0,correct
441264,Unknown Player,24/25,2025,0,0.3685346632389327,0,correct
215167,Unknown Player,24/25,2025,1,0.36406312704290544,0,false_negative
226971,Unknown Player,24/25,2025,1,0.3623461728028778,0,false_negative
577381,Unknown Player,24/25,2025,1,0.3623295364214785,0,false_negative
240190,Unknown Player,24/25,2025,0,0.3610979763968809,0,correct
393607,Unknown Player,24/25,2025,0,0.35908338519406463,0,correct
696348,Unknown Player,24/25,2025,1,0.3558834984716569,0,false_negative
615966,Unknown Player,24/25,2025,0,0.35505670399761385,0,correct
346528,Unknown Player,24/25,2025,0,0.3547715580601649,0,correct
496649,Unknown Player,24/25,2025,0,0.3498331772065701,0,correct
284604,Unknown Player,24/25,2025,0,0.3388933127552752,0,correct
593381,Unknown Player,24/25,2025,0,0.3267813784399884,0,correct
1027446,Unknown Player,24/25,2025,0,0.29298476256419936,0,correct
935517,Unknown Player,24/25,2025,0,0.28993935001798754,0,correct
566879,Unknown Player,24/25,2025,0,0.2881206079636104,0,correct
457442,Unknown Player,24/25,2025,0,0.28674016641753874,0,correct
1048151,Unknown Player,24/25,2025,0,0.2864544728964874,0,correct
507354,Unknown Player,24/25,2025,0,0.285701782499326,0,correct
1175145,Unknown Player,24/25,2025,0,0.2832735743503317,0,correct
199736,Unknown Player,24/25,2025,0,0.2831114812942416,0,correct
1279791,Unknown Player,24/25,2025,0,0.28256176984069437,0,correct
1107973,Unknown Player,24/25,2025,0,0.28236588789753464,0,correct
942414,Unknown Player,24/25,2025,0,0.28154962643347775,0,correct
691476,Unknown Player,24/25,2025,0,0.2809574447659676,0,correct
1043709,Unknown Player,24/25,2025,0,0.28084715597183246,0,correct
599115,Unknown Player,24/25,2025,0,0.2799330662743435,0,correct
708080,Unknown Player,24/25,2025,0,0.27978951113337297,0,correct
223997,Unknown Player,24/25,2025,0,0.2795588614972862,0,correct
895667,Unknown Player,24/25,2025,0,0.27949517121312595,0,correct
376083,Unknown Player,24/25,2025,0,0.27945068512777127,0,correct
457875,Unknown Player,24/25,2025,0,0.27856364658420474,0,correct
163628,Unknown Player,24/25,2025,0,0.27851438059113987,0,correct
1057582,Unknown Player,24/25,2025,0,0.27850578557122324,0,correct
457778,Unknown Player,24/25,2025,0,0.27842274723130817,0,correct
549384,Unknown Player,24/25,2025,0,0.27756603170088084,0,correct
601166,Unknown Player,24/25,2025,0,0.27680408627799485,0,correct
537143,Unknown Player,24/25,2025,0,0.27637567550051323,0,correct
1214452,Unknown Player,24/25,2025,0,0.2759849037570029,0,correct
631094,Unknown Player,24/25,2025,0,0.2753763365300525,0,correct
808213,Unknown Player,24/25,2025,0,0.27526031355502617,0,correct
145840,Unknown Player,24/25,2025,0,0.2751552658996335,0,correct
241471,Unknown Player,24/25,2025,0,0.27504701227221023,0,correct
1059299,Unknown Player,24/25,2025,0,0.2749308023872175,0,correct
423608,Unknown Player,24/25,2025,0,0.2748981636867809,0,correct
949275,Unknown Player,24/25,2025,0,0.27488634389063904,0,correct
1090830,Unknown Player,24/25,2025,0,0.27488063571157245,0,correct
512111,Unknown Player,24/25,2025,0,0.27482459609378324,0,correct
116231,Unknown Player,24/25,2025,0,0.2747069406004482,0,correct
1200586,Unknown Player,24/25,2025,0,0.274341659157869,0,correct
792548,Unknown Player,24/25,2025,0,0.27430819112876714,0,correct
459374,Unknown Player,24/25,2025,0,0.2742584290609935,0,correct
394844,Unknown Player,24/25,2025,0,0.2738736097095363,0,correct
288716,Unknown Player,24/25,2025,0,0.2735225362352535,0,correct
644159,Unknown Player,24/25,2025,0,0.27350515737838826,0,correct
166661,Unknown Player,24/25,2025,0,0.27340128853448664,0,correct
574806,Unknown Player,24/25,2025,0,0.2733310687552577,0,correct
187364,Unknown Player,24/25,2025,0,0.2733294182358927,0,correct
265132,Unknown Player,24/25,2025,0,0.2733109002176569,0,correct
383165,Unknown Player,24/25,2025,0,0.27317204948890067,0,correct
702326,Unknown Player,24/25,2025,0,0.2730760420928446,0,correct
463178,Unknown Player,24/25,2025,0,0.272931124832355,0,correct
815583,Unknown Player,24/25,2025,0,0.27274568290010914,0,correct
336931,Unknown Player,24/25,2025,0,0.27266183290962737,0,correct
1082850,Unknown Player,24/25,2025,0,0.2726227529241171,0,correct
446708,Unknown Player,24/25,2025,0,0.27256071723019865,0,correct
872742,Unknown Player,24/25,2025,0,0.2720816284870717,0,correct
1188666,Unknown Player,24/25,2025,0,0.27151190807374453,0,correct
445037,Unknown Player,24/25,2025,0,0.27126415097298223,0,correct
200615,Unknown Player,24/25,2025,0,0.27123787862925,0,correct
1277787,Unknown Player,24/25,2025,0,0.27094043537302875,0,correct
943636,Unknown Player,24/25,2025,0,0.27088191396650485,0,correct
921203,Unknown Player,24/25,2025,0,0.27072859907054025,0,correct
705159,Unknown Player,24/25,2025,0,0.27063434570978895,0,correct
138144,Unknown Player,24/25,2025,0,0.2704138617006563,0,correct
229003,Unknown Player,24/25,2025,0,0.27040258396232075,0,correct
938105,Unknown Player,24/25,2025,0,0.2700365846098738,0,correct
741501,Unknown Player,24/25,2025,0,0.27001762992807793,0,correct
1064920,Unknown Player,24/25,2025,0,0.2697902144578762,0,correct
998196,Unknown Player,24/25,2025,0,0.2697399497992148,0,correct
1317650,Unknown Player,24/25,2025,0,0.26930450709545073,0,correct
631093,Unknown Player,24/25,2025,0,0.2692987662051667,0,correct
706797,Unknown Player,24/25,2025,0,0.2690580217292867,0,correct
195720,Unknown Player,24/25,2025,0,0.26894372620031987,0,correct
354666,Unknown Player,24/25,2025,0,0.2685719180772165,0,correct
458816,Unknown Player,24/25,2025,0,0.2685208173149948,0,correct
213988,Unknown Player,24/25,2025,0,0.2684621656257228,0,correct
617928,Unknown Player,24/25,2025,0,0.26845862893525324,0,correct
661150,Unknown Player,24/25,2025,0,0.2684331544914741,0,correct
824312,Unknown Player,24/25,2025,0,0.2682379608614155,0,correct
388121,Unknown Player,24/25,2025,0,0.2680093329530735,0,correct
504969,Unknown Player,24/25,2025,0,0.26769814125667213,0,correct
189231,Unknown Player,24/25,2025,0,0.2676782509105599,0,correct
636712,Unknown Player,24/25,2025,0,0.2676424428009506,0,correct
980242,Unknown Player,24/25,2025,0,0.26756630773344353,0,correct
591957,Unknown Player,24/25,2025,0,0.26745715079105625,0,correct
637013,Unknown Player,24/25,2025,0,0.26743170255829385,0,correct
198104,Unknown Player,24/25,2025,0,0.2674093191047931,0,correct
200195,Unknown Player,24/25,2025,0,0.2673580639551709,0,correct
818544,Unknown Player,24/25,2025,0,0.26734634856684836,0,correct
537599,Unknown Player,24/25,2025,0,0.2672619131622877,0,correct
329668,Unknown Player,24/25,2025,0,0.26721292562922166,0,correct
1337321,Unknown Player,24/25,2025,0,0.2671875550030737,0,correct
638262,Unknown Player,24/25,2025,0,0.2671500357255429,0,correct
824128,Unknown Player,24/25,2025,0,0.2671479310346791,0,correct
666168,Unknown Player,24/25,2025,0,0.2671254774205789,0,correct
803839,Unknown Player,24/25,2025,0,0.2668079342972664,0,correct
636390,Unknown Player,24/25,2025,0,0.26651912635192865,0,correct
531437,Unknown Player,24/25,2025,0,0.2664867160709759,0,correct
543103,Unknown Player,24/25,2025,0,0.2664133422588799,0,correct
703767,Unknown Player,24/25,2025,0,0.2663966999525215,0,correct
630985,Unknown Player,24/25,2025,0,0.2663054663399028,0,correct
963675,Unknown Player,24/25,2025,0,0.2662326873435466,0,correct
678447,Unknown Player,24/25,2025,0,0.2661199609209696,0,correct
1175538,Unknown Player,24/25,2025,0,0.26609999031312,0,correct
412366,Unknown Player,24/25,2025,0,0.2660942756869979,0,correct
552927,Unknown Player,24/25,2025,0,0.26604318305795904,0,correct
1104136,Unknown Player,24/25,2025,0,0.26564287028270556,0,correct
354678,Unknown Player,24/25,2025,0,0.26554656899751433,0,correct
1184913,Unknown Player,24/25,2025,0,0.265508977798888,0,correct
200062,Unknown Player,24/25,2025,0,0.2654994028325421,0,correct
325602,Unknown Player,24/25,2025,0,0.2654102351586968,0,correct
1277195,Unknown Player,24/25,2025,0,0.2652340953584124,0,correct
1182452,Unknown Player,24/25,2025,0,0.26522850230581163,0,correct
1120251,Unknown Player,24/25,2025,0,0.2650722415334515,0,correct
1196829,Unknown Player,24/25,2025,0,0.2650342383250351,0,correct
1105972,Unknown Player,24/25,2025,0,0.26494222783295535,0,correct
1166976,Unknown Player,24/25,2025,0,0.2648850281256091,0,correct
761482,Unknown Player,24/25,2025,0,0.2648189489809783,0,correct
163649,Unknown Player,24/25,2025,0,0.26479354657006327,0,correct
459482,Unknown Player,24/25,2025,0,0.2647415629631303,0,correct
435501,Unknown Player,24/25,2025,0,0.26472509409117273,0,correct
377576,Unknown Player,24/25,2025,0,0.2647231944185569,0,correct
724112,Unknown Player,24/25,2025,0,0.2646408420059288,0,correct
537371,Unknown Player,24/25,2025,0,0.264417445285806,0,correct
883214,Unknown Player,24/25,2025,0,0.2642973292694942,0,correct
934796,Unknown Player,24/25,2025,0,0.2642865254249933,0,correct
511025,Unknown Player,24/25,2025,0,0.2641253009366921,0,correct
638582,Unknown Player,24/25,2025,0,0.264125219758035,0,correct
820285,Unknown Player,24/25,2025,0,0.26408996144472374,0,correct
780941,Unknown Player,24/25,2025,0,0.2640287796633245,0,correct
90681,Unknown Player,24/25,2025,0,0.26390407152741596,0,correct
796678,Unknown Player,24/25,2025,0,0.2638691331140659,0,correct
1180701,Unknown Player,24/25,2025,0,0.2638192690315106,0,correct
1175205,Unknown Player,24/25,2025,0,0.26380073864822223,0,correct
635324,Unknown Player,24/25,2025,0,0.26363923964652386,0,correct
1154305,Unknown Player,24/25,2025,0,0.26362173116333415,0,correct
160350,Unknown Player,24/25,2025,0,0.26349986701842376,0,correct
449443,Unknown Player,24/25,2025,0,0.263426328828328,0,correct
226169,Unknown Player,24/25,2025,0,0.26334015666445404,0,correct
149931,Unknown Player,24/25,2025,0,0.2633119016047957,0,correct
992501,Unknown Player,24/25,2025,0,0.26310263850245763,0,correct
135872,Unknown Player,24/25,2025,0,0.2629764297045435,0,correct
1163778,Unknown Player,24/25,2025,0,0.26288843642824405,0,correct
666588,Unknown Player,24/25,2025,0,0.2628048242503853,0,correct
924800,Unknown Player,24/25,2025,0,0.26276227561794374,0,correct
312208,Unknown Player,24/25,2025,0,0.2627601232428356,0,correct
375320,Unknown Player,24/25,2025,0,0.262736458116799,0,correct
815523,Unknown Player,24/25,2025,0,0.2626119372739321,0,correct
321234,Unknown Player,24/25,2025,0,0.26257812310762946,0,correct
812397,Unknown Player,24/25,2025,0,0.2625715111794005,0,correct
202914,Unknown Player,24/25,2025,0,0.2625354933719392,0,correct
945760,Unknown Player,24/25,2025,0,0.2624888706569743,0,correct
711633,Unknown Player,24/25,2025,0,0.2624113481394166,0,correct
431698,Unknown Player,24/25,2025,0,0.26240904901702655,0,correct
635347,Unknown Player,24/25,2025,0,0.26236425300127186,0,correct
796435,Unknown Player,24/25,2025,0,0.2623469238081827,0,correct
664622,Unknown Player,24/25,2025,0,0.26233542890161915,0,correct
849632,Unknown Player,24/25,2025,0,0.26223647735414934,0,correct
1095546,Unknown Player,24/25,2025,0,0.2620770429512357,0,correct
743597,Unknown Player,24/25,2025,0,0.2618099475884633,0,correct
991773,Unknown Player,24/25,2025,0,0.2617902962013401,0,correct
636120,Unknown Player,24/25,2025,0,0.2617362479321561,0,correct
213911,Unknown Player,24/25,2025,0,0.26148686527299,0,correct
942988,Unknown Player,24/25,2025,0,0.26147619577610226,0,correct
1099555,Unknown Player,24/25,2025,0,0.2614414837487629,0,correct
427576,Unknown Player,24/25,2025,0,0.2614370023980949,0,correct
93935,Unknown Player,24/25,2025,0,0.26131360157261035,0,correct
948958,Unknown Player,24/25,2025,0,0.26129429780842633,0,correct
702167,Unknown Player,24/25,2025,0,0.26115321720908574,0,correct
617698,Unknown Player,24/25,2025,0,0.26110080869271746,0,correct
458739,Unknown Player,24/25,2025,0,0.2609621868783764,0,correct
336959,Unknown Player,24/25,2025,0,0.26093417347764963,0,correct
580142,Unknown Player,24/25,2025,0,0.2607523789660278,0,correct
370863,Unknown Player,24/25,2025,0,0.26066303521503625,0,correct
1062847,Unknown Player,24/25,2025,0,0.2605534877342804,0,correct
975138,Unknown Player,24/25,2025,0,0.2605091732992783,0,correct
440312,Unknown Player,24/25,2025,0,0.26032057335105374,0,correct
611498,Unknown Player,24/25,2025,0,0.26020322367583754,0,correct
847283,Unknown Player,24/25,2025,0,0.26013510576650334,0,correct
334341,Unknown Player,24/25,2025,0,0.26009966425315945,0,correct
54217,Unknown Player,24/25,2025,0,0.2600586257546118,0,correct
1136532,Unknown Player,24/25,2025,0,0.2599248453048496,0,correct
185551,Unknown Player,24/25,2025,0,0.2599147251297808,0,correct
24846,Unknown Player,24/25,2025,0,0.2598183096558164,0,correct
1176544,Unknown Player,24/25,2025,0,0.2598034272896401,0,correct
463339,Unknown Player,24/25,2025,0,0.2596948723500351,0,correct
757905,Unknown Player,24/25,2025,0,0.2596721641471054,0,correct
832821,Unknown Player,24/25,2025,0,0.25943962073630045,0,correct
519651,Unknown Player,24/25,2025,0,0.2593970356527177,0,correct
1105549,Unknown Player,24/25,2025,0,0.2593852507622946,0,correct
987442,Unknown Player,24/25,2025,0,0.2593089496956278,0,correct
545567,Unknown Player,24/25,2025,0,0.25928531422119006,0,correct
229012,Unknown Player,24/25,2025,0,0.25917250097903743,0,correct
1110023,Unknown Player,24/25,2025,0,0.2591599200685486,0,correct
979754,Unknown Player,24/25,2025,0,0.2591569188429494,0,correct
1073288,Unknown Player,24/25,2025,0,0.2591329901572436,0,correct
1380598,Unknown Player,24/25,2025,0,0.2590159919446695,0,correct
576027,Unknown Player,24/25,2025,0,0.25894745522942164,0,correct
297443,Unknown Player,24/25,2025,0,0.25890727457555834,0,correct
373916,Unknown Player,24/25,2025,0,0.2588845019719848,0,correct
636686,Unknown Player,24/25,2025,0,0.25881202383719465,0,correct
56609,Unknown Player,24/25,2025,0,0.25875105258326064,0,correct
595901,Unknown Player,24/25,2025,0,0.2587205318915116,0,correct
646404,Unknown Player,24/25,2025,0,0.2586340512241606,0,correct
693037,Unknown Player,24/25,2025,0,0.25854824114929903,0,correct
197272,Unknown Player,24/25,2025,0,0.2584972672794162,0,correct
1006411,Unknown Player,24/25,2025,0,0.2584604271289702,0,correct
890421,Unknown Player,24/25,2025,0,0.2584418996458775,0,correct
453508,Unknown Player,24/25,2025,0,0.25837014441276474,0,correct
780136,Unknown Player,24/25,2025,0,0.25836793221768517,0,correct
217145,Unknown Player,24/25,2025,0,0.25833266179741643,0,correct
452477,Unknown Player,24/25,2025,0,0.25831354723282,0,correct
355630,Unknown Player,24/25,2025,0,0.25830894897503087,0,correct
719672,Unknown Player,24/25,2025,0,0.2582307040794726,0,correct
711381,Unknown Player,24/25,2025,0,0.25813902532643396,0,correct
241380,Unknown Player,24/25,2025,0,0.2581341583757195,0,correct
1187524,Unknown Player,24/25,2025,0,0.2581160214006269,0,correct
874947,Unknown Player,24/25,2025,0,0.25800763369829866,0,correct
399936,Unknown Player,24/25,2025,0,0.2579778775096181,0,correct
20137,Unknown Player,24/25,2025,0,0.2579493373148807,0,correct
1079186,Unknown Player,24/25,2025,0,0.2579350306919268,0,correct
284321,Unknown Player,24/25,2025,0,0.25793129939826137,0,correct
936571,Unknown Player,24/25,2025,0,0.25791821735727943,0,correct
82011,Unknown Player,24/25,2025,0,0.257864372385171,0,correct
885179,Unknown Player,24/25,2025,0,0.2578571848134919,0,correct
711383,Unknown Player,24/25,2025,0,0.257808614566187,0,correct
948278,Unknown Player,24/25,2025,0,0.2577946183309059,0,correct
287710,Unknown Player,24/25,2025,0,0.25776922015400267,0,correct
1068318,Unknown Player,24/25,2025,0,0.25763163507271175,0,correct
1064116,Unknown Player,24/25,2025,0,0.2576017198582394,0,correct
156575,Unknown Player,24/25,2025,0,0.2575864561947941,0,correct
549313,Unknown Player,24/25,2025,0,0.257533335776763,0,correct
617905,Unknown Player,24/25,2025,0,0.25748546184994514,0,correct
347481,Unknown Player,24/25,2025,0,0.25748529097574796,0,correct
595530,Unknown Player,24/25,2025,0,0.25745670469418974,0,correct
967889,Unknown Player,24/25,2025,0,0.257443481854495,0,correct
799418,Unknown Player,24/25,2025,0,0.2574343614992115,0,correct
1178393,Unknown Player,24/25,2025,0,0.2573995130866939,0,correct
738477,Unknown Player,24/25,2025,0,0.25738010383974586,0,correct
1300301,Unknown Player,24/25,2025,0,0.2572828783010949,0,correct
163243,Unknown Player,24/25,2025,0,0.25727854017731694,0,correct
831992,Unknown Player,24/25,2025,0,0.257245311993668,0,correct
547534,Unknown Player,24/25,2025,0,0.25702163681819096,0,correct
883540,Unknown Player,24/25,2025,0,0.25699884850930144,0,correct
719683,Unknown Player,24/25,2025,0,0.2569800916775971,0,correct
649726,Unknown Player,24/25,2025,0,0.2569784664967478,0,correct
745960,Unknown Player,24/25,2025,0,0.2569685021042865,0,correct
571422,Unknown Player,24/25,2025,0,0.2569524547752941,0,correct
374089,Unknown Player,24/25,2025,0,0.2569080022022292,0,correct
195762,Unknown Player,24/25,2025,0,0.25679011433177884,0,correct
304042,Unknown Player,24/25,2025,0,0.256704658910645,0,correct
533321,Unknown Player,24/25,2025,0,0.25670283502069147,0,correct
597083,Unknown Player,24/25,2025,0,0.2567017893162892,0,correct
692208,Unknown Player,24/25,2025,0,0.2566754944879222,0,correct
821350,Unknown Player,24/25,2025,0,0.256669804743428,0,correct
890368,Unknown Player,24/25,2025,0,0.256565047605792,0,correct
1042499,Unknown Player,24/25,2025,0,0.2563492986038752,0,correct
143045,Unknown Player,24/25,2025,0,0.2563439328475421,0,correct
858324,Unknown Player,24/25,2025,0,0.25632439204357943,0,correct
370704,Unknown Player,24/25,2025,0,0.2562204256348652,0,correct
200167,Unknown Player,24/25,2025,0,0.2561649897386605,0,correct
841107,Unknown Player,24/25,2025,0,0.2561383009216862,0,correct
197981,Unknown Player,24/25,2025,0,0.25600528492465524,0,correct
103890,Unknown Player,24/25,2025,0,0.2559697189265959,0,correct
709215,Unknown Player,24/25,2025,0,0.2559172900048118,0,correct
314773,Unknown Player,24/25,2025,0,0.25591555639951935,0,correct
56223,Unknown Player,24/25,2025,0,0.25587936240224696,0,correct
939344,Unknown Player,24/25,2025,0,0.25584841211508486,0,correct
1202991,Unknown Player,24/25,2025,0,0.25581810558437806,0,correct
610889,Unknown Player,24/25,2025,0,0.2558074166667694,0,correct
131101,Unknown Player,24/25,2025,0,0.25576189498980684,0,correct
379711,Unknown Player,24/25,2025,0,0.2556599606750698,0,correct
404268,Unknown Player,24/25,2025,0,0.25565695580312536,0,correct
923121,Unknown Player,24/25,2025,0,0.25561260964178156,0,correct
559335,Unknown Player,24/25,2025,0,0.25559924431954906,0,correct
392444,Unknown Player,24/25,2025,0,0.25554415142849574,0,correct
1064471,Unknown Player,24/25,2025,0,0.25549763519165164,0,correct
343153,Unknown Player,24/25,2025,0,0.2554655616824461,0,correct
91241,Unknown Player,24/25,2025,0,0.2554276619106172,0,correct
719987,Unknown Player,24/25,2025,0,0.255404044592162,0,correct
271281,Unknown Player,24/25,2025,0,0.2553700583122559,0,correct
692463,Unknown Player,24/25,2025,0,0.25537002041315704,0,correct
797734,Unknown Player,24/25,2025,0,0.25528291174584544,0,correct
601405,Unknown Player,24/25,2025,0,0.2552668466030508,0,correct
832992,Unknown Player,24/25,2025,0,0.2552032596331499,0,correct
1003088,Unknown Player,24/25,2025,0,0.25516586908869887,0,correct
1326685,Unknown Player,24/25,2025,0,0.2551422491763986,0,correct
598098,Unknown Player,24/25,2025,0,0.25512469085661693,0,correct
718177,Unknown Player,24/25,2025,0,0.2550810203867201,0,correct
60551,Unknown Player,24/25,2025,0,0.2550792215348791,0,correct
1068102,Unknown Player,24/25,2025,0,0.2549998593959844,0,correct
895335,Unknown Player,24/25,2025,0,0.254874683547089,0,correct
217357,Unknown Player,24/25,2025,0,0.25486894961821205,0,correct
293194,Unknown Player,24/25,2025,0,0.25486509054607426,0,correct
1004327,Unknown Player,24/25,2025,0,0.25486233002486497,0,correct
623036,Unknown Player,24/25,2025,0,0.25483914974333594,0,correct
1176866,Unknown Player,24/25,2025,0,0.2548036023670662,0,correct
730406,Unknown Player,24/25,2025,0,0.25469125373279544,0,correct
860694,Unknown Player,24/25,2025,0,0.2546874279405398,0,correct
1055221,Unknown Player,24/25,2025,0,0.2546278507824326,0,correct
84766,Unknown Player,24/25,2025,0,0.2544969167273041,0,correct
818880,Unknown Player,24/25,2025,0,0.25441940436856164,0,correct
457675,Unknown Player,24/25,2025,0,0.25441913597227767,0,correct
676266,Unknown Player,24/25,2025,0,0.2544172703017248,0,correct
542336,Unknown Player,24/25,2025,0,0.2542574567070622,0,correct
167904,Unknown Player,24/25,2025,0,0.2542126371735508,0,correct
912525,Unknown Player,24/25,2025,0,0.25414332892010355,0,correct
1147403,Unknown Player,24/25,2025,0,0.25411897860543753,0,correct
1202384,Unknown Player,24/25,2025,0,0.25409368120557085,0,correct
1130743,Unknown Player,24/25,2025,0,0.2540872993102858,0,correct
107444,Unknown Player,24/25,2025,0,0.25406465962092833,0,correct
321071,Unknown Player,24/25,2025,0,0.2540581334230219,0,correct
333923,Unknown Player,24/25,2025,0,0.2540536847507965,0,correct
819369,Unknown Player,24/25,2025,0,0.25399240245485927,0,correct
679050,Unknown Player,24/25,2025,0,0.25394111572950545,0,correct
1176433,Unknown Player,24/25,2025,0,0.2539388938471751,0,correct
438682,Unknown Player,24/25,2025,0,0.2539063388036284,0,correct
163264,Unknown Player,24/25,2025,0,0.25381538802981773,0,correct
197751,Unknown Player,24/25,2025,0,0.25375078769542075,0,correct
1087052,Unknown Player,24/25,2025,0,0.2537122041133029,0,correct
176412,Unknown Player,24/25,2025,0,0.2536922069576268,0,correct
550492,Unknown Player,24/25,2025,0,0.2536838086763688,0,correct
165007,Unknown Player,24/25,2025,0,0.2536264843736459,0,correct
1084065,Unknown Player,24/25,2025,0,0.2535342045522686,0,correct
418218,Unknown Player,24/25,2025,0,0.2535336930629954,0,correct
941155,Unknown Player,24/25,2025,0,0.25353086667311237,0,correct
384789,Unknown Player,24/25,2025,0,0.25346846704833803,0,correct
727081,Unknown Player,24/25,2025,0,0.253444410101295,0,correct
1064391,Unknown Player,24/25,2025,0,0.2533773891582131,0,correct
818422,Unknown Player,24/25,2025,0,0.25330156915396024,0,correct
926530,Unknown Player,24/25,2025,0,0.2532829656854006,0,correct
508780,Unknown Player,24/25,2025,0,0.25320745966823605,0,correct
698536,Unknown Player,24/25,2025,0,0.25309655840903794,0,correct
355444,Unknown Player,24/25,2025,0,0.25308935065157184,0,correct
672836,Unknown Player,24/25,2025,0,0.2530193777405265,0,correct
981399,Unknown Player,24/25,2025,0,0.2530147461976812,0,correct
335740,Unknown Player,24/25,2025,0,0.2529819273972288,0,correct
593357,Unknown Player,24/25,2025,0,0.2529789815135713,0,correct
505548,Unknown Player,24/25,2025,0,0.252940587801317,0,correct
314297,Unknown Player,24/25,2025,0,0.2528346269651248,0,correct
348768,Unknown Player,24/25,2025,0,0.2528319394724748,0,correct
940220,Unknown Player,24/25,2025,0,0.2528148260293762,0,correct
967813,Unknown Player,24/25,2025,0,0.25280462006381904,0,correct
1105529,Unknown Player,24/25,2025,0,0.2528022169092412,0,correct
632904,Unknown Player,24/25,2025,0,0.25279289569609303,0,correct
635904,Unknown Player,24/25,2025,0,0.252756422163654,0,correct
138295,Unknown Player,24/25,2025,0,0.25275152042301907,0,correct
839807,Unknown Player,24/25,2025,0,0.2526619133660698,0,correct
652698,Unknown Player,24/25,2025,0,0.25259448844894083,0,correct
912468,Unknown Player,24/25,2025,0,0.2525748196007532,0,correct
520947,Unknown Player,24/25,2025,0,0.2525738762701595,0,correct
1027253,Unknown Player,24/25,2025,0,0.2525708986800121,0,correct
623040,Unknown Player,24/25,2025,0,0.2525423829655042,0,correct
353479,Unknown Player,24/25,2025,0,0.2524765152159183,0,correct
253341,Unknown Player,24/25,2025,0,0.25240800982805256,0,correct
567102,Unknown Player,24/25,2025,0,0.25239463554529384,0,correct
110822,Unknown Player,24/25,2025,0,0.2523910834243323,0,correct
1187470,Unknown Player,24/25,2025,0,0.25236759144805193,0,correct
79510,Unknown Player,24/25,2025,0,0.2523518218823175,0,correct
224044,Unknown Player,24/25,2025,0,0.25232243653209224,0,correct
823762,Unknown Player,24/25,2025,0,0.2522729134037697,0,correct
487346,Unknown Player,24/25,2025,0,0.2522602781656168,0,correct
895591,Unknown Player,24/25,2025,0,0.2522187116065812,0,correct
738492,Unknown Player,24/25,2025,0,0.25215437808110525,0,correct
303766,Unknown Player,24/25,2025,0,0.2521388717244522,0,correct
213975,Unknown Player,24/25,2025,0,0.25210110505617805,0,correct
1205311,Unknown Player,24/25,2025,0,0.25206719577818676,0,correct
515112,Unknown Player,24/25,2025,1,0.2520355917417143,0,false_negative
1291073,Unknown Player,24/25,2025,0,0.2519647349532042,0,correct
163053,Unknown Player,24/25,2025,0,0.2519378178515153,0,correct
1047101,Unknown Player,24/25,2025,0,0.2519073889216062,0,correct
11111,Unknown Player,24/25,2025,0,0.2518173307877386,0,correct
558269,Unknown Player,24/25,2025,0,0.2517979015509264,0,correct
599675,Unknown Player,24/25,2025,0,0.25179119790899435,0,correct
568148,Unknown Player,24/25,2025,0,0.25176803816807414,0,correct
471692,Unknown Player,24/25,2025,0,0.25173700600261983,0,correct
889540,Unknown Player,24/25,2025,0,0.25170481066233574,0,correct
795437,Unknown Player,24/25,2025,0,0.25166910008634585,0,correct
945709,Unknown Player,24/25,2025,0,0.25163851827032657,0,correct
972367,Unknown Player,24/25,2025,0,0.25162408244116014,0,correct
676411,Unknown Player,24/25,2025,0,0.25159735775431474,0,correct
259464,Unknown Player,24/25,2025,0,0.251566059254179,0,correct
1175284,Unknown Player,24/25,2025,0,0.2515497867264906,0,correct
461937,Unknown Player,24/25,2025,0,0.251335642105326,0,correct
928051,Unknown Player,24/25,2025,0,0.25129376020106725,0,correct
285322,Unknown Player,24/25,2025,0,0.25123347309126537,0,correct
528892,Unknown Player,24/25,2025,0,0.25119536633594935,0,correct
924790,Unknown Player,24/25,2025,0,0.251144720459399,0,correct
808428,Unknown Player,24/25,2025,0,0.2511171031846347,0,correct
534082,Unknown Player,24/25,2025,0,0.251084754741412,0,correct
589911,Unknown Player,24/25,2025,0,0.2510612392811103,0,correct
1233680,Unknown Player,24/25,2025,0,0.25102191725817247,0,correct
148372,Unknown Player,24/25,2025,0,0.25096848365872426,0,correct
358874,Unknown Player,24/25,2025,0,0.25092229758995643,0,correct
284306,Unknown Player,24/25,2025,0,0.2508411981257412,0,correct
1040077,Unknown Player,24/25,2025,0,0.2506397336127959,0,correct
416699,Unknown Player,24/25,2025,0,0.25059408659505134,0,correct
943893,Unknown Player,24/25,2025,0,0.2505534310270095,0,correct
568157,Unknown Player,24/25,2025,0,0.2505335960915577,0,correct
796307,Unknown Player,24/25,2025,0,0.2505172691899632,0,correct
821522,Unknown Player,24/25,2025,0,0.25049795467171604,0,correct
240252,Unknown Player,24/25,2025,0,0.25048321033263515,0,correct
199767,Unknown Player,24/25,2025,0,0.25046257980738035,0,correct
208077,Unknown Player,24/25,2025,0,0.25041413300126864,0,correct
503684,Unknown Player,24/25,2025,0,0.2504010257018621,0,correct
928032,Unknown Player,24/25,2025,0,0.2502818826923034,0,correct
1020544,Unknown Player,24/25,2025,0,0.25023584095507573,0,correct
1084447,Unknown Player,24/25,2025,0,0.25022708938662597,0,correct
279144,Unknown Player,24/25,2025,0,0.25021321573804817,0,correct
287752,Unknown Player,24/25,2025,0,0.2501435280832628,0,correct
718547,Unknown Player,24/25,2025,0,0.2500499303437927,0,correct
1225835,Unknown Player,24/25,2025,0,0.2499708052945582,0,correct
963786,Unknown Player,24/25,2025,0,0.2499370777906969,0,correct
547248,Unknown Player,24/25,2025,0,0.24993585810665964,0,correct
646672,Unknown Player,24/25,2025,0,0.2499059521387757,0,correct
389804,Unknown Player,24/25,2025,0,0.24987914822880367,0,correct
818546,Unknown Player,24/25,2025,0,0.24985352780996134,0,correct
1060893,Unknown Player,24/25,2025,0,0.2498422140624263,0,correct
1369810,Unknown Player,24/25,2025,0,0.24961948425133154,0,correct
815529,Unknown Player,24/25,2025,0,0.2494514027580161,0,correct
629005,Unknown Player,24/25,2025,0,0.249450990920129,0,correct
1048199,Unknown Player,24/25,2025,0,0.24944584824207613,0,correct
287651,Unknown Player,24/25,2025,0,0.24941803042838004,0,correct
343599,Unknown Player,24/25,2025,0,0.2494158048321095,0,correct
536506,Unknown Player,24/25,2025,0,0.24940111075953672,0,correct
113130,Unknown Player,24/25,2025,0,0.24939488679505445,0,correct
613533,Unknown Player,24/25,2025,0,0.2493482121128432,0,correct
277972,Unknown Player,24/25,2025,0,0.24932742290879054,0,correct
443778,Unknown Player,24/25,2025,0,0.24927306267152213,0,correct
22686,Unknown Player,24/25,2025,0,0.24919806379201376,0,correct
217576,Unknown Player,24/25,2025,0,0.2491915190573637,0,correct
643707,Unknown Player,24/25,2025,0,0.24915249691233882,0,correct
594227,Unknown Player,24/25,2025,0,0.2491106555883367,0,correct
369267,Unknown Player,24/25,2025,0,0.24909058097772496,0,correct
638666,Unknown Player,24/25,2025,0,0.24905671481647806,0,correct
102427,Unknown Player,24/25,2025,0,0.2489975812083306,0,correct
433358,Unknown Player,24/25,2025,0,0.24896318409338775,0,correct
613449,Unknown Player,24/25,2025,0,0.24893930036518924,0,correct
324806,Unknown Player,24/25,2025,0,0.24887666548069384,0,correct
811779,Unknown Player,24/25,2025,0,0.24885057592036322,0,correct
534166,Unknown Player,24/25,2025,0,0.2488093747996131,0,correct
199896,Unknown Player,24/25,2025,0,0.2487598708434608,0,correct
183383,Unknown Player,24/25,2025,0,0.24868047771852267,0,correct
175445,Unknown Player,24/25,2025,0,0.24865950909915188,0,correct
1040079,Unknown Player,24/25,2025,0,0.24865901950196143,0,correct
230826,Unknown Player,24/25,2025,0,0.24865410704554786,0,correct
959241,Unknown Player,24/25,2025,0,0.24852490369083327,0,correct
1127243,Unknown Player,24/25,2025,0,0.24852096063231705,0,correct
628308,Unknown Player,24/25,2025,0,0.2484618181995396,0,correct
457448,Unknown Player,24/25,2025,0,0.24845402820976706,0,correct
986733,Unknown Player,24/25,2025,0,0.2483846830882906,0,correct
46552,Unknown Player,24/25,2025,0,0.24836941612398117,0,correct
1038851,Unknown Player,24/25,2025,0,0.2483172688850901,0,correct
892932,Unknown Player,24/25,2025,0,0.24827831520402158,0,correct
299189,Unknown Player,24/25,2025,0,0.2482541497703456,0,correct
604616,Unknown Player,24/25,2025,0,0.2482524768641522,0,correct
706332,Unknown Player,24/25,2025,0,0.24824266152242613,0,correct
878102,Unknown Player,24/25,2025,0,0.24816508465281062,0,correct
113797,Unknown Player,24/25,2025,0,0.24811989944496682,0,correct
599593,Unknown Player,24/25,2025,0,0.2480565996010065,0,correct
363466,Unknown Player,24/25,2025,0,0.2480369298857185,0,correct
544148,Unknown Player,24/25,2025,0,0.2480183453010165,0,correct
396106,Unknown Player,24/25,2025,0,0.24800782109987068,0,correct
525576,Unknown Player,24/25,2025,0,0.24797393729632144,0,correct
677382,Unknown Player,24/25,2025,0,0.24795376902014132,0,correct
345083,Unknown Player,24/25,2025,0,0.24794999628083492,0,correct
991458,Unknown Player,24/25,2025,0,0.24794272483001364,0,correct
263856,Unknown Player,24/25,2025,0,0.2478710167222492,0,correct
205503,Unknown Player,24/25,2025,0,0.2477398247259181,0,correct
508941,Unknown Player,24/25,2025,0,0.24773464455726285,0,correct
1060962,Unknown Player,24/25,2025,0,0.24773428315425827,0,correct
405682,Unknown Player,24/25,2025,0,0.24769368328495048,0,correct
168959,Unknown Player,24/25,2025,0,0.2476647865408648,0,correct
1047098,Unknown Player,24/25,2025,0,0.24762002639582234,0,correct
277381,Unknown Player,24/25,2025,0,0.2475862863140885,0,correct
860078,Unknown Player,24/25,2025,0,0.24758396110363137,0,correct
990202,Unknown Player,24/25,2025,0,0.247552544436487,0,correct
930756,Unknown Player,24/25,2025,0,0.24754735235206307,0,correct
1087262,Unknown Player,24/25,2025,0,0.24754453658287323,0,correct
167874,Unknown Player,24/25,2025,0,0.24745465854459212,0,correct
126161,Unknown Player,24/25,2025,1,0.24742168587064176,0,false_negative
221624,Unknown Player,24/25,2025,0,0.24741602725147488,0,correct
700078,Unknown Player,24/25,2025,0,0.24738525690373886,0,correct
325896,Unknown Player,24/25,2025,0,0.24736401511872974,0,correct
678371,Unknown Player,24/25,2025,0,0.24732780662850493,0,correct
470607,Unknown Player,24/25,2025,0,0.24724245688477864,0,correct
539631,Unknown Player,24/25,2025,0,0.24723513877180972,0,correct
536081,Unknown Player,24/25,2025,0,0.24722017796177512,0,correct
302371,Unknown Player,24/25,2025,0,0.2472034577428445,0,correct
358738,Unknown Player,24/25,2025,0,0.24719860230296,0,correct
422052,Unknown Player,24/25,2025,0,0.24715277283981768,0,correct
720532,Unknown Player,24/25,2025,0,0.2471467624537493,0,correct
349715,Unknown Player,24/25,2025,0,0.24713433448568936,0,correct
402580,Unknown Player,24/25,2025,0,0.24712769706261276,0,correct
393487,Unknown Player,24/25,2025,0,0.24710322328409673,0,correct
212391,Unknown Player,24/25,2025,0,0.2470833646143003,0,correct
346562,Unknown Player,24/25,2025,0,0.24696320026737714,0,correct
146618,Unknown Player,24/25,2025,0,0.2469291505043915,0,correct
431190,Unknown Player,24/25,2025,0,0.2469070952106482,0,correct
581326,Unknown Player,24/25,2025,0,0.24689266639388321,0,correct
535469,Unknown Player,24/25,2025,0,0.24688746902961412,0,correct
426084,Unknown Player,24/25,2025,0,0.24688572765299027,0,correct
391237,Unknown Player,24/25,2025,0,0.24688480666757548,0,correct
1299566,Unknown Player,24/25,2025,0,0.24684746390353127,0,correct
939374,Unknown Player,24/25,2025,0,0.2468199763795126,0,correct
579089,Unknown Player,24/25,2025,0,0.24680513443020113,0,correct
195456,Unknown Player,24/25,2025,0,0.2467371637984697,0,correct
741267,Unknown Player,24/25,2025,0,0.24670796219191274,0,correct
670717,Unknown Player,24/25,2025,0,0.24669007402983004,0,correct
708099,Unknown Player,24/25,2025,0,0.24668034089341806,0,correct
160560,Unknown Player,24/25,2025,0,0.2466795437915665,0,correct
187673,Unknown Player,24/25,2025,0,0.24660314825119542,0,correct
659331,Unknown Player,24/25,2025,0,0.24659329132001748,0,correct
581701,Unknown Player,24/25,2025,0,0.24657941214806148,0,correct
677958,Unknown Player,24/25,2025,0,0.2465295914860908,0,correct
899819,Unknown Player,24/25,2025,0,0.24646519485166873,0,correct
169368,Unknown Player,24/25,2025,0,0.24632705845003253,0,correct
897651,Unknown Player,24/25,2025,0,0.24632689316982068,0,correct
1079183,Unknown Player,24/25,2025,0,0.2463111170328746,0,correct
463790,Unknown Player,24/25,2025,0,0.246195784258189,0,correct
465606,Unknown Player,24/25,2025,0,0.24613872511031692,0,correct
890232,Unknown Player,24/25,2025,0,0.2461341489833641,0,correct
282724,Unknown Player,24/25,2025,0,0.2460104610713729,0,correct
724881,Unknown Player,24/25,2025,0,0.2459962638561412,0,correct
175828,Unknown Player,24/25,2025,0,0.24595707872059516,0,correct
185401,Unknown Player,24/25,2025,0,0.24594235576136778,0,correct
824052,Unknown Player,24/25,2025,0,0.245941492392533,0,correct
650224,Unknown Player,24/25,2025,0,0.2457950378725215,0,correct
886909,Unknown Player,24/25,2025,0,0.24578009967930764,0,correct
379743,Unknown Player,24/25,2025,0,0.2457107017045206,0,correct
823992,Unknown Player,24/25,2025,0,0.2456777045548758,0,correct
818237,Unknown Player,24/25,2025,0,0.24566531403385938,0,correct
595273,Unknown Player,24/25,2025,0,0.2455922701598853,0,correct
866241,Unknown Player,24/25,2025,0,0.24555121036274105,0,correct
499604,Unknown Player,24/25,2025,0,0.24549412631748338,0,correct
628451,Unknown Player,24/25,2025,0,0.2454599787807833,0,correct
266795,Unknown Player,24/25,2025,0,0.24538183042493927,0,correct
854537,Unknown Player,24/25,2025,0,0.24530047920747752,0,correct
559172,Unknown Player,24/25,2025,0,0.24510276267921086,0,correct
237204,Unknown Player,24/25,2025,0,0.24510164035048496,0,correct
937543,Unknown Player,24/25,2025,0,0.24503763681160512,0,correct
125561,Unknown Player,24/25,2025,0,0.24502821684618004,0,correct
343213,Unknown Player,24/25,2025,0,0.24498416168877904,0,correct
145553,Unknown Player,24/25,2025,0,0.24498348885892285,0,correct
533354,Unknown Player,24/25,2025,0,0.24493285880637486,0,correct
229817,Unknown Player,24/25,2025,0,0.24491825385241323,0,correct
1013853,Unknown Player,24/25,2025,0,0.24486794542347023,0,correct
222977,Unknown Player,24/25,2025,0,0.24484144729131002,0,correct
1147623,Unknown Player,24/25,2025,0,0.24479629111625775,0,correct
837269,Unknown Player,24/25,2025,0,0.244793305216558,0,correct
443542,Unknown Player,24/25,2025,0,0.2446366892680634,0,correct
439341,Unknown Player,24/25,2025,0,0.24460891383244052,0,correct
378482,Unknown Player,24/25,2025,0,0.24460834725085448,0,correct
496996,Unknown Player,24/25,2025,0,0.244580852663397,0,correct
743600,Unknown Player,24/25,2025,0,0.24457496032885578,0,correct
87854,Unknown Player,24/25,2025,0,0.24455980799244018,0,correct
1061035,Unknown Player,24/25,2025,0,0.24454680364031564,0,correct
838771,Unknown Player,24/25,2025,0,0.2445321315717203,0,correct
923838,Unknown Player,24/25,2025,0,0.24450529962884293,0,correct
580560,Unknown Player,24/25,2025,0,0.24450516265161687,0,correct
418144,Unknown Player,24/25,2025,0,0.2444883214426561,0,correct
375044,Unknown Player,24/25,2025,0,0.2444344589033136,0,correct
746974,Unknown Player,24/25,2025,0,0.2443342451116232,0,correct
747258,Unknown Player,24/25,2025,0,0.2442998170489434,0,correct
599231,Unknown Player,24/25,2025,0,0.24423923706780054,0,correct
724068,Unknown Player,24/25,2025,0,0.24417313604627688,0,correct
548671,Unknown Player,24/25,2025,0,0.24415711890027686,0,correct
347138,Unknown Player,24/25,2025,0,0.24413971797371672,0,correct
421871,Unknown Player,24/25,2025,0,0.24413237820330486,0,correct
487465,Unknown Player,24/25,2025,0,0.24412820326257464,0,correct
669219,Unknown Player,24/25,2025,0,0.24411521958100224,0,correct
566965,Unknown Player,24/25,2025,0,0.24406004889982916,0,correct
287663,Unknown Player,24/25,2025,0,0.24400155067076976,0,correct
817330,Unknown Player,24/25,2025,0,0.24390454991186913,0,correct
587606,Unknown Player,24/25,2025,0,0.243896196094557,0,correct
912443,Unknown Player,24/25,2025,0,0.24387641181221875,0,correct
657479,Unknown Player,24/25,2025,0,0.24384917797233552,0,correct
183198,Unknown Player,24/25,2025,0,0.24383092553922173,0,correct
1120173,Unknown Player,24/25,2025,0,0.2437739503713963,0,correct
1054931,Unknown Player,24/25,2025,0,0.2437202056829822,0,correct
195628,Unknown Player,24/25,2025,0,0.24371846968844552,0,correct
94037,Unknown Player,24/25,2025,0,0.24360850946596177,0,correct
134883,Unknown Player,24/25,2025,0,0.24358391096426962,0,correct
175323,Unknown Player,24/25,2025,0,0.24354614385468323,0,correct
1048452,Unknown Player,24/25,2025,0,0.24350655454546474,0,correct
293002,Unknown Player,24/25,2025,0,0.24350500543892395,0,correct
565911,Unknown Player,24/25,2025,0,0.24342751235475638,0,correct
374418,Unknown Player,24/25,2025,0,0.24342232417427084,0,correct
620696,Unknown Player,24/25,2025,0,0.24338477468916234,0,correct
723010,Unknown Player,24/25,2025,0,0.2432732235479703,0,correct
30677,Unknown Player,24/25,2025,0,0.24319169779792754,0,correct
191745,Unknown Player,24/25,2025,0,0.24313698395437408,0,correct
717329,Unknown Player,24/25,2025,0,0.24313447343097414,0,correct
335765,Unknown Player,24/25,2025,0,0.24308121212908265,0,correct
612093,Unknown Player,24/25,2025,0,0.24305665907295199,0,correct
633492,Unknown Player,24/25,2025,0,0.24301886748877682,0,correct
175446,Unknown Player,24/25,2025,0,0.2430077316144084,0,correct
300536,Unknown Player,24/25,2025,0,0.24294650725454536,0,correct
180215,Unknown Player,24/25,2025,0,0.2429374946251233,0,correct
809986,Unknown Player,24/25,2025,0,0.2429176249652022,0,correct
568177,Unknown Player,24/25,2025,0,0.24290122001593256,0,correct
277635,Unknown Player,24/25,2025,0,0.2428932747672705,0,correct
550446,Unknown Player,24/25,2025,0,0.24289242511682535,0,correct
1078795,Unknown Player,24/25,2025,0,0.24287514844585706,0,correct
1231993,Unknown Player,24/25,2025,0,0.24271831693664164,0,correct
459102,Unknown Player,24/25,2025,0,0.24270799807769042,0,correct
500689,Unknown Player,24/25,2025,0,0.24255530748829504,0,correct
816006,Unknown Player,24/25,2025,0,0.24253500767866654,0,correct
423614,Unknown Player,24/25,2025,0,0.24250486335679564,0,correct
400104,Unknown Player,24/25,2025,0,0.2424933955571352,0,correct
303116,Unknown Player,24/25,2025,0,0.24241817126146561,0,correct
1073654,Unknown Player,24/25,2025,0,0.24236224101701623,0,correct
583920,Unknown Player,24/25,2025,0,0.24234598390730994,0,correct
140559,Unknown Player,24/25,2025,0,0.24234082516315988,0,correct
453704,Unknown Player,24/25,2025,0,0.24231683007656676,0,correct
648195,Unknown Player,24/25,2025,0,0.24229915120979495,0,correct
207561,Unknown Player,24/25,2025,0,0.24228604337296059,0,correct
287230,Unknown Player,24/25,2025,0,0.24226094896725078,0,correct
615917,Unknown Player,24/25,2025,0,0.24217220309987694,0,correct
911923,Unknown Player,24/25,2025,0,0.2421142686153358,0,correct
847279,Unknown Player,24/25,2025,0,0.2420923260288939,0,correct
364711,Unknown Player,24/25,2025,0,0.24201924065175354,0,correct
975729,Unknown Player,24/25,2025,0,0.24193752257126203,0,correct
1197868,Unknown Player,24/25,2025,0,0.2418743546164898,0,correct
521956,Unknown Player,24/25,2025,0,0.24187155079851147,0,correct
626888,Unknown Player,24/25,2025,0,0.24184241287778216,0,correct
429983,Unknown Player,24/25,2025,0,0.2418216790302694,0,correct
1113634,Unknown Player,24/25,2025,0,0.24174872186751847,0,correct
220496,Unknown Player,24/25,2025,0,0.2417485893720102,0,correct
925105,Unknown Player,24/25,2025,0,0.2415667510463092,0,correct
435778,Unknown Player,24/25,2025,0,0.24150017624470888,0,correct
335591,Unknown Player,24/25,2025,0,0.24146657698455187,0,correct
333370,Unknown Player,24/25,2025,0,0.24146065769140274,0,correct
458777,Unknown Player,24/25,2025,0,0.24144625752054732,0,correct
183166,Unknown Player,24/25,2025,0,0.241403617822857,0,correct
340691,Unknown Player,24/25,2025,0,0.24138999936126163,0,correct
199070,Unknown Player,24/25,2025,0,0.2413888575417079,0,correct
993645,Unknown Player,24/25,2025,0,0.2413877068492215,0,correct
1285176,Unknown Player,24/25,2025,0,0.24136984933812575,0,correct
1296419,Unknown Player,24/25,2025,0,0.24136300130192226,0,correct
1159786,Unknown Player,24/25,2025,0,0.24129811224230935,0,correct
289433,Unknown Player,24/25,2025,0,0.24128432825467944,0,correct
559320,Unknown Player,24/25,2025,0,0.24115254306216044,0,correct
981713,Unknown Player,24/25,2025,0,0.24114991989160794,0,correct
226964,Unknown Player,24/25,2025,0,0.24106220467129702,0,correct
70627,Unknown Player,24/25,2025,0,0.2410599173717405,0,correct
713479,Unknown Player,24/25,2025,0,0.24101422166381706,0,correct
89733,Unknown Player,24/25,2025,0,0.24099174675748125,0,correct
812996,Unknown Player,24/25,2025,0,0.2409713064270559,0,correct
511545,Unknown Player,24/25,2025,0,0.24094974841132763,0,correct
496644,Unknown Player,24/25,2025,0,0.24089509062314282,0,correct
85383,Unknown Player,24/25,2025,0,0.24082162910795413,0,correct
458187,Unknown Player,24/25,2025,0,0.24072913219561415,0,correct
537232,Unknown Player,24/25,2025,0,0.24071164468837455,0,correct
988979,Unknown Player,24/25,2025,0,0.24064647082024057,0,correct
168088,Unknown Player,24/25,2025,0,0.2405375028114084,0,correct
910905,Unknown Player,24/25,2025,0,0.2405031281943613,0,correct
1077728,Unknown Player,24/25,2025,0,0.2403965111875307,0,correct
728861,Unknown Player,24/25,2025,0,0.24034504629942086,0,correct
547041,Unknown Player,24/25,2025,0,0.24032278392168044,0,correct
1058396,Unknown Player,24/25,2025,0,0.24029470069710948,0,correct
463603,Unknown Player,24/25,2025,0,0.2402794291799375,0,correct
166315,Unknown Player,24/25,2025,0,0.2402584944937465,0,correct
285913,Unknown Player,24/25,2025,0,0.24020290139785958,0,correct
911810,Unknown Player,24/25,2025,0,0.24016450952668256,0,correct
98512,Unknown Player,24/25,2025,0,0.24007342068862073,0,correct
499758,Unknown Player,24/25,2025,0,0.240043483213651,0,correct
998205,Unknown Player,24/25,2025,0,0.24003100021334436,0,correct
104564,Unknown Player,24/25,2025,0,0.2399570252822709,0,correct
475949,Unknown Player,24/25,2025,0,0.23994717919567962,0,correct
663939,Unknown Player,24/25,2025,0,0.23989203887161967,0,correct
197791,Unknown Player,24/25,2025,0,0.23981111203864558,0,correct
389841,Unknown Player,24/25,2025,0,0.23974475570513382,0,correct
778540,Unknown Player,24/25,2025,0,0.23972476177281654,0,correct
403151,Unknown Player,24/25,2025,0,0.239539490789534,0,correct
107612,Unknown Player,24/25,2025,0,0.2394640646809872,0,correct
451677,Unknown Player,24/25,2025,0,0.2394370967627627,0,correct
617632,Unknown Player,24/25,2025,0,0.23943035083936565,0,correct
205436,Unknown Player,24/25,2025,0,0.23941185404258974,0,correct
156566,Unknown Player,24/25,2025,0,0.23938584514328803,0,correct
524008,Unknown Player,24/25,2025,0,0.2393435322701231,0,correct
862989,Unknown Player,24/25,2025,0,0.23931272998273642,0,correct
297370,Unknown Player,24/25,2025,0,0.23904025818039168,0,correct
579280,Unknown Player,24/25,2025,0,0.23904025818039168,0,correct
908229,Unknown Player,24/25,2025,0,0.23903249181904074,0,correct
785353,Unknown Player,24/25,2025,0,0.23879967006868186,0,correct
717957,Unknown Player,24/25,2025,0,0.2387723315505994,0,correct
386574,Unknown Player,24/25,2025,0,0.23857867835881993,0,correct
104688,Unknown Player,24/25,2025,0,0.23857753503788057,0,correct
340870,Unknown Player,24/25,2025,0,0.23856326021607022,0,correct
567465,Unknown Player,24/25,2025,0,0.23849763610453337,0,correct
1055346,Unknown Player,24/25,2025,0,0.23845995034319808,0,correct
422929,Unknown Player,24/25,2025,0,0.2383826729445709,0,correct
265471,Unknown Player,24/25,2025,0,0.23830609401912853,0,correct
106676,Unknown Player,24/25,2025,0,0.2382866418257925,0,correct
820999,Unknown Player,24/25,2025,0,0.23828656508534607,0,correct
63596,Unknown Player,24/25,2025,0,0.2382815606911718,0,correct
249102,Unknown Player,24/25,2025,0,0.23826183865715814,0,correct
58088,Unknown Player,24/25,2025,0,0.23822438692624606,0,correct
745728,Unknown Player,24/25,2025,0,0.23817627523900356,0,correct
443989,Unknown Player,24/25,2025,0,0.23812253416969184,0,correct
1208182,Unknown Player,24/25,2025,0,0.23808651647836265,0,correct
399990,Unknown Player,24/25,2025,0,0.23803001383612984,0,correct
539677,Unknown Player,24/25,2025,0,0.237881538742877,0,correct
747267,Unknown Player,24/25,2025,0,0.2378583226978804,0,correct
289117,Unknown Player,24/25,2025,0,0.23784893106973357,0,correct
646353,Unknown Player,24/25,2025,0,0.23783133946825893,0,correct
349712,Unknown Player,24/25,2025,0,0.23778254622281508,0,correct
1004708,Unknown Player,24/25,2025,0,0.23776813855286144,0,correct
237125,Unknown Player,24/25,2025,0,0.23768234136940658,0,correct
560725,Unknown Player,24/25,2025,0,0.2376001837628411,0,correct
988977,Unknown Player,24/25,2025,0,0.2375833007282275,0,correct
104555,Unknown Player,24/25,2025,0,0.23757854031732867,0,correct
745178,Unknown Player,24/25,2025,0,0.23755372420764795,0,correct
85370,Unknown Player,24/25,2025,0,0.23748919419889447,0,correct
215902,Unknown Player,24/25,2025,0,0.23736187680228718,0,correct
334705,Unknown Player,24/25,2025,0,0.2372789160380323,0,correct
542456,Unknown Player,24/25,2025,0,0.23720582029827664,0,correct
236168,Unknown Player,24/25,2025,0,0.23708805124899232,0,correct
1185046,Unknown Player,24/25,2025,0,0.23707058899411038,0,correct
967319,Unknown Player,24/25,2025,0,0.2370363235289601,0,correct
137576,Unknown Player,24/25,2025,0,0.23695968018123603,0,correct
199583,Unknown Player,24/25,2025,0,0.23693003836545623,0,correct
258878,Unknown Player,24/25,2025,0,0.23692579748664125,0,correct
395805,Unknown Player,24/25,2025,0,0.2368514103868283,0,correct
845563,Unknown Player,24/25,2025,0,0.2368231063660939,0,correct
646699,Unknown Player,24/25,2025,0,0.23682266531943408,0,correct
385084,Unknown Player,24/25,2025,0,0.23678817419537423,0,correct
527211,Unknown Player,24/25,2025,0,0.23675505284060416,0,correct
457528,Unknown Player,24/25,2025,0,0.2367408842540543,0,correct
220491,Unknown Player,24/25,2025,0,0.23668265191816298,0,correct
699783,Unknown Player,24/25,2025,0,0.23651543169702416,0,correct
125786,Unknown Player,24/25,2025,0,0.23644130363936228,0,correct
533568,Unknown Player,24/25,2025,0,0.23634164348104172,0,correct
280978,Unknown Player,24/25,2025,0,0.23627866672626616,0,correct
743381,Unknown Player,24/25,2025,0,0.23614176903406894,0,correct
543387,Unknown Player,24/25,2025,0,0.2360855221111802,0,correct
631221,Unknown Player,24/25,2025,0,0.23598582179274716,0,correct
237100,Unknown Player,24/25,2025,0,0.23595223709190558,0,correct
303477,Unknown Player,24/25,2025,0,0.2359456244780509,0,correct
278092,Unknown Player,24/25,2025,0,0.23569135209356631,0,correct
908760,Unknown Player,24/25,2025,0,0.23566835050529855,0,correct
76163,Unknown Player,24/25,2025,0,0.23566625531651833,0,correct
397115,Unknown Player,24/25,2025,0,0.2355376392700926,0,correct
403692,Unknown Player,24/25,2025,0,0.23549544362279567,0,correct
372802,Unknown Player,24/25,2025,0,0.2354159513483056,0,correct
908768,Unknown Player,24/25,2025,0,0.23540051429722172,0,correct
227618,Unknown Player,24/25,2025,0,0.23535602941440553,0,correct
250543,Unknown Player,24/25,2025,0,0.235175753772394,0,correct
664581,Unknown Player,24/25,2025,0,0.23516455753950746,0,correct
764859,Unknown Player,24/25,2025,0,0.23509044031839044,0,correct
617408,Unknown Player,24/25,2025,0,0.23503729169354676,0,correct
456111,Unknown Player,24/25,2025,0,0.23499802050740892,0,correct
72121,Unknown Player,24/25,2025,0,0.2349417448217406,0,correct
388171,Unknown Player,24/25,2025,0,0.23494139394997024,0,correct
342195,Unknown Player,24/25,2025,0,0.23488324803758318,0,correct
358250,Unknown Player,24/25,2025,0,0.23478637996849458,0,correct
279473,Unknown Player,24/25,2025,0,0.2347543946263106,0,correct
617074,Unknown Player,24/25,2025,0,0.23470946624016997,0,correct
459697,Unknown Player,24/25,2025,0,0.2346876245615717,0,correct
271455,Unknown Player,24/25,2025,0,0.2346623026788318,0,correct
571827,Unknown Player,24/25,2025,0,0.2345133202314028,0,correct
289257,Unknown Player,24/25,2025,0,0.23443010791638155,0,correct
447216,Unknown Player,24/25,2025,0,0.23429036482628873,0,correct
167900,Unknown Player,24/25,2025,0,0.23424966176011167,0,correct
329145,Unknown Player,24/25,2025,0,0.23419220447927136,0,correct
160938,Unknown Player,24/25,2025,0,0.23418479341587797,0,correct
420931,Unknown Player,24/25,2025,0,0.23417632651453335,0,correct
626724,Unknown Player,24/25,2025,0,0.234022676453245,0,correct
668547,Unknown Player,24/25,2025,0,0.23399774405323137,0,correct
50219,Unknown Player,24/25,2025,0,0.23391057626198475,0,correct
563754,Unknown Player,24/25,2025,0,0.23386254778871962,0,correct
689637,Unknown Player,24/25,2025,0,0.23384960669625987,0,correct
85177,Unknown Player,24/25,2025,0,0.23383625499643249,0,correct
948294,Unknown Player,24/25,2025,0,0.23378133661474715,0,correct
438927,Unknown Player,24/25,2025,0,0.2337611933895512,0,correct
267113,Unknown Player,24/25,2025,0,0.23366615340266042,0,correct
662476,Unknown Player,24/25,2025,0,0.23365026472136669,0,correct
540690,Unknown Player,24/25,2025,0,0.2336311386512025,0,correct
540378,Unknown Player,24/25,2025,0,0.23352230416320285,0,correct
207014,Unknown Player,24/25,2025,0,0.2334461525914535,0,correct
356141,Unknown Player,24/25,2025,0,0.23330796039995236,0,correct
294388,Unknown Player,24/25,2025,0,0.23329292454439832,0,correct
892221,Unknown Player,24/25,2025,0,0.23322380717397015,0,correct
1126888,Unknown Player,24/25,2025,0,0.2329772835827157,0,correct
656316,Unknown Player,24/25,2025,0,0.23294129039644682,0,correct
358664,Unknown Player,24/25,2025,0,0.2328521969800316,0,correct
342288,Unknown Player,24/25,2025,0,0.232788279451145,0,correct
618903,Unknown Player,24/25,2025,0,0.2327425553319268,0,correct
257751,Unknown Player,24/25,2025,0,0.2327326618982818,0,correct
369563,Unknown Player,24/25,2025,0,0.2327065557897075,0,correct
257727,Unknown Player,24/25,2025,0,0.23264254149767563,0,correct
419025,Unknown Player,24/25,2025,0,0.23258225164304122,0,correct
420002,Unknown Player,24/25,2025,0,0.23253404332242317,0,correct
466637,Unknown Player,24/25,2025,0,0.23249461066193394,0,correct
916497,Unknown Player,24/25,2025,0,0.23247922454163505,0,correct
286375,Unknown Player,24/25,2025,0,0.23242538537445587,0,correct
351843,Unknown Player,24/25,2025,0,0.2322083117172915,0,correct
527329,Unknown Player,24/25,2025,0,0.2320747519234496,0,correct
297194,Unknown Player,24/25,2025,0,0.23205919006343345,0,correct
512690,Unknown Player,24/25,2025,0,0.23181605107594,0,correct
468264,Unknown Player,24/25,2025,0,0.23177466194257004,0,correct
259916,Unknown Player,24/25,2025,0,0.2317226418792052,0,correct
473201,Unknown Player,24/25,2025,0,0.2312675825795679,0,correct
475149,Unknown Player,24/25,2025,0,0.2311356765027444,0,correct
43484,Unknown Player,24/25,2025,0,0.23106976805370796,0,correct
341049,Unknown Player,24/25,2025,0,0.2309840692374301,0,correct
126225,Unknown Player,24/25,2025,0,0.23089498813251771,0,correct
492955,Unknown Player,24/25,2025,0,0.23088681339995362,0,correct
636093,Unknown Player,24/25,2025,0,0.230857441883275,0,correct
493003,Unknown Player,24/25,2025,0,0.2307081783478758,0,correct
198981,Unknown Player,24/25,2025,0,0.23068794992059524,0,correct
623519,Unknown Player,24/25,2025,0,0.23062177571128686,0,correct
871339,Unknown Player,24/25,2025,0,0.23032447353923877,0,correct
246963,Unknown Player,24/25,2025,0,0.2302040551301441,0,correct
401437,Unknown Player,24/25,2025,0,0.22929052329989455,0,correct
545647,Unknown Player,24/25,2025,0,0.22916912001937953,0,correct
788283,Unknown Player,24/25,2025,0,0.2290546454303114,0,correct
434224,Unknown Player,24/25,2025,0,0.22880651629467902,0,correct
892929,Unknown Player,24/25,2025,0,0.22852224943294436,0,correct
395237,Unknown Player,24/25,2025,0,0.22845707154418193,0,correct
195335,Unknown Player,24/25,2025,0,0.228199140865644,0,correct
637446,Unknown Player,24/25,2025,0,0.22787383084378704,0,correct
120977,Unknown Player,24/25,2025,0,0.2274875929186681,0,correct
217094,Unknown Player,24/25,2025,0,0.22740523640928642,0,correct
466807,Unknown Player,24/25,2025,0,0.22680483617356595,0,correct
16911,Unknown Player,24/25,2025,0,0.22633467918881445,0,correct
77757,Unknown Player,24/25,2025,0,0.22618906155308086,0,correct
745952,Unknown Player,24/25,2025,0,0.22568430359328806,0,correct
358505,Unknown Player,24/25,2025,0,0.22479334569309448,0,correct
331505,Unknown Player,24/25,2025,0,0.2206010836270484,0,correct
